no,survei,bujur,lintang,tanggal,fase
103272,3,108.892183,-6.948961,2024-04-06,1
103276,3,109.053417,-6.9815,2024-04-06,1
103291,3,109.488056,-7.716167,2024-04-06,1
103758,3,109.488105,-7.715786,2024-04-06,1
103760,3,109.489012,-7.715789,2024-04-06,1
103761,3,109.487653,-7.715332,2024-04-06,1
103762,3,109.488107,-7.715334,2024-04-06,1
103765,3,109.487655,-7.71488,2024-04-06,1
103766,3,109.488108,-7.714882,2024-04-06,1
103872,3,109.052593,-6.982177,2024-04-06,1
103873,3,109.053045,-6.982179,2024-04-06,1
103874,3,109.052595,-6.981725,2024-04-06,1
103875,3,109.053047,-6.981727,2024-04-06,1
106468,3,109.48898,-7.716486,2024-04-06,1
106470,3,109.488243,-7.716461,2024-04-06,1
106472,3,109.487982,-7.716373,2024-04-06,1
106483,3,109.488794,-7.716119,2024-04-06,1
106493,3,109.488121,-7.715929,2024-04-06,1
106495,3,109.488644,-7.715902,2024-04-06,1
106498,3,109.488996,-7.715832,2024-04-06,1
106500,3,109.488145,-7.715814,2024-04-06,1
106501,3,109.488984,-7.715749,2024-04-06,1
106503,3,109.487682,-7.715721,2024-04-06,1
106507,3,109.487677,-7.715582,2024-04-06,1
106508,3,109.487994,-7.715562,2024-04-06,1
106510,3,109.489253,-7.715473,2024-04-06,1
106513,3,109.489245,-7.715322,2024-04-06,1
106516,3,109.488168,-7.715376,2024-04-06,1
106517,3,109.487725,-7.715351,2024-04-06,1
106521,3,109.489216,-7.715111,2024-04-06,1
106523,3,109.48878,-7.715103,2024-04-06,1
106524,3,109.48919,-7.714993,2024-04-06,1
106525,3,109.487886,-7.715006,2024-04-06,1
106526,3,109.489155,-7.714878,2024-04-06,1
106527,3,109.487612,-7.715017,2024-04-06,1
106529,3,109.487768,-7.714809,2024-04-06,1
106530,3,109.48811,-7.714876,2024-04-06,1
106531,3,109.487885,-7.714778,2024-04-06,1
106532,3,109.488043,-7.714741,2024-04-06,1
107467,3,109.053327,-6.982333,2024-04-06,1
107469,3,109.052833,-6.982201,2024-04-06,1
107470,3,109.052552,-6.982182,2024-04-06,1
107472,3,109.052943,-6.982091,2024-04-06,1
107473,3,109.052706,-6.982075,2024-04-06,1
107474,3,109.052557,-6.982064,2024-04-06,1
107477,3,109.05298,-6.981822,2024-04-06,1
107478,3,109.052577,-6.981797,2024-04-06,1
107480,3,109.052992,-6.981708,2024-04-06,1
107481,3,109.052827,-6.981759,2024-04-06,1
107482,3,109.052709,-6.981763,2024-04-06,1
107483,3,109.052603,-6.981682,2024-04-06,1
107484,3,109.053753,-6.981651,2024-04-06,1
107485,3,109.053524,-6.981637,2024-04-06,1
107486,3,109.053269,-6.981621,2024-04-06,1
107487,3,109.052995,-6.981604,2024-04-06,1
107488,3,109.052783,-6.98159,2024-04-06,1
107489,3,109.05262,-6.98158,2024-04-06,1
107490,3,109.053756,-6.98156,2024-04-06,1
107491,3,109.053529,-6.981546,2024-04-06,1
107492,3,109.053273,-6.98153,2024-04-06,1
107493,3,109.052999,-6.981511,2024-04-06,1
107494,3,109.052789,-6.981497,2024-04-06,1
107495,3,109.052623,-6.981486,2024-04-06,1
103273,3,108.891528,-6.922556,2024-04-06,2
103277,3,109.053413,-6.9813,2024-04-06,2
103281,3,109.411611,-7.426361,2024-04-06,2
103288,3,109.152944,-7.613611,2024-04-06,2
103757,3,109.487652,-7.715784,2024-04-06,2
103793,3,109.151793,-7.615013,2024-04-06,2
103796,3,109.152701,-7.614565,2024-04-06,2
103852,3,109.411658,-7.426606,2024-04-06,2
103853,3,109.412111,-7.426607,2024-04-06,2
103861,3,109.411659,-7.426154,2024-04-06,2
103862,3,109.412112,-7.426155,2024-04-06,2
103876,3,109.0535,-6.981729,2024-04-06,2
103877,3,109.052597,-6.981273,2024-04-06,2
103879,3,109.053502,-6.981277,2024-04-06,2
103880,3,109.052599,-6.980821,2024-04-06,2
103881,3,109.053051,-6.980823,2024-04-06,2
103882,3,109.053503,-6.980825,2024-04-06,2
103899,3,108.890901,-6.922722,2024-04-06,2
103900,3,108.891353,-6.922724,2024-04-06,2
103901,3,108.891806,-6.922726,2024-04-06,2
103902,3,108.890903,-6.92227,2024-04-06,2
103903,3,108.891355,-6.922272,2024-04-06,2
103904,3,108.891808,-6.922274,2024-04-06,2
106497,3,109.487735,-7.715842,2024-04-06,2
106696,3,109.151684,-7.61491,2024-04-06,2
106697,3,109.152833,-7.614844,2024-04-06,2
106700,3,109.152468,-7.614836,2024-04-06,2
106701,3,109.152587,-7.614829,2024-04-06,2
106705,3,109.152698,-7.614536,2024-04-06,2
106707,3,109.152813,-7.614543,2024-04-06,2
106708,3,109.152566,-7.614523,2024-04-06,2
106711,3,109.151644,-7.614228,2024-04-06,2
106715,3,109.152548,-7.614261,2024-04-06,2
107126,3,109.411941,-7.426895,2024-04-06,2
107132,3,109.411867,-7.426886,2024-04-06,2
107135,3,109.411796,-7.426877,2024-04-06,2
107140,3,109.411668,-7.426859,2024-04-06,2
107145,3,109.411527,-7.426841,2024-04-06,2
107147,3,109.411431,-7.42683,2024-04-06,2
107148,3,109.411378,-7.426822,2024-04-06,2
107156,3,109.412286,-7.426848,2024-04-06,2
107157,3,109.412224,-7.426842,2024-04-06,2
107161,3,109.412145,-7.42683,2024-04-06,2
107164,3,109.412067,-7.426829,2024-04-06,2
107166,3,109.412014,-7.426814,2024-04-06,2
107169,3,109.411952,-7.426805,2024-04-06,2
107175,3,109.411866,-7.426787,2024-04-06,2
107176,3,109.411772,-7.426775,2024-04-06,2
107181,3,109.411666,-7.426754,2024-04-06,2
107188,3,109.411543,-7.426735,2024-04-06,2
107190,3,109.411449,-7.426719,2024-04-06,2
107193,3,109.411391,-7.426705,2024-04-06,2
107214,3,109.412317,-7.426627,2024-04-06,2
107217,3,109.412258,-7.426623,2024-04-06,2
107221,3,109.412179,-7.426613,2024-04-06,2
107225,3,109.412102,-7.426593,2024-04-06,2
107227,3,109.412022,-7.426591,2024-04-06,2
107229,3,109.41192,-7.426562,2024-04-06,2
107231,3,109.411817,-7.426555,2024-04-06,2
107237,3,109.411701,-7.426534,2024-04-06,2
107243,3,109.411577,-7.426517,2024-04-06,2
107248,3,109.411487,-7.426503,2024-04-06,2
107252,3,109.411421,-7.426478,2024-04-06,2
107276,3,109.412335,-7.426351,2024-04-06,2
107280,3,109.411608,-7.426306,2024-04-06,2
107281,3,109.412236,-7.426337,2024-04-06,2
107282,3,109.411412,-7.42624,2024-04-06,2
107287,3,109.412156,-7.426324,2024-04-06,2
107291,3,109.412074,-7.426318,2024-04-06,2
107296,3,109.411978,-7.426302,2024-04-06,2
107304,3,109.411867,-7.426285,2024-04-06,2
107328,3,109.41163,-7.426173,2024-04-06,2
107329,3,109.412371,-7.426153,2024-04-06,2
107330,3,109.411426,-7.426133,2024-04-06,2
107333,3,109.412267,-7.426138,2024-04-06,2
107336,3,109.412182,-7.426129,2024-04-06,2
107337,3,109.412097,-7.426118,2024-04-06,2
107339,3,109.412006,-7.426108,2024-04-06,2
107343,3,109.411796,-7.426078,2024-04-06,2
107344,3,109.412391,-7.426045,2024-04-06,2
107346,3,109.412269,-7.426031,2024-04-06,2
107349,3,109.412164,-7.426021,2024-04-06,2
107350,3,109.411546,-7.426041,2024-04-06,2
107351,3,109.411441,-7.426021,2024-04-06,2
107352,3,109.412065,-7.426011,2024-04-06,2
107356,3,109.411876,-7.42599,2024-04-06,2
107360,3,109.411588,-7.425957,2024-04-06,2
107458,3,109.053645,-6.982489,2024-04-06,2
107459,3,109.053364,-6.982475,2024-04-06,2
107460,3,109.052823,-6.982463,2024-04-06,2
107461,3,109.052541,-6.982452,2024-04-06,2
107462,3,109.053173,-6.982465,2024-04-06,2
107463,3,109.053794,-6.982403,2024-04-06,2
107464,3,109.0536,-6.982391,2024-04-06,2
107465,3,109.052825,-6.982355,2024-04-06,2
107466,3,109.052545,-6.982339,2024-04-06,2
107468,3,109.053134,-6.982323,2024-04-06,2
107471,3,109.053264,-6.982135,2024-04-06,2
107479,3,109.053483,-6.981732,2024-04-06,2
107496,3,109.053791,-6.981432,2024-04-06,2
107497,3,109.053634,-6.981423,2024-04-06,2
107498,3,109.053474,-6.981412,2024-04-06,2
107499,3,109.053284,-6.981398,2024-04-06,2
107500,3,109.052946,-6.981373,2024-04-06,2
107501,3,109.052628,-6.981349,2024-04-06,2
107502,3,109.053799,-6.981265,2024-04-06,2
107503,3,109.053655,-6.981258,2024-04-06,2
107504,3,109.05348,-6.981246,2024-04-06,2
107505,3,109.053275,-6.981232,2024-04-06,2
107508,3,109.052946,-6.981087,2024-04-06,2
107509,3,109.052637,-6.981069,2024-04-06,2
107510,3,109.053792,-6.981095,2024-04-06,2
107511,3,109.053623,-6.981083,2024-04-06,2
107512,3,109.053351,-6.981065,2024-04-06,2
107513,3,109.052945,-6.980989,2024-04-06,2
107514,3,109.05264,-6.980968,2024-04-06,2
107515,3,109.053822,-6.980921,2024-04-06,2
107516,3,109.053701,-6.980913,2024-04-06,2
107517,3,109.053546,-6.980901,2024-04-06,2
107518,3,109.053379,-6.980889,2024-04-06,2
107519,3,109.053158,-6.980872,2024-04-06,2
107520,3,109.052872,-6.980852,2024-04-06,2
107521,3,109.052646,-6.980835,2024-04-06,2
107522,3,109.053782,-6.980793,2024-04-06,2
107523,3,109.053548,-6.980777,2024-04-06,2
107524,3,109.053279,-6.980757,2024-04-06,2
107525,3,109.05294,-6.980732,2024-04-06,2
107526,3,109.052651,-6.980709,2024-04-06,2
107527,3,109.053774,-6.980687,2024-04-06,2
107528,3,109.053558,-6.980677,2024-04-06,2
107529,3,109.053379,-6.980669,2024-04-06,2
107530,3,109.053137,-6.980657,2024-04-06,2
107531,3,109.052858,-6.980642,2024-04-06,2
107532,3,109.052658,-6.980632,2024-04-06,2
107650,3,108.891413,-6.923092,2024-04-06,2
107651,3,108.891187,-6.923076,2024-04-06,2
107652,3,108.891012,-6.923064,2024-04-06,2
107653,3,108.890897,-6.923056,2024-04-06,2
107654,3,108.890755,-6.923045,2024-04-06,2
107655,3,108.891802,-6.923023,2024-04-06,2
107656,3,108.891399,-6.92299,2024-04-06,2
107657,3,108.890992,-6.922941,2024-04-06,2
107658,3,108.890761,-6.922913,2024-04-06,2
107659,3,108.891863,-6.922864,2024-04-06,2
107660,3,108.891608,-6.922839,2024-04-06,2
107661,3,108.891284,-6.922807,2024-04-06,2
107662,3,108.890904,-6.922774,2024-04-06,2
107663,3,108.890685,-6.922761,2024-04-06,2
107664,3,108.89187,-6.922678,2024-04-06,2
107665,3,108.891624,-6.922657,2024-04-06,2
107666,3,108.89129,-6.92263,2024-04-06,2
107667,3,108.890898,-6.922603,2024-04-06,2
107668,3,108.890681,-6.922616,2024-04-06,2
107669,3,108.890679,-6.922494,2024-04-06,2
107670,3,108.891761,-6.922488,2024-04-06,2
107671,3,108.891334,-6.92246,2024-04-06,2
107672,3,108.890981,-6.922437,2024-04-06,2
107673,3,108.890766,-6.922423,2024-04-06,2
107674,3,108.891762,-6.922323,2024-04-06,2
107675,3,108.891334,-6.922302,2024-04-06,2
107676,3,108.890977,-6.922281,2024-04-06,2
107677,3,108.890763,-6.92227,2024-04-06,2
107678,3,108.891763,-6.92215,2024-04-06,2
107679,3,108.891369,-6.922138,2024-04-06,2
107680,3,108.891047,-6.922128,2024-04-06,2
107681,3,108.890798,-6.922119,2024-04-06,2
107682,3,108.891855,-6.921975,2024-04-06,2
107683,3,108.891615,-6.921973,2024-04-06,2
107684,3,108.891326,-6.921969,2024-04-06,2
107685,3,108.891045,-6.921966,2024-04-06,2
107686,3,108.890799,-6.921963,2024-04-06,2
107687,3,108.891855,-6.92186,2024-04-06,2
107688,3,108.891217,-6.921858,2024-04-06,2
103795,3,109.152248,-7.614563,2024-04-06,3
103797,3,109.151797,-7.614109,2024-04-06,3
103800,3,109.151799,-7.613657,2024-04-06,3
103801,3,109.152252,-7.613658,2024-04-06,3
103802,3,109.152705,-7.61366,2024-04-06,3
106694,3,109.152256,-7.61496,2024-04-06,3
106702,3,109.152243,-7.614743,2024-04-06,3
106706,3,109.152448,-7.61453,2024-04-06,3
106710,3,109.152228,-7.614445,2024-04-06,3
106714,3,109.152431,-7.614268,2024-04-06,3
106717,3,109.151664,-7.614034,2024-04-06,3
106721,3,109.151596,-7.613831,2024-04-06,3
106722,3,109.151963,-7.613826,2024-04-06,3
106725,3,109.151627,-7.61364,2024-04-06,3
106726,3,109.151986,-7.613635,2024-04-06,3
106727,3,109.152349,-7.61363,2024-04-06,3
106728,3,109.152663,-7.613626,2024-04-06,3
99354,3,108.895298,-6.951217,2024-04-18,1
99355,3,108.894395,-6.950761,2024-04-18,1
99357,3,108.8953,-6.950765,2024-04-18,1
99361,3,108.895302,-6.950313,2024-04-18,1
99367,3,108.895756,-6.949863,2024-04-18,1
99369,3,108.894853,-6.949407,2024-04-18,1
103004,3,108.895409,-6.951236,2024-04-18,1
103005,3,108.89504,-6.951135,2024-04-18,1
103007,3,108.895166,-6.951123,2024-04-18,1
103008,3,108.89464,-6.951,2024-04-18,1
103009,3,108.895513,-6.950994,2024-04-18,1
103010,3,108.894749,-6.951003,2024-04-18,1
103011,3,108.894826,-6.950948,2024-04-18,1
103012,3,108.895312,-6.950901,2024-04-18,1
103014,3,108.894399,-6.950895,2024-04-18,1
103015,3,108.894474,-6.950865,2024-04-18,1
103016,3,108.895572,-6.950882,2024-04-18,1
103019,3,108.894541,-6.950804,2024-04-18,1
103021,3,108.894231,-6.950742,2024-04-18,1
103022,3,108.894064,-6.950748,2024-04-18,1
103023,3,108.894908,-6.950713,2024-04-18,1
103024,3,108.895293,-6.950756,2024-04-18,1
103026,3,108.89427,-6.950668,2024-04-18,1
103027,3,108.894024,-6.950634,2024-04-18,1
103031,3,108.894641,-6.950586,2024-04-18,1
103033,3,108.894958,-6.950604,2024-04-18,1
103034,3,108.894057,-6.950557,2024-04-18,1
103037,3,108.893835,-6.950532,2024-04-18,1
103040,3,108.893898,-6.950471,2024-04-18,1
103041,3,108.894999,-6.950477,2024-04-18,1
103044,3,108.894688,-6.950483,2024-04-18,1
103052,3,108.894733,-6.950361,2024-04-18,1
103057,3,108.895159,-6.950283,2024-04-18,1
103065,3,108.894826,-6.950147,2024-04-18,1
103074,3,108.895932,-6.949968,2024-04-18,1
103083,3,108.895647,-6.949851,2024-04-18,1
103093,3,108.895315,-6.949715,2024-04-18,1
103095,3,108.89561,-6.94976,2024-04-18,1
103100,3,108.895052,-6.949608,2024-04-18,1
103101,3,108.895093,-6.94954,2024-04-18,1
103104,3,108.894859,-6.949529,2024-04-18,1
103108,3,108.89488,-6.949449,2024-04-18,1
103109,3,108.894678,-6.949455,2024-04-18,1
103113,3,108.894682,-6.949365,2024-04-18,1
103114,3,108.894447,-6.949362,2024-04-18,1
103118,3,108.894491,-6.949284,2024-04-18,1
136614,4,109.406519,-6.896431,2024-03-13,1
136617,4,109.429472,-6.896186,2024-03-13,1
136623,4,109.052986,-6.995039,2024-03-13,1
136632,4,109.406953,-6.895875,2024-03-13,1
136634,4,109.052619,-6.994092,2024-03-13,1
136758,4,109.053444,-6.99529,2024-03-13,1
136759,4,109.053896,-6.995292,2024-03-13,1
136761,4,109.052543,-6.994382,2024-03-13,1
136765,4,109.052544,-6.99393,2024-03-13,1
136770,4,109.052546,-6.993478,2024-03-13,1
136886,4,109.406249,-6.897601,2024-03-13,1
136887,4,109.406702,-6.897602,2024-03-13,1
136888,4,109.407154,-6.897604,2024-03-13,1
136889,4,109.406251,-6.897149,2024-03-13,1
136890,4,109.406703,-6.89715,2024-03-13,1
136891,4,109.407155,-6.897152,2024-03-13,1
136892,4,109.406252,-6.896696,2024-03-13,1
136893,4,109.406705,-6.896698,2024-03-13,1
136894,4,109.407157,-6.8967,2024-03-13,1
136897,4,109.429604,-6.896741,2024-03-13,1
136898,4,109.430057,-6.896742,2024-03-13,1
136899,4,109.406254,-6.896244,2024-03-13,1
136900,4,109.406706,-6.896246,2024-03-13,1
136901,4,109.429606,-6.896289,2024-03-13,1
136902,4,109.430058,-6.89629,2024-03-13,1
136903,4,109.406255,-6.895792,2024-03-13,1
136904,4,109.406708,-6.895794,2024-03-13,1
136916,4,109.429612,-6.89448,2024-03-13,1
136917,4,109.430064,-6.894482,2024-03-13,1
137650,4,109.054257,-6.995363,2024-03-13,1
137652,4,109.054117,-6.995335,2024-03-13,1
137654,4,109.053924,-6.995301,2024-03-13,1
137655,4,109.053782,-6.995276,2024-03-13,1
137657,4,109.053615,-6.995246,2024-03-13,1
137660,4,109.053409,-6.99521,2024-03-13,1
137661,4,109.053199,-6.995172,2024-03-13,1
137662,4,109.052976,-6.995135,2024-03-13,1
137664,4,109.054279,-6.995145,2024-03-13,1
137666,4,109.054127,-6.995113,2024-03-13,1
137668,4,109.053873,-6.995082,2024-03-13,1
137669,4,109.053637,-6.995053,2024-03-13,1
137670,4,109.053425,-6.995026,2024-03-13,1
137671,4,109.053223,-6.995001,2024-03-13,1
137673,4,109.052999,-6.994977,2024-03-13,1
137692,4,109.052579,-6.994653,2024-03-13,1
137702,4,109.05259,-6.994493,2024-03-13,1
137714,4,109.052604,-6.994313,2024-03-13,1
137723,4,109.05262,-6.9941,2024-03-13,1
137734,4,109.052635,-6.993886,2024-03-13,1
137735,4,109.052463,-6.993874,2024-03-13,1
137744,4,109.052477,-6.9937,2024-03-13,1
137745,4,109.052366,-6.99368,2024-03-13,1
137746,4,109.052648,-6.993688,2024-03-13,1
137750,4,109.052492,-6.993523,2024-03-13,1
137751,4,109.052379,-6.9935,2024-03-13,1
137752,4,109.05266,-6.993499,2024-03-13,1
137753,4,109.052388,-6.993398,2024-03-13,1
137756,4,109.052668,-6.993368,2024-03-13,1
137757,4,109.052547,-6.993411,2024-03-13,1
138141,4,109.40689,-6.897707,2024-03-13,1
138142,4,109.406701,-6.897694,2024-03-13,1
138143,4,109.40648,-6.897704,2024-03-13,1
138144,4,109.40628,-6.897681,2024-03-13,1
138145,4,109.406905,-6.897592,2024-03-13,1
138146,4,109.407241,-6.897579,2024-03-13,1
138147,4,109.407129,-6.89757,2024-03-13,1
138148,4,109.406707,-6.897572,2024-03-13,1
138149,4,109.406486,-6.897548,2024-03-13,1
138150,4,109.40629,-6.897527,2024-03-13,1
138151,4,109.406058,-6.897478,2024-03-13,1
138152,4,109.405894,-6.897463,2024-03-13,1
138153,4,109.40714,-6.89744,2024-03-13,1
138154,4,109.40692,-6.897435,2024-03-13,1
138155,4,109.406768,-6.897419,2024-03-13,1
138156,4,109.406588,-6.8974,2024-03-13,1
138157,4,109.406023,-6.897359,2024-03-13,1
138158,4,109.406346,-6.897375,2024-03-13,1
138159,4,109.40693,-6.897274,2024-03-13,1
138160,4,109.406077,-6.897244,2024-03-13,1
138161,4,109.406778,-6.89726,2024-03-13,1
138162,4,109.40591,-6.89723,2024-03-13,1
138163,4,109.407265,-6.897402,2024-03-13,1
138164,4,109.406596,-6.897242,2024-03-13,1
138165,4,109.407198,-6.897239,2024-03-13,1
138166,4,109.406353,-6.897219,2024-03-13,1
138167,4,109.405902,-6.897144,2024-03-13,1
138168,4,109.405905,-6.89709,2024-03-13,1
138169,4,109.406072,-6.897124,2024-03-13,1
138170,4,109.406936,-6.897117,2024-03-13,1
138171,4,109.406774,-6.897102,2024-03-13,1
138172,4,109.405907,-6.89704,2024-03-13,1
138173,4,109.429556,-6.897051,2024-03-13,1
138174,4,109.429779,-6.897047,2024-03-13,1
138175,4,109.429973,-6.897045,2024-03-13,1
138176,4,109.406585,-6.897084,2024-03-13,1
138177,4,109.430168,-6.897004,2024-03-13,1
138178,4,109.407322,-6.897084,2024-03-13,1
138179,4,109.430305,-6.897006,2024-03-13,1
138180,4,109.407213,-6.89707,2024-03-13,1
138181,4,109.40591,-6.896993,2024-03-13,1
138182,4,109.406353,-6.89706,2024-03-13,1
138188,4,109.406077,-6.897006,2024-03-13,1
138189,4,109.405911,-6.896952,2024-03-13,1
138190,4,109.406946,-6.896961,2024-03-13,1
138191,4,109.406787,-6.896947,2024-03-13,1
138192,4,109.406116,-6.896903,2024-03-13,1
138193,4,109.406599,-6.896928,2024-03-13,1
138194,4,109.429551,-6.896917,2024-03-13,1
138195,4,109.405948,-6.896886,2024-03-13,1
138196,4,109.429775,-6.896916,2024-03-13,1
138197,4,109.429975,-6.896912,2024-03-13,1
138198,4,109.430166,-6.89691,2024-03-13,1
138199,4,109.430305,-6.896906,2024-03-13,1
138200,4,109.407336,-6.89691,2024-03-13,1
138201,4,109.406363,-6.896904,2024-03-13,1
138202,4,109.407227,-6.896898,2024-03-13,1
138208,4,109.406125,-6.896808,2024-03-13,1
138209,4,109.405955,-6.896789,2024-03-13,1
138210,4,109.406953,-6.896809,2024-03-13,1
138211,4,109.406789,-6.896792,2024-03-13,1
138212,4,109.4066,-6.896773,2024-03-13,1
138213,4,109.406159,-6.896721,2024-03-13,1
138214,4,109.429548,-6.896748,2024-03-13,1
138215,4,109.430229,-6.896745,2024-03-13,1
138216,4,109.429772,-6.896748,2024-03-13,1
138217,4,109.429984,-6.896746,2024-03-13,1
138218,4,109.406368,-6.896749,2024-03-13,1
138219,4,109.407349,-6.896746,2024-03-13,1
138220,4,109.405991,-6.896703,2024-03-13,1
138221,4,109.407241,-6.896727,2024-03-13,1
138222,4,109.406168,-6.896629,2024-03-13,1
138223,4,109.406964,-6.896656,2024-03-13,1
138229,4,109.406803,-6.896639,2024-03-13,1
138230,4,109.405998,-6.896611,2024-03-13,1
138231,4,109.406615,-6.896618,2024-03-13,1
138232,4,109.406379,-6.896592,2024-03-13,1
138233,4,109.429784,-6.896583,2024-03-13,1
138234,4,109.430257,-6.896581,2024-03-13,1
138235,4,109.429545,-6.896582,2024-03-13,1
138236,4,109.430022,-6.896581,2024-03-13,1
138237,4,109.407352,-6.896573,2024-03-13,1
138238,4,109.406175,-6.896537,2024-03-13,1
138239,4,109.407243,-6.896562,2024-03-13,1
138240,4,109.406036,-6.896522,2024-03-13,1
138241,4,109.40593,-6.89651,2024-03-13,1
138242,4,109.406816,-6.896485,2024-03-13,1
138243,4,109.406629,-6.896464,2024-03-13,1
138244,4,109.40639,-6.896439,2024-03-13,1
138245,4,109.430024,-6.896416,2024-03-13,1
138246,4,109.429783,-6.896416,2024-03-13,1
138247,4,109.430258,-6.896414,2024-03-13,1
138248,4,109.429543,-6.896413,2024-03-13,1
138249,4,109.407363,-6.896403,2024-03-13,1
138250,4,109.407253,-6.896393,2024-03-13,1
138251,4,109.406987,-6.896323,2024-03-13,1
138252,4,109.406829,-6.896307,2024-03-13,1
138253,4,109.406678,-6.896293,2024-03-13,1
138254,4,109.406508,-6.896276,2024-03-13,1
138255,4,109.430259,-6.896253,2024-03-13,1
138256,4,109.430025,-6.896253,2024-03-13,1
138257,4,109.429784,-6.896251,2024-03-13,1
138258,4,109.42954,-6.896248,2024-03-13,1
138259,4,109.406304,-6.896256,2024-03-13,1
138260,4,109.406042,-6.896318,2024-03-13,1
138261,4,109.407374,-6.896227,2024-03-13,1
138262,4,109.407261,-6.89622,2024-03-13,1
138263,4,109.406999,-6.89616,2024-03-13,1
138264,4,109.406841,-6.896144,2024-03-13,1
138265,4,109.406692,-6.89613,2024-03-13,1
138266,4,109.406522,-6.896112,2024-03-13,1
138267,4,109.43026,-6.896093,2024-03-13,1
138268,4,109.430027,-6.896091,2024-03-13,1
138269,4,109.429782,-6.896087,2024-03-13,1
138270,4,109.406315,-6.896092,2024-03-13,1
138271,4,109.429535,-6.896083,2024-03-13,1
138272,4,109.407385,-6.896061,2024-03-13,1
138273,4,109.407271,-6.89605,2024-03-13,1
138274,4,109.407011,-6.895995,2024-03-13,1
138275,4,109.406122,-6.89604,2024-03-13,1
138276,4,109.406852,-6.89598,2024-03-13,1
138277,4,109.405988,-6.896027,2024-03-13,1
138278,4,109.406703,-6.895965,2024-03-13,1
138279,4,109.406534,-6.895949,2024-03-13,1
138285,4,109.406326,-6.895928,2024-03-13,1
138286,4,109.407023,-6.895826,2024-03-13,1
138287,4,109.406863,-6.895811,2024-03-13,1
138289,4,109.406713,-6.895798,2024-03-13,1
138293,4,109.406544,-6.895783,2024-03-13,1
138297,4,109.406336,-6.895765,2024-03-13,1
138304,4,109.406139,-6.895752,2024-03-13,1
138307,4,109.406005,-6.895742,2024-03-13,1
138308,4,109.407034,-6.895654,2024-03-13,1
138309,4,109.406875,-6.895642,2024-03-13,1
138311,4,109.406724,-6.895629,2024-03-13,1
138315,4,109.406549,-6.895616,2024-03-13,1
138320,4,109.40634,-6.895599,2024-03-13,1
138325,4,109.406965,-6.895486,2024-03-13,1
138326,4,109.406736,-6.895468,2024-03-13,1
138329,4,109.406561,-6.895454,2024-03-13,1
138335,4,109.406352,-6.895437,2024-03-13,1
138338,4,109.406155,-6.895475,2024-03-13,1
138341,4,109.406021,-6.895462,2024-03-13,1
138368,4,109.430272,-6.894833,2024-03-13,1
138369,4,109.430053,-6.89483,2024-03-13,1
138375,4,109.429829,-6.894826,2024-03-13,1
138376,4,109.429648,-6.894822,2024-03-13,1
138377,4,109.429474,-6.89482,2024-03-13,1
138378,4,109.430055,-6.894688,2024-03-13,1
138379,4,109.429831,-6.894684,2024-03-13,1
138380,4,109.42964,-6.894681,2024-03-13,1
138381,4,109.430271,-6.894686,2024-03-13,1
138382,4,109.429476,-6.894675,2024-03-13,1
138384,4,109.430272,-6.894547,2024-03-13,1
138385,4,109.430056,-6.894544,2024-03-13,1
138386,4,109.429827,-6.894541,2024-03-13,1
138387,4,109.429637,-6.894538,2024-03-13,1
138388,4,109.429466,-6.894536,2024-03-13,1
138394,4,109.430267,-6.894417,2024-03-13,1
138396,4,109.430054,-6.894405,2024-03-13,1
138397,4,109.429824,-6.894401,2024-03-13,1
138398,4,109.429633,-6.894399,2024-03-13,1
138399,4,109.429463,-6.894397,2024-03-13,1
138403,4,109.429472,-6.894289,2024-03-13,1
138404,4,109.43019,-6.894289,2024-03-13,1
138405,4,109.429631,-6.894282,2024-03-13,1
138406,4,109.43005,-6.894288,2024-03-13,1
138407,4,109.429822,-6.894274,2024-03-13,1
98743,3,108.892183,-6.948961,2024-04-18,2
98747,3,109.053417,-6.9815,2024-04-18,2
98752,3,109.411611,-7.426361,2024-04-18,2
98762,3,109.488056,-7.716167,2024-04-18,2
99228,3,109.487652,-7.715784,2024-04-18,2
99229,3,109.488105,-7.715786,2024-04-18,2
99231,3,109.489012,-7.715789,2024-04-18,2
99232,3,109.487653,-7.715332,2024-04-18,2
99233,3,109.488107,-7.715334,2024-04-18,2
99236,3,109.487655,-7.71488,2024-04-18,2
99237,3,109.488108,-7.714882,2024-04-18,2
99323,3,109.411658,-7.426606,2024-04-18,2
99324,3,109.412111,-7.426607,2024-04-18,2
99332,3,109.411659,-7.426154,2024-04-18,2
99333,3,109.412112,-7.426155,2024-04-18,2
99343,3,109.052593,-6.982177,2024-04-18,2
99344,3,109.053045,-6.982179,2024-04-18,2
99345,3,109.052595,-6.981725,2024-04-18,2
99346,3,109.053047,-6.981727,2024-04-18,2
99348,3,109.052597,-6.981273,2024-04-18,2
101939,3,109.48898,-7.716486,2024-04-18,2
101941,3,109.488243,-7.716461,2024-04-18,2
101943,3,109.487982,-7.716373,2024-04-18,2
101954,3,109.488794,-7.716119,2024-04-18,2
101964,3,109.488121,-7.715929,2024-04-18,2
101966,3,109.488644,-7.715902,2024-04-18,2
101968,3,109.487735,-7.715842,2024-04-18,2
101969,3,109.488996,-7.715832,2024-04-18,2
101971,3,109.488145,-7.715814,2024-04-18,2
101972,3,109.488984,-7.715749,2024-04-18,2
101974,3,109.487682,-7.715721,2024-04-18,2
101978,3,109.487677,-7.715582,2024-04-18,2
101979,3,109.487994,-7.715562,2024-04-18,2
101981,3,109.489253,-7.715473,2024-04-18,2
101984,3,109.489245,-7.715322,2024-04-18,2
101987,3,109.488168,-7.715376,2024-04-18,2
101988,3,109.487725,-7.715351,2024-04-18,2
101992,3,109.489216,-7.715111,2024-04-18,2
101994,3,109.48878,-7.715103,2024-04-18,2
101995,3,109.48919,-7.714993,2024-04-18,2
101996,3,109.487886,-7.715006,2024-04-18,2
101997,3,109.489155,-7.714878,2024-04-18,2
101998,3,109.487612,-7.715017,2024-04-18,2
102000,3,109.487768,-7.714809,2024-04-18,2
102001,3,109.48811,-7.714876,2024-04-18,2
102002,3,109.487885,-7.714778,2024-04-18,2
102003,3,109.488043,-7.714741,2024-04-18,2
102597,3,109.411941,-7.426895,2024-04-18,2
102603,3,109.411867,-7.426886,2024-04-18,2
102606,3,109.411796,-7.426877,2024-04-18,2
102611,3,109.411668,-7.426859,2024-04-18,2
102616,3,109.411527,-7.426841,2024-04-18,2
102618,3,109.411431,-7.42683,2024-04-18,2
102619,3,109.411378,-7.426822,2024-04-18,2
102627,3,109.412286,-7.426848,2024-04-18,2
102628,3,109.412224,-7.426842,2024-04-18,2
102632,3,109.412145,-7.42683,2024-04-18,2
102635,3,109.412067,-7.426829,2024-04-18,2
102637,3,109.412014,-7.426814,2024-04-18,2
102640,3,109.411952,-7.426805,2024-04-18,2
102646,3,109.411866,-7.426787,2024-04-18,2
102647,3,109.411772,-7.426775,2024-04-18,2
102652,3,109.411666,-7.426754,2024-04-18,2
102659,3,109.411543,-7.426735,2024-04-18,2
102661,3,109.411449,-7.426719,2024-04-18,2
102664,3,109.411391,-7.426705,2024-04-18,2
102685,3,109.412317,-7.426627,2024-04-18,2
102688,3,109.412258,-7.426623,2024-04-18,2
102692,3,109.412179,-7.426613,2024-04-18,2
102696,3,109.412102,-7.426593,2024-04-18,2
102698,3,109.412022,-7.426591,2024-04-18,2
102700,3,109.41192,-7.426562,2024-04-18,2
102702,3,109.411817,-7.426555,2024-04-18,2
102708,3,109.411701,-7.426534,2024-04-18,2
102714,3,109.411577,-7.426517,2024-04-18,2
102719,3,109.411487,-7.426503,2024-04-18,2
102723,3,109.411421,-7.426478,2024-04-18,2
102747,3,109.412335,-7.426351,2024-04-18,2
102751,3,109.411608,-7.426306,2024-04-18,2
102752,3,109.412236,-7.426337,2024-04-18,2
102753,3,109.411412,-7.42624,2024-04-18,2
102758,3,109.412156,-7.426324,2024-04-18,2
102762,3,109.412074,-7.426318,2024-04-18,2
102767,3,109.411978,-7.426302,2024-04-18,2
102775,3,109.411867,-7.426285,2024-04-18,2
102799,3,109.41163,-7.426173,2024-04-18,2
102800,3,109.412371,-7.426153,2024-04-18,2
102801,3,109.411426,-7.426133,2024-04-18,2
102804,3,109.412267,-7.426138,2024-04-18,2
102807,3,109.412182,-7.426129,2024-04-18,2
102808,3,109.412097,-7.426118,2024-04-18,2
102810,3,109.412006,-7.426108,2024-04-18,2
102814,3,109.411796,-7.426078,2024-04-18,2
102815,3,109.412391,-7.426045,2024-04-18,2
102817,3,109.412269,-7.426031,2024-04-18,2
102820,3,109.412164,-7.426021,2024-04-18,2
102821,3,109.411546,-7.426041,2024-04-18,2
102822,3,109.411441,-7.426021,2024-04-18,2
102823,3,109.412065,-7.426011,2024-04-18,2
102827,3,109.411876,-7.42599,2024-04-18,2
102831,3,109.411588,-7.425957,2024-04-18,2
102931,3,109.052823,-6.982463,2024-04-18,2
102932,3,109.052541,-6.982452,2024-04-18,2
102938,3,109.053327,-6.982333,2024-04-18,2
102940,3,109.052833,-6.982201,2024-04-18,2
102941,3,109.052552,-6.982182,2024-04-18,2
102943,3,109.052943,-6.982091,2024-04-18,2
102944,3,109.052706,-6.982075,2024-04-18,2
102945,3,109.052557,-6.982064,2024-04-18,2
102948,3,109.05298,-6.981822,2024-04-18,2
102949,3,109.052577,-6.981797,2024-04-18,2
102951,3,109.052992,-6.981708,2024-04-18,2
102952,3,109.052827,-6.981759,2024-04-18,2
102953,3,109.052709,-6.981763,2024-04-18,2
102954,3,109.052603,-6.981682,2024-04-18,2
102955,3,109.053753,-6.981651,2024-04-18,2
102956,3,109.053524,-6.981637,2024-04-18,2
102957,3,109.053269,-6.981621,2024-04-18,2
102958,3,109.052995,-6.981604,2024-04-18,2
102959,3,109.052783,-6.98159,2024-04-18,2
102960,3,109.05262,-6.98158,2024-04-18,2
102961,3,109.053756,-6.98156,2024-04-18,2
102962,3,109.053529,-6.981546,2024-04-18,2
102963,3,109.053273,-6.98153,2024-04-18,2
102964,3,109.052999,-6.981511,2024-04-18,2
102965,3,109.052789,-6.981497,2024-04-18,2
102966,3,109.052623,-6.981486,2024-04-18,2
102967,3,109.053791,-6.981432,2024-04-18,2
102968,3,109.053634,-6.981423,2024-04-18,2
102969,3,109.053474,-6.981412,2024-04-18,2
102970,3,109.053284,-6.981398,2024-04-18,2
102971,3,109.052946,-6.981373,2024-04-18,2
102972,3,109.052628,-6.981349,2024-04-18,2
102979,3,109.052946,-6.981087,2024-04-18,2
102980,3,109.052637,-6.981069,2024-04-18,2
102981,3,109.053792,-6.981095,2024-04-18,2
102982,3,109.053623,-6.981083,2024-04-18,2
102983,3,109.053351,-6.981065,2024-04-18,2
102984,3,109.052945,-6.980989,2024-04-18,2
102985,3,109.05264,-6.980968,2024-04-18,2
136621,4,109.093331,-6.969928,2024-03-13,2
136622,4,109.052569,-6.994953,2024-03-13,2
136624,4,109.052872,-6.995378,2024-03-13,2
136625,4,109.052519,-6.995586,2024-03-13,2
136635,4,109.052478,-6.994253,2024-03-13,2
136750,4,109.05344,-6.996194,2024-03-13,2
136751,4,109.053892,-6.996196,2024-03-13,2
136752,4,109.052537,-6.995738,2024-03-13,2
136753,4,109.052989,-6.99574,2024-03-13,2
136754,4,109.053442,-6.995742,2024-03-13,2
136755,4,109.053894,-6.995744,2024-03-13,2
136756,4,109.052539,-6.995286,2024-03-13,2
136757,4,109.052991,-6.995288,2024-03-13,2
136760,4,109.052541,-6.994834,2024-03-13,2
136763,4,109.053447,-6.994386,2024-03-13,2
136764,4,109.0539,-6.994388,2024-03-13,2
136767,4,109.053449,-6.993934,2024-03-13,2
136768,4,109.053902,-6.993936,2024-03-13,2
136769,4,109.054354,-6.993938,2024-03-13,2
136772,4,109.053451,-6.993482,2024-03-13,2
136773,4,109.093807,-6.971496,2024-03-13,2
136774,4,109.094259,-6.971498,2024-03-13,2
136775,4,109.094712,-6.9715,2024-03-13,2
136776,4,109.095164,-6.971502,2024-03-13,2
136777,4,109.093356,-6.971042,2024-03-13,2
136778,4,109.093809,-6.971044,2024-03-13,2
136779,4,109.094261,-6.971046,2024-03-13,2
136780,4,109.094713,-6.971048,2024-03-13,2
136781,4,109.095166,-6.97105,2024-03-13,2
136782,4,109.093358,-6.97059,2024-03-13,2
136783,4,109.09381,-6.970592,2024-03-13,2
136784,4,109.094263,-6.970594,2024-03-13,2
136785,4,109.094715,-6.970596,2024-03-13,2
136786,4,109.095168,-6.970598,2024-03-13,2
136787,4,109.09336,-6.970138,2024-03-13,2
136788,4,109.093812,-6.97014,2024-03-13,2
136789,4,109.094265,-6.970142,2024-03-13,2
136790,4,109.094717,-6.970144,2024-03-13,2
136791,4,109.093362,-6.969686,2024-03-13,2
136792,4,109.093814,-6.969688,2024-03-13,2
136793,4,109.094266,-6.96969,2024-03-13,2
136794,4,109.094719,-6.969692,2024-03-13,2
137600,4,109.053733,-6.996248,2024-03-13,2
137601,4,109.053502,-6.996198,2024-03-13,2
137602,4,109.054174,-6.996183,2024-03-13,2
137603,4,109.05399,-6.996178,2024-03-13,2
137604,4,109.053251,-6.996155,2024-03-13,2
137605,4,109.05376,-6.996136,2024-03-13,2
137606,4,109.053004,-6.996101,2024-03-13,2
137607,4,109.052769,-6.996051,2024-03-13,2
137608,4,109.053517,-6.996089,2024-03-13,2
137609,4,109.054189,-6.996069,2024-03-13,2
137610,4,109.052548,-6.996006,2024-03-13,2
137611,4,109.052422,-6.995979,2024-03-13,2
137612,4,109.053265,-6.99604,2024-03-13,2
137613,4,109.054013,-6.996035,2024-03-13,2
137614,4,109.053017,-6.995992,2024-03-13,2
137615,4,109.05378,-6.995991,2024-03-13,2
137616,4,109.052783,-6.995948,2024-03-13,2
137617,4,109.053536,-6.995944,2024-03-13,2
137618,4,109.054205,-6.995922,2024-03-13,2
137619,4,109.052559,-6.995906,2024-03-13,2
137620,4,109.053296,-6.995899,2024-03-13,2
137621,4,109.054033,-6.995886,2024-03-13,2
137622,4,109.052353,-6.995864,2024-03-13,2
137623,4,109.05305,-6.995853,2024-03-13,2
137624,4,109.053806,-6.995839,2024-03-13,2
137625,4,109.0528,-6.995806,2024-03-13,2
137626,4,109.053605,-6.995799,2024-03-13,2
137627,4,109.054207,-6.995776,2024-03-13,2
137628,4,109.052576,-6.995765,2024-03-13,2
137629,4,109.054226,-6.995678,2024-03-13,2
137630,4,109.052364,-6.995725,2024-03-13,2
137631,4,109.053356,-6.995746,2024-03-13,2
137632,4,109.053068,-6.995687,2024-03-13,2
137633,4,109.053934,-6.995689,2024-03-13,2
137634,4,109.052855,-6.995642,2024-03-13,2
137635,4,109.053611,-6.995625,2024-03-13,2
137636,4,109.052661,-6.995614,2024-03-13,2
137637,4,109.053501,-6.995601,2024-03-13,2
137638,4,109.052408,-6.995581,2024-03-13,2
137639,4,109.053354,-6.995571,2024-03-13,2
137640,4,109.054239,-6.99555,2024-03-13,2
137641,4,109.053143,-6.995527,2024-03-13,2
137642,4,109.05294,-6.995483,2024-03-13,2
137643,4,109.054009,-6.995506,2024-03-13,2
137644,4,109.053762,-6.995462,2024-03-13,2
137645,4,109.052728,-6.995435,2024-03-13,2
137646,4,109.052514,-6.99542,2024-03-13,2
137647,4,109.053597,-6.995433,2024-03-13,2
137648,4,109.05234,-6.995407,2024-03-13,2
137649,4,109.053373,-6.995393,2024-03-13,2
137651,4,109.053161,-6.995353,2024-03-13,2
137653,4,109.052956,-6.995313,2024-03-13,2
137656,4,109.052745,-6.995244,2024-03-13,2
137658,4,109.05253,-6.99523,2024-03-13,2
137659,4,109.052351,-6.995218,2024-03-13,2
137663,4,109.05276,-6.995075,2024-03-13,2
137665,4,109.052543,-6.995059,2024-03-13,2
137667,4,109.05236,-6.995045,2024-03-13,2
137672,4,109.054298,-6.994953,2024-03-13,2
137674,4,109.054147,-6.994943,2024-03-13,2
137675,4,109.053888,-6.994927,2024-03-13,2
137676,4,109.053648,-6.994912,2024-03-13,2
137677,4,109.053434,-6.994899,2024-03-13,2
137678,4,109.053119,-6.99488,2024-03-13,2
137679,4,109.052776,-6.994917,2024-03-13,2
137680,4,109.052557,-6.994901,2024-03-13,2
137681,4,109.05237,-6.994886,2024-03-13,2
137682,4,109.054189,-6.99474,2024-03-13,2
137683,4,109.053973,-6.994729,2024-03-13,2
137684,4,109.053826,-6.994722,2024-03-13,2
137685,4,109.053687,-6.994715,2024-03-13,2
137686,4,109.05354,-6.994706,2024-03-13,2
137687,4,109.053362,-6.994696,2024-03-13,2
137688,4,109.053157,-6.994684,2024-03-13,2
137689,4,109.052404,-6.994658,2024-03-13,2
137693,4,109.054199,-6.994582,2024-03-13,2
137694,4,109.053988,-6.994563,2024-03-13,2
137695,4,109.052412,-6.994531,2024-03-13,2
137696,4,109.054306,-6.994493,2024-03-13,2
137697,4,109.053841,-6.99455,2024-03-13,2
137698,4,109.054177,-6.994479,2024-03-13,2
137699,4,109.053704,-6.994538,2024-03-13,2
137700,4,109.054,-6.994459,2024-03-13,2
137701,4,109.053558,-6.994523,2024-03-13,2
137703,4,109.053379,-6.994507,2024-03-13,2
137704,4,109.053168,-6.994492,2024-03-13,2
137708,4,109.052421,-6.994406,2024-03-13,2
137709,4,109.054315,-6.994368,2024-03-13,2
137710,4,109.054187,-6.994353,2024-03-13,2
137711,4,109.054011,-6.994335,2024-03-13,2
137712,4,109.053861,-6.994345,2024-03-13,2
137713,4,109.053725,-6.994332,2024-03-13,2
137715,4,109.05358,-6.994316,2024-03-13,2
137716,4,109.053445,-6.994301,2024-03-13,2
137717,4,109.052432,-6.99426,2024-03-13,2
137720,4,109.054329,-6.994175,2024-03-13,2
137721,4,109.054205,-6.994151,2024-03-13,2
137722,4,109.054031,-6.994122,2024-03-13,2
137724,4,109.052446,-6.994075,2024-03-13,2
137725,4,109.053884,-6.994099,2024-03-13,2
137728,4,109.053748,-6.994081,2024-03-13,2
137729,4,109.053603,-6.994058,2024-03-13,2
137730,4,109.054297,-6.993987,2024-03-13,2
137731,4,109.053463,-6.994037,2024-03-13,2
137732,4,109.054123,-6.993954,2024-03-13,2
137733,4,109.053929,-6.993916,2024-03-13,2
137736,4,109.052352,-6.993864,2024-03-13,2
137737,4,109.054305,-6.993831,2024-03-13,2
137738,4,109.054132,-6.993813,2024-03-13,2
137739,4,109.053867,-6.993785,2024-03-13,2
137740,4,109.053646,-6.993816,2024-03-13,2
137741,4,109.053503,-6.993794,2024-03-13,2
137747,4,109.05371,-6.993647,2024-03-13,2
137754,4,109.053331,-6.993875,2024-03-13,2
137758,4,109.05369,-6.993465,2024-03-13,2
137759,4,109.053524,-6.993525,2024-03-13,2
137760,4,109.053636,-6.993275,2024-03-13,2
137761,4,109.053175,-6.993844,2024-03-13,2
137762,4,109.094674,-6.97147,2024-03-13,2
137763,4,109.094885,-6.971471,2024-03-13,2
137764,4,109.095234,-6.971456,2024-03-13,2
137765,4,109.0938,-6.971474,2024-03-13,2
137766,4,109.094072,-6.971439,2024-03-13,2
137767,4,109.094336,-6.971439,2024-03-13,2
137768,4,109.094528,-6.971441,2024-03-13,2
137769,4,109.095071,-6.971439,2024-03-13,2
137770,4,109.093304,-6.971422,2024-03-13,2
137771,4,109.094888,-6.971391,2024-03-13,2
137773,4,109.095245,-6.971325,2024-03-13,2
137774,4,109.095404,-6.971304,2024-03-13,2
137775,4,109.094685,-6.971318,2024-03-13,2
137776,4,109.094539,-6.971292,2024-03-13,2
137777,4,109.094345,-6.971287,2024-03-13,2
137778,4,109.09408,-6.971284,2024-03-13,2
137779,4,109.093815,-6.97133,2024-03-13,2
137780,4,109.093311,-6.971269,2024-03-13,2
137781,4,109.093763,-6.971231,2024-03-13,2
137782,4,109.094912,-6.971275,2024-03-13,2
137783,4,109.095081,-6.97127,2024-03-13,2
137784,4,109.095252,-6.971194,2024-03-13,2
137786,4,109.095406,-6.971187,2024-03-13,2
137787,4,109.094445,-6.971103,2024-03-13,2
137788,4,109.094551,-6.97111,2024-03-13,2
137789,4,109.09469,-6.971108,2024-03-13,2
137790,4,109.093911,-6.971089,2024-03-13,2
137791,4,109.094301,-6.971097,2024-03-13,2
137792,4,109.095256,-6.97106,2024-03-13,2
137793,4,109.094096,-6.971091,2024-03-13,2
137794,4,109.093325,-6.971083,2024-03-13,2
137795,4,109.094913,-6.971096,2024-03-13,2
137796,4,109.09509,-6.971078,2024-03-13,2
137797,4,109.093773,-6.971059,2024-03-13,2
137799,4,109.094563,-6.970914,2024-03-13,2
137800,4,109.094458,-6.970909,2024-03-13,2
137801,4,109.094305,-6.970903,2024-03-13,2
137802,4,109.094103,-6.9709,2024-03-13,2
137803,4,109.093921,-6.970901,2024-03-13,2
137804,4,109.095262,-6.970894,2024-03-13,2
137805,4,109.095017,-6.97088,2024-03-13,2
137806,4,109.095102,-6.970886,2024-03-13,2
137807,4,109.094877,-6.970897,2024-03-13,2
137808,4,109.093338,-6.970881,2024-03-13,2
137809,4,109.094693,-6.97089,2024-03-13,2
137810,4,109.093788,-6.970838,2024-03-13,2
137812,4,109.093943,-6.970744,2024-03-13,2
137813,4,109.093348,-6.97073,2024-03-13,2
137814,4,109.094113,-6.970745,2024-03-13,2
137815,4,109.094308,-6.970737,2024-03-13,2
137816,4,109.095265,-6.970716,2024-03-13,2
137817,4,109.095112,-6.970695,2024-03-13,2
137818,4,109.094476,-6.970628,2024-03-13,2
137819,4,109.094576,-6.970685,2024-03-13,2
137820,4,109.095027,-6.97069,2024-03-13,2
137821,4,109.094722,-6.970681,2024-03-13,2
137822,4,109.094905,-6.970684,2024-03-13,2
137823,4,109.093613,-6.970617,2024-03-13,2
137824,4,109.094257,-6.97058,2024-03-13,2
137825,4,109.093887,-6.970585,2024-03-13,2
137826,4,109.09412,-6.970584,2024-03-13,2
137827,4,109.093356,-6.970579,2024-03-13,2
137828,4,109.094584,-6.970516,2024-03-13,2
137829,4,109.094701,-6.97051,2024-03-13,2
137830,4,109.09482,-6.9705,2024-03-13,2
137831,4,109.094915,-6.9705,2024-03-13,2
137832,4,109.093625,-6.970483,2024-03-13,2
137833,4,109.095037,-6.9705,2024-03-13,2
137834,4,109.09448,-6.970501,2024-03-13,2
137835,4,109.095121,-6.970502,2024-03-13,2
137836,4,109.095271,-6.970516,2024-03-13,2
137837,4,109.093635,-6.970363,2024-03-13,2
137838,4,109.09337,-6.970391,2024-03-13,2
137839,4,109.094351,-6.970479,2024-03-13,2
137840,4,109.094264,-6.97039,2024-03-13,2
137841,4,109.094128,-6.970385,2024-03-13,2
137842,4,109.093903,-6.970382,2024-03-13,2
137843,4,109.094924,-6.97032,2024-03-13,2
137844,4,109.094829,-6.970315,2024-03-13,2
137845,4,109.09449,-6.970309,2024-03-13,2
137846,4,109.094591,-6.970329,2024-03-13,2
137847,4,109.094702,-6.970319,2024-03-13,2
137848,4,109.093643,-6.97024,2024-03-13,2
137849,4,109.093383,-6.970229,2024-03-13,2
137850,4,109.094137,-6.970208,2024-03-13,2
137851,4,109.093917,-6.970203,2024-03-13,2
137852,4,109.094274,-6.970174,2024-03-13,2
137853,4,109.094365,-6.97016,2024-03-13,2
137854,4,109.094509,-6.970118,2024-03-13,2
137855,4,109.094706,-6.970113,2024-03-13,2
137856,4,109.094838,-6.970109,2024-03-13,2
137857,4,109.094933,-6.970112,2024-03-13,2
137858,4,109.093658,-6.970076,2024-03-13,2
137859,4,109.093399,-6.970065,2024-03-13,2
137860,4,109.094143,-6.970053,2024-03-13,2
137861,4,109.093928,-6.970046,2024-03-13,2
137862,4,109.094845,-6.969963,2024-03-13,2
137863,4,109.094938,-6.969962,2024-03-13,2
137864,4,109.093153,-6.96997,2024-03-13,2
137865,4,109.093675,-6.969917,2024-03-13,2
137866,4,109.093416,-6.969903,2024-03-13,2
137867,4,109.093943,-6.96989,2024-03-13,2
137868,4,109.094152,-6.969894,2024-03-13,2
137869,4,109.094285,-6.96994,2024-03-13,2
137870,4,109.094476,-6.969919,2024-03-13,2
137871,4,109.09317,-6.969831,2024-03-13,2
137872,4,109.093427,-6.969752,2024-03-13,2
137873,4,109.093203,-6.969716,2024-03-13,2
137874,4,109.093685,-6.969759,2024-03-13,2
137875,4,109.093955,-6.969742,2024-03-13,2
137876,4,109.09416,-6.969741,2024-03-13,2
137877,4,109.094294,-6.969738,2024-03-13,2
137878,4,109.094483,-6.969735,2024-03-13,2
137879,4,109.094686,-6.969854,2024-03-13,2
98744,3,108.891528,-6.922556,2024-04-18,3
98748,3,109.053413,-6.9813,2024-04-18,3
98759,3,109.152944,-7.613611,2024-04-18,3
99264,3,109.151793,-7.615013,2024-04-18,3
99266,3,109.152248,-7.614563,2024-04-18,3
99267,3,109.152701,-7.614565,2024-04-18,3
99268,3,109.151797,-7.614109,2024-04-18,3
99271,3,109.151799,-7.613657,2024-04-18,3
99272,3,109.152252,-7.613658,2024-04-18,3
99273,3,109.152705,-7.61366,2024-04-18,3
99347,3,109.0535,-6.981729,2024-04-18,3
99350,3,109.053502,-6.981277,2024-04-18,3
99351,3,109.052599,-6.980821,2024-04-18,3
99352,3,109.053051,-6.980823,2024-04-18,3
99353,3,109.053503,-6.980825,2024-04-18,3
99370,3,108.890901,-6.922722,2024-04-18,3
99371,3,108.891353,-6.922724,2024-04-18,3
99372,3,108.891806,-6.922726,2024-04-18,3
99373,3,108.890903,-6.92227,2024-04-18,3
99374,3,108.891355,-6.922272,2024-04-18,3
99375,3,108.891808,-6.922274,2024-04-18,3
102165,3,109.152256,-7.61496,2024-04-18,3
102167,3,109.151684,-7.61491,2024-04-18,3
102168,3,109.152833,-7.614844,2024-04-18,3
102171,3,109.152468,-7.614836,2024-04-18,3
102172,3,109.152587,-7.614829,2024-04-18,3
102173,3,109.152243,-7.614743,2024-04-18,3
102176,3,109.152698,-7.614536,2024-04-18,3
102177,3,109.152448,-7.61453,2024-04-18,3
102178,3,109.152813,-7.614543,2024-04-18,3
102179,3,109.152566,-7.614523,2024-04-18,3
102181,3,109.152228,-7.614445,2024-04-18,3
102182,3,109.151644,-7.614228,2024-04-18,3
102185,3,109.152431,-7.614268,2024-04-18,3
102186,3,109.152548,-7.614261,2024-04-18,3
102188,3,109.151664,-7.614034,2024-04-18,3
102192,3,109.151596,-7.613831,2024-04-18,3
102193,3,109.151963,-7.613826,2024-04-18,3
102196,3,109.151627,-7.61364,2024-04-18,3
102197,3,109.151986,-7.613635,2024-04-18,3
102198,3,109.152349,-7.61363,2024-04-18,3
102199,3,109.152663,-7.613626,2024-04-18,3
102929,3,109.053645,-6.982489,2024-04-18,3
102930,3,109.053364,-6.982475,2024-04-18,3
102933,3,109.053173,-6.982465,2024-04-18,3
102934,3,109.053794,-6.982403,2024-04-18,3
102935,3,109.0536,-6.982391,2024-04-18,3
102936,3,109.052825,-6.982355,2024-04-18,3
102937,3,109.052545,-6.982339,2024-04-18,3
102939,3,109.053134,-6.982323,2024-04-18,3
102942,3,109.053264,-6.982135,2024-04-18,3
102950,3,109.053483,-6.981732,2024-04-18,3
102973,3,109.053799,-6.981265,2024-04-18,3
102974,3,109.053655,-6.981258,2024-04-18,3
102975,3,109.05348,-6.981246,2024-04-18,3
102976,3,109.053275,-6.981232,2024-04-18,3
102986,3,109.053822,-6.980921,2024-04-18,3
102987,3,109.053701,-6.980913,2024-04-18,3
102988,3,109.053546,-6.980901,2024-04-18,3
102989,3,109.053379,-6.980889,2024-04-18,3
102990,3,109.053158,-6.980872,2024-04-18,3
102991,3,109.052872,-6.980852,2024-04-18,3
102992,3,109.052646,-6.980835,2024-04-18,3
102993,3,109.053782,-6.980793,2024-04-18,3
102994,3,109.053548,-6.980777,2024-04-18,3
102995,3,109.053279,-6.980757,2024-04-18,3
102996,3,109.05294,-6.980732,2024-04-18,3
102997,3,109.052651,-6.980709,2024-04-18,3
102998,3,109.053774,-6.980687,2024-04-18,3
102999,3,109.053558,-6.980677,2024-04-18,3
103000,3,109.053379,-6.980669,2024-04-18,3
103001,3,109.053137,-6.980657,2024-04-18,3
103002,3,109.052858,-6.980642,2024-04-18,3
103003,3,109.052658,-6.980632,2024-04-18,3
103121,3,108.891413,-6.923092,2024-04-18,3
103122,3,108.891187,-6.923076,2024-04-18,3
103123,3,108.891012,-6.923064,2024-04-18,3
103124,3,108.890897,-6.923056,2024-04-18,3
103125,3,108.890755,-6.923045,2024-04-18,3
103126,3,108.891802,-6.923023,2024-04-18,3
103127,3,108.891399,-6.92299,2024-04-18,3
103128,3,108.890992,-6.922941,2024-04-18,3
103129,3,108.890761,-6.922913,2024-04-18,3
103130,3,108.891863,-6.922864,2024-04-18,3
103131,3,108.891608,-6.922839,2024-04-18,3
103132,3,108.891284,-6.922807,2024-04-18,3
103133,3,108.890904,-6.922774,2024-04-18,3
103134,3,108.890685,-6.922761,2024-04-18,3
103135,3,108.89187,-6.922678,2024-04-18,3
103136,3,108.891624,-6.922657,2024-04-18,3
103137,3,108.89129,-6.92263,2024-04-18,3
103138,3,108.890898,-6.922603,2024-04-18,3
103139,3,108.890681,-6.922616,2024-04-18,3
103140,3,108.890679,-6.922494,2024-04-18,3
103141,3,108.891761,-6.922488,2024-04-18,3
103142,3,108.891334,-6.92246,2024-04-18,3
103143,3,108.890981,-6.922437,2024-04-18,3
103144,3,108.890766,-6.922423,2024-04-18,3
103145,3,108.891762,-6.922323,2024-04-18,3
103146,3,108.891334,-6.922302,2024-04-18,3
103147,3,108.890977,-6.922281,2024-04-18,3
103148,3,108.890763,-6.92227,2024-04-18,3
103149,3,108.891763,-6.92215,2024-04-18,3
103150,3,108.891369,-6.922138,2024-04-18,3
103151,3,108.891047,-6.922128,2024-04-18,3
103152,3,108.890798,-6.922119,2024-04-18,3
103153,3,108.891855,-6.921975,2024-04-18,3
103154,3,108.891615,-6.921973,2024-04-18,3
103155,3,108.891326,-6.921969,2024-04-18,3
103156,3,108.891045,-6.921966,2024-04-18,3
103157,3,108.890799,-6.921963,2024-04-18,3
103158,3,108.891855,-6.92186,2024-04-18,3
103159,3,108.891217,-6.921858,2024-04-18,3
94213,3,108.894417,-6.950028,2024-04-30,1
94216,3,108.937914,-6.913283,2024-04-30,1
94217,3,108.938472,-6.913278,2024-04-30,1
94224,3,109.413472,-7.426417,2024-04-30,1
94799,3,109.413922,-7.426614,2024-04-30,1
94806,3,109.413471,-7.42616,2024-04-30,1
94807,3,109.413924,-7.426162,2024-04-30,1
94827,3,108.894847,-6.950763,2024-04-30,1
94829,3,108.893945,-6.950307,2024-04-30,1
94830,3,108.894397,-6.950309,2024-04-30,1
94831,3,108.894849,-6.950311,2024-04-30,1
94833,3,108.895754,-6.950315,2024-04-30,1
94834,3,108.893947,-6.949855,2024-04-30,1
94835,3,108.894399,-6.949857,2024-04-30,1
94836,3,108.894851,-6.949859,2024-04-30,1
94837,3,108.895304,-6.949861,2024-04-30,1
94839,3,108.894401,-6.949405,2024-04-30,1
94848,3,108.93753,-6.913434,2024-04-30,1
94849,3,108.937983,-6.913436,2024-04-30,1
94850,3,108.93708,-6.91298,2024-04-30,1
98128,3,109.41385,-7.426666,2024-04-30,1
98136,3,109.413858,-7.426641,2024-04-30,1
98138,3,109.413833,-7.426609,2024-04-30,1
98144,3,109.413559,-7.426565,2024-04-30,1
98146,3,109.413941,-7.426561,2024-04-30,1
98147,3,109.41352,-7.426558,2024-04-30,1
98148,3,109.413478,-7.42655,2024-04-30,1
98149,3,109.41391,-7.426553,2024-04-30,1
98151,3,109.413869,-7.426547,2024-04-30,1
98152,3,109.413438,-7.426539,2024-04-30,1
98153,3,109.413398,-7.426532,2024-04-30,1
98155,3,109.413828,-7.426541,2024-04-30,1
98157,3,109.413357,-7.426526,2024-04-30,1
98158,3,109.413789,-7.426536,2024-04-30,1
98160,3,109.413745,-7.426551,2024-04-30,1
98162,3,109.413705,-7.426553,2024-04-30,1
98164,3,109.413677,-7.426547,2024-04-30,1
98165,3,109.413648,-7.426544,2024-04-30,1
98166,3,109.413604,-7.426563,2024-04-30,1
98174,3,109.41392,-7.426456,2024-04-30,1
98175,3,109.413888,-7.426451,2024-04-30,1
98177,3,109.413847,-7.426446,2024-04-30,1
98178,3,109.413808,-7.426439,2024-04-30,1
98180,3,109.413769,-7.426434,2024-04-30,1
98182,3,109.413728,-7.426427,2024-04-30,1
98183,3,109.413699,-7.426423,2024-04-30,1
98186,3,109.41367,-7.426419,2024-04-30,1
98187,3,109.413622,-7.426443,2024-04-30,1
98189,3,109.413582,-7.426441,2024-04-30,1
98191,3,109.413541,-7.426436,2024-04-30,1
98192,3,109.413947,-7.426436,2024-04-30,1
98193,3,109.4135,-7.42643,2024-04-30,1
98196,3,109.413459,-7.426422,2024-04-30,1
98197,3,109.413419,-7.426417,2024-04-30,1
98198,3,109.413377,-7.426413,2024-04-30,1
98205,3,109.413953,-7.426334,2024-04-30,1
98206,3,109.41391,-7.426337,2024-04-30,1
98207,3,109.413869,-7.426331,2024-04-30,1
98208,3,109.41383,-7.426324,2024-04-30,1
98210,3,109.41379,-7.426319,2024-04-30,1
98211,3,109.41375,-7.426312,2024-04-30,1
98214,3,109.413721,-7.426303,2024-04-30,1
98215,3,109.413692,-7.426299,2024-04-30,1
98216,3,109.413651,-7.426294,2024-04-30,1
98217,3,109.41361,-7.426287,2024-04-30,1
98219,3,109.41398,-7.42637,2024-04-30,1
98220,3,109.413569,-7.426281,2024-04-30,1
98225,3,109.413975,-7.426238,2024-04-30,1
98226,3,109.413528,-7.426276,2024-04-30,1
98227,3,109.413487,-7.42627,2024-04-30,1
98228,3,109.41393,-7.426231,2024-04-30,1
98230,3,109.413446,-7.426264,2024-04-30,1
98231,3,109.41389,-7.426224,2024-04-30,1
98232,3,109.413404,-7.426259,2024-04-30,1
98234,3,109.41385,-7.426216,2024-04-30,1
98237,3,109.413811,-7.42621,2024-04-30,1
98240,3,109.41377,-7.426202,2024-04-30,1
98241,3,109.413741,-7.426193,2024-04-30,1
98244,3,109.413712,-7.426188,2024-04-30,1
98247,3,109.413672,-7.426182,2024-04-30,1
98248,3,109.41402,-7.426173,2024-04-30,1
98250,3,109.413987,-7.426171,2024-04-30,1
98251,3,109.413944,-7.426164,2024-04-30,1
98252,3,109.41363,-7.426175,2024-04-30,1
98253,3,109.413903,-7.426159,2024-04-30,1
98254,3,109.413863,-7.426153,2024-04-30,1
98255,3,109.413589,-7.426167,2024-04-30,1
98256,3,109.413823,-7.426147,2024-04-30,1
98258,3,109.413782,-7.426141,2024-04-30,1
98259,3,109.413549,-7.42616,2024-04-30,1
98260,3,109.413751,-7.426137,2024-04-30,1
98262,3,109.413722,-7.426134,2024-04-30,1
98263,3,109.413682,-7.426129,2024-04-30,1
98264,3,109.41364,-7.426123,2024-04-30,1
98265,3,109.413598,-7.426117,2024-04-30,1
98266,3,109.413558,-7.426112,2024-04-30,1
98267,3,109.41351,-7.426145,2024-04-30,1
98268,3,109.413469,-7.42614,2024-04-30,1
98269,3,109.413427,-7.426135,2024-04-30,1
98477,3,108.89546,-6.951113,2024-04-30,1
98484,3,108.895181,-6.950978,2024-04-30,1
98488,3,108.89512,-6.950812,2024-04-30,1
98489,3,108.895664,-6.950769,2024-04-30,1
98491,3,108.894857,-6.950819,2024-04-30,1
98496,3,108.895483,-6.95069,2024-04-30,1
98499,3,108.89459,-6.950686,2024-04-30,1
98500,3,108.895682,-6.950617,2024-04-30,1
98501,3,108.895559,-6.950639,2024-04-30,1
98503,3,108.895233,-6.95058,2024-04-30,1
98506,3,108.895503,-6.950541,2024-04-30,1
98507,3,108.895266,-6.950511,2024-04-30,1
98509,3,108.895737,-6.950521,2024-04-30,1
98510,3,108.894326,-6.950555,2024-04-30,1
98513,3,108.894377,-6.950461,2024-04-30,1
98514,3,108.895294,-6.950452,2024-04-30,1
98516,3,108.894105,-6.950445,2024-04-30,1
98517,3,108.895031,-6.95041,2024-04-30,1
98518,3,108.893779,-6.950404,2024-04-30,1
98519,3,108.895502,-6.950424,2024-04-30,1
98520,3,108.895854,-6.950389,2024-04-30,1
98521,3,108.89415,-6.950354,2024-04-30,1
98522,3,108.895057,-6.950352,2024-04-30,1
98524,3,108.893919,-6.950353,2024-04-30,1
98525,3,108.894424,-6.950364,2024-04-30,1
98526,3,108.894758,-6.950292,2024-04-30,1
98527,3,108.893941,-6.950259,2024-04-30,1
98529,3,108.894469,-6.950246,2024-04-30,1
98530,3,108.894195,-6.95026,2024-04-30,1
98531,3,108.894786,-6.950238,2024-04-30,1
98532,3,108.895628,-6.950299,2024-04-30,1
98533,3,108.894249,-6.95015,2024-04-30,1
98534,3,108.893998,-6.950172,2024-04-30,1
98535,3,108.894409,-6.950142,2024-04-30,1
98537,3,108.895279,-6.95016,2024-04-30,1
98538,3,108.89405,-6.950064,2024-04-30,1
98539,3,108.894439,-6.950091,2024-04-30,1
98540,3,108.893815,-6.950084,2024-04-30,1
98541,3,108.895723,-6.950135,2024-04-30,1
98542,3,108.894087,-6.950004,2024-04-30,1
98543,3,108.895006,-6.950051,2024-04-30,1
98544,3,108.893846,-6.949976,2024-04-30,1
98546,3,108.894477,-6.950005,2024-04-30,1
98547,3,108.894114,-6.949953,2024-04-30,1
98548,3,108.893873,-6.949914,2024-04-30,1
98549,3,108.895354,-6.949987,2024-04-30,1
98550,3,108.895714,-6.949979,2024-04-30,1
98551,3,108.894744,-6.949946,2024-04-30,1
98552,3,108.893901,-6.949863,2024-04-30,1
98553,3,108.895075,-6.949879,2024-04-30,1
98555,3,108.895928,-6.949818,2024-04-30,1
98556,3,108.896034,-6.949771,2024-04-30,1
98557,3,108.894487,-6.949844,2024-04-30,1
98558,3,108.894071,-6.949838,2024-04-30,1
98559,3,108.895268,-6.949802,2024-04-30,1
98560,3,108.895919,-6.949719,2024-04-30,1
98561,3,108.894812,-6.949773,2024-04-30,1
98562,3,108.894249,-6.94975,2024-04-30,1
98563,3,108.895011,-6.9497,2024-04-30,1
98565,3,108.895655,-6.949695,2024-04-30,1
98567,3,108.894032,-6.949666,2024-04-30,1
98568,3,108.894558,-6.949673,2024-04-30,1
98569,3,108.895702,-6.949626,2024-04-30,1
98570,3,108.894808,-6.94962,2024-04-30,1
98573,3,108.894621,-6.949546,2024-04-30,1
98574,3,108.894323,-6.949583,2024-04-30,1
98576,3,108.89536,-6.949562,2024-04-30,1
98577,3,108.894138,-6.949521,2024-04-30,1
98578,3,108.895413,-6.949501,2024-04-30,1
98581,3,108.894402,-6.949459,2024-04-30,1
98582,3,108.895105,-6.949447,2024-04-30,1
98583,3,108.895154,-6.94939,2024-04-30,1
98586,3,108.894961,-6.949307,2024-04-30,1
98587,3,108.894889,-6.949349,2024-04-30,1
98588,3,108.894379,-6.949256,2024-04-30,1
98590,3,108.89469,-6.949264,2024-04-30,1
98591,3,108.894531,-6.949203,2024-04-30,1
98635,3,108.938526,-6.913763,2024-04-30,1
98636,3,108.937982,-6.913649,2024-04-30,1
98641,3,108.938168,-6.913409,2024-04-30,1
98642,3,108.937918,-6.913403,2024-04-30,1
98643,3,108.937744,-6.913395,2024-04-30,1
98644,3,108.93752,-6.913384,2024-04-30,1
98646,3,108.936988,-6.91318,2024-04-30,1
98647,3,108.938159,-6.91314,2024-04-30,1
98648,3,108.937922,-6.913138,2024-04-30,1
98649,3,108.937759,-6.913133,2024-04-30,1
98651,3,108.937532,-6.913126,2024-04-30,1
98656,3,108.937281,-6.912905,2024-04-30,1
98657,3,108.936992,-6.91293,2024-04-30,1
98663,3,108.936921,-6.912704,2024-04-30,1
98664,3,108.937011,-6.912707,2024-04-30,1
98665,3,108.937252,-6.912711,2024-04-30,1
134209,4,109.406519,-6.896431,2024-03-25,1
134213,4,109.429619,-6.895931,2024-03-25,1
134215,4,109.429517,-6.895706,2024-03-25,1
134481,4,109.406249,-6.897601,2024-03-25,1
134482,4,109.406702,-6.897602,2024-03-25,1
134484,4,109.406251,-6.897149,2024-03-25,1
134485,4,109.406703,-6.89715,2024-03-25,1
134487,4,109.406252,-6.896696,2024-03-25,1
134488,4,109.406705,-6.896698,2024-03-25,1
134490,4,109.428699,-6.896738,2024-03-25,1
134491,4,109.429152,-6.896739,2024-03-25,1
134502,4,109.429607,-6.895836,2024-03-25,1
134503,4,109.43006,-6.895838,2024-03-25,1
135736,4,109.40689,-6.897707,2024-03-25,1
135737,4,109.406701,-6.897694,2024-03-25,1
135738,4,109.40648,-6.897704,2024-03-25,1
135739,4,109.40628,-6.897681,2024-03-25,1
135740,4,109.406905,-6.897592,2024-03-25,1
135743,4,109.406707,-6.897572,2024-03-25,1
135744,4,109.406486,-6.897548,2024-03-25,1
135745,4,109.40629,-6.897527,2024-03-25,1
135746,4,109.406058,-6.897478,2024-03-25,1
135747,4,109.405894,-6.897463,2024-03-25,1
135749,4,109.40692,-6.897435,2024-03-25,1
135750,4,109.406768,-6.897419,2024-03-25,1
135751,4,109.406588,-6.8974,2024-03-25,1
135752,4,109.406023,-6.897359,2024-03-25,1
135753,4,109.406346,-6.897375,2024-03-25,1
135754,4,109.40693,-6.897274,2024-03-25,1
135755,4,109.406077,-6.897244,2024-03-25,1
135756,4,109.406778,-6.89726,2024-03-25,1
135757,4,109.40591,-6.89723,2024-03-25,1
135759,4,109.406596,-6.897242,2024-03-25,1
135761,4,109.406353,-6.897219,2024-03-25,1
135762,4,109.405902,-6.897144,2024-03-25,1
135763,4,109.405905,-6.89709,2024-03-25,1
135764,4,109.406072,-6.897124,2024-03-25,1
135765,4,109.406936,-6.897117,2024-03-25,1
135766,4,109.406774,-6.897102,2024-03-25,1
135767,4,109.405907,-6.89704,2024-03-25,1
135771,4,109.406585,-6.897084,2024-03-25,1
135776,4,109.40591,-6.896993,2024-03-25,1
135777,4,109.406353,-6.89706,2024-03-25,1
135778,4,109.429148,-6.897034,2024-03-25,1
135779,4,109.428952,-6.897025,2024-03-25,1
135780,4,109.428778,-6.897015,2024-03-25,1
135781,4,109.428651,-6.897005,2024-03-25,1
135782,4,109.428488,-6.896966,2024-03-25,1
135783,4,109.406077,-6.897006,2024-03-25,1
135784,4,109.405911,-6.896952,2024-03-25,1
135785,4,109.406946,-6.896961,2024-03-25,1
135786,4,109.406787,-6.896947,2024-03-25,1
135787,4,109.406116,-6.896903,2024-03-25,1
135788,4,109.406599,-6.896928,2024-03-25,1
135790,4,109.405948,-6.896886,2024-03-25,1
135796,4,109.406363,-6.896904,2024-03-25,1
135798,4,109.429144,-6.896865,2024-03-25,1
135799,4,109.428963,-6.896861,2024-03-25,1
135800,4,109.428797,-6.89686,2024-03-25,1
135801,4,109.428613,-6.896855,2024-03-25,1
135802,4,109.428491,-6.896857,2024-03-25,1
135803,4,109.406125,-6.896808,2024-03-25,1
135804,4,109.405955,-6.896789,2024-03-25,1
135805,4,109.406953,-6.896809,2024-03-25,1
135806,4,109.406789,-6.896792,2024-03-25,1
135807,4,109.4066,-6.896773,2024-03-25,1
135808,4,109.406159,-6.896721,2024-03-25,1
135813,4,109.406368,-6.896749,2024-03-25,1
135815,4,109.405991,-6.896703,2024-03-25,1
135817,4,109.406168,-6.896629,2024-03-25,1
135818,4,109.406964,-6.896656,2024-03-25,1
135819,4,109.429144,-6.89666,2024-03-25,1
135820,4,109.428975,-6.896658,2024-03-25,1
135821,4,109.428791,-6.896655,2024-03-25,1
135822,4,109.428592,-6.896654,2024-03-25,1
135823,4,109.428485,-6.896657,2024-03-25,1
135824,4,109.406803,-6.896639,2024-03-25,1
135825,4,109.405998,-6.896611,2024-03-25,1
135826,4,109.406615,-6.896618,2024-03-25,1
135827,4,109.406379,-6.896592,2024-03-25,1
135833,4,109.406175,-6.896537,2024-03-25,1
135835,4,109.406036,-6.896522,2024-03-25,1
135836,4,109.40593,-6.89651,2024-03-25,1
135837,4,109.406816,-6.896485,2024-03-25,1
135838,4,109.406629,-6.896464,2024-03-25,1
135839,4,109.40639,-6.896439,2024-03-25,1
135855,4,109.406042,-6.896318,2024-03-25,1
135870,4,109.406122,-6.89604,2024-03-25,1
135872,4,109.405988,-6.896027,2024-03-25,1
135875,4,109.430331,-6.895931,2024-03-25,1
135876,4,109.430194,-6.895929,2024-03-25,1
135877,4,109.42998,-6.895926,2024-03-25,1
135878,4,109.429756,-6.895922,2024-03-25,1
135879,4,109.429516,-6.895918,2024-03-25,1
135883,4,109.430331,-6.89578,2024-03-25,1
135885,4,109.430194,-6.895777,2024-03-25,1
135886,4,109.42999,-6.895771,2024-03-25,1
135887,4,109.429811,-6.895768,2024-03-25,1
135889,4,109.429646,-6.895765,2024-03-25,1
135890,4,109.429477,-6.895762,2024-03-25,1
135896,4,109.430331,-6.89567,2024-03-25,1
135897,4,109.430126,-6.895663,2024-03-25,1
135898,4,109.429852,-6.895654,2024-03-25,1
135899,4,109.406139,-6.895752,2024-03-25,1
135900,4,109.429655,-6.895648,2024-03-25,1
135901,4,109.429473,-6.895642,2024-03-25,1
135902,4,109.406005,-6.895742,2024-03-25,1
135905,4,109.430334,-6.895591,2024-03-25,1
135907,4,109.430137,-6.895583,2024-03-25,1
135908,4,109.429861,-6.895573,2024-03-25,1
135909,4,109.429657,-6.895566,2024-03-25,1
135912,4,109.429472,-6.89556,2024-03-25,1
135933,4,109.406155,-6.895475,2024-03-25,1
135936,4,109.406021,-6.895462,2024-03-25,1
94214,3,108.892183,-6.948961,2024-04-30,2
94218,3,109.053417,-6.9815,2024-04-30,2
94223,3,109.411611,-7.426361,2024-04-30,2
94233,3,109.488056,-7.716167,2024-04-30,2
94699,3,109.487652,-7.715784,2024-04-30,2
94700,3,109.488105,-7.715786,2024-04-30,2
94702,3,109.489012,-7.715789,2024-04-30,2
94703,3,109.487653,-7.715332,2024-04-30,2
94704,3,109.488107,-7.715334,2024-04-30,2
94707,3,109.487655,-7.71488,2024-04-30,2
94708,3,109.488108,-7.714882,2024-04-30,2
94794,3,109.411658,-7.426606,2024-04-30,2
94795,3,109.412111,-7.426607,2024-04-30,2
94803,3,109.411659,-7.426154,2024-04-30,2
94804,3,109.412112,-7.426155,2024-04-30,2
94814,3,109.052593,-6.982177,2024-04-30,2
94815,3,109.053045,-6.982179,2024-04-30,2
94816,3,109.052595,-6.981725,2024-04-30,2
94817,3,109.053047,-6.981727,2024-04-30,2
94819,3,109.052597,-6.981273,2024-04-30,2
94825,3,108.895298,-6.951217,2024-04-30,2
94826,3,108.894395,-6.950761,2024-04-30,2
94828,3,108.8953,-6.950765,2024-04-30,2
94832,3,108.895302,-6.950313,2024-04-30,2
94838,3,108.895756,-6.949863,2024-04-30,2
94840,3,108.894853,-6.949407,2024-04-30,2
97410,3,109.48898,-7.716486,2024-04-30,2
97412,3,109.488243,-7.716461,2024-04-30,2
97414,3,109.487982,-7.716373,2024-04-30,2
97425,3,109.488794,-7.716119,2024-04-30,2
97435,3,109.488121,-7.715929,2024-04-30,2
97437,3,109.488644,-7.715902,2024-04-30,2
97439,3,109.487735,-7.715842,2024-04-30,2
97440,3,109.488996,-7.715832,2024-04-30,2
97442,3,109.488145,-7.715814,2024-04-30,2
97443,3,109.488984,-7.715749,2024-04-30,2
97445,3,109.487682,-7.715721,2024-04-30,2
97449,3,109.487677,-7.715582,2024-04-30,2
97450,3,109.487994,-7.715562,2024-04-30,2
97452,3,109.489253,-7.715473,2024-04-30,2
97455,3,109.489245,-7.715322,2024-04-30,2
97458,3,109.488168,-7.715376,2024-04-30,2
97459,3,109.487725,-7.715351,2024-04-30,2
97463,3,109.489216,-7.715111,2024-04-30,2
97465,3,109.48878,-7.715103,2024-04-30,2
97466,3,109.48919,-7.714993,2024-04-30,2
97467,3,109.487886,-7.715006,2024-04-30,2
97468,3,109.489155,-7.714878,2024-04-30,2
97469,3,109.487612,-7.715017,2024-04-30,2
97471,3,109.487768,-7.714809,2024-04-30,2
97472,3,109.48811,-7.714876,2024-04-30,2
97473,3,109.487885,-7.714778,2024-04-30,2
97474,3,109.488043,-7.714741,2024-04-30,2
98068,3,109.411941,-7.426895,2024-04-30,2
98074,3,109.411867,-7.426886,2024-04-30,2
98077,3,109.411796,-7.426877,2024-04-30,2
98082,3,109.411668,-7.426859,2024-04-30,2
98087,3,109.411527,-7.426841,2024-04-30,2
98089,3,109.411431,-7.42683,2024-04-30,2
98090,3,109.411378,-7.426822,2024-04-30,2
98098,3,109.412286,-7.426848,2024-04-30,2
98099,3,109.412224,-7.426842,2024-04-30,2
98103,3,109.412145,-7.42683,2024-04-30,2
98106,3,109.412067,-7.426829,2024-04-30,2
98108,3,109.412014,-7.426814,2024-04-30,2
98111,3,109.411952,-7.426805,2024-04-30,2
98117,3,109.411866,-7.426787,2024-04-30,2
98118,3,109.411772,-7.426775,2024-04-30,2
98123,3,109.411666,-7.426754,2024-04-30,2
98130,3,109.411543,-7.426735,2024-04-30,2
98132,3,109.411449,-7.426719,2024-04-30,2
98135,3,109.411391,-7.426705,2024-04-30,2
98156,3,109.412317,-7.426627,2024-04-30,2
98159,3,109.412258,-7.426623,2024-04-30,2
98163,3,109.412179,-7.426613,2024-04-30,2
98167,3,109.412102,-7.426593,2024-04-30,2
98169,3,109.412022,-7.426591,2024-04-30,2
98171,3,109.41192,-7.426562,2024-04-30,2
98173,3,109.411817,-7.426555,2024-04-30,2
98179,3,109.411701,-7.426534,2024-04-30,2
98185,3,109.411577,-7.426517,2024-04-30,2
98190,3,109.411487,-7.426503,2024-04-30,2
98194,3,109.411421,-7.426478,2024-04-30,2
98218,3,109.412335,-7.426351,2024-04-30,2
98222,3,109.411608,-7.426306,2024-04-30,2
98223,3,109.412236,-7.426337,2024-04-30,2
98224,3,109.411412,-7.42624,2024-04-30,2
98229,3,109.412156,-7.426324,2024-04-30,2
98233,3,109.412074,-7.426318,2024-04-30,2
98238,3,109.411978,-7.426302,2024-04-30,2
98246,3,109.411867,-7.426285,2024-04-30,2
98270,3,109.41163,-7.426173,2024-04-30,2
98271,3,109.412371,-7.426153,2024-04-30,2
98272,3,109.411426,-7.426133,2024-04-30,2
98275,3,109.412267,-7.426138,2024-04-30,2
98278,3,109.412182,-7.426129,2024-04-30,2
98279,3,109.412097,-7.426118,2024-04-30,2
98281,3,109.412006,-7.426108,2024-04-30,2
98285,3,109.411796,-7.426078,2024-04-30,2
98286,3,109.412391,-7.426045,2024-04-30,2
98288,3,109.412269,-7.426031,2024-04-30,2
98291,3,109.412164,-7.426021,2024-04-30,2
98292,3,109.411546,-7.426041,2024-04-30,2
98293,3,109.411441,-7.426021,2024-04-30,2
98294,3,109.412065,-7.426011,2024-04-30,2
98298,3,109.411876,-7.42599,2024-04-30,2
98302,3,109.411588,-7.425957,2024-04-30,2
98402,3,109.052823,-6.982463,2024-04-30,2
98403,3,109.052541,-6.982452,2024-04-30,2
98409,3,109.053327,-6.982333,2024-04-30,2
98411,3,109.052833,-6.982201,2024-04-30,2
98412,3,109.052552,-6.982182,2024-04-30,2
98414,3,109.052943,-6.982091,2024-04-30,2
98415,3,109.052706,-6.982075,2024-04-30,2
98416,3,109.052557,-6.982064,2024-04-30,2
98419,3,109.05298,-6.981822,2024-04-30,2
98420,3,109.052577,-6.981797,2024-04-30,2
98422,3,109.052992,-6.981708,2024-04-30,2
98423,3,109.052827,-6.981759,2024-04-30,2
98424,3,109.052709,-6.981763,2024-04-30,2
98425,3,109.052603,-6.981682,2024-04-30,2
98426,3,109.053753,-6.981651,2024-04-30,2
98427,3,109.053524,-6.981637,2024-04-30,2
98428,3,109.053269,-6.981621,2024-04-30,2
98429,3,109.052995,-6.981604,2024-04-30,2
98430,3,109.052783,-6.98159,2024-04-30,2
98431,3,109.05262,-6.98158,2024-04-30,2
98432,3,109.053756,-6.98156,2024-04-30,2
98433,3,109.053529,-6.981546,2024-04-30,2
98434,3,109.053273,-6.98153,2024-04-30,2
98435,3,109.052999,-6.981511,2024-04-30,2
98436,3,109.052789,-6.981497,2024-04-30,2
98437,3,109.052623,-6.981486,2024-04-30,2
98438,3,109.053791,-6.981432,2024-04-30,2
98439,3,109.053634,-6.981423,2024-04-30,2
98440,3,109.053474,-6.981412,2024-04-30,2
98441,3,109.053284,-6.981398,2024-04-30,2
98442,3,109.052946,-6.981373,2024-04-30,2
98443,3,109.052628,-6.981349,2024-04-30,2
98450,3,109.052946,-6.981087,2024-04-30,2
98451,3,109.052637,-6.981069,2024-04-30,2
98452,3,109.053792,-6.981095,2024-04-30,2
98453,3,109.053623,-6.981083,2024-04-30,2
98454,3,109.053351,-6.981065,2024-04-30,2
98455,3,109.052945,-6.980989,2024-04-30,2
98456,3,109.05264,-6.980968,2024-04-30,2
98475,3,108.895409,-6.951236,2024-04-30,2
98476,3,108.89504,-6.951135,2024-04-30,2
98478,3,108.895166,-6.951123,2024-04-30,2
98479,3,108.89464,-6.951,2024-04-30,2
98480,3,108.895513,-6.950994,2024-04-30,2
98481,3,108.894749,-6.951003,2024-04-30,2
98482,3,108.894826,-6.950948,2024-04-30,2
98483,3,108.895312,-6.950901,2024-04-30,2
98485,3,108.894399,-6.950895,2024-04-30,2
98486,3,108.894474,-6.950865,2024-04-30,2
98487,3,108.895572,-6.950882,2024-04-30,2
98490,3,108.894541,-6.950804,2024-04-30,2
98492,3,108.894231,-6.950742,2024-04-30,2
98493,3,108.894064,-6.950748,2024-04-30,2
98494,3,108.894908,-6.950713,2024-04-30,2
98495,3,108.895293,-6.950756,2024-04-30,2
98497,3,108.89427,-6.950668,2024-04-30,2
98498,3,108.894024,-6.950634,2024-04-30,2
98502,3,108.894641,-6.950586,2024-04-30,2
98504,3,108.894958,-6.950604,2024-04-30,2
98505,3,108.894057,-6.950557,2024-04-30,2
98508,3,108.893835,-6.950532,2024-04-30,2
98511,3,108.893898,-6.950471,2024-04-30,2
98512,3,108.894999,-6.950477,2024-04-30,2
98515,3,108.894688,-6.950483,2024-04-30,2
98523,3,108.894733,-6.950361,2024-04-30,2
98528,3,108.895159,-6.950283,2024-04-30,2
98536,3,108.894826,-6.950147,2024-04-30,2
98545,3,108.895932,-6.949968,2024-04-30,2
98554,3,108.895647,-6.949851,2024-04-30,2
98564,3,108.895315,-6.949715,2024-04-30,2
98566,3,108.89561,-6.94976,2024-04-30,2
98571,3,108.895052,-6.949608,2024-04-30,2
98572,3,108.895093,-6.94954,2024-04-30,2
98575,3,108.894859,-6.949529,2024-04-30,2
98579,3,108.89488,-6.949449,2024-04-30,2
98580,3,108.894678,-6.949455,2024-04-30,2
98584,3,108.894682,-6.949365,2024-04-30,2
98585,3,108.894447,-6.949362,2024-04-30,2
98589,3,108.894491,-6.949284,2024-04-30,2
134212,4,109.429472,-6.896186,2024-03-25,2
134216,4,109.093331,-6.969928,2024-03-25,2
134217,4,109.052569,-6.994953,2024-03-25,2
134218,4,109.052986,-6.995039,2024-03-25,2
134219,4,109.052872,-6.995378,2024-03-25,2
134220,4,109.052519,-6.995586,2024-03-25,2
134227,4,109.406953,-6.895875,2024-03-25,2
134229,4,109.052619,-6.994092,2024-03-25,2
134230,4,109.052478,-6.994253,2024-03-25,2
134345,4,109.05344,-6.996194,2024-03-25,2
134346,4,109.053892,-6.996196,2024-03-25,2
134347,4,109.052537,-6.995738,2024-03-25,2
134348,4,109.052989,-6.99574,2024-03-25,2
134349,4,109.053442,-6.995742,2024-03-25,2
134350,4,109.053894,-6.995744,2024-03-25,2
134351,4,109.052539,-6.995286,2024-03-25,2
134352,4,109.052991,-6.995288,2024-03-25,2
134353,4,109.053444,-6.99529,2024-03-25,2
134354,4,109.053896,-6.995292,2024-03-25,2
134355,4,109.052541,-6.994834,2024-03-25,2
134356,4,109.052543,-6.994382,2024-03-25,2
134358,4,109.053447,-6.994386,2024-03-25,2
134359,4,109.0539,-6.994388,2024-03-25,2
134360,4,109.052544,-6.99393,2024-03-25,2
134362,4,109.053449,-6.993934,2024-03-25,2
134363,4,109.053902,-6.993936,2024-03-25,2
134364,4,109.054354,-6.993938,2024-03-25,2
134365,4,109.052546,-6.993478,2024-03-25,2
134367,4,109.053451,-6.993482,2024-03-25,2
134368,4,109.093807,-6.971496,2024-03-25,2
134369,4,109.094259,-6.971498,2024-03-25,2
134370,4,109.094712,-6.9715,2024-03-25,2
134371,4,109.095164,-6.971502,2024-03-25,2
134372,4,109.093356,-6.971042,2024-03-25,2
134373,4,109.093809,-6.971044,2024-03-25,2
134374,4,109.094261,-6.971046,2024-03-25,2
134375,4,109.094713,-6.971048,2024-03-25,2
134376,4,109.095166,-6.97105,2024-03-25,2
134377,4,109.093358,-6.97059,2024-03-25,2
134378,4,109.09381,-6.970592,2024-03-25,2
134379,4,109.094263,-6.970594,2024-03-25,2
134380,4,109.094715,-6.970596,2024-03-25,2
134381,4,109.095168,-6.970598,2024-03-25,2
134382,4,109.09336,-6.970138,2024-03-25,2
134383,4,109.093812,-6.97014,2024-03-25,2
134384,4,109.094265,-6.970142,2024-03-25,2
134385,4,109.094717,-6.970144,2024-03-25,2
134386,4,109.093362,-6.969686,2024-03-25,2
134387,4,109.093814,-6.969688,2024-03-25,2
134388,4,109.094266,-6.96969,2024-03-25,2
134389,4,109.094719,-6.969692,2024-03-25,2
134483,4,109.407154,-6.897604,2024-03-25,2
134486,4,109.407155,-6.897152,2024-03-25,2
134489,4,109.407157,-6.8967,2024-03-25,2
134492,4,109.429604,-6.896741,2024-03-25,2
134493,4,109.430057,-6.896742,2024-03-25,2
134494,4,109.406254,-6.896244,2024-03-25,2
134495,4,109.406706,-6.896246,2024-03-25,2
134496,4,109.429606,-6.896289,2024-03-25,2
134497,4,109.430058,-6.89629,2024-03-25,2
134498,4,109.406255,-6.895792,2024-03-25,2
134499,4,109.406708,-6.895794,2024-03-25,2
134511,4,109.429612,-6.89448,2024-03-25,2
134512,4,109.430064,-6.894482,2024-03-25,2
135195,4,109.053733,-6.996248,2024-03-25,2
135196,4,109.053502,-6.996198,2024-03-25,2
135197,4,109.054174,-6.996183,2024-03-25,2
135198,4,109.05399,-6.996178,2024-03-25,2
135199,4,109.053251,-6.996155,2024-03-25,2
135200,4,109.05376,-6.996136,2024-03-25,2
135201,4,109.053004,-6.996101,2024-03-25,2
135202,4,109.052769,-6.996051,2024-03-25,2
135203,4,109.053517,-6.996089,2024-03-25,2
135204,4,109.054189,-6.996069,2024-03-25,2
135205,4,109.052548,-6.996006,2024-03-25,2
135206,4,109.052422,-6.995979,2024-03-25,2
135207,4,109.053265,-6.99604,2024-03-25,2
135208,4,109.054013,-6.996035,2024-03-25,2
135209,4,109.053017,-6.995992,2024-03-25,2
135210,4,109.05378,-6.995991,2024-03-25,2
135211,4,109.052783,-6.995948,2024-03-25,2
135212,4,109.053536,-6.995944,2024-03-25,2
135213,4,109.054205,-6.995922,2024-03-25,2
135214,4,109.052559,-6.995906,2024-03-25,2
135215,4,109.053296,-6.995899,2024-03-25,2
135216,4,109.054033,-6.995886,2024-03-25,2
135217,4,109.052353,-6.995864,2024-03-25,2
135218,4,109.05305,-6.995853,2024-03-25,2
135219,4,109.053806,-6.995839,2024-03-25,2
135220,4,109.0528,-6.995806,2024-03-25,2
135221,4,109.053605,-6.995799,2024-03-25,2
135222,4,109.054207,-6.995776,2024-03-25,2
135223,4,109.052576,-6.995765,2024-03-25,2
135224,4,109.054226,-6.995678,2024-03-25,2
135225,4,109.052364,-6.995725,2024-03-25,2
135226,4,109.053356,-6.995746,2024-03-25,2
135227,4,109.053068,-6.995687,2024-03-25,2
135228,4,109.053934,-6.995689,2024-03-25,2
135229,4,109.052855,-6.995642,2024-03-25,2
135230,4,109.053611,-6.995625,2024-03-25,2
135231,4,109.052661,-6.995614,2024-03-25,2
135232,4,109.053501,-6.995601,2024-03-25,2
135233,4,109.052408,-6.995581,2024-03-25,2
135234,4,109.053354,-6.995571,2024-03-25,2
135235,4,109.054239,-6.99555,2024-03-25,2
135236,4,109.053143,-6.995527,2024-03-25,2
135237,4,109.05294,-6.995483,2024-03-25,2
135238,4,109.054009,-6.995506,2024-03-25,2
135239,4,109.053762,-6.995462,2024-03-25,2
135240,4,109.052728,-6.995435,2024-03-25,2
135241,4,109.052514,-6.99542,2024-03-25,2
135242,4,109.053597,-6.995433,2024-03-25,2
135243,4,109.05234,-6.995407,2024-03-25,2
135244,4,109.053373,-6.995393,2024-03-25,2
135245,4,109.054257,-6.995363,2024-03-25,2
135246,4,109.053161,-6.995353,2024-03-25,2
135247,4,109.054117,-6.995335,2024-03-25,2
135248,4,109.052956,-6.995313,2024-03-25,2
135249,4,109.053924,-6.995301,2024-03-25,2
135250,4,109.053782,-6.995276,2024-03-25,2
135251,4,109.052745,-6.995244,2024-03-25,2
135252,4,109.053615,-6.995246,2024-03-25,2
135253,4,109.05253,-6.99523,2024-03-25,2
135254,4,109.052351,-6.995218,2024-03-25,2
135255,4,109.053409,-6.99521,2024-03-25,2
135256,4,109.053199,-6.995172,2024-03-25,2
135257,4,109.052976,-6.995135,2024-03-25,2
135258,4,109.05276,-6.995075,2024-03-25,2
135259,4,109.054279,-6.995145,2024-03-25,2
135260,4,109.052543,-6.995059,2024-03-25,2
135261,4,109.054127,-6.995113,2024-03-25,2
135262,4,109.05236,-6.995045,2024-03-25,2
135263,4,109.053873,-6.995082,2024-03-25,2
135264,4,109.053637,-6.995053,2024-03-25,2
135265,4,109.053425,-6.995026,2024-03-25,2
135266,4,109.053223,-6.995001,2024-03-25,2
135267,4,109.054298,-6.994953,2024-03-25,2
135268,4,109.052999,-6.994977,2024-03-25,2
135269,4,109.054147,-6.994943,2024-03-25,2
135270,4,109.053888,-6.994927,2024-03-25,2
135271,4,109.053648,-6.994912,2024-03-25,2
135272,4,109.053434,-6.994899,2024-03-25,2
135273,4,109.053119,-6.99488,2024-03-25,2
135274,4,109.052776,-6.994917,2024-03-25,2
135275,4,109.052557,-6.994901,2024-03-25,2
135276,4,109.05237,-6.994886,2024-03-25,2
135277,4,109.054189,-6.99474,2024-03-25,2
135278,4,109.053973,-6.994729,2024-03-25,2
135279,4,109.053826,-6.994722,2024-03-25,2
135280,4,109.053687,-6.994715,2024-03-25,2
135281,4,109.05354,-6.994706,2024-03-25,2
135282,4,109.053362,-6.994696,2024-03-25,2
135283,4,109.053157,-6.994684,2024-03-25,2
135284,4,109.052404,-6.994658,2024-03-25,2
135287,4,109.052579,-6.994653,2024-03-25,2
135288,4,109.054199,-6.994582,2024-03-25,2
135289,4,109.053988,-6.994563,2024-03-25,2
135290,4,109.052412,-6.994531,2024-03-25,2
135291,4,109.054306,-6.994493,2024-03-25,2
135292,4,109.053841,-6.99455,2024-03-25,2
135293,4,109.054177,-6.994479,2024-03-25,2
135294,4,109.053704,-6.994538,2024-03-25,2
135295,4,109.054,-6.994459,2024-03-25,2
135296,4,109.053558,-6.994523,2024-03-25,2
135297,4,109.05259,-6.994493,2024-03-25,2
135298,4,109.053379,-6.994507,2024-03-25,2
135299,4,109.053168,-6.994492,2024-03-25,2
135303,4,109.052421,-6.994406,2024-03-25,2
135304,4,109.054315,-6.994368,2024-03-25,2
135305,4,109.054187,-6.994353,2024-03-25,2
135306,4,109.054011,-6.994335,2024-03-25,2
135307,4,109.053861,-6.994345,2024-03-25,2
135308,4,109.053725,-6.994332,2024-03-25,2
135309,4,109.052604,-6.994313,2024-03-25,2
135310,4,109.05358,-6.994316,2024-03-25,2
135311,4,109.053445,-6.994301,2024-03-25,2
135312,4,109.052432,-6.99426,2024-03-25,2
135315,4,109.054329,-6.994175,2024-03-25,2
135316,4,109.054205,-6.994151,2024-03-25,2
135317,4,109.054031,-6.994122,2024-03-25,2
135318,4,109.05262,-6.9941,2024-03-25,2
135319,4,109.052446,-6.994075,2024-03-25,2
135320,4,109.053884,-6.994099,2024-03-25,2
135323,4,109.053748,-6.994081,2024-03-25,2
135324,4,109.053603,-6.994058,2024-03-25,2
135325,4,109.054297,-6.993987,2024-03-25,2
135326,4,109.053463,-6.994037,2024-03-25,2
135327,4,109.054123,-6.993954,2024-03-25,2
135328,4,109.053929,-6.993916,2024-03-25,2
135329,4,109.052635,-6.993886,2024-03-25,2
135330,4,109.052463,-6.993874,2024-03-25,2
135331,4,109.052352,-6.993864,2024-03-25,2
135332,4,109.054305,-6.993831,2024-03-25,2
135333,4,109.054132,-6.993813,2024-03-25,2
135334,4,109.053867,-6.993785,2024-03-25,2
135335,4,109.053646,-6.993816,2024-03-25,2
135336,4,109.053503,-6.993794,2024-03-25,2
135339,4,109.052477,-6.9937,2024-03-25,2
135340,4,109.052366,-6.99368,2024-03-25,2
135341,4,109.052648,-6.993688,2024-03-25,2
135342,4,109.05371,-6.993647,2024-03-25,2
135345,4,109.052492,-6.993523,2024-03-25,2
135346,4,109.052379,-6.9935,2024-03-25,2
135347,4,109.05266,-6.993499,2024-03-25,2
135348,4,109.052388,-6.993398,2024-03-25,2
135349,4,109.053331,-6.993875,2024-03-25,2
135351,4,109.052668,-6.993368,2024-03-25,2
135352,4,109.052547,-6.993411,2024-03-25,2
135353,4,109.05369,-6.993465,2024-03-25,2
135354,4,109.053524,-6.993525,2024-03-25,2
135355,4,109.053636,-6.993275,2024-03-25,2
135356,4,109.053175,-6.993844,2024-03-25,2
135357,4,109.094674,-6.97147,2024-03-25,2
135358,4,109.094885,-6.971471,2024-03-25,2
135359,4,109.095234,-6.971456,2024-03-25,2
135360,4,109.0938,-6.971474,2024-03-25,2
135361,4,109.094072,-6.971439,2024-03-25,2
135362,4,109.094336,-6.971439,2024-03-25,2
135363,4,109.094528,-6.971441,2024-03-25,2
135364,4,109.095071,-6.971439,2024-03-25,2
135365,4,109.093304,-6.971422,2024-03-25,2
135366,4,109.094888,-6.971391,2024-03-25,2
135368,4,109.095245,-6.971325,2024-03-25,2
135369,4,109.095404,-6.971304,2024-03-25,2
135370,4,109.094685,-6.971318,2024-03-25,2
135371,4,109.094539,-6.971292,2024-03-25,2
135372,4,109.094345,-6.971287,2024-03-25,2
135373,4,109.09408,-6.971284,2024-03-25,2
135374,4,109.093815,-6.97133,2024-03-25,2
135375,4,109.093311,-6.971269,2024-03-25,2
135376,4,109.093763,-6.971231,2024-03-25,2
135377,4,109.094912,-6.971275,2024-03-25,2
135378,4,109.095081,-6.97127,2024-03-25,2
135379,4,109.095252,-6.971194,2024-03-25,2
135381,4,109.095406,-6.971187,2024-03-25,2
135382,4,109.094445,-6.971103,2024-03-25,2
135383,4,109.094551,-6.97111,2024-03-25,2
135384,4,109.09469,-6.971108,2024-03-25,2
135385,4,109.093911,-6.971089,2024-03-25,2
135386,4,109.094301,-6.971097,2024-03-25,2
135387,4,109.095256,-6.97106,2024-03-25,2
135388,4,109.094096,-6.971091,2024-03-25,2
135389,4,109.093325,-6.971083,2024-03-25,2
135390,4,109.094913,-6.971096,2024-03-25,2
135391,4,109.09509,-6.971078,2024-03-25,2
135392,4,109.093773,-6.971059,2024-03-25,2
135394,4,109.094563,-6.970914,2024-03-25,2
135395,4,109.094458,-6.970909,2024-03-25,2
135396,4,109.094305,-6.970903,2024-03-25,2
135397,4,109.094103,-6.9709,2024-03-25,2
135398,4,109.093921,-6.970901,2024-03-25,2
135399,4,109.095262,-6.970894,2024-03-25,2
135400,4,109.095017,-6.97088,2024-03-25,2
135401,4,109.095102,-6.970886,2024-03-25,2
135402,4,109.094877,-6.970897,2024-03-25,2
135403,4,109.093338,-6.970881,2024-03-25,2
135404,4,109.094693,-6.97089,2024-03-25,2
135405,4,109.093788,-6.970838,2024-03-25,2
135407,4,109.093943,-6.970744,2024-03-25,2
135408,4,109.093348,-6.97073,2024-03-25,2
135409,4,109.094113,-6.970745,2024-03-25,2
135410,4,109.094308,-6.970737,2024-03-25,2
135411,4,109.095265,-6.970716,2024-03-25,2
135412,4,109.095112,-6.970695,2024-03-25,2
135413,4,109.094476,-6.970628,2024-03-25,2
135414,4,109.094576,-6.970685,2024-03-25,2
135415,4,109.095027,-6.97069,2024-03-25,2
135416,4,109.094722,-6.970681,2024-03-25,2
135417,4,109.094905,-6.970684,2024-03-25,2
135418,4,109.093613,-6.970617,2024-03-25,2
135419,4,109.094257,-6.97058,2024-03-25,2
135420,4,109.093887,-6.970585,2024-03-25,2
135421,4,109.09412,-6.970584,2024-03-25,2
135422,4,109.093356,-6.970579,2024-03-25,2
135423,4,109.094584,-6.970516,2024-03-25,2
135424,4,109.094701,-6.97051,2024-03-25,2
135425,4,109.09482,-6.9705,2024-03-25,2
135426,4,109.094915,-6.9705,2024-03-25,2
135427,4,109.093625,-6.970483,2024-03-25,2
135428,4,109.095037,-6.9705,2024-03-25,2
135429,4,109.09448,-6.970501,2024-03-25,2
135430,4,109.095121,-6.970502,2024-03-25,2
135431,4,109.095271,-6.970516,2024-03-25,2
135432,4,109.093635,-6.970363,2024-03-25,2
135433,4,109.09337,-6.970391,2024-03-25,2
135434,4,109.094351,-6.970479,2024-03-25,2
135435,4,109.094264,-6.97039,2024-03-25,2
135436,4,109.094128,-6.970385,2024-03-25,2
135437,4,109.093903,-6.970382,2024-03-25,2
135438,4,109.094924,-6.97032,2024-03-25,2
135439,4,109.094829,-6.970315,2024-03-25,2
135440,4,109.09449,-6.970309,2024-03-25,2
135441,4,109.094591,-6.970329,2024-03-25,2
135442,4,109.094702,-6.970319,2024-03-25,2
135443,4,109.093643,-6.97024,2024-03-25,2
135444,4,109.093383,-6.970229,2024-03-25,2
135445,4,109.094137,-6.970208,2024-03-25,2
135446,4,109.093917,-6.970203,2024-03-25,2
135447,4,109.094274,-6.970174,2024-03-25,2
135448,4,109.094365,-6.97016,2024-03-25,2
135449,4,109.094509,-6.970118,2024-03-25,2
135450,4,109.094706,-6.970113,2024-03-25,2
135451,4,109.094838,-6.970109,2024-03-25,2
135452,4,109.094933,-6.970112,2024-03-25,2
135453,4,109.093658,-6.970076,2024-03-25,2
135454,4,109.093399,-6.970065,2024-03-25,2
135455,4,109.094143,-6.970053,2024-03-25,2
135456,4,109.093928,-6.970046,2024-03-25,2
135457,4,109.094845,-6.969963,2024-03-25,2
135458,4,109.094938,-6.969962,2024-03-25,2
135459,4,109.093153,-6.96997,2024-03-25,2
135460,4,109.093675,-6.969917,2024-03-25,2
135461,4,109.093416,-6.969903,2024-03-25,2
135462,4,109.093943,-6.96989,2024-03-25,2
135463,4,109.094152,-6.969894,2024-03-25,2
135464,4,109.094285,-6.96994,2024-03-25,2
135465,4,109.094476,-6.969919,2024-03-25,2
135466,4,109.09317,-6.969831,2024-03-25,2
135467,4,109.093427,-6.969752,2024-03-25,2
135468,4,109.093203,-6.969716,2024-03-25,2
135469,4,109.093685,-6.969759,2024-03-25,2
135470,4,109.093955,-6.969742,2024-03-25,2
135471,4,109.09416,-6.969741,2024-03-25,2
135472,4,109.094294,-6.969738,2024-03-25,2
135473,4,109.094483,-6.969735,2024-03-25,2
135474,4,109.094686,-6.969854,2024-03-25,2
135741,4,109.407241,-6.897579,2024-03-25,2
135742,4,109.407129,-6.89757,2024-03-25,2
135748,4,109.40714,-6.89744,2024-03-25,2
135758,4,109.407265,-6.897402,2024-03-25,2
135760,4,109.407198,-6.897239,2024-03-25,2
135768,4,109.429556,-6.897051,2024-03-25,2
135769,4,109.429779,-6.897047,2024-03-25,2
135770,4,109.429973,-6.897045,2024-03-25,2
135772,4,109.430168,-6.897004,2024-03-25,2
135773,4,109.407322,-6.897084,2024-03-25,2
135774,4,109.430305,-6.897006,2024-03-25,2
135775,4,109.407213,-6.89707,2024-03-25,2
135789,4,109.429551,-6.896917,2024-03-25,2
135791,4,109.429775,-6.896916,2024-03-25,2
135792,4,109.429975,-6.896912,2024-03-25,2
135793,4,109.430166,-6.89691,2024-03-25,2
135794,4,109.430305,-6.896906,2024-03-25,2
135795,4,109.407336,-6.89691,2024-03-25,2
135797,4,109.407227,-6.896898,2024-03-25,2
135809,4,109.429548,-6.896748,2024-03-25,2
135810,4,109.430229,-6.896745,2024-03-25,2
135811,4,109.429772,-6.896748,2024-03-25,2
135812,4,109.429984,-6.896746,2024-03-25,2
135814,4,109.407349,-6.896746,2024-03-25,2
135816,4,109.407241,-6.896727,2024-03-25,2
135828,4,109.429784,-6.896583,2024-03-25,2
135829,4,109.430257,-6.896581,2024-03-25,2
135830,4,109.429545,-6.896582,2024-03-25,2
135831,4,109.430022,-6.896581,2024-03-25,2
135832,4,109.407352,-6.896573,2024-03-25,2
135834,4,109.407243,-6.896562,2024-03-25,2
135840,4,109.430024,-6.896416,2024-03-25,2
135841,4,109.429783,-6.896416,2024-03-25,2
135842,4,109.430258,-6.896414,2024-03-25,2
135843,4,109.429543,-6.896413,2024-03-25,2
135844,4,109.407363,-6.896403,2024-03-25,2
135845,4,109.407253,-6.896393,2024-03-25,2
135846,4,109.406987,-6.896323,2024-03-25,2
135847,4,109.406829,-6.896307,2024-03-25,2
135848,4,109.406678,-6.896293,2024-03-25,2
135849,4,109.406508,-6.896276,2024-03-25,2
135850,4,109.430259,-6.896253,2024-03-25,2
135851,4,109.430025,-6.896253,2024-03-25,2
135852,4,109.429784,-6.896251,2024-03-25,2
135853,4,109.42954,-6.896248,2024-03-25,2
135854,4,109.406304,-6.896256,2024-03-25,2
135856,4,109.407374,-6.896227,2024-03-25,2
135857,4,109.407261,-6.89622,2024-03-25,2
135858,4,109.406999,-6.89616,2024-03-25,2
135859,4,109.406841,-6.896144,2024-03-25,2
135860,4,109.406692,-6.89613,2024-03-25,2
135861,4,109.406522,-6.896112,2024-03-25,2
135862,4,109.43026,-6.896093,2024-03-25,2
135863,4,109.430027,-6.896091,2024-03-25,2
135864,4,109.429782,-6.896087,2024-03-25,2
135865,4,109.406315,-6.896092,2024-03-25,2
135866,4,109.429535,-6.896083,2024-03-25,2
135867,4,109.407385,-6.896061,2024-03-25,2
135868,4,109.407271,-6.89605,2024-03-25,2
135869,4,109.407011,-6.895995,2024-03-25,2
135871,4,109.406852,-6.89598,2024-03-25,2
135873,4,109.406703,-6.895965,2024-03-25,2
135874,4,109.406534,-6.895949,2024-03-25,2
135880,4,109.406326,-6.895928,2024-03-25,2
135881,4,109.407023,-6.895826,2024-03-25,2
135882,4,109.406863,-6.895811,2024-03-25,2
135884,4,109.406713,-6.895798,2024-03-25,2
135888,4,109.406544,-6.895783,2024-03-25,2
135892,4,109.406336,-6.895765,2024-03-25,2
135903,4,109.407034,-6.895654,2024-03-25,2
135904,4,109.406875,-6.895642,2024-03-25,2
135906,4,109.406724,-6.895629,2024-03-25,2
135910,4,109.406549,-6.895616,2024-03-25,2
135915,4,109.40634,-6.895599,2024-03-25,2
135920,4,109.406965,-6.895486,2024-03-25,2
135921,4,109.406736,-6.895468,2024-03-25,2
135924,4,109.406561,-6.895454,2024-03-25,2
135930,4,109.406352,-6.895437,2024-03-25,2
135963,4,109.430272,-6.894833,2024-03-25,2
135964,4,109.430053,-6.89483,2024-03-25,2
135970,4,109.429829,-6.894826,2024-03-25,2
135971,4,109.429648,-6.894822,2024-03-25,2
135972,4,109.429474,-6.89482,2024-03-25,2
135973,4,109.430055,-6.894688,2024-03-25,2
135974,4,109.429831,-6.894684,2024-03-25,2
135975,4,109.42964,-6.894681,2024-03-25,2
135976,4,109.430271,-6.894686,2024-03-25,2
135977,4,109.429476,-6.894675,2024-03-25,2
135979,4,109.430272,-6.894547,2024-03-25,2
135980,4,109.430056,-6.894544,2024-03-25,2
135981,4,109.429827,-6.894541,2024-03-25,2
135982,4,109.429637,-6.894538,2024-03-25,2
135983,4,109.429466,-6.894536,2024-03-25,2
135989,4,109.430267,-6.894417,2024-03-25,2
135991,4,109.430054,-6.894405,2024-03-25,2
135992,4,109.429824,-6.894401,2024-03-25,2
135993,4,109.429633,-6.894399,2024-03-25,2
135994,4,109.429463,-6.894397,2024-03-25,2
135998,4,109.429472,-6.894289,2024-03-25,2
135999,4,109.43019,-6.894289,2024-03-25,2
136000,4,109.429631,-6.894282,2024-03-25,2
136001,4,109.43005,-6.894288,2024-03-25,2
136002,4,109.429822,-6.894274,2024-03-25,2
94215,3,108.891528,-6.922556,2024-04-30,3
94219,3,109.053413,-6.9813,2024-04-30,3
94230,3,109.152944,-7.613611,2024-04-30,3
94735,3,109.151793,-7.615013,2024-04-30,3
94738,3,109.152701,-7.614565,2024-04-30,3
94818,3,109.0535,-6.981729,2024-04-30,3
94821,3,109.053502,-6.981277,2024-04-30,3
94822,3,109.052599,-6.980821,2024-04-30,3
94823,3,109.053051,-6.980823,2024-04-30,3
94824,3,109.053503,-6.980825,2024-04-30,3
94841,3,108.890901,-6.922722,2024-04-30,3
94842,3,108.891353,-6.922724,2024-04-30,3
94843,3,108.891806,-6.922726,2024-04-30,3
94844,3,108.890903,-6.92227,2024-04-30,3
94845,3,108.891355,-6.922272,2024-04-30,3
94846,3,108.891808,-6.922274,2024-04-30,3
97638,3,109.151684,-7.61491,2024-04-30,3
97639,3,109.152833,-7.614844,2024-04-30,3
97642,3,109.152468,-7.614836,2024-04-30,3
97643,3,109.152587,-7.614829,2024-04-30,3
97647,3,109.152698,-7.614536,2024-04-30,3
97649,3,109.152813,-7.614543,2024-04-30,3
97650,3,109.152566,-7.614523,2024-04-30,3
97653,3,109.151644,-7.614228,2024-04-30,3
97657,3,109.152548,-7.614261,2024-04-30,3
98400,3,109.053645,-6.982489,2024-04-30,3
98401,3,109.053364,-6.982475,2024-04-30,3
98404,3,109.053173,-6.982465,2024-04-30,3
98405,3,109.053794,-6.982403,2024-04-30,3
98406,3,109.0536,-6.982391,2024-04-30,3
98407,3,109.052825,-6.982355,2024-04-30,3
98408,3,109.052545,-6.982339,2024-04-30,3
98410,3,109.053134,-6.982323,2024-04-30,3
98413,3,109.053264,-6.982135,2024-04-30,3
98421,3,109.053483,-6.981732,2024-04-30,3
98444,3,109.053799,-6.981265,2024-04-30,3
98445,3,109.053655,-6.981258,2024-04-30,3
98446,3,109.05348,-6.981246,2024-04-30,3
98447,3,109.053275,-6.981232,2024-04-30,3
98457,3,109.053822,-6.980921,2024-04-30,3
98458,3,109.053701,-6.980913,2024-04-30,3
98459,3,109.053546,-6.980901,2024-04-30,3
98460,3,109.053379,-6.980889,2024-04-30,3
98461,3,109.053158,-6.980872,2024-04-30,3
98462,3,109.052872,-6.980852,2024-04-30,3
98463,3,109.052646,-6.980835,2024-04-30,3
98464,3,109.053782,-6.980793,2024-04-30,3
98465,3,109.053548,-6.980777,2024-04-30,3
98466,3,109.053279,-6.980757,2024-04-30,3
98467,3,109.05294,-6.980732,2024-04-30,3
98468,3,109.052651,-6.980709,2024-04-30,3
98469,3,109.053774,-6.980687,2024-04-30,3
98470,3,109.053558,-6.980677,2024-04-30,3
98471,3,109.053379,-6.980669,2024-04-30,3
98472,3,109.053137,-6.980657,2024-04-30,3
98473,3,109.052858,-6.980642,2024-04-30,3
98474,3,109.052658,-6.980632,2024-04-30,3
98592,3,108.891413,-6.923092,2024-04-30,3
98593,3,108.891187,-6.923076,2024-04-30,3
98594,3,108.891012,-6.923064,2024-04-30,3
98595,3,108.890897,-6.923056,2024-04-30,3
98596,3,108.890755,-6.923045,2024-04-30,3
98597,3,108.891802,-6.923023,2024-04-30,3
98598,3,108.891399,-6.92299,2024-04-30,3
98599,3,108.890992,-6.922941,2024-04-30,3
98600,3,108.890761,-6.922913,2024-04-30,3
98601,3,108.891863,-6.922864,2024-04-30,3
98602,3,108.891608,-6.922839,2024-04-30,3
98603,3,108.891284,-6.922807,2024-04-30,3
98604,3,108.890904,-6.922774,2024-04-30,3
98605,3,108.890685,-6.922761,2024-04-30,3
98606,3,108.89187,-6.922678,2024-04-30,3
98607,3,108.891624,-6.922657,2024-04-30,3
98608,3,108.89129,-6.92263,2024-04-30,3
98609,3,108.890898,-6.922603,2024-04-30,3
98610,3,108.890681,-6.922616,2024-04-30,3
98611,3,108.890679,-6.922494,2024-04-30,3
98612,3,108.891761,-6.922488,2024-04-30,3
98613,3,108.891334,-6.92246,2024-04-30,3
98614,3,108.890981,-6.922437,2024-04-30,3
98615,3,108.890766,-6.922423,2024-04-30,3
98616,3,108.891762,-6.922323,2024-04-30,3
98617,3,108.891334,-6.922302,2024-04-30,3
98618,3,108.890977,-6.922281,2024-04-30,3
98619,3,108.890763,-6.92227,2024-04-30,3
98620,3,108.891763,-6.92215,2024-04-30,3
98621,3,108.891369,-6.922138,2024-04-30,3
98622,3,108.891047,-6.922128,2024-04-30,3
98623,3,108.890798,-6.922119,2024-04-30,3
98624,3,108.891855,-6.921975,2024-04-30,3
98625,3,108.891615,-6.921973,2024-04-30,3
98626,3,108.891326,-6.921969,2024-04-30,3
98627,3,108.891045,-6.921966,2024-04-30,3
98628,3,108.890799,-6.921963,2024-04-30,3
98629,3,108.891855,-6.92186,2024-04-30,3
98630,3,108.891217,-6.921858,2024-04-30,3
94737,3,109.152248,-7.614563,2024-04-30,4
94739,3,109.151797,-7.614109,2024-04-30,4
94742,3,109.151799,-7.613657,2024-04-30,4
94743,3,109.152252,-7.613658,2024-04-30,4
94744,3,109.152705,-7.61366,2024-04-30,4
97636,3,109.152256,-7.61496,2024-04-30,4
97644,3,109.152243,-7.614743,2024-04-30,4
97648,3,109.152448,-7.61453,2024-04-30,4
97652,3,109.152228,-7.614445,2024-04-30,4
97656,3,109.152431,-7.614268,2024-04-30,4
97659,3,109.151664,-7.614034,2024-04-30,4
97663,3,109.151596,-7.613831,2024-04-30,4
97664,3,109.151963,-7.613826,2024-04-30,4
97667,3,109.151627,-7.61364,2024-04-30,4
97668,3,109.151986,-7.613635,2024-04-30,4
97669,3,109.152349,-7.61363,2024-04-30,4
97670,3,109.152663,-7.613626,2024-04-30,4
89695,3,109.413472,-7.426417,2024-05-12,1
90270,3,109.413922,-7.426614,2024-05-12,1
90277,3,109.413471,-7.42616,2024-05-12,1
90278,3,109.413924,-7.426162,2024-05-12,1
93599,3,109.41385,-7.426666,2024-05-12,1
93607,3,109.413858,-7.426641,2024-05-12,1
93609,3,109.413833,-7.426609,2024-05-12,1
93615,3,109.413559,-7.426565,2024-05-12,1
93617,3,109.413941,-7.426561,2024-05-12,1
93618,3,109.41352,-7.426558,2024-05-12,1
93619,3,109.413478,-7.42655,2024-05-12,1
93620,3,109.41391,-7.426553,2024-05-12,1
93622,3,109.413869,-7.426547,2024-05-12,1
93623,3,109.413438,-7.426539,2024-05-12,1
93624,3,109.413398,-7.426532,2024-05-12,1
93626,3,109.413828,-7.426541,2024-05-12,1
93628,3,109.413357,-7.426526,2024-05-12,1
93629,3,109.413789,-7.426536,2024-05-12,1
93631,3,109.413745,-7.426551,2024-05-12,1
93633,3,109.413705,-7.426553,2024-05-12,1
93635,3,109.413677,-7.426547,2024-05-12,1
93636,3,109.413648,-7.426544,2024-05-12,1
93637,3,109.413604,-7.426563,2024-05-12,1
93645,3,109.41392,-7.426456,2024-05-12,1
93646,3,109.413888,-7.426451,2024-05-12,1
93648,3,109.413847,-7.426446,2024-05-12,1
93649,3,109.413808,-7.426439,2024-05-12,1
93651,3,109.413769,-7.426434,2024-05-12,1
93653,3,109.413728,-7.426427,2024-05-12,1
93654,3,109.413699,-7.426423,2024-05-12,1
93657,3,109.41367,-7.426419,2024-05-12,1
93658,3,109.413622,-7.426443,2024-05-12,1
93660,3,109.413582,-7.426441,2024-05-12,1
93662,3,109.413541,-7.426436,2024-05-12,1
93663,3,109.413947,-7.426436,2024-05-12,1
93664,3,109.4135,-7.42643,2024-05-12,1
93667,3,109.413459,-7.426422,2024-05-12,1
93668,3,109.413419,-7.426417,2024-05-12,1
93669,3,109.413377,-7.426413,2024-05-12,1
93676,3,109.413953,-7.426334,2024-05-12,1
93677,3,109.41391,-7.426337,2024-05-12,1
93678,3,109.413869,-7.426331,2024-05-12,1
93679,3,109.41383,-7.426324,2024-05-12,1
93681,3,109.41379,-7.426319,2024-05-12,1
93682,3,109.41375,-7.426312,2024-05-12,1
93685,3,109.413721,-7.426303,2024-05-12,1
93686,3,109.413692,-7.426299,2024-05-12,1
93687,3,109.413651,-7.426294,2024-05-12,1
93688,3,109.41361,-7.426287,2024-05-12,1
93690,3,109.41398,-7.42637,2024-05-12,1
93691,3,109.413569,-7.426281,2024-05-12,1
93696,3,109.413975,-7.426238,2024-05-12,1
93697,3,109.413528,-7.426276,2024-05-12,1
93698,3,109.413487,-7.42627,2024-05-12,1
93699,3,109.41393,-7.426231,2024-05-12,1
93701,3,109.413446,-7.426264,2024-05-12,1
93702,3,109.41389,-7.426224,2024-05-12,1
93703,3,109.413404,-7.426259,2024-05-12,1
93705,3,109.41385,-7.426216,2024-05-12,1
93708,3,109.413811,-7.42621,2024-05-12,1
93711,3,109.41377,-7.426202,2024-05-12,1
93712,3,109.413741,-7.426193,2024-05-12,1
93715,3,109.413712,-7.426188,2024-05-12,1
93718,3,109.413672,-7.426182,2024-05-12,1
93719,3,109.41402,-7.426173,2024-05-12,1
93721,3,109.413987,-7.426171,2024-05-12,1
93722,3,109.413944,-7.426164,2024-05-12,1
93723,3,109.41363,-7.426175,2024-05-12,1
93724,3,109.413903,-7.426159,2024-05-12,1
93725,3,109.413863,-7.426153,2024-05-12,1
93726,3,109.413589,-7.426167,2024-05-12,1
93727,3,109.413823,-7.426147,2024-05-12,1
93729,3,109.413782,-7.426141,2024-05-12,1
93730,3,109.413549,-7.42616,2024-05-12,1
93731,3,109.413751,-7.426137,2024-05-12,1
93733,3,109.413722,-7.426134,2024-05-12,1
93734,3,109.413682,-7.426129,2024-05-12,1
93735,3,109.41364,-7.426123,2024-05-12,1
93736,3,109.413598,-7.426117,2024-05-12,1
93737,3,109.413558,-7.426112,2024-05-12,1
93738,3,109.41351,-7.426145,2024-05-12,1
93739,3,109.413469,-7.42614,2024-05-12,1
93740,3,109.413427,-7.426135,2024-05-12,1
131805,4,109.380958,-6.874142,2024-04-06,1
131806,4,109.381667,-6.874178,2024-04-06,1
132095,4,109.428702,-6.895833,2024-04-06,1
132108,4,109.382346,-6.875366,2024-04-06,1
132109,4,109.382799,-6.875368,2024-04-06,1
132110,4,109.381443,-6.874911,2024-04-06,1
132111,4,109.381895,-6.874913,2024-04-06,1
132112,4,109.382348,-6.874914,2024-04-06,1
132113,4,109.3828,-6.874916,2024-04-06,1
132114,4,109.380992,-6.874457,2024-04-06,1
132115,4,109.381445,-6.874459,2024-04-06,1
132116,4,109.381897,-6.87446,2024-04-06,1
132119,4,109.380994,-6.874005,2024-04-06,1
132120,4,109.381446,-6.874007,2024-04-06,1
132121,4,109.381899,-6.874008,2024-04-06,1
133486,4,109.428569,-6.895785,2024-04-06,1
133488,4,109.428755,-6.895776,2024-04-06,1
133598,4,109.382623,-6.875416,2024-04-06,1
133599,4,109.382781,-6.875371,2024-04-06,1
133600,4,109.382915,-6.875304,2024-04-06,1
133601,4,109.382411,-6.875343,2024-04-06,1
133602,4,109.382695,-6.875283,2024-04-06,1
133603,4,109.38242,-6.875252,2024-04-06,1
133605,4,109.382958,-6.875236,2024-04-06,1
133607,4,109.382552,-6.875196,2024-04-06,1
133610,4,109.382141,-6.875152,2024-04-06,1
133611,4,109.382971,-6.875146,2024-04-06,1
133613,4,109.381918,-6.875128,2024-04-06,1
133614,4,109.380863,-6.875079,2024-04-06,1
133615,4,109.381601,-6.875095,2024-04-06,1
133616,4,109.38256,-6.875102,2024-04-06,1
133617,4,109.382141,-6.875058,2024-04-06,1
133618,4,109.383062,-6.875046,2024-04-06,1
133619,4,109.381899,-6.875033,2024-04-06,1
133620,4,109.381045,-6.875035,2024-04-06,1
133621,4,109.382829,-6.875025,2024-04-06,1
133622,4,109.381676,-6.87501,2024-04-06,1
133623,4,109.381462,-6.874988,2024-04-06,1
133624,4,109.382478,-6.874987,2024-04-06,1
133625,4,109.381189,-6.87496,2024-04-06,1
133626,4,109.38307,-6.874942,2024-04-06,1
133627,4,109.382151,-6.874949,2024-04-06,1
133628,4,109.382834,-6.874919,2024-04-06,1
133629,4,109.381908,-6.874924,2024-04-06,1
133630,4,109.381684,-6.874901,2024-04-06,1
133631,4,109.382489,-6.874883,2024-04-06,1
133632,4,109.381457,-6.874878,2024-04-06,1
133633,4,109.38216,-6.874846,2024-04-06,1
133634,4,109.381916,-6.874821,2024-04-06,1
133635,4,109.381186,-6.874847,2024-04-06,1
133636,4,109.381669,-6.874795,2024-04-06,1
133637,4,109.381374,-6.874764,2024-04-06,1
133638,4,109.380945,-6.874716,2024-04-06,1
133643,4,109.38306,-6.874616,2024-04-06,1
133645,4,109.382651,-6.874601,2024-04-06,1
133650,4,109.382147,-6.874513,2024-04-06,1
133652,4,109.381817,-6.874493,2024-04-06,1
133653,4,109.381483,-6.874467,2024-04-06,1
133654,4,109.381203,-6.874444,2024-04-06,1
133657,4,109.380885,-6.874413,2024-04-06,1
133659,4,109.382152,-6.874358,2024-04-06,1
133660,4,109.381824,-6.874338,2024-04-06,1
133663,4,109.381488,-6.874317,2024-04-06,1
133665,4,109.38121,-6.874298,2024-04-06,1
133666,4,109.380891,-6.874273,2024-04-06,1
133667,4,109.382152,-6.874225,2024-04-06,1
133668,4,109.38183,-6.874206,2024-04-06,1
133669,4,109.381492,-6.874186,2024-04-06,1
133670,4,109.38307,-6.874169,2024-04-06,1
133671,4,109.381148,-6.874165,2024-04-06,1
133672,4,109.382788,-6.874166,2024-04-06,1
133673,4,109.382487,-6.874162,2024-04-06,1
133674,4,109.380825,-6.874141,2024-04-06,1
133675,4,109.382154,-6.874103,2024-04-06,1
133676,4,109.381835,-6.874084,2024-04-06,1
133677,4,109.381494,-6.874064,2024-04-06,1
133678,4,109.381153,-6.874044,2024-04-06,1
133679,4,109.380831,-6.874024,2024-04-06,1
133684,4,109.382156,-6.873985,2024-04-06,1
133685,4,109.381841,-6.873966,2024-04-06,1
133686,4,109.381499,-6.873945,2024-04-06,1
133687,4,109.381156,-6.873926,2024-04-06,1
133688,4,109.380833,-6.87391,2024-04-06,1
133693,4,109.382157,-6.873854,2024-04-06,1
133694,4,109.381847,-6.873836,2024-04-06,1
133695,4,109.381506,-6.873816,2024-04-06,1
133696,4,109.381161,-6.873798,2024-04-06,1
133697,4,109.380838,-6.873781,2024-04-06,1
133698,4,109.383099,-6.873717,2024-04-06,1
133699,4,109.382887,-6.873715,2024-04-06,1
133700,4,109.382665,-6.873713,2024-04-06,1
133701,4,109.382438,-6.87371,2024-04-06,1
89684,3,108.894417,-6.950028,2024-05-12,2
89685,3,108.892183,-6.948961,2024-05-12,2
89687,3,108.937914,-6.913283,2024-05-12,2
89688,3,108.938472,-6.913278,2024-05-12,2
89689,3,109.053417,-6.9815,2024-05-12,2
89694,3,109.411611,-7.426361,2024-05-12,2
89704,3,109.488056,-7.716167,2024-05-12,2
90170,3,109.487652,-7.715784,2024-05-12,2
90171,3,109.488105,-7.715786,2024-05-12,2
90173,3,109.489012,-7.715789,2024-05-12,2
90174,3,109.487653,-7.715332,2024-05-12,2
90175,3,109.488107,-7.715334,2024-05-12,2
90178,3,109.487655,-7.71488,2024-05-12,2
90179,3,109.488108,-7.714882,2024-05-12,2
90265,3,109.411658,-7.426606,2024-05-12,2
90266,3,109.412111,-7.426607,2024-05-12,2
90274,3,109.411659,-7.426154,2024-05-12,2
90275,3,109.412112,-7.426155,2024-05-12,2
90285,3,109.052593,-6.982177,2024-05-12,2
90286,3,109.053045,-6.982179,2024-05-12,2
90287,3,109.052595,-6.981725,2024-05-12,2
90288,3,109.053047,-6.981727,2024-05-12,2
90296,3,108.895298,-6.951217,2024-05-12,2
90297,3,108.894395,-6.950761,2024-05-12,2
90298,3,108.894847,-6.950763,2024-05-12,2
90299,3,108.8953,-6.950765,2024-05-12,2
90300,3,108.893945,-6.950307,2024-05-12,2
90301,3,108.894397,-6.950309,2024-05-12,2
90302,3,108.894849,-6.950311,2024-05-12,2
90303,3,108.895302,-6.950313,2024-05-12,2
90304,3,108.895754,-6.950315,2024-05-12,2
90305,3,108.893947,-6.949855,2024-05-12,2
90306,3,108.894399,-6.949857,2024-05-12,2
90307,3,108.894851,-6.949859,2024-05-12,2
90308,3,108.895304,-6.949861,2024-05-12,2
90309,3,108.895756,-6.949863,2024-05-12,2
90310,3,108.894401,-6.949405,2024-05-12,2
90311,3,108.894853,-6.949407,2024-05-12,2
90319,3,108.93753,-6.913434,2024-05-12,2
90320,3,108.937983,-6.913436,2024-05-12,2
90321,3,108.93708,-6.91298,2024-05-12,2
92881,3,109.48898,-7.716486,2024-05-12,2
92883,3,109.488243,-7.716461,2024-05-12,2
92885,3,109.487982,-7.716373,2024-05-12,2
92896,3,109.488794,-7.716119,2024-05-12,2
92906,3,109.488121,-7.715929,2024-05-12,2
92908,3,109.488644,-7.715902,2024-05-12,2
92910,3,109.487735,-7.715842,2024-05-12,2
92911,3,109.488996,-7.715832,2024-05-12,2
92913,3,109.488145,-7.715814,2024-05-12,2
92914,3,109.488984,-7.715749,2024-05-12,2
92916,3,109.487682,-7.715721,2024-05-12,2
92920,3,109.487677,-7.715582,2024-05-12,2
92921,3,109.487994,-7.715562,2024-05-12,2
92923,3,109.489253,-7.715473,2024-05-12,2
92926,3,109.489245,-7.715322,2024-05-12,2
92929,3,109.488168,-7.715376,2024-05-12,2
92930,3,109.487725,-7.715351,2024-05-12,2
92934,3,109.489216,-7.715111,2024-05-12,2
92936,3,109.48878,-7.715103,2024-05-12,2
92937,3,109.48919,-7.714993,2024-05-12,2
92938,3,109.487886,-7.715006,2024-05-12,2
92939,3,109.489155,-7.714878,2024-05-12,2
92940,3,109.487612,-7.715017,2024-05-12,2
92942,3,109.487768,-7.714809,2024-05-12,2
92943,3,109.48811,-7.714876,2024-05-12,2
92944,3,109.487885,-7.714778,2024-05-12,2
92945,3,109.488043,-7.714741,2024-05-12,2
93539,3,109.411941,-7.426895,2024-05-12,2
93545,3,109.411867,-7.426886,2024-05-12,2
93548,3,109.411796,-7.426877,2024-05-12,2
93553,3,109.411668,-7.426859,2024-05-12,2
93558,3,109.411527,-7.426841,2024-05-12,2
93560,3,109.411431,-7.42683,2024-05-12,2
93561,3,109.411378,-7.426822,2024-05-12,2
93569,3,109.412286,-7.426848,2024-05-12,2
93570,3,109.412224,-7.426842,2024-05-12,2
93574,3,109.412145,-7.42683,2024-05-12,2
93577,3,109.412067,-7.426829,2024-05-12,2
93579,3,109.412014,-7.426814,2024-05-12,2
93582,3,109.411952,-7.426805,2024-05-12,2
93588,3,109.411866,-7.426787,2024-05-12,2
93589,3,109.411772,-7.426775,2024-05-12,2
93594,3,109.411666,-7.426754,2024-05-12,2
93601,3,109.411543,-7.426735,2024-05-12,2
93603,3,109.411449,-7.426719,2024-05-12,2
93606,3,109.411391,-7.426705,2024-05-12,2
93627,3,109.412317,-7.426627,2024-05-12,2
93630,3,109.412258,-7.426623,2024-05-12,2
93634,3,109.412179,-7.426613,2024-05-12,2
93638,3,109.412102,-7.426593,2024-05-12,2
93640,3,109.412022,-7.426591,2024-05-12,2
93642,3,109.41192,-7.426562,2024-05-12,2
93644,3,109.411817,-7.426555,2024-05-12,2
93650,3,109.411701,-7.426534,2024-05-12,2
93656,3,109.411577,-7.426517,2024-05-12,2
93661,3,109.411487,-7.426503,2024-05-12,2
93665,3,109.411421,-7.426478,2024-05-12,2
93689,3,109.412335,-7.426351,2024-05-12,2
93693,3,109.411608,-7.426306,2024-05-12,2
93694,3,109.412236,-7.426337,2024-05-12,2
93695,3,109.411412,-7.42624,2024-05-12,2
93700,3,109.412156,-7.426324,2024-05-12,2
93704,3,109.412074,-7.426318,2024-05-12,2
93709,3,109.411978,-7.426302,2024-05-12,2
93717,3,109.411867,-7.426285,2024-05-12,2
93741,3,109.41163,-7.426173,2024-05-12,2
93742,3,109.412371,-7.426153,2024-05-12,2
93743,3,109.411426,-7.426133,2024-05-12,2
93746,3,109.412267,-7.426138,2024-05-12,2
93749,3,109.412182,-7.426129,2024-05-12,2
93750,3,109.412097,-7.426118,2024-05-12,2
93752,3,109.412006,-7.426108,2024-05-12,2
93756,3,109.411796,-7.426078,2024-05-12,2
93763,3,109.411546,-7.426041,2024-05-12,2
93764,3,109.411441,-7.426021,2024-05-12,2
93880,3,109.053327,-6.982333,2024-05-12,2
93882,3,109.052833,-6.982201,2024-05-12,2
93883,3,109.052552,-6.982182,2024-05-12,2
93885,3,109.052943,-6.982091,2024-05-12,2
93886,3,109.052706,-6.982075,2024-05-12,2
93887,3,109.052557,-6.982064,2024-05-12,2
93890,3,109.05298,-6.981822,2024-05-12,2
93891,3,109.052577,-6.981797,2024-05-12,2
93893,3,109.052992,-6.981708,2024-05-12,2
93894,3,109.052827,-6.981759,2024-05-12,2
93895,3,109.052709,-6.981763,2024-05-12,2
93896,3,109.052603,-6.981682,2024-05-12,2
93897,3,109.053753,-6.981651,2024-05-12,2
93898,3,109.053524,-6.981637,2024-05-12,2
93899,3,109.053269,-6.981621,2024-05-12,2
93900,3,109.052995,-6.981604,2024-05-12,2
93901,3,109.052783,-6.98159,2024-05-12,2
93902,3,109.05262,-6.98158,2024-05-12,2
93903,3,109.053756,-6.98156,2024-05-12,2
93904,3,109.053529,-6.981546,2024-05-12,2
93905,3,109.053273,-6.98153,2024-05-12,2
93906,3,109.052999,-6.981511,2024-05-12,2
93907,3,109.052789,-6.981497,2024-05-12,2
93908,3,109.052623,-6.981486,2024-05-12,2
93946,3,108.895409,-6.951236,2024-05-12,2
93947,3,108.89504,-6.951135,2024-05-12,2
93948,3,108.89546,-6.951113,2024-05-12,2
93949,3,108.895166,-6.951123,2024-05-12,2
93950,3,108.89464,-6.951,2024-05-12,2
93951,3,108.895513,-6.950994,2024-05-12,2
93952,3,108.894749,-6.951003,2024-05-12,2
93953,3,108.894826,-6.950948,2024-05-12,2
93954,3,108.895312,-6.950901,2024-05-12,2
93955,3,108.895181,-6.950978,2024-05-12,2
93956,3,108.894399,-6.950895,2024-05-12,2
93957,3,108.894474,-6.950865,2024-05-12,2
93958,3,108.895572,-6.950882,2024-05-12,2
93959,3,108.89512,-6.950812,2024-05-12,2
93960,3,108.895664,-6.950769,2024-05-12,2
93961,3,108.894541,-6.950804,2024-05-12,2
93962,3,108.894857,-6.950819,2024-05-12,2
93963,3,108.894231,-6.950742,2024-05-12,2
93964,3,108.894064,-6.950748,2024-05-12,2
93965,3,108.894908,-6.950713,2024-05-12,2
93966,3,108.895293,-6.950756,2024-05-12,2
93967,3,108.895483,-6.95069,2024-05-12,2
93968,3,108.89427,-6.950668,2024-05-12,2
93969,3,108.894024,-6.950634,2024-05-12,2
93970,3,108.89459,-6.950686,2024-05-12,2
93971,3,108.895682,-6.950617,2024-05-12,2
93972,3,108.895559,-6.950639,2024-05-12,2
93973,3,108.894641,-6.950586,2024-05-12,2
93974,3,108.895233,-6.95058,2024-05-12,2
93975,3,108.894958,-6.950604,2024-05-12,2
93976,3,108.894057,-6.950557,2024-05-12,2
93977,3,108.895503,-6.950541,2024-05-12,2
93978,3,108.895266,-6.950511,2024-05-12,2
93979,3,108.893835,-6.950532,2024-05-12,2
93980,3,108.895737,-6.950521,2024-05-12,2
93981,3,108.894326,-6.950555,2024-05-12,2
93982,3,108.893898,-6.950471,2024-05-12,2
93983,3,108.894999,-6.950477,2024-05-12,2
93984,3,108.894377,-6.950461,2024-05-12,2
93985,3,108.895294,-6.950452,2024-05-12,2
93986,3,108.894688,-6.950483,2024-05-12,2
93987,3,108.894105,-6.950445,2024-05-12,2
93988,3,108.895031,-6.95041,2024-05-12,2
93989,3,108.893779,-6.950404,2024-05-12,2
93990,3,108.895502,-6.950424,2024-05-12,2
93991,3,108.895854,-6.950389,2024-05-12,2
93992,3,108.89415,-6.950354,2024-05-12,2
93993,3,108.895057,-6.950352,2024-05-12,2
93994,3,108.894733,-6.950361,2024-05-12,2
93995,3,108.893919,-6.950353,2024-05-12,2
93996,3,108.894424,-6.950364,2024-05-12,2
93997,3,108.894758,-6.950292,2024-05-12,2
93998,3,108.893941,-6.950259,2024-05-12,2
93999,3,108.895159,-6.950283,2024-05-12,2
94000,3,108.894469,-6.950246,2024-05-12,2
94001,3,108.894195,-6.95026,2024-05-12,2
94002,3,108.894786,-6.950238,2024-05-12,2
94003,3,108.895628,-6.950299,2024-05-12,2
94004,3,108.894249,-6.95015,2024-05-12,2
94005,3,108.893998,-6.950172,2024-05-12,2
94006,3,108.894409,-6.950142,2024-05-12,2
94007,3,108.894826,-6.950147,2024-05-12,2
94008,3,108.895279,-6.95016,2024-05-12,2
94009,3,108.89405,-6.950064,2024-05-12,2
94010,3,108.894439,-6.950091,2024-05-12,2
94011,3,108.893815,-6.950084,2024-05-12,2
94012,3,108.895723,-6.950135,2024-05-12,2
94013,3,108.894087,-6.950004,2024-05-12,2
94014,3,108.895006,-6.950051,2024-05-12,2
94015,3,108.893846,-6.949976,2024-05-12,2
94016,3,108.895932,-6.949968,2024-05-12,2
94017,3,108.894477,-6.950005,2024-05-12,2
94018,3,108.894114,-6.949953,2024-05-12,2
94019,3,108.893873,-6.949914,2024-05-12,2
94020,3,108.895354,-6.949987,2024-05-12,2
94021,3,108.895714,-6.949979,2024-05-12,2
94022,3,108.894744,-6.949946,2024-05-12,2
94023,3,108.893901,-6.949863,2024-05-12,2
94024,3,108.895075,-6.949879,2024-05-12,2
94025,3,108.895647,-6.949851,2024-05-12,2
94026,3,108.895928,-6.949818,2024-05-12,2
94027,3,108.896034,-6.949771,2024-05-12,2
94028,3,108.894487,-6.949844,2024-05-12,2
94029,3,108.894071,-6.949838,2024-05-12,2
94030,3,108.895268,-6.949802,2024-05-12,2
94031,3,108.895919,-6.949719,2024-05-12,2
94032,3,108.894812,-6.949773,2024-05-12,2
94033,3,108.894249,-6.94975,2024-05-12,2
94034,3,108.895011,-6.9497,2024-05-12,2
94035,3,108.895315,-6.949715,2024-05-12,2
94036,3,108.895655,-6.949695,2024-05-12,2
94037,3,108.89561,-6.94976,2024-05-12,2
94038,3,108.894032,-6.949666,2024-05-12,2
94039,3,108.894558,-6.949673,2024-05-12,2
94040,3,108.895702,-6.949626,2024-05-12,2
94041,3,108.894808,-6.94962,2024-05-12,2
94042,3,108.895052,-6.949608,2024-05-12,2
94043,3,108.895093,-6.94954,2024-05-12,2
94044,3,108.894621,-6.949546,2024-05-12,2
94045,3,108.894323,-6.949583,2024-05-12,2
94046,3,108.894859,-6.949529,2024-05-12,2
94047,3,108.89536,-6.949562,2024-05-12,2
94048,3,108.894138,-6.949521,2024-05-12,2
94049,3,108.895413,-6.949501,2024-05-12,2
94050,3,108.89488,-6.949449,2024-05-12,2
94051,3,108.894678,-6.949455,2024-05-12,2
94052,3,108.894402,-6.949459,2024-05-12,2
94053,3,108.895105,-6.949447,2024-05-12,2
94054,3,108.895154,-6.94939,2024-05-12,2
94055,3,108.894682,-6.949365,2024-05-12,2
94056,3,108.894447,-6.949362,2024-05-12,2
94057,3,108.894961,-6.949307,2024-05-12,2
94058,3,108.894889,-6.949349,2024-05-12,2
94059,3,108.894379,-6.949256,2024-05-12,2
94060,3,108.894491,-6.949284,2024-05-12,2
94061,3,108.89469,-6.949264,2024-05-12,2
94062,3,108.894531,-6.949203,2024-05-12,2
94106,3,108.938526,-6.913763,2024-05-12,2
94107,3,108.937982,-6.913649,2024-05-12,2
94112,3,108.938168,-6.913409,2024-05-12,2
94113,3,108.937918,-6.913403,2024-05-12,2
94114,3,108.937744,-6.913395,2024-05-12,2
94115,3,108.93752,-6.913384,2024-05-12,2
94117,3,108.936988,-6.91318,2024-05-12,2
94118,3,108.938159,-6.91314,2024-05-12,2
94119,3,108.937922,-6.913138,2024-05-12,2
94120,3,108.937759,-6.913133,2024-05-12,2
94122,3,108.937532,-6.913126,2024-05-12,2
94127,3,108.937281,-6.912905,2024-05-12,2
94128,3,108.936992,-6.91293,2024-05-12,2
94134,3,108.936921,-6.912704,2024-05-12,2
94135,3,108.937011,-6.912707,2024-05-12,2
94136,3,108.937252,-6.912711,2024-05-12,2
131804,4,109.406519,-6.896431,2024-04-06,2
131807,4,109.429472,-6.896186,2024-04-06,2
131808,4,109.429619,-6.895931,2024-04-06,2
131810,4,109.429517,-6.895706,2024-04-06,2
131812,4,109.052569,-6.994953,2024-04-06,2
131813,4,109.052986,-6.995039,2024-04-06,2
131822,4,109.406953,-6.895875,2024-04-06,2
131824,4,109.052619,-6.994092,2024-04-06,2
131946,4,109.052539,-6.995286,2024-04-06,2
131948,4,109.053444,-6.99529,2024-04-06,2
131949,4,109.053896,-6.995292,2024-04-06,2
131950,4,109.052541,-6.994834,2024-04-06,2
131951,4,109.052543,-6.994382,2024-04-06,2
131953,4,109.053447,-6.994386,2024-04-06,2
131954,4,109.0539,-6.994388,2024-04-06,2
131955,4,109.052544,-6.99393,2024-04-06,2
131957,4,109.053449,-6.993934,2024-04-06,2
131958,4,109.053902,-6.993936,2024-04-06,2
131959,4,109.054354,-6.993938,2024-04-06,2
131960,4,109.052546,-6.993478,2024-04-06,2
131962,4,109.053451,-6.993482,2024-04-06,2
132076,4,109.406249,-6.897601,2024-04-06,2
132077,4,109.406702,-6.897602,2024-04-06,2
132078,4,109.407154,-6.897604,2024-04-06,2
132079,4,109.406251,-6.897149,2024-04-06,2
132080,4,109.406703,-6.89715,2024-04-06,2
132081,4,109.407155,-6.897152,2024-04-06,2
132082,4,109.406252,-6.896696,2024-04-06,2
132083,4,109.406705,-6.896698,2024-04-06,2
132084,4,109.407157,-6.8967,2024-04-06,2
132085,4,109.428699,-6.896738,2024-04-06,2
132086,4,109.429152,-6.896739,2024-04-06,2
132087,4,109.429604,-6.896741,2024-04-06,2
132088,4,109.430057,-6.896742,2024-04-06,2
132089,4,109.406254,-6.896244,2024-04-06,2
132090,4,109.406706,-6.896246,2024-04-06,2
132091,4,109.429606,-6.896289,2024-04-06,2
132092,4,109.430058,-6.89629,2024-04-06,2
132093,4,109.406255,-6.895792,2024-04-06,2
132094,4,109.406708,-6.895794,2024-04-06,2
132097,4,109.429607,-6.895836,2024-04-06,2
132098,4,109.43006,-6.895838,2024-04-06,2
132106,4,109.429612,-6.89448,2024-04-06,2
132107,4,109.430064,-6.894482,2024-04-06,2
132836,4,109.052514,-6.99542,2024-04-06,2
132838,4,109.05234,-6.995407,2024-04-06,2
132840,4,109.054257,-6.995363,2024-04-06,2
132842,4,109.054117,-6.995335,2024-04-06,2
132844,4,109.053924,-6.995301,2024-04-06,2
132845,4,109.053782,-6.995276,2024-04-06,2
132847,4,109.053615,-6.995246,2024-04-06,2
132848,4,109.05253,-6.99523,2024-04-06,2
132849,4,109.052351,-6.995218,2024-04-06,2
132850,4,109.053409,-6.99521,2024-04-06,2
132851,4,109.053199,-6.995172,2024-04-06,2
132852,4,109.052976,-6.995135,2024-04-06,2
132854,4,109.054279,-6.995145,2024-04-06,2
132855,4,109.052543,-6.995059,2024-04-06,2
132856,4,109.054127,-6.995113,2024-04-06,2
132857,4,109.05236,-6.995045,2024-04-06,2
132858,4,109.053873,-6.995082,2024-04-06,2
132859,4,109.053637,-6.995053,2024-04-06,2
132860,4,109.053425,-6.995026,2024-04-06,2
132861,4,109.053223,-6.995001,2024-04-06,2
132863,4,109.052999,-6.994977,2024-04-06,2
132870,4,109.052557,-6.994901,2024-04-06,2
132871,4,109.05237,-6.994886,2024-04-06,2
132872,4,109.054189,-6.99474,2024-04-06,2
132873,4,109.053973,-6.994729,2024-04-06,2
132874,4,109.053826,-6.994722,2024-04-06,2
132875,4,109.053687,-6.994715,2024-04-06,2
132876,4,109.05354,-6.994706,2024-04-06,2
132877,4,109.053362,-6.994696,2024-04-06,2
132878,4,109.053157,-6.994684,2024-04-06,2
132882,4,109.052579,-6.994653,2024-04-06,2
132883,4,109.054199,-6.994582,2024-04-06,2
132884,4,109.053988,-6.994563,2024-04-06,2
132886,4,109.054306,-6.994493,2024-04-06,2
132887,4,109.053841,-6.99455,2024-04-06,2
132888,4,109.054177,-6.994479,2024-04-06,2
132889,4,109.053704,-6.994538,2024-04-06,2
132890,4,109.054,-6.994459,2024-04-06,2
132891,4,109.053558,-6.994523,2024-04-06,2
132892,4,109.05259,-6.994493,2024-04-06,2
132893,4,109.053379,-6.994507,2024-04-06,2
132894,4,109.053168,-6.994492,2024-04-06,2
132899,4,109.054315,-6.994368,2024-04-06,2
132900,4,109.054187,-6.994353,2024-04-06,2
132901,4,109.054011,-6.994335,2024-04-06,2
132902,4,109.053861,-6.994345,2024-04-06,2
132903,4,109.053725,-6.994332,2024-04-06,2
132904,4,109.052604,-6.994313,2024-04-06,2
132905,4,109.05358,-6.994316,2024-04-06,2
132906,4,109.053445,-6.994301,2024-04-06,2
132910,4,109.054329,-6.994175,2024-04-06,2
132911,4,109.054205,-6.994151,2024-04-06,2
132912,4,109.054031,-6.994122,2024-04-06,2
132913,4,109.05262,-6.9941,2024-04-06,2
132915,4,109.053884,-6.994099,2024-04-06,2
132918,4,109.053748,-6.994081,2024-04-06,2
132919,4,109.053603,-6.994058,2024-04-06,2
132920,4,109.054297,-6.993987,2024-04-06,2
132921,4,109.053463,-6.994037,2024-04-06,2
132922,4,109.054123,-6.993954,2024-04-06,2
132923,4,109.053929,-6.993916,2024-04-06,2
132924,4,109.052635,-6.993886,2024-04-06,2
132925,4,109.052463,-6.993874,2024-04-06,2
132927,4,109.054305,-6.993831,2024-04-06,2
132928,4,109.054132,-6.993813,2024-04-06,2
132929,4,109.053867,-6.993785,2024-04-06,2
132930,4,109.053646,-6.993816,2024-04-06,2
132931,4,109.053503,-6.993794,2024-04-06,2
132934,4,109.052477,-6.9937,2024-04-06,2
132935,4,109.052366,-6.99368,2024-04-06,2
132936,4,109.052648,-6.993688,2024-04-06,2
132937,4,109.05371,-6.993647,2024-04-06,2
132940,4,109.052492,-6.993523,2024-04-06,2
132941,4,109.052379,-6.9935,2024-04-06,2
132942,4,109.05266,-6.993499,2024-04-06,2
132943,4,109.052388,-6.993398,2024-04-06,2
132946,4,109.052668,-6.993368,2024-04-06,2
132947,4,109.052547,-6.993411,2024-04-06,2
132948,4,109.05369,-6.993465,2024-04-06,2
132949,4,109.053524,-6.993525,2024-04-06,2
132950,4,109.053636,-6.993275,2024-04-06,2
133331,4,109.40689,-6.897707,2024-04-06,2
133332,4,109.406701,-6.897694,2024-04-06,2
133333,4,109.40648,-6.897704,2024-04-06,2
133334,4,109.40628,-6.897681,2024-04-06,2
133335,4,109.406905,-6.897592,2024-04-06,2
133336,4,109.407241,-6.897579,2024-04-06,2
133337,4,109.407129,-6.89757,2024-04-06,2
133338,4,109.406707,-6.897572,2024-04-06,2
133339,4,109.406486,-6.897548,2024-04-06,2
133340,4,109.40629,-6.897527,2024-04-06,2
133341,4,109.406058,-6.897478,2024-04-06,2
133342,4,109.405894,-6.897463,2024-04-06,2
133343,4,109.40714,-6.89744,2024-04-06,2
133344,4,109.40692,-6.897435,2024-04-06,2
133345,4,109.406768,-6.897419,2024-04-06,2
133346,4,109.406588,-6.8974,2024-04-06,2
133347,4,109.406023,-6.897359,2024-04-06,2
133348,4,109.406346,-6.897375,2024-04-06,2
133349,4,109.40693,-6.897274,2024-04-06,2
133350,4,109.406077,-6.897244,2024-04-06,2
133351,4,109.406778,-6.89726,2024-04-06,2
133352,4,109.40591,-6.89723,2024-04-06,2
133353,4,109.407265,-6.897402,2024-04-06,2
133354,4,109.406596,-6.897242,2024-04-06,2
133355,4,109.407198,-6.897239,2024-04-06,2
133356,4,109.406353,-6.897219,2024-04-06,2
133357,4,109.405902,-6.897144,2024-04-06,2
133358,4,109.405905,-6.89709,2024-04-06,2
133359,4,109.406072,-6.897124,2024-04-06,2
133360,4,109.406936,-6.897117,2024-04-06,2
133361,4,109.406774,-6.897102,2024-04-06,2
133362,4,109.405907,-6.89704,2024-04-06,2
133363,4,109.429556,-6.897051,2024-04-06,2
133364,4,109.429779,-6.897047,2024-04-06,2
133365,4,109.429973,-6.897045,2024-04-06,2
133366,4,109.406585,-6.897084,2024-04-06,2
133367,4,109.430168,-6.897004,2024-04-06,2
133368,4,109.407322,-6.897084,2024-04-06,2
133369,4,109.430305,-6.897006,2024-04-06,2
133370,4,109.407213,-6.89707,2024-04-06,2
133371,4,109.40591,-6.896993,2024-04-06,2
133372,4,109.406353,-6.89706,2024-04-06,2
133373,4,109.429148,-6.897034,2024-04-06,2
133374,4,109.428952,-6.897025,2024-04-06,2
133375,4,109.428778,-6.897015,2024-04-06,2
133376,4,109.428651,-6.897005,2024-04-06,2
133377,4,109.428488,-6.896966,2024-04-06,2
133378,4,109.406077,-6.897006,2024-04-06,2
133379,4,109.405911,-6.896952,2024-04-06,2
133380,4,109.406946,-6.896961,2024-04-06,2
133381,4,109.406787,-6.896947,2024-04-06,2
133382,4,109.406116,-6.896903,2024-04-06,2
133383,4,109.406599,-6.896928,2024-04-06,2
133384,4,109.429551,-6.896917,2024-04-06,2
133385,4,109.405948,-6.896886,2024-04-06,2
133386,4,109.429775,-6.896916,2024-04-06,2
133387,4,109.429975,-6.896912,2024-04-06,2
133388,4,109.430166,-6.89691,2024-04-06,2
133389,4,109.430305,-6.896906,2024-04-06,2
133390,4,109.407336,-6.89691,2024-04-06,2
133391,4,109.406363,-6.896904,2024-04-06,2
133392,4,109.407227,-6.896898,2024-04-06,2
133393,4,109.429144,-6.896865,2024-04-06,2
133394,4,109.428963,-6.896861,2024-04-06,2
133395,4,109.428797,-6.89686,2024-04-06,2
133396,4,109.428613,-6.896855,2024-04-06,2
133397,4,109.428491,-6.896857,2024-04-06,2
133398,4,109.406125,-6.896808,2024-04-06,2
133399,4,109.405955,-6.896789,2024-04-06,2
133400,4,109.406953,-6.896809,2024-04-06,2
133401,4,109.406789,-6.896792,2024-04-06,2
133402,4,109.4066,-6.896773,2024-04-06,2
133403,4,109.406159,-6.896721,2024-04-06,2
133404,4,109.429548,-6.896748,2024-04-06,2
133405,4,109.430229,-6.896745,2024-04-06,2
133406,4,109.429772,-6.896748,2024-04-06,2
133407,4,109.429984,-6.896746,2024-04-06,2
133408,4,109.406368,-6.896749,2024-04-06,2
133409,4,109.407349,-6.896746,2024-04-06,2
133410,4,109.405991,-6.896703,2024-04-06,2
133411,4,109.407241,-6.896727,2024-04-06,2
133412,4,109.406168,-6.896629,2024-04-06,2
133413,4,109.406964,-6.896656,2024-04-06,2
133414,4,109.429144,-6.89666,2024-04-06,2
133415,4,109.428975,-6.896658,2024-04-06,2
133416,4,109.428791,-6.896655,2024-04-06,2
133417,4,109.428592,-6.896654,2024-04-06,2
133418,4,109.428485,-6.896657,2024-04-06,2
133419,4,109.406803,-6.896639,2024-04-06,2
133420,4,109.405998,-6.896611,2024-04-06,2
133421,4,109.406615,-6.896618,2024-04-06,2
133422,4,109.406379,-6.896592,2024-04-06,2
133423,4,109.429784,-6.896583,2024-04-06,2
133424,4,109.430257,-6.896581,2024-04-06,2
133425,4,109.429545,-6.896582,2024-04-06,2
133426,4,109.430022,-6.896581,2024-04-06,2
133427,4,109.407352,-6.896573,2024-04-06,2
133428,4,109.406175,-6.896537,2024-04-06,2
133429,4,109.407243,-6.896562,2024-04-06,2
133430,4,109.406036,-6.896522,2024-04-06,2
133431,4,109.40593,-6.89651,2024-04-06,2
133432,4,109.406816,-6.896485,2024-04-06,2
133433,4,109.406629,-6.896464,2024-04-06,2
133434,4,109.40639,-6.896439,2024-04-06,2
133435,4,109.430024,-6.896416,2024-04-06,2
133436,4,109.429783,-6.896416,2024-04-06,2
133437,4,109.430258,-6.896414,2024-04-06,2
133438,4,109.429543,-6.896413,2024-04-06,2
133439,4,109.407363,-6.896403,2024-04-06,2
133440,4,109.407253,-6.896393,2024-04-06,2
133441,4,109.406987,-6.896323,2024-04-06,2
133442,4,109.406829,-6.896307,2024-04-06,2
133443,4,109.406678,-6.896293,2024-04-06,2
133444,4,109.406508,-6.896276,2024-04-06,2
133445,4,109.430259,-6.896253,2024-04-06,2
133446,4,109.430025,-6.896253,2024-04-06,2
133447,4,109.429784,-6.896251,2024-04-06,2
133448,4,109.42954,-6.896248,2024-04-06,2
133449,4,109.406304,-6.896256,2024-04-06,2
133450,4,109.406042,-6.896318,2024-04-06,2
133451,4,109.407374,-6.896227,2024-04-06,2
133452,4,109.407261,-6.89622,2024-04-06,2
133453,4,109.406999,-6.89616,2024-04-06,2
133454,4,109.406841,-6.896144,2024-04-06,2
133455,4,109.406692,-6.89613,2024-04-06,2
133456,4,109.406522,-6.896112,2024-04-06,2
133457,4,109.43026,-6.896093,2024-04-06,2
133458,4,109.430027,-6.896091,2024-04-06,2
133459,4,109.429782,-6.896087,2024-04-06,2
133460,4,109.406315,-6.896092,2024-04-06,2
133461,4,109.429535,-6.896083,2024-04-06,2
133462,4,109.407385,-6.896061,2024-04-06,2
133463,4,109.407271,-6.89605,2024-04-06,2
133464,4,109.407011,-6.895995,2024-04-06,2
133465,4,109.406122,-6.89604,2024-04-06,2
133466,4,109.406852,-6.89598,2024-04-06,2
133467,4,109.405988,-6.896027,2024-04-06,2
133468,4,109.406703,-6.895965,2024-04-06,2
133469,4,109.406534,-6.895949,2024-04-06,2
133470,4,109.430331,-6.895931,2024-04-06,2
133471,4,109.430194,-6.895929,2024-04-06,2
133472,4,109.42998,-6.895926,2024-04-06,2
133473,4,109.429756,-6.895922,2024-04-06,2
133474,4,109.429516,-6.895918,2024-04-06,2
133475,4,109.406326,-6.895928,2024-04-06,2
133476,4,109.407023,-6.895826,2024-04-06,2
133477,4,109.406863,-6.895811,2024-04-06,2
133478,4,109.430331,-6.89578,2024-04-06,2
133479,4,109.406713,-6.895798,2024-04-06,2
133480,4,109.430194,-6.895777,2024-04-06,2
133481,4,109.42999,-6.895771,2024-04-06,2
133482,4,109.429811,-6.895768,2024-04-06,2
133483,4,109.406544,-6.895783,2024-04-06,2
133484,4,109.429646,-6.895765,2024-04-06,2
133485,4,109.429477,-6.895762,2024-04-06,2
133487,4,109.406336,-6.895765,2024-04-06,2
133491,4,109.430331,-6.89567,2024-04-06,2
133492,4,109.430126,-6.895663,2024-04-06,2
133493,4,109.429852,-6.895654,2024-04-06,2
133494,4,109.406139,-6.895752,2024-04-06,2
133495,4,109.429655,-6.895648,2024-04-06,2
133496,4,109.429473,-6.895642,2024-04-06,2
133497,4,109.406005,-6.895742,2024-04-06,2
133498,4,109.407034,-6.895654,2024-04-06,2
133499,4,109.406875,-6.895642,2024-04-06,2
133500,4,109.430334,-6.895591,2024-04-06,2
133501,4,109.406724,-6.895629,2024-04-06,2
133502,4,109.430137,-6.895583,2024-04-06,2
133503,4,109.429861,-6.895573,2024-04-06,2
133504,4,109.429657,-6.895566,2024-04-06,2
133505,4,109.406549,-6.895616,2024-04-06,2
133507,4,109.429472,-6.89556,2024-04-06,2
133510,4,109.40634,-6.895599,2024-04-06,2
133515,4,109.406965,-6.895486,2024-04-06,2
133516,4,109.406736,-6.895468,2024-04-06,2
133519,4,109.406561,-6.895454,2024-04-06,2
133525,4,109.406352,-6.895437,2024-04-06,2
133528,4,109.406155,-6.895475,2024-04-06,2
133531,4,109.406021,-6.895462,2024-04-06,2
133558,4,109.430272,-6.894833,2024-04-06,2
133559,4,109.430053,-6.89483,2024-04-06,2
133565,4,109.429829,-6.894826,2024-04-06,2
133566,4,109.429648,-6.894822,2024-04-06,2
133567,4,109.429474,-6.89482,2024-04-06,2
133568,4,109.430055,-6.894688,2024-04-06,2
133569,4,109.429831,-6.894684,2024-04-06,2
133570,4,109.42964,-6.894681,2024-04-06,2
133571,4,109.430271,-6.894686,2024-04-06,2
133572,4,109.429476,-6.894675,2024-04-06,2
133574,4,109.430272,-6.894547,2024-04-06,2
133575,4,109.430056,-6.894544,2024-04-06,2
133576,4,109.429827,-6.894541,2024-04-06,2
133577,4,109.429637,-6.894538,2024-04-06,2
133578,4,109.429466,-6.894536,2024-04-06,2
133584,4,109.430267,-6.894417,2024-04-06,2
133586,4,109.430054,-6.894405,2024-04-06,2
133587,4,109.429824,-6.894401,2024-04-06,2
133588,4,109.429633,-6.894399,2024-04-06,2
133589,4,109.429463,-6.894397,2024-04-06,2
133593,4,109.429472,-6.894289,2024-04-06,2
133594,4,109.43019,-6.894289,2024-04-06,2
133595,4,109.429631,-6.894282,2024-04-06,2
133596,4,109.43005,-6.894288,2024-04-06,2
133597,4,109.429822,-6.894274,2024-04-06,2
90290,3,109.052597,-6.981273,2024-05-12,3
93757,3,109.412391,-7.426045,2024-05-12,3
93759,3,109.412269,-7.426031,2024-05-12,3
93762,3,109.412164,-7.426021,2024-05-12,3
93765,3,109.412065,-7.426011,2024-05-12,3
93769,3,109.411876,-7.42599,2024-05-12,3
93773,3,109.411588,-7.425957,2024-05-12,3
93873,3,109.052823,-6.982463,2024-05-12,3
93874,3,109.052541,-6.982452,2024-05-12,3
93909,3,109.053791,-6.981432,2024-05-12,3
93910,3,109.053634,-6.981423,2024-05-12,3
93911,3,109.053474,-6.981412,2024-05-12,3
93912,3,109.053284,-6.981398,2024-05-12,3
93913,3,109.052946,-6.981373,2024-05-12,3
93914,3,109.052628,-6.981349,2024-05-12,3
93921,3,109.052946,-6.981087,2024-05-12,3
93922,3,109.052637,-6.981069,2024-05-12,3
93923,3,109.053792,-6.981095,2024-05-12,3
93924,3,109.053623,-6.981083,2024-05-12,3
93925,3,109.053351,-6.981065,2024-05-12,3
93926,3,109.052945,-6.980989,2024-05-12,3
93927,3,109.05264,-6.980968,2024-05-12,3
131811,4,109.093331,-6.969928,2024-04-06,3
131814,4,109.052872,-6.995378,2024-04-06,3
131815,4,109.052519,-6.995586,2024-04-06,3
131825,4,109.052478,-6.994253,2024-04-06,3
131940,4,109.05344,-6.996194,2024-04-06,3
131941,4,109.053892,-6.996196,2024-04-06,3
131942,4,109.052537,-6.995738,2024-04-06,3
131943,4,109.052989,-6.99574,2024-04-06,3
131944,4,109.053442,-6.995742,2024-04-06,3
131945,4,109.053894,-6.995744,2024-04-06,3
131947,4,109.052991,-6.995288,2024-04-06,3
131963,4,109.093807,-6.971496,2024-04-06,3
131964,4,109.094259,-6.971498,2024-04-06,3
131965,4,109.094712,-6.9715,2024-04-06,3
131966,4,109.095164,-6.971502,2024-04-06,3
131967,4,109.093356,-6.971042,2024-04-06,3
131968,4,109.093809,-6.971044,2024-04-06,3
131969,4,109.094261,-6.971046,2024-04-06,3
131970,4,109.094713,-6.971048,2024-04-06,3
131971,4,109.095166,-6.97105,2024-04-06,3
131972,4,109.093358,-6.97059,2024-04-06,3
131973,4,109.09381,-6.970592,2024-04-06,3
131974,4,109.094263,-6.970594,2024-04-06,3
131975,4,109.094715,-6.970596,2024-04-06,3
131976,4,109.095168,-6.970598,2024-04-06,3
131977,4,109.09336,-6.970138,2024-04-06,3
131978,4,109.093812,-6.97014,2024-04-06,3
131979,4,109.094265,-6.970142,2024-04-06,3
131980,4,109.094717,-6.970144,2024-04-06,3
131981,4,109.093362,-6.969686,2024-04-06,3
131982,4,109.093814,-6.969688,2024-04-06,3
131983,4,109.094266,-6.96969,2024-04-06,3
131984,4,109.094719,-6.969692,2024-04-06,3
132790,4,109.053733,-6.996248,2024-04-06,3
132791,4,109.053502,-6.996198,2024-04-06,3
132792,4,109.054174,-6.996183,2024-04-06,3
132793,4,109.05399,-6.996178,2024-04-06,3
132794,4,109.053251,-6.996155,2024-04-06,3
132795,4,109.05376,-6.996136,2024-04-06,3
132796,4,109.053004,-6.996101,2024-04-06,3
132797,4,109.052769,-6.996051,2024-04-06,3
132798,4,109.053517,-6.996089,2024-04-06,3
132799,4,109.054189,-6.996069,2024-04-06,3
132800,4,109.052548,-6.996006,2024-04-06,3
132801,4,109.052422,-6.995979,2024-04-06,3
132802,4,109.053265,-6.99604,2024-04-06,3
132803,4,109.054013,-6.996035,2024-04-06,3
132804,4,109.053017,-6.995992,2024-04-06,3
132805,4,109.05378,-6.995991,2024-04-06,3
132806,4,109.052783,-6.995948,2024-04-06,3
132807,4,109.053536,-6.995944,2024-04-06,3
132808,4,109.054205,-6.995922,2024-04-06,3
132809,4,109.052559,-6.995906,2024-04-06,3
132810,4,109.053296,-6.995899,2024-04-06,3
132811,4,109.054033,-6.995886,2024-04-06,3
132812,4,109.052353,-6.995864,2024-04-06,3
132813,4,109.05305,-6.995853,2024-04-06,3
132814,4,109.053806,-6.995839,2024-04-06,3
132815,4,109.0528,-6.995806,2024-04-06,3
132816,4,109.053605,-6.995799,2024-04-06,3
132817,4,109.054207,-6.995776,2024-04-06,3
132818,4,109.052576,-6.995765,2024-04-06,3
132819,4,109.054226,-6.995678,2024-04-06,3
132820,4,109.052364,-6.995725,2024-04-06,3
132821,4,109.053356,-6.995746,2024-04-06,3
132822,4,109.053068,-6.995687,2024-04-06,3
132823,4,109.053934,-6.995689,2024-04-06,3
132824,4,109.052855,-6.995642,2024-04-06,3
132825,4,109.053611,-6.995625,2024-04-06,3
132826,4,109.052661,-6.995614,2024-04-06,3
132827,4,109.053501,-6.995601,2024-04-06,3
132828,4,109.052408,-6.995581,2024-04-06,3
132829,4,109.053354,-6.995571,2024-04-06,3
132830,4,109.054239,-6.99555,2024-04-06,3
132831,4,109.053143,-6.995527,2024-04-06,3
132832,4,109.05294,-6.995483,2024-04-06,3
132833,4,109.054009,-6.995506,2024-04-06,3
132834,4,109.053762,-6.995462,2024-04-06,3
132835,4,109.052728,-6.995435,2024-04-06,3
132837,4,109.053597,-6.995433,2024-04-06,3
132839,4,109.053373,-6.995393,2024-04-06,3
132841,4,109.053161,-6.995353,2024-04-06,3
132843,4,109.052956,-6.995313,2024-04-06,3
132846,4,109.052745,-6.995244,2024-04-06,3
132853,4,109.05276,-6.995075,2024-04-06,3
132862,4,109.054298,-6.994953,2024-04-06,3
132864,4,109.054147,-6.994943,2024-04-06,3
132865,4,109.053888,-6.994927,2024-04-06,3
132866,4,109.053648,-6.994912,2024-04-06,3
132867,4,109.053434,-6.994899,2024-04-06,3
132868,4,109.053119,-6.99488,2024-04-06,3
132869,4,109.052776,-6.994917,2024-04-06,3
132879,4,109.052404,-6.994658,2024-04-06,3
132885,4,109.052412,-6.994531,2024-04-06,3
132898,4,109.052421,-6.994406,2024-04-06,3
132907,4,109.052432,-6.99426,2024-04-06,3
132914,4,109.052446,-6.994075,2024-04-06,3
132926,4,109.052352,-6.993864,2024-04-06,3
132944,4,109.053331,-6.993875,2024-04-06,3
132951,4,109.053175,-6.993844,2024-04-06,3
132952,4,109.094674,-6.97147,2024-04-06,3
132953,4,109.094885,-6.971471,2024-04-06,3
132954,4,109.095234,-6.971456,2024-04-06,3
132955,4,109.0938,-6.971474,2024-04-06,3
132956,4,109.094072,-6.971439,2024-04-06,3
132957,4,109.094336,-6.971439,2024-04-06,3
132958,4,109.094528,-6.971441,2024-04-06,3
132959,4,109.095071,-6.971439,2024-04-06,3
132960,4,109.093304,-6.971422,2024-04-06,3
132961,4,109.094888,-6.971391,2024-04-06,3
132963,4,109.095245,-6.971325,2024-04-06,3
132964,4,109.095404,-6.971304,2024-04-06,3
132965,4,109.094685,-6.971318,2024-04-06,3
132966,4,109.094539,-6.971292,2024-04-06,3
132967,4,109.094345,-6.971287,2024-04-06,3
132968,4,109.09408,-6.971284,2024-04-06,3
132969,4,109.093815,-6.97133,2024-04-06,3
132970,4,109.093311,-6.971269,2024-04-06,3
132971,4,109.093763,-6.971231,2024-04-06,3
132972,4,109.094912,-6.971275,2024-04-06,3
132973,4,109.095081,-6.97127,2024-04-06,3
132974,4,109.095252,-6.971194,2024-04-06,3
132976,4,109.095406,-6.971187,2024-04-06,3
132977,4,109.094445,-6.971103,2024-04-06,3
132978,4,109.094551,-6.97111,2024-04-06,3
132979,4,109.09469,-6.971108,2024-04-06,3
132980,4,109.093911,-6.971089,2024-04-06,3
132981,4,109.094301,-6.971097,2024-04-06,3
132982,4,109.095256,-6.97106,2024-04-06,3
132983,4,109.094096,-6.971091,2024-04-06,3
132984,4,109.093325,-6.971083,2024-04-06,3
132985,4,109.094913,-6.971096,2024-04-06,3
132986,4,109.09509,-6.971078,2024-04-06,3
132987,4,109.093773,-6.971059,2024-04-06,3
132989,4,109.094563,-6.970914,2024-04-06,3
132990,4,109.094458,-6.970909,2024-04-06,3
132991,4,109.094305,-6.970903,2024-04-06,3
132992,4,109.094103,-6.9709,2024-04-06,3
132993,4,109.093921,-6.970901,2024-04-06,3
132994,4,109.095262,-6.970894,2024-04-06,3
132995,4,109.095017,-6.97088,2024-04-06,3
132996,4,109.095102,-6.970886,2024-04-06,3
132997,4,109.094877,-6.970897,2024-04-06,3
132998,4,109.093338,-6.970881,2024-04-06,3
132999,4,109.094693,-6.97089,2024-04-06,3
133000,4,109.093788,-6.970838,2024-04-06,3
133002,4,109.093943,-6.970744,2024-04-06,3
133003,4,109.093348,-6.97073,2024-04-06,3
133004,4,109.094113,-6.970745,2024-04-06,3
133005,4,109.094308,-6.970737,2024-04-06,3
133006,4,109.095265,-6.970716,2024-04-06,3
133007,4,109.095112,-6.970695,2024-04-06,3
133008,4,109.094476,-6.970628,2024-04-06,3
133009,4,109.094576,-6.970685,2024-04-06,3
133010,4,109.095027,-6.97069,2024-04-06,3
133011,4,109.094722,-6.970681,2024-04-06,3
133012,4,109.094905,-6.970684,2024-04-06,3
133013,4,109.093613,-6.970617,2024-04-06,3
133014,4,109.094257,-6.97058,2024-04-06,3
133015,4,109.093887,-6.970585,2024-04-06,3
133016,4,109.09412,-6.970584,2024-04-06,3
133017,4,109.093356,-6.970579,2024-04-06,3
133018,4,109.094584,-6.970516,2024-04-06,3
133019,4,109.094701,-6.97051,2024-04-06,3
133020,4,109.09482,-6.9705,2024-04-06,3
133021,4,109.094915,-6.9705,2024-04-06,3
133022,4,109.093625,-6.970483,2024-04-06,3
133023,4,109.095037,-6.9705,2024-04-06,3
133024,4,109.09448,-6.970501,2024-04-06,3
133025,4,109.095121,-6.970502,2024-04-06,3
133026,4,109.095271,-6.970516,2024-04-06,3
133027,4,109.093635,-6.970363,2024-04-06,3
133028,4,109.09337,-6.970391,2024-04-06,3
133029,4,109.094351,-6.970479,2024-04-06,3
133030,4,109.094264,-6.97039,2024-04-06,3
133031,4,109.094128,-6.970385,2024-04-06,3
133032,4,109.093903,-6.970382,2024-04-06,3
133033,4,109.094924,-6.97032,2024-04-06,3
133034,4,109.094829,-6.970315,2024-04-06,3
133035,4,109.09449,-6.970309,2024-04-06,3
133036,4,109.094591,-6.970329,2024-04-06,3
133037,4,109.094702,-6.970319,2024-04-06,3
133038,4,109.093643,-6.97024,2024-04-06,3
133039,4,109.093383,-6.970229,2024-04-06,3
133040,4,109.094137,-6.970208,2024-04-06,3
133041,4,109.093917,-6.970203,2024-04-06,3
133042,4,109.094274,-6.970174,2024-04-06,3
133043,4,109.094365,-6.97016,2024-04-06,3
133044,4,109.094509,-6.970118,2024-04-06,3
133045,4,109.094706,-6.970113,2024-04-06,3
133046,4,109.094838,-6.970109,2024-04-06,3
133047,4,109.094933,-6.970112,2024-04-06,3
133048,4,109.093658,-6.970076,2024-04-06,3
133049,4,109.093399,-6.970065,2024-04-06,3
133050,4,109.094143,-6.970053,2024-04-06,3
133051,4,109.093928,-6.970046,2024-04-06,3
133052,4,109.094845,-6.969963,2024-04-06,3
133053,4,109.094938,-6.969962,2024-04-06,3
133054,4,109.093153,-6.96997,2024-04-06,3
133055,4,109.093675,-6.969917,2024-04-06,3
133056,4,109.093416,-6.969903,2024-04-06,3
133057,4,109.093943,-6.96989,2024-04-06,3
133058,4,109.094152,-6.969894,2024-04-06,3
133059,4,109.094285,-6.96994,2024-04-06,3
133060,4,109.094476,-6.969919,2024-04-06,3
133061,4,109.09317,-6.969831,2024-04-06,3
133062,4,109.093427,-6.969752,2024-04-06,3
133063,4,109.093203,-6.969716,2024-04-06,3
133064,4,109.093685,-6.969759,2024-04-06,3
133065,4,109.093955,-6.969742,2024-04-06,3
133066,4,109.09416,-6.969741,2024-04-06,3
133067,4,109.094294,-6.969738,2024-04-06,3
133068,4,109.094483,-6.969735,2024-04-06,3
133069,4,109.094686,-6.969854,2024-04-06,3
89686,3,108.891528,-6.922556,2024-05-12,4
89690,3,109.053413,-6.9813,2024-05-12,4
89701,3,109.152944,-7.613611,2024-05-12,4
90206,3,109.151793,-7.615013,2024-05-12,4
90208,3,109.152248,-7.614563,2024-05-12,4
90209,3,109.152701,-7.614565,2024-05-12,4
90210,3,109.151797,-7.614109,2024-05-12,4
90213,3,109.151799,-7.613657,2024-05-12,4
90214,3,109.152252,-7.613658,2024-05-12,4
90215,3,109.152705,-7.61366,2024-05-12,4
90289,3,109.0535,-6.981729,2024-05-12,4
90292,3,109.053502,-6.981277,2024-05-12,4
90293,3,109.052599,-6.980821,2024-05-12,4
90294,3,109.053051,-6.980823,2024-05-12,4
90295,3,109.053503,-6.980825,2024-05-12,4
90312,3,108.890901,-6.922722,2024-05-12,4
90313,3,108.891353,-6.922724,2024-05-12,4
90314,3,108.891806,-6.922726,2024-05-12,4
90315,3,108.890903,-6.92227,2024-05-12,4
90316,3,108.891355,-6.922272,2024-05-12,4
90317,3,108.891808,-6.922274,2024-05-12,4
93107,3,109.152256,-7.61496,2024-05-12,4
93109,3,109.151684,-7.61491,2024-05-12,4
93110,3,109.152833,-7.614844,2024-05-12,4
93113,3,109.152468,-7.614836,2024-05-12,4
93114,3,109.152587,-7.614829,2024-05-12,4
93115,3,109.152243,-7.614743,2024-05-12,4
93118,3,109.152698,-7.614536,2024-05-12,4
93119,3,109.152448,-7.61453,2024-05-12,4
93120,3,109.152813,-7.614543,2024-05-12,4
93121,3,109.152566,-7.614523,2024-05-12,4
93123,3,109.152228,-7.614445,2024-05-12,4
93124,3,109.151644,-7.614228,2024-05-12,4
93127,3,109.152431,-7.614268,2024-05-12,4
93128,3,109.152548,-7.614261,2024-05-12,4
93130,3,109.151664,-7.614034,2024-05-12,4
93134,3,109.151596,-7.613831,2024-05-12,4
93135,3,109.151963,-7.613826,2024-05-12,4
93138,3,109.151627,-7.61364,2024-05-12,4
93139,3,109.151986,-7.613635,2024-05-12,4
93140,3,109.152349,-7.61363,2024-05-12,4
93141,3,109.152663,-7.613626,2024-05-12,4
93871,3,109.053645,-6.982489,2024-05-12,4
93872,3,109.053364,-6.982475,2024-05-12,4
93875,3,109.053173,-6.982465,2024-05-12,4
93876,3,109.053794,-6.982403,2024-05-12,4
93877,3,109.0536,-6.982391,2024-05-12,4
93878,3,109.052825,-6.982355,2024-05-12,4
93879,3,109.052545,-6.982339,2024-05-12,4
93881,3,109.053134,-6.982323,2024-05-12,4
93884,3,109.053264,-6.982135,2024-05-12,4
93892,3,109.053483,-6.981732,2024-05-12,4
93915,3,109.053799,-6.981265,2024-05-12,4
93916,3,109.053655,-6.981258,2024-05-12,4
93917,3,109.05348,-6.981246,2024-05-12,4
93918,3,109.053275,-6.981232,2024-05-12,4
93928,3,109.053822,-6.980921,2024-05-12,4
93929,3,109.053701,-6.980913,2024-05-12,4
93930,3,109.053546,-6.980901,2024-05-12,4
93931,3,109.053379,-6.980889,2024-05-12,4
93932,3,109.053158,-6.980872,2024-05-12,4
93933,3,109.052872,-6.980852,2024-05-12,4
93934,3,109.052646,-6.980835,2024-05-12,4
93935,3,109.053782,-6.980793,2024-05-12,4
93936,3,109.053548,-6.980777,2024-05-12,4
93937,3,109.053279,-6.980757,2024-05-12,4
93938,3,109.05294,-6.980732,2024-05-12,4
93939,3,109.052651,-6.980709,2024-05-12,4
93940,3,109.053774,-6.980687,2024-05-12,4
93941,3,109.053558,-6.980677,2024-05-12,4
93942,3,109.053379,-6.980669,2024-05-12,4
93943,3,109.053137,-6.980657,2024-05-12,4
93944,3,109.052858,-6.980642,2024-05-12,4
93945,3,109.052658,-6.980632,2024-05-12,4
94063,3,108.891413,-6.923092,2024-05-12,4
94064,3,108.891187,-6.923076,2024-05-12,4
94065,3,108.891012,-6.923064,2024-05-12,4
94066,3,108.890897,-6.923056,2024-05-12,4
94067,3,108.890755,-6.923045,2024-05-12,4
94068,3,108.891802,-6.923023,2024-05-12,4
94069,3,108.891399,-6.92299,2024-05-12,4
94070,3,108.890992,-6.922941,2024-05-12,4
94071,3,108.890761,-6.922913,2024-05-12,4
94072,3,108.891863,-6.922864,2024-05-12,4
94073,3,108.891608,-6.922839,2024-05-12,4
94074,3,108.891284,-6.922807,2024-05-12,4
94075,3,108.890904,-6.922774,2024-05-12,4
94076,3,108.890685,-6.922761,2024-05-12,4
94077,3,108.89187,-6.922678,2024-05-12,4
94078,3,108.891624,-6.922657,2024-05-12,4
94079,3,108.89129,-6.92263,2024-05-12,4
94080,3,108.890898,-6.922603,2024-05-12,4
94081,3,108.890681,-6.922616,2024-05-12,4
94082,3,108.890679,-6.922494,2024-05-12,4
94083,3,108.891761,-6.922488,2024-05-12,4
94084,3,108.891334,-6.92246,2024-05-12,4
94085,3,108.890981,-6.922437,2024-05-12,4
94086,3,108.890766,-6.922423,2024-05-12,4
94087,3,108.891762,-6.922323,2024-05-12,4
94088,3,108.891334,-6.922302,2024-05-12,4
94089,3,108.890977,-6.922281,2024-05-12,4
94090,3,108.890763,-6.92227,2024-05-12,4
94091,3,108.891763,-6.92215,2024-05-12,4
94092,3,108.891369,-6.922138,2024-05-12,4
94093,3,108.891047,-6.922128,2024-05-12,4
94094,3,108.890798,-6.922119,2024-05-12,4
94095,3,108.891855,-6.921975,2024-05-12,4
94096,3,108.891615,-6.921973,2024-05-12,4
94097,3,108.891326,-6.921969,2024-05-12,4
94098,3,108.891045,-6.921966,2024-05-12,4
94099,3,108.890799,-6.921963,2024-05-12,4
94100,3,108.891855,-6.92186,2024-05-12,4
94101,3,108.891217,-6.921858,2024-05-12,4
85163,3,109.295694,-7.426111,2024-05-14,1
85167,3,109.413361,-7.426667,2024-05-14,1
85170,3,109.295528,-7.649722,2024-05-14,1
85173,3,109.449389,-7.595722,2024-05-14,1
85653,3,109.208281,-7.650512,2024-05-14,1
85654,3,109.208734,-7.650513,2024-05-14,1
85655,3,109.209188,-7.650515,2024-05-14,1
85657,3,109.208283,-7.650059,2024-05-14,1
85658,3,109.208736,-7.650061,2024-05-14,1
85659,3,109.209189,-7.650063,2024-05-14,1
85661,3,109.208285,-7.649607,2024-05-14,1
85662,3,109.208738,-7.649609,2024-05-14,1
85663,3,109.209644,-7.649613,2024-05-14,1
85687,3,109.448652,-7.595832,2024-05-14,1
85688,3,109.449105,-7.595834,2024-05-14,1
85689,3,109.449559,-7.595835,2024-05-14,1
85692,3,109.448654,-7.59538,2024-05-14,1
85693,3,109.449107,-7.595381,2024-05-14,1
85694,3,109.44956,-7.595383,2024-05-14,1
85697,3,109.448656,-7.594928,2024-05-14,1
85698,3,109.449109,-7.594929,2024-05-14,1
85699,3,109.449562,-7.594931,2024-05-14,1
85700,3,109.450015,-7.594933,2024-05-14,1
85701,3,109.450468,-7.594934,2024-05-14,1
85702,3,109.448657,-7.594476,2024-05-14,1
85703,3,109.44911,-7.594477,2024-05-14,1
85727,3,109.2948,-7.427076,2024-05-14,1
85728,3,109.295253,-7.427078,2024-05-14,1
85729,3,109.295706,-7.42708,2024-05-14,1
85730,3,109.294801,-7.426624,2024-05-14,1
85731,3,109.295254,-7.426626,2024-05-14,1
85732,3,109.295707,-7.426628,2024-05-14,1
85733,3,109.294803,-7.426172,2024-05-14,1
85734,3,109.295256,-7.426174,2024-05-14,1
85735,3,109.295709,-7.426176,2024-05-14,1
85738,3,109.412564,-7.426609,2024-05-14,1
85739,3,109.413017,-7.426611,2024-05-14,1
85740,3,109.41347,-7.426612,2024-05-14,1
85742,3,109.294805,-7.42572,2024-05-14,1
85743,3,109.295258,-7.425722,2024-05-14,1
85744,3,109.295711,-7.425724,2024-05-14,1
85747,3,109.413018,-7.426158,2024-05-14,1
85793,3,108.937532,-6.912982,2024-05-14,1
85794,3,108.937985,-6.912984,2024-05-14,1
88421,3,109.209315,-7.650687,2024-05-14,1
88429,3,109.20828,-7.650692,2024-05-14,1
88430,3,109.20834,-7.650689,2024-05-14,1
88431,3,109.208985,-7.650617,2024-05-14,1
88432,3,109.209046,-7.650616,2024-05-14,1
88433,3,109.208485,-7.650599,2024-05-14,1
88434,3,109.208407,-7.650599,2024-05-14,1
88435,3,109.208579,-7.650596,2024-05-14,1
88436,3,109.208335,-7.65055,2024-05-14,1
88437,3,109.208666,-7.650591,2024-05-14,1
88438,3,109.208749,-7.650532,2024-05-14,1
88439,3,109.20887,-7.650584,2024-05-14,1
88440,3,109.208275,-7.650539,2024-05-14,1
88441,3,109.209197,-7.650572,2024-05-14,1
88442,3,109.209139,-7.650572,2024-05-14,1
88443,3,109.20931,-7.650543,2024-05-14,1
88452,3,109.208268,-7.650289,2024-05-14,1
88453,3,109.208327,-7.650299,2024-05-14,1
88454,3,109.208396,-7.650297,2024-05-14,1
88455,3,109.208478,-7.650294,2024-05-14,1
88456,3,109.208575,-7.65029,2024-05-14,1
88457,3,109.208663,-7.650284,2024-05-14,1
88458,3,109.208745,-7.650279,2024-05-14,1
88459,3,109.208862,-7.650276,2024-05-14,1
88460,3,109.208974,-7.650307,2024-05-14,1
88461,3,109.209034,-7.650307,2024-05-14,1
88462,3,109.209078,-7.650399,2024-05-14,1
88463,3,109.209128,-7.65026,2024-05-14,1
88464,3,109.209186,-7.650259,2024-05-14,1
88465,3,109.2093,-7.650249,2024-05-14,1
88473,3,109.208599,-7.650012,2024-05-14,1
88474,3,109.20874,-7.650004,2024-05-14,1
88475,3,109.209163,-7.649942,2024-05-14,1
88476,3,109.209373,-7.649927,2024-05-14,1
88477,3,109.209485,-7.649926,2024-05-14,1
88478,3,109.209635,-7.649919,2024-05-14,1
88479,3,109.209742,-7.649913,2024-05-14,1
88480,3,109.209789,-7.649915,2024-05-14,1
88482,3,109.208415,-7.649944,2024-05-14,1
88483,3,109.20883,-7.649927,2024-05-14,1
88484,3,109.208958,-7.649922,2024-05-14,1
88485,3,109.208282,-7.649937,2024-05-14,1
88486,3,109.209914,-7.649881,2024-05-14,1
88487,3,109.209272,-7.649781,2024-05-14,1
88488,3,109.208595,-7.649793,2024-05-14,1
88489,3,109.209081,-7.649868,2024-05-14,1
88490,3,109.208283,-7.649667,2024-05-14,1
88491,3,109.209155,-7.649692,2024-05-14,1
88492,3,109.208421,-7.649668,2024-05-14,1
88493,3,109.20979,-7.649679,2024-05-14,1
88494,3,109.208597,-7.649624,2024-05-14,1
88495,3,109.208735,-7.64973,2024-05-14,1
88496,3,109.208823,-7.649651,2024-05-14,1
88497,3,109.208949,-7.649646,2024-05-14,1
88498,3,109.20907,-7.649592,2024-05-14,1
88499,3,109.209151,-7.649561,2024-05-14,1
88500,3,109.209333,-7.649641,2024-05-14,1
88501,3,109.209482,-7.649654,2024-05-14,1
88502,3,109.209373,-7.649525,2024-05-14,1
88503,3,109.209636,-7.649653,2024-05-14,1
88504,3,109.209492,-7.649522,2024-05-14,1
88505,3,109.209915,-7.649623,2024-05-14,1
88506,3,109.209643,-7.649517,2024-05-14,1
88507,3,109.209793,-7.649539,2024-05-14,1
88508,3,109.209917,-7.649504,2024-05-14,1
88597,3,109.152216,-7.614225,2024-05-14,1
88620,3,109.449044,-7.595973,2024-05-14,1
88623,3,109.449018,-7.595938,2024-05-14,1
88624,3,109.449141,-7.595946,2024-05-14,1
88630,3,109.449021,-7.595877,2024-05-14,1
88631,3,109.448649,-7.595892,2024-05-14,1
88632,3,109.448519,-7.595919,2024-05-14,1
88633,3,109.449278,-7.595859,2024-05-14,1
88635,3,109.448921,-7.595837,2024-05-14,1
88637,3,109.449178,-7.595904,2024-05-14,1
88638,3,109.449586,-7.59593,2024-05-14,1
88639,3,109.449273,-7.595788,2024-05-14,1
88640,3,109.448925,-7.595766,2024-05-14,1
88641,3,109.44913,-7.595792,2024-05-14,1
88642,3,109.449272,-7.595727,2024-05-14,1
88643,3,109.448738,-7.595764,2024-05-14,1
88644,3,109.448777,-7.59586,2024-05-14,1
88645,3,109.448454,-7.59573,2024-05-14,1
88646,3,109.448526,-7.595733,2024-05-14,1
88647,3,109.449277,-7.595678,2024-05-14,1
88648,3,109.44959,-7.595826,2024-05-14,1
88649,3,109.449074,-7.595687,2024-05-14,1
88651,3,109.448922,-7.595662,2024-05-14,1
88653,3,109.449063,-7.595634,2024-05-14,1
88654,3,109.449591,-7.595739,2024-05-14,1
88655,3,109.449269,-7.595638,2024-05-14,1
88657,3,109.44874,-7.595672,2024-05-14,1
88659,3,109.44867,-7.595554,2024-05-14,1
88660,3,109.44892,-7.5956,2024-05-14,1
88661,3,109.448575,-7.595593,2024-05-14,1
88662,3,109.44848,-7.595601,2024-05-14,1
88664,3,109.449595,-7.595654,2024-05-14,1
88666,3,109.449054,-7.59557,2024-05-14,1
88667,3,109.448365,-7.595649,2024-05-14,1
88669,3,109.448816,-7.595611,2024-05-14,1
88672,3,109.449611,-7.595543,2024-05-14,1
88674,3,109.448807,-7.595479,2024-05-14,1
88678,3,109.449562,-7.595468,2024-05-14,1
88679,3,109.448642,-7.595469,2024-05-14,1
88680,3,109.448456,-7.595463,2024-05-14,1
88682,3,109.448671,-7.595389,2024-05-14,1
88683,3,109.449563,-7.595366,2024-05-14,1
88684,3,109.449182,-7.595513,2024-05-14,1
88685,3,109.448853,-7.595404,2024-05-14,1
88686,3,109.449576,-7.595251,2024-05-14,1
88688,3,109.448866,-7.595313,2024-05-14,1
88692,3,109.44918,-7.595359,2024-05-14,1
88699,3,109.4483,-7.595265,2024-05-14,1
88701,3,109.44837,-7.595319,2024-05-14,1
88703,3,109.449184,-7.595233,2024-05-14,1
88704,3,109.449596,-7.595124,2024-05-14,1
88705,3,109.448642,-7.595081,2024-05-14,1
88707,3,109.449217,-7.595097,2024-05-14,1
88708,3,109.448916,-7.595048,2024-05-14,1
88709,3,109.448869,-7.595118,2024-05-14,1
88710,3,109.448848,-7.595207,2024-05-14,1
88711,3,109.449605,-7.595025,2024-05-14,1
88712,3,109.448548,-7.59511,2024-05-14,1
88713,3,109.448687,-7.595082,2024-05-14,1
88714,3,109.448661,-7.595264,2024-05-14,1
88715,3,109.448526,-7.595255,2024-05-14,1
88719,3,109.448526,-7.595471,2024-05-14,1
88724,3,109.448394,-7.595054,2024-05-14,1
88725,3,109.448314,-7.595002,2024-05-14,1
88726,3,109.448295,-7.594996,2024-05-14,1
88727,3,109.449204,-7.594989,2024-05-14,1
88728,3,109.449003,-7.594983,2024-05-14,1
88729,3,109.449602,-7.594934,2024-05-14,1
88730,3,109.449186,-7.594916,2024-05-14,1
88731,3,109.448767,-7.594898,2024-05-14,1
88732,3,109.448469,-7.594896,2024-05-14,1
88733,3,109.449085,-7.594796,2024-05-14,1
88734,3,109.449287,-7.594769,2024-05-14,1
88735,3,109.448868,-7.594894,2024-05-14,1
88736,3,109.449607,-7.594794,2024-05-14,1
88737,3,109.450597,-7.594877,2024-05-14,1
88738,3,109.448916,-7.594727,2024-05-14,1
88739,3,109.448876,-7.594779,2024-05-14,1
88740,3,109.448491,-7.594841,2024-05-14,1
88741,3,109.448682,-7.594779,2024-05-14,1
88742,3,109.448642,-7.594835,2024-05-14,1
88743,3,109.448581,-7.594828,2024-05-14,1
88744,3,109.448311,-7.59481,2024-05-14,1
88745,3,109.448528,-7.594813,2024-05-14,1
88746,3,109.448427,-7.594676,2024-05-14,1
88747,3,109.448403,-7.594744,2024-05-14,1
88748,3,109.44838,-7.594852,2024-05-14,1
88749,3,109.449182,-7.594686,2024-05-14,1
88750,3,109.450543,-7.594888,2024-05-14,1
88751,3,109.448347,-7.594628,2024-05-14,1
88752,3,109.448859,-7.59465,2024-05-14,1
88753,3,109.448373,-7.594616,2024-05-14,1
88754,3,109.450476,-7.594806,2024-05-14,1
88755,3,109.448505,-7.594615,2024-05-14,1
88756,3,109.450396,-7.594834,2024-05-14,1
88757,3,109.450329,-7.594686,2024-05-14,1
88758,3,109.45027,-7.594752,2024-05-14,1
88759,3,109.450188,-7.594728,2024-05-14,1
88760,3,109.450107,-7.594716,2024-05-14,1
88761,3,109.450061,-7.594702,2024-05-14,1
88762,3,109.449967,-7.594715,2024-05-14,1
88763,3,109.449865,-7.594705,2024-05-14,1
88764,3,109.448442,-7.594596,2024-05-14,1
88765,3,109.449667,-7.594594,2024-05-14,1
88766,3,109.449481,-7.594595,2024-05-14,1
88767,3,109.448532,-7.59457,2024-05-14,1
88768,3,109.44921,-7.594555,2024-05-14,1
88769,3,109.448905,-7.594538,2024-05-14,1
88770,3,109.448595,-7.594603,2024-05-14,1
88771,3,109.44875,-7.594505,2024-05-14,1
88772,3,109.448678,-7.594566,2024-05-14,1
88773,3,109.448709,-7.594694,2024-05-14,1
88983,3,109.295259,-7.427132,2024-05-14,1
88984,3,109.29507,-7.427128,2024-05-14,1
88985,3,109.295743,-7.427117,2024-05-14,1
88986,3,109.295684,-7.427116,2024-05-14,1
88987,3,109.295569,-7.427112,2024-05-14,1
88988,3,109.295428,-7.427107,2024-05-14,1
88989,3,109.413762,-7.427054,2024-05-14,1
88990,3,109.295332,-7.427104,2024-05-14,1
88991,3,109.294828,-7.427104,2024-05-14,1
88992,3,109.294631,-7.427098,2024-05-14,1
88993,3,109.295111,-7.427049,2024-05-14,1
88994,3,109.413758,-7.427022,2024-05-14,1
88995,3,109.41385,-7.427021,2024-05-14,1
88996,3,109.413775,-7.42699,2024-05-14,1
88997,3,109.295794,-7.427041,2024-05-14,1
88998,3,109.413574,-7.426992,2024-05-14,1
88999,3,109.29563,-7.427001,2024-05-14,1
89000,3,109.295417,-7.426991,2024-05-14,1
89001,3,109.413446,-7.426966,2024-05-14,1
89002,3,109.295142,-7.426975,2024-05-14,1
89003,3,109.413804,-7.426958,2024-05-14,1
89004,3,109.413341,-7.426947,2024-05-14,1
89005,3,109.413269,-7.426937,2024-05-14,1
89006,3,109.413661,-7.42696,2024-05-14,1
89007,3,109.29579,-7.426928,2024-05-14,1
89008,3,109.29472,-7.426957,2024-05-14,1
89009,3,109.413198,-7.426923,2024-05-14,1
89011,3,109.413616,-7.426937,2024-05-14,1
89012,3,109.413128,-7.426912,2024-05-14,1
89013,3,109.295625,-7.426918,2024-05-14,1
89015,3,109.413832,-7.426914,2024-05-14,1
89017,3,109.41306,-7.4269,2024-05-14,1
89018,3,109.295371,-7.426905,2024-05-14,1
89020,3,109.295142,-7.426894,2024-05-14,1
89021,3,109.413545,-7.426929,2024-05-14,1
89022,3,109.413863,-7.426867,2024-05-14,1
89023,3,109.413736,-7.426877,2024-05-14,1
89026,3,109.413511,-7.42689,2024-05-14,1
89027,3,109.41364,-7.426847,2024-05-14,1
89028,3,109.413588,-7.426882,2024-05-14,1
89030,3,109.413401,-7.42687,2024-05-14,1
89033,3,109.413276,-7.42685,2024-05-14,1
89034,3,109.413886,-7.426822,2024-05-14,1
89035,3,109.295794,-7.426839,2024-05-14,1
89036,3,109.295365,-7.426831,2024-05-14,1
89037,3,109.295148,-7.426817,2024-05-14,1
89038,3,109.413798,-7.426818,2024-05-14,1
89039,3,109.413729,-7.426801,2024-05-14,1
89042,3,109.41368,-7.426786,2024-05-14,1
89043,3,109.413623,-7.426783,2024-05-14,1
89044,3,109.413571,-7.426797,2024-05-14,1
89046,3,109.295621,-7.426818,2024-05-14,1
89047,3,109.413747,-7.426751,2024-05-14,1
89049,3,109.294711,-7.426818,2024-05-14,1
89051,3,109.294958,-7.426824,2024-05-14,1
89052,3,109.295437,-7.426763,2024-05-14,1
89054,3,109.413437,-7.42677,2024-05-14,1
89055,3,109.295814,-7.426756,2024-05-14,1
89056,3,109.413863,-7.426752,2024-05-14,1
89057,3,109.413036,-7.426799,2024-05-14,1
89058,3,109.295327,-7.426747,2024-05-14,1
89061,3,109.295766,-7.426733,2024-05-14,1
89062,3,109.412937,-7.426797,2024-05-14,1
89063,3,109.413255,-7.426736,2024-05-14,1
89066,3,109.295145,-7.426728,2024-05-14,1
89067,3,109.413771,-7.426703,2024-05-14,1
89068,3,109.413147,-7.426777,2024-05-14,1
89069,3,109.412827,-7.426771,2024-05-14,1
89071,3,109.413731,-7.426704,2024-05-14,1
89073,3,109.413693,-7.426692,2024-05-14,1
89075,3,109.295529,-7.426695,2024-05-14,1
89076,3,109.413644,-7.426689,2024-05-14,1
89079,3,109.413588,-7.426683,2024-05-14,1
89081,3,109.295015,-7.42665,2024-05-14,1
89082,3,109.294753,-7.42666,2024-05-14,1
89083,3,109.413449,-7.426657,2024-05-14,1
89084,3,109.41329,-7.426622,2024-05-14,1
89085,3,109.294747,-7.426564,2024-05-14,1
89087,3,109.413181,-7.426596,2024-05-14,1
89092,3,109.295166,-7.426611,2024-05-14,1
89096,3,109.413069,-7.426606,2024-05-14,1
89103,3,109.412974,-7.42659,2024-05-14,1
89110,3,109.412909,-7.426559,2024-05-14,1
89112,3,109.412826,-7.426549,2024-05-14,1
89114,3,109.412836,-7.426433,2024-05-14,1
89118,3,109.294905,-7.426488,2024-05-14,1
89123,3,109.294658,-7.426463,2024-05-14,1
89126,3,109.295412,-7.426552,2024-05-14,1
89130,3,109.412608,-7.426631,2024-05-14,1
89137,3,109.413307,-7.42645,2024-05-14,1
89141,3,109.413207,-7.426433,2024-05-14,1
89142,3,109.413087,-7.426404,2024-05-14,1
89143,3,109.295782,-7.426425,2024-05-14,1
89144,3,109.412991,-7.426396,2024-05-14,1
89145,3,109.412927,-7.42638,2024-05-14,1
89146,3,109.295679,-7.426405,2024-05-14,1
89151,3,109.294769,-7.426351,2024-05-14,1
89154,3,109.294562,-7.426311,2024-05-14,1
89155,3,109.412592,-7.426315,2024-05-14,1
89163,3,109.295551,-7.426336,2024-05-14,1
89177,3,109.295366,-7.42629,2024-05-14,1
89178,3,109.29502,-7.426234,2024-05-14,1
89181,3,109.295091,-7.426243,2024-05-14,1
89184,3,109.413303,-7.426253,2024-05-14,1
89185,3,109.294934,-7.426216,2024-05-14,1
89187,3,109.294847,-7.426192,2024-05-14,1
89191,3,109.413179,-7.426236,2024-05-14,1
89199,3,109.295745,-7.426219,2024-05-14,1
89203,3,109.294685,-7.426183,2024-05-14,1
89215,3,109.41311,-7.426201,2024-05-14,1
89216,3,109.413328,-7.42612,2024-05-14,1
89218,3,109.413202,-7.426107,2024-05-14,1
89219,3,109.413029,-7.426187,2024-05-14,1
89222,3,109.41308,-7.426066,2024-05-14,1
89224,3,109.295404,-7.426128,2024-05-14,1
89225,3,109.295214,-7.426185,2024-05-14,1
89226,3,109.295144,-7.426088,2024-05-14,1
89229,3,109.295072,-7.426086,2024-05-14,1
89231,3,109.29481,-7.42608,2024-05-14,1
89232,3,109.294981,-7.42607,2024-05-14,1
89237,3,109.295627,-7.426103,2024-05-14,1
89238,3,109.294653,-7.426052,2024-05-14,1
89239,3,109.295451,-7.426029,2024-05-14,1
89241,3,109.29577,-7.426048,2024-05-14,1
89242,3,109.294567,-7.426015,2024-05-14,1
89243,3,109.295813,-7.425956,2024-05-14,1
89245,3,109.295284,-7.425973,2024-05-14,1
89246,3,109.295617,-7.425969,2024-05-14,1
89247,3,109.29519,-7.425954,2024-05-14,1
89248,3,109.295122,-7.425948,2024-05-14,1
89249,3,109.295026,-7.425928,2024-05-14,1
89250,3,109.29492,-7.425931,2024-05-14,1
89251,3,109.294836,-7.425913,2024-05-14,1
89252,3,109.295491,-7.425905,2024-05-14,1
89253,3,109.294707,-7.425888,2024-05-14,1
89254,3,109.295695,-7.425902,2024-05-14,1
89255,3,109.295325,-7.425859,2024-05-14,1
89256,3,109.295229,-7.425842,2024-05-14,1
89257,3,109.294586,-7.425854,2024-05-14,1
89258,3,109.295163,-7.42583,2024-05-14,1
89259,3,109.295066,-7.425807,2024-05-14,1
89260,3,109.294965,-7.425786,2024-05-14,1
89261,3,109.294879,-7.425773,2024-05-14,1
89262,3,109.294744,-7.425756,2024-05-14,1
89263,3,109.295734,-7.425807,2024-05-14,1
89264,3,109.294601,-7.425734,2024-05-14,1
89265,3,109.295528,-7.425771,2024-05-14,1
89266,3,109.295269,-7.425727,2024-05-14,1
89267,3,109.295366,-7.425731,2024-05-14,1
89268,3,109.295205,-7.425711,2024-05-14,1
89269,3,109.295758,-7.425702,2024-05-14,1
89270,3,109.295579,-7.425688,2024-05-14,1
89271,3,109.2954,-7.425653,2024-05-14,1
89272,3,109.295297,-7.425654,2024-05-14,1
89273,3,109.295234,-7.425645,2024-05-14,1
89274,3,109.295109,-7.425689,2024-05-14,1
89275,3,109.294998,-7.425677,2024-05-14,1
89276,3,109.29491,-7.425672,2024-05-14,1
89277,3,109.294768,-7.425665,2024-05-14,1
89278,3,109.294614,-7.425657,2024-05-14,1
89573,3,108.937804,-6.913806,2024-05-14,1
89574,3,108.937436,-6.913794,2024-05-14,1
89575,3,108.937144,-6.913785,2024-05-14,1
89576,3,108.936975,-6.913778,2024-05-14,1
89579,3,108.937502,-6.913629,2024-05-14,1
89580,3,108.937225,-6.913616,2024-05-14,1
89581,3,108.936995,-6.913607,2024-05-14,1
89582,3,108.936985,-6.9134,2024-05-14,1
89594,3,108.938198,-6.912919,2024-05-14,1
89595,3,108.938014,-6.912914,2024-05-14,1
89596,3,108.937785,-6.91291,2024-05-14,1
89597,3,108.937568,-6.912908,2024-05-14,1
89600,3,108.938194,-6.912731,2024-05-14,1
89601,3,108.938008,-6.912726,2024-05-14,1
89602,3,108.937824,-6.912722,2024-05-14,1
89603,3,108.937691,-6.912717,2024-05-14,1
89604,3,108.937533,-6.912716,2024-05-14,1
129404,4,109.429444,-6.895214,2024-04-18,1
129414,4,109.381744,-6.87475,2024-04-18,1
129695,4,109.429609,-6.895384,2024-04-18,1
129696,4,109.430061,-6.895386,2024-04-18,1
129698,4,109.42961,-6.894932,2024-04-18,1
129699,4,109.430063,-6.894934,2024-04-18,1
129717,4,109.382351,-6.87401,2024-04-18,1
129718,4,109.382803,-6.874011,2024-04-18,1
129722,4,109.382352,-6.873558,2024-04-18,1
129723,4,109.382805,-6.873559,2024-04-18,1
131112,4,109.43033,-6.895466,2024-04-18,1
131113,4,109.430135,-6.895461,2024-04-18,1
131115,4,109.42987,-6.895452,2024-04-18,1
131116,4,109.429662,-6.895446,2024-04-18,1
131118,4,109.42947,-6.89544,2024-04-18,1
131127,4,109.430276,-6.895306,2024-04-18,1
131128,4,109.43009,-6.895302,2024-04-18,1
131129,4,109.429879,-6.895298,2024-04-18,1
131130,4,109.429664,-6.895293,2024-04-18,1
131131,4,109.429472,-6.895286,2024-04-18,1
131138,4,109.430276,-6.895147,2024-04-18,1
131139,4,109.430088,-6.895145,2024-04-18,1
131140,4,109.429876,-6.895144,2024-04-18,1
131141,4,109.429666,-6.89514,2024-04-18,1
131142,4,109.429476,-6.895137,2024-04-18,1
131143,4,109.430274,-6.894986,2024-04-18,1
131144,4,109.430082,-6.894984,2024-04-18,1
131145,4,109.429871,-6.894982,2024-04-18,1
131146,4,109.429663,-6.894979,2024-04-18,1
131147,4,109.429474,-6.894977,2024-04-18,1
131234,4,109.383086,-6.874781,2024-04-18,1
131235,4,109.382834,-6.874754,2024-04-18,1
131236,4,109.382498,-6.874728,2024-04-18,1
131237,4,109.382175,-6.874702,2024-04-18,1
131239,4,109.381903,-6.874681,2024-04-18,1
131241,4,109.381622,-6.874655,2024-04-18,1
131242,4,109.381355,-6.87463,2024-04-18,1
131243,4,109.38095,-6.874588,2024-04-18,1
131275,4,109.383136,-6.874029,2024-04-18,1
131276,4,109.382902,-6.874018,2024-04-18,1
131277,4,109.38266,-6.874014,2024-04-18,1
131278,4,109.382434,-6.874009,2024-04-18,1
131284,4,109.383116,-6.873873,2024-04-18,1
131285,4,109.382902,-6.87387,2024-04-18,1
131286,4,109.382662,-6.873866,2024-04-18,1
131287,4,109.382437,-6.873862,2024-04-18,1
131303,4,109.383167,-6.873582,2024-04-18,1
131304,4,109.383018,-6.873559,2024-04-18,1
131305,4,109.382756,-6.873558,2024-04-18,1
131306,4,109.382465,-6.873555,2024-04-18,1
131308,4,109.383139,-6.873413,2024-04-18,1
131310,4,109.382461,-6.873411,2024-04-18,1
131311,4,109.382758,-6.873411,2024-04-18,1
131312,4,109.383014,-6.873414,2024-04-18,1
85155,3,108.894417,-6.950028,2024-05-14,2
85158,3,108.937914,-6.913283,2024-05-14,2
85159,3,108.938472,-6.913278,2024-05-14,2
85160,3,109.053417,-6.9815,2024-05-14,2
85166,3,109.413472,-7.426417,2024-05-14,2
85175,3,109.488056,-7.716167,2024-05-14,2
85642,3,109.488105,-7.715786,2024-05-14,2
85644,3,109.489012,-7.715789,2024-05-14,2
85645,3,109.487653,-7.715332,2024-05-14,2
85646,3,109.488107,-7.715334,2024-05-14,2
85649,3,109.487655,-7.71488,2024-05-14,2
85650,3,109.488108,-7.714882,2024-05-14,2
85741,3,109.413922,-7.426614,2024-05-14,2
85748,3,109.413471,-7.42616,2024-05-14,2
85749,3,109.413924,-7.426162,2024-05-14,2
85756,3,109.052593,-6.982177,2024-05-14,2
85757,3,109.053045,-6.982179,2024-05-14,2
85758,3,109.052595,-6.981725,2024-05-14,2
85759,3,109.053047,-6.981727,2024-05-14,2
85767,3,108.895298,-6.951217,2024-05-14,2
85768,3,108.894395,-6.950761,2024-05-14,2
85769,3,108.894847,-6.950763,2024-05-14,2
85770,3,108.8953,-6.950765,2024-05-14,2
85771,3,108.893945,-6.950307,2024-05-14,2
85772,3,108.894397,-6.950309,2024-05-14,2
85773,3,108.894849,-6.950311,2024-05-14,2
85774,3,108.895302,-6.950313,2024-05-14,2
85775,3,108.895754,-6.950315,2024-05-14,2
85776,3,108.893947,-6.949855,2024-05-14,2
85777,3,108.894399,-6.949857,2024-05-14,2
85778,3,108.894851,-6.949859,2024-05-14,2
85779,3,108.895304,-6.949861,2024-05-14,2
85780,3,108.895756,-6.949863,2024-05-14,2
85781,3,108.894401,-6.949405,2024-05-14,2
85782,3,108.894853,-6.949407,2024-05-14,2
85790,3,108.93753,-6.913434,2024-05-14,2
85791,3,108.937983,-6.913436,2024-05-14,2
85792,3,108.93708,-6.91298,2024-05-14,2
88352,3,109.48898,-7.716486,2024-05-14,2
88354,3,109.488243,-7.716461,2024-05-14,2
88356,3,109.487982,-7.716373,2024-05-14,2
88367,3,109.488794,-7.716119,2024-05-14,2
88377,3,109.488121,-7.715929,2024-05-14,2
88379,3,109.488644,-7.715902,2024-05-14,2
88382,3,109.488996,-7.715832,2024-05-14,2
88384,3,109.488145,-7.715814,2024-05-14,2
88385,3,109.488984,-7.715749,2024-05-14,2
88387,3,109.487682,-7.715721,2024-05-14,2
88391,3,109.487677,-7.715582,2024-05-14,2
88392,3,109.487994,-7.715562,2024-05-14,2
88394,3,109.489253,-7.715473,2024-05-14,2
88397,3,109.489245,-7.715322,2024-05-14,2
88400,3,109.488168,-7.715376,2024-05-14,2
88401,3,109.487725,-7.715351,2024-05-14,2
88405,3,109.489216,-7.715111,2024-05-14,2
88407,3,109.48878,-7.715103,2024-05-14,2
88408,3,109.48919,-7.714993,2024-05-14,2
88409,3,109.487886,-7.715006,2024-05-14,2
88410,3,109.489155,-7.714878,2024-05-14,2
88411,3,109.487612,-7.715017,2024-05-14,2
88413,3,109.487768,-7.714809,2024-05-14,2
88414,3,109.48811,-7.714876,2024-05-14,2
88415,3,109.487885,-7.714778,2024-05-14,2
88416,3,109.488043,-7.714741,2024-05-14,2
89070,3,109.41385,-7.426666,2024-05-14,2
89078,3,109.413858,-7.426641,2024-05-14,2
89080,3,109.413833,-7.426609,2024-05-14,2
89086,3,109.413559,-7.426565,2024-05-14,2
89088,3,109.413941,-7.426561,2024-05-14,2
89089,3,109.41352,-7.426558,2024-05-14,2
89090,3,109.413478,-7.42655,2024-05-14,2
89091,3,109.41391,-7.426553,2024-05-14,2
89093,3,109.413869,-7.426547,2024-05-14,2
89094,3,109.413438,-7.426539,2024-05-14,2
89095,3,109.413398,-7.426532,2024-05-14,2
89097,3,109.413828,-7.426541,2024-05-14,2
89099,3,109.413357,-7.426526,2024-05-14,2
89100,3,109.413789,-7.426536,2024-05-14,2
89102,3,109.413745,-7.426551,2024-05-14,2
89104,3,109.413705,-7.426553,2024-05-14,2
89106,3,109.413677,-7.426547,2024-05-14,2
89107,3,109.413648,-7.426544,2024-05-14,2
89108,3,109.413604,-7.426563,2024-05-14,2
89116,3,109.41392,-7.426456,2024-05-14,2
89117,3,109.413888,-7.426451,2024-05-14,2
89119,3,109.413847,-7.426446,2024-05-14,2
89120,3,109.413808,-7.426439,2024-05-14,2
89122,3,109.413769,-7.426434,2024-05-14,2
89124,3,109.413728,-7.426427,2024-05-14,2
89125,3,109.413699,-7.426423,2024-05-14,2
89128,3,109.41367,-7.426419,2024-05-14,2
89129,3,109.413622,-7.426443,2024-05-14,2
89131,3,109.413582,-7.426441,2024-05-14,2
89133,3,109.413541,-7.426436,2024-05-14,2
89134,3,109.413947,-7.426436,2024-05-14,2
89135,3,109.4135,-7.42643,2024-05-14,2
89138,3,109.413459,-7.426422,2024-05-14,2
89139,3,109.413419,-7.426417,2024-05-14,2
89140,3,109.413377,-7.426413,2024-05-14,2
89147,3,109.413953,-7.426334,2024-05-14,2
89148,3,109.41391,-7.426337,2024-05-14,2
89149,3,109.413869,-7.426331,2024-05-14,2
89150,3,109.41383,-7.426324,2024-05-14,2
89152,3,109.41379,-7.426319,2024-05-14,2
89153,3,109.41375,-7.426312,2024-05-14,2
89156,3,109.413721,-7.426303,2024-05-14,2
89157,3,109.413692,-7.426299,2024-05-14,2
89158,3,109.413651,-7.426294,2024-05-14,2
89159,3,109.41361,-7.426287,2024-05-14,2
89161,3,109.41398,-7.42637,2024-05-14,2
89162,3,109.413569,-7.426281,2024-05-14,2
89167,3,109.413975,-7.426238,2024-05-14,2
89168,3,109.413528,-7.426276,2024-05-14,2
89169,3,109.413487,-7.42627,2024-05-14,2
89170,3,109.41393,-7.426231,2024-05-14,2
89172,3,109.413446,-7.426264,2024-05-14,2
89173,3,109.41389,-7.426224,2024-05-14,2
89174,3,109.413404,-7.426259,2024-05-14,2
89176,3,109.41385,-7.426216,2024-05-14,2
89179,3,109.413811,-7.42621,2024-05-14,2
89182,3,109.41377,-7.426202,2024-05-14,2
89183,3,109.413741,-7.426193,2024-05-14,2
89186,3,109.413712,-7.426188,2024-05-14,2
89189,3,109.413672,-7.426182,2024-05-14,2
89190,3,109.41402,-7.426173,2024-05-14,2
89192,3,109.413987,-7.426171,2024-05-14,2
89193,3,109.413944,-7.426164,2024-05-14,2
89194,3,109.41363,-7.426175,2024-05-14,2
89195,3,109.413903,-7.426159,2024-05-14,2
89196,3,109.413863,-7.426153,2024-05-14,2
89197,3,109.413589,-7.426167,2024-05-14,2
89198,3,109.413823,-7.426147,2024-05-14,2
89200,3,109.413782,-7.426141,2024-05-14,2
89201,3,109.413549,-7.42616,2024-05-14,2
89202,3,109.413751,-7.426137,2024-05-14,2
89204,3,109.413722,-7.426134,2024-05-14,2
89205,3,109.413682,-7.426129,2024-05-14,2
89206,3,109.41364,-7.426123,2024-05-14,2
89207,3,109.413598,-7.426117,2024-05-14,2
89208,3,109.413558,-7.426112,2024-05-14,2
89209,3,109.41351,-7.426145,2024-05-14,2
89210,3,109.413469,-7.42614,2024-05-14,2
89211,3,109.413427,-7.426135,2024-05-14,2
89351,3,109.053327,-6.982333,2024-05-14,2
89353,3,109.052833,-6.982201,2024-05-14,2
89354,3,109.052552,-6.982182,2024-05-14,2
89356,3,109.052943,-6.982091,2024-05-14,2
89357,3,109.052706,-6.982075,2024-05-14,2
89358,3,109.052557,-6.982064,2024-05-14,2
89361,3,109.05298,-6.981822,2024-05-14,2
89362,3,109.052577,-6.981797,2024-05-14,2
89364,3,109.052992,-6.981708,2024-05-14,2
89365,3,109.052827,-6.981759,2024-05-14,2
89366,3,109.052709,-6.981763,2024-05-14,2
89367,3,109.052603,-6.981682,2024-05-14,2
89368,3,109.053753,-6.981651,2024-05-14,2
89369,3,109.053524,-6.981637,2024-05-14,2
89370,3,109.053269,-6.981621,2024-05-14,2
89371,3,109.052995,-6.981604,2024-05-14,2
89372,3,109.052783,-6.98159,2024-05-14,2
89373,3,109.05262,-6.98158,2024-05-14,2
89374,3,109.053756,-6.98156,2024-05-14,2
89375,3,109.053529,-6.981546,2024-05-14,2
89376,3,109.053273,-6.98153,2024-05-14,2
89377,3,109.052999,-6.981511,2024-05-14,2
89378,3,109.052789,-6.981497,2024-05-14,2
89379,3,109.052623,-6.981486,2024-05-14,2
89417,3,108.895409,-6.951236,2024-05-14,2
89418,3,108.89504,-6.951135,2024-05-14,2
89419,3,108.89546,-6.951113,2024-05-14,2
89420,3,108.895166,-6.951123,2024-05-14,2
89421,3,108.89464,-6.951,2024-05-14,2
89422,3,108.895513,-6.950994,2024-05-14,2
89423,3,108.894749,-6.951003,2024-05-14,2
89424,3,108.894826,-6.950948,2024-05-14,2
89425,3,108.895312,-6.950901,2024-05-14,2
89426,3,108.895181,-6.950978,2024-05-14,2
89427,3,108.894399,-6.950895,2024-05-14,2
89428,3,108.894474,-6.950865,2024-05-14,2
89429,3,108.895572,-6.950882,2024-05-14,2
89430,3,108.89512,-6.950812,2024-05-14,2
89431,3,108.895664,-6.950769,2024-05-14,2
89432,3,108.894541,-6.950804,2024-05-14,2
89433,3,108.894857,-6.950819,2024-05-14,2
89434,3,108.894231,-6.950742,2024-05-14,2
89435,3,108.894064,-6.950748,2024-05-14,2
89436,3,108.894908,-6.950713,2024-05-14,2
89437,3,108.895293,-6.950756,2024-05-14,2
89438,3,108.895483,-6.95069,2024-05-14,2
89439,3,108.89427,-6.950668,2024-05-14,2
89440,3,108.894024,-6.950634,2024-05-14,2
89441,3,108.89459,-6.950686,2024-05-14,2
89442,3,108.895682,-6.950617,2024-05-14,2
89443,3,108.895559,-6.950639,2024-05-14,2
89444,3,108.894641,-6.950586,2024-05-14,2
89445,3,108.895233,-6.95058,2024-05-14,2
89446,3,108.894958,-6.950604,2024-05-14,2
89447,3,108.894057,-6.950557,2024-05-14,2
89448,3,108.895503,-6.950541,2024-05-14,2
89449,3,108.895266,-6.950511,2024-05-14,2
89450,3,108.893835,-6.950532,2024-05-14,2
89451,3,108.895737,-6.950521,2024-05-14,2
89452,3,108.894326,-6.950555,2024-05-14,2
89453,3,108.893898,-6.950471,2024-05-14,2
89454,3,108.894999,-6.950477,2024-05-14,2
89455,3,108.894377,-6.950461,2024-05-14,2
89456,3,108.895294,-6.950452,2024-05-14,2
89457,3,108.894688,-6.950483,2024-05-14,2
89458,3,108.894105,-6.950445,2024-05-14,2
89459,3,108.895031,-6.95041,2024-05-14,2
89460,3,108.893779,-6.950404,2024-05-14,2
89461,3,108.895502,-6.950424,2024-05-14,2
89462,3,108.895854,-6.950389,2024-05-14,2
89463,3,108.89415,-6.950354,2024-05-14,2
89464,3,108.895057,-6.950352,2024-05-14,2
89465,3,108.894733,-6.950361,2024-05-14,2
89466,3,108.893919,-6.950353,2024-05-14,2
89467,3,108.894424,-6.950364,2024-05-14,2
89468,3,108.894758,-6.950292,2024-05-14,2
89469,3,108.893941,-6.950259,2024-05-14,2
89470,3,108.895159,-6.950283,2024-05-14,2
89471,3,108.894469,-6.950246,2024-05-14,2
89472,3,108.894195,-6.95026,2024-05-14,2
89473,3,108.894786,-6.950238,2024-05-14,2
89474,3,108.895628,-6.950299,2024-05-14,2
89475,3,108.894249,-6.95015,2024-05-14,2
89476,3,108.893998,-6.950172,2024-05-14,2
89477,3,108.894409,-6.950142,2024-05-14,2
89478,3,108.894826,-6.950147,2024-05-14,2
89479,3,108.895279,-6.95016,2024-05-14,2
89480,3,108.89405,-6.950064,2024-05-14,2
89481,3,108.894439,-6.950091,2024-05-14,2
89482,3,108.893815,-6.950084,2024-05-14,2
89483,3,108.895723,-6.950135,2024-05-14,2
89484,3,108.894087,-6.950004,2024-05-14,2
89485,3,108.895006,-6.950051,2024-05-14,2
89486,3,108.893846,-6.949976,2024-05-14,2
89487,3,108.895932,-6.949968,2024-05-14,2
89488,3,108.894477,-6.950005,2024-05-14,2
89489,3,108.894114,-6.949953,2024-05-14,2
89490,3,108.893873,-6.949914,2024-05-14,2
89491,3,108.895354,-6.949987,2024-05-14,2
89492,3,108.895714,-6.949979,2024-05-14,2
89493,3,108.894744,-6.949946,2024-05-14,2
89494,3,108.893901,-6.949863,2024-05-14,2
89495,3,108.895075,-6.949879,2024-05-14,2
89496,3,108.895647,-6.949851,2024-05-14,2
89497,3,108.895928,-6.949818,2024-05-14,2
89498,3,108.896034,-6.949771,2024-05-14,2
89499,3,108.894487,-6.949844,2024-05-14,2
89500,3,108.894071,-6.949838,2024-05-14,2
89501,3,108.895268,-6.949802,2024-05-14,2
89502,3,108.895919,-6.949719,2024-05-14,2
89503,3,108.894812,-6.949773,2024-05-14,2
89504,3,108.894249,-6.94975,2024-05-14,2
89505,3,108.895011,-6.9497,2024-05-14,2
89506,3,108.895315,-6.949715,2024-05-14,2
89507,3,108.895655,-6.949695,2024-05-14,2
89508,3,108.89561,-6.94976,2024-05-14,2
89509,3,108.894032,-6.949666,2024-05-14,2
89510,3,108.894558,-6.949673,2024-05-14,2
89511,3,108.895702,-6.949626,2024-05-14,2
89512,3,108.894808,-6.94962,2024-05-14,2
89513,3,108.895052,-6.949608,2024-05-14,2
89514,3,108.895093,-6.94954,2024-05-14,2
89515,3,108.894621,-6.949546,2024-05-14,2
89516,3,108.894323,-6.949583,2024-05-14,2
89517,3,108.894859,-6.949529,2024-05-14,2
89518,3,108.89536,-6.949562,2024-05-14,2
89519,3,108.894138,-6.949521,2024-05-14,2
89520,3,108.895413,-6.949501,2024-05-14,2
89521,3,108.89488,-6.949449,2024-05-14,2
89522,3,108.894678,-6.949455,2024-05-14,2
89523,3,108.894402,-6.949459,2024-05-14,2
89524,3,108.895105,-6.949447,2024-05-14,2
89525,3,108.895154,-6.94939,2024-05-14,2
89526,3,108.894682,-6.949365,2024-05-14,2
89527,3,108.894447,-6.949362,2024-05-14,2
89528,3,108.894961,-6.949307,2024-05-14,2
89529,3,108.894889,-6.949349,2024-05-14,2
89530,3,108.894379,-6.949256,2024-05-14,2
89531,3,108.894491,-6.949284,2024-05-14,2
89532,3,108.89469,-6.949264,2024-05-14,2
89533,3,108.894531,-6.949203,2024-05-14,2
89577,3,108.938526,-6.913763,2024-05-14,2
89578,3,108.937982,-6.913649,2024-05-14,2
89583,3,108.938168,-6.913409,2024-05-14,2
89584,3,108.937918,-6.913403,2024-05-14,2
89585,3,108.937744,-6.913395,2024-05-14,2
89586,3,108.93752,-6.913384,2024-05-14,2
89588,3,108.936988,-6.91318,2024-05-14,2
89589,3,108.938159,-6.91314,2024-05-14,2
89590,3,108.937922,-6.913138,2024-05-14,2
89591,3,108.937759,-6.913133,2024-05-14,2
89593,3,108.937532,-6.913126,2024-05-14,2
89598,3,108.937281,-6.912905,2024-05-14,2
89599,3,108.936992,-6.91293,2024-05-14,2
89605,3,108.936921,-6.912704,2024-05-14,2
89606,3,108.937011,-6.912707,2024-05-14,2
89607,3,108.937252,-6.912711,2024-05-14,2
129399,4,109.406519,-6.896431,2024-04-18,2
129400,4,109.380958,-6.874142,2024-04-18,2
129401,4,109.381667,-6.874178,2024-04-18,2
129402,4,109.429472,-6.896186,2024-04-18,2
129403,4,109.429619,-6.895931,2024-04-18,2
129405,4,109.429517,-6.895706,2024-04-18,2
129408,4,109.052986,-6.995039,2024-04-18,2
129417,4,109.406953,-6.895875,2024-04-18,2
129419,4,109.052619,-6.994092,2024-04-18,2
129543,4,109.053444,-6.99529,2024-04-18,2
129544,4,109.053896,-6.995292,2024-04-18,2
129546,4,109.052543,-6.994382,2024-04-18,2
129550,4,109.052544,-6.99393,2024-04-18,2
129555,4,109.052546,-6.993478,2024-04-18,2
129671,4,109.406249,-6.897601,2024-04-18,2
129672,4,109.406702,-6.897602,2024-04-18,2
129673,4,109.407154,-6.897604,2024-04-18,2
129674,4,109.406251,-6.897149,2024-04-18,2
129675,4,109.406703,-6.89715,2024-04-18,2
129676,4,109.407155,-6.897152,2024-04-18,2
129677,4,109.406252,-6.896696,2024-04-18,2
129678,4,109.406705,-6.896698,2024-04-18,2
129679,4,109.407157,-6.8967,2024-04-18,2
129680,4,109.428699,-6.896738,2024-04-18,2
129681,4,109.429152,-6.896739,2024-04-18,2
129682,4,109.429604,-6.896741,2024-04-18,2
129683,4,109.430057,-6.896742,2024-04-18,2
129684,4,109.406254,-6.896244,2024-04-18,2
129685,4,109.406706,-6.896246,2024-04-18,2
129686,4,109.429606,-6.896289,2024-04-18,2
129687,4,109.430058,-6.89629,2024-04-18,2
129688,4,109.406255,-6.895792,2024-04-18,2
129689,4,109.406708,-6.895794,2024-04-18,2
129690,4,109.428702,-6.895833,2024-04-18,2
129692,4,109.429607,-6.895836,2024-04-18,2
129693,4,109.43006,-6.895838,2024-04-18,2
129701,4,109.429612,-6.89448,2024-04-18,2
129702,4,109.430064,-6.894482,2024-04-18,2
129703,4,109.382346,-6.875366,2024-04-18,2
129704,4,109.382799,-6.875368,2024-04-18,2
129705,4,109.381443,-6.874911,2024-04-18,2
129706,4,109.381895,-6.874913,2024-04-18,2
129707,4,109.382348,-6.874914,2024-04-18,2
129708,4,109.3828,-6.874916,2024-04-18,2
129709,4,109.380992,-6.874457,2024-04-18,2
129710,4,109.381445,-6.874459,2024-04-18,2
129711,4,109.381897,-6.87446,2024-04-18,2
129714,4,109.380994,-6.874005,2024-04-18,2
129715,4,109.381446,-6.874007,2024-04-18,2
129716,4,109.381899,-6.874008,2024-04-18,2
130435,4,109.054257,-6.995363,2024-04-18,2
130437,4,109.054117,-6.995335,2024-04-18,2
130439,4,109.053924,-6.995301,2024-04-18,2
130440,4,109.053782,-6.995276,2024-04-18,2
130442,4,109.053615,-6.995246,2024-04-18,2
130445,4,109.053409,-6.99521,2024-04-18,2
130446,4,109.053199,-6.995172,2024-04-18,2
130447,4,109.052976,-6.995135,2024-04-18,2
130449,4,109.054279,-6.995145,2024-04-18,2
130451,4,109.054127,-6.995113,2024-04-18,2
130453,4,109.053873,-6.995082,2024-04-18,2
130454,4,109.053637,-6.995053,2024-04-18,2
130455,4,109.053425,-6.995026,2024-04-18,2
130456,4,109.053223,-6.995001,2024-04-18,2
130458,4,109.052999,-6.994977,2024-04-18,2
130477,4,109.052579,-6.994653,2024-04-18,2
130487,4,109.05259,-6.994493,2024-04-18,2
130499,4,109.052604,-6.994313,2024-04-18,2
130508,4,109.05262,-6.9941,2024-04-18,2
130519,4,109.052635,-6.993886,2024-04-18,2
130520,4,109.052463,-6.993874,2024-04-18,2
130529,4,109.052477,-6.9937,2024-04-18,2
130530,4,109.052366,-6.99368,2024-04-18,2
130531,4,109.052648,-6.993688,2024-04-18,2
130535,4,109.052492,-6.993523,2024-04-18,2
130536,4,109.052379,-6.9935,2024-04-18,2
130537,4,109.05266,-6.993499,2024-04-18,2
130538,4,109.052388,-6.993398,2024-04-18,2
130541,4,109.052668,-6.993368,2024-04-18,2
130542,4,109.052547,-6.993411,2024-04-18,2
130926,4,109.40689,-6.897707,2024-04-18,2
130927,4,109.406701,-6.897694,2024-04-18,2
130928,4,109.40648,-6.897704,2024-04-18,2
130929,4,109.40628,-6.897681,2024-04-18,2
130930,4,109.406905,-6.897592,2024-04-18,2
130931,4,109.407241,-6.897579,2024-04-18,2
130932,4,109.407129,-6.89757,2024-04-18,2
130933,4,109.406707,-6.897572,2024-04-18,2
130934,4,109.406486,-6.897548,2024-04-18,2
130935,4,109.40629,-6.897527,2024-04-18,2
130936,4,109.406058,-6.897478,2024-04-18,2
130937,4,109.405894,-6.897463,2024-04-18,2
130938,4,109.40714,-6.89744,2024-04-18,2
130939,4,109.40692,-6.897435,2024-04-18,2
130940,4,109.406768,-6.897419,2024-04-18,2
130941,4,109.406588,-6.8974,2024-04-18,2
130942,4,109.406023,-6.897359,2024-04-18,2
130943,4,109.406346,-6.897375,2024-04-18,2
130944,4,109.40693,-6.897274,2024-04-18,2
130945,4,109.406077,-6.897244,2024-04-18,2
130946,4,109.406778,-6.89726,2024-04-18,2
130947,4,109.40591,-6.89723,2024-04-18,2
130948,4,109.407265,-6.897402,2024-04-18,2
130949,4,109.406596,-6.897242,2024-04-18,2
130950,4,109.407198,-6.897239,2024-04-18,2
130951,4,109.406353,-6.897219,2024-04-18,2
130952,4,109.405902,-6.897144,2024-04-18,2
130953,4,109.405905,-6.89709,2024-04-18,2
130954,4,109.406072,-6.897124,2024-04-18,2
130955,4,109.406936,-6.897117,2024-04-18,2
130956,4,109.406774,-6.897102,2024-04-18,2
130957,4,109.405907,-6.89704,2024-04-18,2
130958,4,109.429556,-6.897051,2024-04-18,2
130959,4,109.429779,-6.897047,2024-04-18,2
130960,4,109.429973,-6.897045,2024-04-18,2
130961,4,109.406585,-6.897084,2024-04-18,2
130962,4,109.430168,-6.897004,2024-04-18,2
130963,4,109.407322,-6.897084,2024-04-18,2
130964,4,109.430305,-6.897006,2024-04-18,2
130965,4,109.407213,-6.89707,2024-04-18,2
130966,4,109.40591,-6.896993,2024-04-18,2
130967,4,109.406353,-6.89706,2024-04-18,2
130968,4,109.429148,-6.897034,2024-04-18,2
130969,4,109.428952,-6.897025,2024-04-18,2
130970,4,109.428778,-6.897015,2024-04-18,2
130971,4,109.428651,-6.897005,2024-04-18,2
130972,4,109.428488,-6.896966,2024-04-18,2
130973,4,109.406077,-6.897006,2024-04-18,2
130974,4,109.405911,-6.896952,2024-04-18,2
130975,4,109.406946,-6.896961,2024-04-18,2
130976,4,109.406787,-6.896947,2024-04-18,2
130977,4,109.406116,-6.896903,2024-04-18,2
130978,4,109.406599,-6.896928,2024-04-18,2
130979,4,109.429551,-6.896917,2024-04-18,2
130980,4,109.405948,-6.896886,2024-04-18,2
130981,4,109.429775,-6.896916,2024-04-18,2
130982,4,109.429975,-6.896912,2024-04-18,2
130983,4,109.430166,-6.89691,2024-04-18,2
130984,4,109.430305,-6.896906,2024-04-18,2
130985,4,109.407336,-6.89691,2024-04-18,2
130986,4,109.406363,-6.896904,2024-04-18,2
130987,4,109.407227,-6.896898,2024-04-18,2
130988,4,109.429144,-6.896865,2024-04-18,2
130989,4,109.428963,-6.896861,2024-04-18,2
130990,4,109.428797,-6.89686,2024-04-18,2
130991,4,109.428613,-6.896855,2024-04-18,2
130992,4,109.428491,-6.896857,2024-04-18,2
130993,4,109.406125,-6.896808,2024-04-18,2
130994,4,109.405955,-6.896789,2024-04-18,2
130995,4,109.406953,-6.896809,2024-04-18,2
130996,4,109.406789,-6.896792,2024-04-18,2
130997,4,109.4066,-6.896773,2024-04-18,2
130998,4,109.406159,-6.896721,2024-04-18,2
130999,4,109.429548,-6.896748,2024-04-18,2
131000,4,109.430229,-6.896745,2024-04-18,2
131001,4,109.429772,-6.896748,2024-04-18,2
131002,4,109.429984,-6.896746,2024-04-18,2
131003,4,109.406368,-6.896749,2024-04-18,2
131004,4,109.407349,-6.896746,2024-04-18,2
131005,4,109.405991,-6.896703,2024-04-18,2
131006,4,109.407241,-6.896727,2024-04-18,2
131007,4,109.406168,-6.896629,2024-04-18,2
131008,4,109.406964,-6.896656,2024-04-18,2
131009,4,109.429144,-6.89666,2024-04-18,2
131010,4,109.428975,-6.896658,2024-04-18,2
131011,4,109.428791,-6.896655,2024-04-18,2
131012,4,109.428592,-6.896654,2024-04-18,2
131013,4,109.428485,-6.896657,2024-04-18,2
131014,4,109.406803,-6.896639,2024-04-18,2
131015,4,109.405998,-6.896611,2024-04-18,2
131016,4,109.406615,-6.896618,2024-04-18,2
131017,4,109.406379,-6.896592,2024-04-18,2
131018,4,109.429784,-6.896583,2024-04-18,2
131019,4,109.430257,-6.896581,2024-04-18,2
131020,4,109.429545,-6.896582,2024-04-18,2
131021,4,109.430022,-6.896581,2024-04-18,2
131022,4,109.407352,-6.896573,2024-04-18,2
131023,4,109.406175,-6.896537,2024-04-18,2
131024,4,109.407243,-6.896562,2024-04-18,2
131025,4,109.406036,-6.896522,2024-04-18,2
131026,4,109.40593,-6.89651,2024-04-18,2
131027,4,109.406816,-6.896485,2024-04-18,2
131028,4,109.406629,-6.896464,2024-04-18,2
131029,4,109.40639,-6.896439,2024-04-18,2
131030,4,109.430024,-6.896416,2024-04-18,2
131031,4,109.429783,-6.896416,2024-04-18,2
131032,4,109.430258,-6.896414,2024-04-18,2
131033,4,109.429543,-6.896413,2024-04-18,2
131034,4,109.407363,-6.896403,2024-04-18,2
131035,4,109.407253,-6.896393,2024-04-18,2
131036,4,109.406987,-6.896323,2024-04-18,2
131037,4,109.406829,-6.896307,2024-04-18,2
131038,4,109.406678,-6.896293,2024-04-18,2
131039,4,109.406508,-6.896276,2024-04-18,2
131040,4,109.430259,-6.896253,2024-04-18,2
131041,4,109.430025,-6.896253,2024-04-18,2
131042,4,109.429784,-6.896251,2024-04-18,2
131043,4,109.42954,-6.896248,2024-04-18,2
131044,4,109.406304,-6.896256,2024-04-18,2
131045,4,109.406042,-6.896318,2024-04-18,2
131046,4,109.407374,-6.896227,2024-04-18,2
131047,4,109.407261,-6.89622,2024-04-18,2
131048,4,109.406999,-6.89616,2024-04-18,2
131049,4,109.406841,-6.896144,2024-04-18,2
131050,4,109.406692,-6.89613,2024-04-18,2
131051,4,109.406522,-6.896112,2024-04-18,2
131052,4,109.43026,-6.896093,2024-04-18,2
131053,4,109.430027,-6.896091,2024-04-18,2
131054,4,109.429782,-6.896087,2024-04-18,2
131055,4,109.406315,-6.896092,2024-04-18,2
131056,4,109.429535,-6.896083,2024-04-18,2
131057,4,109.407385,-6.896061,2024-04-18,2
131058,4,109.407271,-6.89605,2024-04-18,2
131059,4,109.407011,-6.895995,2024-04-18,2
131060,4,109.406122,-6.89604,2024-04-18,2
131061,4,109.406852,-6.89598,2024-04-18,2
131062,4,109.405988,-6.896027,2024-04-18,2
131063,4,109.406703,-6.895965,2024-04-18,2
131064,4,109.406534,-6.895949,2024-04-18,2
131065,4,109.430331,-6.895931,2024-04-18,2
131066,4,109.430194,-6.895929,2024-04-18,2
131067,4,109.42998,-6.895926,2024-04-18,2
131068,4,109.429756,-6.895922,2024-04-18,2
131069,4,109.429516,-6.895918,2024-04-18,2
131070,4,109.406326,-6.895928,2024-04-18,2
131071,4,109.407023,-6.895826,2024-04-18,2
131072,4,109.406863,-6.895811,2024-04-18,2
131073,4,109.430331,-6.89578,2024-04-18,2
131074,4,109.406713,-6.895798,2024-04-18,2
131075,4,109.430194,-6.895777,2024-04-18,2
131076,4,109.42999,-6.895771,2024-04-18,2
131077,4,109.429811,-6.895768,2024-04-18,2
131078,4,109.406544,-6.895783,2024-04-18,2
131079,4,109.429646,-6.895765,2024-04-18,2
131080,4,109.429477,-6.895762,2024-04-18,2
131081,4,109.428569,-6.895785,2024-04-18,2
131082,4,109.406336,-6.895765,2024-04-18,2
131083,4,109.428755,-6.895776,2024-04-18,2
131086,4,109.430331,-6.89567,2024-04-18,2
131087,4,109.430126,-6.895663,2024-04-18,2
131088,4,109.429852,-6.895654,2024-04-18,2
131089,4,109.406139,-6.895752,2024-04-18,2
131090,4,109.429655,-6.895648,2024-04-18,2
131091,4,109.429473,-6.895642,2024-04-18,2
131092,4,109.406005,-6.895742,2024-04-18,2
131093,4,109.407034,-6.895654,2024-04-18,2
131094,4,109.406875,-6.895642,2024-04-18,2
131095,4,109.430334,-6.895591,2024-04-18,2
131096,4,109.406724,-6.895629,2024-04-18,2
131097,4,109.430137,-6.895583,2024-04-18,2
131098,4,109.429861,-6.895573,2024-04-18,2
131099,4,109.429657,-6.895566,2024-04-18,2
131100,4,109.406549,-6.895616,2024-04-18,2
131102,4,109.429472,-6.89556,2024-04-18,2
131105,4,109.40634,-6.895599,2024-04-18,2
131110,4,109.406965,-6.895486,2024-04-18,2
131111,4,109.406736,-6.895468,2024-04-18,2
131114,4,109.406561,-6.895454,2024-04-18,2
131120,4,109.406352,-6.895437,2024-04-18,2
131123,4,109.406155,-6.895475,2024-04-18,2
131126,4,109.406021,-6.895462,2024-04-18,2
131153,4,109.430272,-6.894833,2024-04-18,2
131154,4,109.430053,-6.89483,2024-04-18,2
131160,4,109.429829,-6.894826,2024-04-18,2
131161,4,109.429648,-6.894822,2024-04-18,2
131162,4,109.429474,-6.89482,2024-04-18,2
131163,4,109.430055,-6.894688,2024-04-18,2
131164,4,109.429831,-6.894684,2024-04-18,2
131165,4,109.42964,-6.894681,2024-04-18,2
131166,4,109.430271,-6.894686,2024-04-18,2
131167,4,109.429476,-6.894675,2024-04-18,2
131169,4,109.430272,-6.894547,2024-04-18,2
131170,4,109.430056,-6.894544,2024-04-18,2
131171,4,109.429827,-6.894541,2024-04-18,2
131172,4,109.429637,-6.894538,2024-04-18,2
131173,4,109.429466,-6.894536,2024-04-18,2
131179,4,109.430267,-6.894417,2024-04-18,2
131181,4,109.430054,-6.894405,2024-04-18,2
131182,4,109.429824,-6.894401,2024-04-18,2
131183,4,109.429633,-6.894399,2024-04-18,2
131184,4,109.429463,-6.894397,2024-04-18,2
131188,4,109.429472,-6.894289,2024-04-18,2
131189,4,109.43019,-6.894289,2024-04-18,2
131190,4,109.429631,-6.894282,2024-04-18,2
131191,4,109.43005,-6.894288,2024-04-18,2
131192,4,109.429822,-6.894274,2024-04-18,2
131193,4,109.382623,-6.875416,2024-04-18,2
131194,4,109.382781,-6.875371,2024-04-18,2
131195,4,109.382915,-6.875304,2024-04-18,2
131196,4,109.382411,-6.875343,2024-04-18,2
131197,4,109.382695,-6.875283,2024-04-18,2
131198,4,109.38242,-6.875252,2024-04-18,2
131200,4,109.382958,-6.875236,2024-04-18,2
131202,4,109.382552,-6.875196,2024-04-18,2
131205,4,109.382141,-6.875152,2024-04-18,2
131206,4,109.382971,-6.875146,2024-04-18,2
131208,4,109.381918,-6.875128,2024-04-18,2
131209,4,109.380863,-6.875079,2024-04-18,2
131210,4,109.381601,-6.875095,2024-04-18,2
131211,4,109.38256,-6.875102,2024-04-18,2
131212,4,109.382141,-6.875058,2024-04-18,2
131213,4,109.383062,-6.875046,2024-04-18,2
131214,4,109.381899,-6.875033,2024-04-18,2
131215,4,109.381045,-6.875035,2024-04-18,2
131216,4,109.382829,-6.875025,2024-04-18,2
131217,4,109.381676,-6.87501,2024-04-18,2
131218,4,109.381462,-6.874988,2024-04-18,2
131219,4,109.382478,-6.874987,2024-04-18,2
131220,4,109.381189,-6.87496,2024-04-18,2
131221,4,109.38307,-6.874942,2024-04-18,2
131222,4,109.382151,-6.874949,2024-04-18,2
131223,4,109.382834,-6.874919,2024-04-18,2
131224,4,109.381908,-6.874924,2024-04-18,2
131225,4,109.381684,-6.874901,2024-04-18,2
131226,4,109.382489,-6.874883,2024-04-18,2
131227,4,109.381457,-6.874878,2024-04-18,2
131228,4,109.38216,-6.874846,2024-04-18,2
131229,4,109.381916,-6.874821,2024-04-18,2
131230,4,109.381186,-6.874847,2024-04-18,2
131231,4,109.381669,-6.874795,2024-04-18,2
131232,4,109.381374,-6.874764,2024-04-18,2
131233,4,109.380945,-6.874716,2024-04-18,2
131238,4,109.38306,-6.874616,2024-04-18,2
131240,4,109.382651,-6.874601,2024-04-18,2
131245,4,109.382147,-6.874513,2024-04-18,2
131247,4,109.381817,-6.874493,2024-04-18,2
131248,4,109.381483,-6.874467,2024-04-18,2
131249,4,109.381203,-6.874444,2024-04-18,2
131252,4,109.380885,-6.874413,2024-04-18,2
131254,4,109.382152,-6.874358,2024-04-18,2
131255,4,109.381824,-6.874338,2024-04-18,2
131258,4,109.381488,-6.874317,2024-04-18,2
131260,4,109.38121,-6.874298,2024-04-18,2
131261,4,109.380891,-6.874273,2024-04-18,2
131262,4,109.382152,-6.874225,2024-04-18,2
131263,4,109.38183,-6.874206,2024-04-18,2
131264,4,109.381492,-6.874186,2024-04-18,2
131265,4,109.38307,-6.874169,2024-04-18,2
131266,4,109.381148,-6.874165,2024-04-18,2
131267,4,109.382788,-6.874166,2024-04-18,2
131268,4,109.382487,-6.874162,2024-04-18,2
131269,4,109.380825,-6.874141,2024-04-18,2
131270,4,109.382154,-6.874103,2024-04-18,2
131271,4,109.381835,-6.874084,2024-04-18,2
131272,4,109.381494,-6.874064,2024-04-18,2
131273,4,109.381153,-6.874044,2024-04-18,2
131274,4,109.380831,-6.874024,2024-04-18,2
131279,4,109.382156,-6.873985,2024-04-18,2
131280,4,109.381841,-6.873966,2024-04-18,2
131281,4,109.381499,-6.873945,2024-04-18,2
131282,4,109.381156,-6.873926,2024-04-18,2
131283,4,109.380833,-6.87391,2024-04-18,2
131288,4,109.382157,-6.873854,2024-04-18,2
131289,4,109.381847,-6.873836,2024-04-18,2
131290,4,109.381506,-6.873816,2024-04-18,2
131291,4,109.381161,-6.873798,2024-04-18,2
131292,4,109.380838,-6.873781,2024-04-18,2
131293,4,109.383099,-6.873717,2024-04-18,2
131294,4,109.382887,-6.873715,2024-04-18,2
131295,4,109.382665,-6.873713,2024-04-18,2
131296,4,109.382438,-6.87371,2024-04-18,2
85156,3,108.892183,-6.948961,2024-05-14,3
85165,3,109.411611,-7.426361,2024-05-14,3
85641,3,109.487652,-7.715784,2024-05-14,3
85736,3,109.411658,-7.426606,2024-05-14,3
85737,3,109.412111,-7.426607,2024-05-14,3
85745,3,109.411659,-7.426154,2024-05-14,3
85746,3,109.412112,-7.426155,2024-05-14,3
85761,3,109.052597,-6.981273,2024-05-14,3
88381,3,109.487735,-7.715842,2024-05-14,3
89010,3,109.411941,-7.426895,2024-05-14,3
89016,3,109.411867,-7.426886,2024-05-14,3
89019,3,109.411796,-7.426877,2024-05-14,3
89024,3,109.411668,-7.426859,2024-05-14,3
89029,3,109.411527,-7.426841,2024-05-14,3
89031,3,109.411431,-7.42683,2024-05-14,3
89032,3,109.411378,-7.426822,2024-05-14,3
89040,3,109.412286,-7.426848,2024-05-14,3
89041,3,109.412224,-7.426842,2024-05-14,3
89045,3,109.412145,-7.42683,2024-05-14,3
89048,3,109.412067,-7.426829,2024-05-14,3
89050,3,109.412014,-7.426814,2024-05-14,3
89053,3,109.411952,-7.426805,2024-05-14,3
89059,3,109.411866,-7.426787,2024-05-14,3
89060,3,109.411772,-7.426775,2024-05-14,3
89065,3,109.411666,-7.426754,2024-05-14,3
89072,3,109.411543,-7.426735,2024-05-14,3
89074,3,109.411449,-7.426719,2024-05-14,3
89077,3,109.411391,-7.426705,2024-05-14,3
89098,3,109.412317,-7.426627,2024-05-14,3
89101,3,109.412258,-7.426623,2024-05-14,3
89105,3,109.412179,-7.426613,2024-05-14,3
89109,3,109.412102,-7.426593,2024-05-14,3
89111,3,109.412022,-7.426591,2024-05-14,3
89113,3,109.41192,-7.426562,2024-05-14,3
89115,3,109.411817,-7.426555,2024-05-14,3
89121,3,109.411701,-7.426534,2024-05-14,3
89127,3,109.411577,-7.426517,2024-05-14,3
89132,3,109.411487,-7.426503,2024-05-14,3
89136,3,109.411421,-7.426478,2024-05-14,3
89160,3,109.412335,-7.426351,2024-05-14,3
89164,3,109.411608,-7.426306,2024-05-14,3
89165,3,109.412236,-7.426337,2024-05-14,3
89166,3,109.411412,-7.42624,2024-05-14,3
89171,3,109.412156,-7.426324,2024-05-14,3
89175,3,109.412074,-7.426318,2024-05-14,3
89180,3,109.411978,-7.426302,2024-05-14,3
89188,3,109.411867,-7.426285,2024-05-14,3
89212,3,109.41163,-7.426173,2024-05-14,3
89213,3,109.412371,-7.426153,2024-05-14,3
89214,3,109.411426,-7.426133,2024-05-14,3
89217,3,109.412267,-7.426138,2024-05-14,3
89220,3,109.412182,-7.426129,2024-05-14,3
89221,3,109.412097,-7.426118,2024-05-14,3
89223,3,109.412006,-7.426108,2024-05-14,3
89227,3,109.411796,-7.426078,2024-05-14,3
89228,3,109.412391,-7.426045,2024-05-14,3
89230,3,109.412269,-7.426031,2024-05-14,3
89233,3,109.412164,-7.426021,2024-05-14,3
89234,3,109.411546,-7.426041,2024-05-14,3
89235,3,109.411441,-7.426021,2024-05-14,3
89236,3,109.412065,-7.426011,2024-05-14,3
89240,3,109.411876,-7.42599,2024-05-14,3
89244,3,109.411588,-7.425957,2024-05-14,3
89344,3,109.052823,-6.982463,2024-05-14,3
89345,3,109.052541,-6.982452,2024-05-14,3
89380,3,109.053791,-6.981432,2024-05-14,3
89381,3,109.053634,-6.981423,2024-05-14,3
89382,3,109.053474,-6.981412,2024-05-14,3
89383,3,109.053284,-6.981398,2024-05-14,3
89384,3,109.052946,-6.981373,2024-05-14,3
89385,3,109.052628,-6.981349,2024-05-14,3
89392,3,109.052946,-6.981087,2024-05-14,3
89393,3,109.052637,-6.981069,2024-05-14,3
89394,3,109.053792,-6.981095,2024-05-14,3
89395,3,109.053623,-6.981083,2024-05-14,3
89396,3,109.053351,-6.981065,2024-05-14,3
89397,3,109.052945,-6.980989,2024-05-14,3
89398,3,109.05264,-6.980968,2024-05-14,3
129407,4,109.052569,-6.994953,2024-04-18,3
129409,4,109.052872,-6.995378,2024-04-18,3
129410,4,109.052519,-6.995586,2024-04-18,3
129420,4,109.052478,-6.994253,2024-04-18,3
129535,4,109.05344,-6.996194,2024-04-18,3
129536,4,109.053892,-6.996196,2024-04-18,3
129537,4,109.052537,-6.995738,2024-04-18,3
129538,4,109.052989,-6.99574,2024-04-18,3
129539,4,109.053442,-6.995742,2024-04-18,3
129540,4,109.053894,-6.995744,2024-04-18,3
129541,4,109.052539,-6.995286,2024-04-18,3
129542,4,109.052991,-6.995288,2024-04-18,3
129545,4,109.052541,-6.994834,2024-04-18,3
129548,4,109.053447,-6.994386,2024-04-18,3
129549,4,109.0539,-6.994388,2024-04-18,3
129552,4,109.053449,-6.993934,2024-04-18,3
129553,4,109.053902,-6.993936,2024-04-18,3
129554,4,109.054354,-6.993938,2024-04-18,3
129557,4,109.053451,-6.993482,2024-04-18,3
129560,4,109.094712,-6.9715,2024-04-18,3
129565,4,109.094713,-6.971048,2024-04-18,3
130385,4,109.053733,-6.996248,2024-04-18,3
130386,4,109.053502,-6.996198,2024-04-18,3
130387,4,109.054174,-6.996183,2024-04-18,3
130388,4,109.05399,-6.996178,2024-04-18,3
130389,4,109.053251,-6.996155,2024-04-18,3
130390,4,109.05376,-6.996136,2024-04-18,3
130391,4,109.053004,-6.996101,2024-04-18,3
130392,4,109.052769,-6.996051,2024-04-18,3
130393,4,109.053517,-6.996089,2024-04-18,3
130394,4,109.054189,-6.996069,2024-04-18,3
130395,4,109.052548,-6.996006,2024-04-18,3
130396,4,109.052422,-6.995979,2024-04-18,3
130397,4,109.053265,-6.99604,2024-04-18,3
130398,4,109.054013,-6.996035,2024-04-18,3
130399,4,109.053017,-6.995992,2024-04-18,3
130400,4,109.05378,-6.995991,2024-04-18,3
130401,4,109.052783,-6.995948,2024-04-18,3
130402,4,109.053536,-6.995944,2024-04-18,3
130403,4,109.054205,-6.995922,2024-04-18,3
130404,4,109.052559,-6.995906,2024-04-18,3
130405,4,109.053296,-6.995899,2024-04-18,3
130406,4,109.054033,-6.995886,2024-04-18,3
130407,4,109.052353,-6.995864,2024-04-18,3
130408,4,109.05305,-6.995853,2024-04-18,3
130409,4,109.053806,-6.995839,2024-04-18,3
130410,4,109.0528,-6.995806,2024-04-18,3
130411,4,109.053605,-6.995799,2024-04-18,3
130412,4,109.054207,-6.995776,2024-04-18,3
130413,4,109.052576,-6.995765,2024-04-18,3
130414,4,109.054226,-6.995678,2024-04-18,3
130415,4,109.052364,-6.995725,2024-04-18,3
130416,4,109.053356,-6.995746,2024-04-18,3
130417,4,109.053068,-6.995687,2024-04-18,3
130418,4,109.053934,-6.995689,2024-04-18,3
130419,4,109.052855,-6.995642,2024-04-18,3
130420,4,109.053611,-6.995625,2024-04-18,3
130421,4,109.052661,-6.995614,2024-04-18,3
130422,4,109.053501,-6.995601,2024-04-18,3
130423,4,109.052408,-6.995581,2024-04-18,3
130424,4,109.053354,-6.995571,2024-04-18,3
130425,4,109.054239,-6.99555,2024-04-18,3
130426,4,109.053143,-6.995527,2024-04-18,3
130427,4,109.05294,-6.995483,2024-04-18,3
130428,4,109.054009,-6.995506,2024-04-18,3
130429,4,109.053762,-6.995462,2024-04-18,3
130430,4,109.052728,-6.995435,2024-04-18,3
130431,4,109.052514,-6.99542,2024-04-18,3
130432,4,109.053597,-6.995433,2024-04-18,3
130433,4,109.05234,-6.995407,2024-04-18,3
130434,4,109.053373,-6.995393,2024-04-18,3
130436,4,109.053161,-6.995353,2024-04-18,3
130438,4,109.052956,-6.995313,2024-04-18,3
130441,4,109.052745,-6.995244,2024-04-18,3
130443,4,109.05253,-6.99523,2024-04-18,3
130444,4,109.052351,-6.995218,2024-04-18,3
130448,4,109.05276,-6.995075,2024-04-18,3
130450,4,109.052543,-6.995059,2024-04-18,3
130452,4,109.05236,-6.995045,2024-04-18,3
130457,4,109.054298,-6.994953,2024-04-18,3
130459,4,109.054147,-6.994943,2024-04-18,3
130460,4,109.053888,-6.994927,2024-04-18,3
130461,4,109.053648,-6.994912,2024-04-18,3
130462,4,109.053434,-6.994899,2024-04-18,3
130463,4,109.053119,-6.99488,2024-04-18,3
130464,4,109.052776,-6.994917,2024-04-18,3
130465,4,109.052557,-6.994901,2024-04-18,3
130466,4,109.05237,-6.994886,2024-04-18,3
130467,4,109.054189,-6.99474,2024-04-18,3
130468,4,109.053973,-6.994729,2024-04-18,3
130469,4,109.053826,-6.994722,2024-04-18,3
130470,4,109.053687,-6.994715,2024-04-18,3
130471,4,109.05354,-6.994706,2024-04-18,3
130472,4,109.053362,-6.994696,2024-04-18,3
130473,4,109.053157,-6.994684,2024-04-18,3
130474,4,109.052404,-6.994658,2024-04-18,3
130478,4,109.054199,-6.994582,2024-04-18,3
130479,4,109.053988,-6.994563,2024-04-18,3
130480,4,109.052412,-6.994531,2024-04-18,3
130481,4,109.054306,-6.994493,2024-04-18,3
130482,4,109.053841,-6.99455,2024-04-18,3
130483,4,109.054177,-6.994479,2024-04-18,3
130484,4,109.053704,-6.994538,2024-04-18,3
130485,4,109.054,-6.994459,2024-04-18,3
130486,4,109.053558,-6.994523,2024-04-18,3
130488,4,109.053379,-6.994507,2024-04-18,3
130489,4,109.053168,-6.994492,2024-04-18,3
130493,4,109.052421,-6.994406,2024-04-18,3
130494,4,109.054315,-6.994368,2024-04-18,3
130495,4,109.054187,-6.994353,2024-04-18,3
130496,4,109.054011,-6.994335,2024-04-18,3
130497,4,109.053861,-6.994345,2024-04-18,3
130498,4,109.053725,-6.994332,2024-04-18,3
130500,4,109.05358,-6.994316,2024-04-18,3
130501,4,109.053445,-6.994301,2024-04-18,3
130502,4,109.052432,-6.99426,2024-04-18,3
130505,4,109.054329,-6.994175,2024-04-18,3
130506,4,109.054205,-6.994151,2024-04-18,3
130507,4,109.054031,-6.994122,2024-04-18,3
130509,4,109.052446,-6.994075,2024-04-18,3
130510,4,109.053884,-6.994099,2024-04-18,3
130513,4,109.053748,-6.994081,2024-04-18,3
130514,4,109.053603,-6.994058,2024-04-18,3
130515,4,109.054297,-6.993987,2024-04-18,3
130516,4,109.053463,-6.994037,2024-04-18,3
130517,4,109.054123,-6.993954,2024-04-18,3
130518,4,109.053929,-6.993916,2024-04-18,3
130521,4,109.052352,-6.993864,2024-04-18,3
130522,4,109.054305,-6.993831,2024-04-18,3
130523,4,109.054132,-6.993813,2024-04-18,3
130524,4,109.053867,-6.993785,2024-04-18,3
130525,4,109.053646,-6.993816,2024-04-18,3
130526,4,109.053503,-6.993794,2024-04-18,3
130532,4,109.05371,-6.993647,2024-04-18,3
130539,4,109.053331,-6.993875,2024-04-18,3
130543,4,109.05369,-6.993465,2024-04-18,3
130544,4,109.053524,-6.993525,2024-04-18,3
130545,4,109.053636,-6.993275,2024-04-18,3
130546,4,109.053175,-6.993844,2024-04-18,3
130547,4,109.094674,-6.97147,2024-04-18,3
130553,4,109.094528,-6.971441,2024-04-18,3
130560,4,109.094685,-6.971318,2024-04-18,3
130561,4,109.094539,-6.971292,2024-04-18,3
130567,4,109.094912,-6.971275,2024-04-18,3
130573,4,109.094551,-6.97111,2024-04-18,3
130574,4,109.09469,-6.971108,2024-04-18,3
130580,4,109.094913,-6.971096,2024-04-18,3
130584,4,109.094563,-6.970914,2024-04-18,3
130590,4,109.095017,-6.97088,2024-04-18,3
130592,4,109.094877,-6.970897,2024-04-18,3
130594,4,109.094693,-6.97089,2024-04-18,3
130605,4,109.095027,-6.97069,2024-04-18,3
130607,4,109.094905,-6.970684,2024-04-18,3
130616,4,109.094915,-6.9705,2024-04-18,3
130618,4,109.095037,-6.9705,2024-04-18,3
130628,4,109.094924,-6.97032,2024-04-18,3
130642,4,109.094933,-6.970112,2024-04-18,3
130648,4,109.094938,-6.969962,2024-04-18,3
85157,3,108.891528,-6.922556,2024-05-14,4
85161,3,109.053413,-6.9813,2024-05-14,4
85172,3,109.152944,-7.613611,2024-05-14,4
85677,3,109.151793,-7.615013,2024-05-14,4
85679,3,109.152248,-7.614563,2024-05-14,4
85680,3,109.152701,-7.614565,2024-05-14,4
85681,3,109.151797,-7.614109,2024-05-14,4
85684,3,109.151799,-7.613657,2024-05-14,4
85685,3,109.152252,-7.613658,2024-05-14,4
85686,3,109.152705,-7.61366,2024-05-14,4
85760,3,109.0535,-6.981729,2024-05-14,4
85763,3,109.053502,-6.981277,2024-05-14,4
85764,3,109.052599,-6.980821,2024-05-14,4
85765,3,109.053051,-6.980823,2024-05-14,4
85766,3,109.053503,-6.980825,2024-05-14,4
85783,3,108.890901,-6.922722,2024-05-14,4
85784,3,108.891353,-6.922724,2024-05-14,4
85785,3,108.891806,-6.922726,2024-05-14,4
85786,3,108.890903,-6.92227,2024-05-14,4
85787,3,108.891355,-6.922272,2024-05-14,4
85788,3,108.891808,-6.922274,2024-05-14,4
88578,3,109.152256,-7.61496,2024-05-14,4
88580,3,109.151684,-7.61491,2024-05-14,4
88581,3,109.152833,-7.614844,2024-05-14,4
88584,3,109.152468,-7.614836,2024-05-14,4
88585,3,109.152587,-7.614829,2024-05-14,4
88586,3,109.152243,-7.614743,2024-05-14,4
88589,3,109.152698,-7.614536,2024-05-14,4
88590,3,109.152448,-7.61453,2024-05-14,4
88591,3,109.152813,-7.614543,2024-05-14,4
88592,3,109.152566,-7.614523,2024-05-14,4
88594,3,109.152228,-7.614445,2024-05-14,4
88595,3,109.151644,-7.614228,2024-05-14,4
88598,3,109.152431,-7.614268,2024-05-14,4
88599,3,109.152548,-7.614261,2024-05-14,4
88601,3,109.151664,-7.614034,2024-05-14,4
88605,3,109.151596,-7.613831,2024-05-14,4
88606,3,109.151963,-7.613826,2024-05-14,4
88609,3,109.151627,-7.61364,2024-05-14,4
88610,3,109.151986,-7.613635,2024-05-14,4
88611,3,109.152349,-7.61363,2024-05-14,4
88612,3,109.152663,-7.613626,2024-05-14,4
89342,3,109.053645,-6.982489,2024-05-14,4
89343,3,109.053364,-6.982475,2024-05-14,4
89346,3,109.053173,-6.982465,2024-05-14,4
89347,3,109.053794,-6.982403,2024-05-14,4
89348,3,109.0536,-6.982391,2024-05-14,4
89349,3,109.052825,-6.982355,2024-05-14,4
89350,3,109.052545,-6.982339,2024-05-14,4
89352,3,109.053134,-6.982323,2024-05-14,4
89355,3,109.053264,-6.982135,2024-05-14,4
89363,3,109.053483,-6.981732,2024-05-14,4
89386,3,109.053799,-6.981265,2024-05-14,4
89387,3,109.053655,-6.981258,2024-05-14,4
89388,3,109.05348,-6.981246,2024-05-14,4
89389,3,109.053275,-6.981232,2024-05-14,4
89399,3,109.053822,-6.980921,2024-05-14,4
89400,3,109.053701,-6.980913,2024-05-14,4
89401,3,109.053546,-6.980901,2024-05-14,4
89402,3,109.053379,-6.980889,2024-05-14,4
89403,3,109.053158,-6.980872,2024-05-14,4
89404,3,109.052872,-6.980852,2024-05-14,4
89405,3,109.052646,-6.980835,2024-05-14,4
89406,3,109.053782,-6.980793,2024-05-14,4
89407,3,109.053548,-6.980777,2024-05-14,4
89408,3,109.053279,-6.980757,2024-05-14,4
89409,3,109.05294,-6.980732,2024-05-14,4
89410,3,109.052651,-6.980709,2024-05-14,4
89411,3,109.053774,-6.980687,2024-05-14,4
89412,3,109.053558,-6.980677,2024-05-14,4
89413,3,109.053379,-6.980669,2024-05-14,4
89414,3,109.053137,-6.980657,2024-05-14,4
89415,3,109.052858,-6.980642,2024-05-14,4
89416,3,109.052658,-6.980632,2024-05-14,4
89534,3,108.891413,-6.923092,2024-05-14,4
89535,3,108.891187,-6.923076,2024-05-14,4
89536,3,108.891012,-6.923064,2024-05-14,4
89537,3,108.890897,-6.923056,2024-05-14,4
89538,3,108.890755,-6.923045,2024-05-14,4
89539,3,108.891802,-6.923023,2024-05-14,4
89540,3,108.891399,-6.92299,2024-05-14,4
89541,3,108.890992,-6.922941,2024-05-14,4
89542,3,108.890761,-6.922913,2024-05-14,4
89543,3,108.891863,-6.922864,2024-05-14,4
89544,3,108.891608,-6.922839,2024-05-14,4
89545,3,108.891284,-6.922807,2024-05-14,4
89546,3,108.890904,-6.922774,2024-05-14,4
89547,3,108.890685,-6.922761,2024-05-14,4
89548,3,108.89187,-6.922678,2024-05-14,4
89549,3,108.891624,-6.922657,2024-05-14,4
89550,3,108.89129,-6.92263,2024-05-14,4
89551,3,108.890898,-6.922603,2024-05-14,4
89552,3,108.890681,-6.922616,2024-05-14,4
89553,3,108.890679,-6.922494,2024-05-14,4
89554,3,108.891761,-6.922488,2024-05-14,4
89555,3,108.891334,-6.92246,2024-05-14,4
89556,3,108.890981,-6.922437,2024-05-14,4
89557,3,108.890766,-6.922423,2024-05-14,4
89558,3,108.891762,-6.922323,2024-05-14,4
89559,3,108.891334,-6.922302,2024-05-14,4
89560,3,108.890977,-6.922281,2024-05-14,4
89561,3,108.890763,-6.92227,2024-05-14,4
89562,3,108.891763,-6.92215,2024-05-14,4
89563,3,108.891369,-6.922138,2024-05-14,4
89564,3,108.891047,-6.922128,2024-05-14,4
89565,3,108.890798,-6.922119,2024-05-14,4
89566,3,108.891855,-6.921975,2024-05-14,4
89567,3,108.891615,-6.921973,2024-05-14,4
89568,3,108.891326,-6.921969,2024-05-14,4
89569,3,108.891045,-6.921966,2024-05-14,4
89570,3,108.890799,-6.921963,2024-05-14,4
89571,3,108.891855,-6.92186,2024-05-14,4
89572,3,108.891217,-6.921858,2024-05-14,4
129406,4,109.093331,-6.969928,2024-04-18,4
129558,4,109.093807,-6.971496,2024-04-18,4
129559,4,109.094259,-6.971498,2024-04-18,4
129561,4,109.095164,-6.971502,2024-04-18,4
129562,4,109.093356,-6.971042,2024-04-18,4
129563,4,109.093809,-6.971044,2024-04-18,4
129564,4,109.094261,-6.971046,2024-04-18,4
129566,4,109.095166,-6.97105,2024-04-18,4
129567,4,109.093358,-6.97059,2024-04-18,4
129568,4,109.09381,-6.970592,2024-04-18,4
129569,4,109.094263,-6.970594,2024-04-18,4
129570,4,109.094715,-6.970596,2024-04-18,4
129571,4,109.095168,-6.970598,2024-04-18,4
129572,4,109.09336,-6.970138,2024-04-18,4
129573,4,109.093812,-6.97014,2024-04-18,4
129574,4,109.094265,-6.970142,2024-04-18,4
129575,4,109.094717,-6.970144,2024-04-18,4
129576,4,109.093362,-6.969686,2024-04-18,4
129577,4,109.093814,-6.969688,2024-04-18,4
129578,4,109.094266,-6.96969,2024-04-18,4
129579,4,109.094719,-6.969692,2024-04-18,4
130548,4,109.094885,-6.971471,2024-04-18,4
130549,4,109.095234,-6.971456,2024-04-18,4
130550,4,109.0938,-6.971474,2024-04-18,4
130551,4,109.094072,-6.971439,2024-04-18,4
130552,4,109.094336,-6.971439,2024-04-18,4
130554,4,109.095071,-6.971439,2024-04-18,4
130555,4,109.093304,-6.971422,2024-04-18,4
130556,4,109.094888,-6.971391,2024-04-18,4
130558,4,109.095245,-6.971325,2024-04-18,4
130559,4,109.095404,-6.971304,2024-04-18,4
130562,4,109.094345,-6.971287,2024-04-18,4
130563,4,109.09408,-6.971284,2024-04-18,4
130564,4,109.093815,-6.97133,2024-04-18,4
130565,4,109.093311,-6.971269,2024-04-18,4
130566,4,109.093763,-6.971231,2024-04-18,4
130568,4,109.095081,-6.97127,2024-04-18,4
130569,4,109.095252,-6.971194,2024-04-18,4
130571,4,109.095406,-6.971187,2024-04-18,4
130572,4,109.094445,-6.971103,2024-04-18,4
130575,4,109.093911,-6.971089,2024-04-18,4
130576,4,109.094301,-6.971097,2024-04-18,4
130577,4,109.095256,-6.97106,2024-04-18,4
130578,4,109.094096,-6.971091,2024-04-18,4
130579,4,109.093325,-6.971083,2024-04-18,4
130581,4,109.09509,-6.971078,2024-04-18,4
130582,4,109.093773,-6.971059,2024-04-18,4
130585,4,109.094458,-6.970909,2024-04-18,4
130586,4,109.094305,-6.970903,2024-04-18,4
130587,4,109.094103,-6.9709,2024-04-18,4
130588,4,109.093921,-6.970901,2024-04-18,4
130589,4,109.095262,-6.970894,2024-04-18,4
130591,4,109.095102,-6.970886,2024-04-18,4
130593,4,109.093338,-6.970881,2024-04-18,4
130595,4,109.093788,-6.970838,2024-04-18,4
130597,4,109.093943,-6.970744,2024-04-18,4
130598,4,109.093348,-6.97073,2024-04-18,4
130599,4,109.094113,-6.970745,2024-04-18,4
130600,4,109.094308,-6.970737,2024-04-18,4
130601,4,109.095265,-6.970716,2024-04-18,4
130602,4,109.095112,-6.970695,2024-04-18,4
130603,4,109.094476,-6.970628,2024-04-18,4
130604,4,109.094576,-6.970685,2024-04-18,4
130606,4,109.094722,-6.970681,2024-04-18,4
130608,4,109.093613,-6.970617,2024-04-18,4
130609,4,109.094257,-6.97058,2024-04-18,4
130610,4,109.093887,-6.970585,2024-04-18,4
130611,4,109.09412,-6.970584,2024-04-18,4
130612,4,109.093356,-6.970579,2024-04-18,4
130613,4,109.094584,-6.970516,2024-04-18,4
130614,4,109.094701,-6.97051,2024-04-18,4
130615,4,109.09482,-6.9705,2024-04-18,4
130617,4,109.093625,-6.970483,2024-04-18,4
130619,4,109.09448,-6.970501,2024-04-18,4
130620,4,109.095121,-6.970502,2024-04-18,4
130621,4,109.095271,-6.970516,2024-04-18,4
130622,4,109.093635,-6.970363,2024-04-18,4
130623,4,109.09337,-6.970391,2024-04-18,4
130624,4,109.094351,-6.970479,2024-04-18,4
130625,4,109.094264,-6.97039,2024-04-18,4
130626,4,109.094128,-6.970385,2024-04-18,4
130627,4,109.093903,-6.970382,2024-04-18,4
130629,4,109.094829,-6.970315,2024-04-18,4
130630,4,109.09449,-6.970309,2024-04-18,4
130631,4,109.094591,-6.970329,2024-04-18,4
130632,4,109.094702,-6.970319,2024-04-18,4
130633,4,109.093643,-6.97024,2024-04-18,4
130634,4,109.093383,-6.970229,2024-04-18,4
130635,4,109.094137,-6.970208,2024-04-18,4
130636,4,109.093917,-6.970203,2024-04-18,4
130637,4,109.094274,-6.970174,2024-04-18,4
130638,4,109.094365,-6.97016,2024-04-18,4
130639,4,109.094509,-6.970118,2024-04-18,4
130640,4,109.094706,-6.970113,2024-04-18,4
130641,4,109.094838,-6.970109,2024-04-18,4
130643,4,109.093658,-6.970076,2024-04-18,4
130644,4,109.093399,-6.970065,2024-04-18,4
130645,4,109.094143,-6.970053,2024-04-18,4
130646,4,109.093928,-6.970046,2024-04-18,4
130647,4,109.094845,-6.969963,2024-04-18,4
130649,4,109.093153,-6.96997,2024-04-18,4
130650,4,109.093675,-6.969917,2024-04-18,4
130651,4,109.093416,-6.969903,2024-04-18,4
130652,4,109.093943,-6.96989,2024-04-18,4
130653,4,109.094152,-6.969894,2024-04-18,4
130654,4,109.094285,-6.96994,2024-04-18,4
130655,4,109.094476,-6.969919,2024-04-18,4
130656,4,109.09317,-6.969831,2024-04-18,4
130657,4,109.093427,-6.969752,2024-04-18,4
130658,4,109.093203,-6.969716,2024-04-18,4
130659,4,109.093685,-6.969759,2024-04-18,4
130660,4,109.093955,-6.969742,2024-04-18,4
130661,4,109.09416,-6.969741,2024-04-18,4
130662,4,109.094294,-6.969738,2024-04-18,4
130663,4,109.094483,-6.969735,2024-04-18,4
130664,4,109.094686,-6.969854,2024-04-18,4
80633,3,108.985611,-7.153611,2024-06-05,1
80635,3,109.352639,-7.434611,2024-06-05,1
80639,3,109.375167,-7.504139,2024-06-05,1
80640,3,109.209417,-7.650194,2024-06-05,1
80642,3,109.153,-7.613889,2024-06-05,1
80645,3,109.45025,-7.595639,2024-06-05,1
81108,3,109.48765,-7.716237,2024-06-05,1
81109,3,109.488103,-7.716238,2024-06-05,1
81110,3,109.488557,-7.71624,2024-06-05,1
81111,3,109.48901,-7.716241,2024-06-05,1
81114,3,109.488558,-7.715788,2024-06-05,1
81118,3,109.48856,-7.715336,2024-06-05,1
81119,3,109.489013,-7.715337,2024-06-05,1
81122,3,109.488562,-7.714883,2024-06-05,1
81123,3,109.489015,-7.714885,2024-06-05,1
81127,3,109.209641,-7.650517,2024-06-05,1
81131,3,109.209643,-7.650065,2024-06-05,1
81149,3,109.151795,-7.614561,2024-06-05,1
81153,3,109.15225,-7.614111,2024-06-05,1
81154,3,109.152703,-7.614112,2024-06-05,1
81161,3,109.450012,-7.595837,2024-06-05,1
81162,3,109.450465,-7.595838,2024-06-05,1
81163,3,109.448654,-7.59538,2024-06-05,1
81164,3,109.449107,-7.595381,2024-06-05,1
81165,3,109.44956,-7.595383,2024-06-05,1
81166,3,109.450013,-7.595385,2024-06-05,1
81167,3,109.450466,-7.595386,2024-06-05,1
81168,3,109.448656,-7.594928,2024-06-05,1
81169,3,109.449109,-7.594929,2024-06-05,1
81170,3,109.449562,-7.594931,2024-06-05,1
81171,3,109.450015,-7.594933,2024-06-05,1
81172,3,109.450468,-7.594934,2024-06-05,1
81173,3,109.448657,-7.594476,2024-06-05,1
81174,3,109.44911,-7.594477,2024-06-05,1
81175,3,109.374681,-7.504687,2024-06-05,1
81176,3,109.375134,-7.504689,2024-06-05,1
81177,3,109.375587,-7.504691,2024-06-05,1
81178,3,109.37423,-7.504233,2024-06-05,1
81179,3,109.374683,-7.504235,2024-06-05,1
81180,3,109.375136,-7.504237,2024-06-05,1
81181,3,109.375589,-7.504238,2024-06-05,1
81182,3,109.374685,-7.503783,2024-06-05,1
81183,3,109.375138,-7.503785,2024-06-05,1
81184,3,109.375591,-7.503786,2024-06-05,1
81185,3,109.374686,-7.503331,2024-06-05,1
81186,3,109.352288,-7.435884,2024-06-05,1
81187,3,109.352741,-7.435885,2024-06-05,1
81188,3,109.353194,-7.435887,2024-06-05,1
81189,3,109.353647,-7.435889,2024-06-05,1
81190,3,109.35229,-7.435431,2024-06-05,1
81191,3,109.352743,-7.435433,2024-06-05,1
81192,3,109.353196,-7.435435,2024-06-05,1
81193,3,109.351839,-7.434978,2024-06-05,1
81194,3,109.352292,-7.434979,2024-06-05,1
81195,3,109.352745,-7.434981,2024-06-05,1
81196,3,109.353198,-7.434983,2024-06-05,1
81197,3,109.352746,-7.434529,2024-06-05,1
81221,3,108.985799,-7.153666,2024-06-05,1
81222,3,108.986251,-7.153668,2024-06-05,1
81223,3,108.985348,-7.153212,2024-06-05,1
81224,3,108.985801,-7.153214,2024-06-05,1
81225,3,108.986253,-7.153216,2024-06-05,1
81226,3,108.985803,-7.152762,2024-06-05,1
81233,3,109.053049,-6.981275,2024-06-05,1
81260,3,108.937078,-6.913432,2024-06-05,1
81265,3,108.937985,-6.912984,2024-06-05,1
83824,3,109.488097,-7.716453,2024-06-05,1
83826,3,109.488407,-7.716455,2024-06-05,1
83828,3,109.488317,-7.716353,2024-06-05,1
83829,3,109.489262,-7.716273,2024-06-05,1
83830,3,109.487706,-7.716263,2024-06-05,1
83831,3,109.48799,-7.716254,2024-06-05,1
83832,3,109.489176,-7.716232,2024-06-05,1
83833,3,109.489281,-7.716204,2024-06-05,1
83834,3,109.488319,-7.716229,2024-06-05,1
83835,3,109.488844,-7.716321,2024-06-05,1
83836,3,109.489278,-7.716139,2024-06-05,1
83837,3,109.489163,-7.716138,2024-06-05,1
83839,3,109.489273,-7.716068,2024-06-05,1
83840,3,109.487694,-7.716115,2024-06-05,1
83841,3,109.488744,-7.716054,2024-06-05,1
83842,3,109.489145,-7.716038,2024-06-05,1
83843,3,109.489266,-7.715997,2024-06-05,1
83844,3,109.488331,-7.716064,2024-06-05,1
83845,3,109.488656,-7.715982,2024-06-05,1
83846,3,109.487687,-7.715965,2024-06-05,1
83847,3,109.489262,-7.715923,2024-06-05,1
83849,3,109.48901,-7.715938,2024-06-05,1
83851,3,109.48926,-7.715849,2024-06-05,1
83854,3,109.48862,-7.715822,2024-06-05,1
83857,3,109.489257,-7.715744,2024-06-05,1
83859,3,109.488061,-7.715697,2024-06-05,1
83860,3,109.489255,-7.715602,2024-06-05,1
83861,3,109.488566,-7.715672,2024-06-05,1
83864,3,109.488976,-7.715587,2024-06-05,1
83866,3,109.489247,-7.715383,2024-06-05,1
83867,3,109.48888,-7.715424,2024-06-05,1
83869,3,109.488449,-7.715437,2024-06-05,1
83870,3,109.487579,-7.715381,2024-06-05,1
83873,3,109.488858,-7.715285,2024-06-05,1
83874,3,109.489235,-7.715231,2024-06-05,1
83875,3,109.487941,-7.7153,2024-06-05,1
83877,3,109.488219,-7.715111,2024-06-05,1
83883,3,109.488849,-7.714878,2024-06-05,1
83888,3,109.488376,-7.714977,2024-06-05,1
83889,3,109.488566,-7.714856,2024-06-05,1
83890,3,109.488819,-7.714746,2024-06-05,1
83891,3,109.489087,-7.714764,2024-06-05,1
83893,3,109.209393,-7.650685,2024-06-05,1
83894,3,109.209495,-7.650683,2024-06-05,1
83895,3,109.209614,-7.65068,2024-06-05,1
83896,3,109.20971,-7.650677,2024-06-05,1
83897,3,109.209794,-7.650675,2024-06-05,1
83898,3,109.209882,-7.650673,2024-06-05,1
83899,3,109.209943,-7.650671,2024-06-05,1
83915,3,109.209388,-7.650541,2024-06-05,1
83916,3,109.20949,-7.650539,2024-06-05,1
83917,3,109.209608,-7.650536,2024-06-05,1
83918,3,109.209704,-7.650533,2024-06-05,1
83919,3,109.209788,-7.650533,2024-06-05,1
83920,3,109.209875,-7.650529,2024-06-05,1
83921,3,109.20994,-7.650524,2024-06-05,1
83922,3,109.209481,-7.650322,2024-06-05,1
83937,3,109.209377,-7.650245,2024-06-05,1
83938,3,109.209475,-7.650148,2024-06-05,1
83939,3,109.209597,-7.650238,2024-06-05,1
83940,3,109.209692,-7.650229,2024-06-05,1
83941,3,109.209774,-7.650226,2024-06-05,1
83942,3,109.20986,-7.650217,2024-06-05,1
83943,3,109.209933,-7.650208,2024-06-05,1
83952,3,109.209835,-7.649905,2024-06-05,1
84048,3,109.15273,-7.61496,2024-06-05,1
84050,3,109.151966,-7.614948,2024-06-05,1
84053,3,109.151675,-7.614732,2024-06-05,1
84054,3,109.152715,-7.614792,2024-06-05,1
84058,3,109.151954,-7.614691,2024-06-05,1
84059,3,109.151666,-7.61458,2024-06-05,1
84064,3,109.151655,-7.614404,2024-06-05,1
84067,3,109.151938,-7.614323,2024-06-05,1
84071,3,109.152723,-7.614265,2024-06-05,1
84073,3,109.15207,-7.61403,2024-06-05,1
84074,3,109.152479,-7.614026,2024-06-05,1
84075,3,109.152747,-7.614019,2024-06-05,1
84078,3,109.152426,-7.61382,2024-06-05,1
84079,3,109.152732,-7.613814,2024-06-05,1
84084,3,109.15162,-7.613448,2024-06-05,1
84085,3,109.151981,-7.613446,2024-06-05,1
84086,3,109.152343,-7.613444,2024-06-05,1
84087,3,109.152654,-7.613442,2024-06-05,1
84088,3,109.151893,-7.613343,2024-06-05,1
84089,3,109.152333,-7.613334,2024-06-05,1
84090,3,109.152654,-7.613328,2024-06-05,1
84092,3,109.450091,-7.595984,2024-06-05,1
84093,3,109.450427,-7.595949,2024-06-05,1
84096,3,109.450004,-7.595965,2024-06-05,1
84097,3,109.450327,-7.595949,2024-06-05,1
84098,3,109.450136,-7.595908,2024-06-05,1
84099,3,109.450175,-7.59594,2024-06-05,1
84100,3,109.450236,-7.595939,2024-06-05,1
84105,3,109.450113,-7.595818,2024-06-05,1
84107,3,109.449894,-7.595872,2024-06-05,1
84121,3,109.449963,-7.595739,2024-06-05,1
84123,3,109.449982,-7.595651,2024-06-05,1
84127,3,109.450141,-7.595608,2024-06-05,1
84129,3,109.450002,-7.595631,2024-06-05,1
84134,3,109.450558,-7.59572,2024-06-05,1
84136,3,109.450536,-7.595588,2024-06-05,1
84137,3,109.449054,-7.59557,2024-06-05,1
84139,3,109.450554,-7.595566,2024-06-05,1
84141,3,109.450561,-7.595519,2024-06-05,1
84142,3,109.450029,-7.595584,2024-06-05,1
84143,3,109.449611,-7.595543,2024-06-05,1
84144,3,109.450272,-7.595471,2024-06-05,1
84146,3,109.450229,-7.595552,2024-06-05,1
84147,3,109.450577,-7.595465,2024-06-05,1
84148,3,109.449965,-7.595477,2024-06-05,1
84149,3,109.449562,-7.595468,2024-06-05,1
84152,3,109.450223,-7.59538,2024-06-05,1
84153,3,109.448671,-7.595389,2024-06-05,1
84154,3,109.449563,-7.595366,2024-06-05,1
84155,3,109.449182,-7.595513,2024-06-05,1
84156,3,109.448853,-7.595404,2024-06-05,1
84157,3,109.449576,-7.595251,2024-06-05,1
84158,3,109.449968,-7.595375,2024-06-05,1
84159,3,109.448866,-7.595313,2024-06-05,1
84160,3,109.449985,-7.595268,2024-06-05,1
84161,3,109.450046,-7.595246,2024-06-05,1
84162,3,109.450115,-7.59524,2024-06-05,1
84163,3,109.44918,-7.595359,2024-06-05,1
84164,3,109.450273,-7.595344,2024-06-05,1
84165,3,109.450301,-7.595305,2024-06-05,1
84166,3,109.450337,-7.595302,2024-06-05,1
84167,3,109.450371,-7.595286,2024-06-05,1
84168,3,109.450419,-7.595265,2024-06-05,1
84169,3,109.450483,-7.595264,2024-06-05,1
84171,3,109.450525,-7.595211,2024-06-05,1
84173,3,109.449861,-7.595118,2024-06-05,1
84174,3,109.449184,-7.595233,2024-06-05,1
84175,3,109.449596,-7.595124,2024-06-05,1
84177,3,109.450321,-7.595052,2024-06-05,1
84178,3,109.449217,-7.595097,2024-06-05,1
84179,3,109.448916,-7.595048,2024-06-05,1
84180,3,109.448869,-7.595118,2024-06-05,1
84181,3,109.448848,-7.595207,2024-06-05,1
84182,3,109.449605,-7.595025,2024-06-05,1
84183,3,109.448548,-7.59511,2024-06-05,1
84184,3,109.448687,-7.595082,2024-06-05,1
84185,3,109.448661,-7.595264,2024-06-05,1
84186,3,109.448526,-7.595255,2024-06-05,1
84187,3,109.450112,-7.595038,2024-06-05,1
84188,3,109.45015,-7.595043,2024-06-05,1
84189,3,109.449905,-7.59505,2024-06-05,1
84190,3,109.448526,-7.595471,2024-06-05,1
84191,3,109.4502,-7.595071,2024-06-05,1
84192,3,109.450066,-7.595033,2024-06-05,1
84193,3,109.45025,-7.595045,2024-06-05,1
84194,3,109.449996,-7.595039,2024-06-05,1
84198,3,109.449204,-7.594989,2024-06-05,1
84199,3,109.449003,-7.594983,2024-06-05,1
84200,3,109.449602,-7.594934,2024-06-05,1
84201,3,109.449186,-7.594916,2024-06-05,1
84202,3,109.448767,-7.594898,2024-06-05,1
84203,3,109.448469,-7.594896,2024-06-05,1
84204,3,109.449085,-7.594796,2024-06-05,1
84205,3,109.449287,-7.594769,2024-06-05,1
84206,3,109.448868,-7.594894,2024-06-05,1
84207,3,109.449607,-7.594794,2024-06-05,1
84208,3,109.450597,-7.594877,2024-06-05,1
84209,3,109.448916,-7.594727,2024-06-05,1
84210,3,109.448876,-7.594779,2024-06-05,1
84211,3,109.448491,-7.594841,2024-06-05,1
84212,3,109.448682,-7.594779,2024-06-05,1
84213,3,109.448642,-7.594835,2024-06-05,1
84214,3,109.448581,-7.594828,2024-06-05,1
84216,3,109.448528,-7.594813,2024-06-05,1
84220,3,109.449182,-7.594686,2024-06-05,1
84221,3,109.450543,-7.594888,2024-06-05,1
84223,3,109.448859,-7.59465,2024-06-05,1
84225,3,109.450476,-7.594806,2024-06-05,1
84226,3,109.448505,-7.594615,2024-06-05,1
84227,3,109.450396,-7.594834,2024-06-05,1
84228,3,109.450329,-7.594686,2024-06-05,1
84229,3,109.45027,-7.594752,2024-06-05,1
84230,3,109.450188,-7.594728,2024-06-05,1
84231,3,109.450107,-7.594716,2024-06-05,1
84232,3,109.450061,-7.594702,2024-06-05,1
84233,3,109.449967,-7.594715,2024-06-05,1
84234,3,109.449865,-7.594705,2024-06-05,1
84236,3,109.449667,-7.594594,2024-06-05,1
84237,3,109.449481,-7.594595,2024-06-05,1
84238,3,109.448532,-7.59457,2024-06-05,1
84239,3,109.44921,-7.594555,2024-06-05,1
84240,3,109.448905,-7.594538,2024-06-05,1
84241,3,109.448595,-7.594603,2024-06-05,1
84242,3,109.44875,-7.594505,2024-06-05,1
84243,3,109.448678,-7.594566,2024-06-05,1
84244,3,109.448709,-7.594694,2024-06-05,1
84245,3,109.375327,-7.505047,2024-06-05,1
84246,3,109.375389,-7.505055,2024-06-05,1
84247,3,109.375076,-7.504923,2024-06-05,1
84248,3,109.375244,-7.504951,2024-06-05,1
84249,3,109.375403,-7.50495,2024-06-05,1
84250,3,109.37549,-7.504896,2024-06-05,1
84251,3,109.375106,-7.504791,2024-06-05,1
84252,3,109.375351,-7.504766,2024-06-05,1
84253,3,109.375532,-7.504739,2024-06-05,1
84254,3,109.374899,-7.50477,2024-06-05,1
84255,3,109.374465,-7.504643,2024-06-05,1
84256,3,109.375545,-7.504671,2024-06-05,1
84257,3,109.374539,-7.504648,2024-06-05,1
84258,3,109.37461,-7.504679,2024-06-05,1
84259,3,109.375335,-7.504664,2024-06-05,1
84260,3,109.375096,-7.50468,2024-06-05,1
84261,3,109.375559,-7.504607,2024-06-05,1
84262,3,109.375571,-7.504543,2024-06-05,1
84263,3,109.375316,-7.504545,2024-06-05,1
84264,3,109.374245,-7.504519,2024-06-05,1
84265,3,109.375583,-7.504477,2024-06-05,1
84266,3,109.375308,-7.504464,2024-06-05,1
84267,3,109.375075,-7.504539,2024-06-05,1
84268,3,109.374212,-7.504438,2024-06-05,1
84269,3,109.375603,-7.504412,2024-06-05,1
84270,3,109.37416,-7.504452,2024-06-05,1
84271,3,109.37531,-7.504397,2024-06-05,1
84272,3,109.375607,-7.504349,2024-06-05,1
84273,3,109.375321,-7.504315,2024-06-05,1
84274,3,109.375115,-7.504271,2024-06-05,1
84275,3,109.375628,-7.504283,2024-06-05,1
84276,3,109.375283,-7.504252,2024-06-05,1
84277,3,109.375124,-7.504202,2024-06-05,1
84278,3,109.375626,-7.504216,2024-06-05,1
84279,3,109.375272,-7.50419,2024-06-05,1
84280,3,109.375866,-7.504179,2024-06-05,1
84281,3,109.374228,-7.504286,2024-06-05,1
84282,3,109.375617,-7.504154,2024-06-05,1
84283,3,109.375051,-7.504403,2024-06-05,1
84284,3,109.375035,-7.504238,2024-06-05,1
84285,3,109.375083,-7.504118,2024-06-05,1
84286,3,109.375261,-7.504112,2024-06-05,1
84287,3,109.375881,-7.504103,2024-06-05,1
84288,3,109.3743,-7.504369,2024-06-05,1
84289,3,109.375537,-7.504089,2024-06-05,1
84290,3,109.37576,-7.504067,2024-06-05,1
84291,3,109.374383,-7.504312,2024-06-05,1
84292,3,109.375159,-7.504034,2024-06-05,1
84293,3,109.375897,-7.50401,2024-06-05,1
84294,3,109.375574,-7.503994,2024-06-05,1
84295,3,109.374355,-7.503971,2024-06-05,1
84296,3,109.375477,-7.503931,2024-06-05,1
84297,3,109.375714,-7.503922,2024-06-05,1
84298,3,109.37586,-7.503933,2024-06-05,1
84299,3,109.375268,-7.503977,2024-06-05,1
84300,3,109.375144,-7.50393,2024-06-05,1
84301,3,109.375092,-7.50397,2024-06-05,1
84302,3,109.37503,-7.503962,2024-06-05,1
84303,3,109.374967,-7.503972,2024-06-05,1
84304,3,109.374909,-7.503963,2024-06-05,1
84305,3,109.374387,-7.50395,2024-06-05,1
84306,3,109.374866,-7.504118,2024-06-05,1
84307,3,109.374776,-7.504128,2024-06-05,1
84308,3,109.374742,-7.504387,2024-06-05,1
84309,3,109.374628,-7.504333,2024-06-05,1
84310,3,109.374483,-7.504208,2024-06-05,1
84311,3,109.375908,-7.503821,2024-06-05,1
84312,3,109.375409,-7.503816,2024-06-05,1
84313,3,109.375762,-7.503737,2024-06-05,1
84314,3,109.375656,-7.503807,2024-06-05,1
84315,3,109.375708,-7.503708,2024-06-05,1
84316,3,109.375517,-7.503764,2024-06-05,1
84317,3,109.374502,-7.503704,2024-06-05,1
84318,3,109.37516,-7.50375,2024-06-05,1
84319,3,109.374731,-7.503675,2024-06-05,1
84320,3,109.375269,-7.50371,2024-06-05,1
84321,3,109.375386,-7.503645,2024-06-05,1
84322,3,109.375246,-7.503515,2024-06-05,1
84323,3,109.375101,-7.503623,2024-06-05,1
84324,3,109.37499,-7.503606,2024-06-05,1
84325,3,109.37488,-7.503589,2024-06-05,1
84326,3,109.374821,-7.503452,2024-06-05,1
84327,3,109.374673,-7.503531,2024-06-05,1
84328,3,109.374631,-7.503428,2024-06-05,1
84329,3,109.35245,-7.436383,2024-06-05,1
84330,3,109.352454,-7.436327,2024-06-05,1
84331,3,109.352437,-7.436269,2024-06-05,1
84332,3,109.352789,-7.436253,2024-06-05,1
84333,3,109.352861,-7.436226,2024-06-05,1
84334,3,109.352573,-7.436268,2024-06-05,1
84335,3,109.353041,-7.436154,2024-06-05,1
84336,3,109.352952,-7.43617,2024-06-05,1
84337,3,109.352863,-7.436176,2024-06-05,1
84338,3,109.352786,-7.436185,2024-06-05,1
84339,3,109.352659,-7.436218,2024-06-05,1
84340,3,109.352415,-7.436177,2024-06-05,1
84341,3,109.352275,-7.436132,2024-06-05,1
84342,3,109.352829,-7.436113,2024-06-05,1
84343,3,109.352635,-7.43612,2024-06-05,1
84344,3,109.352596,-7.436015,2024-06-05,1
84345,3,109.352336,-7.436007,2024-06-05,1
84346,3,109.3522,-7.435956,2024-06-05,1
84347,3,109.352819,-7.436008,2024-06-05,1
84348,3,109.352979,-7.436022,2024-06-05,1
84349,3,109.353164,-7.436005,2024-06-05,1
84350,3,109.353379,-7.435934,2024-06-05,1
84351,3,109.353602,-7.435875,2024-06-05,1
84352,3,109.353768,-7.435827,2024-06-05,1
84353,3,109.353225,-7.435853,2024-06-05,1
84354,3,109.352204,-7.435836,2024-06-05,1
84355,3,109.352383,-7.43584,2024-06-05,1
84356,3,109.352568,-7.43584,2024-06-05,1
84357,3,109.352838,-7.435837,2024-06-05,1
84358,3,109.353552,-7.435808,2024-06-05,1
84359,3,109.353747,-7.435781,2024-06-05,1
84360,3,109.353155,-7.435751,2024-06-05,1
84361,3,109.35214,-7.435693,2024-06-05,1
84362,3,109.352352,-7.435696,2024-06-05,1
84363,3,109.352596,-7.435693,2024-06-05,1
84364,3,109.353457,-7.435712,2024-06-05,1
84365,3,109.35286,-7.435691,2024-06-05,1
84366,3,109.353184,-7.435637,2024-06-05,1
84367,3,109.35199,-7.435548,2024-06-05,1
84368,3,109.35212,-7.435583,2024-06-05,1
84369,3,109.352357,-7.435581,2024-06-05,1
84370,3,109.352595,-7.435577,2024-06-05,1
84371,3,109.352854,-7.435574,2024-06-05,1
84372,3,109.353674,-7.435646,2024-06-05,1
84373,3,109.351974,-7.435484,2024-06-05,1
84374,3,109.353133,-7.435536,2024-06-05,1
84375,3,109.35211,-7.435493,2024-06-05,1
84376,3,109.352354,-7.435489,2024-06-05,1
84377,3,109.352594,-7.435485,2024-06-05,1
84378,3,109.352849,-7.435481,2024-06-05,1
84379,3,109.353432,-7.435536,2024-06-05,1
84380,3,109.35195,-7.435406,2024-06-05,1
84381,3,109.352103,-7.435408,2024-06-05,1
84382,3,109.352322,-7.435406,2024-06-05,1
84383,3,109.35259,-7.435403,2024-06-05,1
84384,3,109.352871,-7.435398,2024-06-05,1
84385,3,109.353115,-7.435403,2024-06-05,1
84386,3,109.351934,-7.435337,2024-06-05,1
84387,3,109.352103,-7.435335,2024-06-05,1
84388,3,109.352367,-7.435328,2024-06-05,1
84389,3,109.353409,-7.435367,2024-06-05,1
84390,3,109.353609,-7.435438,2024-06-05,1
84391,3,109.352633,-7.435321,2024-06-05,1
84392,3,109.352867,-7.435314,2024-06-05,1
84393,3,109.353097,-7.435301,2024-06-05,1
84394,3,109.353378,-7.435277,2024-06-05,1
84395,3,109.352185,-7.43527,2024-06-05,1
84396,3,109.35204,-7.435271,2024-06-05,1
84397,3,109.351916,-7.43525,2024-06-05,1
84398,3,109.352039,-7.435217,2024-06-05,1
84399,3,109.352182,-7.435218,2024-06-05,1
84400,3,109.35239,-7.435235,2024-06-05,1
84401,3,109.352638,-7.435226,2024-06-05,1
84402,3,109.352926,-7.435215,2024-06-05,1
84403,3,109.353224,-7.435203,2024-06-05,1
84404,3,109.353441,-7.435197,2024-06-05,1
84405,3,109.3518,-7.435128,2024-06-05,1
84406,3,109.351925,-7.435149,2024-06-05,1
84407,3,109.35214,-7.435142,2024-06-05,1
84408,3,109.352365,-7.435135,2024-06-05,1
84409,3,109.352617,-7.435126,2024-06-05,1
84410,3,109.352882,-7.435116,2024-06-05,1
84411,3,109.353148,-7.435107,2024-06-05,1
84412,3,109.353375,-7.4351,2024-06-05,1
84413,3,109.351782,-7.435055,2024-06-05,1
84414,3,109.351921,-7.435056,2024-06-05,1
84415,3,109.352135,-7.43505,2024-06-05,1
84416,3,109.352359,-7.435043,2024-06-05,1
84417,3,109.352612,-7.435034,2024-06-05,1
84418,3,109.352878,-7.435025,2024-06-05,1
84419,3,109.353143,-7.435017,2024-06-05,1
84420,3,109.353351,-7.435012,2024-06-05,1
84421,3,109.351756,-7.434954,2024-06-05,1
84422,3,109.351919,-7.434954,2024-06-05,1
84423,3,109.352131,-7.434948,2024-06-05,1
84424,3,109.352352,-7.434941,2024-06-05,1
84425,3,109.352605,-7.434933,2024-06-05,1
84426,3,109.352872,-7.434925,2024-06-05,1
84427,3,109.353137,-7.434917,2024-06-05,1
84428,3,109.353324,-7.434915,2024-06-05,1
84429,3,109.351949,-7.434835,2024-06-05,1
84430,3,109.352346,-7.434823,2024-06-05,1
84431,3,109.352599,-7.434816,2024-06-05,1
84432,3,109.352888,-7.434809,2024-06-05,1
84433,3,109.353184,-7.434803,2024-06-05,1
84434,3,109.351983,-7.434725,2024-06-05,1
84435,3,109.352207,-7.434702,2024-06-05,1
84436,3,109.352421,-7.434697,2024-06-05,1
84437,3,109.352628,-7.434692,2024-06-05,1
84438,3,109.352083,-7.434635,2024-06-05,1
84439,3,109.352867,-7.434688,2024-06-05,1
84440,3,109.353134,-7.434684,2024-06-05,1
84441,3,109.35223,-7.434601,2024-06-05,1
84442,3,109.352417,-7.434587,2024-06-05,1
84443,3,109.352625,-7.434582,2024-06-05,1
84444,3,109.352863,-7.434578,2024-06-05,1
84445,3,109.353106,-7.434576,2024-06-05,1
84446,3,109.352418,-7.434509,2024-06-05,1
84447,3,109.352601,-7.434475,2024-06-05,1
84448,3,109.352836,-7.434469,2024-06-05,1
84449,3,109.353069,-7.434471,2024-06-05,1
84450,3,109.352652,-7.434387,2024-06-05,1
84451,3,109.352907,-7.434374,2024-06-05,1
84452,3,109.352809,-7.434319,2024-06-05,1
84453,3,109.352978,-7.434286,2024-06-05,1
84477,3,109.413661,-7.42696,2024-06-05,1
84485,3,109.413605,-7.426897,2024-06-05,1
84494,3,109.413736,-7.426877,2024-06-05,1
84496,3,109.413672,-7.426861,2024-06-05,1
84509,3,109.413798,-7.426818,2024-06-05,1
84527,3,109.413863,-7.426752,2024-06-05,1
84535,3,109.413839,-7.426698,2024-06-05,1
84750,3,108.986093,-7.154212,2024-06-05,1
84751,3,108.985667,-7.154029,2024-06-05,1
84752,3,108.986169,-7.154016,2024-06-05,1
84753,3,108.986255,-7.1539,2024-06-05,1
84754,3,108.985646,-7.153896,2024-06-05,1
84755,3,108.985971,-7.153966,2024-06-05,1
84756,3,108.986037,-7.153851,2024-06-05,1
84757,3,108.986063,-7.153791,2024-06-05,1
84758,3,108.985739,-7.153929,2024-06-05,1
84759,3,108.986353,-7.153765,2024-06-05,1
84760,3,108.98613,-7.153748,2024-06-05,1
84761,3,108.98643,-7.153634,2024-06-05,1
84762,3,108.985792,-7.153733,2024-06-05,1
84763,3,108.985574,-7.153795,2024-06-05,1
84764,3,108.985391,-7.153575,2024-06-05,1
84765,3,108.986458,-7.153569,2024-06-05,1
84766,3,108.986332,-7.153627,2024-06-05,1
84767,3,108.986047,-7.153633,2024-06-05,1
84768,3,108.98532,-7.153536,2024-06-05,1
84769,3,108.986484,-7.153507,2024-06-05,1
84770,3,108.985484,-7.153655,2024-06-05,1
84771,3,108.986153,-7.153666,2024-06-05,1
84772,3,108.985384,-7.153479,2024-06-05,1
84773,3,108.985893,-7.153534,2024-06-05,1
84774,3,108.986518,-7.153408,2024-06-05,1
84775,3,108.986298,-7.153532,2024-06-05,1
84776,3,108.986197,-7.153557,2024-06-05,1
84777,3,108.985704,-7.153414,2024-06-05,1
84778,3,108.98621,-7.153317,2024-06-05,1
84779,3,108.986278,-7.15339,2024-06-05,1
84780,3,108.986361,-7.15331,2024-06-05,1
84781,3,108.985913,-7.153342,2024-06-05,1
84782,3,108.985463,-7.153316,2024-06-05,1
84783,3,108.985877,-7.153176,2024-06-05,1
84784,3,108.98556,-7.153196,2024-06-05,1
84785,3,108.986051,-7.153227,2024-06-05,1
84786,3,108.985939,-7.153057,2024-06-05,1
84787,3,108.985612,-7.153138,2024-06-05,1
84788,3,108.985445,-7.153065,2024-06-05,1
84789,3,108.985661,-7.153087,2024-06-05,1
84790,3,108.986067,-7.153106,2024-06-05,1
84791,3,108.986207,-7.153162,2024-06-05,1
84792,3,108.986639,-7.153084,2024-06-05,1
84793,3,108.986353,-7.153046,2024-06-05,1
84794,3,108.986311,-7.152923,2024-06-05,1
84795,3,108.985702,-7.153033,2024-06-05,1
84796,3,108.985517,-7.152968,2024-06-05,1
84797,3,108.986457,-7.153182,2024-06-05,1
84798,3,108.98654,-7.153132,2024-06-05,1
84799,3,108.986326,-7.152865,2024-06-05,1
84800,3,108.986212,-7.152957,2024-06-05,1
84801,3,108.985752,-7.152949,2024-06-05,1
84802,3,108.985826,-7.152879,2024-06-05,1
84803,3,108.985641,-7.152781,2024-06-05,1
84804,3,108.986086,-7.152803,2024-06-05,1
84805,3,108.985701,-7.152742,2024-06-05,1
84806,3,108.985833,-7.15272,2024-06-05,1
84807,3,108.985961,-7.152841,2024-06-05,1
84808,3,108.985997,-7.15271,2024-06-05,1
84809,3,108.985713,-7.152659,2024-06-05,1
84810,3,108.985864,-7.15259,2024-06-05,1
84811,3,108.985774,-7.152632,2024-06-05,1
84812,3,108.985794,-7.15258,2024-06-05,1
84830,3,109.052719,-6.981945,2024-06-05,1
84831,3,109.052565,-6.981933,2024-06-05,1
84861,3,109.052952,-6.98121,2024-06-05,1
84862,3,109.052634,-6.981189,2024-06-05,1
85058,3,108.937216,-6.913372,2024-06-05,1
85063,3,108.937223,-6.913119,2024-06-05,1
85065,3,108.938198,-6.912919,2024-06-05,1
85066,3,108.938014,-6.912914,2024-06-05,1
85071,3,108.938194,-6.912731,2024-06-05,1
85072,3,108.938008,-6.912726,2024-06-05,1
85079,3,108.938665,-6.912791,2024-06-05,1
85080,3,109.488023,-7.716088,2024-06-05,1
126993,4,109.391622,-6.870947,2024-04-30,1
127307,4,109.382349,-6.874462,2024-04-30,1
127308,4,109.382802,-6.874464,2024-04-30,1
127325,4,109.391406,-6.87178,2024-04-30,1
127326,4,109.391859,-6.871781,2024-04-30,1
127328,4,109.390503,-6.871325,2024-04-30,1
127332,4,109.390505,-6.870872,2024-04-30,1
127333,4,109.390957,-6.870874,2024-04-30,1
128794,4,109.382132,-6.875221,2024-04-30,1
128796,4,109.381873,-6.875192,2024-04-30,1
128798,4,109.381554,-6.875159,2024-04-30,1
128799,4,109.381297,-6.875131,2024-04-30,1
128802,4,109.381119,-6.87511,2024-04-30,1
128839,4,109.383062,-6.874505,2024-04-30,1
128841,4,109.382641,-6.874492,2024-04-30,1
128845,4,109.383071,-6.874378,2024-04-30,1
128846,4,109.382818,-6.874371,2024-04-30,1
128848,4,109.382498,-6.874361,2024-04-30,1
128851,4,109.383091,-6.874289,2024-04-30,1
128852,4,109.382835,-6.874285,2024-04-30,1
128854,4,109.382499,-6.874279,2024-04-30,1
128910,4,109.382741,-6.873335,2024-04-30,1
128911,4,109.38245,-6.873331,2024-04-30,1
128957,4,109.391954,-6.871753,2024-04-30,1
128960,4,109.391295,-6.871774,2024-04-30,1
128961,4,109.391452,-6.871755,2024-04-30,1
128963,4,109.391612,-6.871732,2024-04-30,1
128965,4,109.391772,-6.871704,2024-04-30,1
128970,4,109.391935,-6.8716,2024-04-30,1
128974,4,109.391918,-6.871453,2024-04-30,1
128982,4,109.391586,-6.871432,2024-04-30,1
128983,4,109.39127,-6.871445,2024-04-30,1
128987,4,109.390429,-6.871285,2024-04-30,1
128988,4,109.390597,-6.871272,2024-04-30,1
128992,4,109.391565,-6.871177,2024-04-30,1
128995,4,109.391248,-6.871167,2024-04-30,1
128998,4,109.390416,-6.871098,2024-04-30,1
128999,4,109.390583,-6.871084,2024-04-30,1
129005,4,109.39123,-6.87095,2024-04-30,1
129008,4,109.391547,-6.870952,2024-04-30,1
129009,4,109.390569,-6.870906,2024-04-30,1
129012,4,109.390889,-6.870805,2024-04-30,1
129020,4,109.391526,-6.870705,2024-04-30,1
129026,4,109.390708,-6.87055,2024-04-30,1
129027,4,109.390867,-6.870535,2024-04-30,1
80626,3,108.894417,-6.950028,2024-06-05,2
80629,3,108.937914,-6.913283,2024-06-05,2
80630,3,108.938472,-6.913278,2024-06-05,2
80634,3,109.295694,-7.426111,2024-06-05,2
80637,3,109.413472,-7.426417,2024-06-05,2
80638,3,109.413361,-7.426667,2024-06-05,2
80641,3,109.295528,-7.649722,2024-06-05,2
80644,3,109.449389,-7.595722,2024-06-05,2
81124,3,109.208281,-7.650512,2024-06-05,2
81125,3,109.208734,-7.650513,2024-06-05,2
81126,3,109.209188,-7.650515,2024-06-05,2
81128,3,109.208283,-7.650059,2024-06-05,2
81129,3,109.208736,-7.650061,2024-06-05,2
81130,3,109.209189,-7.650063,2024-06-05,2
81132,3,109.208285,-7.649607,2024-06-05,2
81133,3,109.208738,-7.649609,2024-06-05,2
81134,3,109.209644,-7.649613,2024-06-05,2
81158,3,109.448652,-7.595832,2024-06-05,2
81159,3,109.449105,-7.595834,2024-06-05,2
81160,3,109.449559,-7.595835,2024-06-05,2
81198,3,109.2948,-7.427076,2024-06-05,2
81199,3,109.295253,-7.427078,2024-06-05,2
81200,3,109.295706,-7.42708,2024-06-05,2
81201,3,109.294801,-7.426624,2024-06-05,2
81202,3,109.295254,-7.426626,2024-06-05,2
81203,3,109.295707,-7.426628,2024-06-05,2
81204,3,109.294803,-7.426172,2024-06-05,2
81205,3,109.295256,-7.426174,2024-06-05,2
81206,3,109.295709,-7.426176,2024-06-05,2
81209,3,109.412564,-7.426609,2024-06-05,2
81210,3,109.413017,-7.426611,2024-06-05,2
81211,3,109.41347,-7.426612,2024-06-05,2
81212,3,109.413922,-7.426614,2024-06-05,2
81213,3,109.294805,-7.42572,2024-06-05,2
81214,3,109.295258,-7.425722,2024-06-05,2
81215,3,109.295711,-7.425724,2024-06-05,2
81218,3,109.413018,-7.426158,2024-06-05,2
81219,3,109.413471,-7.42616,2024-06-05,2
81220,3,109.413924,-7.426162,2024-06-05,2
81238,3,108.895298,-6.951217,2024-06-05,2
81239,3,108.894395,-6.950761,2024-06-05,2
81240,3,108.894847,-6.950763,2024-06-05,2
81241,3,108.8953,-6.950765,2024-06-05,2
81242,3,108.893945,-6.950307,2024-06-05,2
81243,3,108.894397,-6.950309,2024-06-05,2
81244,3,108.894849,-6.950311,2024-06-05,2
81245,3,108.895302,-6.950313,2024-06-05,2
81246,3,108.895754,-6.950315,2024-06-05,2
81247,3,108.893947,-6.949855,2024-06-05,2
81248,3,108.894399,-6.949857,2024-06-05,2
81249,3,108.894851,-6.949859,2024-06-05,2
81250,3,108.895304,-6.949861,2024-06-05,2
81252,3,108.894401,-6.949405,2024-06-05,2
81253,3,108.894853,-6.949407,2024-06-05,2
81261,3,108.93753,-6.913434,2024-06-05,2
81262,3,108.937983,-6.913436,2024-06-05,2
81263,3,108.93708,-6.91298,2024-06-05,2
81264,3,108.937532,-6.912982,2024-06-05,2
83892,3,109.209315,-7.650687,2024-06-05,2
83900,3,109.20828,-7.650692,2024-06-05,2
83901,3,109.20834,-7.650689,2024-06-05,2
83902,3,109.208985,-7.650617,2024-06-05,2
83903,3,109.209046,-7.650616,2024-06-05,2
83904,3,109.208485,-7.650599,2024-06-05,2
83905,3,109.208407,-7.650599,2024-06-05,2
83906,3,109.208579,-7.650596,2024-06-05,2
83907,3,109.208335,-7.65055,2024-06-05,2
83908,3,109.208666,-7.650591,2024-06-05,2
83909,3,109.208749,-7.650532,2024-06-05,2
83910,3,109.20887,-7.650584,2024-06-05,2
83911,3,109.208275,-7.650539,2024-06-05,2
83912,3,109.209197,-7.650572,2024-06-05,2
83913,3,109.209139,-7.650572,2024-06-05,2
83914,3,109.20931,-7.650543,2024-06-05,2
83923,3,109.208268,-7.650289,2024-06-05,2
83924,3,109.208327,-7.650299,2024-06-05,2
83925,3,109.208396,-7.650297,2024-06-05,2
83926,3,109.208478,-7.650294,2024-06-05,2
83927,3,109.208575,-7.65029,2024-06-05,2
83928,3,109.208663,-7.650284,2024-06-05,2
83929,3,109.208745,-7.650279,2024-06-05,2
83930,3,109.208862,-7.650276,2024-06-05,2
83931,3,109.208974,-7.650307,2024-06-05,2
83932,3,109.209034,-7.650307,2024-06-05,2
83933,3,109.209078,-7.650399,2024-06-05,2
83934,3,109.209128,-7.65026,2024-06-05,2
83935,3,109.209186,-7.650259,2024-06-05,2
83936,3,109.2093,-7.650249,2024-06-05,2
83944,3,109.208599,-7.650012,2024-06-05,2
83945,3,109.20874,-7.650004,2024-06-05,2
83946,3,109.209163,-7.649942,2024-06-05,2
83947,3,109.209373,-7.649927,2024-06-05,2
83948,3,109.209485,-7.649926,2024-06-05,2
83949,3,109.209635,-7.649919,2024-06-05,2
83950,3,109.209742,-7.649913,2024-06-05,2
83951,3,109.209789,-7.649915,2024-06-05,2
83953,3,109.208415,-7.649944,2024-06-05,2
83954,3,109.20883,-7.649927,2024-06-05,2
83955,3,109.208958,-7.649922,2024-06-05,2
83956,3,109.208282,-7.649937,2024-06-05,2
83957,3,109.209914,-7.649881,2024-06-05,2
83958,3,109.209272,-7.649781,2024-06-05,2
83959,3,109.208595,-7.649793,2024-06-05,2
83960,3,109.209081,-7.649868,2024-06-05,2
83961,3,109.208283,-7.649667,2024-06-05,2
83962,3,109.209155,-7.649692,2024-06-05,2
83963,3,109.208421,-7.649668,2024-06-05,2
83964,3,109.20979,-7.649679,2024-06-05,2
83965,3,109.208597,-7.649624,2024-06-05,2
83966,3,109.208735,-7.64973,2024-06-05,2
83967,3,109.208823,-7.649651,2024-06-05,2
83968,3,109.208949,-7.649646,2024-06-05,2
83969,3,109.20907,-7.649592,2024-06-05,2
83970,3,109.209151,-7.649561,2024-06-05,2
83971,3,109.209333,-7.649641,2024-06-05,2
83972,3,109.209482,-7.649654,2024-06-05,2
83973,3,109.209373,-7.649525,2024-06-05,2
83974,3,109.209636,-7.649653,2024-06-05,2
83975,3,109.209492,-7.649522,2024-06-05,2
83976,3,109.209915,-7.649623,2024-06-05,2
83977,3,109.209643,-7.649517,2024-06-05,2
83978,3,109.209793,-7.649539,2024-06-05,2
83979,3,109.209917,-7.649504,2024-06-05,2
84068,3,109.152216,-7.614225,2024-06-05,2
84091,3,109.449044,-7.595973,2024-06-05,2
84094,3,109.449018,-7.595938,2024-06-05,2
84095,3,109.449141,-7.595946,2024-06-05,2
84101,3,109.449021,-7.595877,2024-06-05,2
84102,3,109.448649,-7.595892,2024-06-05,2
84103,3,109.448519,-7.595919,2024-06-05,2
84104,3,109.449278,-7.595859,2024-06-05,2
84106,3,109.448921,-7.595837,2024-06-05,2
84108,3,109.449178,-7.595904,2024-06-05,2
84109,3,109.449586,-7.59593,2024-06-05,2
84110,3,109.449273,-7.595788,2024-06-05,2
84111,3,109.448925,-7.595766,2024-06-05,2
84112,3,109.44913,-7.595792,2024-06-05,2
84113,3,109.449272,-7.595727,2024-06-05,2
84114,3,109.448738,-7.595764,2024-06-05,2
84115,3,109.448777,-7.59586,2024-06-05,2
84116,3,109.448454,-7.59573,2024-06-05,2
84117,3,109.448526,-7.595733,2024-06-05,2
84118,3,109.449277,-7.595678,2024-06-05,2
84119,3,109.44959,-7.595826,2024-06-05,2
84120,3,109.449074,-7.595687,2024-06-05,2
84122,3,109.448922,-7.595662,2024-06-05,2
84124,3,109.449063,-7.595634,2024-06-05,2
84125,3,109.449591,-7.595739,2024-06-05,2
84126,3,109.449269,-7.595638,2024-06-05,2
84128,3,109.44874,-7.595672,2024-06-05,2
84130,3,109.44867,-7.595554,2024-06-05,2
84131,3,109.44892,-7.5956,2024-06-05,2
84132,3,109.448575,-7.595593,2024-06-05,2
84133,3,109.44848,-7.595601,2024-06-05,2
84135,3,109.449595,-7.595654,2024-06-05,2
84138,3,109.448365,-7.595649,2024-06-05,2
84140,3,109.448816,-7.595611,2024-06-05,2
84145,3,109.448807,-7.595479,2024-06-05,2
84150,3,109.448642,-7.595469,2024-06-05,2
84151,3,109.448456,-7.595463,2024-06-05,2
84170,3,109.4483,-7.595265,2024-06-05,2
84172,3,109.44837,-7.595319,2024-06-05,2
84176,3,109.448642,-7.595081,2024-06-05,2
84195,3,109.448394,-7.595054,2024-06-05,2
84196,3,109.448314,-7.595002,2024-06-05,2
84197,3,109.448295,-7.594996,2024-06-05,2
84215,3,109.448311,-7.59481,2024-06-05,2
84217,3,109.448427,-7.594676,2024-06-05,2
84218,3,109.448403,-7.594744,2024-06-05,2
84219,3,109.44838,-7.594852,2024-06-05,2
84222,3,109.448347,-7.594628,2024-06-05,2
84224,3,109.448373,-7.594616,2024-06-05,2
84235,3,109.448442,-7.594596,2024-06-05,2
84454,3,109.295259,-7.427132,2024-06-05,2
84455,3,109.29507,-7.427128,2024-06-05,2
84456,3,109.295743,-7.427117,2024-06-05,2
84457,3,109.295684,-7.427116,2024-06-05,2
84458,3,109.295569,-7.427112,2024-06-05,2
84459,3,109.295428,-7.427107,2024-06-05,2
84460,3,109.413762,-7.427054,2024-06-05,2
84461,3,109.295332,-7.427104,2024-06-05,2
84462,3,109.294828,-7.427104,2024-06-05,2
84463,3,109.294631,-7.427098,2024-06-05,2
84464,3,109.295111,-7.427049,2024-06-05,2
84465,3,109.413758,-7.427022,2024-06-05,2
84466,3,109.41385,-7.427021,2024-06-05,2
84467,3,109.413775,-7.42699,2024-06-05,2
84468,3,109.295794,-7.427041,2024-06-05,2
84469,3,109.413574,-7.426992,2024-06-05,2
84470,3,109.29563,-7.427001,2024-06-05,2
84471,3,109.295417,-7.426991,2024-06-05,2
84472,3,109.413446,-7.426966,2024-06-05,2
84473,3,109.295142,-7.426975,2024-06-05,2
84474,3,109.413804,-7.426958,2024-06-05,2
84475,3,109.413341,-7.426947,2024-06-05,2
84476,3,109.413269,-7.426937,2024-06-05,2
84478,3,109.29579,-7.426928,2024-06-05,2
84479,3,109.29472,-7.426957,2024-06-05,2
84480,3,109.413198,-7.426923,2024-06-05,2
84482,3,109.413616,-7.426937,2024-06-05,2
84483,3,109.413128,-7.426912,2024-06-05,2
84484,3,109.295625,-7.426918,2024-06-05,2
84486,3,109.413832,-7.426914,2024-06-05,2
84488,3,109.41306,-7.4269,2024-06-05,2
84489,3,109.295371,-7.426905,2024-06-05,2
84491,3,109.295142,-7.426894,2024-06-05,2
84492,3,109.413545,-7.426929,2024-06-05,2
84493,3,109.413863,-7.426867,2024-06-05,2
84497,3,109.413511,-7.42689,2024-06-05,2
84498,3,109.41364,-7.426847,2024-06-05,2
84499,3,109.413588,-7.426882,2024-06-05,2
84501,3,109.413401,-7.42687,2024-06-05,2
84504,3,109.413276,-7.42685,2024-06-05,2
84505,3,109.413886,-7.426822,2024-06-05,2
84506,3,109.295794,-7.426839,2024-06-05,2
84507,3,109.295365,-7.426831,2024-06-05,2
84508,3,109.295148,-7.426817,2024-06-05,2
84510,3,109.413729,-7.426801,2024-06-05,2
84513,3,109.41368,-7.426786,2024-06-05,2
84514,3,109.413623,-7.426783,2024-06-05,2
84515,3,109.413571,-7.426797,2024-06-05,2
84517,3,109.295621,-7.426818,2024-06-05,2
84518,3,109.413747,-7.426751,2024-06-05,2
84520,3,109.294711,-7.426818,2024-06-05,2
84522,3,109.294958,-7.426824,2024-06-05,2
84523,3,109.295437,-7.426763,2024-06-05,2
84525,3,109.413437,-7.42677,2024-06-05,2
84526,3,109.295814,-7.426756,2024-06-05,2
84528,3,109.413036,-7.426799,2024-06-05,2
84529,3,109.295327,-7.426747,2024-06-05,2
84532,3,109.295766,-7.426733,2024-06-05,2
84533,3,109.412937,-7.426797,2024-06-05,2
84534,3,109.413255,-7.426736,2024-06-05,2
84537,3,109.295145,-7.426728,2024-06-05,2
84538,3,109.413771,-7.426703,2024-06-05,2
84539,3,109.413147,-7.426777,2024-06-05,2
84540,3,109.412827,-7.426771,2024-06-05,2
84541,3,109.41385,-7.426666,2024-06-05,2
84542,3,109.413731,-7.426704,2024-06-05,2
84544,3,109.413693,-7.426692,2024-06-05,2
84546,3,109.295529,-7.426695,2024-06-05,2
84547,3,109.413644,-7.426689,2024-06-05,2
84549,3,109.413858,-7.426641,2024-06-05,2
84550,3,109.413588,-7.426683,2024-06-05,2
84551,3,109.413833,-7.426609,2024-06-05,2
84552,3,109.295015,-7.42665,2024-06-05,2
84553,3,109.294753,-7.42666,2024-06-05,2
84554,3,109.413449,-7.426657,2024-06-05,2
84555,3,109.41329,-7.426622,2024-06-05,2
84556,3,109.294747,-7.426564,2024-06-05,2
84557,3,109.413559,-7.426565,2024-06-05,2
84558,3,109.413181,-7.426596,2024-06-05,2
84559,3,109.413941,-7.426561,2024-06-05,2
84560,3,109.41352,-7.426558,2024-06-05,2
84561,3,109.413478,-7.42655,2024-06-05,2
84562,3,109.41391,-7.426553,2024-06-05,2
84563,3,109.295166,-7.426611,2024-06-05,2
84564,3,109.413869,-7.426547,2024-06-05,2
84565,3,109.413438,-7.426539,2024-06-05,2
84566,3,109.413398,-7.426532,2024-06-05,2
84567,3,109.413069,-7.426606,2024-06-05,2
84568,3,109.413828,-7.426541,2024-06-05,2
84570,3,109.413357,-7.426526,2024-06-05,2
84571,3,109.413789,-7.426536,2024-06-05,2
84573,3,109.413745,-7.426551,2024-06-05,2
84574,3,109.412974,-7.42659,2024-06-05,2
84575,3,109.413705,-7.426553,2024-06-05,2
84577,3,109.413677,-7.426547,2024-06-05,2
84578,3,109.413648,-7.426544,2024-06-05,2
84579,3,109.413604,-7.426563,2024-06-05,2
84581,3,109.412909,-7.426559,2024-06-05,2
84583,3,109.412826,-7.426549,2024-06-05,2
84585,3,109.412836,-7.426433,2024-06-05,2
84587,3,109.41392,-7.426456,2024-06-05,2
84588,3,109.413888,-7.426451,2024-06-05,2
84589,3,109.294905,-7.426488,2024-06-05,2
84590,3,109.413847,-7.426446,2024-06-05,2
84591,3,109.413808,-7.426439,2024-06-05,2
84593,3,109.413769,-7.426434,2024-06-05,2
84594,3,109.294658,-7.426463,2024-06-05,2
84595,3,109.413728,-7.426427,2024-06-05,2
84596,3,109.413699,-7.426423,2024-06-05,2
84597,3,109.295412,-7.426552,2024-06-05,2
84599,3,109.41367,-7.426419,2024-06-05,2
84600,3,109.413622,-7.426443,2024-06-05,2
84601,3,109.412608,-7.426631,2024-06-05,2
84602,3,109.413582,-7.426441,2024-06-05,2
84604,3,109.413541,-7.426436,2024-06-05,2
84605,3,109.413947,-7.426436,2024-06-05,2
84606,3,109.4135,-7.42643,2024-06-05,2
84608,3,109.413307,-7.42645,2024-06-05,2
84609,3,109.413459,-7.426422,2024-06-05,2
84610,3,109.413419,-7.426417,2024-06-05,2
84611,3,109.413377,-7.426413,2024-06-05,2
84612,3,109.413207,-7.426433,2024-06-05,2
84613,3,109.413087,-7.426404,2024-06-05,2
84614,3,109.295782,-7.426425,2024-06-05,2
84615,3,109.412991,-7.426396,2024-06-05,2
84616,3,109.412927,-7.42638,2024-06-05,2
84617,3,109.295679,-7.426405,2024-06-05,2
84618,3,109.413953,-7.426334,2024-06-05,2
84619,3,109.41391,-7.426337,2024-06-05,2
84620,3,109.413869,-7.426331,2024-06-05,2
84621,3,109.41383,-7.426324,2024-06-05,2
84622,3,109.294769,-7.426351,2024-06-05,2
84623,3,109.41379,-7.426319,2024-06-05,2
84624,3,109.41375,-7.426312,2024-06-05,2
84625,3,109.294562,-7.426311,2024-06-05,2
84626,3,109.412592,-7.426315,2024-06-05,2
84627,3,109.413721,-7.426303,2024-06-05,2
84628,3,109.413692,-7.426299,2024-06-05,2
84629,3,109.413651,-7.426294,2024-06-05,2
84630,3,109.41361,-7.426287,2024-06-05,2
84632,3,109.41398,-7.42637,2024-06-05,2
84633,3,109.413569,-7.426281,2024-06-05,2
84634,3,109.295551,-7.426336,2024-06-05,2
84638,3,109.413975,-7.426238,2024-06-05,2
84639,3,109.413528,-7.426276,2024-06-05,2
84640,3,109.413487,-7.42627,2024-06-05,2
84641,3,109.41393,-7.426231,2024-06-05,2
84643,3,109.413446,-7.426264,2024-06-05,2
84644,3,109.41389,-7.426224,2024-06-05,2
84645,3,109.413404,-7.426259,2024-06-05,2
84647,3,109.41385,-7.426216,2024-06-05,2
84648,3,109.295366,-7.42629,2024-06-05,2
84649,3,109.29502,-7.426234,2024-06-05,2
84650,3,109.413811,-7.42621,2024-06-05,2
84652,3,109.295091,-7.426243,2024-06-05,2
84653,3,109.41377,-7.426202,2024-06-05,2
84654,3,109.413741,-7.426193,2024-06-05,2
84655,3,109.413303,-7.426253,2024-06-05,2
84656,3,109.294934,-7.426216,2024-06-05,2
84657,3,109.413712,-7.426188,2024-06-05,2
84658,3,109.294847,-7.426192,2024-06-05,2
84660,3,109.413672,-7.426182,2024-06-05,2
84661,3,109.41402,-7.426173,2024-06-05,2
84662,3,109.413179,-7.426236,2024-06-05,2
84663,3,109.413987,-7.426171,2024-06-05,2
84664,3,109.413944,-7.426164,2024-06-05,2
84665,3,109.41363,-7.426175,2024-06-05,2
84666,3,109.413903,-7.426159,2024-06-05,2
84667,3,109.413863,-7.426153,2024-06-05,2
84668,3,109.413589,-7.426167,2024-06-05,2
84669,3,109.413823,-7.426147,2024-06-05,2
84670,3,109.295745,-7.426219,2024-06-05,2
84671,3,109.413782,-7.426141,2024-06-05,2
84672,3,109.413549,-7.42616,2024-06-05,2
84673,3,109.413751,-7.426137,2024-06-05,2
84674,3,109.294685,-7.426183,2024-06-05,2
84675,3,109.413722,-7.426134,2024-06-05,2
84676,3,109.413682,-7.426129,2024-06-05,2
84677,3,109.41364,-7.426123,2024-06-05,2
84678,3,109.413598,-7.426117,2024-06-05,2
84679,3,109.413558,-7.426112,2024-06-05,2
84680,3,109.41351,-7.426145,2024-06-05,2
84681,3,109.413469,-7.42614,2024-06-05,2
84682,3,109.413427,-7.426135,2024-06-05,2
84686,3,109.41311,-7.426201,2024-06-05,2
84687,3,109.413328,-7.42612,2024-06-05,2
84689,3,109.413202,-7.426107,2024-06-05,2
84690,3,109.413029,-7.426187,2024-06-05,2
84693,3,109.41308,-7.426066,2024-06-05,2
84695,3,109.295404,-7.426128,2024-06-05,2
84696,3,109.295214,-7.426185,2024-06-05,2
84697,3,109.295144,-7.426088,2024-06-05,2
84700,3,109.295072,-7.426086,2024-06-05,2
84702,3,109.29481,-7.42608,2024-06-05,2
84703,3,109.294981,-7.42607,2024-06-05,2
84708,3,109.295627,-7.426103,2024-06-05,2
84709,3,109.294653,-7.426052,2024-06-05,2
84710,3,109.295451,-7.426029,2024-06-05,2
84712,3,109.29577,-7.426048,2024-06-05,2
84713,3,109.294567,-7.426015,2024-06-05,2
84714,3,109.295813,-7.425956,2024-06-05,2
84716,3,109.295284,-7.425973,2024-06-05,2
84717,3,109.295617,-7.425969,2024-06-05,2
84718,3,109.29519,-7.425954,2024-06-05,2
84719,3,109.295122,-7.425948,2024-06-05,2
84720,3,109.295026,-7.425928,2024-06-05,2
84721,3,109.29492,-7.425931,2024-06-05,2
84722,3,109.294836,-7.425913,2024-06-05,2
84723,3,109.295491,-7.425905,2024-06-05,2
84724,3,109.294707,-7.425888,2024-06-05,2
84725,3,109.295695,-7.425902,2024-06-05,2
84726,3,109.295325,-7.425859,2024-06-05,2
84727,3,109.295229,-7.425842,2024-06-05,2
84728,3,109.294586,-7.425854,2024-06-05,2
84729,3,109.295163,-7.42583,2024-06-05,2
84730,3,109.295066,-7.425807,2024-06-05,2
84731,3,109.294965,-7.425786,2024-06-05,2
84732,3,109.294879,-7.425773,2024-06-05,2
84733,3,109.294744,-7.425756,2024-06-05,2
84734,3,109.295734,-7.425807,2024-06-05,2
84735,3,109.294601,-7.425734,2024-06-05,2
84736,3,109.295528,-7.425771,2024-06-05,2
84737,3,109.295269,-7.425727,2024-06-05,2
84738,3,109.295366,-7.425731,2024-06-05,2
84739,3,109.295205,-7.425711,2024-06-05,2
84740,3,109.295758,-7.425702,2024-06-05,2
84741,3,109.295579,-7.425688,2024-06-05,2
84742,3,109.2954,-7.425653,2024-06-05,2
84743,3,109.295297,-7.425654,2024-06-05,2
84744,3,109.295234,-7.425645,2024-06-05,2
84745,3,109.295109,-7.425689,2024-06-05,2
84746,3,109.294998,-7.425677,2024-06-05,2
84747,3,109.29491,-7.425672,2024-06-05,2
84748,3,109.294768,-7.425665,2024-06-05,2
84749,3,109.294614,-7.425657,2024-06-05,2
84888,3,108.895409,-6.951236,2024-06-05,2
84889,3,108.89504,-6.951135,2024-06-05,2
84890,3,108.89546,-6.951113,2024-06-05,2
84891,3,108.895166,-6.951123,2024-06-05,2
84893,3,108.895513,-6.950994,2024-06-05,2
84894,3,108.894749,-6.951003,2024-06-05,2
84895,3,108.894826,-6.950948,2024-06-05,2
84896,3,108.895312,-6.950901,2024-06-05,2
84897,3,108.895181,-6.950978,2024-06-05,2
84899,3,108.894474,-6.950865,2024-06-05,2
84900,3,108.895572,-6.950882,2024-06-05,2
84901,3,108.89512,-6.950812,2024-06-05,2
84902,3,108.895664,-6.950769,2024-06-05,2
84903,3,108.894541,-6.950804,2024-06-05,2
84904,3,108.894857,-6.950819,2024-06-05,2
84905,3,108.894231,-6.950742,2024-06-05,2
84907,3,108.894908,-6.950713,2024-06-05,2
84908,3,108.895293,-6.950756,2024-06-05,2
84909,3,108.895483,-6.95069,2024-06-05,2
84910,3,108.89427,-6.950668,2024-06-05,2
84911,3,108.894024,-6.950634,2024-06-05,2
84912,3,108.89459,-6.950686,2024-06-05,2
84913,3,108.895682,-6.950617,2024-06-05,2
84914,3,108.895559,-6.950639,2024-06-05,2
84915,3,108.894641,-6.950586,2024-06-05,2
84916,3,108.895233,-6.95058,2024-06-05,2
84917,3,108.894958,-6.950604,2024-06-05,2
84918,3,108.894057,-6.950557,2024-06-05,2
84919,3,108.895503,-6.950541,2024-06-05,2
84920,3,108.895266,-6.950511,2024-06-05,2
84921,3,108.893835,-6.950532,2024-06-05,2
84922,3,108.895737,-6.950521,2024-06-05,2
84923,3,108.894326,-6.950555,2024-06-05,2
84924,3,108.893898,-6.950471,2024-06-05,2
84925,3,108.894999,-6.950477,2024-06-05,2
84926,3,108.894377,-6.950461,2024-06-05,2
84927,3,108.895294,-6.950452,2024-06-05,2
84928,3,108.894688,-6.950483,2024-06-05,2
84929,3,108.894105,-6.950445,2024-06-05,2
84930,3,108.895031,-6.95041,2024-06-05,2
84931,3,108.893779,-6.950404,2024-06-05,2
84932,3,108.895502,-6.950424,2024-06-05,2
84933,3,108.895854,-6.950389,2024-06-05,2
84934,3,108.89415,-6.950354,2024-06-05,2
84935,3,108.895057,-6.950352,2024-06-05,2
84936,3,108.894733,-6.950361,2024-06-05,2
84937,3,108.893919,-6.950353,2024-06-05,2
84938,3,108.894424,-6.950364,2024-06-05,2
84939,3,108.894758,-6.950292,2024-06-05,2
84940,3,108.893941,-6.950259,2024-06-05,2
84941,3,108.895159,-6.950283,2024-06-05,2
84942,3,108.894469,-6.950246,2024-06-05,2
84943,3,108.894195,-6.95026,2024-06-05,2
84944,3,108.894786,-6.950238,2024-06-05,2
84945,3,108.895628,-6.950299,2024-06-05,2
84946,3,108.894249,-6.95015,2024-06-05,2
84947,3,108.893998,-6.950172,2024-06-05,2
84948,3,108.894409,-6.950142,2024-06-05,2
84949,3,108.894826,-6.950147,2024-06-05,2
84950,3,108.895279,-6.95016,2024-06-05,2
84951,3,108.89405,-6.950064,2024-06-05,2
84952,3,108.894439,-6.950091,2024-06-05,2
84953,3,108.893815,-6.950084,2024-06-05,2
84954,3,108.895723,-6.950135,2024-06-05,2
84955,3,108.894087,-6.950004,2024-06-05,2
84956,3,108.895006,-6.950051,2024-06-05,2
84957,3,108.893846,-6.949976,2024-06-05,2
84959,3,108.894477,-6.950005,2024-06-05,2
84960,3,108.894114,-6.949953,2024-06-05,2
84961,3,108.893873,-6.949914,2024-06-05,2
84962,3,108.895354,-6.949987,2024-06-05,2
84963,3,108.895714,-6.949979,2024-06-05,2
84964,3,108.894744,-6.949946,2024-06-05,2
84965,3,108.893901,-6.949863,2024-06-05,2
84966,3,108.895075,-6.949879,2024-06-05,2
84968,3,108.895928,-6.949818,2024-06-05,2
84969,3,108.896034,-6.949771,2024-06-05,2
84970,3,108.894487,-6.949844,2024-06-05,2
84971,3,108.894071,-6.949838,2024-06-05,2
84972,3,108.895268,-6.949802,2024-06-05,2
84973,3,108.895919,-6.949719,2024-06-05,2
84974,3,108.894812,-6.949773,2024-06-05,2
84975,3,108.894249,-6.94975,2024-06-05,2
84976,3,108.895011,-6.9497,2024-06-05,2
84978,3,108.895655,-6.949695,2024-06-05,2
84979,3,108.89561,-6.94976,2024-06-05,2
84980,3,108.894032,-6.949666,2024-06-05,2
84981,3,108.894558,-6.949673,2024-06-05,2
84982,3,108.895702,-6.949626,2024-06-05,2
84983,3,108.894808,-6.94962,2024-06-05,2
84985,3,108.895093,-6.94954,2024-06-05,2
84986,3,108.894621,-6.949546,2024-06-05,2
84987,3,108.894323,-6.949583,2024-06-05,2
84989,3,108.89536,-6.949562,2024-06-05,2
84990,3,108.894138,-6.949521,2024-06-05,2
84991,3,108.895413,-6.949501,2024-06-05,2
84992,3,108.89488,-6.949449,2024-06-05,2
84994,3,108.894402,-6.949459,2024-06-05,2
84995,3,108.895105,-6.949447,2024-06-05,2
84996,3,108.895154,-6.94939,2024-06-05,2
84997,3,108.894682,-6.949365,2024-06-05,2
84999,3,108.894961,-6.949307,2024-06-05,2
85000,3,108.894889,-6.949349,2024-06-05,2
85001,3,108.894379,-6.949256,2024-06-05,2
85002,3,108.894491,-6.949284,2024-06-05,2
85003,3,108.89469,-6.949264,2024-06-05,2
85004,3,108.894531,-6.949203,2024-06-05,2
85044,3,108.937804,-6.913806,2024-06-05,2
85045,3,108.937436,-6.913794,2024-06-05,2
85046,3,108.937144,-6.913785,2024-06-05,2
85047,3,108.936975,-6.913778,2024-06-05,2
85048,3,108.938526,-6.913763,2024-06-05,2
85049,3,108.937982,-6.913649,2024-06-05,2
85050,3,108.937502,-6.913629,2024-06-05,2
85051,3,108.937225,-6.913616,2024-06-05,2
85052,3,108.936995,-6.913607,2024-06-05,2
85053,3,108.936985,-6.9134,2024-06-05,2
85054,3,108.938168,-6.913409,2024-06-05,2
85055,3,108.937918,-6.913403,2024-06-05,2
85056,3,108.937744,-6.913395,2024-06-05,2
85057,3,108.93752,-6.913384,2024-06-05,2
85059,3,108.936988,-6.91318,2024-06-05,2
85060,3,108.938159,-6.91314,2024-06-05,2
85061,3,108.937922,-6.913138,2024-06-05,2
85062,3,108.937759,-6.913133,2024-06-05,2
85064,3,108.937532,-6.913126,2024-06-05,2
85067,3,108.937785,-6.91291,2024-06-05,2
85068,3,108.937568,-6.912908,2024-06-05,2
85069,3,108.937281,-6.912905,2024-06-05,2
85070,3,108.936992,-6.91293,2024-06-05,2
85073,3,108.937824,-6.912722,2024-06-05,2
85074,3,108.937691,-6.912717,2024-06-05,2
85075,3,108.937533,-6.912716,2024-06-05,2
85076,3,108.936921,-6.912704,2024-06-05,2
85077,3,108.937011,-6.912707,2024-06-05,2
85078,3,108.937252,-6.912711,2024-06-05,2
126994,4,109.406519,-6.896431,2024-04-30,2
126995,4,109.380958,-6.874142,2024-04-30,2
126996,4,109.381667,-6.874178,2024-04-30,2
126998,4,109.429619,-6.895931,2024-04-30,2
126999,4,109.429444,-6.895214,2024-04-30,2
127000,4,109.429517,-6.895706,2024-04-30,2
127009,4,109.381744,-6.87475,2024-04-30,2
127266,4,109.406249,-6.897601,2024-04-30,2
127267,4,109.406702,-6.897602,2024-04-30,2
127269,4,109.406251,-6.897149,2024-04-30,2
127270,4,109.406703,-6.89715,2024-04-30,2
127272,4,109.406252,-6.896696,2024-04-30,2
127273,4,109.406705,-6.896698,2024-04-30,2
127275,4,109.428699,-6.896738,2024-04-30,2
127276,4,109.429152,-6.896739,2024-04-30,2
127285,4,109.428702,-6.895833,2024-04-30,2
127287,4,109.429607,-6.895836,2024-04-30,2
127288,4,109.43006,-6.895838,2024-04-30,2
127290,4,109.429609,-6.895384,2024-04-30,2
127291,4,109.430061,-6.895386,2024-04-30,2
127293,4,109.42961,-6.894932,2024-04-30,2
127294,4,109.430063,-6.894934,2024-04-30,2
127296,4,109.429612,-6.89448,2024-04-30,2
127297,4,109.430064,-6.894482,2024-04-30,2
127298,4,109.382346,-6.875366,2024-04-30,2
127299,4,109.382799,-6.875368,2024-04-30,2
127300,4,109.381443,-6.874911,2024-04-30,2
127301,4,109.381895,-6.874913,2024-04-30,2
127302,4,109.382348,-6.874914,2024-04-30,2
127303,4,109.3828,-6.874916,2024-04-30,2
127304,4,109.380992,-6.874457,2024-04-30,2
127305,4,109.381445,-6.874459,2024-04-30,2
127306,4,109.381897,-6.87446,2024-04-30,2
127309,4,109.380994,-6.874005,2024-04-30,2
127310,4,109.381446,-6.874007,2024-04-30,2
127311,4,109.381899,-6.874008,2024-04-30,2
127312,4,109.382351,-6.87401,2024-04-30,2
127313,4,109.382803,-6.874011,2024-04-30,2
127317,4,109.382352,-6.873558,2024-04-30,2
127318,4,109.382805,-6.873559,2024-04-30,2
128521,4,109.40689,-6.897707,2024-04-30,2
128522,4,109.406701,-6.897694,2024-04-30,2
128523,4,109.40648,-6.897704,2024-04-30,2
128524,4,109.40628,-6.897681,2024-04-30,2
128525,4,109.406905,-6.897592,2024-04-30,2
128528,4,109.406707,-6.897572,2024-04-30,2
128529,4,109.406486,-6.897548,2024-04-30,2
128530,4,109.40629,-6.897527,2024-04-30,2
128531,4,109.406058,-6.897478,2024-04-30,2
128532,4,109.405894,-6.897463,2024-04-30,2
128534,4,109.40692,-6.897435,2024-04-30,2
128535,4,109.406768,-6.897419,2024-04-30,2
128536,4,109.406588,-6.8974,2024-04-30,2
128537,4,109.406023,-6.897359,2024-04-30,2
128538,4,109.406346,-6.897375,2024-04-30,2
128539,4,109.40693,-6.897274,2024-04-30,2
128540,4,109.406077,-6.897244,2024-04-30,2
128541,4,109.406778,-6.89726,2024-04-30,2
128542,4,109.40591,-6.89723,2024-04-30,2
128544,4,109.406596,-6.897242,2024-04-30,2
128546,4,109.406353,-6.897219,2024-04-30,2
128547,4,109.405902,-6.897144,2024-04-30,2
128548,4,109.405905,-6.89709,2024-04-30,2
128549,4,109.406072,-6.897124,2024-04-30,2
128550,4,109.406936,-6.897117,2024-04-30,2
128551,4,109.406774,-6.897102,2024-04-30,2
128552,4,109.405907,-6.89704,2024-04-30,2
128556,4,109.406585,-6.897084,2024-04-30,2
128561,4,109.40591,-6.896993,2024-04-30,2
128562,4,109.406353,-6.89706,2024-04-30,2
128563,4,109.429148,-6.897034,2024-04-30,2
128564,4,109.428952,-6.897025,2024-04-30,2
128565,4,109.428778,-6.897015,2024-04-30,2
128566,4,109.428651,-6.897005,2024-04-30,2
128567,4,109.428488,-6.896966,2024-04-30,2
128568,4,109.406077,-6.897006,2024-04-30,2
128569,4,109.405911,-6.896952,2024-04-30,2
128570,4,109.406946,-6.896961,2024-04-30,2
128571,4,109.406787,-6.896947,2024-04-30,2
128572,4,109.406116,-6.896903,2024-04-30,2
128573,4,109.406599,-6.896928,2024-04-30,2
128575,4,109.405948,-6.896886,2024-04-30,2
128581,4,109.406363,-6.896904,2024-04-30,2
128583,4,109.429144,-6.896865,2024-04-30,2
128584,4,109.428963,-6.896861,2024-04-30,2
128585,4,109.428797,-6.89686,2024-04-30,2
128586,4,109.428613,-6.896855,2024-04-30,2
128587,4,109.428491,-6.896857,2024-04-30,2
128588,4,109.406125,-6.896808,2024-04-30,2
128589,4,109.405955,-6.896789,2024-04-30,2
128590,4,109.406953,-6.896809,2024-04-30,2
128591,4,109.406789,-6.896792,2024-04-30,2
128592,4,109.4066,-6.896773,2024-04-30,2
128593,4,109.406159,-6.896721,2024-04-30,2
128598,4,109.406368,-6.896749,2024-04-30,2
128600,4,109.405991,-6.896703,2024-04-30,2
128602,4,109.406168,-6.896629,2024-04-30,2
128603,4,109.406964,-6.896656,2024-04-30,2
128604,4,109.429144,-6.89666,2024-04-30,2
128605,4,109.428975,-6.896658,2024-04-30,2
128606,4,109.428791,-6.896655,2024-04-30,2
128607,4,109.428592,-6.896654,2024-04-30,2
128608,4,109.428485,-6.896657,2024-04-30,2
128609,4,109.406803,-6.896639,2024-04-30,2
128610,4,109.405998,-6.896611,2024-04-30,2
128611,4,109.406615,-6.896618,2024-04-30,2
128612,4,109.406379,-6.896592,2024-04-30,2
128618,4,109.406175,-6.896537,2024-04-30,2
128620,4,109.406036,-6.896522,2024-04-30,2
128621,4,109.40593,-6.89651,2024-04-30,2
128622,4,109.406816,-6.896485,2024-04-30,2
128623,4,109.406629,-6.896464,2024-04-30,2
128624,4,109.40639,-6.896439,2024-04-30,2
128640,4,109.406042,-6.896318,2024-04-30,2
128655,4,109.406122,-6.89604,2024-04-30,2
128657,4,109.405988,-6.896027,2024-04-30,2
128660,4,109.430331,-6.895931,2024-04-30,2
128661,4,109.430194,-6.895929,2024-04-30,2
128662,4,109.42998,-6.895926,2024-04-30,2
128663,4,109.429756,-6.895922,2024-04-30,2
128664,4,109.429516,-6.895918,2024-04-30,2
128668,4,109.430331,-6.89578,2024-04-30,2
128670,4,109.430194,-6.895777,2024-04-30,2
128671,4,109.42999,-6.895771,2024-04-30,2
128672,4,109.429811,-6.895768,2024-04-30,2
128674,4,109.429646,-6.895765,2024-04-30,2
128675,4,109.429477,-6.895762,2024-04-30,2
128676,4,109.428569,-6.895785,2024-04-30,2
128678,4,109.428755,-6.895776,2024-04-30,2
128681,4,109.430331,-6.89567,2024-04-30,2
128682,4,109.430126,-6.895663,2024-04-30,2
128683,4,109.429852,-6.895654,2024-04-30,2
128684,4,109.406139,-6.895752,2024-04-30,2
128685,4,109.429655,-6.895648,2024-04-30,2
128686,4,109.429473,-6.895642,2024-04-30,2
128687,4,109.406005,-6.895742,2024-04-30,2
128690,4,109.430334,-6.895591,2024-04-30,2
128692,4,109.430137,-6.895583,2024-04-30,2
128693,4,109.429861,-6.895573,2024-04-30,2
128694,4,109.429657,-6.895566,2024-04-30,2
128697,4,109.429472,-6.89556,2024-04-30,2
128707,4,109.43033,-6.895466,2024-04-30,2
128708,4,109.430135,-6.895461,2024-04-30,2
128710,4,109.42987,-6.895452,2024-04-30,2
128711,4,109.429662,-6.895446,2024-04-30,2
128713,4,109.42947,-6.89544,2024-04-30,2
128718,4,109.406155,-6.895475,2024-04-30,2
128721,4,109.406021,-6.895462,2024-04-30,2
128722,4,109.430276,-6.895306,2024-04-30,2
128723,4,109.43009,-6.895302,2024-04-30,2
128724,4,109.429879,-6.895298,2024-04-30,2
128725,4,109.429664,-6.895293,2024-04-30,2
128726,4,109.429472,-6.895286,2024-04-30,2
128733,4,109.430276,-6.895147,2024-04-30,2
128734,4,109.430088,-6.895145,2024-04-30,2
128735,4,109.429876,-6.895144,2024-04-30,2
128736,4,109.429666,-6.89514,2024-04-30,2
128737,4,109.429476,-6.895137,2024-04-30,2
128738,4,109.430274,-6.894986,2024-04-30,2
128739,4,109.430082,-6.894984,2024-04-30,2
128740,4,109.429871,-6.894982,2024-04-30,2
128741,4,109.429663,-6.894979,2024-04-30,2
128742,4,109.429474,-6.894977,2024-04-30,2
128748,4,109.430272,-6.894833,2024-04-30,2
128749,4,109.430053,-6.89483,2024-04-30,2
128755,4,109.429829,-6.894826,2024-04-30,2
128756,4,109.429648,-6.894822,2024-04-30,2
128757,4,109.429474,-6.89482,2024-04-30,2
128758,4,109.430055,-6.894688,2024-04-30,2
128759,4,109.429831,-6.894684,2024-04-30,2
128760,4,109.42964,-6.894681,2024-04-30,2
128761,4,109.430271,-6.894686,2024-04-30,2
128762,4,109.429476,-6.894675,2024-04-30,2
128764,4,109.430272,-6.894547,2024-04-30,2
128765,4,109.430056,-6.894544,2024-04-30,2
128766,4,109.429827,-6.894541,2024-04-30,2
128767,4,109.429637,-6.894538,2024-04-30,2
128768,4,109.429466,-6.894536,2024-04-30,2
128774,4,109.430267,-6.894417,2024-04-30,2
128776,4,109.430054,-6.894405,2024-04-30,2
128777,4,109.429824,-6.894401,2024-04-30,2
128778,4,109.429633,-6.894399,2024-04-30,2
128779,4,109.429463,-6.894397,2024-04-30,2
128783,4,109.429472,-6.894289,2024-04-30,2
128784,4,109.43019,-6.894289,2024-04-30,2
128785,4,109.429631,-6.894282,2024-04-30,2
128786,4,109.43005,-6.894288,2024-04-30,2
128787,4,109.429822,-6.894274,2024-04-30,2
128788,4,109.382623,-6.875416,2024-04-30,2
128789,4,109.382781,-6.875371,2024-04-30,2
128790,4,109.382915,-6.875304,2024-04-30,2
128791,4,109.382411,-6.875343,2024-04-30,2
128792,4,109.382695,-6.875283,2024-04-30,2
128793,4,109.38242,-6.875252,2024-04-30,2
128795,4,109.382958,-6.875236,2024-04-30,2
128797,4,109.382552,-6.875196,2024-04-30,2
128800,4,109.382141,-6.875152,2024-04-30,2
128801,4,109.382971,-6.875146,2024-04-30,2
128803,4,109.381918,-6.875128,2024-04-30,2
128804,4,109.380863,-6.875079,2024-04-30,2
128805,4,109.381601,-6.875095,2024-04-30,2
128806,4,109.38256,-6.875102,2024-04-30,2
128807,4,109.382141,-6.875058,2024-04-30,2
128808,4,109.383062,-6.875046,2024-04-30,2
128809,4,109.381899,-6.875033,2024-04-30,2
128810,4,109.381045,-6.875035,2024-04-30,2
128811,4,109.382829,-6.875025,2024-04-30,2
128812,4,109.381676,-6.87501,2024-04-30,2
128813,4,109.381462,-6.874988,2024-04-30,2
128814,4,109.382478,-6.874987,2024-04-30,2
128815,4,109.381189,-6.87496,2024-04-30,2
128816,4,109.38307,-6.874942,2024-04-30,2
128817,4,109.382151,-6.874949,2024-04-30,2
128818,4,109.382834,-6.874919,2024-04-30,2
128819,4,109.381908,-6.874924,2024-04-30,2
128820,4,109.381684,-6.874901,2024-04-30,2
128821,4,109.382489,-6.874883,2024-04-30,2
128822,4,109.381457,-6.874878,2024-04-30,2
128823,4,109.38216,-6.874846,2024-04-30,2
128824,4,109.381916,-6.874821,2024-04-30,2
128825,4,109.381186,-6.874847,2024-04-30,2
128826,4,109.381669,-6.874795,2024-04-30,2
128827,4,109.381374,-6.874764,2024-04-30,2
128828,4,109.380945,-6.874716,2024-04-30,2
128829,4,109.383086,-6.874781,2024-04-30,2
128830,4,109.382834,-6.874754,2024-04-30,2
128831,4,109.382498,-6.874728,2024-04-30,2
128832,4,109.382175,-6.874702,2024-04-30,2
128833,4,109.38306,-6.874616,2024-04-30,2
128834,4,109.381903,-6.874681,2024-04-30,2
128835,4,109.382651,-6.874601,2024-04-30,2
128836,4,109.381622,-6.874655,2024-04-30,2
128837,4,109.381355,-6.87463,2024-04-30,2
128838,4,109.38095,-6.874588,2024-04-30,2
128840,4,109.382147,-6.874513,2024-04-30,2
128842,4,109.381817,-6.874493,2024-04-30,2
128843,4,109.381483,-6.874467,2024-04-30,2
128844,4,109.381203,-6.874444,2024-04-30,2
128847,4,109.380885,-6.874413,2024-04-30,2
128849,4,109.382152,-6.874358,2024-04-30,2
128850,4,109.381824,-6.874338,2024-04-30,2
128853,4,109.381488,-6.874317,2024-04-30,2
128855,4,109.38121,-6.874298,2024-04-30,2
128856,4,109.380891,-6.874273,2024-04-30,2
128857,4,109.382152,-6.874225,2024-04-30,2
128858,4,109.38183,-6.874206,2024-04-30,2
128859,4,109.381492,-6.874186,2024-04-30,2
128860,4,109.38307,-6.874169,2024-04-30,2
128861,4,109.381148,-6.874165,2024-04-30,2
128862,4,109.382788,-6.874166,2024-04-30,2
128863,4,109.382487,-6.874162,2024-04-30,2
128864,4,109.380825,-6.874141,2024-04-30,2
128865,4,109.382154,-6.874103,2024-04-30,2
128866,4,109.381835,-6.874084,2024-04-30,2
128867,4,109.381494,-6.874064,2024-04-30,2
128868,4,109.381153,-6.874044,2024-04-30,2
128869,4,109.380831,-6.874024,2024-04-30,2
128870,4,109.383136,-6.874029,2024-04-30,2
128871,4,109.382902,-6.874018,2024-04-30,2
128872,4,109.38266,-6.874014,2024-04-30,2
128873,4,109.382434,-6.874009,2024-04-30,2
128874,4,109.382156,-6.873985,2024-04-30,2
128875,4,109.381841,-6.873966,2024-04-30,2
128876,4,109.381499,-6.873945,2024-04-30,2
128877,4,109.381156,-6.873926,2024-04-30,2
128878,4,109.380833,-6.87391,2024-04-30,2
128879,4,109.383116,-6.873873,2024-04-30,2
128880,4,109.382902,-6.87387,2024-04-30,2
128881,4,109.382662,-6.873866,2024-04-30,2
128882,4,109.382437,-6.873862,2024-04-30,2
128883,4,109.382157,-6.873854,2024-04-30,2
128884,4,109.381847,-6.873836,2024-04-30,2
128885,4,109.381506,-6.873816,2024-04-30,2
128886,4,109.381161,-6.873798,2024-04-30,2
128887,4,109.380838,-6.873781,2024-04-30,2
128888,4,109.383099,-6.873717,2024-04-30,2
128889,4,109.382887,-6.873715,2024-04-30,2
128890,4,109.382665,-6.873713,2024-04-30,2
128891,4,109.382438,-6.87371,2024-04-30,2
128898,4,109.383167,-6.873582,2024-04-30,2
128899,4,109.383018,-6.873559,2024-04-30,2
128900,4,109.382756,-6.873558,2024-04-30,2
128901,4,109.382465,-6.873555,2024-04-30,2
128903,4,109.383139,-6.873413,2024-04-30,2
128905,4,109.382461,-6.873411,2024-04-30,2
128906,4,109.382758,-6.873411,2024-04-30,2
128907,4,109.383014,-6.873414,2024-04-30,2
80627,3,108.892183,-6.948961,2024-06-05,3
80631,3,109.053417,-6.9815,2024-06-05,3
80636,3,109.411611,-7.426361,2024-06-05,3
80646,3,109.488056,-7.716167,2024-06-05,3
81112,3,109.487652,-7.715784,2024-06-05,3
81113,3,109.488105,-7.715786,2024-06-05,3
81115,3,109.489012,-7.715789,2024-06-05,3
81116,3,109.487653,-7.715332,2024-06-05,3
81117,3,109.488107,-7.715334,2024-06-05,3
81120,3,109.487655,-7.71488,2024-06-05,3
81121,3,109.488108,-7.714882,2024-06-05,3
81207,3,109.411658,-7.426606,2024-06-05,3
81208,3,109.412111,-7.426607,2024-06-05,3
81216,3,109.411659,-7.426154,2024-06-05,3
81217,3,109.412112,-7.426155,2024-06-05,3
81227,3,109.052593,-6.982177,2024-06-05,3
81228,3,109.053045,-6.982179,2024-06-05,3
81229,3,109.052595,-6.981725,2024-06-05,3
81230,3,109.053047,-6.981727,2024-06-05,3
81251,3,108.895756,-6.949863,2024-06-05,3
83823,3,109.48898,-7.716486,2024-06-05,3
83825,3,109.488243,-7.716461,2024-06-05,3
83827,3,109.487982,-7.716373,2024-06-05,3
83838,3,109.488794,-7.716119,2024-06-05,3
83848,3,109.488121,-7.715929,2024-06-05,3
83850,3,109.488644,-7.715902,2024-06-05,3
83852,3,109.487735,-7.715842,2024-06-05,3
83853,3,109.488996,-7.715832,2024-06-05,3
83855,3,109.488145,-7.715814,2024-06-05,3
83856,3,109.488984,-7.715749,2024-06-05,3
83858,3,109.487682,-7.715721,2024-06-05,3
83862,3,109.487677,-7.715582,2024-06-05,3
83863,3,109.487994,-7.715562,2024-06-05,3
83865,3,109.489253,-7.715473,2024-06-05,3
83868,3,109.489245,-7.715322,2024-06-05,3
83871,3,109.488168,-7.715376,2024-06-05,3
83872,3,109.487725,-7.715351,2024-06-05,3
83876,3,109.489216,-7.715111,2024-06-05,3
83878,3,109.48878,-7.715103,2024-06-05,3
83879,3,109.48919,-7.714993,2024-06-05,3
83880,3,109.487886,-7.715006,2024-06-05,3
83881,3,109.489155,-7.714878,2024-06-05,3
83882,3,109.487612,-7.715017,2024-06-05,3
83884,3,109.487768,-7.714809,2024-06-05,3
83885,3,109.48811,-7.714876,2024-06-05,3
83886,3,109.487885,-7.714778,2024-06-05,3
83887,3,109.488043,-7.714741,2024-06-05,3
84481,3,109.411941,-7.426895,2024-06-05,3
84487,3,109.411867,-7.426886,2024-06-05,3
84490,3,109.411796,-7.426877,2024-06-05,3
84495,3,109.411668,-7.426859,2024-06-05,3
84500,3,109.411527,-7.426841,2024-06-05,3
84502,3,109.411431,-7.42683,2024-06-05,3
84503,3,109.411378,-7.426822,2024-06-05,3
84511,3,109.412286,-7.426848,2024-06-05,3
84512,3,109.412224,-7.426842,2024-06-05,3
84516,3,109.412145,-7.42683,2024-06-05,3
84519,3,109.412067,-7.426829,2024-06-05,3
84521,3,109.412014,-7.426814,2024-06-05,3
84524,3,109.411952,-7.426805,2024-06-05,3
84530,3,109.411866,-7.426787,2024-06-05,3
84531,3,109.411772,-7.426775,2024-06-05,3
84536,3,109.411666,-7.426754,2024-06-05,3
84543,3,109.411543,-7.426735,2024-06-05,3
84545,3,109.411449,-7.426719,2024-06-05,3
84548,3,109.411391,-7.426705,2024-06-05,3
84569,3,109.412317,-7.426627,2024-06-05,3
84572,3,109.412258,-7.426623,2024-06-05,3
84576,3,109.412179,-7.426613,2024-06-05,3
84580,3,109.412102,-7.426593,2024-06-05,3
84582,3,109.412022,-7.426591,2024-06-05,3
84584,3,109.41192,-7.426562,2024-06-05,3
84586,3,109.411817,-7.426555,2024-06-05,3
84592,3,109.411701,-7.426534,2024-06-05,3
84598,3,109.411577,-7.426517,2024-06-05,3
84603,3,109.411487,-7.426503,2024-06-05,3
84607,3,109.411421,-7.426478,2024-06-05,3
84631,3,109.412335,-7.426351,2024-06-05,3
84635,3,109.411608,-7.426306,2024-06-05,3
84636,3,109.412236,-7.426337,2024-06-05,3
84637,3,109.411412,-7.42624,2024-06-05,3
84642,3,109.412156,-7.426324,2024-06-05,3
84646,3,109.412074,-7.426318,2024-06-05,3
84651,3,109.411978,-7.426302,2024-06-05,3
84659,3,109.411867,-7.426285,2024-06-05,3
84683,3,109.41163,-7.426173,2024-06-05,3
84684,3,109.412371,-7.426153,2024-06-05,3
84685,3,109.411426,-7.426133,2024-06-05,3
84688,3,109.412267,-7.426138,2024-06-05,3
84691,3,109.412182,-7.426129,2024-06-05,3
84692,3,109.412097,-7.426118,2024-06-05,3
84694,3,109.412006,-7.426108,2024-06-05,3
84698,3,109.411796,-7.426078,2024-06-05,3
84705,3,109.411546,-7.426041,2024-06-05,3
84706,3,109.411441,-7.426021,2024-06-05,3
84822,3,109.053327,-6.982333,2024-06-05,3
84824,3,109.052833,-6.982201,2024-06-05,3
84825,3,109.052552,-6.982182,2024-06-05,3
84827,3,109.052943,-6.982091,2024-06-05,3
84828,3,109.052706,-6.982075,2024-06-05,3
84829,3,109.052557,-6.982064,2024-06-05,3
84832,3,109.05298,-6.981822,2024-06-05,3
84833,3,109.052577,-6.981797,2024-06-05,3
84835,3,109.052992,-6.981708,2024-06-05,3
84836,3,109.052827,-6.981759,2024-06-05,3
84837,3,109.052709,-6.981763,2024-06-05,3
84838,3,109.052603,-6.981682,2024-06-05,3
84839,3,109.053753,-6.981651,2024-06-05,3
84840,3,109.053524,-6.981637,2024-06-05,3
84841,3,109.053269,-6.981621,2024-06-05,3
84842,3,109.052995,-6.981604,2024-06-05,3
84843,3,109.052783,-6.98159,2024-06-05,3
84844,3,109.05262,-6.98158,2024-06-05,3
84845,3,109.053756,-6.98156,2024-06-05,3
84846,3,109.053529,-6.981546,2024-06-05,3
84847,3,109.053273,-6.98153,2024-06-05,3
84848,3,109.052999,-6.981511,2024-06-05,3
84849,3,109.052789,-6.981497,2024-06-05,3
84850,3,109.052623,-6.981486,2024-06-05,3
84892,3,108.89464,-6.951,2024-06-05,3
84898,3,108.894399,-6.950895,2024-06-05,3
84906,3,108.894064,-6.950748,2024-06-05,3
84958,3,108.895932,-6.949968,2024-06-05,3
84967,3,108.895647,-6.949851,2024-06-05,3
84977,3,108.895315,-6.949715,2024-06-05,3
84984,3,108.895052,-6.949608,2024-06-05,3
84988,3,108.894859,-6.949529,2024-06-05,3
84993,3,108.894678,-6.949455,2024-06-05,3
84998,3,108.894447,-6.949362,2024-06-05,3
126997,4,109.429472,-6.896186,2024-04-30,3
127002,4,109.052569,-6.994953,2024-04-30,3
127003,4,109.052986,-6.995039,2024-04-30,3
127012,4,109.406953,-6.895875,2024-04-30,3
127014,4,109.052619,-6.994092,2024-04-30,3
127136,4,109.052539,-6.995286,2024-04-30,3
127138,4,109.053444,-6.99529,2024-04-30,3
127139,4,109.053896,-6.995292,2024-04-30,3
127140,4,109.052541,-6.994834,2024-04-30,3
127141,4,109.052543,-6.994382,2024-04-30,3
127143,4,109.053447,-6.994386,2024-04-30,3
127144,4,109.0539,-6.994388,2024-04-30,3
127145,4,109.052544,-6.99393,2024-04-30,3
127147,4,109.053449,-6.993934,2024-04-30,3
127148,4,109.053902,-6.993936,2024-04-30,3
127149,4,109.054354,-6.993938,2024-04-30,3
127150,4,109.052546,-6.993478,2024-04-30,3
127152,4,109.053451,-6.993482,2024-04-30,3
127268,4,109.407154,-6.897604,2024-04-30,3
127271,4,109.407155,-6.897152,2024-04-30,3
127274,4,109.407157,-6.8967,2024-04-30,3
127277,4,109.429604,-6.896741,2024-04-30,3
127278,4,109.430057,-6.896742,2024-04-30,3
127279,4,109.406254,-6.896244,2024-04-30,3
127280,4,109.406706,-6.896246,2024-04-30,3
127281,4,109.429606,-6.896289,2024-04-30,3
127282,4,109.430058,-6.89629,2024-04-30,3
127283,4,109.406255,-6.895792,2024-04-30,3
127284,4,109.406708,-6.895794,2024-04-30,3
128026,4,109.052514,-6.99542,2024-04-30,3
128028,4,109.05234,-6.995407,2024-04-30,3
128030,4,109.054257,-6.995363,2024-04-30,3
128032,4,109.054117,-6.995335,2024-04-30,3
128034,4,109.053924,-6.995301,2024-04-30,3
128035,4,109.053782,-6.995276,2024-04-30,3
128037,4,109.053615,-6.995246,2024-04-30,3
128038,4,109.05253,-6.99523,2024-04-30,3
128039,4,109.052351,-6.995218,2024-04-30,3
128040,4,109.053409,-6.99521,2024-04-30,3
128041,4,109.053199,-6.995172,2024-04-30,3
128042,4,109.052976,-6.995135,2024-04-30,3
128044,4,109.054279,-6.995145,2024-04-30,3
128045,4,109.052543,-6.995059,2024-04-30,3
128046,4,109.054127,-6.995113,2024-04-30,3
128047,4,109.05236,-6.995045,2024-04-30,3
128048,4,109.053873,-6.995082,2024-04-30,3
128049,4,109.053637,-6.995053,2024-04-30,3
128050,4,109.053425,-6.995026,2024-04-30,3
128051,4,109.053223,-6.995001,2024-04-30,3
128053,4,109.052999,-6.994977,2024-04-30,3
128060,4,109.052557,-6.994901,2024-04-30,3
128061,4,109.05237,-6.994886,2024-04-30,3
128062,4,109.054189,-6.99474,2024-04-30,3
128063,4,109.053973,-6.994729,2024-04-30,3
128064,4,109.053826,-6.994722,2024-04-30,3
128065,4,109.053687,-6.994715,2024-04-30,3
128066,4,109.05354,-6.994706,2024-04-30,3
128067,4,109.053362,-6.994696,2024-04-30,3
128068,4,109.053157,-6.994684,2024-04-30,3
128072,4,109.052579,-6.994653,2024-04-30,3
128073,4,109.054199,-6.994582,2024-04-30,3
128074,4,109.053988,-6.994563,2024-04-30,3
128076,4,109.054306,-6.994493,2024-04-30,3
128077,4,109.053841,-6.99455,2024-04-30,3
128078,4,109.054177,-6.994479,2024-04-30,3
128079,4,109.053704,-6.994538,2024-04-30,3
128080,4,109.054,-6.994459,2024-04-30,3
128081,4,109.053558,-6.994523,2024-04-30,3
128082,4,109.05259,-6.994493,2024-04-30,3
128083,4,109.053379,-6.994507,2024-04-30,3
128084,4,109.053168,-6.994492,2024-04-30,3
128089,4,109.054315,-6.994368,2024-04-30,3
128090,4,109.054187,-6.994353,2024-04-30,3
128091,4,109.054011,-6.994335,2024-04-30,3
128092,4,109.053861,-6.994345,2024-04-30,3
128093,4,109.053725,-6.994332,2024-04-30,3
128094,4,109.052604,-6.994313,2024-04-30,3
128095,4,109.05358,-6.994316,2024-04-30,3
128096,4,109.053445,-6.994301,2024-04-30,3
128100,4,109.054329,-6.994175,2024-04-30,3
128101,4,109.054205,-6.994151,2024-04-30,3
128102,4,109.054031,-6.994122,2024-04-30,3
128103,4,109.05262,-6.9941,2024-04-30,3
128105,4,109.053884,-6.994099,2024-04-30,3
128108,4,109.053748,-6.994081,2024-04-30,3
128109,4,109.053603,-6.994058,2024-04-30,3
128110,4,109.054297,-6.993987,2024-04-30,3
128111,4,109.053463,-6.994037,2024-04-30,3
128112,4,109.054123,-6.993954,2024-04-30,3
128113,4,109.053929,-6.993916,2024-04-30,3
128114,4,109.052635,-6.993886,2024-04-30,3
128115,4,109.052463,-6.993874,2024-04-30,3
128117,4,109.054305,-6.993831,2024-04-30,3
128118,4,109.054132,-6.993813,2024-04-30,3
128119,4,109.053867,-6.993785,2024-04-30,3
128120,4,109.053646,-6.993816,2024-04-30,3
128121,4,109.053503,-6.993794,2024-04-30,3
128124,4,109.052477,-6.9937,2024-04-30,3
128125,4,109.052366,-6.99368,2024-04-30,3
128126,4,109.052648,-6.993688,2024-04-30,3
128127,4,109.05371,-6.993647,2024-04-30,3
128130,4,109.052492,-6.993523,2024-04-30,3
128131,4,109.052379,-6.9935,2024-04-30,3
128132,4,109.05266,-6.993499,2024-04-30,3
128133,4,109.052388,-6.993398,2024-04-30,3
128136,4,109.052668,-6.993368,2024-04-30,3
128137,4,109.052547,-6.993411,2024-04-30,3
128138,4,109.05369,-6.993465,2024-04-30,3
128139,4,109.053524,-6.993525,2024-04-30,3
128140,4,109.053636,-6.993275,2024-04-30,3
128526,4,109.407241,-6.897579,2024-04-30,3
128527,4,109.407129,-6.89757,2024-04-30,3
128533,4,109.40714,-6.89744,2024-04-30,3
128543,4,109.407265,-6.897402,2024-04-30,3
128545,4,109.407198,-6.897239,2024-04-30,3
128553,4,109.429556,-6.897051,2024-04-30,3
128554,4,109.429779,-6.897047,2024-04-30,3
128555,4,109.429973,-6.897045,2024-04-30,3
128557,4,109.430168,-6.897004,2024-04-30,3
128558,4,109.407322,-6.897084,2024-04-30,3
128559,4,109.430305,-6.897006,2024-04-30,3
128560,4,109.407213,-6.89707,2024-04-30,3
128574,4,109.429551,-6.896917,2024-04-30,3
128576,4,109.429775,-6.896916,2024-04-30,3
128577,4,109.429975,-6.896912,2024-04-30,3
128578,4,109.430166,-6.89691,2024-04-30,3
128579,4,109.430305,-6.896906,2024-04-30,3
128580,4,109.407336,-6.89691,2024-04-30,3
128582,4,109.407227,-6.896898,2024-04-30,3
128594,4,109.429548,-6.896748,2024-04-30,3
128595,4,109.430229,-6.896745,2024-04-30,3
128596,4,109.429772,-6.896748,2024-04-30,3
128597,4,109.429984,-6.896746,2024-04-30,3
128599,4,109.407349,-6.896746,2024-04-30,3
128601,4,109.407241,-6.896727,2024-04-30,3
128613,4,109.429784,-6.896583,2024-04-30,3
128614,4,109.430257,-6.896581,2024-04-30,3
128615,4,109.429545,-6.896582,2024-04-30,3
128616,4,109.430022,-6.896581,2024-04-30,3
128617,4,109.407352,-6.896573,2024-04-30,3
128619,4,109.407243,-6.896562,2024-04-30,3
128625,4,109.430024,-6.896416,2024-04-30,3
128626,4,109.429783,-6.896416,2024-04-30,3
128627,4,109.430258,-6.896414,2024-04-30,3
128628,4,109.429543,-6.896413,2024-04-30,3
128629,4,109.407363,-6.896403,2024-04-30,3
128630,4,109.407253,-6.896393,2024-04-30,3
128631,4,109.406987,-6.896323,2024-04-30,3
128632,4,109.406829,-6.896307,2024-04-30,3
128633,4,109.406678,-6.896293,2024-04-30,3
128634,4,109.406508,-6.896276,2024-04-30,3
128635,4,109.430259,-6.896253,2024-04-30,3
128636,4,109.430025,-6.896253,2024-04-30,3
128637,4,109.429784,-6.896251,2024-04-30,3
128638,4,109.42954,-6.896248,2024-04-30,3
128639,4,109.406304,-6.896256,2024-04-30,3
128641,4,109.407374,-6.896227,2024-04-30,3
128642,4,109.407261,-6.89622,2024-04-30,3
128643,4,109.406999,-6.89616,2024-04-30,3
128644,4,109.406841,-6.896144,2024-04-30,3
128645,4,109.406692,-6.89613,2024-04-30,3
128646,4,109.406522,-6.896112,2024-04-30,3
128647,4,109.43026,-6.896093,2024-04-30,3
128648,4,109.430027,-6.896091,2024-04-30,3
128649,4,109.429782,-6.896087,2024-04-30,3
128650,4,109.406315,-6.896092,2024-04-30,3
128651,4,109.429535,-6.896083,2024-04-30,3
128652,4,109.407385,-6.896061,2024-04-30,3
128653,4,109.407271,-6.89605,2024-04-30,3
128654,4,109.407011,-6.895995,2024-04-30,3
128656,4,109.406852,-6.89598,2024-04-30,3
128658,4,109.406703,-6.895965,2024-04-30,3
128659,4,109.406534,-6.895949,2024-04-30,3
128665,4,109.406326,-6.895928,2024-04-30,3
128666,4,109.407023,-6.895826,2024-04-30,3
128667,4,109.406863,-6.895811,2024-04-30,3
128669,4,109.406713,-6.895798,2024-04-30,3
128673,4,109.406544,-6.895783,2024-04-30,3
128677,4,109.406336,-6.895765,2024-04-30,3
128688,4,109.407034,-6.895654,2024-04-30,3
128689,4,109.406875,-6.895642,2024-04-30,3
128691,4,109.406724,-6.895629,2024-04-30,3
128695,4,109.406549,-6.895616,2024-04-30,3
128700,4,109.40634,-6.895599,2024-04-30,3
128705,4,109.406965,-6.895486,2024-04-30,3
128706,4,109.406736,-6.895468,2024-04-30,3
128709,4,109.406561,-6.895454,2024-04-30,3
128715,4,109.406352,-6.895437,2024-04-30,3
80628,3,108.891528,-6.922556,2024-06-05,4
80632,3,109.053413,-6.9813,2024-06-05,4
81148,3,109.151793,-7.615013,2024-06-05,4
81151,3,109.152701,-7.614565,2024-06-05,4
81231,3,109.0535,-6.981729,2024-06-05,4
81232,3,109.052597,-6.981273,2024-06-05,4
81234,3,109.053502,-6.981277,2024-06-05,4
81235,3,109.052599,-6.980821,2024-06-05,4
81236,3,109.053051,-6.980823,2024-06-05,4
81237,3,109.053503,-6.980825,2024-06-05,4
81254,3,108.890901,-6.922722,2024-06-05,4
81255,3,108.891353,-6.922724,2024-06-05,4
81256,3,108.891806,-6.922726,2024-06-05,4
81257,3,108.890903,-6.92227,2024-06-05,4
81258,3,108.891355,-6.922272,2024-06-05,4
81259,3,108.891808,-6.922274,2024-06-05,4
84051,3,109.151684,-7.61491,2024-06-05,4
84052,3,109.152833,-7.614844,2024-06-05,4
84055,3,109.152468,-7.614836,2024-06-05,4
84056,3,109.152587,-7.614829,2024-06-05,4
84060,3,109.152698,-7.614536,2024-06-05,4
84062,3,109.152813,-7.614543,2024-06-05,4
84063,3,109.152566,-7.614523,2024-06-05,4
84066,3,109.151644,-7.614228,2024-06-05,4
84070,3,109.152548,-7.614261,2024-06-05,4
84699,3,109.412391,-7.426045,2024-06-05,4
84701,3,109.412269,-7.426031,2024-06-05,4
84704,3,109.412164,-7.426021,2024-06-05,4
84707,3,109.412065,-7.426011,2024-06-05,4
84711,3,109.411876,-7.42599,2024-06-05,4
84715,3,109.411588,-7.425957,2024-06-05,4
84813,3,109.053645,-6.982489,2024-06-05,4
84814,3,109.053364,-6.982475,2024-06-05,4
84815,3,109.052823,-6.982463,2024-06-05,4
84816,3,109.052541,-6.982452,2024-06-05,4
84817,3,109.053173,-6.982465,2024-06-05,4
84818,3,109.053794,-6.982403,2024-06-05,4
84819,3,109.0536,-6.982391,2024-06-05,4
84820,3,109.052825,-6.982355,2024-06-05,4
84821,3,109.052545,-6.982339,2024-06-05,4
84823,3,109.053134,-6.982323,2024-06-05,4
84826,3,109.053264,-6.982135,2024-06-05,4
84834,3,109.053483,-6.981732,2024-06-05,4
84851,3,109.053791,-6.981432,2024-06-05,4
84852,3,109.053634,-6.981423,2024-06-05,4
84853,3,109.053474,-6.981412,2024-06-05,4
84854,3,109.053284,-6.981398,2024-06-05,4
84855,3,109.052946,-6.981373,2024-06-05,4
84856,3,109.052628,-6.981349,2024-06-05,4
84857,3,109.053799,-6.981265,2024-06-05,4
84858,3,109.053655,-6.981258,2024-06-05,4
84859,3,109.05348,-6.981246,2024-06-05,4
84860,3,109.053275,-6.981232,2024-06-05,4
84863,3,109.052946,-6.981087,2024-06-05,4
84864,3,109.052637,-6.981069,2024-06-05,4
84865,3,109.053792,-6.981095,2024-06-05,4
84866,3,109.053623,-6.981083,2024-06-05,4
84867,3,109.053351,-6.981065,2024-06-05,4
84868,3,109.052945,-6.980989,2024-06-05,4
84869,3,109.05264,-6.980968,2024-06-05,4
84870,3,109.053822,-6.980921,2024-06-05,4
84871,3,109.053701,-6.980913,2024-06-05,4
84872,3,109.053546,-6.980901,2024-06-05,4
84873,3,109.053379,-6.980889,2024-06-05,4
84874,3,109.053158,-6.980872,2024-06-05,4
84875,3,109.052872,-6.980852,2024-06-05,4
84876,3,109.052646,-6.980835,2024-06-05,4
84877,3,109.053782,-6.980793,2024-06-05,4
84878,3,109.053548,-6.980777,2024-06-05,4
84879,3,109.053279,-6.980757,2024-06-05,4
84880,3,109.05294,-6.980732,2024-06-05,4
84881,3,109.052651,-6.980709,2024-06-05,4
84882,3,109.053774,-6.980687,2024-06-05,4
84883,3,109.053558,-6.980677,2024-06-05,4
84884,3,109.053379,-6.980669,2024-06-05,4
84885,3,109.053137,-6.980657,2024-06-05,4
84886,3,109.052858,-6.980642,2024-06-05,4
84887,3,109.052658,-6.980632,2024-06-05,4
85005,3,108.891413,-6.923092,2024-06-05,4
85006,3,108.891187,-6.923076,2024-06-05,4
85007,3,108.891012,-6.923064,2024-06-05,4
85008,3,108.890897,-6.923056,2024-06-05,4
85009,3,108.890755,-6.923045,2024-06-05,4
85010,3,108.891802,-6.923023,2024-06-05,4
85011,3,108.891399,-6.92299,2024-06-05,4
85012,3,108.890992,-6.922941,2024-06-05,4
85013,3,108.890761,-6.922913,2024-06-05,4
85014,3,108.891863,-6.922864,2024-06-05,4
85015,3,108.891608,-6.922839,2024-06-05,4
85016,3,108.891284,-6.922807,2024-06-05,4
85017,3,108.890904,-6.922774,2024-06-05,4
85018,3,108.890685,-6.922761,2024-06-05,4
85019,3,108.89187,-6.922678,2024-06-05,4
85020,3,108.891624,-6.922657,2024-06-05,4
85021,3,108.89129,-6.92263,2024-06-05,4
85022,3,108.890898,-6.922603,2024-06-05,4
85023,3,108.890681,-6.922616,2024-06-05,4
85024,3,108.890679,-6.922494,2024-06-05,4
85025,3,108.891761,-6.922488,2024-06-05,4
85026,3,108.891334,-6.92246,2024-06-05,4
85027,3,108.890981,-6.922437,2024-06-05,4
85028,3,108.890766,-6.922423,2024-06-05,4
85029,3,108.891762,-6.922323,2024-06-05,4
85030,3,108.891334,-6.922302,2024-06-05,4
85031,3,108.890977,-6.922281,2024-06-05,4
85032,3,108.890763,-6.92227,2024-06-05,4
85033,3,108.891763,-6.92215,2024-06-05,4
85034,3,108.891369,-6.922138,2024-06-05,4
85035,3,108.891047,-6.922128,2024-06-05,4
85036,3,108.890798,-6.922119,2024-06-05,4
85037,3,108.891855,-6.921975,2024-06-05,4
85038,3,108.891615,-6.921973,2024-06-05,4
85039,3,108.891326,-6.921969,2024-06-05,4
85040,3,108.891045,-6.921966,2024-06-05,4
85041,3,108.890799,-6.921963,2024-06-05,4
85042,3,108.891855,-6.92186,2024-06-05,4
85043,3,108.891217,-6.921858,2024-06-05,4
127001,4,109.093331,-6.969928,2024-04-30,4
127004,4,109.052872,-6.995378,2024-04-30,4
127005,4,109.052519,-6.995586,2024-04-30,4
127015,4,109.052478,-6.994253,2024-04-30,4
127130,4,109.05344,-6.996194,2024-04-30,4
127131,4,109.053892,-6.996196,2024-04-30,4
127132,4,109.052537,-6.995738,2024-04-30,4
127133,4,109.052989,-6.99574,2024-04-30,4
127134,4,109.053442,-6.995742,2024-04-30,4
127135,4,109.053894,-6.995744,2024-04-30,4
127137,4,109.052991,-6.995288,2024-04-30,4
127153,4,109.093807,-6.971496,2024-04-30,4
127154,4,109.094259,-6.971498,2024-04-30,4
127155,4,109.094712,-6.9715,2024-04-30,4
127156,4,109.095164,-6.971502,2024-04-30,4
127157,4,109.093356,-6.971042,2024-04-30,4
127158,4,109.093809,-6.971044,2024-04-30,4
127159,4,109.094261,-6.971046,2024-04-30,4
127160,4,109.094713,-6.971048,2024-04-30,4
127161,4,109.095166,-6.97105,2024-04-30,4
127162,4,109.093358,-6.97059,2024-04-30,4
127163,4,109.09381,-6.970592,2024-04-30,4
127164,4,109.094263,-6.970594,2024-04-30,4
127165,4,109.094715,-6.970596,2024-04-30,4
127166,4,109.095168,-6.970598,2024-04-30,4
127167,4,109.09336,-6.970138,2024-04-30,4
127168,4,109.093812,-6.97014,2024-04-30,4
127169,4,109.094265,-6.970142,2024-04-30,4
127170,4,109.094717,-6.970144,2024-04-30,4
127171,4,109.093362,-6.969686,2024-04-30,4
127172,4,109.093814,-6.969688,2024-04-30,4
127173,4,109.094266,-6.96969,2024-04-30,4
127174,4,109.094719,-6.969692,2024-04-30,4
127980,4,109.053733,-6.996248,2024-04-30,4
127981,4,109.053502,-6.996198,2024-04-30,4
127982,4,109.054174,-6.996183,2024-04-30,4
127983,4,109.05399,-6.996178,2024-04-30,4
127984,4,109.053251,-6.996155,2024-04-30,4
127985,4,109.05376,-6.996136,2024-04-30,4
127986,4,109.053004,-6.996101,2024-04-30,4
127987,4,109.052769,-6.996051,2024-04-30,4
127988,4,109.053517,-6.996089,2024-04-30,4
127989,4,109.054189,-6.996069,2024-04-30,4
127990,4,109.052548,-6.996006,2024-04-30,4
127991,4,109.052422,-6.995979,2024-04-30,4
127992,4,109.053265,-6.99604,2024-04-30,4
127993,4,109.054013,-6.996035,2024-04-30,4
127994,4,109.053017,-6.995992,2024-04-30,4
127995,4,109.05378,-6.995991,2024-04-30,4
127996,4,109.052783,-6.995948,2024-04-30,4
127997,4,109.053536,-6.995944,2024-04-30,4
127998,4,109.054205,-6.995922,2024-04-30,4
127999,4,109.052559,-6.995906,2024-04-30,4
128000,4,109.053296,-6.995899,2024-04-30,4
128001,4,109.054033,-6.995886,2024-04-30,4
128002,4,109.052353,-6.995864,2024-04-30,4
128003,4,109.05305,-6.995853,2024-04-30,4
128004,4,109.053806,-6.995839,2024-04-30,4
128005,4,109.0528,-6.995806,2024-04-30,4
128006,4,109.053605,-6.995799,2024-04-30,4
128007,4,109.054207,-6.995776,2024-04-30,4
128008,4,109.052576,-6.995765,2024-04-30,4
128009,4,109.054226,-6.995678,2024-04-30,4
128010,4,109.052364,-6.995725,2024-04-30,4
128011,4,109.053356,-6.995746,2024-04-30,4
128012,4,109.053068,-6.995687,2024-04-30,4
128013,4,109.053934,-6.995689,2024-04-30,4
128014,4,109.052855,-6.995642,2024-04-30,4
128015,4,109.053611,-6.995625,2024-04-30,4
128016,4,109.052661,-6.995614,2024-04-30,4
128017,4,109.053501,-6.995601,2024-04-30,4
128018,4,109.052408,-6.995581,2024-04-30,4
128019,4,109.053354,-6.995571,2024-04-30,4
128020,4,109.054239,-6.99555,2024-04-30,4
128021,4,109.053143,-6.995527,2024-04-30,4
128022,4,109.05294,-6.995483,2024-04-30,4
128023,4,109.054009,-6.995506,2024-04-30,4
128024,4,109.053762,-6.995462,2024-04-30,4
128025,4,109.052728,-6.995435,2024-04-30,4
128027,4,109.053597,-6.995433,2024-04-30,4
128029,4,109.053373,-6.995393,2024-04-30,4
128031,4,109.053161,-6.995353,2024-04-30,4
128033,4,109.052956,-6.995313,2024-04-30,4
128036,4,109.052745,-6.995244,2024-04-30,4
128043,4,109.05276,-6.995075,2024-04-30,4
128052,4,109.054298,-6.994953,2024-04-30,4
128054,4,109.054147,-6.994943,2024-04-30,4
128055,4,109.053888,-6.994927,2024-04-30,4
128056,4,109.053648,-6.994912,2024-04-30,4
128057,4,109.053434,-6.994899,2024-04-30,4
128058,4,109.053119,-6.99488,2024-04-30,4
128059,4,109.052776,-6.994917,2024-04-30,4
128069,4,109.052404,-6.994658,2024-04-30,4
128075,4,109.052412,-6.994531,2024-04-30,4
128088,4,109.052421,-6.994406,2024-04-30,4
128097,4,109.052432,-6.99426,2024-04-30,4
128104,4,109.052446,-6.994075,2024-04-30,4
128116,4,109.052352,-6.993864,2024-04-30,4
128134,4,109.053331,-6.993875,2024-04-30,4
128141,4,109.053175,-6.993844,2024-04-30,4
128142,4,109.094674,-6.97147,2024-04-30,4
128143,4,109.094885,-6.971471,2024-04-30,4
128144,4,109.095234,-6.971456,2024-04-30,4
128145,4,109.0938,-6.971474,2024-04-30,4
128146,4,109.094072,-6.971439,2024-04-30,4
128147,4,109.094336,-6.971439,2024-04-30,4
128148,4,109.094528,-6.971441,2024-04-30,4
128149,4,109.095071,-6.971439,2024-04-30,4
128150,4,109.093304,-6.971422,2024-04-30,4
128151,4,109.094888,-6.971391,2024-04-30,4
128153,4,109.095245,-6.971325,2024-04-30,4
128154,4,109.095404,-6.971304,2024-04-30,4
128155,4,109.094685,-6.971318,2024-04-30,4
128156,4,109.094539,-6.971292,2024-04-30,4
128157,4,109.094345,-6.971287,2024-04-30,4
128158,4,109.09408,-6.971284,2024-04-30,4
128159,4,109.093815,-6.97133,2024-04-30,4
128160,4,109.093311,-6.971269,2024-04-30,4
128161,4,109.093763,-6.971231,2024-04-30,4
128162,4,109.094912,-6.971275,2024-04-30,4
128163,4,109.095081,-6.97127,2024-04-30,4
128164,4,109.095252,-6.971194,2024-04-30,4
128166,4,109.095406,-6.971187,2024-04-30,4
128167,4,109.094445,-6.971103,2024-04-30,4
128168,4,109.094551,-6.97111,2024-04-30,4
128169,4,109.09469,-6.971108,2024-04-30,4
128170,4,109.093911,-6.971089,2024-04-30,4
128171,4,109.094301,-6.971097,2024-04-30,4
128172,4,109.095256,-6.97106,2024-04-30,4
128173,4,109.094096,-6.971091,2024-04-30,4
128174,4,109.093325,-6.971083,2024-04-30,4
128175,4,109.094913,-6.971096,2024-04-30,4
128176,4,109.09509,-6.971078,2024-04-30,4
128177,4,109.093773,-6.971059,2024-04-30,4
128179,4,109.094563,-6.970914,2024-04-30,4
128180,4,109.094458,-6.970909,2024-04-30,4
128181,4,109.094305,-6.970903,2024-04-30,4
128182,4,109.094103,-6.9709,2024-04-30,4
128183,4,109.093921,-6.970901,2024-04-30,4
128184,4,109.095262,-6.970894,2024-04-30,4
128185,4,109.095017,-6.97088,2024-04-30,4
128186,4,109.095102,-6.970886,2024-04-30,4
128187,4,109.094877,-6.970897,2024-04-30,4
128188,4,109.093338,-6.970881,2024-04-30,4
128189,4,109.094693,-6.97089,2024-04-30,4
128190,4,109.093788,-6.970838,2024-04-30,4
128192,4,109.093943,-6.970744,2024-04-30,4
128193,4,109.093348,-6.97073,2024-04-30,4
128194,4,109.094113,-6.970745,2024-04-30,4
128195,4,109.094308,-6.970737,2024-04-30,4
128196,4,109.095265,-6.970716,2024-04-30,4
128197,4,109.095112,-6.970695,2024-04-30,4
128198,4,109.094476,-6.970628,2024-04-30,4
128199,4,109.094576,-6.970685,2024-04-30,4
128200,4,109.095027,-6.97069,2024-04-30,4
128201,4,109.094722,-6.970681,2024-04-30,4
128202,4,109.094905,-6.970684,2024-04-30,4
128203,4,109.093613,-6.970617,2024-04-30,4
128204,4,109.094257,-6.97058,2024-04-30,4
128205,4,109.093887,-6.970585,2024-04-30,4
128206,4,109.09412,-6.970584,2024-04-30,4
128207,4,109.093356,-6.970579,2024-04-30,4
128208,4,109.094584,-6.970516,2024-04-30,4
128209,4,109.094701,-6.97051,2024-04-30,4
128210,4,109.09482,-6.9705,2024-04-30,4
128211,4,109.094915,-6.9705,2024-04-30,4
128212,4,109.093625,-6.970483,2024-04-30,4
128213,4,109.095037,-6.9705,2024-04-30,4
128214,4,109.09448,-6.970501,2024-04-30,4
128215,4,109.095121,-6.970502,2024-04-30,4
128216,4,109.095271,-6.970516,2024-04-30,4
128217,4,109.093635,-6.970363,2024-04-30,4
128218,4,109.09337,-6.970391,2024-04-30,4
128219,4,109.094351,-6.970479,2024-04-30,4
128220,4,109.094264,-6.97039,2024-04-30,4
128221,4,109.094128,-6.970385,2024-04-30,4
128222,4,109.093903,-6.970382,2024-04-30,4
128223,4,109.094924,-6.97032,2024-04-30,4
128224,4,109.094829,-6.970315,2024-04-30,4
128225,4,109.09449,-6.970309,2024-04-30,4
128226,4,109.094591,-6.970329,2024-04-30,4
128227,4,109.094702,-6.970319,2024-04-30,4
128228,4,109.093643,-6.97024,2024-04-30,4
128229,4,109.093383,-6.970229,2024-04-30,4
128230,4,109.094137,-6.970208,2024-04-30,4
128231,4,109.093917,-6.970203,2024-04-30,4
128232,4,109.094274,-6.970174,2024-04-30,4
128233,4,109.094365,-6.97016,2024-04-30,4
128234,4,109.094509,-6.970118,2024-04-30,4
128235,4,109.094706,-6.970113,2024-04-30,4
128236,4,109.094838,-6.970109,2024-04-30,4
128237,4,109.094933,-6.970112,2024-04-30,4
128238,4,109.093658,-6.970076,2024-04-30,4
128239,4,109.093399,-6.970065,2024-04-30,4
128240,4,109.094143,-6.970053,2024-04-30,4
128241,4,109.093928,-6.970046,2024-04-30,4
128242,4,109.094845,-6.969963,2024-04-30,4
128243,4,109.094938,-6.969962,2024-04-30,4
128244,4,109.093153,-6.96997,2024-04-30,4
128245,4,109.093675,-6.969917,2024-04-30,4
128246,4,109.093416,-6.969903,2024-04-30,4
128247,4,109.093943,-6.96989,2024-04-30,4
128248,4,109.094152,-6.969894,2024-04-30,4
128249,4,109.094285,-6.96994,2024-04-30,4
128250,4,109.094476,-6.969919,2024-04-30,4
128251,4,109.09317,-6.969831,2024-04-30,4
128252,4,109.093427,-6.969752,2024-04-30,4
128253,4,109.093203,-6.969716,2024-04-30,4
128254,4,109.093685,-6.969759,2024-04-30,4
128255,4,109.093955,-6.969742,2024-04-30,4
128256,4,109.09416,-6.969741,2024-04-30,4
128257,4,109.094294,-6.969738,2024-04-30,4
128258,4,109.094483,-6.969735,2024-04-30,4
128259,4,109.094686,-6.969854,2024-04-30,4
80643,3,109.152944,-7.613611,2024-06-05,5
81150,3,109.152248,-7.614563,2024-06-05,5
81152,3,109.151797,-7.614109,2024-06-05,5
81155,3,109.151799,-7.613657,2024-06-05,5
81156,3,109.152252,-7.613658,2024-06-05,5
81157,3,109.152705,-7.61366,2024-06-05,5
84049,3,109.152256,-7.61496,2024-06-05,5
84057,3,109.152243,-7.614743,2024-06-05,5
84061,3,109.152448,-7.61453,2024-06-05,5
84065,3,109.152228,-7.614445,2024-06-05,5
84069,3,109.152431,-7.614268,2024-06-05,5
84072,3,109.151664,-7.614034,2024-06-05,5
84076,3,109.151596,-7.613831,2024-06-05,5
84077,3,109.151963,-7.613826,2024-06-05,5
84080,3,109.151627,-7.61364,2024-06-05,5
84081,3,109.151986,-7.613635,2024-06-05,5
84082,3,109.152349,-7.61363,2024-06-05,5
84083,3,109.152663,-7.613626,2024-06-05,5
124587,4,109.391089,-6.871089,2024-06-17,1
124605,4,109.391567,-6.872022,2024-06-17,1
124606,4,109.429086,-6.895031,2024-06-17,1
124608,4,109.052806,-6.994267,2024-06-17,1
124638,4,109.411086,-7.444706,2024-06-17,1
124737,4,109.052995,-6.994384,2024-06-17,1
124741,4,109.052997,-6.993932,2024-06-17,1
124746,4,109.052999,-6.99348,2024-06-17,1
124881,4,109.429155,-6.895835,2024-06-17,1
124884,4,109.428704,-6.895381,2024-06-17,1
124887,4,109.428705,-6.894929,2024-06-17,1
124890,4,109.428707,-6.894477,2024-06-17,1
124909,4,109.380995,-6.873553,2024-06-17,1
124910,4,109.381448,-6.873555,2024-06-17,1
124911,4,109.3819,-6.873556,2024-06-17,1
124914,4,109.3905,-6.872229,2024-06-17,1
124915,4,109.390952,-6.87223,2024-06-17,1
124916,4,109.391405,-6.872232,2024-06-17,1
124917,4,109.391857,-6.872233,2024-06-17,1
124918,4,109.390501,-6.871777,2024-06-17,1
124919,4,109.390954,-6.871778,2024-06-17,1
124922,4,109.390051,-6.871323,2024-06-17,1
124924,4,109.390955,-6.871326,2024-06-17,1
124925,4,109.391408,-6.871328,2024-06-17,1
124926,4,109.390052,-6.870871,2024-06-17,1
124929,4,109.391409,-6.870876,2024-06-17,1
124930,4,109.390054,-6.870419,2024-06-17,1
124931,4,109.390506,-6.87042,2024-06-17,1
124932,4,109.390958,-6.870422,2024-06-17,1
124933,4,109.391411,-6.870423,2024-06-17,1
125665,4,109.052953,-6.994673,2024-06-17,1
125666,4,109.05276,-6.994662,2024-06-17,1
125680,4,109.053009,-6.994484,2024-06-17,1
125681,4,109.052909,-6.994479,2024-06-17,1
125682,4,109.052772,-6.99447,2024-06-17,1
125693,4,109.052976,-6.994258,2024-06-17,1
125694,4,109.052789,-6.994246,2024-06-17,1
125701,4,109.052989,-6.994047,2024-06-17,1
125702,4,109.052803,-6.994036,2024-06-17,1
125717,4,109.052964,-6.993815,2024-06-17,1
125718,4,109.052818,-6.993807,2024-06-17,1
125723,4,109.053022,-6.993582,2024-06-17,1
125724,4,109.052834,-6.993571,2024-06-17,1
125730,4,109.052845,-6.993403,2024-06-17,1
125747,4,109.093542,-6.971421,2024-06-17,1
125760,4,109.093559,-6.971236,2024-06-17,1
125773,4,109.093577,-6.971021,2024-06-17,1
125786,4,109.093598,-6.970797,2024-06-17,1
126274,4,109.428911,-6.895767,2024-06-17,1
126275,4,109.429095,-6.89576,2024-06-17,1
126291,4,109.428486,-6.895606,2024-06-17,1
126293,4,109.428551,-6.895601,2024-06-17,1
126294,4,109.428646,-6.895597,2024-06-17,1
126296,4,109.428752,-6.895592,2024-06-17,1
126297,4,109.428856,-6.895587,2024-06-17,1
126298,4,109.428964,-6.895582,2024-06-17,1
126299,4,109.429114,-6.895575,2024-06-17,1
126307,4,109.428484,-6.895441,2024-06-17,1
126309,4,109.428547,-6.895435,2024-06-17,1
126311,4,109.428645,-6.895431,2024-06-17,1
126312,4,109.42875,-6.895426,2024-06-17,1
126314,4,109.428861,-6.895421,2024-06-17,1
126315,4,109.428968,-6.895415,2024-06-17,1
126322,4,109.428501,-6.895236,2024-06-17,1
126323,4,109.428619,-6.89523,2024-06-17,1
126324,4,109.428748,-6.895227,2024-06-17,1
126325,4,109.42885,-6.895222,2024-06-17,1
126326,4,109.428976,-6.895218,2024-06-17,1
126327,4,109.429123,-6.895211,2024-06-17,1
126338,4,109.4285,-6.895004,2024-06-17,1
126339,4,109.428618,-6.894999,2024-06-17,1
126340,4,109.428746,-6.894998,2024-06-17,1
126341,4,109.428839,-6.894995,2024-06-17,1
126342,4,109.428947,-6.894991,2024-06-17,1
126345,4,109.42852,-6.89482,2024-06-17,1
126346,4,109.428668,-6.894818,2024-06-17,1
126347,4,109.428837,-6.894815,2024-06-17,1
126348,4,109.428975,-6.894813,2024-06-17,1
126349,4,109.429126,-6.894812,2024-06-17,1
126358,4,109.428768,-6.894644,2024-06-17,1
126364,4,109.428526,-6.894502,2024-06-17,1
126365,4,109.428669,-6.894492,2024-06-17,1
126366,4,109.428834,-6.89448,2024-06-17,1
126367,4,109.428968,-6.894473,2024-06-17,1
126368,4,109.42853,-6.894401,2024-06-17,1
126370,4,109.428669,-6.894388,2024-06-17,1
126375,4,109.428836,-6.894374,2024-06-17,1
126376,4,109.428967,-6.894364,2024-06-17,1
126377,4,109.429132,-6.89435,2024-06-17,1
126487,4,109.382157,-6.873711,2024-06-17,1
126488,4,109.381111,-6.873649,2024-06-17,1
126489,4,109.382057,-6.873592,2024-06-17,1
126490,4,109.380852,-6.873628,2024-06-17,1
126491,4,109.381522,-6.873561,2024-06-17,1
126492,4,109.38108,-6.873531,2024-06-17,1
126497,4,109.382057,-6.873482,2024-06-17,1
126499,4,109.381531,-6.873449,2024-06-17,1
126503,4,109.381077,-6.873421,2024-06-17,1
126504,4,109.380853,-6.873438,2024-06-17,1
126507,4,109.391657,-6.872558,2024-06-17,1
126508,4,109.391138,-6.872574,2024-06-17,1
126509,4,109.391903,-6.872511,2024-06-17,1
126510,4,109.391282,-6.872553,2024-06-17,1
126511,4,109.391577,-6.872495,2024-06-17,1
126512,4,109.391012,-6.872489,2024-06-17,1
126513,4,109.391823,-6.872442,2024-06-17,1
126514,4,109.39127,-6.872433,2024-06-17,1
126515,4,109.392049,-6.872389,2024-06-17,1
126516,4,109.391541,-6.872372,2024-06-17,1
126517,4,109.390941,-6.872366,2024-06-17,1
126518,4,109.391798,-6.872315,2024-06-17,1
126519,4,109.391244,-6.872303,2024-06-17,1
126520,4,109.392036,-6.872261,2024-06-17,1
126521,4,109.39215,-6.872191,2024-06-17,1
126522,4,109.390805,-6.872256,2024-06-17,1
126523,4,109.391516,-6.872244,2024-06-17,1
126524,4,109.39041,-6.872327,2024-06-17,1
126525,4,109.39109,-6.872203,2024-06-17,1
126526,4,109.391773,-6.872189,2024-06-17,1
126527,4,109.390447,-6.872143,2024-06-17,1
126528,4,109.391357,-6.872149,2024-06-17,1
126529,4,109.392013,-6.872136,2024-06-17,1
126530,4,109.39214,-6.872101,2024-06-17,1
126531,4,109.390658,-6.872139,2024-06-17,1
126532,4,109.39086,-6.872103,2024-06-17,1
126533,4,109.391681,-6.872081,2024-06-17,1
126534,4,109.391053,-6.872067,2024-06-17,1
126535,4,109.391982,-6.87202,2024-06-17,1
126536,4,109.390145,-6.872033,2024-06-17,1
126537,4,109.391271,-6.872026,2024-06-17,1
126538,4,109.392128,-6.871985,2024-06-17,1
126539,4,109.390313,-6.872023,2024-06-17,1
126540,4,109.391498,-6.871983,2024-06-17,1
126541,4,109.390484,-6.871992,2024-06-17,1
126542,4,109.390652,-6.87197,2024-06-17,1
126543,4,109.391718,-6.87194,2024-06-17,1
126544,4,109.39196,-6.871894,2024-06-17,1
126545,4,109.392114,-6.871862,2024-06-17,1
126546,4,109.390811,-6.871913,2024-06-17,1
126547,4,109.390968,-6.87189,2024-06-17,1
126548,4,109.390136,-6.871843,2024-06-17,1
126549,4,109.390301,-6.871833,2024-06-17,1
126550,4,109.390467,-6.871802,2024-06-17,1
126551,4,109.390636,-6.871791,2024-06-17,1
126553,4,109.392091,-6.871724,2024-06-17,1
126554,4,109.39113,-6.871799,2024-06-17,1
126557,4,109.390127,-6.871661,2024-06-17,1
126559,4,109.390287,-6.871651,2024-06-17,1
126561,4,109.390791,-6.871666,2024-06-17,1
126562,4,109.390453,-6.871624,2024-06-17,1
126563,4,109.39095,-6.871651,2024-06-17,1
126564,4,109.390622,-6.871611,2024-06-17,1
126566,4,109.392075,-6.87157,2024-06-17,1
126567,4,109.390118,-6.871492,2024-06-17,1
126568,4,109.390277,-6.87148,2024-06-17,1
126570,4,109.390441,-6.871453,2024-06-17,1
126571,4,109.390609,-6.87144,2024-06-17,1
126572,4,109.392059,-6.871425,2024-06-17,1
126573,4,109.390774,-6.871433,2024-06-17,1
126574,4,109.390933,-6.87142,2024-06-17,1
126575,4,109.391428,-6.871444,2024-06-17,1
126576,4,109.391105,-6.87146,2024-06-17,1
126579,4,109.391747,-6.871413,2024-06-17,1
126580,4,109.390109,-6.871314,2024-06-17,1
126581,4,109.390265,-6.871303,2024-06-17,1
126584,4,109.390759,-6.871232,2024-06-17,1
126585,4,109.390918,-6.871217,2024-06-17,1
126586,4,109.391408,-6.871187,2024-06-17,1
126588,4,109.391726,-6.871168,2024-06-17,1
126589,4,109.391084,-6.871183,2024-06-17,1
126591,4,109.390101,-6.871128,2024-06-17,1
126592,4,109.390255,-6.871117,2024-06-17,1
126595,4,109.390744,-6.871024,2024-06-17,1
126596,4,109.390904,-6.871009,2024-06-17,1
126597,4,109.391069,-6.870976,2024-06-17,1
126598,4,109.390092,-6.870952,2024-06-17,1
126599,4,109.390243,-6.870939,2024-06-17,1
126601,4,109.391389,-6.870963,2024-06-17,1
126602,4,109.390403,-6.870919,2024-06-17,1
126605,4,109.391708,-6.870943,2024-06-17,1
126606,4,109.390729,-6.870821,2024-06-17,1
126608,4,109.391055,-6.870788,2024-06-17,1
126609,4,109.391214,-6.870763,2024-06-17,1
126610,4,109.390082,-6.870749,2024-06-17,1
126611,4,109.390231,-6.870734,2024-06-17,1
126612,4,109.390388,-6.87072,2024-06-17,1
126613,4,109.391368,-6.870719,2024-06-17,1
126614,4,109.390553,-6.870703,2024-06-17,1
126616,4,109.391687,-6.870692,2024-06-17,1
126617,4,109.390069,-6.870516,2024-06-17,1
126618,4,109.390216,-6.870504,2024-06-17,1
126619,4,109.390373,-6.870496,2024-06-17,1
126620,4,109.390536,-6.870486,2024-06-17,1
126623,4,109.391032,-6.870516,2024-06-17,1
126624,4,109.391191,-6.870497,2024-06-17,1
126625,4,109.391342,-6.870445,2024-06-17,1
126626,4,109.3915,-6.870422,2024-06-17,1
126627,4,109.391662,-6.870406,2024-06-17,1
126932,4,109.381615,-6.873678,2024-06-17,1
126933,4,109.381884,-6.873694,2024-06-17,1
126934,4,109.390193,-6.872225,2024-06-17,1
126935,4,109.390206,-6.872431,2024-06-17,1
126936,4,109.39085,-6.872543,2024-06-17,1
126937,4,109.390426,-6.872544,2024-06-17,1
126938,4,109.390668,-6.872542,2024-06-17,1
126939,4,109.390622,-6.872369,2024-06-17,1
126940,4,109.053055,-6.993827,2024-06-17,1
48923,3,108.894417,-6.950028,2024-06-17,2
48926,3,108.937914,-6.913283,2024-06-17,2
48927,3,108.938472,-6.913278,2024-06-17,2
48930,3,108.985611,-7.153611,2024-06-17,2
48931,3,109.295694,-7.426111,2024-06-17,2
48932,3,109.352639,-7.434611,2024-06-17,2
48934,3,109.413472,-7.426417,2024-06-17,2
48935,3,109.413361,-7.426667,2024-06-17,2
48936,3,109.375167,-7.504139,2024-06-17,2
48937,3,109.209417,-7.650194,2024-06-17,2
48938,3,109.295528,-7.649722,2024-06-17,2
48939,3,109.153,-7.613889,2024-06-17,2
48941,3,109.449389,-7.595722,2024-06-17,2
48942,3,109.45025,-7.595639,2024-06-17,2
49405,3,109.48765,-7.716237,2024-06-17,2
49406,3,109.488103,-7.716238,2024-06-17,2
49407,3,109.488557,-7.71624,2024-06-17,2
49408,3,109.48901,-7.716241,2024-06-17,2
49411,3,109.488558,-7.715788,2024-06-17,2
49415,3,109.48856,-7.715336,2024-06-17,2
49416,3,109.489013,-7.715337,2024-06-17,2
49419,3,109.488562,-7.714883,2024-06-17,2
49420,3,109.489015,-7.714885,2024-06-17,2
49421,3,109.208281,-7.650512,2024-06-17,2
49422,3,109.208734,-7.650513,2024-06-17,2
49423,3,109.209188,-7.650515,2024-06-17,2
49424,3,109.209641,-7.650517,2024-06-17,2
49425,3,109.208283,-7.650059,2024-06-17,2
49426,3,109.208736,-7.650061,2024-06-17,2
49427,3,109.209189,-7.650063,2024-06-17,2
49428,3,109.209643,-7.650065,2024-06-17,2
49429,3,109.208285,-7.649607,2024-06-17,2
49430,3,109.208738,-7.649609,2024-06-17,2
49431,3,109.209644,-7.649613,2024-06-17,2
49446,3,109.151795,-7.614561,2024-06-17,2
49450,3,109.15225,-7.614111,2024-06-17,2
49451,3,109.152703,-7.614112,2024-06-17,2
49455,3,109.448652,-7.595832,2024-06-17,2
49456,3,109.449105,-7.595834,2024-06-17,2
49457,3,109.449559,-7.595835,2024-06-17,2
49458,3,109.450012,-7.595837,2024-06-17,2
49459,3,109.450465,-7.595838,2024-06-17,2
49460,3,109.448654,-7.59538,2024-06-17,2
49461,3,109.449107,-7.595381,2024-06-17,2
49462,3,109.44956,-7.595383,2024-06-17,2
49463,3,109.450013,-7.595385,2024-06-17,2
49464,3,109.450466,-7.595386,2024-06-17,2
49465,3,109.448656,-7.594928,2024-06-17,2
49466,3,109.449109,-7.594929,2024-06-17,2
49467,3,109.449562,-7.594931,2024-06-17,2
49468,3,109.450015,-7.594933,2024-06-17,2
49469,3,109.450468,-7.594934,2024-06-17,2
49470,3,109.448657,-7.594476,2024-06-17,2
49471,3,109.44911,-7.594477,2024-06-17,2
49472,3,109.374681,-7.504687,2024-06-17,2
49473,3,109.375134,-7.504689,2024-06-17,2
49474,3,109.375587,-7.504691,2024-06-17,2
49475,3,109.37423,-7.504233,2024-06-17,2
49476,3,109.374683,-7.504235,2024-06-17,2
49477,3,109.375136,-7.504237,2024-06-17,2
49478,3,109.375589,-7.504238,2024-06-17,2
49479,3,109.374685,-7.503783,2024-06-17,2
49480,3,109.375138,-7.503785,2024-06-17,2
49481,3,109.375591,-7.503786,2024-06-17,2
49482,3,109.374686,-7.503331,2024-06-17,2
49483,3,109.352288,-7.435884,2024-06-17,2
49484,3,109.352741,-7.435885,2024-06-17,2
49485,3,109.353194,-7.435887,2024-06-17,2
49486,3,109.353647,-7.435889,2024-06-17,2
49487,3,109.35229,-7.435431,2024-06-17,2
49488,3,109.352743,-7.435433,2024-06-17,2
49489,3,109.353196,-7.435435,2024-06-17,2
49490,3,109.351839,-7.434978,2024-06-17,2
49491,3,109.352292,-7.434979,2024-06-17,2
49492,3,109.352745,-7.434981,2024-06-17,2
49493,3,109.353198,-7.434983,2024-06-17,2
49494,3,109.352746,-7.434529,2024-06-17,2
49495,3,109.2948,-7.427076,2024-06-17,2
49496,3,109.295253,-7.427078,2024-06-17,2
49497,3,109.295706,-7.42708,2024-06-17,2
49498,3,109.294801,-7.426624,2024-06-17,2
49499,3,109.295254,-7.426626,2024-06-17,2
49500,3,109.295707,-7.426628,2024-06-17,2
49501,3,109.294803,-7.426172,2024-06-17,2
49502,3,109.295256,-7.426174,2024-06-17,2
49503,3,109.295709,-7.426176,2024-06-17,2
49506,3,109.412564,-7.426609,2024-06-17,2
49507,3,109.413017,-7.426611,2024-06-17,2
49508,3,109.41347,-7.426612,2024-06-17,2
49509,3,109.413922,-7.426614,2024-06-17,2
49510,3,109.294805,-7.42572,2024-06-17,2
49511,3,109.295258,-7.425722,2024-06-17,2
49512,3,109.295711,-7.425724,2024-06-17,2
49515,3,109.413018,-7.426158,2024-06-17,2
49516,3,109.413471,-7.42616,2024-06-17,2
49517,3,109.413924,-7.426162,2024-06-17,2
49518,3,108.985799,-7.153666,2024-06-17,2
49519,3,108.986251,-7.153668,2024-06-17,2
49520,3,108.985348,-7.153212,2024-06-17,2
49521,3,108.985801,-7.153214,2024-06-17,2
49522,3,108.986253,-7.153216,2024-06-17,2
49523,3,108.985803,-7.152762,2024-06-17,2
49530,3,109.053049,-6.981275,2024-06-17,2
49537,3,108.894847,-6.950763,2024-06-17,2
49539,3,108.893945,-6.950307,2024-06-17,2
49540,3,108.894397,-6.950309,2024-06-17,2
49541,3,108.894849,-6.950311,2024-06-17,2
49543,3,108.895754,-6.950315,2024-06-17,2
49544,3,108.893947,-6.949855,2024-06-17,2
49545,3,108.894399,-6.949857,2024-06-17,2
49546,3,108.894851,-6.949859,2024-06-17,2
49547,3,108.895304,-6.949861,2024-06-17,2
49549,3,108.894401,-6.949405,2024-06-17,2
49557,3,108.937078,-6.913432,2024-06-17,2
49558,3,108.93753,-6.913434,2024-06-17,2
49559,3,108.937983,-6.913436,2024-06-17,2
49560,3,108.93708,-6.91298,2024-06-17,2
49561,3,108.937532,-6.912982,2024-06-17,2
49562,3,108.937985,-6.912984,2024-06-17,2
52121,3,109.488097,-7.716453,2024-06-17,2
52123,3,109.488407,-7.716455,2024-06-17,2
52125,3,109.488317,-7.716353,2024-06-17,2
52126,3,109.489262,-7.716273,2024-06-17,2
52127,3,109.487706,-7.716263,2024-06-17,2
52128,3,109.48799,-7.716254,2024-06-17,2
52129,3,109.489176,-7.716232,2024-06-17,2
52130,3,109.489281,-7.716204,2024-06-17,2
52131,3,109.488319,-7.716229,2024-06-17,2
52132,3,109.488844,-7.716321,2024-06-17,2
52133,3,109.489278,-7.716139,2024-06-17,2
52134,3,109.489163,-7.716138,2024-06-17,2
52136,3,109.489273,-7.716068,2024-06-17,2
52137,3,109.487694,-7.716115,2024-06-17,2
52138,3,109.488744,-7.716054,2024-06-17,2
52139,3,109.489145,-7.716038,2024-06-17,2
52140,3,109.489266,-7.715997,2024-06-17,2
52141,3,109.488331,-7.716064,2024-06-17,2
52142,3,109.488656,-7.715982,2024-06-17,2
52143,3,109.487687,-7.715965,2024-06-17,2
52144,3,109.489262,-7.715923,2024-06-17,2
52146,3,109.48901,-7.715938,2024-06-17,2
52148,3,109.48926,-7.715849,2024-06-17,2
52151,3,109.48862,-7.715822,2024-06-17,2
52154,3,109.489257,-7.715744,2024-06-17,2
52156,3,109.488061,-7.715697,2024-06-17,2
52157,3,109.489255,-7.715602,2024-06-17,2
52158,3,109.488566,-7.715672,2024-06-17,2
52161,3,109.488976,-7.715587,2024-06-17,2
52163,3,109.489247,-7.715383,2024-06-17,2
52164,3,109.48888,-7.715424,2024-06-17,2
52166,3,109.488449,-7.715437,2024-06-17,2
52167,3,109.487579,-7.715381,2024-06-17,2
52170,3,109.488858,-7.715285,2024-06-17,2
52171,3,109.489235,-7.715231,2024-06-17,2
52172,3,109.487941,-7.7153,2024-06-17,2
52174,3,109.488219,-7.715111,2024-06-17,2
52180,3,109.488849,-7.714878,2024-06-17,2
52185,3,109.488376,-7.714977,2024-06-17,2
52186,3,109.488566,-7.714856,2024-06-17,2
52187,3,109.488819,-7.714746,2024-06-17,2
52188,3,109.489087,-7.714764,2024-06-17,2
52189,3,109.209315,-7.650687,2024-06-17,2
52190,3,109.209393,-7.650685,2024-06-17,2
52191,3,109.209495,-7.650683,2024-06-17,2
52192,3,109.209614,-7.65068,2024-06-17,2
52193,3,109.20971,-7.650677,2024-06-17,2
52194,3,109.209794,-7.650675,2024-06-17,2
52195,3,109.209882,-7.650673,2024-06-17,2
52196,3,109.209943,-7.650671,2024-06-17,2
52197,3,109.20828,-7.650692,2024-06-17,2
52198,3,109.20834,-7.650689,2024-06-17,2
52199,3,109.208985,-7.650617,2024-06-17,2
52200,3,109.209046,-7.650616,2024-06-17,2
52201,3,109.208485,-7.650599,2024-06-17,2
52202,3,109.208407,-7.650599,2024-06-17,2
52203,3,109.208579,-7.650596,2024-06-17,2
52204,3,109.208335,-7.65055,2024-06-17,2
52205,3,109.208666,-7.650591,2024-06-17,2
52206,3,109.208749,-7.650532,2024-06-17,2
52207,3,109.20887,-7.650584,2024-06-17,2
52208,3,109.208275,-7.650539,2024-06-17,2
52209,3,109.209197,-7.650572,2024-06-17,2
52210,3,109.209139,-7.650572,2024-06-17,2
52211,3,109.20931,-7.650543,2024-06-17,2
52212,3,109.209388,-7.650541,2024-06-17,2
52213,3,109.20949,-7.650539,2024-06-17,2
52214,3,109.209608,-7.650536,2024-06-17,2
52215,3,109.209704,-7.650533,2024-06-17,2
52216,3,109.209788,-7.650533,2024-06-17,2
52217,3,109.209875,-7.650529,2024-06-17,2
52218,3,109.20994,-7.650524,2024-06-17,2
52219,3,109.209481,-7.650322,2024-06-17,2
52220,3,109.208268,-7.650289,2024-06-17,2
52221,3,109.208327,-7.650299,2024-06-17,2
52222,3,109.208396,-7.650297,2024-06-17,2
52223,3,109.208478,-7.650294,2024-06-17,2
52224,3,109.208575,-7.65029,2024-06-17,2
52225,3,109.208663,-7.650284,2024-06-17,2
52226,3,109.208745,-7.650279,2024-06-17,2
52227,3,109.208862,-7.650276,2024-06-17,2
52228,3,109.208974,-7.650307,2024-06-17,2
52229,3,109.209034,-7.650307,2024-06-17,2
52230,3,109.209078,-7.650399,2024-06-17,2
52231,3,109.209128,-7.65026,2024-06-17,2
52232,3,109.209186,-7.650259,2024-06-17,2
52233,3,109.2093,-7.650249,2024-06-17,2
52234,3,109.209377,-7.650245,2024-06-17,2
52235,3,109.209475,-7.650148,2024-06-17,2
52236,3,109.209597,-7.650238,2024-06-17,2
52237,3,109.209692,-7.650229,2024-06-17,2
52238,3,109.209774,-7.650226,2024-06-17,2
52239,3,109.20986,-7.650217,2024-06-17,2
52240,3,109.209933,-7.650208,2024-06-17,2
52241,3,109.208599,-7.650012,2024-06-17,2
52242,3,109.20874,-7.650004,2024-06-17,2
52243,3,109.209163,-7.649942,2024-06-17,2
52244,3,109.209373,-7.649927,2024-06-17,2
52245,3,109.209485,-7.649926,2024-06-17,2
52246,3,109.209635,-7.649919,2024-06-17,2
52247,3,109.209742,-7.649913,2024-06-17,2
52248,3,109.209789,-7.649915,2024-06-17,2
52249,3,109.209835,-7.649905,2024-06-17,2
52250,3,109.208415,-7.649944,2024-06-17,2
52251,3,109.20883,-7.649927,2024-06-17,2
52252,3,109.208958,-7.649922,2024-06-17,2
52253,3,109.208282,-7.649937,2024-06-17,2
52254,3,109.209914,-7.649881,2024-06-17,2
52255,3,109.209272,-7.649781,2024-06-17,2
52256,3,109.208595,-7.649793,2024-06-17,2
52257,3,109.209081,-7.649868,2024-06-17,2
52258,3,109.208283,-7.649667,2024-06-17,2
52259,3,109.209155,-7.649692,2024-06-17,2
52260,3,109.208421,-7.649668,2024-06-17,2
52261,3,109.20979,-7.649679,2024-06-17,2
52262,3,109.208597,-7.649624,2024-06-17,2
52263,3,109.208735,-7.64973,2024-06-17,2
52264,3,109.208823,-7.649651,2024-06-17,2
52265,3,109.208949,-7.649646,2024-06-17,2
52266,3,109.20907,-7.649592,2024-06-17,2
52267,3,109.209151,-7.649561,2024-06-17,2
52268,3,109.209333,-7.649641,2024-06-17,2
52269,3,109.209482,-7.649654,2024-06-17,2
52270,3,109.209373,-7.649525,2024-06-17,2
52271,3,109.209636,-7.649653,2024-06-17,2
52272,3,109.209492,-7.649522,2024-06-17,2
52273,3,109.209915,-7.649623,2024-06-17,2
52274,3,109.209643,-7.649517,2024-06-17,2
52275,3,109.209793,-7.649539,2024-06-17,2
52276,3,109.209917,-7.649504,2024-06-17,2
52345,3,109.15273,-7.61496,2024-06-17,2
52347,3,109.151966,-7.614948,2024-06-17,2
52350,3,109.151675,-7.614732,2024-06-17,2
52351,3,109.152715,-7.614792,2024-06-17,2
52355,3,109.151954,-7.614691,2024-06-17,2
52356,3,109.151666,-7.61458,2024-06-17,2
52361,3,109.151655,-7.614404,2024-06-17,2
52364,3,109.151938,-7.614323,2024-06-17,2
52365,3,109.152216,-7.614225,2024-06-17,2
52368,3,109.152723,-7.614265,2024-06-17,2
52370,3,109.15207,-7.61403,2024-06-17,2
52371,3,109.152479,-7.614026,2024-06-17,2
52372,3,109.152747,-7.614019,2024-06-17,2
52375,3,109.152426,-7.61382,2024-06-17,2
52376,3,109.152732,-7.613814,2024-06-17,2
52381,3,109.15162,-7.613448,2024-06-17,2
52382,3,109.151981,-7.613446,2024-06-17,2
52383,3,109.152343,-7.613444,2024-06-17,2
52384,3,109.152654,-7.613442,2024-06-17,2
52385,3,109.151893,-7.613343,2024-06-17,2
52386,3,109.152333,-7.613334,2024-06-17,2
52387,3,109.152654,-7.613328,2024-06-17,2
52388,3,109.449044,-7.595973,2024-06-17,2
52389,3,109.450091,-7.595984,2024-06-17,2
52390,3,109.450427,-7.595949,2024-06-17,2
52391,3,109.449018,-7.595938,2024-06-17,2
52392,3,109.449141,-7.595946,2024-06-17,2
52393,3,109.450004,-7.595965,2024-06-17,2
52394,3,109.450327,-7.595949,2024-06-17,2
52395,3,109.450136,-7.595908,2024-06-17,2
52396,3,109.450175,-7.59594,2024-06-17,2
52397,3,109.450236,-7.595939,2024-06-17,2
52398,3,109.449021,-7.595877,2024-06-17,2
52399,3,109.448649,-7.595892,2024-06-17,2
52400,3,109.448519,-7.595919,2024-06-17,2
52401,3,109.449278,-7.595859,2024-06-17,2
52402,3,109.450113,-7.595818,2024-06-17,2
52403,3,109.448921,-7.595837,2024-06-17,2
52404,3,109.449894,-7.595872,2024-06-17,2
52405,3,109.449178,-7.595904,2024-06-17,2
52406,3,109.449586,-7.59593,2024-06-17,2
52407,3,109.449273,-7.595788,2024-06-17,2
52408,3,109.448925,-7.595766,2024-06-17,2
52409,3,109.44913,-7.595792,2024-06-17,2
52410,3,109.449272,-7.595727,2024-06-17,2
52411,3,109.448738,-7.595764,2024-06-17,2
52412,3,109.448777,-7.59586,2024-06-17,2
52413,3,109.448454,-7.59573,2024-06-17,2
52414,3,109.448526,-7.595733,2024-06-17,2
52415,3,109.449277,-7.595678,2024-06-17,2
52416,3,109.44959,-7.595826,2024-06-17,2
52417,3,109.449074,-7.595687,2024-06-17,2
52418,3,109.449963,-7.595739,2024-06-17,2
52419,3,109.448922,-7.595662,2024-06-17,2
52420,3,109.449982,-7.595651,2024-06-17,2
52421,3,109.449063,-7.595634,2024-06-17,2
52422,3,109.449591,-7.595739,2024-06-17,2
52423,3,109.449269,-7.595638,2024-06-17,2
52424,3,109.450141,-7.595608,2024-06-17,2
52425,3,109.44874,-7.595672,2024-06-17,2
52426,3,109.450002,-7.595631,2024-06-17,2
52427,3,109.44867,-7.595554,2024-06-17,2
52428,3,109.44892,-7.5956,2024-06-17,2
52429,3,109.448575,-7.595593,2024-06-17,2
52430,3,109.44848,-7.595601,2024-06-17,2
52431,3,109.450558,-7.59572,2024-06-17,2
52432,3,109.449595,-7.595654,2024-06-17,2
52433,3,109.450536,-7.595588,2024-06-17,2
52434,3,109.449054,-7.59557,2024-06-17,2
52435,3,109.448365,-7.595649,2024-06-17,2
52436,3,109.450554,-7.595566,2024-06-17,2
52437,3,109.448816,-7.595611,2024-06-17,2
52438,3,109.450561,-7.595519,2024-06-17,2
52439,3,109.450029,-7.595584,2024-06-17,2
52440,3,109.449611,-7.595543,2024-06-17,2
52441,3,109.450272,-7.595471,2024-06-17,2
52442,3,109.448807,-7.595479,2024-06-17,2
52443,3,109.450229,-7.595552,2024-06-17,2
52444,3,109.450577,-7.595465,2024-06-17,2
52445,3,109.449965,-7.595477,2024-06-17,2
52446,3,109.449562,-7.595468,2024-06-17,2
52447,3,109.448642,-7.595469,2024-06-17,2
52448,3,109.448456,-7.595463,2024-06-17,2
52449,3,109.450223,-7.59538,2024-06-17,2
52450,3,109.448671,-7.595389,2024-06-17,2
52451,3,109.449563,-7.595366,2024-06-17,2
52452,3,109.449182,-7.595513,2024-06-17,2
52453,3,109.448853,-7.595404,2024-06-17,2
52454,3,109.449576,-7.595251,2024-06-17,2
52455,3,109.449968,-7.595375,2024-06-17,2
52456,3,109.448866,-7.595313,2024-06-17,2
52457,3,109.449985,-7.595268,2024-06-17,2
52458,3,109.450046,-7.595246,2024-06-17,2
52459,3,109.450115,-7.59524,2024-06-17,2
52460,3,109.44918,-7.595359,2024-06-17,2
52461,3,109.450273,-7.595344,2024-06-17,2
52462,3,109.450301,-7.595305,2024-06-17,2
52463,3,109.450337,-7.595302,2024-06-17,2
52464,3,109.450371,-7.595286,2024-06-17,2
52465,3,109.450419,-7.595265,2024-06-17,2
52466,3,109.450483,-7.595264,2024-06-17,2
52467,3,109.4483,-7.595265,2024-06-17,2
52468,3,109.450525,-7.595211,2024-06-17,2
52469,3,109.44837,-7.595319,2024-06-17,2
52470,3,109.449861,-7.595118,2024-06-17,2
52471,3,109.449184,-7.595233,2024-06-17,2
52472,3,109.449596,-7.595124,2024-06-17,2
52473,3,109.448642,-7.595081,2024-06-17,2
52474,3,109.450321,-7.595052,2024-06-17,2
52475,3,109.449217,-7.595097,2024-06-17,2
52476,3,109.448916,-7.595048,2024-06-17,2
52477,3,109.448869,-7.595118,2024-06-17,2
52478,3,109.448848,-7.595207,2024-06-17,2
52479,3,109.449605,-7.595025,2024-06-17,2
52480,3,109.448548,-7.59511,2024-06-17,2
52481,3,109.448687,-7.595082,2024-06-17,2
52482,3,109.448661,-7.595264,2024-06-17,2
52483,3,109.448526,-7.595255,2024-06-17,2
52484,3,109.450112,-7.595038,2024-06-17,2
52485,3,109.45015,-7.595043,2024-06-17,2
52486,3,109.449905,-7.59505,2024-06-17,2
52487,3,109.448526,-7.595471,2024-06-17,2
52488,3,109.4502,-7.595071,2024-06-17,2
52489,3,109.450066,-7.595033,2024-06-17,2
52490,3,109.45025,-7.595045,2024-06-17,2
52491,3,109.449996,-7.595039,2024-06-17,2
52492,3,109.448394,-7.595054,2024-06-17,2
52493,3,109.448314,-7.595002,2024-06-17,2
52494,3,109.448295,-7.594996,2024-06-17,2
52495,3,109.449204,-7.594989,2024-06-17,2
52496,3,109.449003,-7.594983,2024-06-17,2
52497,3,109.449602,-7.594934,2024-06-17,2
52498,3,109.449186,-7.594916,2024-06-17,2
52499,3,109.448767,-7.594898,2024-06-17,2
52500,3,109.448469,-7.594896,2024-06-17,2
52501,3,109.449085,-7.594796,2024-06-17,2
52502,3,109.449287,-7.594769,2024-06-17,2
52503,3,109.448868,-7.594894,2024-06-17,2
52504,3,109.449607,-7.594794,2024-06-17,2
52505,3,109.450597,-7.594877,2024-06-17,2
52506,3,109.448916,-7.594727,2024-06-17,2
52507,3,109.448876,-7.594779,2024-06-17,2
52508,3,109.448491,-7.594841,2024-06-17,2
52509,3,109.448682,-7.594779,2024-06-17,2
52510,3,109.448642,-7.594835,2024-06-17,2
52511,3,109.448581,-7.594828,2024-06-17,2
52512,3,109.448311,-7.59481,2024-06-17,2
52513,3,109.448528,-7.594813,2024-06-17,2
52514,3,109.448427,-7.594676,2024-06-17,2
52515,3,109.448403,-7.594744,2024-06-17,2
52516,3,109.44838,-7.594852,2024-06-17,2
52517,3,109.449182,-7.594686,2024-06-17,2
52518,3,109.450543,-7.594888,2024-06-17,2
52519,3,109.448347,-7.594628,2024-06-17,2
52520,3,109.448859,-7.59465,2024-06-17,2
52521,3,109.448373,-7.594616,2024-06-17,2
52522,3,109.450476,-7.594806,2024-06-17,2
52523,3,109.448505,-7.594615,2024-06-17,2
52524,3,109.450396,-7.594834,2024-06-17,2
52525,3,109.450329,-7.594686,2024-06-17,2
52526,3,109.45027,-7.594752,2024-06-17,2
52527,3,109.450188,-7.594728,2024-06-17,2
52528,3,109.450107,-7.594716,2024-06-17,2
52529,3,109.450061,-7.594702,2024-06-17,2
52530,3,109.449967,-7.594715,2024-06-17,2
52531,3,109.449865,-7.594705,2024-06-17,2
52532,3,109.448442,-7.594596,2024-06-17,2
52533,3,109.449667,-7.594594,2024-06-17,2
52534,3,109.449481,-7.594595,2024-06-17,2
52535,3,109.448532,-7.59457,2024-06-17,2
52536,3,109.44921,-7.594555,2024-06-17,2
52537,3,109.448905,-7.594538,2024-06-17,2
52538,3,109.448595,-7.594603,2024-06-17,2
52539,3,109.44875,-7.594505,2024-06-17,2
52540,3,109.448678,-7.594566,2024-06-17,2
52541,3,109.448709,-7.594694,2024-06-17,2
52542,3,109.375327,-7.505047,2024-06-17,2
52543,3,109.375389,-7.505055,2024-06-17,2
52544,3,109.375076,-7.504923,2024-06-17,2
52545,3,109.375244,-7.504951,2024-06-17,2
52546,3,109.375403,-7.50495,2024-06-17,2
52547,3,109.37549,-7.504896,2024-06-17,2
52548,3,109.375106,-7.504791,2024-06-17,2
52549,3,109.375351,-7.504766,2024-06-17,2
52550,3,109.375532,-7.504739,2024-06-17,2
52551,3,109.374899,-7.50477,2024-06-17,2
52552,3,109.374465,-7.504643,2024-06-17,2
52553,3,109.375545,-7.504671,2024-06-17,2
52554,3,109.374539,-7.504648,2024-06-17,2
52555,3,109.37461,-7.504679,2024-06-17,2
52556,3,109.375335,-7.504664,2024-06-17,2
52557,3,109.375096,-7.50468,2024-06-17,2
52558,3,109.375559,-7.504607,2024-06-17,2
52559,3,109.375571,-7.504543,2024-06-17,2
52560,3,109.375316,-7.504545,2024-06-17,2
52561,3,109.374245,-7.504519,2024-06-17,2
52562,3,109.375583,-7.504477,2024-06-17,2
52563,3,109.375308,-7.504464,2024-06-17,2
52564,3,109.375075,-7.504539,2024-06-17,2
52565,3,109.374212,-7.504438,2024-06-17,2
52566,3,109.375603,-7.504412,2024-06-17,2
52567,3,109.37416,-7.504452,2024-06-17,2
52568,3,109.37531,-7.504397,2024-06-17,2
52569,3,109.375607,-7.504349,2024-06-17,2
52570,3,109.375321,-7.504315,2024-06-17,2
52571,3,109.375115,-7.504271,2024-06-17,2
52572,3,109.375628,-7.504283,2024-06-17,2
52573,3,109.375283,-7.504252,2024-06-17,2
52574,3,109.375124,-7.504202,2024-06-17,2
52575,3,109.375626,-7.504216,2024-06-17,2
52576,3,109.375272,-7.50419,2024-06-17,2
52577,3,109.375866,-7.504179,2024-06-17,2
52578,3,109.374228,-7.504286,2024-06-17,2
52579,3,109.375617,-7.504154,2024-06-17,2
52580,3,109.375051,-7.504403,2024-06-17,2
52581,3,109.375035,-7.504238,2024-06-17,2
52582,3,109.375083,-7.504118,2024-06-17,2
52583,3,109.375261,-7.504112,2024-06-17,2
52584,3,109.375881,-7.504103,2024-06-17,2
52585,3,109.3743,-7.504369,2024-06-17,2
52586,3,109.375537,-7.504089,2024-06-17,2
52587,3,109.37576,-7.504067,2024-06-17,2
52588,3,109.374383,-7.504312,2024-06-17,2
52589,3,109.375159,-7.504034,2024-06-17,2
52590,3,109.375897,-7.50401,2024-06-17,2
52591,3,109.375574,-7.503994,2024-06-17,2
52592,3,109.374355,-7.503971,2024-06-17,2
52593,3,109.375477,-7.503931,2024-06-17,2
52594,3,109.375714,-7.503922,2024-06-17,2
52595,3,109.37586,-7.503933,2024-06-17,2
52596,3,109.375268,-7.503977,2024-06-17,2
52597,3,109.375144,-7.50393,2024-06-17,2
52598,3,109.375092,-7.50397,2024-06-17,2
52599,3,109.37503,-7.503962,2024-06-17,2
52600,3,109.374967,-7.503972,2024-06-17,2
52601,3,109.374909,-7.503963,2024-06-17,2
52602,3,109.374387,-7.50395,2024-06-17,2
52603,3,109.374866,-7.504118,2024-06-17,2
52604,3,109.374776,-7.504128,2024-06-17,2
52605,3,109.374742,-7.504387,2024-06-17,2
52606,3,109.374628,-7.504333,2024-06-17,2
52607,3,109.374483,-7.504208,2024-06-17,2
52608,3,109.375908,-7.503821,2024-06-17,2
52609,3,109.375409,-7.503816,2024-06-17,2
52610,3,109.375762,-7.503737,2024-06-17,2
52611,3,109.375656,-7.503807,2024-06-17,2
52612,3,109.375708,-7.503708,2024-06-17,2
52613,3,109.375517,-7.503764,2024-06-17,2
52614,3,109.374502,-7.503704,2024-06-17,2
52615,3,109.37516,-7.50375,2024-06-17,2
52616,3,109.374731,-7.503675,2024-06-17,2
52617,3,109.375269,-7.50371,2024-06-17,2
52618,3,109.375386,-7.503645,2024-06-17,2
52619,3,109.375246,-7.503515,2024-06-17,2
52620,3,109.375101,-7.503623,2024-06-17,2
52621,3,109.37499,-7.503606,2024-06-17,2
52622,3,109.37488,-7.503589,2024-06-17,2
52623,3,109.374821,-7.503452,2024-06-17,2
52624,3,109.374673,-7.503531,2024-06-17,2
52625,3,109.374631,-7.503428,2024-06-17,2
52626,3,109.35245,-7.436383,2024-06-17,2
52627,3,109.352454,-7.436327,2024-06-17,2
52628,3,109.352437,-7.436269,2024-06-17,2
52629,3,109.352789,-7.436253,2024-06-17,2
52630,3,109.352861,-7.436226,2024-06-17,2
52631,3,109.352573,-7.436268,2024-06-17,2
52632,3,109.353041,-7.436154,2024-06-17,2
52633,3,109.352952,-7.43617,2024-06-17,2
52634,3,109.352863,-7.436176,2024-06-17,2
52635,3,109.352786,-7.436185,2024-06-17,2
52636,3,109.352659,-7.436218,2024-06-17,2
52637,3,109.352415,-7.436177,2024-06-17,2
52638,3,109.352275,-7.436132,2024-06-17,2
52639,3,109.352829,-7.436113,2024-06-17,2
52640,3,109.352635,-7.43612,2024-06-17,2
52641,3,109.352596,-7.436015,2024-06-17,2
52642,3,109.352336,-7.436007,2024-06-17,2
52643,3,109.3522,-7.435956,2024-06-17,2
52644,3,109.352819,-7.436008,2024-06-17,2
52645,3,109.352979,-7.436022,2024-06-17,2
52646,3,109.353164,-7.436005,2024-06-17,2
52647,3,109.353379,-7.435934,2024-06-17,2
52648,3,109.353602,-7.435875,2024-06-17,2
52649,3,109.353768,-7.435827,2024-06-17,2
52650,3,109.353225,-7.435853,2024-06-17,2
52651,3,109.352204,-7.435836,2024-06-17,2
52652,3,109.352383,-7.43584,2024-06-17,2
52653,3,109.352568,-7.43584,2024-06-17,2
52654,3,109.352838,-7.435837,2024-06-17,2
52655,3,109.353552,-7.435808,2024-06-17,2
52656,3,109.353747,-7.435781,2024-06-17,2
52657,3,109.353155,-7.435751,2024-06-17,2
52658,3,109.35214,-7.435693,2024-06-17,2
52659,3,109.352352,-7.435696,2024-06-17,2
52660,3,109.352596,-7.435693,2024-06-17,2
52661,3,109.353457,-7.435712,2024-06-17,2
52662,3,109.35286,-7.435691,2024-06-17,2
52663,3,109.353184,-7.435637,2024-06-17,2
52664,3,109.35199,-7.435548,2024-06-17,2
52665,3,109.35212,-7.435583,2024-06-17,2
52666,3,109.352357,-7.435581,2024-06-17,2
52667,3,109.352595,-7.435577,2024-06-17,2
52668,3,109.352854,-7.435574,2024-06-17,2
52669,3,109.353674,-7.435646,2024-06-17,2
52670,3,109.351974,-7.435484,2024-06-17,2
52671,3,109.353133,-7.435536,2024-06-17,2
52672,3,109.35211,-7.435493,2024-06-17,2
52673,3,109.352354,-7.435489,2024-06-17,2
52674,3,109.352594,-7.435485,2024-06-17,2
52675,3,109.352849,-7.435481,2024-06-17,2
52676,3,109.353432,-7.435536,2024-06-17,2
52677,3,109.35195,-7.435406,2024-06-17,2
52678,3,109.352103,-7.435408,2024-06-17,2
52679,3,109.352322,-7.435406,2024-06-17,2
52680,3,109.35259,-7.435403,2024-06-17,2
52681,3,109.352871,-7.435398,2024-06-17,2
52682,3,109.353115,-7.435403,2024-06-17,2
52683,3,109.351934,-7.435337,2024-06-17,2
52684,3,109.352103,-7.435335,2024-06-17,2
52685,3,109.352367,-7.435328,2024-06-17,2
52686,3,109.353409,-7.435367,2024-06-17,2
52687,3,109.353609,-7.435438,2024-06-17,2
52688,3,109.352633,-7.435321,2024-06-17,2
52689,3,109.352867,-7.435314,2024-06-17,2
52690,3,109.353097,-7.435301,2024-06-17,2
52691,3,109.353378,-7.435277,2024-06-17,2
52692,3,109.352185,-7.43527,2024-06-17,2
52693,3,109.35204,-7.435271,2024-06-17,2
52694,3,109.351916,-7.43525,2024-06-17,2
52695,3,109.352039,-7.435217,2024-06-17,2
52696,3,109.352182,-7.435218,2024-06-17,2
52697,3,109.35239,-7.435235,2024-06-17,2
52698,3,109.352638,-7.435226,2024-06-17,2
52699,3,109.352926,-7.435215,2024-06-17,2
52700,3,109.353224,-7.435203,2024-06-17,2
52701,3,109.353441,-7.435197,2024-06-17,2
52702,3,109.3518,-7.435128,2024-06-17,2
52703,3,109.351925,-7.435149,2024-06-17,2
52704,3,109.35214,-7.435142,2024-06-17,2
52705,3,109.352365,-7.435135,2024-06-17,2
52706,3,109.352617,-7.435126,2024-06-17,2
52707,3,109.352882,-7.435116,2024-06-17,2
52708,3,109.353148,-7.435107,2024-06-17,2
52709,3,109.353375,-7.4351,2024-06-17,2
52710,3,109.351782,-7.435055,2024-06-17,2
52711,3,109.351921,-7.435056,2024-06-17,2
52712,3,109.352135,-7.43505,2024-06-17,2
52713,3,109.352359,-7.435043,2024-06-17,2
52714,3,109.352612,-7.435034,2024-06-17,2
52715,3,109.352878,-7.435025,2024-06-17,2
52716,3,109.353143,-7.435017,2024-06-17,2
52717,3,109.353351,-7.435012,2024-06-17,2
52718,3,109.351756,-7.434954,2024-06-17,2
52719,3,109.351919,-7.434954,2024-06-17,2
52720,3,109.352131,-7.434948,2024-06-17,2
52721,3,109.352352,-7.434941,2024-06-17,2
52722,3,109.352605,-7.434933,2024-06-17,2
52723,3,109.352872,-7.434925,2024-06-17,2
52724,3,109.353137,-7.434917,2024-06-17,2
52725,3,109.353324,-7.434915,2024-06-17,2
52726,3,109.351949,-7.434835,2024-06-17,2
52727,3,109.352346,-7.434823,2024-06-17,2
52728,3,109.352599,-7.434816,2024-06-17,2
52729,3,109.352888,-7.434809,2024-06-17,2
52730,3,109.353184,-7.434803,2024-06-17,2
52731,3,109.351983,-7.434725,2024-06-17,2
52732,3,109.352207,-7.434702,2024-06-17,2
52733,3,109.352421,-7.434697,2024-06-17,2
52734,3,109.352628,-7.434692,2024-06-17,2
52735,3,109.352083,-7.434635,2024-06-17,2
52736,3,109.352867,-7.434688,2024-06-17,2
52737,3,109.353134,-7.434684,2024-06-17,2
52738,3,109.35223,-7.434601,2024-06-17,2
52739,3,109.352417,-7.434587,2024-06-17,2
52740,3,109.352625,-7.434582,2024-06-17,2
52741,3,109.352863,-7.434578,2024-06-17,2
52742,3,109.353106,-7.434576,2024-06-17,2
52743,3,109.352418,-7.434509,2024-06-17,2
52744,3,109.352601,-7.434475,2024-06-17,2
52745,3,109.352836,-7.434469,2024-06-17,2
52746,3,109.353069,-7.434471,2024-06-17,2
52747,3,109.352652,-7.434387,2024-06-17,2
52748,3,109.352907,-7.434374,2024-06-17,2
52749,3,109.352809,-7.434319,2024-06-17,2
52750,3,109.352978,-7.434286,2024-06-17,2
52751,3,109.295259,-7.427132,2024-06-17,2
52752,3,109.29507,-7.427128,2024-06-17,2
52753,3,109.295743,-7.427117,2024-06-17,2
52754,3,109.295684,-7.427116,2024-06-17,2
52755,3,109.295569,-7.427112,2024-06-17,2
52756,3,109.295428,-7.427107,2024-06-17,2
52757,3,109.413762,-7.427054,2024-06-17,2
52758,3,109.295332,-7.427104,2024-06-17,2
52759,3,109.294828,-7.427104,2024-06-17,2
52760,3,109.294631,-7.427098,2024-06-17,2
52761,3,109.295111,-7.427049,2024-06-17,2
52762,3,109.413758,-7.427022,2024-06-17,2
52763,3,109.41385,-7.427021,2024-06-17,2
52764,3,109.413775,-7.42699,2024-06-17,2
52765,3,109.295794,-7.427041,2024-06-17,2
52766,3,109.413574,-7.426992,2024-06-17,2
52767,3,109.29563,-7.427001,2024-06-17,2
52768,3,109.295417,-7.426991,2024-06-17,2
52769,3,109.413446,-7.426966,2024-06-17,2
52770,3,109.295142,-7.426975,2024-06-17,2
52771,3,109.413804,-7.426958,2024-06-17,2
52772,3,109.413341,-7.426947,2024-06-17,2
52773,3,109.413269,-7.426937,2024-06-17,2
52774,3,109.413661,-7.42696,2024-06-17,2
52775,3,109.29579,-7.426928,2024-06-17,2
52776,3,109.29472,-7.426957,2024-06-17,2
52777,3,109.413198,-7.426923,2024-06-17,2
52779,3,109.413616,-7.426937,2024-06-17,2
52780,3,109.413128,-7.426912,2024-06-17,2
52781,3,109.295625,-7.426918,2024-06-17,2
52782,3,109.413605,-7.426897,2024-06-17,2
52783,3,109.413832,-7.426914,2024-06-17,2
52785,3,109.41306,-7.4269,2024-06-17,2
52786,3,109.295371,-7.426905,2024-06-17,2
52788,3,109.295142,-7.426894,2024-06-17,2
52789,3,109.413545,-7.426929,2024-06-17,2
52790,3,109.413863,-7.426867,2024-06-17,2
52791,3,109.413736,-7.426877,2024-06-17,2
52793,3,109.413672,-7.426861,2024-06-17,2
52794,3,109.413511,-7.42689,2024-06-17,2
52795,3,109.41364,-7.426847,2024-06-17,2
52796,3,109.413588,-7.426882,2024-06-17,2
52798,3,109.413401,-7.42687,2024-06-17,2
52801,3,109.413276,-7.42685,2024-06-17,2
52802,3,109.413886,-7.426822,2024-06-17,2
52803,3,109.295794,-7.426839,2024-06-17,2
52804,3,109.295365,-7.426831,2024-06-17,2
52805,3,109.295148,-7.426817,2024-06-17,2
52806,3,109.413798,-7.426818,2024-06-17,2
52807,3,109.413729,-7.426801,2024-06-17,2
52810,3,109.41368,-7.426786,2024-06-17,2
52811,3,109.413623,-7.426783,2024-06-17,2
52812,3,109.413571,-7.426797,2024-06-17,2
52814,3,109.295621,-7.426818,2024-06-17,2
52815,3,109.413747,-7.426751,2024-06-17,2
52817,3,109.294711,-7.426818,2024-06-17,2
52819,3,109.294958,-7.426824,2024-06-17,2
52820,3,109.295437,-7.426763,2024-06-17,2
52822,3,109.413437,-7.42677,2024-06-17,2
52823,3,109.295814,-7.426756,2024-06-17,2
52824,3,109.413863,-7.426752,2024-06-17,2
52825,3,109.413036,-7.426799,2024-06-17,2
52826,3,109.295327,-7.426747,2024-06-17,2
52829,3,109.295766,-7.426733,2024-06-17,2
52830,3,109.412937,-7.426797,2024-06-17,2
52831,3,109.413255,-7.426736,2024-06-17,2
52832,3,109.413839,-7.426698,2024-06-17,2
52834,3,109.295145,-7.426728,2024-06-17,2
52835,3,109.413771,-7.426703,2024-06-17,2
52836,3,109.413147,-7.426777,2024-06-17,2
52837,3,109.412827,-7.426771,2024-06-17,2
52838,3,109.41385,-7.426666,2024-06-17,2
52839,3,109.413731,-7.426704,2024-06-17,2
52841,3,109.413693,-7.426692,2024-06-17,2
52843,3,109.295529,-7.426695,2024-06-17,2
52844,3,109.413644,-7.426689,2024-06-17,2
52846,3,109.413858,-7.426641,2024-06-17,2
52847,3,109.413588,-7.426683,2024-06-17,2
52848,3,109.413833,-7.426609,2024-06-17,2
52849,3,109.295015,-7.42665,2024-06-17,2
52850,3,109.294753,-7.42666,2024-06-17,2
52851,3,109.413449,-7.426657,2024-06-17,2
52852,3,109.41329,-7.426622,2024-06-17,2
52853,3,109.294747,-7.426564,2024-06-17,2
52854,3,109.413559,-7.426565,2024-06-17,2
52855,3,109.413181,-7.426596,2024-06-17,2
52856,3,109.413941,-7.426561,2024-06-17,2
52857,3,109.41352,-7.426558,2024-06-17,2
52858,3,109.413478,-7.42655,2024-06-17,2
52859,3,109.41391,-7.426553,2024-06-17,2
52860,3,109.295166,-7.426611,2024-06-17,2
52861,3,109.413869,-7.426547,2024-06-17,2
52862,3,109.413438,-7.426539,2024-06-17,2
52863,3,109.413398,-7.426532,2024-06-17,2
52864,3,109.413069,-7.426606,2024-06-17,2
52865,3,109.413828,-7.426541,2024-06-17,2
52867,3,109.413357,-7.426526,2024-06-17,2
52868,3,109.413789,-7.426536,2024-06-17,2
52870,3,109.413745,-7.426551,2024-06-17,2
52871,3,109.412974,-7.42659,2024-06-17,2
52872,3,109.413705,-7.426553,2024-06-17,2
52874,3,109.413677,-7.426547,2024-06-17,2
52875,3,109.413648,-7.426544,2024-06-17,2
52876,3,109.413604,-7.426563,2024-06-17,2
52878,3,109.412909,-7.426559,2024-06-17,2
52880,3,109.412826,-7.426549,2024-06-17,2
52882,3,109.412836,-7.426433,2024-06-17,2
52884,3,109.41392,-7.426456,2024-06-17,2
52885,3,109.413888,-7.426451,2024-06-17,2
52886,3,109.294905,-7.426488,2024-06-17,2
52887,3,109.413847,-7.426446,2024-06-17,2
52888,3,109.413808,-7.426439,2024-06-17,2
52890,3,109.413769,-7.426434,2024-06-17,2
52891,3,109.294658,-7.426463,2024-06-17,2
52892,3,109.413728,-7.426427,2024-06-17,2
52893,3,109.413699,-7.426423,2024-06-17,2
52894,3,109.295412,-7.426552,2024-06-17,2
52896,3,109.41367,-7.426419,2024-06-17,2
52897,3,109.413622,-7.426443,2024-06-17,2
52898,3,109.412608,-7.426631,2024-06-17,2
52899,3,109.413582,-7.426441,2024-06-17,2
52901,3,109.413541,-7.426436,2024-06-17,2
52902,3,109.413947,-7.426436,2024-06-17,2
52903,3,109.4135,-7.42643,2024-06-17,2
52905,3,109.413307,-7.42645,2024-06-17,2
52906,3,109.413459,-7.426422,2024-06-17,2
52907,3,109.413419,-7.426417,2024-06-17,2
52908,3,109.413377,-7.426413,2024-06-17,2
52909,3,109.413207,-7.426433,2024-06-17,2
52910,3,109.413087,-7.426404,2024-06-17,2
52911,3,109.295782,-7.426425,2024-06-17,2
52912,3,109.412991,-7.426396,2024-06-17,2
52913,3,109.412927,-7.42638,2024-06-17,2
52914,3,109.295679,-7.426405,2024-06-17,2
52915,3,109.413953,-7.426334,2024-06-17,2
52916,3,109.41391,-7.426337,2024-06-17,2
52917,3,109.413869,-7.426331,2024-06-17,2
52918,3,109.41383,-7.426324,2024-06-17,2
52919,3,109.294769,-7.426351,2024-06-17,2
52920,3,109.41379,-7.426319,2024-06-17,2
52921,3,109.41375,-7.426312,2024-06-17,2
52922,3,109.294562,-7.426311,2024-06-17,2
52923,3,109.412592,-7.426315,2024-06-17,2
52924,3,109.413721,-7.426303,2024-06-17,2
52925,3,109.413692,-7.426299,2024-06-17,2
52926,3,109.413651,-7.426294,2024-06-17,2
52927,3,109.41361,-7.426287,2024-06-17,2
52929,3,109.41398,-7.42637,2024-06-17,2
52930,3,109.413569,-7.426281,2024-06-17,2
52931,3,109.295551,-7.426336,2024-06-17,2
52935,3,109.413975,-7.426238,2024-06-17,2
52936,3,109.413528,-7.426276,2024-06-17,2
52937,3,109.413487,-7.42627,2024-06-17,2
52938,3,109.41393,-7.426231,2024-06-17,2
52940,3,109.413446,-7.426264,2024-06-17,2
52941,3,109.41389,-7.426224,2024-06-17,2
52942,3,109.413404,-7.426259,2024-06-17,2
52944,3,109.41385,-7.426216,2024-06-17,2
52945,3,109.295366,-7.42629,2024-06-17,2
52946,3,109.29502,-7.426234,2024-06-17,2
52947,3,109.413811,-7.42621,2024-06-17,2
52949,3,109.295091,-7.426243,2024-06-17,2
52950,3,109.41377,-7.426202,2024-06-17,2
52951,3,109.413741,-7.426193,2024-06-17,2
52952,3,109.413303,-7.426253,2024-06-17,2
52953,3,109.294934,-7.426216,2024-06-17,2
52954,3,109.413712,-7.426188,2024-06-17,2
52955,3,109.294847,-7.426192,2024-06-17,2
52957,3,109.413672,-7.426182,2024-06-17,2
52958,3,109.41402,-7.426173,2024-06-17,2
52959,3,109.413179,-7.426236,2024-06-17,2
52960,3,109.413987,-7.426171,2024-06-17,2
52961,3,109.413944,-7.426164,2024-06-17,2
52962,3,109.41363,-7.426175,2024-06-17,2
52963,3,109.413903,-7.426159,2024-06-17,2
52964,3,109.413863,-7.426153,2024-06-17,2
52965,3,109.413589,-7.426167,2024-06-17,2
52966,3,109.413823,-7.426147,2024-06-17,2
52967,3,109.295745,-7.426219,2024-06-17,2
52968,3,109.413782,-7.426141,2024-06-17,2
52969,3,109.413549,-7.42616,2024-06-17,2
52970,3,109.413751,-7.426137,2024-06-17,2
52971,3,109.294685,-7.426183,2024-06-17,2
52972,3,109.413722,-7.426134,2024-06-17,2
52973,3,109.413682,-7.426129,2024-06-17,2
52974,3,109.41364,-7.426123,2024-06-17,2
52975,3,109.413598,-7.426117,2024-06-17,2
52976,3,109.413558,-7.426112,2024-06-17,2
52977,3,109.41351,-7.426145,2024-06-17,2
52978,3,109.413469,-7.42614,2024-06-17,2
52979,3,109.413427,-7.426135,2024-06-17,2
52983,3,109.41311,-7.426201,2024-06-17,2
52984,3,109.413328,-7.42612,2024-06-17,2
52986,3,109.413202,-7.426107,2024-06-17,2
52987,3,109.413029,-7.426187,2024-06-17,2
52990,3,109.41308,-7.426066,2024-06-17,2
52992,3,109.295404,-7.426128,2024-06-17,2
52993,3,109.295214,-7.426185,2024-06-17,2
52994,3,109.295144,-7.426088,2024-06-17,2
52997,3,109.295072,-7.426086,2024-06-17,2
52999,3,109.29481,-7.42608,2024-06-17,2
53000,3,109.294981,-7.42607,2024-06-17,2
53005,3,109.295627,-7.426103,2024-06-17,2
53006,3,109.294653,-7.426052,2024-06-17,2
53007,3,109.295451,-7.426029,2024-06-17,2
53009,3,109.29577,-7.426048,2024-06-17,2
53010,3,109.294567,-7.426015,2024-06-17,2
53011,3,109.295813,-7.425956,2024-06-17,2
53013,3,109.295284,-7.425973,2024-06-17,2
53014,3,109.295617,-7.425969,2024-06-17,2
53015,3,109.29519,-7.425954,2024-06-17,2
53016,3,109.295122,-7.425948,2024-06-17,2
53017,3,109.295026,-7.425928,2024-06-17,2
53018,3,109.29492,-7.425931,2024-06-17,2
53019,3,109.294836,-7.425913,2024-06-17,2
53020,3,109.295491,-7.425905,2024-06-17,2
53021,3,109.294707,-7.425888,2024-06-17,2
53022,3,109.295695,-7.425902,2024-06-17,2
53023,3,109.295325,-7.425859,2024-06-17,2
53024,3,109.295229,-7.425842,2024-06-17,2
53025,3,109.294586,-7.425854,2024-06-17,2
53026,3,109.295163,-7.42583,2024-06-17,2
53027,3,109.295066,-7.425807,2024-06-17,2
53028,3,109.294965,-7.425786,2024-06-17,2
53029,3,109.294879,-7.425773,2024-06-17,2
53030,3,109.294744,-7.425756,2024-06-17,2
53031,3,109.295734,-7.425807,2024-06-17,2
53032,3,109.294601,-7.425734,2024-06-17,2
53033,3,109.295528,-7.425771,2024-06-17,2
53034,3,109.295269,-7.425727,2024-06-17,2
53035,3,109.295366,-7.425731,2024-06-17,2
53036,3,109.295205,-7.425711,2024-06-17,2
53037,3,109.295758,-7.425702,2024-06-17,2
53038,3,109.295579,-7.425688,2024-06-17,2
53039,3,109.2954,-7.425653,2024-06-17,2
53040,3,109.295297,-7.425654,2024-06-17,2
53041,3,109.295234,-7.425645,2024-06-17,2
53042,3,109.295109,-7.425689,2024-06-17,2
53043,3,109.294998,-7.425677,2024-06-17,2
53044,3,109.29491,-7.425672,2024-06-17,2
53045,3,109.294768,-7.425665,2024-06-17,2
53046,3,109.294614,-7.425657,2024-06-17,2
53047,3,108.986093,-7.154212,2024-06-17,2
53048,3,108.985667,-7.154029,2024-06-17,2
53049,3,108.986169,-7.154016,2024-06-17,2
53050,3,108.986255,-7.1539,2024-06-17,2
53051,3,108.985646,-7.153896,2024-06-17,2
53052,3,108.985971,-7.153966,2024-06-17,2
53053,3,108.986037,-7.153851,2024-06-17,2
53054,3,108.986063,-7.153791,2024-06-17,2
53055,3,108.985739,-7.153929,2024-06-17,2
53056,3,108.986353,-7.153765,2024-06-17,2
53057,3,108.98613,-7.153748,2024-06-17,2
53058,3,108.98643,-7.153634,2024-06-17,2
53059,3,108.985792,-7.153733,2024-06-17,2
53060,3,108.985574,-7.153795,2024-06-17,2
53061,3,108.985391,-7.153575,2024-06-17,2
53062,3,108.986458,-7.153569,2024-06-17,2
53063,3,108.986332,-7.153627,2024-06-17,2
53064,3,108.986047,-7.153633,2024-06-17,2
53065,3,108.98532,-7.153536,2024-06-17,2
53066,3,108.986484,-7.153507,2024-06-17,2
53067,3,108.985484,-7.153655,2024-06-17,2
53068,3,108.986153,-7.153666,2024-06-17,2
53069,3,108.985384,-7.153479,2024-06-17,2
53070,3,108.985893,-7.153534,2024-06-17,2
53071,3,108.986518,-7.153408,2024-06-17,2
53072,3,108.986298,-7.153532,2024-06-17,2
53073,3,108.986197,-7.153557,2024-06-17,2
53074,3,108.985704,-7.153414,2024-06-17,2
53075,3,108.98621,-7.153317,2024-06-17,2
53076,3,108.986278,-7.15339,2024-06-17,2
53077,3,108.986361,-7.15331,2024-06-17,2
53078,3,108.985913,-7.153342,2024-06-17,2
53079,3,108.985463,-7.153316,2024-06-17,2
53080,3,108.985877,-7.153176,2024-06-17,2
53081,3,108.98556,-7.153196,2024-06-17,2
53082,3,108.986051,-7.153227,2024-06-17,2
53083,3,108.985939,-7.153057,2024-06-17,2
53084,3,108.985612,-7.153138,2024-06-17,2
53085,3,108.985445,-7.153065,2024-06-17,2
53086,3,108.985661,-7.153087,2024-06-17,2
53087,3,108.986067,-7.153106,2024-06-17,2
53088,3,108.986207,-7.153162,2024-06-17,2
53089,3,108.986639,-7.153084,2024-06-17,2
53090,3,108.986353,-7.153046,2024-06-17,2
53091,3,108.986311,-7.152923,2024-06-17,2
53092,3,108.985702,-7.153033,2024-06-17,2
53093,3,108.985517,-7.152968,2024-06-17,2
53094,3,108.986457,-7.153182,2024-06-17,2
53095,3,108.98654,-7.153132,2024-06-17,2
53096,3,108.986326,-7.152865,2024-06-17,2
53097,3,108.986212,-7.152957,2024-06-17,2
53098,3,108.985752,-7.152949,2024-06-17,2
53099,3,108.985826,-7.152879,2024-06-17,2
53100,3,108.985641,-7.152781,2024-06-17,2
53101,3,108.986086,-7.152803,2024-06-17,2
53102,3,108.985701,-7.152742,2024-06-17,2
53103,3,108.985833,-7.15272,2024-06-17,2
53104,3,108.985961,-7.152841,2024-06-17,2
53105,3,108.985997,-7.15271,2024-06-17,2
53106,3,108.985713,-7.152659,2024-06-17,2
53107,3,108.985864,-7.15259,2024-06-17,2
53108,3,108.985774,-7.152632,2024-06-17,2
53109,3,108.985794,-7.15258,2024-06-17,2
53127,3,109.052719,-6.981945,2024-06-17,2
53128,3,109.052565,-6.981933,2024-06-17,2
53158,3,109.052952,-6.98121,2024-06-17,2
53159,3,109.052634,-6.981189,2024-06-17,2
53187,3,108.89546,-6.951113,2024-06-17,2
53194,3,108.895181,-6.950978,2024-06-17,2
53198,3,108.89512,-6.950812,2024-06-17,2
53199,3,108.895664,-6.950769,2024-06-17,2
53201,3,108.894857,-6.950819,2024-06-17,2
53206,3,108.895483,-6.95069,2024-06-17,2
53209,3,108.89459,-6.950686,2024-06-17,2
53210,3,108.895682,-6.950617,2024-06-17,2
53211,3,108.895559,-6.950639,2024-06-17,2
53213,3,108.895233,-6.95058,2024-06-17,2
53216,3,108.895503,-6.950541,2024-06-17,2
53217,3,108.895266,-6.950511,2024-06-17,2
53219,3,108.895737,-6.950521,2024-06-17,2
53220,3,108.894326,-6.950555,2024-06-17,2
53223,3,108.894377,-6.950461,2024-06-17,2
53224,3,108.895294,-6.950452,2024-06-17,2
53226,3,108.894105,-6.950445,2024-06-17,2
53227,3,108.895031,-6.95041,2024-06-17,2
53228,3,108.893779,-6.950404,2024-06-17,2
53229,3,108.895502,-6.950424,2024-06-17,2
53230,3,108.895854,-6.950389,2024-06-17,2
53231,3,108.89415,-6.950354,2024-06-17,2
53232,3,108.895057,-6.950352,2024-06-17,2
53234,3,108.893919,-6.950353,2024-06-17,2
53235,3,108.894424,-6.950364,2024-06-17,2
53236,3,108.894758,-6.950292,2024-06-17,2
53237,3,108.893941,-6.950259,2024-06-17,2
53239,3,108.894469,-6.950246,2024-06-17,2
53240,3,108.894195,-6.95026,2024-06-17,2
53241,3,108.894786,-6.950238,2024-06-17,2
53242,3,108.895628,-6.950299,2024-06-17,2
53243,3,108.894249,-6.95015,2024-06-17,2
53244,3,108.893998,-6.950172,2024-06-17,2
53245,3,108.894409,-6.950142,2024-06-17,2
53247,3,108.895279,-6.95016,2024-06-17,2
53248,3,108.89405,-6.950064,2024-06-17,2
53249,3,108.894439,-6.950091,2024-06-17,2
53250,3,108.893815,-6.950084,2024-06-17,2
53251,3,108.895723,-6.950135,2024-06-17,2
53252,3,108.894087,-6.950004,2024-06-17,2
53253,3,108.895006,-6.950051,2024-06-17,2
53254,3,108.893846,-6.949976,2024-06-17,2
53256,3,108.894477,-6.950005,2024-06-17,2
53257,3,108.894114,-6.949953,2024-06-17,2
53258,3,108.893873,-6.949914,2024-06-17,2
53259,3,108.895354,-6.949987,2024-06-17,2
53260,3,108.895714,-6.949979,2024-06-17,2
53261,3,108.894744,-6.949946,2024-06-17,2
53262,3,108.893901,-6.949863,2024-06-17,2
53263,3,108.895075,-6.949879,2024-06-17,2
53265,3,108.895928,-6.949818,2024-06-17,2
53266,3,108.896034,-6.949771,2024-06-17,2
53267,3,108.894487,-6.949844,2024-06-17,2
53268,3,108.894071,-6.949838,2024-06-17,2
53269,3,108.895268,-6.949802,2024-06-17,2
53270,3,108.895919,-6.949719,2024-06-17,2
53271,3,108.894812,-6.949773,2024-06-17,2
53272,3,108.894249,-6.94975,2024-06-17,2
53273,3,108.895011,-6.9497,2024-06-17,2
53275,3,108.895655,-6.949695,2024-06-17,2
53277,3,108.894032,-6.949666,2024-06-17,2
53278,3,108.894558,-6.949673,2024-06-17,2
53279,3,108.895702,-6.949626,2024-06-17,2
53280,3,108.894808,-6.94962,2024-06-17,2
53283,3,108.894621,-6.949546,2024-06-17,2
53284,3,108.894323,-6.949583,2024-06-17,2
53286,3,108.89536,-6.949562,2024-06-17,2
53287,3,108.894138,-6.949521,2024-06-17,2
53288,3,108.895413,-6.949501,2024-06-17,2
53291,3,108.894402,-6.949459,2024-06-17,2
53292,3,108.895105,-6.949447,2024-06-17,2
53293,3,108.895154,-6.94939,2024-06-17,2
53296,3,108.894961,-6.949307,2024-06-17,2
53297,3,108.894889,-6.949349,2024-06-17,2
53298,3,108.894379,-6.949256,2024-06-17,2
53300,3,108.89469,-6.949264,2024-06-17,2
53301,3,108.894531,-6.949203,2024-06-17,2
53341,3,108.937804,-6.913806,2024-06-17,2
53342,3,108.937436,-6.913794,2024-06-17,2
53343,3,108.937144,-6.913785,2024-06-17,2
53344,3,108.936975,-6.913778,2024-06-17,2
53345,3,108.938526,-6.913763,2024-06-17,2
53346,3,108.937982,-6.913649,2024-06-17,2
53347,3,108.937502,-6.913629,2024-06-17,2
53348,3,108.937225,-6.913616,2024-06-17,2
53349,3,108.936995,-6.913607,2024-06-17,2
53350,3,108.936985,-6.9134,2024-06-17,2
53351,3,108.938168,-6.913409,2024-06-17,2
53352,3,108.937918,-6.913403,2024-06-17,2
53353,3,108.937744,-6.913395,2024-06-17,2
53354,3,108.93752,-6.913384,2024-06-17,2
53355,3,108.937216,-6.913372,2024-06-17,2
53356,3,108.936988,-6.91318,2024-06-17,2
53357,3,108.938159,-6.91314,2024-06-17,2
53358,3,108.937922,-6.913138,2024-06-17,2
53359,3,108.937759,-6.913133,2024-06-17,2
53360,3,108.937223,-6.913119,2024-06-17,2
53361,3,108.937532,-6.913126,2024-06-17,2
53362,3,108.938198,-6.912919,2024-06-17,2
53363,3,108.938014,-6.912914,2024-06-17,2
53364,3,108.937785,-6.91291,2024-06-17,2
53365,3,108.937568,-6.912908,2024-06-17,2
53366,3,108.937281,-6.912905,2024-06-17,2
53367,3,108.936992,-6.91293,2024-06-17,2
53368,3,108.938194,-6.912731,2024-06-17,2
53369,3,108.938008,-6.912726,2024-06-17,2
53370,3,108.937824,-6.912722,2024-06-17,2
53371,3,108.937691,-6.912717,2024-06-17,2
53372,3,108.937533,-6.912716,2024-06-17,2
53373,3,108.936921,-6.912704,2024-06-17,2
53374,3,108.937011,-6.912707,2024-06-17,2
53375,3,108.937252,-6.912711,2024-06-17,2
53376,3,108.938665,-6.912791,2024-06-17,2
53377,3,109.488023,-7.716088,2024-06-17,2
124588,4,109.391622,-6.870947,2024-06-17,2
124590,4,109.380958,-6.874142,2024-06-17,2
124591,4,109.381667,-6.874178,2024-06-17,2
124593,4,109.429619,-6.895931,2024-06-17,2
124594,4,109.429444,-6.895214,2024-06-17,2
124595,4,109.429517,-6.895706,2024-06-17,2
124604,4,109.381744,-6.87475,2024-06-17,2
124870,4,109.428699,-6.896738,2024-06-17,2
124871,4,109.429152,-6.896739,2024-06-17,2
124880,4,109.428702,-6.895833,2024-06-17,2
124882,4,109.429607,-6.895836,2024-06-17,2
124883,4,109.43006,-6.895838,2024-06-17,2
124885,4,109.429609,-6.895384,2024-06-17,2
124886,4,109.430061,-6.895386,2024-06-17,2
124888,4,109.42961,-6.894932,2024-06-17,2
124889,4,109.430063,-6.894934,2024-06-17,2
124893,4,109.382346,-6.875366,2024-06-17,2
124894,4,109.382799,-6.875368,2024-06-17,2
124895,4,109.381443,-6.874911,2024-06-17,2
124896,4,109.381895,-6.874913,2024-06-17,2
124897,4,109.382348,-6.874914,2024-06-17,2
124898,4,109.3828,-6.874916,2024-06-17,2
124899,4,109.380992,-6.874457,2024-06-17,2
124900,4,109.381445,-6.874459,2024-06-17,2
124901,4,109.381897,-6.87446,2024-06-17,2
124902,4,109.382349,-6.874462,2024-06-17,2
124903,4,109.382802,-6.874464,2024-06-17,2
124904,4,109.380994,-6.874005,2024-06-17,2
124905,4,109.381446,-6.874007,2024-06-17,2
124906,4,109.381899,-6.874008,2024-06-17,2
124907,4,109.382351,-6.87401,2024-06-17,2
124908,4,109.382803,-6.874011,2024-06-17,2
124912,4,109.382352,-6.873558,2024-06-17,2
124913,4,109.382805,-6.873559,2024-06-17,2
124920,4,109.391406,-6.87178,2024-06-17,2
124921,4,109.391859,-6.871781,2024-06-17,2
124923,4,109.390503,-6.871325,2024-06-17,2
124927,4,109.390505,-6.870872,2024-06-17,2
124928,4,109.390957,-6.870874,2024-06-17,2
126158,4,109.429148,-6.897034,2024-06-17,2
126159,4,109.428952,-6.897025,2024-06-17,2
126160,4,109.428778,-6.897015,2024-06-17,2
126161,4,109.428651,-6.897005,2024-06-17,2
126162,4,109.428488,-6.896966,2024-06-17,2
126178,4,109.429144,-6.896865,2024-06-17,2
126179,4,109.428963,-6.896861,2024-06-17,2
126180,4,109.428797,-6.89686,2024-06-17,2
126181,4,109.428613,-6.896855,2024-06-17,2
126182,4,109.428491,-6.896857,2024-06-17,2
126199,4,109.429144,-6.89666,2024-06-17,2
126200,4,109.428975,-6.896658,2024-06-17,2
126201,4,109.428791,-6.896655,2024-06-17,2
126202,4,109.428592,-6.896654,2024-06-17,2
126203,4,109.428485,-6.896657,2024-06-17,2
126255,4,109.430331,-6.895931,2024-06-17,2
126256,4,109.430194,-6.895929,2024-06-17,2
126257,4,109.42998,-6.895926,2024-06-17,2
126258,4,109.429756,-6.895922,2024-06-17,2
126259,4,109.429516,-6.895918,2024-06-17,2
126263,4,109.430331,-6.89578,2024-06-17,2
126265,4,109.430194,-6.895777,2024-06-17,2
126266,4,109.42999,-6.895771,2024-06-17,2
126267,4,109.429811,-6.895768,2024-06-17,2
126269,4,109.429646,-6.895765,2024-06-17,2
126270,4,109.429477,-6.895762,2024-06-17,2
126271,4,109.428569,-6.895785,2024-06-17,2
126273,4,109.428755,-6.895776,2024-06-17,2
126276,4,109.430331,-6.89567,2024-06-17,2
126277,4,109.430126,-6.895663,2024-06-17,2
126278,4,109.429852,-6.895654,2024-06-17,2
126280,4,109.429655,-6.895648,2024-06-17,2
126281,4,109.429473,-6.895642,2024-06-17,2
126285,4,109.430334,-6.895591,2024-06-17,2
126287,4,109.430137,-6.895583,2024-06-17,2
126288,4,109.429861,-6.895573,2024-06-17,2
126289,4,109.429657,-6.895566,2024-06-17,2
126292,4,109.429472,-6.89556,2024-06-17,2
126302,4,109.43033,-6.895466,2024-06-17,2
126303,4,109.430135,-6.895461,2024-06-17,2
126305,4,109.42987,-6.895452,2024-06-17,2
126306,4,109.429662,-6.895446,2024-06-17,2
126308,4,109.42947,-6.89544,2024-06-17,2
126317,4,109.430276,-6.895306,2024-06-17,2
126318,4,109.43009,-6.895302,2024-06-17,2
126319,4,109.429879,-6.895298,2024-06-17,2
126320,4,109.429664,-6.895293,2024-06-17,2
126321,4,109.429472,-6.895286,2024-06-17,2
126328,4,109.430276,-6.895147,2024-06-17,2
126329,4,109.430088,-6.895145,2024-06-17,2
126330,4,109.429876,-6.895144,2024-06-17,2
126331,4,109.429666,-6.89514,2024-06-17,2
126332,4,109.429476,-6.895137,2024-06-17,2
126333,4,109.430274,-6.894986,2024-06-17,2
126334,4,109.430082,-6.894984,2024-06-17,2
126335,4,109.429871,-6.894982,2024-06-17,2
126336,4,109.429663,-6.894979,2024-06-17,2
126337,4,109.429474,-6.894977,2024-06-17,2
126383,4,109.382623,-6.875416,2024-06-17,2
126384,4,109.382781,-6.875371,2024-06-17,2
126385,4,109.382915,-6.875304,2024-06-17,2
126386,4,109.382411,-6.875343,2024-06-17,2
126387,4,109.382695,-6.875283,2024-06-17,2
126388,4,109.38242,-6.875252,2024-06-17,2
126389,4,109.382132,-6.875221,2024-06-17,2
126390,4,109.382958,-6.875236,2024-06-17,2
126391,4,109.381873,-6.875192,2024-06-17,2
126392,4,109.382552,-6.875196,2024-06-17,2
126393,4,109.381554,-6.875159,2024-06-17,2
126394,4,109.381297,-6.875131,2024-06-17,2
126395,4,109.382141,-6.875152,2024-06-17,2
126396,4,109.382971,-6.875146,2024-06-17,2
126397,4,109.381119,-6.87511,2024-06-17,2
126398,4,109.381918,-6.875128,2024-06-17,2
126399,4,109.380863,-6.875079,2024-06-17,2
126400,4,109.381601,-6.875095,2024-06-17,2
126401,4,109.38256,-6.875102,2024-06-17,2
126402,4,109.382141,-6.875058,2024-06-17,2
126403,4,109.383062,-6.875046,2024-06-17,2
126404,4,109.381899,-6.875033,2024-06-17,2
126405,4,109.381045,-6.875035,2024-06-17,2
126406,4,109.382829,-6.875025,2024-06-17,2
126407,4,109.381676,-6.87501,2024-06-17,2
126408,4,109.381462,-6.874988,2024-06-17,2
126409,4,109.382478,-6.874987,2024-06-17,2
126410,4,109.381189,-6.87496,2024-06-17,2
126411,4,109.38307,-6.874942,2024-06-17,2
126412,4,109.382151,-6.874949,2024-06-17,2
126413,4,109.382834,-6.874919,2024-06-17,2
126414,4,109.381908,-6.874924,2024-06-17,2
126415,4,109.381684,-6.874901,2024-06-17,2
126416,4,109.382489,-6.874883,2024-06-17,2
126417,4,109.381457,-6.874878,2024-06-17,2
126418,4,109.38216,-6.874846,2024-06-17,2
126419,4,109.381916,-6.874821,2024-06-17,2
126420,4,109.381186,-6.874847,2024-06-17,2
126421,4,109.381669,-6.874795,2024-06-17,2
126422,4,109.381374,-6.874764,2024-06-17,2
126423,4,109.380945,-6.874716,2024-06-17,2
126424,4,109.383086,-6.874781,2024-06-17,2
126425,4,109.382834,-6.874754,2024-06-17,2
126426,4,109.382498,-6.874728,2024-06-17,2
126427,4,109.382175,-6.874702,2024-06-17,2
126428,4,109.38306,-6.874616,2024-06-17,2
126429,4,109.381903,-6.874681,2024-06-17,2
126430,4,109.382651,-6.874601,2024-06-17,2
126431,4,109.381622,-6.874655,2024-06-17,2
126432,4,109.381355,-6.87463,2024-06-17,2
126433,4,109.38095,-6.874588,2024-06-17,2
126434,4,109.383062,-6.874505,2024-06-17,2
126435,4,109.382147,-6.874513,2024-06-17,2
126436,4,109.382641,-6.874492,2024-06-17,2
126437,4,109.381817,-6.874493,2024-06-17,2
126438,4,109.381483,-6.874467,2024-06-17,2
126439,4,109.381203,-6.874444,2024-06-17,2
126440,4,109.383071,-6.874378,2024-06-17,2
126441,4,109.382818,-6.874371,2024-06-17,2
126442,4,109.380885,-6.874413,2024-06-17,2
126443,4,109.382498,-6.874361,2024-06-17,2
126444,4,109.382152,-6.874358,2024-06-17,2
126445,4,109.381824,-6.874338,2024-06-17,2
126446,4,109.383091,-6.874289,2024-06-17,2
126447,4,109.382835,-6.874285,2024-06-17,2
126448,4,109.381488,-6.874317,2024-06-17,2
126449,4,109.382499,-6.874279,2024-06-17,2
126450,4,109.38121,-6.874298,2024-06-17,2
126451,4,109.380891,-6.874273,2024-06-17,2
126452,4,109.382152,-6.874225,2024-06-17,2
126453,4,109.38183,-6.874206,2024-06-17,2
126454,4,109.381492,-6.874186,2024-06-17,2
126455,4,109.38307,-6.874169,2024-06-17,2
126456,4,109.381148,-6.874165,2024-06-17,2
126457,4,109.382788,-6.874166,2024-06-17,2
126458,4,109.382487,-6.874162,2024-06-17,2
126459,4,109.380825,-6.874141,2024-06-17,2
126460,4,109.382154,-6.874103,2024-06-17,2
126461,4,109.381835,-6.874084,2024-06-17,2
126462,4,109.381494,-6.874064,2024-06-17,2
126463,4,109.381153,-6.874044,2024-06-17,2
126464,4,109.380831,-6.874024,2024-06-17,2
126465,4,109.383136,-6.874029,2024-06-17,2
126466,4,109.382902,-6.874018,2024-06-17,2
126467,4,109.38266,-6.874014,2024-06-17,2
126468,4,109.382434,-6.874009,2024-06-17,2
126469,4,109.382156,-6.873985,2024-06-17,2
126470,4,109.381841,-6.873966,2024-06-17,2
126471,4,109.381499,-6.873945,2024-06-17,2
126472,4,109.381156,-6.873926,2024-06-17,2
126473,4,109.380833,-6.87391,2024-06-17,2
126474,4,109.383116,-6.873873,2024-06-17,2
126475,4,109.382902,-6.87387,2024-06-17,2
126476,4,109.382662,-6.873866,2024-06-17,2
126477,4,109.382437,-6.873862,2024-06-17,2
126478,4,109.382157,-6.873854,2024-06-17,2
126479,4,109.381847,-6.873836,2024-06-17,2
126480,4,109.381506,-6.873816,2024-06-17,2
126481,4,109.381161,-6.873798,2024-06-17,2
126482,4,109.380838,-6.873781,2024-06-17,2
126483,4,109.383099,-6.873717,2024-06-17,2
126484,4,109.382887,-6.873715,2024-06-17,2
126485,4,109.382665,-6.873713,2024-06-17,2
126486,4,109.382438,-6.87371,2024-06-17,2
126493,4,109.383167,-6.873582,2024-06-17,2
126494,4,109.383018,-6.873559,2024-06-17,2
126495,4,109.382756,-6.873558,2024-06-17,2
126496,4,109.382465,-6.873555,2024-06-17,2
126498,4,109.383139,-6.873413,2024-06-17,2
126500,4,109.382461,-6.873411,2024-06-17,2
126501,4,109.382758,-6.873411,2024-06-17,2
126502,4,109.383014,-6.873414,2024-06-17,2
126505,4,109.382741,-6.873335,2024-06-17,2
126506,4,109.38245,-6.873331,2024-06-17,2
126552,4,109.391954,-6.871753,2024-06-17,2
126555,4,109.391295,-6.871774,2024-06-17,2
126556,4,109.391452,-6.871755,2024-06-17,2
126558,4,109.391612,-6.871732,2024-06-17,2
126560,4,109.391772,-6.871704,2024-06-17,2
126565,4,109.391935,-6.8716,2024-06-17,2
126569,4,109.391918,-6.871453,2024-06-17,2
126577,4,109.391586,-6.871432,2024-06-17,2
126578,4,109.39127,-6.871445,2024-06-17,2
126582,4,109.390429,-6.871285,2024-06-17,2
126583,4,109.390597,-6.871272,2024-06-17,2
126587,4,109.391565,-6.871177,2024-06-17,2
126590,4,109.391248,-6.871167,2024-06-17,2
126593,4,109.390416,-6.871098,2024-06-17,2
126594,4,109.390583,-6.871084,2024-06-17,2
126600,4,109.39123,-6.87095,2024-06-17,2
126603,4,109.391547,-6.870952,2024-06-17,2
126604,4,109.390569,-6.870906,2024-06-17,2
126607,4,109.390889,-6.870805,2024-06-17,2
126615,4,109.391526,-6.870705,2024-06-17,2
126621,4,109.390708,-6.87055,2024-06-17,2
126622,4,109.390867,-6.870535,2024-06-17,2
48928,3,109.053417,-6.9815,2024-06-17,3
49524,3,109.052593,-6.982177,2024-06-17,3
49525,3,109.053045,-6.982179,2024-06-17,3
49526,3,109.052595,-6.981725,2024-06-17,3
49527,3,109.053047,-6.981727,2024-06-17,3
49535,3,108.895298,-6.951217,2024-06-17,3
49536,3,108.894395,-6.950761,2024-06-17,3
49538,3,108.8953,-6.950765,2024-06-17,3
49542,3,108.895302,-6.950313,2024-06-17,3
49548,3,108.895756,-6.949863,2024-06-17,3
49550,3,108.894853,-6.949407,2024-06-17,3
53119,3,109.053327,-6.982333,2024-06-17,3
53121,3,109.052833,-6.982201,2024-06-17,3
53122,3,109.052552,-6.982182,2024-06-17,3
53124,3,109.052943,-6.982091,2024-06-17,3
53125,3,109.052706,-6.982075,2024-06-17,3
53126,3,109.052557,-6.982064,2024-06-17,3
53129,3,109.05298,-6.981822,2024-06-17,3
53130,3,109.052577,-6.981797,2024-06-17,3
53132,3,109.052992,-6.981708,2024-06-17,3
53133,3,109.052827,-6.981759,2024-06-17,3
53134,3,109.052709,-6.981763,2024-06-17,3
53135,3,109.052603,-6.981682,2024-06-17,3
53136,3,109.053753,-6.981651,2024-06-17,3
53137,3,109.053524,-6.981637,2024-06-17,3
53138,3,109.053269,-6.981621,2024-06-17,3
53139,3,109.052995,-6.981604,2024-06-17,3
53140,3,109.052783,-6.98159,2024-06-17,3
53141,3,109.05262,-6.98158,2024-06-17,3
53142,3,109.053756,-6.98156,2024-06-17,3
53143,3,109.053529,-6.981546,2024-06-17,3
53144,3,109.053273,-6.98153,2024-06-17,3
53145,3,109.052999,-6.981511,2024-06-17,3
53146,3,109.052789,-6.981497,2024-06-17,3
53147,3,109.052623,-6.981486,2024-06-17,3
53185,3,108.895409,-6.951236,2024-06-17,3
53186,3,108.89504,-6.951135,2024-06-17,3
53188,3,108.895166,-6.951123,2024-06-17,3
53189,3,108.89464,-6.951,2024-06-17,3
53190,3,108.895513,-6.950994,2024-06-17,3
53191,3,108.894749,-6.951003,2024-06-17,3
53192,3,108.894826,-6.950948,2024-06-17,3
53193,3,108.895312,-6.950901,2024-06-17,3
53195,3,108.894399,-6.950895,2024-06-17,3
53196,3,108.894474,-6.950865,2024-06-17,3
53197,3,108.895572,-6.950882,2024-06-17,3
53200,3,108.894541,-6.950804,2024-06-17,3
53202,3,108.894231,-6.950742,2024-06-17,3
53203,3,108.894064,-6.950748,2024-06-17,3
53204,3,108.894908,-6.950713,2024-06-17,3
53205,3,108.895293,-6.950756,2024-06-17,3
53207,3,108.89427,-6.950668,2024-06-17,3
53208,3,108.894024,-6.950634,2024-06-17,3
53212,3,108.894641,-6.950586,2024-06-17,3
53214,3,108.894958,-6.950604,2024-06-17,3
53215,3,108.894057,-6.950557,2024-06-17,3
53218,3,108.893835,-6.950532,2024-06-17,3
53221,3,108.893898,-6.950471,2024-06-17,3
53222,3,108.894999,-6.950477,2024-06-17,3
53225,3,108.894688,-6.950483,2024-06-17,3
53233,3,108.894733,-6.950361,2024-06-17,3
53238,3,108.895159,-6.950283,2024-06-17,3
53246,3,108.894826,-6.950147,2024-06-17,3
53255,3,108.895932,-6.949968,2024-06-17,3
53264,3,108.895647,-6.949851,2024-06-17,3
53274,3,108.895315,-6.949715,2024-06-17,3
53276,3,108.89561,-6.94976,2024-06-17,3
53281,3,108.895052,-6.949608,2024-06-17,3
53282,3,108.895093,-6.94954,2024-06-17,3
53285,3,108.894859,-6.949529,2024-06-17,3
53289,3,108.89488,-6.949449,2024-06-17,3
53290,3,108.894678,-6.949455,2024-06-17,3
53294,3,108.894682,-6.949365,2024-06-17,3
53295,3,108.894447,-6.949362,2024-06-17,3
53299,3,108.894491,-6.949284,2024-06-17,3
124589,4,109.406519,-6.896431,2024-06-17,3
124592,4,109.429472,-6.896186,2024-06-17,3
124598,4,109.052986,-6.995039,2024-06-17,3
124607,4,109.406953,-6.895875,2024-06-17,3
124609,4,109.052619,-6.994092,2024-06-17,3
124733,4,109.053444,-6.99529,2024-06-17,3
124734,4,109.053896,-6.995292,2024-06-17,3
124736,4,109.052543,-6.994382,2024-06-17,3
124740,4,109.052544,-6.99393,2024-06-17,3
124745,4,109.052546,-6.993478,2024-06-17,3
124861,4,109.406249,-6.897601,2024-06-17,3
124862,4,109.406702,-6.897602,2024-06-17,3
124863,4,109.407154,-6.897604,2024-06-17,3
124864,4,109.406251,-6.897149,2024-06-17,3
124865,4,109.406703,-6.89715,2024-06-17,3
124866,4,109.407155,-6.897152,2024-06-17,3
124867,4,109.406252,-6.896696,2024-06-17,3
124868,4,109.406705,-6.896698,2024-06-17,3
124869,4,109.407157,-6.8967,2024-06-17,3
124872,4,109.429604,-6.896741,2024-06-17,3
124873,4,109.430057,-6.896742,2024-06-17,3
124874,4,109.406254,-6.896244,2024-06-17,3
124875,4,109.406706,-6.896246,2024-06-17,3
124876,4,109.429606,-6.896289,2024-06-17,3
124877,4,109.430058,-6.89629,2024-06-17,3
124878,4,109.406255,-6.895792,2024-06-17,3
124879,4,109.406708,-6.895794,2024-06-17,3
124891,4,109.429612,-6.89448,2024-06-17,3
124892,4,109.430064,-6.894482,2024-06-17,3
125625,4,109.054257,-6.995363,2024-06-17,3
125627,4,109.054117,-6.995335,2024-06-17,3
125629,4,109.053924,-6.995301,2024-06-17,3
125630,4,109.053782,-6.995276,2024-06-17,3
125632,4,109.053615,-6.995246,2024-06-17,3
125635,4,109.053409,-6.99521,2024-06-17,3
125636,4,109.053199,-6.995172,2024-06-17,3
125637,4,109.052976,-6.995135,2024-06-17,3
125639,4,109.054279,-6.995145,2024-06-17,3
125641,4,109.054127,-6.995113,2024-06-17,3
125643,4,109.053873,-6.995082,2024-06-17,3
125644,4,109.053637,-6.995053,2024-06-17,3
125645,4,109.053425,-6.995026,2024-06-17,3
125646,4,109.053223,-6.995001,2024-06-17,3
125648,4,109.052999,-6.994977,2024-06-17,3
125667,4,109.052579,-6.994653,2024-06-17,3
125677,4,109.05259,-6.994493,2024-06-17,3
125689,4,109.052604,-6.994313,2024-06-17,3
125698,4,109.05262,-6.9941,2024-06-17,3
125709,4,109.052635,-6.993886,2024-06-17,3
125710,4,109.052463,-6.993874,2024-06-17,3
125719,4,109.052477,-6.9937,2024-06-17,3
125720,4,109.052366,-6.99368,2024-06-17,3
125721,4,109.052648,-6.993688,2024-06-17,3
125725,4,109.052492,-6.993523,2024-06-17,3
125726,4,109.052379,-6.9935,2024-06-17,3
125727,4,109.05266,-6.993499,2024-06-17,3
125728,4,109.052388,-6.993398,2024-06-17,3
125731,4,109.052668,-6.993368,2024-06-17,3
125732,4,109.052547,-6.993411,2024-06-17,3
126116,4,109.40689,-6.897707,2024-06-17,3
126117,4,109.406701,-6.897694,2024-06-17,3
126118,4,109.40648,-6.897704,2024-06-17,3
126119,4,109.40628,-6.897681,2024-06-17,3
126120,4,109.406905,-6.897592,2024-06-17,3
126121,4,109.407241,-6.897579,2024-06-17,3
126122,4,109.407129,-6.89757,2024-06-17,3
126123,4,109.406707,-6.897572,2024-06-17,3
126124,4,109.406486,-6.897548,2024-06-17,3
126125,4,109.40629,-6.897527,2024-06-17,3
126126,4,109.406058,-6.897478,2024-06-17,3
126127,4,109.405894,-6.897463,2024-06-17,3
126128,4,109.40714,-6.89744,2024-06-17,3
126129,4,109.40692,-6.897435,2024-06-17,3
126130,4,109.406768,-6.897419,2024-06-17,3
126131,4,109.406588,-6.8974,2024-06-17,3
126132,4,109.406023,-6.897359,2024-06-17,3
126133,4,109.406346,-6.897375,2024-06-17,3
126134,4,109.40693,-6.897274,2024-06-17,3
126135,4,109.406077,-6.897244,2024-06-17,3
126136,4,109.406778,-6.89726,2024-06-17,3
126137,4,109.40591,-6.89723,2024-06-17,3
126138,4,109.407265,-6.897402,2024-06-17,3
126139,4,109.406596,-6.897242,2024-06-17,3
126140,4,109.407198,-6.897239,2024-06-17,3
126141,4,109.406353,-6.897219,2024-06-17,3
126142,4,109.405902,-6.897144,2024-06-17,3
126143,4,109.405905,-6.89709,2024-06-17,3
126144,4,109.406072,-6.897124,2024-06-17,3
126145,4,109.406936,-6.897117,2024-06-17,3
126146,4,109.406774,-6.897102,2024-06-17,3
126147,4,109.405907,-6.89704,2024-06-17,3
126148,4,109.429556,-6.897051,2024-06-17,3
126149,4,109.429779,-6.897047,2024-06-17,3
126150,4,109.429973,-6.897045,2024-06-17,3
126151,4,109.406585,-6.897084,2024-06-17,3
126152,4,109.430168,-6.897004,2024-06-17,3
126153,4,109.407322,-6.897084,2024-06-17,3
126154,4,109.430305,-6.897006,2024-06-17,3
126155,4,109.407213,-6.89707,2024-06-17,3
126156,4,109.40591,-6.896993,2024-06-17,3
126157,4,109.406353,-6.89706,2024-06-17,3
126163,4,109.406077,-6.897006,2024-06-17,3
126164,4,109.405911,-6.896952,2024-06-17,3
126165,4,109.406946,-6.896961,2024-06-17,3
126166,4,109.406787,-6.896947,2024-06-17,3
126167,4,109.406116,-6.896903,2024-06-17,3
126168,4,109.406599,-6.896928,2024-06-17,3
126169,4,109.429551,-6.896917,2024-06-17,3
126170,4,109.405948,-6.896886,2024-06-17,3
126171,4,109.429775,-6.896916,2024-06-17,3
126172,4,109.429975,-6.896912,2024-06-17,3
126173,4,109.430166,-6.89691,2024-06-17,3
126174,4,109.430305,-6.896906,2024-06-17,3
126175,4,109.407336,-6.89691,2024-06-17,3
126176,4,109.406363,-6.896904,2024-06-17,3
126177,4,109.407227,-6.896898,2024-06-17,3
126183,4,109.406125,-6.896808,2024-06-17,3
126184,4,109.405955,-6.896789,2024-06-17,3
126185,4,109.406953,-6.896809,2024-06-17,3
126186,4,109.406789,-6.896792,2024-06-17,3
126187,4,109.4066,-6.896773,2024-06-17,3
126188,4,109.406159,-6.896721,2024-06-17,3
126189,4,109.429548,-6.896748,2024-06-17,3
126190,4,109.430229,-6.896745,2024-06-17,3
126191,4,109.429772,-6.896748,2024-06-17,3
126192,4,109.429984,-6.896746,2024-06-17,3
126193,4,109.406368,-6.896749,2024-06-17,3
126194,4,109.407349,-6.896746,2024-06-17,3
126195,4,109.405991,-6.896703,2024-06-17,3
126196,4,109.407241,-6.896727,2024-06-17,3
126197,4,109.406168,-6.896629,2024-06-17,3
126198,4,109.406964,-6.896656,2024-06-17,3
126204,4,109.406803,-6.896639,2024-06-17,3
126205,4,109.405998,-6.896611,2024-06-17,3
126206,4,109.406615,-6.896618,2024-06-17,3
126207,4,109.406379,-6.896592,2024-06-17,3
126208,4,109.429784,-6.896583,2024-06-17,3
126209,4,109.430257,-6.896581,2024-06-17,3
126210,4,109.429545,-6.896582,2024-06-17,3
126211,4,109.430022,-6.896581,2024-06-17,3
126212,4,109.407352,-6.896573,2024-06-17,3
126213,4,109.406175,-6.896537,2024-06-17,3
126214,4,109.407243,-6.896562,2024-06-17,3
126215,4,109.406036,-6.896522,2024-06-17,3
126216,4,109.40593,-6.89651,2024-06-17,3
126217,4,109.406816,-6.896485,2024-06-17,3
126218,4,109.406629,-6.896464,2024-06-17,3
126219,4,109.40639,-6.896439,2024-06-17,3
126220,4,109.430024,-6.896416,2024-06-17,3
126221,4,109.429783,-6.896416,2024-06-17,3
126222,4,109.430258,-6.896414,2024-06-17,3
126223,4,109.429543,-6.896413,2024-06-17,3
126224,4,109.407363,-6.896403,2024-06-17,3
126225,4,109.407253,-6.896393,2024-06-17,3
126226,4,109.406987,-6.896323,2024-06-17,3
126227,4,109.406829,-6.896307,2024-06-17,3
126228,4,109.406678,-6.896293,2024-06-17,3
126229,4,109.406508,-6.896276,2024-06-17,3
126230,4,109.430259,-6.896253,2024-06-17,3
126231,4,109.430025,-6.896253,2024-06-17,3
126232,4,109.429784,-6.896251,2024-06-17,3
126233,4,109.42954,-6.896248,2024-06-17,3
126234,4,109.406304,-6.896256,2024-06-17,3
126235,4,109.406042,-6.896318,2024-06-17,3
126236,4,109.407374,-6.896227,2024-06-17,3
126237,4,109.407261,-6.89622,2024-06-17,3
126238,4,109.406999,-6.89616,2024-06-17,3
126239,4,109.406841,-6.896144,2024-06-17,3
126240,4,109.406692,-6.89613,2024-06-17,3
126241,4,109.406522,-6.896112,2024-06-17,3
126242,4,109.43026,-6.896093,2024-06-17,3
126243,4,109.430027,-6.896091,2024-06-17,3
126244,4,109.429782,-6.896087,2024-06-17,3
126245,4,109.406315,-6.896092,2024-06-17,3
126246,4,109.429535,-6.896083,2024-06-17,3
126247,4,109.407385,-6.896061,2024-06-17,3
126248,4,109.407271,-6.89605,2024-06-17,3
126249,4,109.407011,-6.895995,2024-06-17,3
126250,4,109.406122,-6.89604,2024-06-17,3
126251,4,109.406852,-6.89598,2024-06-17,3
126252,4,109.405988,-6.896027,2024-06-17,3
126253,4,109.406703,-6.895965,2024-06-17,3
126254,4,109.406534,-6.895949,2024-06-17,3
126260,4,109.406326,-6.895928,2024-06-17,3
126261,4,109.407023,-6.895826,2024-06-17,3
126262,4,109.406863,-6.895811,2024-06-17,3
126264,4,109.406713,-6.895798,2024-06-17,3
126268,4,109.406544,-6.895783,2024-06-17,3
126272,4,109.406336,-6.895765,2024-06-17,3
126279,4,109.406139,-6.895752,2024-06-17,3
126282,4,109.406005,-6.895742,2024-06-17,3
126283,4,109.407034,-6.895654,2024-06-17,3
126284,4,109.406875,-6.895642,2024-06-17,3
126286,4,109.406724,-6.895629,2024-06-17,3
126290,4,109.406549,-6.895616,2024-06-17,3
126295,4,109.40634,-6.895599,2024-06-17,3
126300,4,109.406965,-6.895486,2024-06-17,3
126301,4,109.406736,-6.895468,2024-06-17,3
126304,4,109.406561,-6.895454,2024-06-17,3
126310,4,109.406352,-6.895437,2024-06-17,3
126313,4,109.406155,-6.895475,2024-06-17,3
126316,4,109.406021,-6.895462,2024-06-17,3
126343,4,109.430272,-6.894833,2024-06-17,3
126344,4,109.430053,-6.89483,2024-06-17,3
126350,4,109.429829,-6.894826,2024-06-17,3
126351,4,109.429648,-6.894822,2024-06-17,3
126352,4,109.429474,-6.89482,2024-06-17,3
126353,4,109.430055,-6.894688,2024-06-17,3
126354,4,109.429831,-6.894684,2024-06-17,3
126355,4,109.42964,-6.894681,2024-06-17,3
126356,4,109.430271,-6.894686,2024-06-17,3
126357,4,109.429476,-6.894675,2024-06-17,3
126359,4,109.430272,-6.894547,2024-06-17,3
126360,4,109.430056,-6.894544,2024-06-17,3
126361,4,109.429827,-6.894541,2024-06-17,3
126362,4,109.429637,-6.894538,2024-06-17,3
126363,4,109.429466,-6.894536,2024-06-17,3
126369,4,109.430267,-6.894417,2024-06-17,3
126371,4,109.430054,-6.894405,2024-06-17,3
126372,4,109.429824,-6.894401,2024-06-17,3
126373,4,109.429633,-6.894399,2024-06-17,3
126374,4,109.429463,-6.894397,2024-06-17,3
126378,4,109.429472,-6.894289,2024-06-17,3
126379,4,109.43019,-6.894289,2024-06-17,3
126380,4,109.429631,-6.894282,2024-06-17,3
126381,4,109.43005,-6.894288,2024-06-17,3
126382,4,109.429822,-6.894274,2024-06-17,3
48924,3,108.892183,-6.948961,2024-06-17,4
48933,3,109.411611,-7.426361,2024-06-17,4
48943,3,109.488056,-7.716167,2024-06-17,4
49409,3,109.487652,-7.715784,2024-06-17,4
49410,3,109.488105,-7.715786,2024-06-17,4
49412,3,109.489012,-7.715789,2024-06-17,4
49413,3,109.487653,-7.715332,2024-06-17,4
49414,3,109.488107,-7.715334,2024-06-17,4
49417,3,109.487655,-7.71488,2024-06-17,4
49418,3,109.488108,-7.714882,2024-06-17,4
49504,3,109.411658,-7.426606,2024-06-17,4
49505,3,109.412111,-7.426607,2024-06-17,4
49513,3,109.411659,-7.426154,2024-06-17,4
49514,3,109.412112,-7.426155,2024-06-17,4
49529,3,109.052597,-6.981273,2024-06-17,4
52120,3,109.48898,-7.716486,2024-06-17,4
52122,3,109.488243,-7.716461,2024-06-17,4
52124,3,109.487982,-7.716373,2024-06-17,4
52135,3,109.488794,-7.716119,2024-06-17,4
52145,3,109.488121,-7.715929,2024-06-17,4
52147,3,109.488644,-7.715902,2024-06-17,4
52149,3,109.487735,-7.715842,2024-06-17,4
52150,3,109.488996,-7.715832,2024-06-17,4
52152,3,109.488145,-7.715814,2024-06-17,4
52153,3,109.488984,-7.715749,2024-06-17,4
52155,3,109.487682,-7.715721,2024-06-17,4
52159,3,109.487677,-7.715582,2024-06-17,4
52160,3,109.487994,-7.715562,2024-06-17,4
52162,3,109.489253,-7.715473,2024-06-17,4
52165,3,109.489245,-7.715322,2024-06-17,4
52168,3,109.488168,-7.715376,2024-06-17,4
52169,3,109.487725,-7.715351,2024-06-17,4
52173,3,109.489216,-7.715111,2024-06-17,4
52175,3,109.48878,-7.715103,2024-06-17,4
52176,3,109.48919,-7.714993,2024-06-17,4
52177,3,109.487886,-7.715006,2024-06-17,4
52178,3,109.489155,-7.714878,2024-06-17,4
52179,3,109.487612,-7.715017,2024-06-17,4
52181,3,109.487768,-7.714809,2024-06-17,4
52182,3,109.48811,-7.714876,2024-06-17,4
52183,3,109.487885,-7.714778,2024-06-17,4
52184,3,109.488043,-7.714741,2024-06-17,4
52778,3,109.411941,-7.426895,2024-06-17,4
52784,3,109.411867,-7.426886,2024-06-17,4
52787,3,109.411796,-7.426877,2024-06-17,4
52792,3,109.411668,-7.426859,2024-06-17,4
52797,3,109.411527,-7.426841,2024-06-17,4
52799,3,109.411431,-7.42683,2024-06-17,4
52800,3,109.411378,-7.426822,2024-06-17,4
52808,3,109.412286,-7.426848,2024-06-17,4
52809,3,109.412224,-7.426842,2024-06-17,4
52813,3,109.412145,-7.42683,2024-06-17,4
52816,3,109.412067,-7.426829,2024-06-17,4
52818,3,109.412014,-7.426814,2024-06-17,4
52821,3,109.411952,-7.426805,2024-06-17,4
52827,3,109.411866,-7.426787,2024-06-17,4
52828,3,109.411772,-7.426775,2024-06-17,4
52833,3,109.411666,-7.426754,2024-06-17,4
52840,3,109.411543,-7.426735,2024-06-17,4
52842,3,109.411449,-7.426719,2024-06-17,4
52845,3,109.411391,-7.426705,2024-06-17,4
52866,3,109.412317,-7.426627,2024-06-17,4
52869,3,109.412258,-7.426623,2024-06-17,4
52873,3,109.412179,-7.426613,2024-06-17,4
52877,3,109.412102,-7.426593,2024-06-17,4
52879,3,109.412022,-7.426591,2024-06-17,4
52881,3,109.41192,-7.426562,2024-06-17,4
52883,3,109.411817,-7.426555,2024-06-17,4
52889,3,109.411701,-7.426534,2024-06-17,4
52895,3,109.411577,-7.426517,2024-06-17,4
52900,3,109.411487,-7.426503,2024-06-17,4
52904,3,109.411421,-7.426478,2024-06-17,4
52928,3,109.412335,-7.426351,2024-06-17,4
52932,3,109.411608,-7.426306,2024-06-17,4
52933,3,109.412236,-7.426337,2024-06-17,4
52934,3,109.411412,-7.42624,2024-06-17,4
52939,3,109.412156,-7.426324,2024-06-17,4
52943,3,109.412074,-7.426318,2024-06-17,4
52948,3,109.411978,-7.426302,2024-06-17,4
52956,3,109.411867,-7.426285,2024-06-17,4
52980,3,109.41163,-7.426173,2024-06-17,4
52981,3,109.412371,-7.426153,2024-06-17,4
52982,3,109.411426,-7.426133,2024-06-17,4
52985,3,109.412267,-7.426138,2024-06-17,4
52988,3,109.412182,-7.426129,2024-06-17,4
52989,3,109.412097,-7.426118,2024-06-17,4
52991,3,109.412006,-7.426108,2024-06-17,4
52995,3,109.411796,-7.426078,2024-06-17,4
52996,3,109.412391,-7.426045,2024-06-17,4
52998,3,109.412269,-7.426031,2024-06-17,4
53001,3,109.412164,-7.426021,2024-06-17,4
53002,3,109.411546,-7.426041,2024-06-17,4
53003,3,109.411441,-7.426021,2024-06-17,4
53004,3,109.412065,-7.426011,2024-06-17,4
53008,3,109.411876,-7.42599,2024-06-17,4
53012,3,109.411588,-7.425957,2024-06-17,4
53112,3,109.052823,-6.982463,2024-06-17,4
53113,3,109.052541,-6.982452,2024-06-17,4
53148,3,109.053791,-6.981432,2024-06-17,4
53149,3,109.053634,-6.981423,2024-06-17,4
53150,3,109.053474,-6.981412,2024-06-17,4
53151,3,109.053284,-6.981398,2024-06-17,4
53152,3,109.052946,-6.981373,2024-06-17,4
53153,3,109.052628,-6.981349,2024-06-17,4
53160,3,109.052946,-6.981087,2024-06-17,4
53161,3,109.052637,-6.981069,2024-06-17,4
53162,3,109.053792,-6.981095,2024-06-17,4
53163,3,109.053623,-6.981083,2024-06-17,4
53164,3,109.053351,-6.981065,2024-06-17,4
53165,3,109.052945,-6.980989,2024-06-17,4
53166,3,109.05264,-6.980968,2024-06-17,4
124596,4,109.093331,-6.969928,2024-06-17,4
124597,4,109.052569,-6.994953,2024-06-17,4
124599,4,109.052872,-6.995378,2024-06-17,4
124600,4,109.052519,-6.995586,2024-06-17,4
124610,4,109.052478,-6.994253,2024-06-17,4
124725,4,109.05344,-6.996194,2024-06-17,4
124726,4,109.053892,-6.996196,2024-06-17,4
124727,4,109.052537,-6.995738,2024-06-17,4
124728,4,109.052989,-6.99574,2024-06-17,4
124729,4,109.053442,-6.995742,2024-06-17,4
124730,4,109.053894,-6.995744,2024-06-17,4
124731,4,109.052539,-6.995286,2024-06-17,4
124732,4,109.052991,-6.995288,2024-06-17,4
124735,4,109.052541,-6.994834,2024-06-17,4
124738,4,109.053447,-6.994386,2024-06-17,4
124739,4,109.0539,-6.994388,2024-06-17,4
124742,4,109.053449,-6.993934,2024-06-17,4
124743,4,109.053902,-6.993936,2024-06-17,4
124744,4,109.054354,-6.993938,2024-06-17,4
124747,4,109.053451,-6.993482,2024-06-17,4
124748,4,109.093807,-6.971496,2024-06-17,4
124749,4,109.094259,-6.971498,2024-06-17,4
124750,4,109.094712,-6.9715,2024-06-17,4
124751,4,109.095164,-6.971502,2024-06-17,4
124752,4,109.093356,-6.971042,2024-06-17,4
124753,4,109.093809,-6.971044,2024-06-17,4
124754,4,109.094261,-6.971046,2024-06-17,4
124755,4,109.094713,-6.971048,2024-06-17,4
124756,4,109.095166,-6.97105,2024-06-17,4
124757,4,109.093358,-6.97059,2024-06-17,4
124758,4,109.09381,-6.970592,2024-06-17,4
124759,4,109.094263,-6.970594,2024-06-17,4
124760,4,109.094715,-6.970596,2024-06-17,4
124761,4,109.095168,-6.970598,2024-06-17,4
124762,4,109.09336,-6.970138,2024-06-17,4
124763,4,109.093812,-6.97014,2024-06-17,4
124764,4,109.094265,-6.970142,2024-06-17,4
124765,4,109.094717,-6.970144,2024-06-17,4
124766,4,109.093362,-6.969686,2024-06-17,4
124767,4,109.093814,-6.969688,2024-06-17,4
124768,4,109.094266,-6.96969,2024-06-17,4
124769,4,109.094719,-6.969692,2024-06-17,4
125575,4,109.053733,-6.996248,2024-06-17,4
125576,4,109.053502,-6.996198,2024-06-17,4
125577,4,109.054174,-6.996183,2024-06-17,4
125578,4,109.05399,-6.996178,2024-06-17,4
125579,4,109.053251,-6.996155,2024-06-17,4
125580,4,109.05376,-6.996136,2024-06-17,4
125581,4,109.053004,-6.996101,2024-06-17,4
125582,4,109.052769,-6.996051,2024-06-17,4
125583,4,109.053517,-6.996089,2024-06-17,4
125584,4,109.054189,-6.996069,2024-06-17,4
125585,4,109.052548,-6.996006,2024-06-17,4
125586,4,109.052422,-6.995979,2024-06-17,4
125587,4,109.053265,-6.99604,2024-06-17,4
125588,4,109.054013,-6.996035,2024-06-17,4
125589,4,109.053017,-6.995992,2024-06-17,4
125590,4,109.05378,-6.995991,2024-06-17,4
125591,4,109.052783,-6.995948,2024-06-17,4
125592,4,109.053536,-6.995944,2024-06-17,4
125593,4,109.054205,-6.995922,2024-06-17,4
125594,4,109.052559,-6.995906,2024-06-17,4
125595,4,109.053296,-6.995899,2024-06-17,4
125596,4,109.054033,-6.995886,2024-06-17,4
125597,4,109.052353,-6.995864,2024-06-17,4
125598,4,109.05305,-6.995853,2024-06-17,4
125599,4,109.053806,-6.995839,2024-06-17,4
125600,4,109.0528,-6.995806,2024-06-17,4
125601,4,109.053605,-6.995799,2024-06-17,4
125602,4,109.054207,-6.995776,2024-06-17,4
125603,4,109.052576,-6.995765,2024-06-17,4
125604,4,109.054226,-6.995678,2024-06-17,4
125605,4,109.052364,-6.995725,2024-06-17,4
125606,4,109.053356,-6.995746,2024-06-17,4
125607,4,109.053068,-6.995687,2024-06-17,4
125608,4,109.053934,-6.995689,2024-06-17,4
125609,4,109.052855,-6.995642,2024-06-17,4
125610,4,109.053611,-6.995625,2024-06-17,4
125611,4,109.052661,-6.995614,2024-06-17,4
125612,4,109.053501,-6.995601,2024-06-17,4
125613,4,109.052408,-6.995581,2024-06-17,4
125614,4,109.053354,-6.995571,2024-06-17,4
125615,4,109.054239,-6.99555,2024-06-17,4
125616,4,109.053143,-6.995527,2024-06-17,4
125617,4,109.05294,-6.995483,2024-06-17,4
125618,4,109.054009,-6.995506,2024-06-17,4
125619,4,109.053762,-6.995462,2024-06-17,4
125620,4,109.052728,-6.995435,2024-06-17,4
125621,4,109.052514,-6.99542,2024-06-17,4
125622,4,109.053597,-6.995433,2024-06-17,4
125623,4,109.05234,-6.995407,2024-06-17,4
125624,4,109.053373,-6.995393,2024-06-17,4
125626,4,109.053161,-6.995353,2024-06-17,4
125628,4,109.052956,-6.995313,2024-06-17,4
125631,4,109.052745,-6.995244,2024-06-17,4
125633,4,109.05253,-6.99523,2024-06-17,4
125634,4,109.052351,-6.995218,2024-06-17,4
125638,4,109.05276,-6.995075,2024-06-17,4
125640,4,109.052543,-6.995059,2024-06-17,4
125642,4,109.05236,-6.995045,2024-06-17,4
125647,4,109.054298,-6.994953,2024-06-17,4
125649,4,109.054147,-6.994943,2024-06-17,4
125650,4,109.053888,-6.994927,2024-06-17,4
125651,4,109.053648,-6.994912,2024-06-17,4
125652,4,109.053434,-6.994899,2024-06-17,4
125653,4,109.053119,-6.99488,2024-06-17,4
125654,4,109.052776,-6.994917,2024-06-17,4
125655,4,109.052557,-6.994901,2024-06-17,4
125656,4,109.05237,-6.994886,2024-06-17,4
125657,4,109.054189,-6.99474,2024-06-17,4
125658,4,109.053973,-6.994729,2024-06-17,4
125659,4,109.053826,-6.994722,2024-06-17,4
125660,4,109.053687,-6.994715,2024-06-17,4
125661,4,109.05354,-6.994706,2024-06-17,4
125662,4,109.053362,-6.994696,2024-06-17,4
125663,4,109.053157,-6.994684,2024-06-17,4
125664,4,109.052404,-6.994658,2024-06-17,4
125668,4,109.054199,-6.994582,2024-06-17,4
125669,4,109.053988,-6.994563,2024-06-17,4
125670,4,109.052412,-6.994531,2024-06-17,4
125671,4,109.054306,-6.994493,2024-06-17,4
125672,4,109.053841,-6.99455,2024-06-17,4
125673,4,109.054177,-6.994479,2024-06-17,4
125674,4,109.053704,-6.994538,2024-06-17,4
125675,4,109.054,-6.994459,2024-06-17,4
125676,4,109.053558,-6.994523,2024-06-17,4
125678,4,109.053379,-6.994507,2024-06-17,4
125679,4,109.053168,-6.994492,2024-06-17,4
125683,4,109.052421,-6.994406,2024-06-17,4
125684,4,109.054315,-6.994368,2024-06-17,4
125685,4,109.054187,-6.994353,2024-06-17,4
125686,4,109.054011,-6.994335,2024-06-17,4
125687,4,109.053861,-6.994345,2024-06-17,4
125688,4,109.053725,-6.994332,2024-06-17,4
125690,4,109.05358,-6.994316,2024-06-17,4
125691,4,109.053445,-6.994301,2024-06-17,4
125692,4,109.052432,-6.99426,2024-06-17,4
125695,4,109.054329,-6.994175,2024-06-17,4
125696,4,109.054205,-6.994151,2024-06-17,4
125697,4,109.054031,-6.994122,2024-06-17,4
125699,4,109.052446,-6.994075,2024-06-17,4
125700,4,109.053884,-6.994099,2024-06-17,4
125703,4,109.053748,-6.994081,2024-06-17,4
125704,4,109.053603,-6.994058,2024-06-17,4
125705,4,109.054297,-6.993987,2024-06-17,4
125706,4,109.053463,-6.994037,2024-06-17,4
125707,4,109.054123,-6.993954,2024-06-17,4
125708,4,109.053929,-6.993916,2024-06-17,4
125711,4,109.052352,-6.993864,2024-06-17,4
125712,4,109.054305,-6.993831,2024-06-17,4
125713,4,109.054132,-6.993813,2024-06-17,4
125714,4,109.053867,-6.993785,2024-06-17,4
125715,4,109.053646,-6.993816,2024-06-17,4
125716,4,109.053503,-6.993794,2024-06-17,4
125722,4,109.05371,-6.993647,2024-06-17,4
125729,4,109.053331,-6.993875,2024-06-17,4
125733,4,109.05369,-6.993465,2024-06-17,4
125734,4,109.053524,-6.993525,2024-06-17,4
125735,4,109.053636,-6.993275,2024-06-17,4
125736,4,109.053175,-6.993844,2024-06-17,4
125737,4,109.094674,-6.97147,2024-06-17,4
125738,4,109.094885,-6.971471,2024-06-17,4
125739,4,109.095234,-6.971456,2024-06-17,4
125740,4,109.0938,-6.971474,2024-06-17,4
125741,4,109.094072,-6.971439,2024-06-17,4
125742,4,109.094336,-6.971439,2024-06-17,4
125743,4,109.094528,-6.971441,2024-06-17,4
125744,4,109.095071,-6.971439,2024-06-17,4
125745,4,109.093304,-6.971422,2024-06-17,4
125746,4,109.094888,-6.971391,2024-06-17,4
125748,4,109.095245,-6.971325,2024-06-17,4
125749,4,109.095404,-6.971304,2024-06-17,4
125750,4,109.094685,-6.971318,2024-06-17,4
125751,4,109.094539,-6.971292,2024-06-17,4
125752,4,109.094345,-6.971287,2024-06-17,4
125753,4,109.09408,-6.971284,2024-06-17,4
125754,4,109.093815,-6.97133,2024-06-17,4
125755,4,109.093311,-6.971269,2024-06-17,4
125756,4,109.093763,-6.971231,2024-06-17,4
125757,4,109.094912,-6.971275,2024-06-17,4
125758,4,109.095081,-6.97127,2024-06-17,4
125759,4,109.095252,-6.971194,2024-06-17,4
125761,4,109.095406,-6.971187,2024-06-17,4
125762,4,109.094445,-6.971103,2024-06-17,4
125763,4,109.094551,-6.97111,2024-06-17,4
125764,4,109.09469,-6.971108,2024-06-17,4
125765,4,109.093911,-6.971089,2024-06-17,4
125766,4,109.094301,-6.971097,2024-06-17,4
125767,4,109.095256,-6.97106,2024-06-17,4
125768,4,109.094096,-6.971091,2024-06-17,4
125769,4,109.093325,-6.971083,2024-06-17,4
125770,4,109.094913,-6.971096,2024-06-17,4
125771,4,109.09509,-6.971078,2024-06-17,4
125772,4,109.093773,-6.971059,2024-06-17,4
125774,4,109.094563,-6.970914,2024-06-17,4
125775,4,109.094458,-6.970909,2024-06-17,4
125776,4,109.094305,-6.970903,2024-06-17,4
125777,4,109.094103,-6.9709,2024-06-17,4
125778,4,109.093921,-6.970901,2024-06-17,4
125779,4,109.095262,-6.970894,2024-06-17,4
125780,4,109.095017,-6.97088,2024-06-17,4
125781,4,109.095102,-6.970886,2024-06-17,4
125782,4,109.094877,-6.970897,2024-06-17,4
125783,4,109.093338,-6.970881,2024-06-17,4
125784,4,109.094693,-6.97089,2024-06-17,4
125785,4,109.093788,-6.970838,2024-06-17,4
125787,4,109.093943,-6.970744,2024-06-17,4
125788,4,109.093348,-6.97073,2024-06-17,4
125789,4,109.094113,-6.970745,2024-06-17,4
125790,4,109.094308,-6.970737,2024-06-17,4
125791,4,109.095265,-6.970716,2024-06-17,4
125792,4,109.095112,-6.970695,2024-06-17,4
125793,4,109.094476,-6.970628,2024-06-17,4
125794,4,109.094576,-6.970685,2024-06-17,4
125795,4,109.095027,-6.97069,2024-06-17,4
125796,4,109.094722,-6.970681,2024-06-17,4
125797,4,109.094905,-6.970684,2024-06-17,4
125798,4,109.093613,-6.970617,2024-06-17,4
125799,4,109.094257,-6.97058,2024-06-17,4
125800,4,109.093887,-6.970585,2024-06-17,4
125801,4,109.09412,-6.970584,2024-06-17,4
125802,4,109.093356,-6.970579,2024-06-17,4
125803,4,109.094584,-6.970516,2024-06-17,4
125804,4,109.094701,-6.97051,2024-06-17,4
125805,4,109.09482,-6.9705,2024-06-17,4
125806,4,109.094915,-6.9705,2024-06-17,4
125807,4,109.093625,-6.970483,2024-06-17,4
125808,4,109.095037,-6.9705,2024-06-17,4
125809,4,109.09448,-6.970501,2024-06-17,4
125810,4,109.095121,-6.970502,2024-06-17,4
125811,4,109.095271,-6.970516,2024-06-17,4
125812,4,109.093635,-6.970363,2024-06-17,4
125813,4,109.09337,-6.970391,2024-06-17,4
125814,4,109.094351,-6.970479,2024-06-17,4
125815,4,109.094264,-6.97039,2024-06-17,4
125816,4,109.094128,-6.970385,2024-06-17,4
125817,4,109.093903,-6.970382,2024-06-17,4
125818,4,109.094924,-6.97032,2024-06-17,4
125819,4,109.094829,-6.970315,2024-06-17,4
125820,4,109.09449,-6.970309,2024-06-17,4
125821,4,109.094591,-6.970329,2024-06-17,4
125822,4,109.094702,-6.970319,2024-06-17,4
125823,4,109.093643,-6.97024,2024-06-17,4
125824,4,109.093383,-6.970229,2024-06-17,4
125825,4,109.094137,-6.970208,2024-06-17,4
125826,4,109.093917,-6.970203,2024-06-17,4
125827,4,109.094274,-6.970174,2024-06-17,4
125828,4,109.094365,-6.97016,2024-06-17,4
125829,4,109.094509,-6.970118,2024-06-17,4
125830,4,109.094706,-6.970113,2024-06-17,4
125831,4,109.094838,-6.970109,2024-06-17,4
125832,4,109.094933,-6.970112,2024-06-17,4
125833,4,109.093658,-6.970076,2024-06-17,4
125834,4,109.093399,-6.970065,2024-06-17,4
125835,4,109.094143,-6.970053,2024-06-17,4
125836,4,109.093928,-6.970046,2024-06-17,4
125837,4,109.094845,-6.969963,2024-06-17,4
125838,4,109.094938,-6.969962,2024-06-17,4
125839,4,109.093153,-6.96997,2024-06-17,4
125840,4,109.093675,-6.969917,2024-06-17,4
125841,4,109.093416,-6.969903,2024-06-17,4
125842,4,109.093943,-6.96989,2024-06-17,4
125843,4,109.094152,-6.969894,2024-06-17,4
125844,4,109.094285,-6.96994,2024-06-17,4
125845,4,109.094476,-6.969919,2024-06-17,4
125846,4,109.09317,-6.969831,2024-06-17,4
125847,4,109.093427,-6.969752,2024-06-17,4
125848,4,109.093203,-6.969716,2024-06-17,4
125849,4,109.093685,-6.969759,2024-06-17,4
125850,4,109.093955,-6.969742,2024-06-17,4
125851,4,109.09416,-6.969741,2024-06-17,4
125852,4,109.094294,-6.969738,2024-06-17,4
125853,4,109.094483,-6.969735,2024-06-17,4
125854,4,109.094686,-6.969854,2024-06-17,4
48925,3,108.891528,-6.922556,2024-06-17,5
48929,3,109.053413,-6.9813,2024-06-17,5
48940,3,109.152944,-7.613611,2024-06-17,5
49445,3,109.151793,-7.615013,2024-06-17,5
49447,3,109.152248,-7.614563,2024-06-17,5
49448,3,109.152701,-7.614565,2024-06-17,5
49449,3,109.151797,-7.614109,2024-06-17,5
49452,3,109.151799,-7.613657,2024-06-17,5
49453,3,109.152252,-7.613658,2024-06-17,5
49454,3,109.152705,-7.61366,2024-06-17,5
49528,3,109.0535,-6.981729,2024-06-17,5
49531,3,109.053502,-6.981277,2024-06-17,5
49532,3,109.052599,-6.980821,2024-06-17,5
49533,3,109.053051,-6.980823,2024-06-17,5
49534,3,109.053503,-6.980825,2024-06-17,5
49551,3,108.890901,-6.922722,2024-06-17,5
49552,3,108.891353,-6.922724,2024-06-17,5
49553,3,108.891806,-6.922726,2024-06-17,5
49554,3,108.890903,-6.92227,2024-06-17,5
49555,3,108.891355,-6.922272,2024-06-17,5
49556,3,108.891808,-6.922274,2024-06-17,5
52346,3,109.152256,-7.61496,2024-06-17,5
52348,3,109.151684,-7.61491,2024-06-17,5
52349,3,109.152833,-7.614844,2024-06-17,5
52352,3,109.152468,-7.614836,2024-06-17,5
52353,3,109.152587,-7.614829,2024-06-17,5
52354,3,109.152243,-7.614743,2024-06-17,5
52357,3,109.152698,-7.614536,2024-06-17,5
52358,3,109.152448,-7.61453,2024-06-17,5
52359,3,109.152813,-7.614543,2024-06-17,5
52360,3,109.152566,-7.614523,2024-06-17,5
52362,3,109.152228,-7.614445,2024-06-17,5
52363,3,109.151644,-7.614228,2024-06-17,5
52366,3,109.152431,-7.614268,2024-06-17,5
52367,3,109.152548,-7.614261,2024-06-17,5
52369,3,109.151664,-7.614034,2024-06-17,5
52373,3,109.151596,-7.613831,2024-06-17,5
52374,3,109.151963,-7.613826,2024-06-17,5
52377,3,109.151627,-7.61364,2024-06-17,5
52378,3,109.151986,-7.613635,2024-06-17,5
52379,3,109.152349,-7.61363,2024-06-17,5
52380,3,109.152663,-7.613626,2024-06-17,5
53110,3,109.053645,-6.982489,2024-06-17,5
53111,3,109.053364,-6.982475,2024-06-17,5
53114,3,109.053173,-6.982465,2024-06-17,5
53115,3,109.053794,-6.982403,2024-06-17,5
53116,3,109.0536,-6.982391,2024-06-17,5
53117,3,109.052825,-6.982355,2024-06-17,5
53118,3,109.052545,-6.982339,2024-06-17,5
53120,3,109.053134,-6.982323,2024-06-17,5
53123,3,109.053264,-6.982135,2024-06-17,5
53131,3,109.053483,-6.981732,2024-06-17,5
53154,3,109.053799,-6.981265,2024-06-17,5
53155,3,109.053655,-6.981258,2024-06-17,5
53156,3,109.05348,-6.981246,2024-06-17,5
53157,3,109.053275,-6.981232,2024-06-17,5
53167,3,109.053822,-6.980921,2024-06-17,5
53168,3,109.053701,-6.980913,2024-06-17,5
53169,3,109.053546,-6.980901,2024-06-17,5
53170,3,109.053379,-6.980889,2024-06-17,5
53171,3,109.053158,-6.980872,2024-06-17,5
53172,3,109.052872,-6.980852,2024-06-17,5
53173,3,109.052646,-6.980835,2024-06-17,5
53174,3,109.053782,-6.980793,2024-06-17,5
53175,3,109.053548,-6.980777,2024-06-17,5
53176,3,109.053279,-6.980757,2024-06-17,5
53177,3,109.05294,-6.980732,2024-06-17,5
53178,3,109.052651,-6.980709,2024-06-17,5
53179,3,109.053774,-6.980687,2024-06-17,5
53180,3,109.053558,-6.980677,2024-06-17,5
53181,3,109.053379,-6.980669,2024-06-17,5
53182,3,109.053137,-6.980657,2024-06-17,5
53183,3,109.052858,-6.980642,2024-06-17,5
53184,3,109.052658,-6.980632,2024-06-17,5
53302,3,108.891413,-6.923092,2024-06-17,5
53303,3,108.891187,-6.923076,2024-06-17,5
53304,3,108.891012,-6.923064,2024-06-17,5
53305,3,108.890897,-6.923056,2024-06-17,5
53306,3,108.890755,-6.923045,2024-06-17,5
53307,3,108.891802,-6.923023,2024-06-17,5
53308,3,108.891399,-6.92299,2024-06-17,5
53309,3,108.890992,-6.922941,2024-06-17,5
53310,3,108.890761,-6.922913,2024-06-17,5
53311,3,108.891863,-6.922864,2024-06-17,5
53312,3,108.891608,-6.922839,2024-06-17,5
53313,3,108.891284,-6.922807,2024-06-17,5
53314,3,108.890904,-6.922774,2024-06-17,5
53315,3,108.890685,-6.922761,2024-06-17,5
53316,3,108.89187,-6.922678,2024-06-17,5
53317,3,108.891624,-6.922657,2024-06-17,5
53318,3,108.89129,-6.92263,2024-06-17,5
53319,3,108.890898,-6.922603,2024-06-17,5
53320,3,108.890681,-6.922616,2024-06-17,5
53321,3,108.890679,-6.922494,2024-06-17,5
53322,3,108.891761,-6.922488,2024-06-17,5
53323,3,108.891334,-6.92246,2024-06-17,5
53324,3,108.890981,-6.922437,2024-06-17,5
53325,3,108.890766,-6.922423,2024-06-17,5
53326,3,108.891762,-6.922323,2024-06-17,5
53327,3,108.891334,-6.922302,2024-06-17,5
53328,3,108.890977,-6.922281,2024-06-17,5
53329,3,108.890763,-6.92227,2024-06-17,5
53330,3,108.891763,-6.92215,2024-06-17,5
53331,3,108.891369,-6.922138,2024-06-17,5
53332,3,108.891047,-6.922128,2024-06-17,5
53333,3,108.890798,-6.922119,2024-06-17,5
53334,3,108.891855,-6.921975,2024-06-17,5
53335,3,108.891615,-6.921973,2024-06-17,5
53336,3,108.891326,-6.921969,2024-06-17,5
53337,3,108.891045,-6.921966,2024-06-17,5
53338,3,108.890799,-6.921963,2024-06-17,5
53339,3,108.891855,-6.92186,2024-06-17,5
53340,3,108.891217,-6.921858,2024-06-17,5
53459,3,108.985611,-7.153611,2024-06-29,2
53460,3,109.295694,-7.426111,2024-06-29,2
53461,3,109.352639,-7.434611,2024-06-29,2
53464,3,109.413361,-7.426667,2024-06-29,2
53465,3,109.375167,-7.504139,2024-06-29,2
53466,3,109.209417,-7.650194,2024-06-29,2
53467,3,109.295528,-7.649722,2024-06-29,2
53468,3,109.153,-7.613889,2024-06-29,2
53470,3,109.449389,-7.595722,2024-06-29,2
53471,3,109.45025,-7.595639,2024-06-29,2
53934,3,109.48765,-7.716237,2024-06-29,2
53935,3,109.488103,-7.716238,2024-06-29,2
53936,3,109.488557,-7.71624,2024-06-29,2
53937,3,109.48901,-7.716241,2024-06-29,2
53940,3,109.488558,-7.715788,2024-06-29,2
53944,3,109.48856,-7.715336,2024-06-29,2
53945,3,109.489013,-7.715337,2024-06-29,2
53948,3,109.488562,-7.714883,2024-06-29,2
53949,3,109.489015,-7.714885,2024-06-29,2
53950,3,109.208281,-7.650512,2024-06-29,2
53951,3,109.208734,-7.650513,2024-06-29,2
53952,3,109.209188,-7.650515,2024-06-29,2
53953,3,109.209641,-7.650517,2024-06-29,2
53954,3,109.208283,-7.650059,2024-06-29,2
53955,3,109.208736,-7.650061,2024-06-29,2
53956,3,109.209189,-7.650063,2024-06-29,2
53957,3,109.209643,-7.650065,2024-06-29,2
53958,3,109.208285,-7.649607,2024-06-29,2
53959,3,109.208738,-7.649609,2024-06-29,2
53960,3,109.209644,-7.649613,2024-06-29,2
53975,3,109.151795,-7.614561,2024-06-29,2
53979,3,109.15225,-7.614111,2024-06-29,2
53980,3,109.152703,-7.614112,2024-06-29,2
53984,3,109.448652,-7.595832,2024-06-29,2
53985,3,109.449105,-7.595834,2024-06-29,2
53986,3,109.449559,-7.595835,2024-06-29,2
53987,3,109.450012,-7.595837,2024-06-29,2
53988,3,109.450465,-7.595838,2024-06-29,2
53989,3,109.448654,-7.59538,2024-06-29,2
53990,3,109.449107,-7.595381,2024-06-29,2
53991,3,109.44956,-7.595383,2024-06-29,2
53992,3,109.450013,-7.595385,2024-06-29,2
53993,3,109.450466,-7.595386,2024-06-29,2
53994,3,109.448656,-7.594928,2024-06-29,2
53995,3,109.449109,-7.594929,2024-06-29,2
53996,3,109.449562,-7.594931,2024-06-29,2
53997,3,109.450015,-7.594933,2024-06-29,2
53998,3,109.450468,-7.594934,2024-06-29,2
53999,3,109.448657,-7.594476,2024-06-29,2
54000,3,109.44911,-7.594477,2024-06-29,2
54001,3,109.374681,-7.504687,2024-06-29,2
54002,3,109.375134,-7.504689,2024-06-29,2
54003,3,109.375587,-7.504691,2024-06-29,2
54004,3,109.37423,-7.504233,2024-06-29,2
54005,3,109.374683,-7.504235,2024-06-29,2
54006,3,109.375136,-7.504237,2024-06-29,2
54007,3,109.375589,-7.504238,2024-06-29,2
54008,3,109.374685,-7.503783,2024-06-29,2
54009,3,109.375138,-7.503785,2024-06-29,2
54010,3,109.375591,-7.503786,2024-06-29,2
54011,3,109.374686,-7.503331,2024-06-29,2
54012,3,109.352288,-7.435884,2024-06-29,2
54013,3,109.352741,-7.435885,2024-06-29,2
54014,3,109.353194,-7.435887,2024-06-29,2
54015,3,109.353647,-7.435889,2024-06-29,2
54016,3,109.35229,-7.435431,2024-06-29,2
54017,3,109.352743,-7.435433,2024-06-29,2
54018,3,109.353196,-7.435435,2024-06-29,2
54019,3,109.351839,-7.434978,2024-06-29,2
54020,3,109.352292,-7.434979,2024-06-29,2
54021,3,109.352745,-7.434981,2024-06-29,2
54022,3,109.353198,-7.434983,2024-06-29,2
54023,3,109.352746,-7.434529,2024-06-29,2
54024,3,109.2948,-7.427076,2024-06-29,2
54025,3,109.295253,-7.427078,2024-06-29,2
54026,3,109.295706,-7.42708,2024-06-29,2
54027,3,109.294801,-7.426624,2024-06-29,2
54028,3,109.295254,-7.426626,2024-06-29,2
54029,3,109.295707,-7.426628,2024-06-29,2
54030,3,109.294803,-7.426172,2024-06-29,2
54031,3,109.295256,-7.426174,2024-06-29,2
54032,3,109.295709,-7.426176,2024-06-29,2
54035,3,109.412564,-7.426609,2024-06-29,2
54036,3,109.413017,-7.426611,2024-06-29,2
54037,3,109.41347,-7.426612,2024-06-29,2
54039,3,109.294805,-7.42572,2024-06-29,2
54040,3,109.295258,-7.425722,2024-06-29,2
54041,3,109.295711,-7.425724,2024-06-29,2
54044,3,109.413018,-7.426158,2024-06-29,2
54047,3,108.985799,-7.153666,2024-06-29,2
54048,3,108.986251,-7.153668,2024-06-29,2
54049,3,108.985348,-7.153212,2024-06-29,2
54050,3,108.985801,-7.153214,2024-06-29,2
54051,3,108.986253,-7.153216,2024-06-29,2
54052,3,108.985803,-7.152762,2024-06-29,2
54059,3,109.053049,-6.981275,2024-06-29,2
54086,3,108.937078,-6.913432,2024-06-29,2
54090,3,108.937532,-6.912982,2024-06-29,2
54091,3,108.937985,-6.912984,2024-06-29,2
56650,3,109.488097,-7.716453,2024-06-29,2
56652,3,109.488407,-7.716455,2024-06-29,2
56654,3,109.488317,-7.716353,2024-06-29,2
56655,3,109.489262,-7.716273,2024-06-29,2
56656,3,109.487706,-7.716263,2024-06-29,2
56657,3,109.48799,-7.716254,2024-06-29,2
56658,3,109.489176,-7.716232,2024-06-29,2
56659,3,109.489281,-7.716204,2024-06-29,2
56660,3,109.488319,-7.716229,2024-06-29,2
56661,3,109.488844,-7.716321,2024-06-29,2
56662,3,109.489278,-7.716139,2024-06-29,2
56663,3,109.489163,-7.716138,2024-06-29,2
56665,3,109.489273,-7.716068,2024-06-29,2
56666,3,109.487694,-7.716115,2024-06-29,2
56667,3,109.488744,-7.716054,2024-06-29,2
56668,3,109.489145,-7.716038,2024-06-29,2
56669,3,109.489266,-7.715997,2024-06-29,2
56670,3,109.488331,-7.716064,2024-06-29,2
56671,3,109.488656,-7.715982,2024-06-29,2
56672,3,109.487687,-7.715965,2024-06-29,2
56673,3,109.489262,-7.715923,2024-06-29,2
56675,3,109.48901,-7.715938,2024-06-29,2
56677,3,109.48926,-7.715849,2024-06-29,2
56680,3,109.48862,-7.715822,2024-06-29,2
56683,3,109.489257,-7.715744,2024-06-29,2
56685,3,109.488061,-7.715697,2024-06-29,2
56686,3,109.489255,-7.715602,2024-06-29,2
56687,3,109.488566,-7.715672,2024-06-29,2
56690,3,109.488976,-7.715587,2024-06-29,2
56692,3,109.489247,-7.715383,2024-06-29,2
56693,3,109.48888,-7.715424,2024-06-29,2
56695,3,109.488449,-7.715437,2024-06-29,2
56696,3,109.487579,-7.715381,2024-06-29,2
56699,3,109.488858,-7.715285,2024-06-29,2
56700,3,109.489235,-7.715231,2024-06-29,2
56701,3,109.487941,-7.7153,2024-06-29,2
56703,3,109.488219,-7.715111,2024-06-29,2
56709,3,109.488849,-7.714878,2024-06-29,2
56714,3,109.488376,-7.714977,2024-06-29,2
56715,3,109.488566,-7.714856,2024-06-29,2
56716,3,109.488819,-7.714746,2024-06-29,2
56717,3,109.489087,-7.714764,2024-06-29,2
56718,3,109.209315,-7.650687,2024-06-29,2
56719,3,109.209393,-7.650685,2024-06-29,2
56720,3,109.209495,-7.650683,2024-06-29,2
56721,3,109.209614,-7.65068,2024-06-29,2
56722,3,109.20971,-7.650677,2024-06-29,2
56723,3,109.209794,-7.650675,2024-06-29,2
56724,3,109.209882,-7.650673,2024-06-29,2
56725,3,109.209943,-7.650671,2024-06-29,2
56726,3,109.20828,-7.650692,2024-06-29,2
56727,3,109.20834,-7.650689,2024-06-29,2
56728,3,109.208985,-7.650617,2024-06-29,2
56729,3,109.209046,-7.650616,2024-06-29,2
56730,3,109.208485,-7.650599,2024-06-29,2
56731,3,109.208407,-7.650599,2024-06-29,2
56732,3,109.208579,-7.650596,2024-06-29,2
56733,3,109.208335,-7.65055,2024-06-29,2
56734,3,109.208666,-7.650591,2024-06-29,2
56735,3,109.208749,-7.650532,2024-06-29,2
56736,3,109.20887,-7.650584,2024-06-29,2
56737,3,109.208275,-7.650539,2024-06-29,2
56738,3,109.209197,-7.650572,2024-06-29,2
56739,3,109.209139,-7.650572,2024-06-29,2
56740,3,109.20931,-7.650543,2024-06-29,2
56741,3,109.209388,-7.650541,2024-06-29,2
56742,3,109.20949,-7.650539,2024-06-29,2
56743,3,109.209608,-7.650536,2024-06-29,2
56744,3,109.209704,-7.650533,2024-06-29,2
56745,3,109.209788,-7.650533,2024-06-29,2
56746,3,109.209875,-7.650529,2024-06-29,2
56747,3,109.20994,-7.650524,2024-06-29,2
56748,3,109.209481,-7.650322,2024-06-29,2
56749,3,109.208268,-7.650289,2024-06-29,2
56750,3,109.208327,-7.650299,2024-06-29,2
56751,3,109.208396,-7.650297,2024-06-29,2
56752,3,109.208478,-7.650294,2024-06-29,2
56753,3,109.208575,-7.65029,2024-06-29,2
56754,3,109.208663,-7.650284,2024-06-29,2
56755,3,109.208745,-7.650279,2024-06-29,2
56756,3,109.208862,-7.650276,2024-06-29,2
56757,3,109.208974,-7.650307,2024-06-29,2
56758,3,109.209034,-7.650307,2024-06-29,2
56759,3,109.209078,-7.650399,2024-06-29,2
56760,3,109.209128,-7.65026,2024-06-29,2
56761,3,109.209186,-7.650259,2024-06-29,2
56762,3,109.2093,-7.650249,2024-06-29,2
56763,3,109.209377,-7.650245,2024-06-29,2
56764,3,109.209475,-7.650148,2024-06-29,2
56765,3,109.209597,-7.650238,2024-06-29,2
56766,3,109.209692,-7.650229,2024-06-29,2
56767,3,109.209774,-7.650226,2024-06-29,2
56768,3,109.20986,-7.650217,2024-06-29,2
56769,3,109.209933,-7.650208,2024-06-29,2
56770,3,109.208599,-7.650012,2024-06-29,2
56771,3,109.20874,-7.650004,2024-06-29,2
56772,3,109.209163,-7.649942,2024-06-29,2
56773,3,109.209373,-7.649927,2024-06-29,2
56774,3,109.209485,-7.649926,2024-06-29,2
56775,3,109.209635,-7.649919,2024-06-29,2
56776,3,109.209742,-7.649913,2024-06-29,2
56777,3,109.209789,-7.649915,2024-06-29,2
56778,3,109.209835,-7.649905,2024-06-29,2
56779,3,109.208415,-7.649944,2024-06-29,2
56780,3,109.20883,-7.649927,2024-06-29,2
56781,3,109.208958,-7.649922,2024-06-29,2
56782,3,109.208282,-7.649937,2024-06-29,2
56783,3,109.209914,-7.649881,2024-06-29,2
56784,3,109.209272,-7.649781,2024-06-29,2
56785,3,109.208595,-7.649793,2024-06-29,2
56786,3,109.209081,-7.649868,2024-06-29,2
56787,3,109.208283,-7.649667,2024-06-29,2
56788,3,109.209155,-7.649692,2024-06-29,2
56789,3,109.208421,-7.649668,2024-06-29,2
56790,3,109.20979,-7.649679,2024-06-29,2
56791,3,109.208597,-7.649624,2024-06-29,2
56792,3,109.208735,-7.64973,2024-06-29,2
56793,3,109.208823,-7.649651,2024-06-29,2
56794,3,109.208949,-7.649646,2024-06-29,2
56795,3,109.20907,-7.649592,2024-06-29,2
56796,3,109.209151,-7.649561,2024-06-29,2
56797,3,109.209333,-7.649641,2024-06-29,2
56798,3,109.209482,-7.649654,2024-06-29,2
56799,3,109.209373,-7.649525,2024-06-29,2
56800,3,109.209636,-7.649653,2024-06-29,2
56801,3,109.209492,-7.649522,2024-06-29,2
56802,3,109.209915,-7.649623,2024-06-29,2
56803,3,109.209643,-7.649517,2024-06-29,2
56804,3,109.209793,-7.649539,2024-06-29,2
56805,3,109.209917,-7.649504,2024-06-29,2
56874,3,109.15273,-7.61496,2024-06-29,2
56876,3,109.151966,-7.614948,2024-06-29,2
56879,3,109.151675,-7.614732,2024-06-29,2
56880,3,109.152715,-7.614792,2024-06-29,2
56884,3,109.151954,-7.614691,2024-06-29,2
56885,3,109.151666,-7.61458,2024-06-29,2
56890,3,109.151655,-7.614404,2024-06-29,2
56893,3,109.151938,-7.614323,2024-06-29,2
56894,3,109.152216,-7.614225,2024-06-29,2
56897,3,109.152723,-7.614265,2024-06-29,2
56899,3,109.15207,-7.61403,2024-06-29,2
56900,3,109.152479,-7.614026,2024-06-29,2
56901,3,109.152747,-7.614019,2024-06-29,2
56904,3,109.152426,-7.61382,2024-06-29,2
56905,3,109.152732,-7.613814,2024-06-29,2
56910,3,109.15162,-7.613448,2024-06-29,2
56911,3,109.151981,-7.613446,2024-06-29,2
56912,3,109.152343,-7.613444,2024-06-29,2
56913,3,109.152654,-7.613442,2024-06-29,2
56914,3,109.151893,-7.613343,2024-06-29,2
56915,3,109.152333,-7.613334,2024-06-29,2
56916,3,109.152654,-7.613328,2024-06-29,2
56917,3,109.449044,-7.595973,2024-06-29,2
56918,3,109.450091,-7.595984,2024-06-29,2
56919,3,109.450427,-7.595949,2024-06-29,2
56920,3,109.449018,-7.595938,2024-06-29,2
56921,3,109.449141,-7.595946,2024-06-29,2
56922,3,109.450004,-7.595965,2024-06-29,2
56923,3,109.450327,-7.595949,2024-06-29,2
56924,3,109.450136,-7.595908,2024-06-29,2
56925,3,109.450175,-7.59594,2024-06-29,2
56926,3,109.450236,-7.595939,2024-06-29,2
56927,3,109.449021,-7.595877,2024-06-29,2
56928,3,109.448649,-7.595892,2024-06-29,2
56929,3,109.448519,-7.595919,2024-06-29,2
56930,3,109.449278,-7.595859,2024-06-29,2
56931,3,109.450113,-7.595818,2024-06-29,2
56932,3,109.448921,-7.595837,2024-06-29,2
56933,3,109.449894,-7.595872,2024-06-29,2
56934,3,109.449178,-7.595904,2024-06-29,2
56935,3,109.449586,-7.59593,2024-06-29,2
56936,3,109.449273,-7.595788,2024-06-29,2
56937,3,109.448925,-7.595766,2024-06-29,2
56938,3,109.44913,-7.595792,2024-06-29,2
56939,3,109.449272,-7.595727,2024-06-29,2
56940,3,109.448738,-7.595764,2024-06-29,2
56941,3,109.448777,-7.59586,2024-06-29,2
56942,3,109.448454,-7.59573,2024-06-29,2
56943,3,109.448526,-7.595733,2024-06-29,2
56944,3,109.449277,-7.595678,2024-06-29,2
56945,3,109.44959,-7.595826,2024-06-29,2
56946,3,109.449074,-7.595687,2024-06-29,2
56947,3,109.449963,-7.595739,2024-06-29,2
56948,3,109.448922,-7.595662,2024-06-29,2
56949,3,109.449982,-7.595651,2024-06-29,2
56950,3,109.449063,-7.595634,2024-06-29,2
56951,3,109.449591,-7.595739,2024-06-29,2
56952,3,109.449269,-7.595638,2024-06-29,2
56953,3,109.450141,-7.595608,2024-06-29,2
56954,3,109.44874,-7.595672,2024-06-29,2
56955,3,109.450002,-7.595631,2024-06-29,2
56956,3,109.44867,-7.595554,2024-06-29,2
56957,3,109.44892,-7.5956,2024-06-29,2
56958,3,109.448575,-7.595593,2024-06-29,2
56959,3,109.44848,-7.595601,2024-06-29,2
56960,3,109.450558,-7.59572,2024-06-29,2
56961,3,109.449595,-7.595654,2024-06-29,2
56962,3,109.450536,-7.595588,2024-06-29,2
56963,3,109.449054,-7.59557,2024-06-29,2
56964,3,109.448365,-7.595649,2024-06-29,2
56965,3,109.450554,-7.595566,2024-06-29,2
56966,3,109.448816,-7.595611,2024-06-29,2
56967,3,109.450561,-7.595519,2024-06-29,2
56968,3,109.450029,-7.595584,2024-06-29,2
56969,3,109.449611,-7.595543,2024-06-29,2
56970,3,109.450272,-7.595471,2024-06-29,2
56971,3,109.448807,-7.595479,2024-06-29,2
56972,3,109.450229,-7.595552,2024-06-29,2
56973,3,109.450577,-7.595465,2024-06-29,2
56974,3,109.449965,-7.595477,2024-06-29,2
56975,3,109.449562,-7.595468,2024-06-29,2
56976,3,109.448642,-7.595469,2024-06-29,2
56977,3,109.448456,-7.595463,2024-06-29,2
56978,3,109.450223,-7.59538,2024-06-29,2
56979,3,109.448671,-7.595389,2024-06-29,2
56980,3,109.449563,-7.595366,2024-06-29,2
56981,3,109.449182,-7.595513,2024-06-29,2
56982,3,109.448853,-7.595404,2024-06-29,2
56983,3,109.449576,-7.595251,2024-06-29,2
56984,3,109.449968,-7.595375,2024-06-29,2
56985,3,109.448866,-7.595313,2024-06-29,2
56986,3,109.449985,-7.595268,2024-06-29,2
56987,3,109.450046,-7.595246,2024-06-29,2
56988,3,109.450115,-7.59524,2024-06-29,2
56989,3,109.44918,-7.595359,2024-06-29,2
56990,3,109.450273,-7.595344,2024-06-29,2
56991,3,109.450301,-7.595305,2024-06-29,2
56992,3,109.450337,-7.595302,2024-06-29,2
56993,3,109.450371,-7.595286,2024-06-29,2
56994,3,109.450419,-7.595265,2024-06-29,2
56995,3,109.450483,-7.595264,2024-06-29,2
56996,3,109.4483,-7.595265,2024-06-29,2
56997,3,109.450525,-7.595211,2024-06-29,2
56998,3,109.44837,-7.595319,2024-06-29,2
56999,3,109.449861,-7.595118,2024-06-29,2
57000,3,109.449184,-7.595233,2024-06-29,2
57001,3,109.449596,-7.595124,2024-06-29,2
57002,3,109.448642,-7.595081,2024-06-29,2
57003,3,109.450321,-7.595052,2024-06-29,2
57004,3,109.449217,-7.595097,2024-06-29,2
57005,3,109.448916,-7.595048,2024-06-29,2
57006,3,109.448869,-7.595118,2024-06-29,2
57007,3,109.448848,-7.595207,2024-06-29,2
57008,3,109.449605,-7.595025,2024-06-29,2
57009,3,109.448548,-7.59511,2024-06-29,2
57010,3,109.448687,-7.595082,2024-06-29,2
57011,3,109.448661,-7.595264,2024-06-29,2
57012,3,109.448526,-7.595255,2024-06-29,2
57013,3,109.450112,-7.595038,2024-06-29,2
57014,3,109.45015,-7.595043,2024-06-29,2
57015,3,109.449905,-7.59505,2024-06-29,2
57016,3,109.448526,-7.595471,2024-06-29,2
57017,3,109.4502,-7.595071,2024-06-29,2
57018,3,109.450066,-7.595033,2024-06-29,2
57019,3,109.45025,-7.595045,2024-06-29,2
57020,3,109.449996,-7.595039,2024-06-29,2
57021,3,109.448394,-7.595054,2024-06-29,2
57022,3,109.448314,-7.595002,2024-06-29,2
57023,3,109.448295,-7.594996,2024-06-29,2
57024,3,109.449204,-7.594989,2024-06-29,2
57025,3,109.449003,-7.594983,2024-06-29,2
57026,3,109.449602,-7.594934,2024-06-29,2
57027,3,109.449186,-7.594916,2024-06-29,2
57028,3,109.448767,-7.594898,2024-06-29,2
57029,3,109.448469,-7.594896,2024-06-29,2
57030,3,109.449085,-7.594796,2024-06-29,2
57031,3,109.449287,-7.594769,2024-06-29,2
57032,3,109.448868,-7.594894,2024-06-29,2
57033,3,109.449607,-7.594794,2024-06-29,2
57034,3,109.450597,-7.594877,2024-06-29,2
57035,3,109.448916,-7.594727,2024-06-29,2
57036,3,109.448876,-7.594779,2024-06-29,2
57037,3,109.448491,-7.594841,2024-06-29,2
57038,3,109.448682,-7.594779,2024-06-29,2
57039,3,109.448642,-7.594835,2024-06-29,2
57040,3,109.448581,-7.594828,2024-06-29,2
57041,3,109.448311,-7.59481,2024-06-29,2
57042,3,109.448528,-7.594813,2024-06-29,2
57043,3,109.448427,-7.594676,2024-06-29,2
57044,3,109.448403,-7.594744,2024-06-29,2
57045,3,109.44838,-7.594852,2024-06-29,2
57046,3,109.449182,-7.594686,2024-06-29,2
57047,3,109.450543,-7.594888,2024-06-29,2
57048,3,109.448347,-7.594628,2024-06-29,2
57049,3,109.448859,-7.59465,2024-06-29,2
57050,3,109.448373,-7.594616,2024-06-29,2
57051,3,109.450476,-7.594806,2024-06-29,2
57052,3,109.448505,-7.594615,2024-06-29,2
57053,3,109.450396,-7.594834,2024-06-29,2
57054,3,109.450329,-7.594686,2024-06-29,2
57055,3,109.45027,-7.594752,2024-06-29,2
57056,3,109.450188,-7.594728,2024-06-29,2
57057,3,109.450107,-7.594716,2024-06-29,2
57058,3,109.450061,-7.594702,2024-06-29,2
57059,3,109.449967,-7.594715,2024-06-29,2
57060,3,109.449865,-7.594705,2024-06-29,2
57061,3,109.448442,-7.594596,2024-06-29,2
57062,3,109.449667,-7.594594,2024-06-29,2
57063,3,109.449481,-7.594595,2024-06-29,2
57064,3,109.448532,-7.59457,2024-06-29,2
57065,3,109.44921,-7.594555,2024-06-29,2
57066,3,109.448905,-7.594538,2024-06-29,2
57067,3,109.448595,-7.594603,2024-06-29,2
57068,3,109.44875,-7.594505,2024-06-29,2
57069,3,109.448678,-7.594566,2024-06-29,2
57070,3,109.448709,-7.594694,2024-06-29,2
57071,3,109.375327,-7.505047,2024-06-29,2
57072,3,109.375389,-7.505055,2024-06-29,2
57073,3,109.375076,-7.504923,2024-06-29,2
57074,3,109.375244,-7.504951,2024-06-29,2
57075,3,109.375403,-7.50495,2024-06-29,2
57076,3,109.37549,-7.504896,2024-06-29,2
57077,3,109.375106,-7.504791,2024-06-29,2
57078,3,109.375351,-7.504766,2024-06-29,2
57079,3,109.375532,-7.504739,2024-06-29,2
57080,3,109.374899,-7.50477,2024-06-29,2
57081,3,109.374465,-7.504643,2024-06-29,2
57082,3,109.375545,-7.504671,2024-06-29,2
57083,3,109.374539,-7.504648,2024-06-29,2
57084,3,109.37461,-7.504679,2024-06-29,2
57085,3,109.375335,-7.504664,2024-06-29,2
57086,3,109.375096,-7.50468,2024-06-29,2
57087,3,109.375559,-7.504607,2024-06-29,2
57088,3,109.375571,-7.504543,2024-06-29,2
57089,3,109.375316,-7.504545,2024-06-29,2
57090,3,109.374245,-7.504519,2024-06-29,2
57091,3,109.375583,-7.504477,2024-06-29,2
57092,3,109.375308,-7.504464,2024-06-29,2
57093,3,109.375075,-7.504539,2024-06-29,2
57094,3,109.374212,-7.504438,2024-06-29,2
57095,3,109.375603,-7.504412,2024-06-29,2
57096,3,109.37416,-7.504452,2024-06-29,2
57097,3,109.37531,-7.504397,2024-06-29,2
57098,3,109.375607,-7.504349,2024-06-29,2
57099,3,109.375321,-7.504315,2024-06-29,2
57100,3,109.375115,-7.504271,2024-06-29,2
57101,3,109.375628,-7.504283,2024-06-29,2
57102,3,109.375283,-7.504252,2024-06-29,2
57103,3,109.375124,-7.504202,2024-06-29,2
57104,3,109.375626,-7.504216,2024-06-29,2
57105,3,109.375272,-7.50419,2024-06-29,2
57106,3,109.375866,-7.504179,2024-06-29,2
57107,3,109.374228,-7.504286,2024-06-29,2
57108,3,109.375617,-7.504154,2024-06-29,2
57109,3,109.375051,-7.504403,2024-06-29,2
57110,3,109.375035,-7.504238,2024-06-29,2
57111,3,109.375083,-7.504118,2024-06-29,2
57112,3,109.375261,-7.504112,2024-06-29,2
57113,3,109.375881,-7.504103,2024-06-29,2
57114,3,109.3743,-7.504369,2024-06-29,2
57115,3,109.375537,-7.504089,2024-06-29,2
57116,3,109.37576,-7.504067,2024-06-29,2
57117,3,109.374383,-7.504312,2024-06-29,2
57118,3,109.375159,-7.504034,2024-06-29,2
57119,3,109.375897,-7.50401,2024-06-29,2
57120,3,109.375574,-7.503994,2024-06-29,2
57121,3,109.374355,-7.503971,2024-06-29,2
57122,3,109.375477,-7.503931,2024-06-29,2
57123,3,109.375714,-7.503922,2024-06-29,2
57124,3,109.37586,-7.503933,2024-06-29,2
57125,3,109.375268,-7.503977,2024-06-29,2
57126,3,109.375144,-7.50393,2024-06-29,2
57127,3,109.375092,-7.50397,2024-06-29,2
57128,3,109.37503,-7.503962,2024-06-29,2
57129,3,109.374967,-7.503972,2024-06-29,2
57130,3,109.374909,-7.503963,2024-06-29,2
57131,3,109.374387,-7.50395,2024-06-29,2
57132,3,109.374866,-7.504118,2024-06-29,2
57133,3,109.374776,-7.504128,2024-06-29,2
57134,3,109.374742,-7.504387,2024-06-29,2
57135,3,109.374628,-7.504333,2024-06-29,2
57136,3,109.374483,-7.504208,2024-06-29,2
57137,3,109.375908,-7.503821,2024-06-29,2
57138,3,109.375409,-7.503816,2024-06-29,2
57139,3,109.375762,-7.503737,2024-06-29,2
57140,3,109.375656,-7.503807,2024-06-29,2
57141,3,109.375708,-7.503708,2024-06-29,2
57142,3,109.375517,-7.503764,2024-06-29,2
57143,3,109.374502,-7.503704,2024-06-29,2
57144,3,109.37516,-7.50375,2024-06-29,2
57145,3,109.374731,-7.503675,2024-06-29,2
57146,3,109.375269,-7.50371,2024-06-29,2
57147,3,109.375386,-7.503645,2024-06-29,2
57148,3,109.375246,-7.503515,2024-06-29,2
57149,3,109.375101,-7.503623,2024-06-29,2
57150,3,109.37499,-7.503606,2024-06-29,2
57151,3,109.37488,-7.503589,2024-06-29,2
57152,3,109.374821,-7.503452,2024-06-29,2
57153,3,109.374673,-7.503531,2024-06-29,2
57154,3,109.374631,-7.503428,2024-06-29,2
57155,3,109.35245,-7.436383,2024-06-29,2
57156,3,109.352454,-7.436327,2024-06-29,2
57157,3,109.352437,-7.436269,2024-06-29,2
57158,3,109.352789,-7.436253,2024-06-29,2
57159,3,109.352861,-7.436226,2024-06-29,2
57160,3,109.352573,-7.436268,2024-06-29,2
57161,3,109.353041,-7.436154,2024-06-29,2
57162,3,109.352952,-7.43617,2024-06-29,2
57163,3,109.352863,-7.436176,2024-06-29,2
57164,3,109.352786,-7.436185,2024-06-29,2
57165,3,109.352659,-7.436218,2024-06-29,2
57166,3,109.352415,-7.436177,2024-06-29,2
57167,3,109.352275,-7.436132,2024-06-29,2
57168,3,109.352829,-7.436113,2024-06-29,2
57169,3,109.352635,-7.43612,2024-06-29,2
57170,3,109.352596,-7.436015,2024-06-29,2
57171,3,109.352336,-7.436007,2024-06-29,2
57172,3,109.3522,-7.435956,2024-06-29,2
57173,3,109.352819,-7.436008,2024-06-29,2
57174,3,109.352979,-7.436022,2024-06-29,2
57175,3,109.353164,-7.436005,2024-06-29,2
57176,3,109.353379,-7.435934,2024-06-29,2
57177,3,109.353602,-7.435875,2024-06-29,2
57178,3,109.353768,-7.435827,2024-06-29,2
57179,3,109.353225,-7.435853,2024-06-29,2
57180,3,109.352204,-7.435836,2024-06-29,2
57181,3,109.352383,-7.43584,2024-06-29,2
57182,3,109.352568,-7.43584,2024-06-29,2
57183,3,109.352838,-7.435837,2024-06-29,2
57184,3,109.353552,-7.435808,2024-06-29,2
57185,3,109.353747,-7.435781,2024-06-29,2
57186,3,109.353155,-7.435751,2024-06-29,2
57187,3,109.35214,-7.435693,2024-06-29,2
57188,3,109.352352,-7.435696,2024-06-29,2
57189,3,109.352596,-7.435693,2024-06-29,2
57190,3,109.353457,-7.435712,2024-06-29,2
57191,3,109.35286,-7.435691,2024-06-29,2
57192,3,109.353184,-7.435637,2024-06-29,2
57193,3,109.35199,-7.435548,2024-06-29,2
57194,3,109.35212,-7.435583,2024-06-29,2
57195,3,109.352357,-7.435581,2024-06-29,2
57196,3,109.352595,-7.435577,2024-06-29,2
57197,3,109.352854,-7.435574,2024-06-29,2
57198,3,109.353674,-7.435646,2024-06-29,2
57199,3,109.351974,-7.435484,2024-06-29,2
57200,3,109.353133,-7.435536,2024-06-29,2
57201,3,109.35211,-7.435493,2024-06-29,2
57202,3,109.352354,-7.435489,2024-06-29,2
57203,3,109.352594,-7.435485,2024-06-29,2
57204,3,109.352849,-7.435481,2024-06-29,2
57205,3,109.353432,-7.435536,2024-06-29,2
57206,3,109.35195,-7.435406,2024-06-29,2
57207,3,109.352103,-7.435408,2024-06-29,2
57208,3,109.352322,-7.435406,2024-06-29,2
57209,3,109.35259,-7.435403,2024-06-29,2
57210,3,109.352871,-7.435398,2024-06-29,2
57211,3,109.353115,-7.435403,2024-06-29,2
57212,3,109.351934,-7.435337,2024-06-29,2
57213,3,109.352103,-7.435335,2024-06-29,2
57214,3,109.352367,-7.435328,2024-06-29,2
57215,3,109.353409,-7.435367,2024-06-29,2
57216,3,109.353609,-7.435438,2024-06-29,2
57217,3,109.352633,-7.435321,2024-06-29,2
57218,3,109.352867,-7.435314,2024-06-29,2
57219,3,109.353097,-7.435301,2024-06-29,2
57220,3,109.353378,-7.435277,2024-06-29,2
57221,3,109.352185,-7.43527,2024-06-29,2
57222,3,109.35204,-7.435271,2024-06-29,2
57223,3,109.351916,-7.43525,2024-06-29,2
57224,3,109.352039,-7.435217,2024-06-29,2
57225,3,109.352182,-7.435218,2024-06-29,2
57226,3,109.35239,-7.435235,2024-06-29,2
57227,3,109.352638,-7.435226,2024-06-29,2
57228,3,109.352926,-7.435215,2024-06-29,2
57229,3,109.353224,-7.435203,2024-06-29,2
57230,3,109.353441,-7.435197,2024-06-29,2
57231,3,109.3518,-7.435128,2024-06-29,2
57232,3,109.351925,-7.435149,2024-06-29,2
57233,3,109.35214,-7.435142,2024-06-29,2
57234,3,109.352365,-7.435135,2024-06-29,2
57235,3,109.352617,-7.435126,2024-06-29,2
57236,3,109.352882,-7.435116,2024-06-29,2
57237,3,109.353148,-7.435107,2024-06-29,2
57238,3,109.353375,-7.4351,2024-06-29,2
57239,3,109.351782,-7.435055,2024-06-29,2
57240,3,109.351921,-7.435056,2024-06-29,2
57241,3,109.352135,-7.43505,2024-06-29,2
57242,3,109.352359,-7.435043,2024-06-29,2
57243,3,109.352612,-7.435034,2024-06-29,2
57244,3,109.352878,-7.435025,2024-06-29,2
57245,3,109.353143,-7.435017,2024-06-29,2
57246,3,109.353351,-7.435012,2024-06-29,2
57247,3,109.351756,-7.434954,2024-06-29,2
57248,3,109.351919,-7.434954,2024-06-29,2
57249,3,109.352131,-7.434948,2024-06-29,2
57250,3,109.352352,-7.434941,2024-06-29,2
57251,3,109.352605,-7.434933,2024-06-29,2
57252,3,109.352872,-7.434925,2024-06-29,2
57253,3,109.353137,-7.434917,2024-06-29,2
57254,3,109.353324,-7.434915,2024-06-29,2
57255,3,109.351949,-7.434835,2024-06-29,2
57256,3,109.352346,-7.434823,2024-06-29,2
57257,3,109.352599,-7.434816,2024-06-29,2
57258,3,109.352888,-7.434809,2024-06-29,2
57259,3,109.353184,-7.434803,2024-06-29,2
57260,3,109.351983,-7.434725,2024-06-29,2
57261,3,109.352207,-7.434702,2024-06-29,2
57262,3,109.352421,-7.434697,2024-06-29,2
57263,3,109.352628,-7.434692,2024-06-29,2
57264,3,109.352083,-7.434635,2024-06-29,2
57265,3,109.352867,-7.434688,2024-06-29,2
57266,3,109.353134,-7.434684,2024-06-29,2
57267,3,109.35223,-7.434601,2024-06-29,2
57268,3,109.352417,-7.434587,2024-06-29,2
57269,3,109.352625,-7.434582,2024-06-29,2
57270,3,109.352863,-7.434578,2024-06-29,2
57271,3,109.353106,-7.434576,2024-06-29,2
57272,3,109.352418,-7.434509,2024-06-29,2
57273,3,109.352601,-7.434475,2024-06-29,2
57274,3,109.352836,-7.434469,2024-06-29,2
57275,3,109.353069,-7.434471,2024-06-29,2
57276,3,109.352652,-7.434387,2024-06-29,2
57277,3,109.352907,-7.434374,2024-06-29,2
57278,3,109.352809,-7.434319,2024-06-29,2
57279,3,109.352978,-7.434286,2024-06-29,2
57280,3,109.295259,-7.427132,2024-06-29,2
57281,3,109.29507,-7.427128,2024-06-29,2
57282,3,109.295743,-7.427117,2024-06-29,2
57283,3,109.295684,-7.427116,2024-06-29,2
57284,3,109.295569,-7.427112,2024-06-29,2
57285,3,109.295428,-7.427107,2024-06-29,2
57286,3,109.413762,-7.427054,2024-06-29,2
57287,3,109.295332,-7.427104,2024-06-29,2
57288,3,109.294828,-7.427104,2024-06-29,2
57289,3,109.294631,-7.427098,2024-06-29,2
57290,3,109.295111,-7.427049,2024-06-29,2
57291,3,109.413758,-7.427022,2024-06-29,2
57292,3,109.41385,-7.427021,2024-06-29,2
57293,3,109.413775,-7.42699,2024-06-29,2
57294,3,109.295794,-7.427041,2024-06-29,2
57295,3,109.413574,-7.426992,2024-06-29,2
57296,3,109.29563,-7.427001,2024-06-29,2
57297,3,109.295417,-7.426991,2024-06-29,2
57298,3,109.413446,-7.426966,2024-06-29,2
57299,3,109.295142,-7.426975,2024-06-29,2
57300,3,109.413804,-7.426958,2024-06-29,2
57301,3,109.413341,-7.426947,2024-06-29,2
57302,3,109.413269,-7.426937,2024-06-29,2
57303,3,109.413661,-7.42696,2024-06-29,2
57304,3,109.29579,-7.426928,2024-06-29,2
57305,3,109.29472,-7.426957,2024-06-29,2
57306,3,109.413198,-7.426923,2024-06-29,2
57308,3,109.413616,-7.426937,2024-06-29,2
57309,3,109.413128,-7.426912,2024-06-29,2
57310,3,109.295625,-7.426918,2024-06-29,2
57311,3,109.413605,-7.426897,2024-06-29,2
57312,3,109.413832,-7.426914,2024-06-29,2
57314,3,109.41306,-7.4269,2024-06-29,2
57315,3,109.295371,-7.426905,2024-06-29,2
57317,3,109.295142,-7.426894,2024-06-29,2
57318,3,109.413545,-7.426929,2024-06-29,2
57319,3,109.413863,-7.426867,2024-06-29,2
57320,3,109.413736,-7.426877,2024-06-29,2
57322,3,109.413672,-7.426861,2024-06-29,2
57323,3,109.413511,-7.42689,2024-06-29,2
57324,3,109.41364,-7.426847,2024-06-29,2
57325,3,109.413588,-7.426882,2024-06-29,2
57327,3,109.413401,-7.42687,2024-06-29,2
57330,3,109.413276,-7.42685,2024-06-29,2
57331,3,109.413886,-7.426822,2024-06-29,2
57332,3,109.295794,-7.426839,2024-06-29,2
57333,3,109.295365,-7.426831,2024-06-29,2
57334,3,109.295148,-7.426817,2024-06-29,2
57335,3,109.413798,-7.426818,2024-06-29,2
57336,3,109.413729,-7.426801,2024-06-29,2
57339,3,109.41368,-7.426786,2024-06-29,2
57340,3,109.413623,-7.426783,2024-06-29,2
57341,3,109.413571,-7.426797,2024-06-29,2
57343,3,109.295621,-7.426818,2024-06-29,2
57344,3,109.413747,-7.426751,2024-06-29,2
57346,3,109.294711,-7.426818,2024-06-29,2
57348,3,109.294958,-7.426824,2024-06-29,2
57349,3,109.295437,-7.426763,2024-06-29,2
57351,3,109.413437,-7.42677,2024-06-29,2
57352,3,109.295814,-7.426756,2024-06-29,2
57353,3,109.413863,-7.426752,2024-06-29,2
57354,3,109.413036,-7.426799,2024-06-29,2
57355,3,109.295327,-7.426747,2024-06-29,2
57358,3,109.295766,-7.426733,2024-06-29,2
57359,3,109.412937,-7.426797,2024-06-29,2
57360,3,109.413255,-7.426736,2024-06-29,2
57361,3,109.413839,-7.426698,2024-06-29,2
57363,3,109.295145,-7.426728,2024-06-29,2
57364,3,109.413771,-7.426703,2024-06-29,2
57365,3,109.413147,-7.426777,2024-06-29,2
57366,3,109.412827,-7.426771,2024-06-29,2
57368,3,109.413731,-7.426704,2024-06-29,2
57370,3,109.413693,-7.426692,2024-06-29,2
57372,3,109.295529,-7.426695,2024-06-29,2
57373,3,109.413644,-7.426689,2024-06-29,2
57376,3,109.413588,-7.426683,2024-06-29,2
57378,3,109.295015,-7.42665,2024-06-29,2
57379,3,109.294753,-7.42666,2024-06-29,2
57380,3,109.413449,-7.426657,2024-06-29,2
57381,3,109.41329,-7.426622,2024-06-29,2
57382,3,109.294747,-7.426564,2024-06-29,2
57384,3,109.413181,-7.426596,2024-06-29,2
57389,3,109.295166,-7.426611,2024-06-29,2
57393,3,109.413069,-7.426606,2024-06-29,2
57400,3,109.412974,-7.42659,2024-06-29,2
57407,3,109.412909,-7.426559,2024-06-29,2
57409,3,109.412826,-7.426549,2024-06-29,2
57411,3,109.412836,-7.426433,2024-06-29,2
57415,3,109.294905,-7.426488,2024-06-29,2
57420,3,109.294658,-7.426463,2024-06-29,2
57423,3,109.295412,-7.426552,2024-06-29,2
57427,3,109.412608,-7.426631,2024-06-29,2
57434,3,109.413307,-7.42645,2024-06-29,2
57438,3,109.413207,-7.426433,2024-06-29,2
57439,3,109.413087,-7.426404,2024-06-29,2
57440,3,109.295782,-7.426425,2024-06-29,2
57441,3,109.412991,-7.426396,2024-06-29,2
57442,3,109.412927,-7.42638,2024-06-29,2
57443,3,109.295679,-7.426405,2024-06-29,2
57448,3,109.294769,-7.426351,2024-06-29,2
57451,3,109.294562,-7.426311,2024-06-29,2
57452,3,109.412592,-7.426315,2024-06-29,2
57460,3,109.295551,-7.426336,2024-06-29,2
57474,3,109.295366,-7.42629,2024-06-29,2
57475,3,109.29502,-7.426234,2024-06-29,2
57478,3,109.295091,-7.426243,2024-06-29,2
57481,3,109.413303,-7.426253,2024-06-29,2
57482,3,109.294934,-7.426216,2024-06-29,2
57484,3,109.294847,-7.426192,2024-06-29,2
57488,3,109.413179,-7.426236,2024-06-29,2
57496,3,109.295745,-7.426219,2024-06-29,2
57500,3,109.294685,-7.426183,2024-06-29,2
57512,3,109.41311,-7.426201,2024-06-29,2
57513,3,109.413328,-7.42612,2024-06-29,2
57515,3,109.413202,-7.426107,2024-06-29,2
57516,3,109.413029,-7.426187,2024-06-29,2
57519,3,109.41308,-7.426066,2024-06-29,2
57521,3,109.295404,-7.426128,2024-06-29,2
57522,3,109.295214,-7.426185,2024-06-29,2
57523,3,109.295144,-7.426088,2024-06-29,2
57526,3,109.295072,-7.426086,2024-06-29,2
57528,3,109.29481,-7.42608,2024-06-29,2
57529,3,109.294981,-7.42607,2024-06-29,2
57534,3,109.295627,-7.426103,2024-06-29,2
57535,3,109.294653,-7.426052,2024-06-29,2
57536,3,109.295451,-7.426029,2024-06-29,2
57538,3,109.29577,-7.426048,2024-06-29,2
57539,3,109.294567,-7.426015,2024-06-29,2
57540,3,109.295813,-7.425956,2024-06-29,2
57542,3,109.295284,-7.425973,2024-06-29,2
57543,3,109.295617,-7.425969,2024-06-29,2
57544,3,109.29519,-7.425954,2024-06-29,2
57545,3,109.295122,-7.425948,2024-06-29,2
57546,3,109.295026,-7.425928,2024-06-29,2
57547,3,109.29492,-7.425931,2024-06-29,2
57548,3,109.294836,-7.425913,2024-06-29,2
57549,3,109.295491,-7.425905,2024-06-29,2
57550,3,109.294707,-7.425888,2024-06-29,2
57551,3,109.295695,-7.425902,2024-06-29,2
57552,3,109.295325,-7.425859,2024-06-29,2
57553,3,109.295229,-7.425842,2024-06-29,2
57554,3,109.294586,-7.425854,2024-06-29,2
57555,3,109.295163,-7.42583,2024-06-29,2
57556,3,109.295066,-7.425807,2024-06-29,2
57557,3,109.294965,-7.425786,2024-06-29,2
57558,3,109.294879,-7.425773,2024-06-29,2
57559,3,109.294744,-7.425756,2024-06-29,2
57560,3,109.295734,-7.425807,2024-06-29,2
57561,3,109.294601,-7.425734,2024-06-29,2
57562,3,109.295528,-7.425771,2024-06-29,2
57563,3,109.295269,-7.425727,2024-06-29,2
57564,3,109.295366,-7.425731,2024-06-29,2
57565,3,109.295205,-7.425711,2024-06-29,2
57566,3,109.295758,-7.425702,2024-06-29,2
57567,3,109.295579,-7.425688,2024-06-29,2
57568,3,109.2954,-7.425653,2024-06-29,2
57569,3,109.295297,-7.425654,2024-06-29,2
57570,3,109.295234,-7.425645,2024-06-29,2
57571,3,109.295109,-7.425689,2024-06-29,2
57572,3,109.294998,-7.425677,2024-06-29,2
57573,3,109.29491,-7.425672,2024-06-29,2
57574,3,109.294768,-7.425665,2024-06-29,2
57575,3,109.294614,-7.425657,2024-06-29,2
57576,3,108.986093,-7.154212,2024-06-29,2
57577,3,108.985667,-7.154029,2024-06-29,2
57578,3,108.986169,-7.154016,2024-06-29,2
57579,3,108.986255,-7.1539,2024-06-29,2
57580,3,108.985646,-7.153896,2024-06-29,2
57581,3,108.985971,-7.153966,2024-06-29,2
57582,3,108.986037,-7.153851,2024-06-29,2
57583,3,108.986063,-7.153791,2024-06-29,2
57584,3,108.985739,-7.153929,2024-06-29,2
57585,3,108.986353,-7.153765,2024-06-29,2
57586,3,108.98613,-7.153748,2024-06-29,2
57587,3,108.98643,-7.153634,2024-06-29,2
57588,3,108.985792,-7.153733,2024-06-29,2
57589,3,108.985574,-7.153795,2024-06-29,2
57590,3,108.985391,-7.153575,2024-06-29,2
57591,3,108.986458,-7.153569,2024-06-29,2
57592,3,108.986332,-7.153627,2024-06-29,2
57593,3,108.986047,-7.153633,2024-06-29,2
57594,3,108.98532,-7.153536,2024-06-29,2
57595,3,108.986484,-7.153507,2024-06-29,2
57596,3,108.985484,-7.153655,2024-06-29,2
57597,3,108.986153,-7.153666,2024-06-29,2
57598,3,108.985384,-7.153479,2024-06-29,2
57599,3,108.985893,-7.153534,2024-06-29,2
57600,3,108.986518,-7.153408,2024-06-29,2
57601,3,108.986298,-7.153532,2024-06-29,2
57602,3,108.986197,-7.153557,2024-06-29,2
57603,3,108.985704,-7.153414,2024-06-29,2
57604,3,108.98621,-7.153317,2024-06-29,2
57605,3,108.986278,-7.15339,2024-06-29,2
57606,3,108.986361,-7.15331,2024-06-29,2
57607,3,108.985913,-7.153342,2024-06-29,2
57608,3,108.985463,-7.153316,2024-06-29,2
57609,3,108.985877,-7.153176,2024-06-29,2
57610,3,108.98556,-7.153196,2024-06-29,2
57611,3,108.986051,-7.153227,2024-06-29,2
57612,3,108.985939,-7.153057,2024-06-29,2
57613,3,108.985612,-7.153138,2024-06-29,2
57614,3,108.985445,-7.153065,2024-06-29,2
57615,3,108.985661,-7.153087,2024-06-29,2
57616,3,108.986067,-7.153106,2024-06-29,2
57617,3,108.986207,-7.153162,2024-06-29,2
57618,3,108.986639,-7.153084,2024-06-29,2
57619,3,108.986353,-7.153046,2024-06-29,2
57620,3,108.986311,-7.152923,2024-06-29,2
57621,3,108.985702,-7.153033,2024-06-29,2
57622,3,108.985517,-7.152968,2024-06-29,2
57623,3,108.986457,-7.153182,2024-06-29,2
57624,3,108.98654,-7.153132,2024-06-29,2
57625,3,108.986326,-7.152865,2024-06-29,2
57626,3,108.986212,-7.152957,2024-06-29,2
57627,3,108.985752,-7.152949,2024-06-29,2
57628,3,108.985826,-7.152879,2024-06-29,2
57629,3,108.985641,-7.152781,2024-06-29,2
57630,3,108.986086,-7.152803,2024-06-29,2
57631,3,108.985701,-7.152742,2024-06-29,2
57632,3,108.985833,-7.15272,2024-06-29,2
57633,3,108.985961,-7.152841,2024-06-29,2
57634,3,108.985997,-7.15271,2024-06-29,2
57635,3,108.985713,-7.152659,2024-06-29,2
57636,3,108.985864,-7.15259,2024-06-29,2
57637,3,108.985774,-7.152632,2024-06-29,2
57638,3,108.985794,-7.15258,2024-06-29,2
57656,3,109.052719,-6.981945,2024-06-29,2
57657,3,109.052565,-6.981933,2024-06-29,2
57687,3,109.052952,-6.98121,2024-06-29,2
57688,3,109.052634,-6.981189,2024-06-29,2
57870,3,108.937804,-6.913806,2024-06-29,2
57871,3,108.937436,-6.913794,2024-06-29,2
57872,3,108.937144,-6.913785,2024-06-29,2
57873,3,108.936975,-6.913778,2024-06-29,2
57876,3,108.937502,-6.913629,2024-06-29,2
57877,3,108.937225,-6.913616,2024-06-29,2
57878,3,108.936995,-6.913607,2024-06-29,2
57879,3,108.936985,-6.9134,2024-06-29,2
57884,3,108.937216,-6.913372,2024-06-29,2
57889,3,108.937223,-6.913119,2024-06-29,2
57891,3,108.938198,-6.912919,2024-06-29,2
57892,3,108.938014,-6.912914,2024-06-29,2
57893,3,108.937785,-6.91291,2024-06-29,2
57894,3,108.937568,-6.912908,2024-06-29,2
57897,3,108.938194,-6.912731,2024-06-29,2
57898,3,108.938008,-6.912726,2024-06-29,2
57899,3,108.937824,-6.912722,2024-06-29,2
57900,3,108.937691,-6.912717,2024-06-29,2
57901,3,108.937533,-6.912716,2024-06-29,2
57905,3,108.938665,-6.912791,2024-06-29,2
57906,3,109.488023,-7.716088,2024-06-29,2
53452,3,108.894417,-6.950028,2024-06-29,3
53455,3,108.937914,-6.913283,2024-06-29,3
53456,3,108.938472,-6.913278,2024-06-29,3
53463,3,109.413472,-7.426417,2024-06-29,3
54038,3,109.413922,-7.426614,2024-06-29,3
54045,3,109.413471,-7.42616,2024-06-29,3
54046,3,109.413924,-7.426162,2024-06-29,3
54064,3,108.895298,-6.951217,2024-06-29,3
54065,3,108.894395,-6.950761,2024-06-29,3
54066,3,108.894847,-6.950763,2024-06-29,3
54067,3,108.8953,-6.950765,2024-06-29,3
54068,3,108.893945,-6.950307,2024-06-29,3
54069,3,108.894397,-6.950309,2024-06-29,3
54070,3,108.894849,-6.950311,2024-06-29,3
54071,3,108.895302,-6.950313,2024-06-29,3
54072,3,108.895754,-6.950315,2024-06-29,3
54073,3,108.893947,-6.949855,2024-06-29,3
54074,3,108.894399,-6.949857,2024-06-29,3
54075,3,108.894851,-6.949859,2024-06-29,3
54076,3,108.895304,-6.949861,2024-06-29,3
54078,3,108.894401,-6.949405,2024-06-29,3
54079,3,108.894853,-6.949407,2024-06-29,3
54087,3,108.93753,-6.913434,2024-06-29,3
54088,3,108.937983,-6.913436,2024-06-29,3
54089,3,108.93708,-6.91298,2024-06-29,3
57367,3,109.41385,-7.426666,2024-06-29,3
57375,3,109.413858,-7.426641,2024-06-29,3
57377,3,109.413833,-7.426609,2024-06-29,3
57383,3,109.413559,-7.426565,2024-06-29,3
57385,3,109.413941,-7.426561,2024-06-29,3
57386,3,109.41352,-7.426558,2024-06-29,3
57387,3,109.413478,-7.42655,2024-06-29,3
57388,3,109.41391,-7.426553,2024-06-29,3
57390,3,109.413869,-7.426547,2024-06-29,3
57391,3,109.413438,-7.426539,2024-06-29,3
57392,3,109.413398,-7.426532,2024-06-29,3
57394,3,109.413828,-7.426541,2024-06-29,3
57396,3,109.413357,-7.426526,2024-06-29,3
57397,3,109.413789,-7.426536,2024-06-29,3
57399,3,109.413745,-7.426551,2024-06-29,3
57401,3,109.413705,-7.426553,2024-06-29,3
57403,3,109.413677,-7.426547,2024-06-29,3
57404,3,109.413648,-7.426544,2024-06-29,3
57405,3,109.413604,-7.426563,2024-06-29,3
57413,3,109.41392,-7.426456,2024-06-29,3
57414,3,109.413888,-7.426451,2024-06-29,3
57416,3,109.413847,-7.426446,2024-06-29,3
57417,3,109.413808,-7.426439,2024-06-29,3
57419,3,109.413769,-7.426434,2024-06-29,3
57421,3,109.413728,-7.426427,2024-06-29,3
57422,3,109.413699,-7.426423,2024-06-29,3
57425,3,109.41367,-7.426419,2024-06-29,3
57426,3,109.413622,-7.426443,2024-06-29,3
57428,3,109.413582,-7.426441,2024-06-29,3
57430,3,109.413541,-7.426436,2024-06-29,3
57431,3,109.413947,-7.426436,2024-06-29,3
57432,3,109.4135,-7.42643,2024-06-29,3
57435,3,109.413459,-7.426422,2024-06-29,3
57436,3,109.413419,-7.426417,2024-06-29,3
57437,3,109.413377,-7.426413,2024-06-29,3
57444,3,109.413953,-7.426334,2024-06-29,3
57445,3,109.41391,-7.426337,2024-06-29,3
57446,3,109.413869,-7.426331,2024-06-29,3
57447,3,109.41383,-7.426324,2024-06-29,3
57449,3,109.41379,-7.426319,2024-06-29,3
57450,3,109.41375,-7.426312,2024-06-29,3
57453,3,109.413721,-7.426303,2024-06-29,3
57454,3,109.413692,-7.426299,2024-06-29,3
57455,3,109.413651,-7.426294,2024-06-29,3
57456,3,109.41361,-7.426287,2024-06-29,3
57458,3,109.41398,-7.42637,2024-06-29,3
57459,3,109.413569,-7.426281,2024-06-29,3
57464,3,109.413975,-7.426238,2024-06-29,3
57465,3,109.413528,-7.426276,2024-06-29,3
57466,3,109.413487,-7.42627,2024-06-29,3
57467,3,109.41393,-7.426231,2024-06-29,3
57469,3,109.413446,-7.426264,2024-06-29,3
57470,3,109.41389,-7.426224,2024-06-29,3
57471,3,109.413404,-7.426259,2024-06-29,3
57473,3,109.41385,-7.426216,2024-06-29,3
57476,3,109.413811,-7.42621,2024-06-29,3
57479,3,109.41377,-7.426202,2024-06-29,3
57480,3,109.413741,-7.426193,2024-06-29,3
57483,3,109.413712,-7.426188,2024-06-29,3
57486,3,109.413672,-7.426182,2024-06-29,3
57487,3,109.41402,-7.426173,2024-06-29,3
57489,3,109.413987,-7.426171,2024-06-29,3
57490,3,109.413944,-7.426164,2024-06-29,3
57491,3,109.41363,-7.426175,2024-06-29,3
57492,3,109.413903,-7.426159,2024-06-29,3
57493,3,109.413863,-7.426153,2024-06-29,3
57494,3,109.413589,-7.426167,2024-06-29,3
57495,3,109.413823,-7.426147,2024-06-29,3
57497,3,109.413782,-7.426141,2024-06-29,3
57498,3,109.413549,-7.42616,2024-06-29,3
57499,3,109.413751,-7.426137,2024-06-29,3
57501,3,109.413722,-7.426134,2024-06-29,3
57502,3,109.413682,-7.426129,2024-06-29,3
57503,3,109.41364,-7.426123,2024-06-29,3
57504,3,109.413598,-7.426117,2024-06-29,3
57505,3,109.413558,-7.426112,2024-06-29,3
57506,3,109.41351,-7.426145,2024-06-29,3
57507,3,109.413469,-7.42614,2024-06-29,3
57508,3,109.413427,-7.426135,2024-06-29,3
57714,3,108.895409,-6.951236,2024-06-29,3
57715,3,108.89504,-6.951135,2024-06-29,3
57716,3,108.89546,-6.951113,2024-06-29,3
57717,3,108.895166,-6.951123,2024-06-29,3
57719,3,108.895513,-6.950994,2024-06-29,3
57720,3,108.894749,-6.951003,2024-06-29,3
57721,3,108.894826,-6.950948,2024-06-29,3
57722,3,108.895312,-6.950901,2024-06-29,3
57723,3,108.895181,-6.950978,2024-06-29,3
57725,3,108.894474,-6.950865,2024-06-29,3
57726,3,108.895572,-6.950882,2024-06-29,3
57727,3,108.89512,-6.950812,2024-06-29,3
57728,3,108.895664,-6.950769,2024-06-29,3
57729,3,108.894541,-6.950804,2024-06-29,3
57730,3,108.894857,-6.950819,2024-06-29,3
57731,3,108.894231,-6.950742,2024-06-29,3
57733,3,108.894908,-6.950713,2024-06-29,3
57734,3,108.895293,-6.950756,2024-06-29,3
57735,3,108.895483,-6.95069,2024-06-29,3
57736,3,108.89427,-6.950668,2024-06-29,3
57737,3,108.894024,-6.950634,2024-06-29,3
57738,3,108.89459,-6.950686,2024-06-29,3
57739,3,108.895682,-6.950617,2024-06-29,3
57740,3,108.895559,-6.950639,2024-06-29,3
57741,3,108.894641,-6.950586,2024-06-29,3
57742,3,108.895233,-6.95058,2024-06-29,3
57743,3,108.894958,-6.950604,2024-06-29,3
57744,3,108.894057,-6.950557,2024-06-29,3
57745,3,108.895503,-6.950541,2024-06-29,3
57746,3,108.895266,-6.950511,2024-06-29,3
57747,3,108.893835,-6.950532,2024-06-29,3
57748,3,108.895737,-6.950521,2024-06-29,3
57749,3,108.894326,-6.950555,2024-06-29,3
57750,3,108.893898,-6.950471,2024-06-29,3
57751,3,108.894999,-6.950477,2024-06-29,3
57752,3,108.894377,-6.950461,2024-06-29,3
57753,3,108.895294,-6.950452,2024-06-29,3
57754,3,108.894688,-6.950483,2024-06-29,3
57755,3,108.894105,-6.950445,2024-06-29,3
57756,3,108.895031,-6.95041,2024-06-29,3
57757,3,108.893779,-6.950404,2024-06-29,3
57758,3,108.895502,-6.950424,2024-06-29,3
57759,3,108.895854,-6.950389,2024-06-29,3
57760,3,108.89415,-6.950354,2024-06-29,3
57761,3,108.895057,-6.950352,2024-06-29,3
57762,3,108.894733,-6.950361,2024-06-29,3
57763,3,108.893919,-6.950353,2024-06-29,3
57764,3,108.894424,-6.950364,2024-06-29,3
57765,3,108.894758,-6.950292,2024-06-29,3
57766,3,108.893941,-6.950259,2024-06-29,3
57767,3,108.895159,-6.950283,2024-06-29,3
57768,3,108.894469,-6.950246,2024-06-29,3
57769,3,108.894195,-6.95026,2024-06-29,3
57770,3,108.894786,-6.950238,2024-06-29,3
57771,3,108.895628,-6.950299,2024-06-29,3
57772,3,108.894249,-6.95015,2024-06-29,3
57773,3,108.893998,-6.950172,2024-06-29,3
57774,3,108.894409,-6.950142,2024-06-29,3
57775,3,108.894826,-6.950147,2024-06-29,3
57776,3,108.895279,-6.95016,2024-06-29,3
57777,3,108.89405,-6.950064,2024-06-29,3
57778,3,108.894439,-6.950091,2024-06-29,3
57779,3,108.893815,-6.950084,2024-06-29,3
57780,3,108.895723,-6.950135,2024-06-29,3
57781,3,108.894087,-6.950004,2024-06-29,3
57782,3,108.895006,-6.950051,2024-06-29,3
57783,3,108.893846,-6.949976,2024-06-29,3
57785,3,108.894477,-6.950005,2024-06-29,3
57786,3,108.894114,-6.949953,2024-06-29,3
57787,3,108.893873,-6.949914,2024-06-29,3
57788,3,108.895354,-6.949987,2024-06-29,3
57789,3,108.895714,-6.949979,2024-06-29,3
57790,3,108.894744,-6.949946,2024-06-29,3
57791,3,108.893901,-6.949863,2024-06-29,3
57792,3,108.895075,-6.949879,2024-06-29,3
57794,3,108.895928,-6.949818,2024-06-29,3
57795,3,108.896034,-6.949771,2024-06-29,3
57796,3,108.894487,-6.949844,2024-06-29,3
57797,3,108.894071,-6.949838,2024-06-29,3
57798,3,108.895268,-6.949802,2024-06-29,3
57799,3,108.895919,-6.949719,2024-06-29,3
57800,3,108.894812,-6.949773,2024-06-29,3
57801,3,108.894249,-6.94975,2024-06-29,3
57802,3,108.895011,-6.9497,2024-06-29,3
57804,3,108.895655,-6.949695,2024-06-29,3
57805,3,108.89561,-6.94976,2024-06-29,3
57806,3,108.894032,-6.949666,2024-06-29,3
57807,3,108.894558,-6.949673,2024-06-29,3
57808,3,108.895702,-6.949626,2024-06-29,3
57809,3,108.894808,-6.94962,2024-06-29,3
57811,3,108.895093,-6.94954,2024-06-29,3
57812,3,108.894621,-6.949546,2024-06-29,3
57813,3,108.894323,-6.949583,2024-06-29,3
57815,3,108.89536,-6.949562,2024-06-29,3
57816,3,108.894138,-6.949521,2024-06-29,3
57817,3,108.895413,-6.949501,2024-06-29,3
57818,3,108.89488,-6.949449,2024-06-29,3
57820,3,108.894402,-6.949459,2024-06-29,3
57821,3,108.895105,-6.949447,2024-06-29,3
57822,3,108.895154,-6.94939,2024-06-29,3
57823,3,108.894682,-6.949365,2024-06-29,3
57825,3,108.894961,-6.949307,2024-06-29,3
57826,3,108.894889,-6.949349,2024-06-29,3
57827,3,108.894379,-6.949256,2024-06-29,3
57828,3,108.894491,-6.949284,2024-06-29,3
57829,3,108.89469,-6.949264,2024-06-29,3
57830,3,108.894531,-6.949203,2024-06-29,3
57874,3,108.938526,-6.913763,2024-06-29,3
57875,3,108.937982,-6.913649,2024-06-29,3
57880,3,108.938168,-6.913409,2024-06-29,3
57881,3,108.937918,-6.913403,2024-06-29,3
57882,3,108.937744,-6.913395,2024-06-29,3
57883,3,108.93752,-6.913384,2024-06-29,3
57885,3,108.936988,-6.91318,2024-06-29,3
57886,3,108.938159,-6.91314,2024-06-29,3
57887,3,108.937922,-6.913138,2024-06-29,3
57888,3,108.937759,-6.913133,2024-06-29,3
57890,3,108.937532,-6.913126,2024-06-29,3
57895,3,108.937281,-6.912905,2024-06-29,3
57896,3,108.936992,-6.91293,2024-06-29,3
57902,3,108.936921,-6.912704,2024-06-29,3
57903,3,108.937011,-6.912707,2024-06-29,3
57904,3,108.937252,-6.912711,2024-06-29,3
53453,3,108.892183,-6.948961,2024-06-29,4
53457,3,109.053417,-6.9815,2024-06-29,4
53462,3,109.411611,-7.426361,2024-06-29,4
53472,3,109.488056,-7.716167,2024-06-29,4
53938,3,109.487652,-7.715784,2024-06-29,4
53939,3,109.488105,-7.715786,2024-06-29,4
53941,3,109.489012,-7.715789,2024-06-29,4
53942,3,109.487653,-7.715332,2024-06-29,4
53943,3,109.488107,-7.715334,2024-06-29,4
53946,3,109.487655,-7.71488,2024-06-29,4
53947,3,109.488108,-7.714882,2024-06-29,4
54033,3,109.411658,-7.426606,2024-06-29,4
54034,3,109.412111,-7.426607,2024-06-29,4
54042,3,109.411659,-7.426154,2024-06-29,4
54043,3,109.412112,-7.426155,2024-06-29,4
54053,3,109.052593,-6.982177,2024-06-29,4
54054,3,109.053045,-6.982179,2024-06-29,4
54055,3,109.052595,-6.981725,2024-06-29,4
54056,3,109.053047,-6.981727,2024-06-29,4
54058,3,109.052597,-6.981273,2024-06-29,4
54077,3,108.895756,-6.949863,2024-06-29,4
56649,3,109.48898,-7.716486,2024-06-29,4
56651,3,109.488243,-7.716461,2024-06-29,4
56653,3,109.487982,-7.716373,2024-06-29,4
56664,3,109.488794,-7.716119,2024-06-29,4
56674,3,109.488121,-7.715929,2024-06-29,4
56676,3,109.488644,-7.715902,2024-06-29,4
56678,3,109.487735,-7.715842,2024-06-29,4
56679,3,109.488996,-7.715832,2024-06-29,4
56681,3,109.488145,-7.715814,2024-06-29,4
56682,3,109.488984,-7.715749,2024-06-29,4
56684,3,109.487682,-7.715721,2024-06-29,4
56688,3,109.487677,-7.715582,2024-06-29,4
56689,3,109.487994,-7.715562,2024-06-29,4
56691,3,109.489253,-7.715473,2024-06-29,4
56694,3,109.489245,-7.715322,2024-06-29,4
56697,3,109.488168,-7.715376,2024-06-29,4
56698,3,109.487725,-7.715351,2024-06-29,4
56702,3,109.489216,-7.715111,2024-06-29,4
56704,3,109.48878,-7.715103,2024-06-29,4
56705,3,109.48919,-7.714993,2024-06-29,4
56706,3,109.487886,-7.715006,2024-06-29,4
56707,3,109.489155,-7.714878,2024-06-29,4
56708,3,109.487612,-7.715017,2024-06-29,4
56710,3,109.487768,-7.714809,2024-06-29,4
56711,3,109.48811,-7.714876,2024-06-29,4
56712,3,109.487885,-7.714778,2024-06-29,4
56713,3,109.488043,-7.714741,2024-06-29,4
57307,3,109.411941,-7.426895,2024-06-29,4
57313,3,109.411867,-7.426886,2024-06-29,4
57316,3,109.411796,-7.426877,2024-06-29,4
57321,3,109.411668,-7.426859,2024-06-29,4
57326,3,109.411527,-7.426841,2024-06-29,4
57328,3,109.411431,-7.42683,2024-06-29,4
57329,3,109.411378,-7.426822,2024-06-29,4
57337,3,109.412286,-7.426848,2024-06-29,4
57338,3,109.412224,-7.426842,2024-06-29,4
57342,3,109.412145,-7.42683,2024-06-29,4
57345,3,109.412067,-7.426829,2024-06-29,4
57347,3,109.412014,-7.426814,2024-06-29,4
57350,3,109.411952,-7.426805,2024-06-29,4
57356,3,109.411866,-7.426787,2024-06-29,4
57357,3,109.411772,-7.426775,2024-06-29,4
57362,3,109.411666,-7.426754,2024-06-29,4
57369,3,109.411543,-7.426735,2024-06-29,4
57371,3,109.411449,-7.426719,2024-06-29,4
57374,3,109.411391,-7.426705,2024-06-29,4
57395,3,109.412317,-7.426627,2024-06-29,4
57398,3,109.412258,-7.426623,2024-06-29,4
57402,3,109.412179,-7.426613,2024-06-29,4
57406,3,109.412102,-7.426593,2024-06-29,4
57408,3,109.412022,-7.426591,2024-06-29,4
57410,3,109.41192,-7.426562,2024-06-29,4
57412,3,109.411817,-7.426555,2024-06-29,4
57418,3,109.411701,-7.426534,2024-06-29,4
57424,3,109.411577,-7.426517,2024-06-29,4
57429,3,109.411487,-7.426503,2024-06-29,4
57433,3,109.411421,-7.426478,2024-06-29,4
57457,3,109.412335,-7.426351,2024-06-29,4
57461,3,109.411608,-7.426306,2024-06-29,4
57462,3,109.412236,-7.426337,2024-06-29,4
57463,3,109.411412,-7.42624,2024-06-29,4
57468,3,109.412156,-7.426324,2024-06-29,4
57472,3,109.412074,-7.426318,2024-06-29,4
57477,3,109.411978,-7.426302,2024-06-29,4
57485,3,109.411867,-7.426285,2024-06-29,4
57509,3,109.41163,-7.426173,2024-06-29,4
57510,3,109.412371,-7.426153,2024-06-29,4
57511,3,109.411426,-7.426133,2024-06-29,4
57514,3,109.412267,-7.426138,2024-06-29,4
57517,3,109.412182,-7.426129,2024-06-29,4
57518,3,109.412097,-7.426118,2024-06-29,4
57520,3,109.412006,-7.426108,2024-06-29,4
57524,3,109.411796,-7.426078,2024-06-29,4
57525,3,109.412391,-7.426045,2024-06-29,4
57527,3,109.412269,-7.426031,2024-06-29,4
57530,3,109.412164,-7.426021,2024-06-29,4
57531,3,109.411546,-7.426041,2024-06-29,4
57532,3,109.411441,-7.426021,2024-06-29,4
57533,3,109.412065,-7.426011,2024-06-29,4
57537,3,109.411876,-7.42599,2024-06-29,4
57541,3,109.411588,-7.425957,2024-06-29,4
57641,3,109.052823,-6.982463,2024-06-29,4
57642,3,109.052541,-6.982452,2024-06-29,4
57648,3,109.053327,-6.982333,2024-06-29,4
57650,3,109.052833,-6.982201,2024-06-29,4
57651,3,109.052552,-6.982182,2024-06-29,4
57653,3,109.052943,-6.982091,2024-06-29,4
57654,3,109.052706,-6.982075,2024-06-29,4
57655,3,109.052557,-6.982064,2024-06-29,4
57658,3,109.05298,-6.981822,2024-06-29,4
57659,3,109.052577,-6.981797,2024-06-29,4
57661,3,109.052992,-6.981708,2024-06-29,4
57662,3,109.052827,-6.981759,2024-06-29,4
57663,3,109.052709,-6.981763,2024-06-29,4
57664,3,109.052603,-6.981682,2024-06-29,4
57665,3,109.053753,-6.981651,2024-06-29,4
57666,3,109.053524,-6.981637,2024-06-29,4
57667,3,109.053269,-6.981621,2024-06-29,4
57668,3,109.052995,-6.981604,2024-06-29,4
57669,3,109.052783,-6.98159,2024-06-29,4
57670,3,109.05262,-6.98158,2024-06-29,4
57671,3,109.053756,-6.98156,2024-06-29,4
57672,3,109.053529,-6.981546,2024-06-29,4
57673,3,109.053273,-6.98153,2024-06-29,4
57674,3,109.052999,-6.981511,2024-06-29,4
57675,3,109.052789,-6.981497,2024-06-29,4
57676,3,109.052623,-6.981486,2024-06-29,4
57677,3,109.053791,-6.981432,2024-06-29,4
57678,3,109.053634,-6.981423,2024-06-29,4
57679,3,109.053474,-6.981412,2024-06-29,4
57680,3,109.053284,-6.981398,2024-06-29,4
57681,3,109.052946,-6.981373,2024-06-29,4
57682,3,109.052628,-6.981349,2024-06-29,4
57689,3,109.052946,-6.981087,2024-06-29,4
57690,3,109.052637,-6.981069,2024-06-29,4
57691,3,109.053792,-6.981095,2024-06-29,4
57692,3,109.053623,-6.981083,2024-06-29,4
57693,3,109.053351,-6.981065,2024-06-29,4
57694,3,109.052945,-6.980989,2024-06-29,4
57695,3,109.05264,-6.980968,2024-06-29,4
57718,3,108.89464,-6.951,2024-06-29,4
57724,3,108.894399,-6.950895,2024-06-29,4
57732,3,108.894064,-6.950748,2024-06-29,4
57784,3,108.895932,-6.949968,2024-06-29,4
57793,3,108.895647,-6.949851,2024-06-29,4
57803,3,108.895315,-6.949715,2024-06-29,4
57810,3,108.895052,-6.949608,2024-06-29,4
57814,3,108.894859,-6.949529,2024-06-29,4
57819,3,108.894678,-6.949455,2024-06-29,4
57824,3,108.894447,-6.949362,2024-06-29,4
53454,3,108.891528,-6.922556,2024-06-29,5
53458,3,109.053413,-6.9813,2024-06-29,5
53974,3,109.151793,-7.615013,2024-06-29,5
53977,3,109.152701,-7.614565,2024-06-29,5
54057,3,109.0535,-6.981729,2024-06-29,5
54060,3,109.053502,-6.981277,2024-06-29,5
54061,3,109.052599,-6.980821,2024-06-29,5
54062,3,109.053051,-6.980823,2024-06-29,5
54063,3,109.053503,-6.980825,2024-06-29,5
54080,3,108.890901,-6.922722,2024-06-29,5
54081,3,108.891353,-6.922724,2024-06-29,5
54082,3,108.891806,-6.922726,2024-06-29,5
54083,3,108.890903,-6.92227,2024-06-29,5
54084,3,108.891355,-6.922272,2024-06-29,5
54085,3,108.891808,-6.922274,2024-06-29,5
56877,3,109.151684,-7.61491,2024-06-29,5
56878,3,109.152833,-7.614844,2024-06-29,5
56881,3,109.152468,-7.614836,2024-06-29,5
56882,3,109.152587,-7.614829,2024-06-29,5
56886,3,109.152698,-7.614536,2024-06-29,5
56888,3,109.152813,-7.614543,2024-06-29,5
56889,3,109.152566,-7.614523,2024-06-29,5
56892,3,109.151644,-7.614228,2024-06-29,5
56896,3,109.152548,-7.614261,2024-06-29,5
57639,3,109.053645,-6.982489,2024-06-29,5
57640,3,109.053364,-6.982475,2024-06-29,5
57643,3,109.053173,-6.982465,2024-06-29,5
57644,3,109.053794,-6.982403,2024-06-29,5
57645,3,109.0536,-6.982391,2024-06-29,5
57646,3,109.052825,-6.982355,2024-06-29,5
57647,3,109.052545,-6.982339,2024-06-29,5
57649,3,109.053134,-6.982323,2024-06-29,5
57652,3,109.053264,-6.982135,2024-06-29,5
57660,3,109.053483,-6.981732,2024-06-29,5
57683,3,109.053799,-6.981265,2024-06-29,5
57684,3,109.053655,-6.981258,2024-06-29,5
57685,3,109.05348,-6.981246,2024-06-29,5
57686,3,109.053275,-6.981232,2024-06-29,5
57696,3,109.053822,-6.980921,2024-06-29,5
57697,3,109.053701,-6.980913,2024-06-29,5
57698,3,109.053546,-6.980901,2024-06-29,5
57699,3,109.053379,-6.980889,2024-06-29,5
57700,3,109.053158,-6.980872,2024-06-29,5
57701,3,109.052872,-6.980852,2024-06-29,5
57702,3,109.052646,-6.980835,2024-06-29,5
57703,3,109.053782,-6.980793,2024-06-29,5
57704,3,109.053548,-6.980777,2024-06-29,5
57705,3,109.053279,-6.980757,2024-06-29,5
57706,3,109.05294,-6.980732,2024-06-29,5
57707,3,109.052651,-6.980709,2024-06-29,5
57708,3,109.053774,-6.980687,2024-06-29,5
57709,3,109.053558,-6.980677,2024-06-29,5
57710,3,109.053379,-6.980669,2024-06-29,5
57711,3,109.053137,-6.980657,2024-06-29,5
57712,3,109.052858,-6.980642,2024-06-29,5
57713,3,109.052658,-6.980632,2024-06-29,5
57831,3,108.891413,-6.923092,2024-06-29,5
57832,3,108.891187,-6.923076,2024-06-29,5
57833,3,108.891012,-6.923064,2024-06-29,5
57834,3,108.890897,-6.923056,2024-06-29,5
57835,3,108.890755,-6.923045,2024-06-29,5
57836,3,108.891802,-6.923023,2024-06-29,5
57837,3,108.891399,-6.92299,2024-06-29,5
57838,3,108.890992,-6.922941,2024-06-29,5
57839,3,108.890761,-6.922913,2024-06-29,5
57840,3,108.891863,-6.922864,2024-06-29,5
57841,3,108.891608,-6.922839,2024-06-29,5
57842,3,108.891284,-6.922807,2024-06-29,5
57843,3,108.890904,-6.922774,2024-06-29,5
57844,3,108.890685,-6.922761,2024-06-29,5
57845,3,108.89187,-6.922678,2024-06-29,5
57846,3,108.891624,-6.922657,2024-06-29,5
57847,3,108.89129,-6.92263,2024-06-29,5
57848,3,108.890898,-6.922603,2024-06-29,5
57849,3,108.890681,-6.922616,2024-06-29,5
57850,3,108.890679,-6.922494,2024-06-29,5
57851,3,108.891761,-6.922488,2024-06-29,5
57852,3,108.891334,-6.92246,2024-06-29,5
57853,3,108.890981,-6.922437,2024-06-29,5
57854,3,108.890766,-6.922423,2024-06-29,5
57855,3,108.891762,-6.922323,2024-06-29,5
57856,3,108.891334,-6.922302,2024-06-29,5
57857,3,108.890977,-6.922281,2024-06-29,5
57858,3,108.890763,-6.92227,2024-06-29,5
57859,3,108.891763,-6.92215,2024-06-29,5
57860,3,108.891369,-6.922138,2024-06-29,5
57861,3,108.891047,-6.922128,2024-06-29,5
57862,3,108.890798,-6.922119,2024-06-29,5
57863,3,108.891855,-6.921975,2024-06-29,5
57864,3,108.891615,-6.921973,2024-06-29,5
57865,3,108.891326,-6.921969,2024-06-29,5
57866,3,108.891045,-6.921966,2024-06-29,5
57867,3,108.890799,-6.921963,2024-06-29,5
57868,3,108.891855,-6.92186,2024-06-29,5
57869,3,108.891217,-6.921858,2024-06-29,5
53469,3,109.152944,-7.613611,2024-06-29,6
53976,3,109.152248,-7.614563,2024-06-29,6
53978,3,109.151797,-7.614109,2024-06-29,6
53981,3,109.151799,-7.613657,2024-06-29,6
53982,3,109.152252,-7.613658,2024-06-29,6
53983,3,109.152705,-7.61366,2024-06-29,6
56875,3,109.152256,-7.61496,2024-06-29,6
56883,3,109.152243,-7.614743,2024-06-29,6
56887,3,109.152448,-7.61453,2024-06-29,6
56891,3,109.152228,-7.614445,2024-06-29,6
56895,3,109.152431,-7.614268,2024-06-29,6
56898,3,109.151664,-7.614034,2024-06-29,6
56902,3,109.151596,-7.613831,2024-06-29,6
56903,3,109.151963,-7.613826,2024-06-29,6
56906,3,109.151627,-7.61364,2024-06-29,6
56907,3,109.151986,-7.613635,2024-06-29,6
56908,3,109.152349,-7.61363,2024-06-29,6
56909,3,109.152663,-7.613626,2024-06-29,6
107752,4,109.391089,-6.871089,2024-06-29,2
107753,4,109.391622,-6.870947,2024-06-29,2
107759,4,109.429444,-6.895214,2024-06-29,2
107769,4,109.381744,-6.87475,2024-06-29,2
107770,4,109.391567,-6.872022,2024-06-29,2
107771,4,109.429086,-6.895031,2024-06-29,2
107773,4,109.052806,-6.994267,2024-06-29,2
107803,4,109.411086,-7.444706,2024-06-29,2
107902,4,109.052995,-6.994384,2024-06-29,2
107906,4,109.052997,-6.993932,2024-06-29,2
107911,4,109.052999,-6.99348,2024-06-29,2
108046,4,109.429155,-6.895835,2024-06-29,2
108049,4,109.428704,-6.895381,2024-06-29,2
108050,4,109.429609,-6.895384,2024-06-29,2
108051,4,109.430061,-6.895386,2024-06-29,2
108052,4,109.428705,-6.894929,2024-06-29,2
108053,4,109.42961,-6.894932,2024-06-29,2
108054,4,109.430063,-6.894934,2024-06-29,2
108055,4,109.428707,-6.894477,2024-06-29,2
108060,4,109.381443,-6.874911,2024-06-29,2
108061,4,109.381895,-6.874913,2024-06-29,2
108062,4,109.382348,-6.874914,2024-06-29,2
108063,4,109.3828,-6.874916,2024-06-29,2
108067,4,109.382349,-6.874462,2024-06-29,2
108068,4,109.382802,-6.874464,2024-06-29,2
108072,4,109.382351,-6.87401,2024-06-29,2
108073,4,109.382803,-6.874011,2024-06-29,2
108074,4,109.380995,-6.873553,2024-06-29,2
108075,4,109.381448,-6.873555,2024-06-29,2
108076,4,109.3819,-6.873556,2024-06-29,2
108077,4,109.382352,-6.873558,2024-06-29,2
108078,4,109.382805,-6.873559,2024-06-29,2
108079,4,109.3905,-6.872229,2024-06-29,2
108080,4,109.390952,-6.87223,2024-06-29,2
108081,4,109.391405,-6.872232,2024-06-29,2
108082,4,109.391857,-6.872233,2024-06-29,2
108083,4,109.390501,-6.871777,2024-06-29,2
108084,4,109.390954,-6.871778,2024-06-29,2
108085,4,109.391406,-6.87178,2024-06-29,2
108086,4,109.391859,-6.871781,2024-06-29,2
108087,4,109.390051,-6.871323,2024-06-29,2
108088,4,109.390503,-6.871325,2024-06-29,2
108089,4,109.390955,-6.871326,2024-06-29,2
108090,4,109.391408,-6.871328,2024-06-29,2
108091,4,109.390052,-6.870871,2024-06-29,2
108092,4,109.390505,-6.870872,2024-06-29,2
108093,4,109.390957,-6.870874,2024-06-29,2
108094,4,109.391409,-6.870876,2024-06-29,2
108095,4,109.390054,-6.870419,2024-06-29,2
108096,4,109.390506,-6.87042,2024-06-29,2
108097,4,109.390958,-6.870422,2024-06-29,2
108098,4,109.391411,-6.870423,2024-06-29,2
108830,4,109.052953,-6.994673,2024-06-29,2
108831,4,109.05276,-6.994662,2024-06-29,2
108845,4,109.053009,-6.994484,2024-06-29,2
108846,4,109.052909,-6.994479,2024-06-29,2
108847,4,109.052772,-6.99447,2024-06-29,2
108858,4,109.052976,-6.994258,2024-06-29,2
108859,4,109.052789,-6.994246,2024-06-29,2
108866,4,109.052989,-6.994047,2024-06-29,2
108867,4,109.052803,-6.994036,2024-06-29,2
108882,4,109.052964,-6.993815,2024-06-29,2
108883,4,109.052818,-6.993807,2024-06-29,2
108888,4,109.053022,-6.993582,2024-06-29,2
108889,4,109.052834,-6.993571,2024-06-29,2
108895,4,109.052845,-6.993403,2024-06-29,2
108912,4,109.093542,-6.971421,2024-06-29,2
108925,4,109.093559,-6.971236,2024-06-29,2
108938,4,109.093577,-6.971021,2024-06-29,2
108951,4,109.093598,-6.970797,2024-06-29,2
109439,4,109.428911,-6.895767,2024-06-29,2
109440,4,109.429095,-6.89576,2024-06-29,2
109456,4,109.428486,-6.895606,2024-06-29,2
109458,4,109.428551,-6.895601,2024-06-29,2
109459,4,109.428646,-6.895597,2024-06-29,2
109461,4,109.428752,-6.895592,2024-06-29,2
109462,4,109.428856,-6.895587,2024-06-29,2
109463,4,109.428964,-6.895582,2024-06-29,2
109464,4,109.429114,-6.895575,2024-06-29,2
109467,4,109.43033,-6.895466,2024-06-29,2
109468,4,109.430135,-6.895461,2024-06-29,2
109470,4,109.42987,-6.895452,2024-06-29,2
109471,4,109.429662,-6.895446,2024-06-29,2
109472,4,109.428484,-6.895441,2024-06-29,2
109473,4,109.42947,-6.89544,2024-06-29,2
109474,4,109.428547,-6.895435,2024-06-29,2
109476,4,109.428645,-6.895431,2024-06-29,2
109477,4,109.42875,-6.895426,2024-06-29,2
109479,4,109.428861,-6.895421,2024-06-29,2
109480,4,109.428968,-6.895415,2024-06-29,2
109482,4,109.430276,-6.895306,2024-06-29,2
109483,4,109.43009,-6.895302,2024-06-29,2
109484,4,109.429879,-6.895298,2024-06-29,2
109485,4,109.429664,-6.895293,2024-06-29,2
109486,4,109.429472,-6.895286,2024-06-29,2
109487,4,109.428501,-6.895236,2024-06-29,2
109488,4,109.428619,-6.89523,2024-06-29,2
109489,4,109.428748,-6.895227,2024-06-29,2
109490,4,109.42885,-6.895222,2024-06-29,2
109491,4,109.428976,-6.895218,2024-06-29,2
109492,4,109.429123,-6.895211,2024-06-29,2
109493,4,109.430276,-6.895147,2024-06-29,2
109494,4,109.430088,-6.895145,2024-06-29,2
109495,4,109.429876,-6.895144,2024-06-29,2
109496,4,109.429666,-6.89514,2024-06-29,2
109497,4,109.429476,-6.895137,2024-06-29,2
109498,4,109.430274,-6.894986,2024-06-29,2
109499,4,109.430082,-6.894984,2024-06-29,2
109500,4,109.429871,-6.894982,2024-06-29,2
109501,4,109.429663,-6.894979,2024-06-29,2
109502,4,109.429474,-6.894977,2024-06-29,2
109503,4,109.4285,-6.895004,2024-06-29,2
109504,4,109.428618,-6.894999,2024-06-29,2
109505,4,109.428746,-6.894998,2024-06-29,2
109506,4,109.428839,-6.894995,2024-06-29,2
109507,4,109.428947,-6.894991,2024-06-29,2
109510,4,109.42852,-6.89482,2024-06-29,2
109511,4,109.428668,-6.894818,2024-06-29,2
109512,4,109.428837,-6.894815,2024-06-29,2
109513,4,109.428975,-6.894813,2024-06-29,2
109514,4,109.429126,-6.894812,2024-06-29,2
109523,4,109.428768,-6.894644,2024-06-29,2
109529,4,109.428526,-6.894502,2024-06-29,2
109530,4,109.428669,-6.894492,2024-06-29,2
109531,4,109.428834,-6.89448,2024-06-29,2
109532,4,109.428968,-6.894473,2024-06-29,2
109533,4,109.42853,-6.894401,2024-06-29,2
109535,4,109.428669,-6.894388,2024-06-29,2
109540,4,109.428836,-6.894374,2024-06-29,2
109541,4,109.428967,-6.894364,2024-06-29,2
109542,4,109.429132,-6.89435,2024-06-29,2
109554,4,109.382132,-6.875221,2024-06-29,2
109556,4,109.381873,-6.875192,2024-06-29,2
109558,4,109.381554,-6.875159,2024-06-29,2
109559,4,109.381297,-6.875131,2024-06-29,2
109560,4,109.382141,-6.875152,2024-06-29,2
109562,4,109.381119,-6.87511,2024-06-29,2
109563,4,109.381918,-6.875128,2024-06-29,2
109564,4,109.380863,-6.875079,2024-06-29,2
109565,4,109.381601,-6.875095,2024-06-29,2
109567,4,109.382141,-6.875058,2024-06-29,2
109568,4,109.383062,-6.875046,2024-06-29,2
109569,4,109.381899,-6.875033,2024-06-29,2
109570,4,109.381045,-6.875035,2024-06-29,2
109571,4,109.382829,-6.875025,2024-06-29,2
109572,4,109.381676,-6.87501,2024-06-29,2
109573,4,109.381462,-6.874988,2024-06-29,2
109574,4,109.382478,-6.874987,2024-06-29,2
109575,4,109.381189,-6.87496,2024-06-29,2
109576,4,109.38307,-6.874942,2024-06-29,2
109577,4,109.382151,-6.874949,2024-06-29,2
109578,4,109.382834,-6.874919,2024-06-29,2
109579,4,109.381908,-6.874924,2024-06-29,2
109580,4,109.381684,-6.874901,2024-06-29,2
109581,4,109.382489,-6.874883,2024-06-29,2
109582,4,109.381457,-6.874878,2024-06-29,2
109583,4,109.38216,-6.874846,2024-06-29,2
109584,4,109.381916,-6.874821,2024-06-29,2
109585,4,109.381186,-6.874847,2024-06-29,2
109586,4,109.381669,-6.874795,2024-06-29,2
109587,4,109.381374,-6.874764,2024-06-29,2
109588,4,109.380945,-6.874716,2024-06-29,2
109589,4,109.383086,-6.874781,2024-06-29,2
109590,4,109.382834,-6.874754,2024-06-29,2
109591,4,109.382498,-6.874728,2024-06-29,2
109592,4,109.382175,-6.874702,2024-06-29,2
109594,4,109.381903,-6.874681,2024-06-29,2
109596,4,109.381622,-6.874655,2024-06-29,2
109597,4,109.381355,-6.87463,2024-06-29,2
109598,4,109.38095,-6.874588,2024-06-29,2
109599,4,109.383062,-6.874505,2024-06-29,2
109601,4,109.382641,-6.874492,2024-06-29,2
109605,4,109.383071,-6.874378,2024-06-29,2
109606,4,109.382818,-6.874371,2024-06-29,2
109608,4,109.382498,-6.874361,2024-06-29,2
109611,4,109.383091,-6.874289,2024-06-29,2
109612,4,109.382835,-6.874285,2024-06-29,2
109614,4,109.382499,-6.874279,2024-06-29,2
109620,4,109.38307,-6.874169,2024-06-29,2
109622,4,109.382788,-6.874166,2024-06-29,2
109623,4,109.382487,-6.874162,2024-06-29,2
109630,4,109.383136,-6.874029,2024-06-29,2
109631,4,109.382902,-6.874018,2024-06-29,2
109632,4,109.38266,-6.874014,2024-06-29,2
109633,4,109.382434,-6.874009,2024-06-29,2
109639,4,109.383116,-6.873873,2024-06-29,2
109640,4,109.382902,-6.87387,2024-06-29,2
109641,4,109.382662,-6.873866,2024-06-29,2
109642,4,109.382437,-6.873862,2024-06-29,2
109652,4,109.382157,-6.873711,2024-06-29,2
109653,4,109.381111,-6.873649,2024-06-29,2
109654,4,109.382057,-6.873592,2024-06-29,2
109655,4,109.380852,-6.873628,2024-06-29,2
109656,4,109.381522,-6.873561,2024-06-29,2
109657,4,109.38108,-6.873531,2024-06-29,2
109658,4,109.383167,-6.873582,2024-06-29,2
109659,4,109.383018,-6.873559,2024-06-29,2
109660,4,109.382756,-6.873558,2024-06-29,2
109661,4,109.382465,-6.873555,2024-06-29,2
109662,4,109.382057,-6.873482,2024-06-29,2
109663,4,109.383139,-6.873413,2024-06-29,2
109664,4,109.381531,-6.873449,2024-06-29,2
109665,4,109.382461,-6.873411,2024-06-29,2
109666,4,109.382758,-6.873411,2024-06-29,2
109667,4,109.383014,-6.873414,2024-06-29,2
109668,4,109.381077,-6.873421,2024-06-29,2
109669,4,109.380853,-6.873438,2024-06-29,2
109670,4,109.382741,-6.873335,2024-06-29,2
109671,4,109.38245,-6.873331,2024-06-29,2
109672,4,109.391657,-6.872558,2024-06-29,2
109673,4,109.391138,-6.872574,2024-06-29,2
109674,4,109.391903,-6.872511,2024-06-29,2
109675,4,109.391282,-6.872553,2024-06-29,2
109676,4,109.391577,-6.872495,2024-06-29,2
109677,4,109.391012,-6.872489,2024-06-29,2
109678,4,109.391823,-6.872442,2024-06-29,2
109679,4,109.39127,-6.872433,2024-06-29,2
109680,4,109.392049,-6.872389,2024-06-29,2
109681,4,109.391541,-6.872372,2024-06-29,2
109682,4,109.390941,-6.872366,2024-06-29,2
109683,4,109.391798,-6.872315,2024-06-29,2
109684,4,109.391244,-6.872303,2024-06-29,2
109685,4,109.392036,-6.872261,2024-06-29,2
109686,4,109.39215,-6.872191,2024-06-29,2
109687,4,109.390805,-6.872256,2024-06-29,2
109688,4,109.391516,-6.872244,2024-06-29,2
109689,4,109.39041,-6.872327,2024-06-29,2
109690,4,109.39109,-6.872203,2024-06-29,2
109691,4,109.391773,-6.872189,2024-06-29,2
109692,4,109.390447,-6.872143,2024-06-29,2
109693,4,109.391357,-6.872149,2024-06-29,2
109694,4,109.392013,-6.872136,2024-06-29,2
109695,4,109.39214,-6.872101,2024-06-29,2
109696,4,109.390658,-6.872139,2024-06-29,2
109697,4,109.39086,-6.872103,2024-06-29,2
109698,4,109.391681,-6.872081,2024-06-29,2
109699,4,109.391053,-6.872067,2024-06-29,2
109700,4,109.391982,-6.87202,2024-06-29,2
109701,4,109.390145,-6.872033,2024-06-29,2
109702,4,109.391271,-6.872026,2024-06-29,2
109703,4,109.392128,-6.871985,2024-06-29,2
109704,4,109.390313,-6.872023,2024-06-29,2
109705,4,109.391498,-6.871983,2024-06-29,2
109706,4,109.390484,-6.871992,2024-06-29,2
109707,4,109.390652,-6.87197,2024-06-29,2
109708,4,109.391718,-6.87194,2024-06-29,2
109709,4,109.39196,-6.871894,2024-06-29,2
109710,4,109.392114,-6.871862,2024-06-29,2
109711,4,109.390811,-6.871913,2024-06-29,2
109712,4,109.390968,-6.87189,2024-06-29,2
109713,4,109.390136,-6.871843,2024-06-29,2
109714,4,109.390301,-6.871833,2024-06-29,2
109715,4,109.390467,-6.871802,2024-06-29,2
109716,4,109.390636,-6.871791,2024-06-29,2
109717,4,109.391954,-6.871753,2024-06-29,2
109718,4,109.392091,-6.871724,2024-06-29,2
109719,4,109.39113,-6.871799,2024-06-29,2
109720,4,109.391295,-6.871774,2024-06-29,2
109721,4,109.391452,-6.871755,2024-06-29,2
109722,4,109.390127,-6.871661,2024-06-29,2
109723,4,109.391612,-6.871732,2024-06-29,2
109724,4,109.390287,-6.871651,2024-06-29,2
109725,4,109.391772,-6.871704,2024-06-29,2
109726,4,109.390791,-6.871666,2024-06-29,2
109727,4,109.390453,-6.871624,2024-06-29,2
109728,4,109.39095,-6.871651,2024-06-29,2
109729,4,109.390622,-6.871611,2024-06-29,2
109730,4,109.391935,-6.8716,2024-06-29,2
109731,4,109.392075,-6.87157,2024-06-29,2
109732,4,109.390118,-6.871492,2024-06-29,2
109733,4,109.390277,-6.87148,2024-06-29,2
109734,4,109.391918,-6.871453,2024-06-29,2
109735,4,109.390441,-6.871453,2024-06-29,2
109736,4,109.390609,-6.87144,2024-06-29,2
109737,4,109.392059,-6.871425,2024-06-29,2
109738,4,109.390774,-6.871433,2024-06-29,2
109739,4,109.390933,-6.87142,2024-06-29,2
109740,4,109.391428,-6.871444,2024-06-29,2
109741,4,109.391105,-6.87146,2024-06-29,2
109742,4,109.391586,-6.871432,2024-06-29,2
109743,4,109.39127,-6.871445,2024-06-29,2
109744,4,109.391747,-6.871413,2024-06-29,2
109745,4,109.390109,-6.871314,2024-06-29,2
109746,4,109.390265,-6.871303,2024-06-29,2
109747,4,109.390429,-6.871285,2024-06-29,2
109748,4,109.390597,-6.871272,2024-06-29,2
109749,4,109.390759,-6.871232,2024-06-29,2
109750,4,109.390918,-6.871217,2024-06-29,2
109751,4,109.391408,-6.871187,2024-06-29,2
109752,4,109.391565,-6.871177,2024-06-29,2
109753,4,109.391726,-6.871168,2024-06-29,2
109754,4,109.391084,-6.871183,2024-06-29,2
109755,4,109.391248,-6.871167,2024-06-29,2
109756,4,109.390101,-6.871128,2024-06-29,2
109757,4,109.390255,-6.871117,2024-06-29,2
109758,4,109.390416,-6.871098,2024-06-29,2
109759,4,109.390583,-6.871084,2024-06-29,2
109760,4,109.390744,-6.871024,2024-06-29,2
109761,4,109.390904,-6.871009,2024-06-29,2
109762,4,109.391069,-6.870976,2024-06-29,2
109763,4,109.390092,-6.870952,2024-06-29,2
109764,4,109.390243,-6.870939,2024-06-29,2
109765,4,109.39123,-6.87095,2024-06-29,2
109766,4,109.391389,-6.870963,2024-06-29,2
109767,4,109.390403,-6.870919,2024-06-29,2
109768,4,109.391547,-6.870952,2024-06-29,2
109769,4,109.390569,-6.870906,2024-06-29,2
109770,4,109.391708,-6.870943,2024-06-29,2
109771,4,109.390729,-6.870821,2024-06-29,2
109772,4,109.390889,-6.870805,2024-06-29,2
109773,4,109.391055,-6.870788,2024-06-29,2
109774,4,109.391214,-6.870763,2024-06-29,2
109775,4,109.390082,-6.870749,2024-06-29,2
109776,4,109.390231,-6.870734,2024-06-29,2
109777,4,109.390388,-6.87072,2024-06-29,2
109778,4,109.391368,-6.870719,2024-06-29,2
109779,4,109.390553,-6.870703,2024-06-29,2
109780,4,109.391526,-6.870705,2024-06-29,2
109781,4,109.391687,-6.870692,2024-06-29,2
109782,4,109.390069,-6.870516,2024-06-29,2
109783,4,109.390216,-6.870504,2024-06-29,2
109784,4,109.390373,-6.870496,2024-06-29,2
109785,4,109.390536,-6.870486,2024-06-29,2
109786,4,109.390708,-6.87055,2024-06-29,2
109787,4,109.390867,-6.870535,2024-06-29,2
109788,4,109.391032,-6.870516,2024-06-29,2
109789,4,109.391191,-6.870497,2024-06-29,2
109790,4,109.391342,-6.870445,2024-06-29,2
109791,4,109.3915,-6.870422,2024-06-29,2
109792,4,109.391662,-6.870406,2024-06-29,2
110097,4,109.381615,-6.873678,2024-06-29,2
110098,4,109.381884,-6.873694,2024-06-29,2
110099,4,109.390193,-6.872225,2024-06-29,2
110100,4,109.390206,-6.872431,2024-06-29,2
110101,4,109.39085,-6.872543,2024-06-29,2
110102,4,109.390426,-6.872544,2024-06-29,2
110103,4,109.390668,-6.872542,2024-06-29,2
110104,4,109.390622,-6.872369,2024-06-29,2
110105,4,109.053055,-6.993827,2024-06-29,2
107754,4,109.406519,-6.896431,2024-06-29,3
107755,4,109.380958,-6.874142,2024-06-29,3
107756,4,109.381667,-6.874178,2024-06-29,3
107758,4,109.429619,-6.895931,2024-06-29,3
107760,4,109.429517,-6.895706,2024-06-29,3
108026,4,109.406249,-6.897601,2024-06-29,3
108027,4,109.406702,-6.897602,2024-06-29,3
108029,4,109.406251,-6.897149,2024-06-29,3
108030,4,109.406703,-6.89715,2024-06-29,3
108032,4,109.406252,-6.896696,2024-06-29,3
108033,4,109.406705,-6.896698,2024-06-29,3
108035,4,109.428699,-6.896738,2024-06-29,3
108036,4,109.429152,-6.896739,2024-06-29,3
108045,4,109.428702,-6.895833,2024-06-29,3
108047,4,109.429607,-6.895836,2024-06-29,3
108048,4,109.43006,-6.895838,2024-06-29,3
108056,4,109.429612,-6.89448,2024-06-29,3
108057,4,109.430064,-6.894482,2024-06-29,3
108058,4,109.382346,-6.875366,2024-06-29,3
108059,4,109.382799,-6.875368,2024-06-29,3
108064,4,109.380992,-6.874457,2024-06-29,3
108065,4,109.381445,-6.874459,2024-06-29,3
108066,4,109.381897,-6.87446,2024-06-29,3
108069,4,109.380994,-6.874005,2024-06-29,3
108070,4,109.381446,-6.874007,2024-06-29,3
108071,4,109.381899,-6.874008,2024-06-29,3
109281,4,109.40689,-6.897707,2024-06-29,3
109282,4,109.406701,-6.897694,2024-06-29,3
109283,4,109.40648,-6.897704,2024-06-29,3
109284,4,109.40628,-6.897681,2024-06-29,3
109285,4,109.406905,-6.897592,2024-06-29,3
109288,4,109.406707,-6.897572,2024-06-29,3
109289,4,109.406486,-6.897548,2024-06-29,3
109290,4,109.40629,-6.897527,2024-06-29,3
109291,4,109.406058,-6.897478,2024-06-29,3
109292,4,109.405894,-6.897463,2024-06-29,3
109294,4,109.40692,-6.897435,2024-06-29,3
109295,4,109.406768,-6.897419,2024-06-29,3
109296,4,109.406588,-6.8974,2024-06-29,3
109297,4,109.406023,-6.897359,2024-06-29,3
109298,4,109.406346,-6.897375,2024-06-29,3
109299,4,109.40693,-6.897274,2024-06-29,3
109300,4,109.406077,-6.897244,2024-06-29,3
109301,4,109.406778,-6.89726,2024-06-29,3
109302,4,109.40591,-6.89723,2024-06-29,3
109304,4,109.406596,-6.897242,2024-06-29,3
109306,4,109.406353,-6.897219,2024-06-29,3
109307,4,109.405902,-6.897144,2024-06-29,3
109308,4,109.405905,-6.89709,2024-06-29,3
109309,4,109.406072,-6.897124,2024-06-29,3
109310,4,109.406936,-6.897117,2024-06-29,3
109311,4,109.406774,-6.897102,2024-06-29,3
109312,4,109.405907,-6.89704,2024-06-29,3
109316,4,109.406585,-6.897084,2024-06-29,3
109321,4,109.40591,-6.896993,2024-06-29,3
109322,4,109.406353,-6.89706,2024-06-29,3
109323,4,109.429148,-6.897034,2024-06-29,3
109324,4,109.428952,-6.897025,2024-06-29,3
109325,4,109.428778,-6.897015,2024-06-29,3
109326,4,109.428651,-6.897005,2024-06-29,3
109327,4,109.428488,-6.896966,2024-06-29,3
109328,4,109.406077,-6.897006,2024-06-29,3
109329,4,109.405911,-6.896952,2024-06-29,3
109330,4,109.406946,-6.896961,2024-06-29,3
109331,4,109.406787,-6.896947,2024-06-29,3
109332,4,109.406116,-6.896903,2024-06-29,3
109333,4,109.406599,-6.896928,2024-06-29,3
109335,4,109.405948,-6.896886,2024-06-29,3
109341,4,109.406363,-6.896904,2024-06-29,3
109343,4,109.429144,-6.896865,2024-06-29,3
109344,4,109.428963,-6.896861,2024-06-29,3
109345,4,109.428797,-6.89686,2024-06-29,3
109346,4,109.428613,-6.896855,2024-06-29,3
109347,4,109.428491,-6.896857,2024-06-29,3
109348,4,109.406125,-6.896808,2024-06-29,3
109349,4,109.405955,-6.896789,2024-06-29,3
109350,4,109.406953,-6.896809,2024-06-29,3
109351,4,109.406789,-6.896792,2024-06-29,3
109352,4,109.4066,-6.896773,2024-06-29,3
109353,4,109.406159,-6.896721,2024-06-29,3
109358,4,109.406368,-6.896749,2024-06-29,3
109360,4,109.405991,-6.896703,2024-06-29,3
109362,4,109.406168,-6.896629,2024-06-29,3
109363,4,109.406964,-6.896656,2024-06-29,3
109364,4,109.429144,-6.89666,2024-06-29,3
109365,4,109.428975,-6.896658,2024-06-29,3
109366,4,109.428791,-6.896655,2024-06-29,3
109367,4,109.428592,-6.896654,2024-06-29,3
109368,4,109.428485,-6.896657,2024-06-29,3
109369,4,109.406803,-6.896639,2024-06-29,3
109370,4,109.405998,-6.896611,2024-06-29,3
109371,4,109.406615,-6.896618,2024-06-29,3
109372,4,109.406379,-6.896592,2024-06-29,3
109378,4,109.406175,-6.896537,2024-06-29,3
109380,4,109.406036,-6.896522,2024-06-29,3
109381,4,109.40593,-6.89651,2024-06-29,3
109382,4,109.406816,-6.896485,2024-06-29,3
109383,4,109.406629,-6.896464,2024-06-29,3
109384,4,109.40639,-6.896439,2024-06-29,3
109400,4,109.406042,-6.896318,2024-06-29,3
109415,4,109.406122,-6.89604,2024-06-29,3
109417,4,109.405988,-6.896027,2024-06-29,3
109420,4,109.430331,-6.895931,2024-06-29,3
109421,4,109.430194,-6.895929,2024-06-29,3
109422,4,109.42998,-6.895926,2024-06-29,3
109423,4,109.429756,-6.895922,2024-06-29,3
109424,4,109.429516,-6.895918,2024-06-29,3
109428,4,109.430331,-6.89578,2024-06-29,3
109430,4,109.430194,-6.895777,2024-06-29,3
109431,4,109.42999,-6.895771,2024-06-29,3
109432,4,109.429811,-6.895768,2024-06-29,3
109434,4,109.429646,-6.895765,2024-06-29,3
109435,4,109.429477,-6.895762,2024-06-29,3
109436,4,109.428569,-6.895785,2024-06-29,3
109438,4,109.428755,-6.895776,2024-06-29,3
109441,4,109.430331,-6.89567,2024-06-29,3
109442,4,109.430126,-6.895663,2024-06-29,3
109443,4,109.429852,-6.895654,2024-06-29,3
109444,4,109.406139,-6.895752,2024-06-29,3
109445,4,109.429655,-6.895648,2024-06-29,3
109446,4,109.429473,-6.895642,2024-06-29,3
109447,4,109.406005,-6.895742,2024-06-29,3
109450,4,109.430334,-6.895591,2024-06-29,3
109452,4,109.430137,-6.895583,2024-06-29,3
109453,4,109.429861,-6.895573,2024-06-29,3
109454,4,109.429657,-6.895566,2024-06-29,3
109457,4,109.429472,-6.89556,2024-06-29,3
109478,4,109.406155,-6.895475,2024-06-29,3
109481,4,109.406021,-6.895462,2024-06-29,3
109508,4,109.430272,-6.894833,2024-06-29,3
109509,4,109.430053,-6.89483,2024-06-29,3
109515,4,109.429829,-6.894826,2024-06-29,3
109516,4,109.429648,-6.894822,2024-06-29,3
109517,4,109.429474,-6.89482,2024-06-29,3
109518,4,109.430055,-6.894688,2024-06-29,3
109519,4,109.429831,-6.894684,2024-06-29,3
109520,4,109.42964,-6.894681,2024-06-29,3
109521,4,109.430271,-6.894686,2024-06-29,3
109522,4,109.429476,-6.894675,2024-06-29,3
109524,4,109.430272,-6.894547,2024-06-29,3
109525,4,109.430056,-6.894544,2024-06-29,3
109526,4,109.429827,-6.894541,2024-06-29,3
109527,4,109.429637,-6.894538,2024-06-29,3
109528,4,109.429466,-6.894536,2024-06-29,3
109534,4,109.430267,-6.894417,2024-06-29,3
109536,4,109.430054,-6.894405,2024-06-29,3
109537,4,109.429824,-6.894401,2024-06-29,3
109538,4,109.429633,-6.894399,2024-06-29,3
109539,4,109.429463,-6.894397,2024-06-29,3
109543,4,109.429472,-6.894289,2024-06-29,3
109544,4,109.43019,-6.894289,2024-06-29,3
109545,4,109.429631,-6.894282,2024-06-29,3
109546,4,109.43005,-6.894288,2024-06-29,3
109547,4,109.429822,-6.894274,2024-06-29,3
109548,4,109.382623,-6.875416,2024-06-29,3
109549,4,109.382781,-6.875371,2024-06-29,3
109550,4,109.382915,-6.875304,2024-06-29,3
109551,4,109.382411,-6.875343,2024-06-29,3
109552,4,109.382695,-6.875283,2024-06-29,3
109553,4,109.38242,-6.875252,2024-06-29,3
109555,4,109.382958,-6.875236,2024-06-29,3
109557,4,109.382552,-6.875196,2024-06-29,3
109561,4,109.382971,-6.875146,2024-06-29,3
109566,4,109.38256,-6.875102,2024-06-29,3
109593,4,109.38306,-6.874616,2024-06-29,3
109595,4,109.382651,-6.874601,2024-06-29,3
109600,4,109.382147,-6.874513,2024-06-29,3
109602,4,109.381817,-6.874493,2024-06-29,3
109603,4,109.381483,-6.874467,2024-06-29,3
109604,4,109.381203,-6.874444,2024-06-29,3
109607,4,109.380885,-6.874413,2024-06-29,3
109609,4,109.382152,-6.874358,2024-06-29,3
109610,4,109.381824,-6.874338,2024-06-29,3
109613,4,109.381488,-6.874317,2024-06-29,3
109615,4,109.38121,-6.874298,2024-06-29,3
109616,4,109.380891,-6.874273,2024-06-29,3
109617,4,109.382152,-6.874225,2024-06-29,3
109618,4,109.38183,-6.874206,2024-06-29,3
109619,4,109.381492,-6.874186,2024-06-29,3
109621,4,109.381148,-6.874165,2024-06-29,3
109624,4,109.380825,-6.874141,2024-06-29,3
109625,4,109.382154,-6.874103,2024-06-29,3
109626,4,109.381835,-6.874084,2024-06-29,3
109627,4,109.381494,-6.874064,2024-06-29,3
109628,4,109.381153,-6.874044,2024-06-29,3
109629,4,109.380831,-6.874024,2024-06-29,3
109634,4,109.382156,-6.873985,2024-06-29,3
109635,4,109.381841,-6.873966,2024-06-29,3
109636,4,109.381499,-6.873945,2024-06-29,3
109637,4,109.381156,-6.873926,2024-06-29,3
109638,4,109.380833,-6.87391,2024-06-29,3
109643,4,109.382157,-6.873854,2024-06-29,3
109644,4,109.381847,-6.873836,2024-06-29,3
109645,4,109.381506,-6.873816,2024-06-29,3
109646,4,109.381161,-6.873798,2024-06-29,3
109647,4,109.380838,-6.873781,2024-06-29,3
109648,4,109.383099,-6.873717,2024-06-29,3
109649,4,109.382887,-6.873715,2024-06-29,3
109650,4,109.382665,-6.873713,2024-06-29,3
109651,4,109.382438,-6.87371,2024-06-29,3
107757,4,109.429472,-6.896186,2024-06-29,4
107762,4,109.052569,-6.994953,2024-06-29,4
107763,4,109.052986,-6.995039,2024-06-29,4
107764,4,109.052872,-6.995378,2024-06-29,4
107772,4,109.406953,-6.895875,2024-06-29,4
107774,4,109.052619,-6.994092,2024-06-29,4
107775,4,109.052478,-6.994253,2024-06-29,4
107895,4,109.053894,-6.995744,2024-06-29,4
107896,4,109.052539,-6.995286,2024-06-29,4
107897,4,109.052991,-6.995288,2024-06-29,4
107898,4,109.053444,-6.99529,2024-06-29,4
107899,4,109.053896,-6.995292,2024-06-29,4
107900,4,109.052541,-6.994834,2024-06-29,4
107901,4,109.052543,-6.994382,2024-06-29,4
107903,4,109.053447,-6.994386,2024-06-29,4
107904,4,109.0539,-6.994388,2024-06-29,4
107905,4,109.052544,-6.99393,2024-06-29,4
107907,4,109.053449,-6.993934,2024-06-29,4
107908,4,109.053902,-6.993936,2024-06-29,4
107909,4,109.054354,-6.993938,2024-06-29,4
107910,4,109.052546,-6.993478,2024-06-29,4
107912,4,109.053451,-6.993482,2024-06-29,4
107915,4,109.094712,-6.9715,2024-06-29,4
107920,4,109.094713,-6.971048,2024-06-29,4
108028,4,109.407154,-6.897604,2024-06-29,4
108031,4,109.407155,-6.897152,2024-06-29,4
108034,4,109.407157,-6.8967,2024-06-29,4
108037,4,109.429604,-6.896741,2024-06-29,4
108038,4,109.430057,-6.896742,2024-06-29,4
108039,4,109.406254,-6.896244,2024-06-29,4
108040,4,109.406706,-6.896246,2024-06-29,4
108041,4,109.429606,-6.896289,2024-06-29,4
108042,4,109.430058,-6.89629,2024-06-29,4
108043,4,109.406255,-6.895792,2024-06-29,4
108044,4,109.406708,-6.895794,2024-06-29,4
108767,4,109.054207,-6.995776,2024-06-29,4
108769,4,109.054226,-6.995678,2024-06-29,4
108773,4,109.053934,-6.995689,2024-06-29,4
108775,4,109.053611,-6.995625,2024-06-29,4
108777,4,109.053501,-6.995601,2024-06-29,4
108779,4,109.053354,-6.995571,2024-06-29,4
108780,4,109.054239,-6.99555,2024-06-29,4
108781,4,109.053143,-6.995527,2024-06-29,4
108782,4,109.05294,-6.995483,2024-06-29,4
108783,4,109.054009,-6.995506,2024-06-29,4
108784,4,109.053762,-6.995462,2024-06-29,4
108785,4,109.052728,-6.995435,2024-06-29,4
108786,4,109.052514,-6.99542,2024-06-29,4
108787,4,109.053597,-6.995433,2024-06-29,4
108788,4,109.05234,-6.995407,2024-06-29,4
108789,4,109.053373,-6.995393,2024-06-29,4
108790,4,109.054257,-6.995363,2024-06-29,4
108791,4,109.053161,-6.995353,2024-06-29,4
108792,4,109.054117,-6.995335,2024-06-29,4
108793,4,109.052956,-6.995313,2024-06-29,4
108794,4,109.053924,-6.995301,2024-06-29,4
108795,4,109.053782,-6.995276,2024-06-29,4
108796,4,109.052745,-6.995244,2024-06-29,4
108797,4,109.053615,-6.995246,2024-06-29,4
108798,4,109.05253,-6.99523,2024-06-29,4
108799,4,109.052351,-6.995218,2024-06-29,4
108800,4,109.053409,-6.99521,2024-06-29,4
108801,4,109.053199,-6.995172,2024-06-29,4
108802,4,109.052976,-6.995135,2024-06-29,4
108803,4,109.05276,-6.995075,2024-06-29,4
108804,4,109.054279,-6.995145,2024-06-29,4
108805,4,109.052543,-6.995059,2024-06-29,4
108806,4,109.054127,-6.995113,2024-06-29,4
108807,4,109.05236,-6.995045,2024-06-29,4
108808,4,109.053873,-6.995082,2024-06-29,4
108809,4,109.053637,-6.995053,2024-06-29,4
108810,4,109.053425,-6.995026,2024-06-29,4
108811,4,109.053223,-6.995001,2024-06-29,4
108812,4,109.054298,-6.994953,2024-06-29,4
108813,4,109.052999,-6.994977,2024-06-29,4
108814,4,109.054147,-6.994943,2024-06-29,4
108815,4,109.053888,-6.994927,2024-06-29,4
108816,4,109.053648,-6.994912,2024-06-29,4
108817,4,109.053434,-6.994899,2024-06-29,4
108818,4,109.053119,-6.99488,2024-06-29,4
108819,4,109.052776,-6.994917,2024-06-29,4
108820,4,109.052557,-6.994901,2024-06-29,4
108821,4,109.05237,-6.994886,2024-06-29,4
108822,4,109.054189,-6.99474,2024-06-29,4
108823,4,109.053973,-6.994729,2024-06-29,4
108824,4,109.053826,-6.994722,2024-06-29,4
108825,4,109.053687,-6.994715,2024-06-29,4
108826,4,109.05354,-6.994706,2024-06-29,4
108827,4,109.053362,-6.994696,2024-06-29,4
108828,4,109.053157,-6.994684,2024-06-29,4
108829,4,109.052404,-6.994658,2024-06-29,4
108832,4,109.052579,-6.994653,2024-06-29,4
108833,4,109.054199,-6.994582,2024-06-29,4
108834,4,109.053988,-6.994563,2024-06-29,4
108835,4,109.052412,-6.994531,2024-06-29,4
108836,4,109.054306,-6.994493,2024-06-29,4
108837,4,109.053841,-6.99455,2024-06-29,4
108838,4,109.054177,-6.994479,2024-06-29,4
108839,4,109.053704,-6.994538,2024-06-29,4
108840,4,109.054,-6.994459,2024-06-29,4
108841,4,109.053558,-6.994523,2024-06-29,4
108842,4,109.05259,-6.994493,2024-06-29,4
108843,4,109.053379,-6.994507,2024-06-29,4
108844,4,109.053168,-6.994492,2024-06-29,4
108848,4,109.052421,-6.994406,2024-06-29,4
108849,4,109.054315,-6.994368,2024-06-29,4
108850,4,109.054187,-6.994353,2024-06-29,4
108851,4,109.054011,-6.994335,2024-06-29,4
108852,4,109.053861,-6.994345,2024-06-29,4
108853,4,109.053725,-6.994332,2024-06-29,4
108854,4,109.052604,-6.994313,2024-06-29,4
108855,4,109.05358,-6.994316,2024-06-29,4
108856,4,109.053445,-6.994301,2024-06-29,4
108857,4,109.052432,-6.99426,2024-06-29,4
108860,4,109.054329,-6.994175,2024-06-29,4
108861,4,109.054205,-6.994151,2024-06-29,4
108862,4,109.054031,-6.994122,2024-06-29,4
108863,4,109.05262,-6.9941,2024-06-29,4
108864,4,109.052446,-6.994075,2024-06-29,4
108865,4,109.053884,-6.994099,2024-06-29,4
108868,4,109.053748,-6.994081,2024-06-29,4
108869,4,109.053603,-6.994058,2024-06-29,4
108870,4,109.054297,-6.993987,2024-06-29,4
108871,4,109.053463,-6.994037,2024-06-29,4
108872,4,109.054123,-6.993954,2024-06-29,4
108873,4,109.053929,-6.993916,2024-06-29,4
108874,4,109.052635,-6.993886,2024-06-29,4
108875,4,109.052463,-6.993874,2024-06-29,4
108876,4,109.052352,-6.993864,2024-06-29,4
108877,4,109.054305,-6.993831,2024-06-29,4
108878,4,109.054132,-6.993813,2024-06-29,4
108879,4,109.053867,-6.993785,2024-06-29,4
108880,4,109.053646,-6.993816,2024-06-29,4
108881,4,109.053503,-6.993794,2024-06-29,4
108884,4,109.052477,-6.9937,2024-06-29,4
108885,4,109.052366,-6.99368,2024-06-29,4
108886,4,109.052648,-6.993688,2024-06-29,4
108887,4,109.05371,-6.993647,2024-06-29,4
108890,4,109.052492,-6.993523,2024-06-29,4
108891,4,109.052379,-6.9935,2024-06-29,4
108892,4,109.05266,-6.993499,2024-06-29,4
108893,4,109.052388,-6.993398,2024-06-29,4
108896,4,109.052668,-6.993368,2024-06-29,4
108897,4,109.052547,-6.993411,2024-06-29,4
108898,4,109.05369,-6.993465,2024-06-29,4
108899,4,109.053524,-6.993525,2024-06-29,4
108900,4,109.053636,-6.993275,2024-06-29,4
108902,4,109.094674,-6.97147,2024-06-29,4
108908,4,109.094528,-6.971441,2024-06-29,4
108915,4,109.094685,-6.971318,2024-06-29,4
108916,4,109.094539,-6.971292,2024-06-29,4
108922,4,109.094912,-6.971275,2024-06-29,4
108928,4,109.094551,-6.97111,2024-06-29,4
108929,4,109.09469,-6.971108,2024-06-29,4
108935,4,109.094913,-6.971096,2024-06-29,4
108939,4,109.094563,-6.970914,2024-06-29,4
108945,4,109.095017,-6.97088,2024-06-29,4
108947,4,109.094877,-6.970897,2024-06-29,4
108949,4,109.094693,-6.97089,2024-06-29,4
108960,4,109.095027,-6.97069,2024-06-29,4
108962,4,109.094905,-6.970684,2024-06-29,4
108971,4,109.094915,-6.9705,2024-06-29,4
108973,4,109.095037,-6.9705,2024-06-29,4
108983,4,109.094924,-6.97032,2024-06-29,4
108997,4,109.094933,-6.970112,2024-06-29,4
109003,4,109.094938,-6.969962,2024-06-29,4
109286,4,109.407241,-6.897579,2024-06-29,4
109287,4,109.407129,-6.89757,2024-06-29,4
109293,4,109.40714,-6.89744,2024-06-29,4
109303,4,109.407265,-6.897402,2024-06-29,4
109305,4,109.407198,-6.897239,2024-06-29,4
109313,4,109.429556,-6.897051,2024-06-29,4
109314,4,109.429779,-6.897047,2024-06-29,4
109315,4,109.429973,-6.897045,2024-06-29,4
109317,4,109.430168,-6.897004,2024-06-29,4
109318,4,109.407322,-6.897084,2024-06-29,4
109319,4,109.430305,-6.897006,2024-06-29,4
109320,4,109.407213,-6.89707,2024-06-29,4
109334,4,109.429551,-6.896917,2024-06-29,4
109336,4,109.429775,-6.896916,2024-06-29,4
109337,4,109.429975,-6.896912,2024-06-29,4
109338,4,109.430166,-6.89691,2024-06-29,4
109339,4,109.430305,-6.896906,2024-06-29,4
109340,4,109.407336,-6.89691,2024-06-29,4
109342,4,109.407227,-6.896898,2024-06-29,4
109354,4,109.429548,-6.896748,2024-06-29,4
109355,4,109.430229,-6.896745,2024-06-29,4
109356,4,109.429772,-6.896748,2024-06-29,4
109357,4,109.429984,-6.896746,2024-06-29,4
109359,4,109.407349,-6.896746,2024-06-29,4
109361,4,109.407241,-6.896727,2024-06-29,4
109373,4,109.429784,-6.896583,2024-06-29,4
109374,4,109.430257,-6.896581,2024-06-29,4
109375,4,109.429545,-6.896582,2024-06-29,4
109376,4,109.430022,-6.896581,2024-06-29,4
109377,4,109.407352,-6.896573,2024-06-29,4
109379,4,109.407243,-6.896562,2024-06-29,4
109385,4,109.430024,-6.896416,2024-06-29,4
109386,4,109.429783,-6.896416,2024-06-29,4
109387,4,109.430258,-6.896414,2024-06-29,4
109388,4,109.429543,-6.896413,2024-06-29,4
109389,4,109.407363,-6.896403,2024-06-29,4
109390,4,109.407253,-6.896393,2024-06-29,4
109391,4,109.406987,-6.896323,2024-06-29,4
109392,4,109.406829,-6.896307,2024-06-29,4
109393,4,109.406678,-6.896293,2024-06-29,4
109394,4,109.406508,-6.896276,2024-06-29,4
109395,4,109.430259,-6.896253,2024-06-29,4
109396,4,109.430025,-6.896253,2024-06-29,4
109397,4,109.429784,-6.896251,2024-06-29,4
109398,4,109.42954,-6.896248,2024-06-29,4
109399,4,109.406304,-6.896256,2024-06-29,4
109401,4,109.407374,-6.896227,2024-06-29,4
109402,4,109.407261,-6.89622,2024-06-29,4
109403,4,109.406999,-6.89616,2024-06-29,4
109404,4,109.406841,-6.896144,2024-06-29,4
109405,4,109.406692,-6.89613,2024-06-29,4
109406,4,109.406522,-6.896112,2024-06-29,4
109407,4,109.43026,-6.896093,2024-06-29,4
109408,4,109.430027,-6.896091,2024-06-29,4
109409,4,109.429782,-6.896087,2024-06-29,4
109410,4,109.406315,-6.896092,2024-06-29,4
109411,4,109.429535,-6.896083,2024-06-29,4
109412,4,109.407385,-6.896061,2024-06-29,4
109413,4,109.407271,-6.89605,2024-06-29,4
109414,4,109.407011,-6.895995,2024-06-29,4
109416,4,109.406852,-6.89598,2024-06-29,4
109418,4,109.406703,-6.895965,2024-06-29,4
109419,4,109.406534,-6.895949,2024-06-29,4
109425,4,109.406326,-6.895928,2024-06-29,4
109426,4,109.407023,-6.895826,2024-06-29,4
109427,4,109.406863,-6.895811,2024-06-29,4
109429,4,109.406713,-6.895798,2024-06-29,4
109433,4,109.406544,-6.895783,2024-06-29,4
109437,4,109.406336,-6.895765,2024-06-29,4
109448,4,109.407034,-6.895654,2024-06-29,4
109449,4,109.406875,-6.895642,2024-06-29,4
109451,4,109.406724,-6.895629,2024-06-29,4
109455,4,109.406549,-6.895616,2024-06-29,4
109460,4,109.40634,-6.895599,2024-06-29,4
109465,4,109.406965,-6.895486,2024-06-29,4
109466,4,109.406736,-6.895468,2024-06-29,4
109469,4,109.406561,-6.895454,2024-06-29,4
109475,4,109.406352,-6.895437,2024-06-29,4
107761,4,109.093331,-6.969928,2024-06-29,5
107765,4,109.052519,-6.995586,2024-06-29,5
107890,4,109.05344,-6.996194,2024-06-29,5
107891,4,109.053892,-6.996196,2024-06-29,5
107892,4,109.052537,-6.995738,2024-06-29,5
107893,4,109.052989,-6.99574,2024-06-29,5
107894,4,109.053442,-6.995742,2024-06-29,5
107913,4,109.093807,-6.971496,2024-06-29,5
107914,4,109.094259,-6.971498,2024-06-29,5
107916,4,109.095164,-6.971502,2024-06-29,5
107917,4,109.093356,-6.971042,2024-06-29,5
107918,4,109.093809,-6.971044,2024-06-29,5
107919,4,109.094261,-6.971046,2024-06-29,5
107921,4,109.095166,-6.97105,2024-06-29,5
107922,4,109.093358,-6.97059,2024-06-29,5
107923,4,109.09381,-6.970592,2024-06-29,5
107924,4,109.094263,-6.970594,2024-06-29,5
107925,4,109.094715,-6.970596,2024-06-29,5
107926,4,109.095168,-6.970598,2024-06-29,5
107927,4,109.09336,-6.970138,2024-06-29,5
107928,4,109.093812,-6.97014,2024-06-29,5
107929,4,109.094265,-6.970142,2024-06-29,5
107930,4,109.094717,-6.970144,2024-06-29,5
107931,4,109.093362,-6.969686,2024-06-29,5
107932,4,109.093814,-6.969688,2024-06-29,5
107933,4,109.094266,-6.96969,2024-06-29,5
107934,4,109.094719,-6.969692,2024-06-29,5
108740,4,109.053733,-6.996248,2024-06-29,5
108741,4,109.053502,-6.996198,2024-06-29,5
108742,4,109.054174,-6.996183,2024-06-29,5
108743,4,109.05399,-6.996178,2024-06-29,5
108744,4,109.053251,-6.996155,2024-06-29,5
108745,4,109.05376,-6.996136,2024-06-29,5
108746,4,109.053004,-6.996101,2024-06-29,5
108747,4,109.052769,-6.996051,2024-06-29,5
108748,4,109.053517,-6.996089,2024-06-29,5
108749,4,109.054189,-6.996069,2024-06-29,5
108750,4,109.052548,-6.996006,2024-06-29,5
108751,4,109.052422,-6.995979,2024-06-29,5
108752,4,109.053265,-6.99604,2024-06-29,5
108753,4,109.054013,-6.996035,2024-06-29,5
108754,4,109.053017,-6.995992,2024-06-29,5
108755,4,109.05378,-6.995991,2024-06-29,5
108756,4,109.052783,-6.995948,2024-06-29,5
108757,4,109.053536,-6.995944,2024-06-29,5
108758,4,109.054205,-6.995922,2024-06-29,5
108759,4,109.052559,-6.995906,2024-06-29,5
108760,4,109.053296,-6.995899,2024-06-29,5
108761,4,109.054033,-6.995886,2024-06-29,5
108762,4,109.052353,-6.995864,2024-06-29,5
108763,4,109.05305,-6.995853,2024-06-29,5
108764,4,109.053806,-6.995839,2024-06-29,5
108765,4,109.0528,-6.995806,2024-06-29,5
108766,4,109.053605,-6.995799,2024-06-29,5
108768,4,109.052576,-6.995765,2024-06-29,5
108770,4,109.052364,-6.995725,2024-06-29,5
108771,4,109.053356,-6.995746,2024-06-29,5
108772,4,109.053068,-6.995687,2024-06-29,5
108774,4,109.052855,-6.995642,2024-06-29,5
108776,4,109.052661,-6.995614,2024-06-29,5
108778,4,109.052408,-6.995581,2024-06-29,5
108894,4,109.053331,-6.993875,2024-06-29,5
108901,4,109.053175,-6.993844,2024-06-29,5
108903,4,109.094885,-6.971471,2024-06-29,5
108904,4,109.095234,-6.971456,2024-06-29,5
108905,4,109.0938,-6.971474,2024-06-29,5
108906,4,109.094072,-6.971439,2024-06-29,5
108907,4,109.094336,-6.971439,2024-06-29,5
108909,4,109.095071,-6.971439,2024-06-29,5
108910,4,109.093304,-6.971422,2024-06-29,5
108911,4,109.094888,-6.971391,2024-06-29,5
108913,4,109.095245,-6.971325,2024-06-29,5
108914,4,109.095404,-6.971304,2024-06-29,5
108917,4,109.094345,-6.971287,2024-06-29,5
108918,4,109.09408,-6.971284,2024-06-29,5
108919,4,109.093815,-6.97133,2024-06-29,5
108920,4,109.093311,-6.971269,2024-06-29,5
108921,4,109.093763,-6.971231,2024-06-29,5
108923,4,109.095081,-6.97127,2024-06-29,5
108924,4,109.095252,-6.971194,2024-06-29,5
108926,4,109.095406,-6.971187,2024-06-29,5
108927,4,109.094445,-6.971103,2024-06-29,5
108930,4,109.093911,-6.971089,2024-06-29,5
108931,4,109.094301,-6.971097,2024-06-29,5
108932,4,109.095256,-6.97106,2024-06-29,5
108933,4,109.094096,-6.971091,2024-06-29,5
108934,4,109.093325,-6.971083,2024-06-29,5
108936,4,109.09509,-6.971078,2024-06-29,5
108937,4,109.093773,-6.971059,2024-06-29,5
108940,4,109.094458,-6.970909,2024-06-29,5
108941,4,109.094305,-6.970903,2024-06-29,5
108942,4,109.094103,-6.9709,2024-06-29,5
108943,4,109.093921,-6.970901,2024-06-29,5
108944,4,109.095262,-6.970894,2024-06-29,5
108946,4,109.095102,-6.970886,2024-06-29,5
108948,4,109.093338,-6.970881,2024-06-29,5
108950,4,109.093788,-6.970838,2024-06-29,5
108952,4,109.093943,-6.970744,2024-06-29,5
108953,4,109.093348,-6.97073,2024-06-29,5
108954,4,109.094113,-6.970745,2024-06-29,5
108955,4,109.094308,-6.970737,2024-06-29,5
108956,4,109.095265,-6.970716,2024-06-29,5
108957,4,109.095112,-6.970695,2024-06-29,5
108958,4,109.094476,-6.970628,2024-06-29,5
108959,4,109.094576,-6.970685,2024-06-29,5
108961,4,109.094722,-6.970681,2024-06-29,5
108963,4,109.093613,-6.970617,2024-06-29,5
108964,4,109.094257,-6.97058,2024-06-29,5
108965,4,109.093887,-6.970585,2024-06-29,5
108966,4,109.09412,-6.970584,2024-06-29,5
108967,4,109.093356,-6.970579,2024-06-29,5
108968,4,109.094584,-6.970516,2024-06-29,5
108969,4,109.094701,-6.97051,2024-06-29,5
108970,4,109.09482,-6.9705,2024-06-29,5
108972,4,109.093625,-6.970483,2024-06-29,5
108974,4,109.09448,-6.970501,2024-06-29,5
108975,4,109.095121,-6.970502,2024-06-29,5
108976,4,109.095271,-6.970516,2024-06-29,5
108977,4,109.093635,-6.970363,2024-06-29,5
108978,4,109.09337,-6.970391,2024-06-29,5
108979,4,109.094351,-6.970479,2024-06-29,5
108980,4,109.094264,-6.97039,2024-06-29,5
108981,4,109.094128,-6.970385,2024-06-29,5
108982,4,109.093903,-6.970382,2024-06-29,5
108984,4,109.094829,-6.970315,2024-06-29,5
108985,4,109.09449,-6.970309,2024-06-29,5
108986,4,109.094591,-6.970329,2024-06-29,5
108987,4,109.094702,-6.970319,2024-06-29,5
108988,4,109.093643,-6.97024,2024-06-29,5
108989,4,109.093383,-6.970229,2024-06-29,5
108990,4,109.094137,-6.970208,2024-06-29,5
108991,4,109.093917,-6.970203,2024-06-29,5
108992,4,109.094274,-6.970174,2024-06-29,5
108993,4,109.094365,-6.97016,2024-06-29,5
108994,4,109.094509,-6.970118,2024-06-29,5
108995,4,109.094706,-6.970113,2024-06-29,5
108996,4,109.094838,-6.970109,2024-06-29,5
108998,4,109.093658,-6.970076,2024-06-29,5
108999,4,109.093399,-6.970065,2024-06-29,5
109000,4,109.094143,-6.970053,2024-06-29,5
109001,4,109.093928,-6.970046,2024-06-29,5
109002,4,109.094845,-6.969963,2024-06-29,5
109004,4,109.093153,-6.96997,2024-06-29,5
109005,4,109.093675,-6.969917,2024-06-29,5
109006,4,109.093416,-6.969903,2024-06-29,5
109007,4,109.093943,-6.96989,2024-06-29,5
109008,4,109.094152,-6.969894,2024-06-29,5
109009,4,109.094285,-6.96994,2024-06-29,5
109010,4,109.094476,-6.969919,2024-06-29,5
109011,4,109.09317,-6.969831,2024-06-29,5
109012,4,109.093427,-6.969752,2024-06-29,5
109013,4,109.093203,-6.969716,2024-06-29,5
109014,4,109.093685,-6.969759,2024-06-29,5
109015,4,109.093955,-6.969742,2024-06-29,5
109016,4,109.09416,-6.969741,2024-06-29,5
109017,4,109.094294,-6.969738,2024-06-29,5
109018,4,109.094483,-6.969735,2024-06-29,5
109019,4,109.094686,-6.969854,2024-06-29,5
57988,3,108.985611,-7.153611,2024-07-11,2
57989,3,109.295694,-7.426111,2024-07-11,2
57990,3,109.352639,-7.434611,2024-07-11,2
57993,3,109.413361,-7.426667,2024-07-11,2
57994,3,109.375167,-7.504139,2024-07-11,2
57995,3,109.209417,-7.650194,2024-07-11,2
57996,3,109.295528,-7.649722,2024-07-11,2
57997,3,109.153,-7.613889,2024-07-11,2
58000,3,109.45025,-7.595639,2024-07-11,2
58463,3,109.48765,-7.716237,2024-07-11,2
58464,3,109.488103,-7.716238,2024-07-11,2
58465,3,109.488557,-7.71624,2024-07-11,2
58466,3,109.48901,-7.716241,2024-07-11,2
58469,3,109.488558,-7.715788,2024-07-11,2
58473,3,109.48856,-7.715336,2024-07-11,2
58474,3,109.489013,-7.715337,2024-07-11,2
58477,3,109.488562,-7.714883,2024-07-11,2
58478,3,109.489015,-7.714885,2024-07-11,2
58479,3,109.208281,-7.650512,2024-07-11,2
58480,3,109.208734,-7.650513,2024-07-11,2
58481,3,109.209188,-7.650515,2024-07-11,2
58482,3,109.209641,-7.650517,2024-07-11,2
58483,3,109.208283,-7.650059,2024-07-11,2
58484,3,109.208736,-7.650061,2024-07-11,2
58485,3,109.209189,-7.650063,2024-07-11,2
58486,3,109.209643,-7.650065,2024-07-11,2
58487,3,109.208285,-7.649607,2024-07-11,2
58488,3,109.208738,-7.649609,2024-07-11,2
58489,3,109.209644,-7.649613,2024-07-11,2
58504,3,109.151795,-7.614561,2024-07-11,2
58508,3,109.15225,-7.614111,2024-07-11,2
58509,3,109.152703,-7.614112,2024-07-11,2
58516,3,109.450012,-7.595837,2024-07-11,2
58517,3,109.450465,-7.595838,2024-07-11,2
58518,3,109.448654,-7.59538,2024-07-11,2
58519,3,109.449107,-7.595381,2024-07-11,2
58520,3,109.44956,-7.595383,2024-07-11,2
58521,3,109.450013,-7.595385,2024-07-11,2
58522,3,109.450466,-7.595386,2024-07-11,2
58523,3,109.448656,-7.594928,2024-07-11,2
58524,3,109.449109,-7.594929,2024-07-11,2
58525,3,109.449562,-7.594931,2024-07-11,2
58526,3,109.450015,-7.594933,2024-07-11,2
58527,3,109.450468,-7.594934,2024-07-11,2
58528,3,109.448657,-7.594476,2024-07-11,2
58529,3,109.44911,-7.594477,2024-07-11,2
58530,3,109.374681,-7.504687,2024-07-11,2
58531,3,109.375134,-7.504689,2024-07-11,2
58532,3,109.375587,-7.504691,2024-07-11,2
58533,3,109.37423,-7.504233,2024-07-11,2
58534,3,109.374683,-7.504235,2024-07-11,2
58535,3,109.375136,-7.504237,2024-07-11,2
58536,3,109.375589,-7.504238,2024-07-11,2
58537,3,109.374685,-7.503783,2024-07-11,2
58538,3,109.375138,-7.503785,2024-07-11,2
58539,3,109.375591,-7.503786,2024-07-11,2
58540,3,109.374686,-7.503331,2024-07-11,2
58541,3,109.352288,-7.435884,2024-07-11,2
58542,3,109.352741,-7.435885,2024-07-11,2
58543,3,109.353194,-7.435887,2024-07-11,2
58544,3,109.353647,-7.435889,2024-07-11,2
58545,3,109.35229,-7.435431,2024-07-11,2
58546,3,109.352743,-7.435433,2024-07-11,2
58547,3,109.353196,-7.435435,2024-07-11,2
58548,3,109.351839,-7.434978,2024-07-11,2
58549,3,109.352292,-7.434979,2024-07-11,2
58550,3,109.352745,-7.434981,2024-07-11,2
58551,3,109.353198,-7.434983,2024-07-11,2
58552,3,109.352746,-7.434529,2024-07-11,2
58553,3,109.2948,-7.427076,2024-07-11,2
58554,3,109.295253,-7.427078,2024-07-11,2
58555,3,109.295706,-7.42708,2024-07-11,2
58556,3,109.294801,-7.426624,2024-07-11,2
58557,3,109.295254,-7.426626,2024-07-11,2
58558,3,109.295707,-7.426628,2024-07-11,2
58559,3,109.294803,-7.426172,2024-07-11,2
58561,3,109.295709,-7.426176,2024-07-11,2
58564,3,109.412564,-7.426609,2024-07-11,2
58565,3,109.413017,-7.426611,2024-07-11,2
58566,3,109.41347,-7.426612,2024-07-11,2
58568,3,109.294805,-7.42572,2024-07-11,2
58569,3,109.295258,-7.425722,2024-07-11,2
58570,3,109.295711,-7.425724,2024-07-11,2
58573,3,109.413018,-7.426158,2024-07-11,2
58576,3,108.985799,-7.153666,2024-07-11,2
58577,3,108.986251,-7.153668,2024-07-11,2
58578,3,108.985348,-7.153212,2024-07-11,2
58579,3,108.985801,-7.153214,2024-07-11,2
58580,3,108.986253,-7.153216,2024-07-11,2
58581,3,108.985803,-7.152762,2024-07-11,2
58588,3,109.053049,-6.981275,2024-07-11,2
58615,3,108.937078,-6.913432,2024-07-11,2
58619,3,108.937532,-6.912982,2024-07-11,2
58620,3,108.937985,-6.912984,2024-07-11,2
61179,3,109.488097,-7.716453,2024-07-11,2
61181,3,109.488407,-7.716455,2024-07-11,2
61183,3,109.488317,-7.716353,2024-07-11,2
61184,3,109.489262,-7.716273,2024-07-11,2
61185,3,109.487706,-7.716263,2024-07-11,2
61186,3,109.48799,-7.716254,2024-07-11,2
61187,3,109.489176,-7.716232,2024-07-11,2
61188,3,109.489281,-7.716204,2024-07-11,2
61189,3,109.488319,-7.716229,2024-07-11,2
61190,3,109.488844,-7.716321,2024-07-11,2
61191,3,109.489278,-7.716139,2024-07-11,2
61192,3,109.489163,-7.716138,2024-07-11,2
61194,3,109.489273,-7.716068,2024-07-11,2
61195,3,109.487694,-7.716115,2024-07-11,2
61196,3,109.488744,-7.716054,2024-07-11,2
61197,3,109.489145,-7.716038,2024-07-11,2
61198,3,109.489266,-7.715997,2024-07-11,2
61199,3,109.488331,-7.716064,2024-07-11,2
61200,3,109.488656,-7.715982,2024-07-11,2
61201,3,109.487687,-7.715965,2024-07-11,2
61202,3,109.489262,-7.715923,2024-07-11,2
61204,3,109.48901,-7.715938,2024-07-11,2
61206,3,109.48926,-7.715849,2024-07-11,2
61209,3,109.48862,-7.715822,2024-07-11,2
61212,3,109.489257,-7.715744,2024-07-11,2
61214,3,109.488061,-7.715697,2024-07-11,2
61215,3,109.489255,-7.715602,2024-07-11,2
61216,3,109.488566,-7.715672,2024-07-11,2
61219,3,109.488976,-7.715587,2024-07-11,2
61221,3,109.489247,-7.715383,2024-07-11,2
61222,3,109.48888,-7.715424,2024-07-11,2
61224,3,109.488449,-7.715437,2024-07-11,2
61225,3,109.487579,-7.715381,2024-07-11,2
61228,3,109.488858,-7.715285,2024-07-11,2
61229,3,109.489235,-7.715231,2024-07-11,2
61230,3,109.487941,-7.7153,2024-07-11,2
61232,3,109.488219,-7.715111,2024-07-11,2
61238,3,109.488849,-7.714878,2024-07-11,2
61243,3,109.488376,-7.714977,2024-07-11,2
61244,3,109.488566,-7.714856,2024-07-11,2
61245,3,109.488819,-7.714746,2024-07-11,2
61246,3,109.489087,-7.714764,2024-07-11,2
61247,3,109.209315,-7.650687,2024-07-11,2
61248,3,109.209393,-7.650685,2024-07-11,2
61249,3,109.209495,-7.650683,2024-07-11,2
61250,3,109.209614,-7.65068,2024-07-11,2
61251,3,109.20971,-7.650677,2024-07-11,2
61252,3,109.209794,-7.650675,2024-07-11,2
61253,3,109.209882,-7.650673,2024-07-11,2
61254,3,109.209943,-7.650671,2024-07-11,2
61255,3,109.20828,-7.650692,2024-07-11,2
61256,3,109.20834,-7.650689,2024-07-11,2
61257,3,109.208985,-7.650617,2024-07-11,2
61258,3,109.209046,-7.650616,2024-07-11,2
61259,3,109.208485,-7.650599,2024-07-11,2
61260,3,109.208407,-7.650599,2024-07-11,2
61261,3,109.208579,-7.650596,2024-07-11,2
61262,3,109.208335,-7.65055,2024-07-11,2
61263,3,109.208666,-7.650591,2024-07-11,2
61264,3,109.208749,-7.650532,2024-07-11,2
61265,3,109.20887,-7.650584,2024-07-11,2
61266,3,109.208275,-7.650539,2024-07-11,2
61267,3,109.209197,-7.650572,2024-07-11,2
61268,3,109.209139,-7.650572,2024-07-11,2
61269,3,109.20931,-7.650543,2024-07-11,2
61270,3,109.209388,-7.650541,2024-07-11,2
61271,3,109.20949,-7.650539,2024-07-11,2
61272,3,109.209608,-7.650536,2024-07-11,2
61273,3,109.209704,-7.650533,2024-07-11,2
61274,3,109.209788,-7.650533,2024-07-11,2
61275,3,109.209875,-7.650529,2024-07-11,2
61276,3,109.20994,-7.650524,2024-07-11,2
61277,3,109.209481,-7.650322,2024-07-11,2
61278,3,109.208268,-7.650289,2024-07-11,2
61279,3,109.208327,-7.650299,2024-07-11,2
61280,3,109.208396,-7.650297,2024-07-11,2
61281,3,109.208478,-7.650294,2024-07-11,2
61282,3,109.208575,-7.65029,2024-07-11,2
61283,3,109.208663,-7.650284,2024-07-11,2
61284,3,109.208745,-7.650279,2024-07-11,2
61285,3,109.208862,-7.650276,2024-07-11,2
61286,3,109.208974,-7.650307,2024-07-11,2
61287,3,109.209034,-7.650307,2024-07-11,2
61288,3,109.209078,-7.650399,2024-07-11,2
61289,3,109.209128,-7.65026,2024-07-11,2
61290,3,109.209186,-7.650259,2024-07-11,2
61291,3,109.2093,-7.650249,2024-07-11,2
61292,3,109.209377,-7.650245,2024-07-11,2
61293,3,109.209475,-7.650148,2024-07-11,2
61294,3,109.209597,-7.650238,2024-07-11,2
61295,3,109.209692,-7.650229,2024-07-11,2
61296,3,109.209774,-7.650226,2024-07-11,2
61297,3,109.20986,-7.650217,2024-07-11,2
61298,3,109.209933,-7.650208,2024-07-11,2
61299,3,109.208599,-7.650012,2024-07-11,2
61300,3,109.20874,-7.650004,2024-07-11,2
61301,3,109.209163,-7.649942,2024-07-11,2
61302,3,109.209373,-7.649927,2024-07-11,2
61303,3,109.209485,-7.649926,2024-07-11,2
61304,3,109.209635,-7.649919,2024-07-11,2
61305,3,109.209742,-7.649913,2024-07-11,2
61306,3,109.209789,-7.649915,2024-07-11,2
61307,3,109.209835,-7.649905,2024-07-11,2
61308,3,109.208415,-7.649944,2024-07-11,2
61309,3,109.20883,-7.649927,2024-07-11,2
61310,3,109.208958,-7.649922,2024-07-11,2
61311,3,109.208282,-7.649937,2024-07-11,2
61312,3,109.209914,-7.649881,2024-07-11,2
61313,3,109.209272,-7.649781,2024-07-11,2
61314,3,109.208595,-7.649793,2024-07-11,2
61315,3,109.209081,-7.649868,2024-07-11,2
61316,3,109.208283,-7.649667,2024-07-11,2
61317,3,109.209155,-7.649692,2024-07-11,2
61318,3,109.208421,-7.649668,2024-07-11,2
61319,3,109.20979,-7.649679,2024-07-11,2
61320,3,109.208597,-7.649624,2024-07-11,2
61321,3,109.208735,-7.64973,2024-07-11,2
61322,3,109.208823,-7.649651,2024-07-11,2
61323,3,109.208949,-7.649646,2024-07-11,2
61324,3,109.20907,-7.649592,2024-07-11,2
61325,3,109.209151,-7.649561,2024-07-11,2
61326,3,109.209333,-7.649641,2024-07-11,2
61327,3,109.209482,-7.649654,2024-07-11,2
61328,3,109.209373,-7.649525,2024-07-11,2
61329,3,109.209636,-7.649653,2024-07-11,2
61330,3,109.209492,-7.649522,2024-07-11,2
61331,3,109.209915,-7.649623,2024-07-11,2
61332,3,109.209643,-7.649517,2024-07-11,2
61333,3,109.209793,-7.649539,2024-07-11,2
61334,3,109.209917,-7.649504,2024-07-11,2
61403,3,109.15273,-7.61496,2024-07-11,2
61405,3,109.151966,-7.614948,2024-07-11,2
61408,3,109.151675,-7.614732,2024-07-11,2
61409,3,109.152715,-7.614792,2024-07-11,2
61413,3,109.151954,-7.614691,2024-07-11,2
61414,3,109.151666,-7.61458,2024-07-11,2
61419,3,109.151655,-7.614404,2024-07-11,2
61422,3,109.151938,-7.614323,2024-07-11,2
61423,3,109.152216,-7.614225,2024-07-11,2
61426,3,109.152723,-7.614265,2024-07-11,2
61428,3,109.15207,-7.61403,2024-07-11,2
61429,3,109.152479,-7.614026,2024-07-11,2
61430,3,109.152747,-7.614019,2024-07-11,2
61433,3,109.152426,-7.61382,2024-07-11,2
61434,3,109.152732,-7.613814,2024-07-11,2
61439,3,109.15162,-7.613448,2024-07-11,2
61440,3,109.151981,-7.613446,2024-07-11,2
61441,3,109.152343,-7.613444,2024-07-11,2
61442,3,109.152654,-7.613442,2024-07-11,2
61443,3,109.151893,-7.613343,2024-07-11,2
61444,3,109.152333,-7.613334,2024-07-11,2
61445,3,109.152654,-7.613328,2024-07-11,2
61447,3,109.450091,-7.595984,2024-07-11,2
61448,3,109.450427,-7.595949,2024-07-11,2
61451,3,109.450004,-7.595965,2024-07-11,2
61452,3,109.450327,-7.595949,2024-07-11,2
61453,3,109.450136,-7.595908,2024-07-11,2
61454,3,109.450175,-7.59594,2024-07-11,2
61455,3,109.450236,-7.595939,2024-07-11,2
61460,3,109.450113,-7.595818,2024-07-11,2
61462,3,109.449894,-7.595872,2024-07-11,2
61476,3,109.449963,-7.595739,2024-07-11,2
61478,3,109.449982,-7.595651,2024-07-11,2
61482,3,109.450141,-7.595608,2024-07-11,2
61484,3,109.450002,-7.595631,2024-07-11,2
61489,3,109.450558,-7.59572,2024-07-11,2
61491,3,109.450536,-7.595588,2024-07-11,2
61492,3,109.449054,-7.59557,2024-07-11,2
61494,3,109.450554,-7.595566,2024-07-11,2
61496,3,109.450561,-7.595519,2024-07-11,2
61497,3,109.450029,-7.595584,2024-07-11,2
61498,3,109.449611,-7.595543,2024-07-11,2
61499,3,109.450272,-7.595471,2024-07-11,2
61501,3,109.450229,-7.595552,2024-07-11,2
61502,3,109.450577,-7.595465,2024-07-11,2
61503,3,109.449965,-7.595477,2024-07-11,2
61504,3,109.449562,-7.595468,2024-07-11,2
61507,3,109.450223,-7.59538,2024-07-11,2
61508,3,109.448671,-7.595389,2024-07-11,2
61509,3,109.449563,-7.595366,2024-07-11,2
61510,3,109.449182,-7.595513,2024-07-11,2
61511,3,109.448853,-7.595404,2024-07-11,2
61512,3,109.449576,-7.595251,2024-07-11,2
61513,3,109.449968,-7.595375,2024-07-11,2
61514,3,109.448866,-7.595313,2024-07-11,2
61515,3,109.449985,-7.595268,2024-07-11,2
61516,3,109.450046,-7.595246,2024-07-11,2
61517,3,109.450115,-7.59524,2024-07-11,2
61518,3,109.44918,-7.595359,2024-07-11,2
61519,3,109.450273,-7.595344,2024-07-11,2
61520,3,109.450301,-7.595305,2024-07-11,2
61521,3,109.450337,-7.595302,2024-07-11,2
61522,3,109.450371,-7.595286,2024-07-11,2
61523,3,109.450419,-7.595265,2024-07-11,2
61524,3,109.450483,-7.595264,2024-07-11,2
61526,3,109.450525,-7.595211,2024-07-11,2
61528,3,109.449861,-7.595118,2024-07-11,2
61529,3,109.449184,-7.595233,2024-07-11,2
61530,3,109.449596,-7.595124,2024-07-11,2
61532,3,109.450321,-7.595052,2024-07-11,2
61533,3,109.449217,-7.595097,2024-07-11,2
61534,3,109.448916,-7.595048,2024-07-11,2
61535,3,109.448869,-7.595118,2024-07-11,2
61536,3,109.448848,-7.595207,2024-07-11,2
61537,3,109.449605,-7.595025,2024-07-11,2
61538,3,109.448548,-7.59511,2024-07-11,2
61539,3,109.448687,-7.595082,2024-07-11,2
61540,3,109.448661,-7.595264,2024-07-11,2
61541,3,109.448526,-7.595255,2024-07-11,2
61542,3,109.450112,-7.595038,2024-07-11,2
61543,3,109.45015,-7.595043,2024-07-11,2
61544,3,109.449905,-7.59505,2024-07-11,2
61545,3,109.448526,-7.595471,2024-07-11,2
61546,3,109.4502,-7.595071,2024-07-11,2
61547,3,109.450066,-7.595033,2024-07-11,2
61548,3,109.45025,-7.595045,2024-07-11,2
61549,3,109.449996,-7.595039,2024-07-11,2
61553,3,109.449204,-7.594989,2024-07-11,2
61554,3,109.449003,-7.594983,2024-07-11,2
61555,3,109.449602,-7.594934,2024-07-11,2
61556,3,109.449186,-7.594916,2024-07-11,2
61557,3,109.448767,-7.594898,2024-07-11,2
61558,3,109.448469,-7.594896,2024-07-11,2
61559,3,109.449085,-7.594796,2024-07-11,2
61560,3,109.449287,-7.594769,2024-07-11,2
61561,3,109.448868,-7.594894,2024-07-11,2
61562,3,109.449607,-7.594794,2024-07-11,2
61563,3,109.450597,-7.594877,2024-07-11,2
61564,3,109.448916,-7.594727,2024-07-11,2
61565,3,109.448876,-7.594779,2024-07-11,2
61566,3,109.448491,-7.594841,2024-07-11,2
61567,3,109.448682,-7.594779,2024-07-11,2
61568,3,109.448642,-7.594835,2024-07-11,2
61569,3,109.448581,-7.594828,2024-07-11,2
61571,3,109.448528,-7.594813,2024-07-11,2
61575,3,109.449182,-7.594686,2024-07-11,2
61576,3,109.450543,-7.594888,2024-07-11,2
61578,3,109.448859,-7.59465,2024-07-11,2
61580,3,109.450476,-7.594806,2024-07-11,2
61581,3,109.448505,-7.594615,2024-07-11,2
61582,3,109.450396,-7.594834,2024-07-11,2
61583,3,109.450329,-7.594686,2024-07-11,2
61584,3,109.45027,-7.594752,2024-07-11,2
61585,3,109.450188,-7.594728,2024-07-11,2
61586,3,109.450107,-7.594716,2024-07-11,2
61587,3,109.450061,-7.594702,2024-07-11,2
61588,3,109.449967,-7.594715,2024-07-11,2
61589,3,109.449865,-7.594705,2024-07-11,2
61591,3,109.449667,-7.594594,2024-07-11,2
61592,3,109.449481,-7.594595,2024-07-11,2
61593,3,109.448532,-7.59457,2024-07-11,2
61594,3,109.44921,-7.594555,2024-07-11,2
61595,3,109.448905,-7.594538,2024-07-11,2
61596,3,109.448595,-7.594603,2024-07-11,2
61597,3,109.44875,-7.594505,2024-07-11,2
61598,3,109.448678,-7.594566,2024-07-11,2
61599,3,109.448709,-7.594694,2024-07-11,2
61600,3,109.375327,-7.505047,2024-07-11,2
61601,3,109.375389,-7.505055,2024-07-11,2
61602,3,109.375076,-7.504923,2024-07-11,2
61603,3,109.375244,-7.504951,2024-07-11,2
61604,3,109.375403,-7.50495,2024-07-11,2
61605,3,109.37549,-7.504896,2024-07-11,2
61606,3,109.375106,-7.504791,2024-07-11,2
61607,3,109.375351,-7.504766,2024-07-11,2
61608,3,109.375532,-7.504739,2024-07-11,2
61609,3,109.374899,-7.50477,2024-07-11,2
61610,3,109.374465,-7.504643,2024-07-11,2
61611,3,109.375545,-7.504671,2024-07-11,2
61612,3,109.374539,-7.504648,2024-07-11,2
61613,3,109.37461,-7.504679,2024-07-11,2
61614,3,109.375335,-7.504664,2024-07-11,2
61615,3,109.375096,-7.50468,2024-07-11,2
61616,3,109.375559,-7.504607,2024-07-11,2
61617,3,109.375571,-7.504543,2024-07-11,2
61618,3,109.375316,-7.504545,2024-07-11,2
61619,3,109.374245,-7.504519,2024-07-11,2
61620,3,109.375583,-7.504477,2024-07-11,2
61621,3,109.375308,-7.504464,2024-07-11,2
61622,3,109.375075,-7.504539,2024-07-11,2
61623,3,109.374212,-7.504438,2024-07-11,2
61624,3,109.375603,-7.504412,2024-07-11,2
61625,3,109.37416,-7.504452,2024-07-11,2
61626,3,109.37531,-7.504397,2024-07-11,2
61627,3,109.375607,-7.504349,2024-07-11,2
61628,3,109.375321,-7.504315,2024-07-11,2
61629,3,109.375115,-7.504271,2024-07-11,2
61630,3,109.375628,-7.504283,2024-07-11,2
61631,3,109.375283,-7.504252,2024-07-11,2
61632,3,109.375124,-7.504202,2024-07-11,2
61633,3,109.375626,-7.504216,2024-07-11,2
61634,3,109.375272,-7.50419,2024-07-11,2
61635,3,109.375866,-7.504179,2024-07-11,2
61636,3,109.374228,-7.504286,2024-07-11,2
61637,3,109.375617,-7.504154,2024-07-11,2
61638,3,109.375051,-7.504403,2024-07-11,2
61639,3,109.375035,-7.504238,2024-07-11,2
61640,3,109.375083,-7.504118,2024-07-11,2
61641,3,109.375261,-7.504112,2024-07-11,2
61642,3,109.375881,-7.504103,2024-07-11,2
61643,3,109.3743,-7.504369,2024-07-11,2
61644,3,109.375537,-7.504089,2024-07-11,2
61645,3,109.37576,-7.504067,2024-07-11,2
61646,3,109.374383,-7.504312,2024-07-11,2
61647,3,109.375159,-7.504034,2024-07-11,2
61648,3,109.375897,-7.50401,2024-07-11,2
61649,3,109.375574,-7.503994,2024-07-11,2
61650,3,109.374355,-7.503971,2024-07-11,2
61651,3,109.375477,-7.503931,2024-07-11,2
61652,3,109.375714,-7.503922,2024-07-11,2
61653,3,109.37586,-7.503933,2024-07-11,2
61654,3,109.375268,-7.503977,2024-07-11,2
61655,3,109.375144,-7.50393,2024-07-11,2
61656,3,109.375092,-7.50397,2024-07-11,2
61657,3,109.37503,-7.503962,2024-07-11,2
61658,3,109.374967,-7.503972,2024-07-11,2
61659,3,109.374909,-7.503963,2024-07-11,2
61660,3,109.374387,-7.50395,2024-07-11,2
61661,3,109.374866,-7.504118,2024-07-11,2
61662,3,109.374776,-7.504128,2024-07-11,2
61663,3,109.374742,-7.504387,2024-07-11,2
61664,3,109.374628,-7.504333,2024-07-11,2
61665,3,109.374483,-7.504208,2024-07-11,2
61666,3,109.375908,-7.503821,2024-07-11,2
61667,3,109.375409,-7.503816,2024-07-11,2
61668,3,109.375762,-7.503737,2024-07-11,2
61669,3,109.375656,-7.503807,2024-07-11,2
61670,3,109.375708,-7.503708,2024-07-11,2
61671,3,109.375517,-7.503764,2024-07-11,2
61672,3,109.374502,-7.503704,2024-07-11,2
61673,3,109.37516,-7.50375,2024-07-11,2
61674,3,109.374731,-7.503675,2024-07-11,2
61675,3,109.375269,-7.50371,2024-07-11,2
61676,3,109.375386,-7.503645,2024-07-11,2
61677,3,109.375246,-7.503515,2024-07-11,2
61678,3,109.375101,-7.503623,2024-07-11,2
61679,3,109.37499,-7.503606,2024-07-11,2
61680,3,109.37488,-7.503589,2024-07-11,2
61681,3,109.374821,-7.503452,2024-07-11,2
61682,3,109.374673,-7.503531,2024-07-11,2
61683,3,109.374631,-7.503428,2024-07-11,2
61684,3,109.35245,-7.436383,2024-07-11,2
61685,3,109.352454,-7.436327,2024-07-11,2
61686,3,109.352437,-7.436269,2024-07-11,2
61687,3,109.352789,-7.436253,2024-07-11,2
61688,3,109.352861,-7.436226,2024-07-11,2
61689,3,109.352573,-7.436268,2024-07-11,2
61690,3,109.353041,-7.436154,2024-07-11,2
61691,3,109.352952,-7.43617,2024-07-11,2
61692,3,109.352863,-7.436176,2024-07-11,2
61693,3,109.352786,-7.436185,2024-07-11,2
61694,3,109.352659,-7.436218,2024-07-11,2
61695,3,109.352415,-7.436177,2024-07-11,2
61696,3,109.352275,-7.436132,2024-07-11,2
61697,3,109.352829,-7.436113,2024-07-11,2
61698,3,109.352635,-7.43612,2024-07-11,2
61699,3,109.352596,-7.436015,2024-07-11,2
61700,3,109.352336,-7.436007,2024-07-11,2
61701,3,109.3522,-7.435956,2024-07-11,2
61702,3,109.352819,-7.436008,2024-07-11,2
61703,3,109.352979,-7.436022,2024-07-11,2
61704,3,109.353164,-7.436005,2024-07-11,2
61705,3,109.353379,-7.435934,2024-07-11,2
61706,3,109.353602,-7.435875,2024-07-11,2
61707,3,109.353768,-7.435827,2024-07-11,2
61708,3,109.353225,-7.435853,2024-07-11,2
61709,3,109.352204,-7.435836,2024-07-11,2
61710,3,109.352383,-7.43584,2024-07-11,2
61711,3,109.352568,-7.43584,2024-07-11,2
61712,3,109.352838,-7.435837,2024-07-11,2
61713,3,109.353552,-7.435808,2024-07-11,2
61714,3,109.353747,-7.435781,2024-07-11,2
61715,3,109.353155,-7.435751,2024-07-11,2
61716,3,109.35214,-7.435693,2024-07-11,2
61717,3,109.352352,-7.435696,2024-07-11,2
61718,3,109.352596,-7.435693,2024-07-11,2
61719,3,109.353457,-7.435712,2024-07-11,2
61720,3,109.35286,-7.435691,2024-07-11,2
61721,3,109.353184,-7.435637,2024-07-11,2
61722,3,109.35199,-7.435548,2024-07-11,2
61723,3,109.35212,-7.435583,2024-07-11,2
61724,3,109.352357,-7.435581,2024-07-11,2
61725,3,109.352595,-7.435577,2024-07-11,2
61726,3,109.352854,-7.435574,2024-07-11,2
61727,3,109.353674,-7.435646,2024-07-11,2
61728,3,109.351974,-7.435484,2024-07-11,2
61729,3,109.353133,-7.435536,2024-07-11,2
61730,3,109.35211,-7.435493,2024-07-11,2
61731,3,109.352354,-7.435489,2024-07-11,2
61732,3,109.352594,-7.435485,2024-07-11,2
61733,3,109.352849,-7.435481,2024-07-11,2
61734,3,109.353432,-7.435536,2024-07-11,2
61735,3,109.35195,-7.435406,2024-07-11,2
61736,3,109.352103,-7.435408,2024-07-11,2
61737,3,109.352322,-7.435406,2024-07-11,2
61738,3,109.35259,-7.435403,2024-07-11,2
61739,3,109.352871,-7.435398,2024-07-11,2
61740,3,109.353115,-7.435403,2024-07-11,2
61741,3,109.351934,-7.435337,2024-07-11,2
61742,3,109.352103,-7.435335,2024-07-11,2
61743,3,109.352367,-7.435328,2024-07-11,2
61744,3,109.353409,-7.435367,2024-07-11,2
61745,3,109.353609,-7.435438,2024-07-11,2
61746,3,109.352633,-7.435321,2024-07-11,2
61747,3,109.352867,-7.435314,2024-07-11,2
61748,3,109.353097,-7.435301,2024-07-11,2
61749,3,109.353378,-7.435277,2024-07-11,2
61750,3,109.352185,-7.43527,2024-07-11,2
61751,3,109.35204,-7.435271,2024-07-11,2
61752,3,109.351916,-7.43525,2024-07-11,2
61753,3,109.352039,-7.435217,2024-07-11,2
61754,3,109.352182,-7.435218,2024-07-11,2
61755,3,109.35239,-7.435235,2024-07-11,2
61756,3,109.352638,-7.435226,2024-07-11,2
61757,3,109.352926,-7.435215,2024-07-11,2
61758,3,109.353224,-7.435203,2024-07-11,2
61759,3,109.353441,-7.435197,2024-07-11,2
61760,3,109.3518,-7.435128,2024-07-11,2
61761,3,109.351925,-7.435149,2024-07-11,2
61762,3,109.35214,-7.435142,2024-07-11,2
61763,3,109.352365,-7.435135,2024-07-11,2
61764,3,109.352617,-7.435126,2024-07-11,2
61765,3,109.352882,-7.435116,2024-07-11,2
61766,3,109.353148,-7.435107,2024-07-11,2
61767,3,109.353375,-7.4351,2024-07-11,2
61768,3,109.351782,-7.435055,2024-07-11,2
61769,3,109.351921,-7.435056,2024-07-11,2
61770,3,109.352135,-7.43505,2024-07-11,2
61771,3,109.352359,-7.435043,2024-07-11,2
61772,3,109.352612,-7.435034,2024-07-11,2
61773,3,109.352878,-7.435025,2024-07-11,2
61774,3,109.353143,-7.435017,2024-07-11,2
61775,3,109.353351,-7.435012,2024-07-11,2
61776,3,109.351756,-7.434954,2024-07-11,2
61777,3,109.351919,-7.434954,2024-07-11,2
61778,3,109.352131,-7.434948,2024-07-11,2
61779,3,109.352352,-7.434941,2024-07-11,2
61780,3,109.352605,-7.434933,2024-07-11,2
61781,3,109.352872,-7.434925,2024-07-11,2
61782,3,109.353137,-7.434917,2024-07-11,2
61783,3,109.353324,-7.434915,2024-07-11,2
61784,3,109.351949,-7.434835,2024-07-11,2
61785,3,109.352346,-7.434823,2024-07-11,2
61786,3,109.352599,-7.434816,2024-07-11,2
61787,3,109.352888,-7.434809,2024-07-11,2
61788,3,109.353184,-7.434803,2024-07-11,2
61789,3,109.351983,-7.434725,2024-07-11,2
61790,3,109.352207,-7.434702,2024-07-11,2
61791,3,109.352421,-7.434697,2024-07-11,2
61792,3,109.352628,-7.434692,2024-07-11,2
61793,3,109.352083,-7.434635,2024-07-11,2
61794,3,109.352867,-7.434688,2024-07-11,2
61795,3,109.353134,-7.434684,2024-07-11,2
61796,3,109.35223,-7.434601,2024-07-11,2
61797,3,109.352417,-7.434587,2024-07-11,2
61798,3,109.352625,-7.434582,2024-07-11,2
61799,3,109.352863,-7.434578,2024-07-11,2
61800,3,109.353106,-7.434576,2024-07-11,2
61801,3,109.352418,-7.434509,2024-07-11,2
61802,3,109.352601,-7.434475,2024-07-11,2
61803,3,109.352836,-7.434469,2024-07-11,2
61804,3,109.353069,-7.434471,2024-07-11,2
61805,3,109.352652,-7.434387,2024-07-11,2
61806,3,109.352907,-7.434374,2024-07-11,2
61807,3,109.352809,-7.434319,2024-07-11,2
61808,3,109.352978,-7.434286,2024-07-11,2
61809,3,109.295259,-7.427132,2024-07-11,2
61810,3,109.29507,-7.427128,2024-07-11,2
61811,3,109.295743,-7.427117,2024-07-11,2
61812,3,109.295684,-7.427116,2024-07-11,2
61813,3,109.295569,-7.427112,2024-07-11,2
61814,3,109.295428,-7.427107,2024-07-11,2
61815,3,109.413762,-7.427054,2024-07-11,2
61816,3,109.295332,-7.427104,2024-07-11,2
61817,3,109.294828,-7.427104,2024-07-11,2
61818,3,109.294631,-7.427098,2024-07-11,2
61819,3,109.295111,-7.427049,2024-07-11,2
61820,3,109.413758,-7.427022,2024-07-11,2
61821,3,109.41385,-7.427021,2024-07-11,2
61822,3,109.413775,-7.42699,2024-07-11,2
61823,3,109.295794,-7.427041,2024-07-11,2
61824,3,109.413574,-7.426992,2024-07-11,2
61825,3,109.29563,-7.427001,2024-07-11,2
61826,3,109.295417,-7.426991,2024-07-11,2
61827,3,109.413446,-7.426966,2024-07-11,2
61828,3,109.295142,-7.426975,2024-07-11,2
61829,3,109.413804,-7.426958,2024-07-11,2
61830,3,109.413341,-7.426947,2024-07-11,2
61831,3,109.413269,-7.426937,2024-07-11,2
61832,3,109.413661,-7.42696,2024-07-11,2
61833,3,109.29579,-7.426928,2024-07-11,2
61834,3,109.29472,-7.426957,2024-07-11,2
61835,3,109.413198,-7.426923,2024-07-11,2
61837,3,109.413616,-7.426937,2024-07-11,2
61838,3,109.413128,-7.426912,2024-07-11,2
61839,3,109.295625,-7.426918,2024-07-11,2
61840,3,109.413605,-7.426897,2024-07-11,2
61841,3,109.413832,-7.426914,2024-07-11,2
61843,3,109.41306,-7.4269,2024-07-11,2
61844,3,109.295371,-7.426905,2024-07-11,2
61846,3,109.295142,-7.426894,2024-07-11,2
61847,3,109.413545,-7.426929,2024-07-11,2
61848,3,109.413863,-7.426867,2024-07-11,2
61849,3,109.413736,-7.426877,2024-07-11,2
61851,3,109.413672,-7.426861,2024-07-11,2
61852,3,109.413511,-7.42689,2024-07-11,2
61853,3,109.41364,-7.426847,2024-07-11,2
61854,3,109.413588,-7.426882,2024-07-11,2
61856,3,109.413401,-7.42687,2024-07-11,2
61859,3,109.413276,-7.42685,2024-07-11,2
61860,3,109.413886,-7.426822,2024-07-11,2
61861,3,109.295794,-7.426839,2024-07-11,2
61862,3,109.295365,-7.426831,2024-07-11,2
61863,3,109.295148,-7.426817,2024-07-11,2
61864,3,109.413798,-7.426818,2024-07-11,2
61865,3,109.413729,-7.426801,2024-07-11,2
61868,3,109.41368,-7.426786,2024-07-11,2
61869,3,109.413623,-7.426783,2024-07-11,2
61870,3,109.413571,-7.426797,2024-07-11,2
61872,3,109.295621,-7.426818,2024-07-11,2
61873,3,109.413747,-7.426751,2024-07-11,2
61875,3,109.294711,-7.426818,2024-07-11,2
61877,3,109.294958,-7.426824,2024-07-11,2
61878,3,109.295437,-7.426763,2024-07-11,2
61880,3,109.413437,-7.42677,2024-07-11,2
61881,3,109.295814,-7.426756,2024-07-11,2
61882,3,109.413863,-7.426752,2024-07-11,2
61883,3,109.413036,-7.426799,2024-07-11,2
61884,3,109.295327,-7.426747,2024-07-11,2
61887,3,109.295766,-7.426733,2024-07-11,2
61888,3,109.412937,-7.426797,2024-07-11,2
61889,3,109.413255,-7.426736,2024-07-11,2
61890,3,109.413839,-7.426698,2024-07-11,2
61892,3,109.295145,-7.426728,2024-07-11,2
61893,3,109.413771,-7.426703,2024-07-11,2
61894,3,109.413147,-7.426777,2024-07-11,2
61895,3,109.412827,-7.426771,2024-07-11,2
61897,3,109.413731,-7.426704,2024-07-11,2
61899,3,109.413693,-7.426692,2024-07-11,2
61901,3,109.295529,-7.426695,2024-07-11,2
61902,3,109.413644,-7.426689,2024-07-11,2
61905,3,109.413588,-7.426683,2024-07-11,2
61907,3,109.295015,-7.42665,2024-07-11,2
61908,3,109.294753,-7.42666,2024-07-11,2
61909,3,109.413449,-7.426657,2024-07-11,2
61910,3,109.41329,-7.426622,2024-07-11,2
61911,3,109.294747,-7.426564,2024-07-11,2
61913,3,109.413181,-7.426596,2024-07-11,2
61918,3,109.295166,-7.426611,2024-07-11,2
61922,3,109.413069,-7.426606,2024-07-11,2
61929,3,109.412974,-7.42659,2024-07-11,2
61936,3,109.412909,-7.426559,2024-07-11,2
61938,3,109.412826,-7.426549,2024-07-11,2
61940,3,109.412836,-7.426433,2024-07-11,2
61944,3,109.294905,-7.426488,2024-07-11,2
61949,3,109.294658,-7.426463,2024-07-11,2
61952,3,109.295412,-7.426552,2024-07-11,2
61956,3,109.412608,-7.426631,2024-07-11,2
61963,3,109.413307,-7.42645,2024-07-11,2
61967,3,109.413207,-7.426433,2024-07-11,2
61968,3,109.413087,-7.426404,2024-07-11,2
61969,3,109.295782,-7.426425,2024-07-11,2
61970,3,109.412991,-7.426396,2024-07-11,2
61971,3,109.412927,-7.42638,2024-07-11,2
61972,3,109.295679,-7.426405,2024-07-11,2
61977,3,109.294769,-7.426351,2024-07-11,2
61980,3,109.294562,-7.426311,2024-07-11,2
61981,3,109.412592,-7.426315,2024-07-11,2
61989,3,109.295551,-7.426336,2024-07-11,2
62003,3,109.295366,-7.42629,2024-07-11,2
62007,3,109.295091,-7.426243,2024-07-11,2
62010,3,109.413303,-7.426253,2024-07-11,2
62011,3,109.294934,-7.426216,2024-07-11,2
62013,3,109.294847,-7.426192,2024-07-11,2
62017,3,109.413179,-7.426236,2024-07-11,2
62025,3,109.295745,-7.426219,2024-07-11,2
62029,3,109.294685,-7.426183,2024-07-11,2
62041,3,109.41311,-7.426201,2024-07-11,2
62042,3,109.413328,-7.42612,2024-07-11,2
62044,3,109.413202,-7.426107,2024-07-11,2
62045,3,109.413029,-7.426187,2024-07-11,2
62048,3,109.41308,-7.426066,2024-07-11,2
62050,3,109.295404,-7.426128,2024-07-11,2
62052,3,109.295144,-7.426088,2024-07-11,2
62057,3,109.29481,-7.42608,2024-07-11,2
62058,3,109.294981,-7.42607,2024-07-11,2
62063,3,109.295627,-7.426103,2024-07-11,2
62064,3,109.294653,-7.426052,2024-07-11,2
62065,3,109.295451,-7.426029,2024-07-11,2
62067,3,109.29577,-7.426048,2024-07-11,2
62068,3,109.294567,-7.426015,2024-07-11,2
62069,3,109.295813,-7.425956,2024-07-11,2
62072,3,109.295617,-7.425969,2024-07-11,2
62073,3,109.29519,-7.425954,2024-07-11,2
62075,3,109.295026,-7.425928,2024-07-11,2
62076,3,109.29492,-7.425931,2024-07-11,2
62077,3,109.294836,-7.425913,2024-07-11,2
62078,3,109.295491,-7.425905,2024-07-11,2
62079,3,109.294707,-7.425888,2024-07-11,2
62080,3,109.295695,-7.425902,2024-07-11,2
62082,3,109.295229,-7.425842,2024-07-11,2
62083,3,109.294586,-7.425854,2024-07-11,2
62085,3,109.295066,-7.425807,2024-07-11,2
62086,3,109.294965,-7.425786,2024-07-11,2
62087,3,109.294879,-7.425773,2024-07-11,2
62088,3,109.294744,-7.425756,2024-07-11,2
62089,3,109.295734,-7.425807,2024-07-11,2
62090,3,109.294601,-7.425734,2024-07-11,2
62091,3,109.295528,-7.425771,2024-07-11,2
62092,3,109.295269,-7.425727,2024-07-11,2
62096,3,109.295579,-7.425688,2024-07-11,2
62098,3,109.295297,-7.425654,2024-07-11,2
62100,3,109.295109,-7.425689,2024-07-11,2
62101,3,109.294998,-7.425677,2024-07-11,2
62102,3,109.29491,-7.425672,2024-07-11,2
62103,3,109.294768,-7.425665,2024-07-11,2
62104,3,109.294614,-7.425657,2024-07-11,2
62105,3,108.986093,-7.154212,2024-07-11,2
62106,3,108.985667,-7.154029,2024-07-11,2
62107,3,108.986169,-7.154016,2024-07-11,2
62108,3,108.986255,-7.1539,2024-07-11,2
62109,3,108.985646,-7.153896,2024-07-11,2
62110,3,108.985971,-7.153966,2024-07-11,2
62111,3,108.986037,-7.153851,2024-07-11,2
62112,3,108.986063,-7.153791,2024-07-11,2
62113,3,108.985739,-7.153929,2024-07-11,2
62114,3,108.986353,-7.153765,2024-07-11,2
62115,3,108.98613,-7.153748,2024-07-11,2
62116,3,108.98643,-7.153634,2024-07-11,2
62117,3,108.985792,-7.153733,2024-07-11,2
62118,3,108.985574,-7.153795,2024-07-11,2
62119,3,108.985391,-7.153575,2024-07-11,2
62120,3,108.986458,-7.153569,2024-07-11,2
62121,3,108.986332,-7.153627,2024-07-11,2
62122,3,108.986047,-7.153633,2024-07-11,2
62123,3,108.98532,-7.153536,2024-07-11,2
62124,3,108.986484,-7.153507,2024-07-11,2
62125,3,108.985484,-7.153655,2024-07-11,2
62126,3,108.986153,-7.153666,2024-07-11,2
62127,3,108.985384,-7.153479,2024-07-11,2
62128,3,108.985893,-7.153534,2024-07-11,2
62129,3,108.986518,-7.153408,2024-07-11,2
62130,3,108.986298,-7.153532,2024-07-11,2
62131,3,108.986197,-7.153557,2024-07-11,2
62132,3,108.985704,-7.153414,2024-07-11,2
62133,3,108.98621,-7.153317,2024-07-11,2
62134,3,108.986278,-7.15339,2024-07-11,2
62135,3,108.986361,-7.15331,2024-07-11,2
62136,3,108.985913,-7.153342,2024-07-11,2
62137,3,108.985463,-7.153316,2024-07-11,2
62138,3,108.985877,-7.153176,2024-07-11,2
62139,3,108.98556,-7.153196,2024-07-11,2
62140,3,108.986051,-7.153227,2024-07-11,2
62141,3,108.985939,-7.153057,2024-07-11,2
62142,3,108.985612,-7.153138,2024-07-11,2
62143,3,108.985445,-7.153065,2024-07-11,2
62144,3,108.985661,-7.153087,2024-07-11,2
62145,3,108.986067,-7.153106,2024-07-11,2
62146,3,108.986207,-7.153162,2024-07-11,2
62147,3,108.986639,-7.153084,2024-07-11,2
62148,3,108.986353,-7.153046,2024-07-11,2
62149,3,108.986311,-7.152923,2024-07-11,2
62150,3,108.985702,-7.153033,2024-07-11,2
62151,3,108.985517,-7.152968,2024-07-11,2
62152,3,108.986457,-7.153182,2024-07-11,2
62153,3,108.98654,-7.153132,2024-07-11,2
62154,3,108.986326,-7.152865,2024-07-11,2
62155,3,108.986212,-7.152957,2024-07-11,2
62156,3,108.985752,-7.152949,2024-07-11,2
62157,3,108.985826,-7.152879,2024-07-11,2
62158,3,108.985641,-7.152781,2024-07-11,2
62159,3,108.986086,-7.152803,2024-07-11,2
62160,3,108.985701,-7.152742,2024-07-11,2
62161,3,108.985833,-7.15272,2024-07-11,2
62162,3,108.985961,-7.152841,2024-07-11,2
62163,3,108.985997,-7.15271,2024-07-11,2
62164,3,108.985713,-7.152659,2024-07-11,2
62165,3,108.985864,-7.15259,2024-07-11,2
62166,3,108.985774,-7.152632,2024-07-11,2
62167,3,108.985794,-7.15258,2024-07-11,2
62185,3,109.052719,-6.981945,2024-07-11,2
62186,3,109.052565,-6.981933,2024-07-11,2
62216,3,109.052952,-6.98121,2024-07-11,2
62217,3,109.052634,-6.981189,2024-07-11,2
62399,3,108.937804,-6.913806,2024-07-11,2
62400,3,108.937436,-6.913794,2024-07-11,2
62401,3,108.937144,-6.913785,2024-07-11,2
62402,3,108.936975,-6.913778,2024-07-11,2
62405,3,108.937502,-6.913629,2024-07-11,2
62406,3,108.937225,-6.913616,2024-07-11,2
62407,3,108.936995,-6.913607,2024-07-11,2
62408,3,108.936985,-6.9134,2024-07-11,2
62413,3,108.937216,-6.913372,2024-07-11,2
62418,3,108.937223,-6.913119,2024-07-11,2
62420,3,108.938198,-6.912919,2024-07-11,2
62421,3,108.938014,-6.912914,2024-07-11,2
62422,3,108.937785,-6.91291,2024-07-11,2
62423,3,108.937568,-6.912908,2024-07-11,2
62426,3,108.938194,-6.912731,2024-07-11,2
62427,3,108.938008,-6.912726,2024-07-11,2
62428,3,108.937824,-6.912722,2024-07-11,2
62429,3,108.937691,-6.912717,2024-07-11,2
62430,3,108.937533,-6.912716,2024-07-11,2
62434,3,108.938665,-6.912791,2024-07-11,2
62435,3,109.488023,-7.716088,2024-07-11,2
110157,4,109.391089,-6.871089,2024-07-11,2
110158,4,109.391622,-6.870947,2024-07-11,2
110175,4,109.391567,-6.872022,2024-07-11,2
110176,4,109.429086,-6.895031,2024-07-11,2
110178,4,109.052806,-6.994267,2024-07-11,2
110208,4,109.411086,-7.444706,2024-07-11,2
110307,4,109.052995,-6.994384,2024-07-11,2
110311,4,109.052997,-6.993932,2024-07-11,2
110316,4,109.052999,-6.99348,2024-07-11,2
110451,4,109.429155,-6.895835,2024-07-11,2
110454,4,109.428704,-6.895381,2024-07-11,2
110457,4,109.428705,-6.894929,2024-07-11,2
110460,4,109.428707,-6.894477,2024-07-11,2
110472,4,109.382349,-6.874462,2024-07-11,2
110473,4,109.382802,-6.874464,2024-07-11,2
110477,4,109.382351,-6.87401,2024-07-11,2
110478,4,109.382803,-6.874011,2024-07-11,2
110479,4,109.380995,-6.873553,2024-07-11,2
110480,4,109.381448,-6.873555,2024-07-11,2
110481,4,109.3819,-6.873556,2024-07-11,2
110482,4,109.382352,-6.873558,2024-07-11,2
110483,4,109.382805,-6.873559,2024-07-11,2
110484,4,109.3905,-6.872229,2024-07-11,2
110485,4,109.390952,-6.87223,2024-07-11,2
110486,4,109.391405,-6.872232,2024-07-11,2
110487,4,109.391857,-6.872233,2024-07-11,2
110488,4,109.390501,-6.871777,2024-07-11,2
110489,4,109.390954,-6.871778,2024-07-11,2
110490,4,109.391406,-6.87178,2024-07-11,2
110491,4,109.391859,-6.871781,2024-07-11,2
110492,4,109.390051,-6.871323,2024-07-11,2
110493,4,109.390503,-6.871325,2024-07-11,2
110494,4,109.390955,-6.871326,2024-07-11,2
110495,4,109.391408,-6.871328,2024-07-11,2
110496,4,109.390052,-6.870871,2024-07-11,2
110497,4,109.390505,-6.870872,2024-07-11,2
110498,4,109.390957,-6.870874,2024-07-11,2
110499,4,109.391409,-6.870876,2024-07-11,2
110500,4,109.390054,-6.870419,2024-07-11,2
110501,4,109.390506,-6.87042,2024-07-11,2
110502,4,109.390958,-6.870422,2024-07-11,2
110503,4,109.391411,-6.870423,2024-07-11,2
111235,4,109.052953,-6.994673,2024-07-11,2
111236,4,109.05276,-6.994662,2024-07-11,2
111250,4,109.053009,-6.994484,2024-07-11,2
111251,4,109.052909,-6.994479,2024-07-11,2
111252,4,109.052772,-6.99447,2024-07-11,2
111263,4,109.052976,-6.994258,2024-07-11,2
111264,4,109.052789,-6.994246,2024-07-11,2
111271,4,109.052989,-6.994047,2024-07-11,2
111272,4,109.052803,-6.994036,2024-07-11,2
111287,4,109.052964,-6.993815,2024-07-11,2
111288,4,109.052818,-6.993807,2024-07-11,2
111293,4,109.053022,-6.993582,2024-07-11,2
111294,4,109.052834,-6.993571,2024-07-11,2
111300,4,109.052845,-6.993403,2024-07-11,2
111317,4,109.093542,-6.971421,2024-07-11,2
111330,4,109.093559,-6.971236,2024-07-11,2
111343,4,109.093577,-6.971021,2024-07-11,2
111356,4,109.093598,-6.970797,2024-07-11,2
111844,4,109.428911,-6.895767,2024-07-11,2
111845,4,109.429095,-6.89576,2024-07-11,2
111861,4,109.428486,-6.895606,2024-07-11,2
111863,4,109.428551,-6.895601,2024-07-11,2
111864,4,109.428646,-6.895597,2024-07-11,2
111866,4,109.428752,-6.895592,2024-07-11,2
111867,4,109.428856,-6.895587,2024-07-11,2
111868,4,109.428964,-6.895582,2024-07-11,2
111869,4,109.429114,-6.895575,2024-07-11,2
111877,4,109.428484,-6.895441,2024-07-11,2
111879,4,109.428547,-6.895435,2024-07-11,2
111881,4,109.428645,-6.895431,2024-07-11,2
111882,4,109.42875,-6.895426,2024-07-11,2
111884,4,109.428861,-6.895421,2024-07-11,2
111885,4,109.428968,-6.895415,2024-07-11,2
111892,4,109.428501,-6.895236,2024-07-11,2
111893,4,109.428619,-6.89523,2024-07-11,2
111894,4,109.428748,-6.895227,2024-07-11,2
111895,4,109.42885,-6.895222,2024-07-11,2
111896,4,109.428976,-6.895218,2024-07-11,2
111897,4,109.429123,-6.895211,2024-07-11,2
111908,4,109.4285,-6.895004,2024-07-11,2
111909,4,109.428618,-6.894999,2024-07-11,2
111910,4,109.428746,-6.894998,2024-07-11,2
111911,4,109.428839,-6.894995,2024-07-11,2
111912,4,109.428947,-6.894991,2024-07-11,2
111915,4,109.42852,-6.89482,2024-07-11,2
111916,4,109.428668,-6.894818,2024-07-11,2
111917,4,109.428837,-6.894815,2024-07-11,2
111918,4,109.428975,-6.894813,2024-07-11,2
111919,4,109.429126,-6.894812,2024-07-11,2
111928,4,109.428768,-6.894644,2024-07-11,2
111934,4,109.428526,-6.894502,2024-07-11,2
111935,4,109.428669,-6.894492,2024-07-11,2
111936,4,109.428834,-6.89448,2024-07-11,2
111937,4,109.428968,-6.894473,2024-07-11,2
111938,4,109.42853,-6.894401,2024-07-11,2
111940,4,109.428669,-6.894388,2024-07-11,2
111945,4,109.428836,-6.894374,2024-07-11,2
111946,4,109.428967,-6.894364,2024-07-11,2
111947,4,109.429132,-6.89435,2024-07-11,2
111959,4,109.382132,-6.875221,2024-07-11,2
111961,4,109.381873,-6.875192,2024-07-11,2
111963,4,109.381554,-6.875159,2024-07-11,2
111964,4,109.381297,-6.875131,2024-07-11,2
111967,4,109.381119,-6.87511,2024-07-11,2
112003,4,109.38095,-6.874588,2024-07-11,2
112004,4,109.383062,-6.874505,2024-07-11,2
112006,4,109.382641,-6.874492,2024-07-11,2
112010,4,109.383071,-6.874378,2024-07-11,2
112011,4,109.382818,-6.874371,2024-07-11,2
112013,4,109.382498,-6.874361,2024-07-11,2
112016,4,109.383091,-6.874289,2024-07-11,2
112017,4,109.382835,-6.874285,2024-07-11,2
112019,4,109.382499,-6.874279,2024-07-11,2
112035,4,109.383136,-6.874029,2024-07-11,2
112036,4,109.382902,-6.874018,2024-07-11,2
112037,4,109.38266,-6.874014,2024-07-11,2
112038,4,109.382434,-6.874009,2024-07-11,2
112044,4,109.383116,-6.873873,2024-07-11,2
112045,4,109.382902,-6.87387,2024-07-11,2
112046,4,109.382662,-6.873866,2024-07-11,2
112047,4,109.382437,-6.873862,2024-07-11,2
112057,4,109.382157,-6.873711,2024-07-11,2
112058,4,109.381111,-6.873649,2024-07-11,2
112059,4,109.382057,-6.873592,2024-07-11,2
112060,4,109.380852,-6.873628,2024-07-11,2
112061,4,109.381522,-6.873561,2024-07-11,2
112062,4,109.38108,-6.873531,2024-07-11,2
112063,4,109.383167,-6.873582,2024-07-11,2
112064,4,109.383018,-6.873559,2024-07-11,2
112065,4,109.382756,-6.873558,2024-07-11,2
112066,4,109.382465,-6.873555,2024-07-11,2
112067,4,109.382057,-6.873482,2024-07-11,2
112068,4,109.383139,-6.873413,2024-07-11,2
112069,4,109.381531,-6.873449,2024-07-11,2
112070,4,109.382461,-6.873411,2024-07-11,2
112071,4,109.382758,-6.873411,2024-07-11,2
112072,4,109.383014,-6.873414,2024-07-11,2
112073,4,109.381077,-6.873421,2024-07-11,2
112074,4,109.380853,-6.873438,2024-07-11,2
112075,4,109.382741,-6.873335,2024-07-11,2
112076,4,109.38245,-6.873331,2024-07-11,2
112077,4,109.391657,-6.872558,2024-07-11,2
112078,4,109.391138,-6.872574,2024-07-11,2
112079,4,109.391903,-6.872511,2024-07-11,2
112080,4,109.391282,-6.872553,2024-07-11,2
112081,4,109.391577,-6.872495,2024-07-11,2
112082,4,109.391012,-6.872489,2024-07-11,2
112083,4,109.391823,-6.872442,2024-07-11,2
112084,4,109.39127,-6.872433,2024-07-11,2
112085,4,109.392049,-6.872389,2024-07-11,2
112086,4,109.391541,-6.872372,2024-07-11,2
112087,4,109.390941,-6.872366,2024-07-11,2
112088,4,109.391798,-6.872315,2024-07-11,2
112089,4,109.391244,-6.872303,2024-07-11,2
112090,4,109.392036,-6.872261,2024-07-11,2
112091,4,109.39215,-6.872191,2024-07-11,2
112092,4,109.390805,-6.872256,2024-07-11,2
112093,4,109.391516,-6.872244,2024-07-11,2
112094,4,109.39041,-6.872327,2024-07-11,2
112095,4,109.39109,-6.872203,2024-07-11,2
112096,4,109.391773,-6.872189,2024-07-11,2
112097,4,109.390447,-6.872143,2024-07-11,2
112098,4,109.391357,-6.872149,2024-07-11,2
112099,4,109.392013,-6.872136,2024-07-11,2
112100,4,109.39214,-6.872101,2024-07-11,2
112101,4,109.390658,-6.872139,2024-07-11,2
112102,4,109.39086,-6.872103,2024-07-11,2
112103,4,109.391681,-6.872081,2024-07-11,2
112104,4,109.391053,-6.872067,2024-07-11,2
112105,4,109.391982,-6.87202,2024-07-11,2
112106,4,109.390145,-6.872033,2024-07-11,2
112107,4,109.391271,-6.872026,2024-07-11,2
112108,4,109.392128,-6.871985,2024-07-11,2
112109,4,109.390313,-6.872023,2024-07-11,2
112110,4,109.391498,-6.871983,2024-07-11,2
112111,4,109.390484,-6.871992,2024-07-11,2
112112,4,109.390652,-6.87197,2024-07-11,2
112113,4,109.391718,-6.87194,2024-07-11,2
112114,4,109.39196,-6.871894,2024-07-11,2
112115,4,109.392114,-6.871862,2024-07-11,2
112116,4,109.390811,-6.871913,2024-07-11,2
112117,4,109.390968,-6.87189,2024-07-11,2
112118,4,109.390136,-6.871843,2024-07-11,2
112119,4,109.390301,-6.871833,2024-07-11,2
112120,4,109.390467,-6.871802,2024-07-11,2
112121,4,109.390636,-6.871791,2024-07-11,2
112122,4,109.391954,-6.871753,2024-07-11,2
112123,4,109.392091,-6.871724,2024-07-11,2
112124,4,109.39113,-6.871799,2024-07-11,2
112125,4,109.391295,-6.871774,2024-07-11,2
112126,4,109.391452,-6.871755,2024-07-11,2
112127,4,109.390127,-6.871661,2024-07-11,2
112128,4,109.391612,-6.871732,2024-07-11,2
112129,4,109.390287,-6.871651,2024-07-11,2
112130,4,109.391772,-6.871704,2024-07-11,2
112131,4,109.390791,-6.871666,2024-07-11,2
112132,4,109.390453,-6.871624,2024-07-11,2
112133,4,109.39095,-6.871651,2024-07-11,2
112134,4,109.390622,-6.871611,2024-07-11,2
112135,4,109.391935,-6.8716,2024-07-11,2
112136,4,109.392075,-6.87157,2024-07-11,2
112137,4,109.390118,-6.871492,2024-07-11,2
112138,4,109.390277,-6.87148,2024-07-11,2
112139,4,109.391918,-6.871453,2024-07-11,2
112140,4,109.390441,-6.871453,2024-07-11,2
112141,4,109.390609,-6.87144,2024-07-11,2
112142,4,109.392059,-6.871425,2024-07-11,2
112143,4,109.390774,-6.871433,2024-07-11,2
112144,4,109.390933,-6.87142,2024-07-11,2
112145,4,109.391428,-6.871444,2024-07-11,2
112146,4,109.391105,-6.87146,2024-07-11,2
112147,4,109.391586,-6.871432,2024-07-11,2
112148,4,109.39127,-6.871445,2024-07-11,2
112149,4,109.391747,-6.871413,2024-07-11,2
112150,4,109.390109,-6.871314,2024-07-11,2
112151,4,109.390265,-6.871303,2024-07-11,2
112152,4,109.390429,-6.871285,2024-07-11,2
112153,4,109.390597,-6.871272,2024-07-11,2
112154,4,109.390759,-6.871232,2024-07-11,2
112155,4,109.390918,-6.871217,2024-07-11,2
112156,4,109.391408,-6.871187,2024-07-11,2
112157,4,109.391565,-6.871177,2024-07-11,2
112158,4,109.391726,-6.871168,2024-07-11,2
112159,4,109.391084,-6.871183,2024-07-11,2
112160,4,109.391248,-6.871167,2024-07-11,2
112161,4,109.390101,-6.871128,2024-07-11,2
112162,4,109.390255,-6.871117,2024-07-11,2
112163,4,109.390416,-6.871098,2024-07-11,2
112164,4,109.390583,-6.871084,2024-07-11,2
112165,4,109.390744,-6.871024,2024-07-11,2
112166,4,109.390904,-6.871009,2024-07-11,2
112167,4,109.391069,-6.870976,2024-07-11,2
112168,4,109.390092,-6.870952,2024-07-11,2
112169,4,109.390243,-6.870939,2024-07-11,2
112170,4,109.39123,-6.87095,2024-07-11,2
112171,4,109.391389,-6.870963,2024-07-11,2
112172,4,109.390403,-6.870919,2024-07-11,2
112173,4,109.391547,-6.870952,2024-07-11,2
112174,4,109.390569,-6.870906,2024-07-11,2
112175,4,109.391708,-6.870943,2024-07-11,2
112176,4,109.390729,-6.870821,2024-07-11,2
112177,4,109.390889,-6.870805,2024-07-11,2
112178,4,109.391055,-6.870788,2024-07-11,2
112179,4,109.391214,-6.870763,2024-07-11,2
112180,4,109.390082,-6.870749,2024-07-11,2
112181,4,109.390231,-6.870734,2024-07-11,2
112182,4,109.390388,-6.87072,2024-07-11,2
112183,4,109.391368,-6.870719,2024-07-11,2
112184,4,109.390553,-6.870703,2024-07-11,2
112185,4,109.391526,-6.870705,2024-07-11,2
112186,4,109.391687,-6.870692,2024-07-11,2
112187,4,109.390069,-6.870516,2024-07-11,2
112188,4,109.390216,-6.870504,2024-07-11,2
112189,4,109.390373,-6.870496,2024-07-11,2
112190,4,109.390536,-6.870486,2024-07-11,2
112191,4,109.390708,-6.87055,2024-07-11,2
112192,4,109.390867,-6.870535,2024-07-11,2
112193,4,109.391032,-6.870516,2024-07-11,2
112194,4,109.391191,-6.870497,2024-07-11,2
112195,4,109.391342,-6.870445,2024-07-11,2
112196,4,109.3915,-6.870422,2024-07-11,2
112197,4,109.391662,-6.870406,2024-07-11,2
112502,4,109.381615,-6.873678,2024-07-11,2
112503,4,109.381884,-6.873694,2024-07-11,2
112504,4,109.390193,-6.872225,2024-07-11,2
112505,4,109.390206,-6.872431,2024-07-11,2
112506,4,109.39085,-6.872543,2024-07-11,2
112507,4,109.390426,-6.872544,2024-07-11,2
112508,4,109.390668,-6.872542,2024-07-11,2
112509,4,109.390622,-6.872369,2024-07-11,2
112510,4,109.053055,-6.993827,2024-07-11,2
57981,3,108.894417,-6.950028,2024-07-11,3
57984,3,108.937914,-6.913283,2024-07-11,3
57985,3,108.938472,-6.913278,2024-07-11,3
57992,3,109.413472,-7.426417,2024-07-11,3
57999,3,109.449389,-7.595722,2024-07-11,3
58513,3,109.448652,-7.595832,2024-07-11,3
58514,3,109.449105,-7.595834,2024-07-11,3
58515,3,109.449559,-7.595835,2024-07-11,3
58560,3,109.295256,-7.426174,2024-07-11,3
58567,3,109.413922,-7.426614,2024-07-11,3
58574,3,109.413471,-7.42616,2024-07-11,3
58575,3,109.413924,-7.426162,2024-07-11,3
58595,3,108.894847,-6.950763,2024-07-11,3
58597,3,108.893945,-6.950307,2024-07-11,3
58598,3,108.894397,-6.950309,2024-07-11,3
58599,3,108.894849,-6.950311,2024-07-11,3
58601,3,108.895754,-6.950315,2024-07-11,3
58602,3,108.893947,-6.949855,2024-07-11,3
58603,3,108.894399,-6.949857,2024-07-11,3
58604,3,108.894851,-6.949859,2024-07-11,3
58605,3,108.895304,-6.949861,2024-07-11,3
58607,3,108.894401,-6.949405,2024-07-11,3
58616,3,108.93753,-6.913434,2024-07-11,3
58617,3,108.937983,-6.913436,2024-07-11,3
58618,3,108.93708,-6.91298,2024-07-11,3
61446,3,109.449044,-7.595973,2024-07-11,3
61449,3,109.449018,-7.595938,2024-07-11,3
61450,3,109.449141,-7.595946,2024-07-11,3
61456,3,109.449021,-7.595877,2024-07-11,3
61457,3,109.448649,-7.595892,2024-07-11,3
61458,3,109.448519,-7.595919,2024-07-11,3
61459,3,109.449278,-7.595859,2024-07-11,3
61461,3,109.448921,-7.595837,2024-07-11,3
61463,3,109.449178,-7.595904,2024-07-11,3
61464,3,109.449586,-7.59593,2024-07-11,3
61465,3,109.449273,-7.595788,2024-07-11,3
61466,3,109.448925,-7.595766,2024-07-11,3
61467,3,109.44913,-7.595792,2024-07-11,3
61468,3,109.449272,-7.595727,2024-07-11,3
61469,3,109.448738,-7.595764,2024-07-11,3
61470,3,109.448777,-7.59586,2024-07-11,3
61471,3,109.448454,-7.59573,2024-07-11,3
61472,3,109.448526,-7.595733,2024-07-11,3
61473,3,109.449277,-7.595678,2024-07-11,3
61474,3,109.44959,-7.595826,2024-07-11,3
61475,3,109.449074,-7.595687,2024-07-11,3
61477,3,109.448922,-7.595662,2024-07-11,3
61479,3,109.449063,-7.595634,2024-07-11,3
61480,3,109.449591,-7.595739,2024-07-11,3
61481,3,109.449269,-7.595638,2024-07-11,3
61483,3,109.44874,-7.595672,2024-07-11,3
61485,3,109.44867,-7.595554,2024-07-11,3
61486,3,109.44892,-7.5956,2024-07-11,3
61487,3,109.448575,-7.595593,2024-07-11,3
61488,3,109.44848,-7.595601,2024-07-11,3
61490,3,109.449595,-7.595654,2024-07-11,3
61493,3,109.448365,-7.595649,2024-07-11,3
61495,3,109.448816,-7.595611,2024-07-11,3
61500,3,109.448807,-7.595479,2024-07-11,3
61505,3,109.448642,-7.595469,2024-07-11,3
61506,3,109.448456,-7.595463,2024-07-11,3
61525,3,109.4483,-7.595265,2024-07-11,3
61527,3,109.44837,-7.595319,2024-07-11,3
61531,3,109.448642,-7.595081,2024-07-11,3
61550,3,109.448394,-7.595054,2024-07-11,3
61551,3,109.448314,-7.595002,2024-07-11,3
61552,3,109.448295,-7.594996,2024-07-11,3
61570,3,109.448311,-7.59481,2024-07-11,3
61572,3,109.448427,-7.594676,2024-07-11,3
61573,3,109.448403,-7.594744,2024-07-11,3
61574,3,109.44838,-7.594852,2024-07-11,3
61577,3,109.448347,-7.594628,2024-07-11,3
61579,3,109.448373,-7.594616,2024-07-11,3
61590,3,109.448442,-7.594596,2024-07-11,3
61896,3,109.41385,-7.426666,2024-07-11,3
61904,3,109.413858,-7.426641,2024-07-11,3
61906,3,109.413833,-7.426609,2024-07-11,3
61912,3,109.413559,-7.426565,2024-07-11,3
61914,3,109.413941,-7.426561,2024-07-11,3
61915,3,109.41352,-7.426558,2024-07-11,3
61916,3,109.413478,-7.42655,2024-07-11,3
61917,3,109.41391,-7.426553,2024-07-11,3
61919,3,109.413869,-7.426547,2024-07-11,3
61920,3,109.413438,-7.426539,2024-07-11,3
61921,3,109.413398,-7.426532,2024-07-11,3
61923,3,109.413828,-7.426541,2024-07-11,3
61925,3,109.413357,-7.426526,2024-07-11,3
61926,3,109.413789,-7.426536,2024-07-11,3
61928,3,109.413745,-7.426551,2024-07-11,3
61930,3,109.413705,-7.426553,2024-07-11,3
61932,3,109.413677,-7.426547,2024-07-11,3
61933,3,109.413648,-7.426544,2024-07-11,3
61934,3,109.413604,-7.426563,2024-07-11,3
61942,3,109.41392,-7.426456,2024-07-11,3
61943,3,109.413888,-7.426451,2024-07-11,3
61945,3,109.413847,-7.426446,2024-07-11,3
61946,3,109.413808,-7.426439,2024-07-11,3
61948,3,109.413769,-7.426434,2024-07-11,3
61950,3,109.413728,-7.426427,2024-07-11,3
61951,3,109.413699,-7.426423,2024-07-11,3
61954,3,109.41367,-7.426419,2024-07-11,3
61955,3,109.413622,-7.426443,2024-07-11,3
61957,3,109.413582,-7.426441,2024-07-11,3
61959,3,109.413541,-7.426436,2024-07-11,3
61960,3,109.413947,-7.426436,2024-07-11,3
61961,3,109.4135,-7.42643,2024-07-11,3
61964,3,109.413459,-7.426422,2024-07-11,3
61965,3,109.413419,-7.426417,2024-07-11,3
61966,3,109.413377,-7.426413,2024-07-11,3
61973,3,109.413953,-7.426334,2024-07-11,3
61974,3,109.41391,-7.426337,2024-07-11,3
61975,3,109.413869,-7.426331,2024-07-11,3
61976,3,109.41383,-7.426324,2024-07-11,3
61978,3,109.41379,-7.426319,2024-07-11,3
61979,3,109.41375,-7.426312,2024-07-11,3
61982,3,109.413721,-7.426303,2024-07-11,3
61983,3,109.413692,-7.426299,2024-07-11,3
61984,3,109.413651,-7.426294,2024-07-11,3
61985,3,109.41361,-7.426287,2024-07-11,3
61987,3,109.41398,-7.42637,2024-07-11,3
61988,3,109.413569,-7.426281,2024-07-11,3
61993,3,109.413975,-7.426238,2024-07-11,3
61994,3,109.413528,-7.426276,2024-07-11,3
61995,3,109.413487,-7.42627,2024-07-11,3
61996,3,109.41393,-7.426231,2024-07-11,3
61998,3,109.413446,-7.426264,2024-07-11,3
61999,3,109.41389,-7.426224,2024-07-11,3
62000,3,109.413404,-7.426259,2024-07-11,3
62002,3,109.41385,-7.426216,2024-07-11,3
62004,3,109.29502,-7.426234,2024-07-11,3
62005,3,109.413811,-7.42621,2024-07-11,3
62008,3,109.41377,-7.426202,2024-07-11,3
62009,3,109.413741,-7.426193,2024-07-11,3
62012,3,109.413712,-7.426188,2024-07-11,3
62015,3,109.413672,-7.426182,2024-07-11,3
62016,3,109.41402,-7.426173,2024-07-11,3
62018,3,109.413987,-7.426171,2024-07-11,3
62019,3,109.413944,-7.426164,2024-07-11,3
62020,3,109.41363,-7.426175,2024-07-11,3
62021,3,109.413903,-7.426159,2024-07-11,3
62022,3,109.413863,-7.426153,2024-07-11,3
62023,3,109.413589,-7.426167,2024-07-11,3
62024,3,109.413823,-7.426147,2024-07-11,3
62026,3,109.413782,-7.426141,2024-07-11,3
62027,3,109.413549,-7.42616,2024-07-11,3
62028,3,109.413751,-7.426137,2024-07-11,3
62030,3,109.413722,-7.426134,2024-07-11,3
62031,3,109.413682,-7.426129,2024-07-11,3
62032,3,109.41364,-7.426123,2024-07-11,3
62033,3,109.413598,-7.426117,2024-07-11,3
62034,3,109.413558,-7.426112,2024-07-11,3
62035,3,109.41351,-7.426145,2024-07-11,3
62036,3,109.413469,-7.42614,2024-07-11,3
62037,3,109.413427,-7.426135,2024-07-11,3
62051,3,109.295214,-7.426185,2024-07-11,3
62055,3,109.295072,-7.426086,2024-07-11,3
62071,3,109.295284,-7.425973,2024-07-11,3
62074,3,109.295122,-7.425948,2024-07-11,3
62081,3,109.295325,-7.425859,2024-07-11,3
62084,3,109.295163,-7.42583,2024-07-11,3
62093,3,109.295366,-7.425731,2024-07-11,3
62094,3,109.295205,-7.425711,2024-07-11,3
62095,3,109.295758,-7.425702,2024-07-11,3
62097,3,109.2954,-7.425653,2024-07-11,3
62099,3,109.295234,-7.425645,2024-07-11,3
62245,3,108.89546,-6.951113,2024-07-11,3
62252,3,108.895181,-6.950978,2024-07-11,3
62256,3,108.89512,-6.950812,2024-07-11,3
62257,3,108.895664,-6.950769,2024-07-11,3
62259,3,108.894857,-6.950819,2024-07-11,3
62264,3,108.895483,-6.95069,2024-07-11,3
62267,3,108.89459,-6.950686,2024-07-11,3
62268,3,108.895682,-6.950617,2024-07-11,3
62269,3,108.895559,-6.950639,2024-07-11,3
62271,3,108.895233,-6.95058,2024-07-11,3
62274,3,108.895503,-6.950541,2024-07-11,3
62275,3,108.895266,-6.950511,2024-07-11,3
62277,3,108.895737,-6.950521,2024-07-11,3
62278,3,108.894326,-6.950555,2024-07-11,3
62281,3,108.894377,-6.950461,2024-07-11,3
62282,3,108.895294,-6.950452,2024-07-11,3
62284,3,108.894105,-6.950445,2024-07-11,3
62285,3,108.895031,-6.95041,2024-07-11,3
62286,3,108.893779,-6.950404,2024-07-11,3
62287,3,108.895502,-6.950424,2024-07-11,3
62288,3,108.895854,-6.950389,2024-07-11,3
62289,3,108.89415,-6.950354,2024-07-11,3
62290,3,108.895057,-6.950352,2024-07-11,3
62292,3,108.893919,-6.950353,2024-07-11,3
62293,3,108.894424,-6.950364,2024-07-11,3
62294,3,108.894758,-6.950292,2024-07-11,3
62295,3,108.893941,-6.950259,2024-07-11,3
62297,3,108.894469,-6.950246,2024-07-11,3
62298,3,108.894195,-6.95026,2024-07-11,3
62299,3,108.894786,-6.950238,2024-07-11,3
62300,3,108.895628,-6.950299,2024-07-11,3
62301,3,108.894249,-6.95015,2024-07-11,3
62302,3,108.893998,-6.950172,2024-07-11,3
62303,3,108.894409,-6.950142,2024-07-11,3
62305,3,108.895279,-6.95016,2024-07-11,3
62306,3,108.89405,-6.950064,2024-07-11,3
62307,3,108.894439,-6.950091,2024-07-11,3
62308,3,108.893815,-6.950084,2024-07-11,3
62309,3,108.895723,-6.950135,2024-07-11,3
62310,3,108.894087,-6.950004,2024-07-11,3
62311,3,108.895006,-6.950051,2024-07-11,3
62312,3,108.893846,-6.949976,2024-07-11,3
62314,3,108.894477,-6.950005,2024-07-11,3
62315,3,108.894114,-6.949953,2024-07-11,3
62316,3,108.893873,-6.949914,2024-07-11,3
62317,3,108.895354,-6.949987,2024-07-11,3
62318,3,108.895714,-6.949979,2024-07-11,3
62319,3,108.894744,-6.949946,2024-07-11,3
62320,3,108.893901,-6.949863,2024-07-11,3
62321,3,108.895075,-6.949879,2024-07-11,3
62323,3,108.895928,-6.949818,2024-07-11,3
62324,3,108.896034,-6.949771,2024-07-11,3
62325,3,108.894487,-6.949844,2024-07-11,3
62326,3,108.894071,-6.949838,2024-07-11,3
62327,3,108.895268,-6.949802,2024-07-11,3
62328,3,108.895919,-6.949719,2024-07-11,3
62329,3,108.894812,-6.949773,2024-07-11,3
62330,3,108.894249,-6.94975,2024-07-11,3
62331,3,108.895011,-6.9497,2024-07-11,3
62333,3,108.895655,-6.949695,2024-07-11,3
62335,3,108.894032,-6.949666,2024-07-11,3
62336,3,108.894558,-6.949673,2024-07-11,3
62337,3,108.895702,-6.949626,2024-07-11,3
62338,3,108.894808,-6.94962,2024-07-11,3
62341,3,108.894621,-6.949546,2024-07-11,3
62342,3,108.894323,-6.949583,2024-07-11,3
62344,3,108.89536,-6.949562,2024-07-11,3
62345,3,108.894138,-6.949521,2024-07-11,3
62346,3,108.895413,-6.949501,2024-07-11,3
62349,3,108.894402,-6.949459,2024-07-11,3
62350,3,108.895105,-6.949447,2024-07-11,3
62351,3,108.895154,-6.94939,2024-07-11,3
62354,3,108.894961,-6.949307,2024-07-11,3
62355,3,108.894889,-6.949349,2024-07-11,3
62356,3,108.894379,-6.949256,2024-07-11,3
62358,3,108.89469,-6.949264,2024-07-11,3
62359,3,108.894531,-6.949203,2024-07-11,3
62403,3,108.938526,-6.913763,2024-07-11,3
62404,3,108.937982,-6.913649,2024-07-11,3
62409,3,108.938168,-6.913409,2024-07-11,3
62410,3,108.937918,-6.913403,2024-07-11,3
62411,3,108.937744,-6.913395,2024-07-11,3
62412,3,108.93752,-6.913384,2024-07-11,3
62414,3,108.936988,-6.91318,2024-07-11,3
62415,3,108.938159,-6.91314,2024-07-11,3
62416,3,108.937922,-6.913138,2024-07-11,3
62417,3,108.937759,-6.913133,2024-07-11,3
62419,3,108.937532,-6.913126,2024-07-11,3
62424,3,108.937281,-6.912905,2024-07-11,3
62425,3,108.936992,-6.91293,2024-07-11,3
62431,3,108.936921,-6.912704,2024-07-11,3
62432,3,108.937011,-6.912707,2024-07-11,3
62433,3,108.937252,-6.912711,2024-07-11,3
110160,4,109.380958,-6.874142,2024-07-11,3
110161,4,109.381667,-6.874178,2024-07-11,3
110163,4,109.429619,-6.895931,2024-07-11,3
110164,4,109.429444,-6.895214,2024-07-11,3
110165,4,109.429517,-6.895706,2024-07-11,3
110174,4,109.381744,-6.87475,2024-07-11,3
110440,4,109.428699,-6.896738,2024-07-11,3
110441,4,109.429152,-6.896739,2024-07-11,3
110450,4,109.428702,-6.895833,2024-07-11,3
110452,4,109.429607,-6.895836,2024-07-11,3
110453,4,109.43006,-6.895838,2024-07-11,3
110455,4,109.429609,-6.895384,2024-07-11,3
110456,4,109.430061,-6.895386,2024-07-11,3
110458,4,109.42961,-6.894932,2024-07-11,3
110459,4,109.430063,-6.894934,2024-07-11,3
110463,4,109.382346,-6.875366,2024-07-11,3
110464,4,109.382799,-6.875368,2024-07-11,3
110465,4,109.381443,-6.874911,2024-07-11,3
110466,4,109.381895,-6.874913,2024-07-11,3
110467,4,109.382348,-6.874914,2024-07-11,3
110468,4,109.3828,-6.874916,2024-07-11,3
110469,4,109.380992,-6.874457,2024-07-11,3
110470,4,109.381445,-6.874459,2024-07-11,3
110471,4,109.381897,-6.87446,2024-07-11,3
110474,4,109.380994,-6.874005,2024-07-11,3
110475,4,109.381446,-6.874007,2024-07-11,3
110476,4,109.381899,-6.874008,2024-07-11,3
111728,4,109.429148,-6.897034,2024-07-11,3
111729,4,109.428952,-6.897025,2024-07-11,3
111730,4,109.428778,-6.897015,2024-07-11,3
111731,4,109.428651,-6.897005,2024-07-11,3
111732,4,109.428488,-6.896966,2024-07-11,3
111748,4,109.429144,-6.896865,2024-07-11,3
111749,4,109.428963,-6.896861,2024-07-11,3
111750,4,109.428797,-6.89686,2024-07-11,3
111751,4,109.428613,-6.896855,2024-07-11,3
111752,4,109.428491,-6.896857,2024-07-11,3
111769,4,109.429144,-6.89666,2024-07-11,3
111770,4,109.428975,-6.896658,2024-07-11,3
111771,4,109.428791,-6.896655,2024-07-11,3
111772,4,109.428592,-6.896654,2024-07-11,3
111773,4,109.428485,-6.896657,2024-07-11,3
111825,4,109.430331,-6.895931,2024-07-11,3
111826,4,109.430194,-6.895929,2024-07-11,3
111827,4,109.42998,-6.895926,2024-07-11,3
111828,4,109.429756,-6.895922,2024-07-11,3
111829,4,109.429516,-6.895918,2024-07-11,3
111833,4,109.430331,-6.89578,2024-07-11,3
111835,4,109.430194,-6.895777,2024-07-11,3
111836,4,109.42999,-6.895771,2024-07-11,3
111837,4,109.429811,-6.895768,2024-07-11,3
111839,4,109.429646,-6.895765,2024-07-11,3
111840,4,109.429477,-6.895762,2024-07-11,3
111841,4,109.428569,-6.895785,2024-07-11,3
111843,4,109.428755,-6.895776,2024-07-11,3
111846,4,109.430331,-6.89567,2024-07-11,3
111847,4,109.430126,-6.895663,2024-07-11,3
111848,4,109.429852,-6.895654,2024-07-11,3
111850,4,109.429655,-6.895648,2024-07-11,3
111851,4,109.429473,-6.895642,2024-07-11,3
111855,4,109.430334,-6.895591,2024-07-11,3
111857,4,109.430137,-6.895583,2024-07-11,3
111858,4,109.429861,-6.895573,2024-07-11,3
111859,4,109.429657,-6.895566,2024-07-11,3
111862,4,109.429472,-6.89556,2024-07-11,3
111872,4,109.43033,-6.895466,2024-07-11,3
111873,4,109.430135,-6.895461,2024-07-11,3
111875,4,109.42987,-6.895452,2024-07-11,3
111876,4,109.429662,-6.895446,2024-07-11,3
111878,4,109.42947,-6.89544,2024-07-11,3
111887,4,109.430276,-6.895306,2024-07-11,3
111888,4,109.43009,-6.895302,2024-07-11,3
111889,4,109.429879,-6.895298,2024-07-11,3
111890,4,109.429664,-6.895293,2024-07-11,3
111891,4,109.429472,-6.895286,2024-07-11,3
111898,4,109.430276,-6.895147,2024-07-11,3
111899,4,109.430088,-6.895145,2024-07-11,3
111900,4,109.429876,-6.895144,2024-07-11,3
111901,4,109.429666,-6.89514,2024-07-11,3
111902,4,109.429476,-6.895137,2024-07-11,3
111903,4,109.430274,-6.894986,2024-07-11,3
111904,4,109.430082,-6.894984,2024-07-11,3
111905,4,109.429871,-6.894982,2024-07-11,3
111906,4,109.429663,-6.894979,2024-07-11,3
111907,4,109.429474,-6.894977,2024-07-11,3
111953,4,109.382623,-6.875416,2024-07-11,3
111954,4,109.382781,-6.875371,2024-07-11,3
111955,4,109.382915,-6.875304,2024-07-11,3
111956,4,109.382411,-6.875343,2024-07-11,3
111957,4,109.382695,-6.875283,2024-07-11,3
111958,4,109.38242,-6.875252,2024-07-11,3
111960,4,109.382958,-6.875236,2024-07-11,3
111962,4,109.382552,-6.875196,2024-07-11,3
111965,4,109.382141,-6.875152,2024-07-11,3
111966,4,109.382971,-6.875146,2024-07-11,3
111968,4,109.381918,-6.875128,2024-07-11,3
111969,4,109.380863,-6.875079,2024-07-11,3
111970,4,109.381601,-6.875095,2024-07-11,3
111971,4,109.38256,-6.875102,2024-07-11,3
111972,4,109.382141,-6.875058,2024-07-11,3
111973,4,109.383062,-6.875046,2024-07-11,3
111974,4,109.381899,-6.875033,2024-07-11,3
111975,4,109.381045,-6.875035,2024-07-11,3
111976,4,109.382829,-6.875025,2024-07-11,3
111977,4,109.381676,-6.87501,2024-07-11,3
111978,4,109.381462,-6.874988,2024-07-11,3
111979,4,109.382478,-6.874987,2024-07-11,3
111980,4,109.381189,-6.87496,2024-07-11,3
111981,4,109.38307,-6.874942,2024-07-11,3
111982,4,109.382151,-6.874949,2024-07-11,3
111983,4,109.382834,-6.874919,2024-07-11,3
111984,4,109.381908,-6.874924,2024-07-11,3
111985,4,109.381684,-6.874901,2024-07-11,3
111986,4,109.382489,-6.874883,2024-07-11,3
111987,4,109.381457,-6.874878,2024-07-11,3
111988,4,109.38216,-6.874846,2024-07-11,3
111989,4,109.381916,-6.874821,2024-07-11,3
111990,4,109.381186,-6.874847,2024-07-11,3
111991,4,109.381669,-6.874795,2024-07-11,3
111992,4,109.381374,-6.874764,2024-07-11,3
111993,4,109.380945,-6.874716,2024-07-11,3
111994,4,109.383086,-6.874781,2024-07-11,3
111995,4,109.382834,-6.874754,2024-07-11,3
111996,4,109.382498,-6.874728,2024-07-11,3
111997,4,109.382175,-6.874702,2024-07-11,3
111998,4,109.38306,-6.874616,2024-07-11,3
111999,4,109.381903,-6.874681,2024-07-11,3
112000,4,109.382651,-6.874601,2024-07-11,3
112001,4,109.381622,-6.874655,2024-07-11,3
112002,4,109.381355,-6.87463,2024-07-11,3
112005,4,109.382147,-6.874513,2024-07-11,3
112007,4,109.381817,-6.874493,2024-07-11,3
112008,4,109.381483,-6.874467,2024-07-11,3
112009,4,109.381203,-6.874444,2024-07-11,3
112012,4,109.380885,-6.874413,2024-07-11,3
112014,4,109.382152,-6.874358,2024-07-11,3
112015,4,109.381824,-6.874338,2024-07-11,3
112018,4,109.381488,-6.874317,2024-07-11,3
112020,4,109.38121,-6.874298,2024-07-11,3
112021,4,109.380891,-6.874273,2024-07-11,3
112022,4,109.382152,-6.874225,2024-07-11,3
112023,4,109.38183,-6.874206,2024-07-11,3
112024,4,109.381492,-6.874186,2024-07-11,3
112025,4,109.38307,-6.874169,2024-07-11,3
112026,4,109.381148,-6.874165,2024-07-11,3
112027,4,109.382788,-6.874166,2024-07-11,3
112028,4,109.382487,-6.874162,2024-07-11,3
112029,4,109.380825,-6.874141,2024-07-11,3
112030,4,109.382154,-6.874103,2024-07-11,3
112031,4,109.381835,-6.874084,2024-07-11,3
112032,4,109.381494,-6.874064,2024-07-11,3
112033,4,109.381153,-6.874044,2024-07-11,3
112034,4,109.380831,-6.874024,2024-07-11,3
112039,4,109.382156,-6.873985,2024-07-11,3
112040,4,109.381841,-6.873966,2024-07-11,3
112041,4,109.381499,-6.873945,2024-07-11,3
112042,4,109.381156,-6.873926,2024-07-11,3
112043,4,109.380833,-6.87391,2024-07-11,3
112048,4,109.382157,-6.873854,2024-07-11,3
112049,4,109.381847,-6.873836,2024-07-11,3
112050,4,109.381506,-6.873816,2024-07-11,3
112051,4,109.381161,-6.873798,2024-07-11,3
112052,4,109.380838,-6.873781,2024-07-11,3
112053,4,109.383099,-6.873717,2024-07-11,3
112054,4,109.382887,-6.873715,2024-07-11,3
112055,4,109.382665,-6.873713,2024-07-11,3
112056,4,109.382438,-6.87371,2024-07-11,3
57982,3,108.892183,-6.948961,2024-07-11,4
57986,3,109.053417,-6.9815,2024-07-11,4
58001,3,109.488056,-7.716167,2024-07-11,4
58468,3,109.488105,-7.715786,2024-07-11,4
58470,3,109.489012,-7.715789,2024-07-11,4
58471,3,109.487653,-7.715332,2024-07-11,4
58472,3,109.488107,-7.715334,2024-07-11,4
58475,3,109.487655,-7.71488,2024-07-11,4
58476,3,109.488108,-7.714882,2024-07-11,4
58582,3,109.052593,-6.982177,2024-07-11,4
58583,3,109.053045,-6.982179,2024-07-11,4
58584,3,109.052595,-6.981725,2024-07-11,4
58585,3,109.053047,-6.981727,2024-07-11,4
58593,3,108.895298,-6.951217,2024-07-11,4
58594,3,108.894395,-6.950761,2024-07-11,4
58596,3,108.8953,-6.950765,2024-07-11,4
58600,3,108.895302,-6.950313,2024-07-11,4
58606,3,108.895756,-6.949863,2024-07-11,4
58608,3,108.894853,-6.949407,2024-07-11,4
61178,3,109.48898,-7.716486,2024-07-11,4
61180,3,109.488243,-7.716461,2024-07-11,4
61182,3,109.487982,-7.716373,2024-07-11,4
61193,3,109.488794,-7.716119,2024-07-11,4
61203,3,109.488121,-7.715929,2024-07-11,4
61205,3,109.488644,-7.715902,2024-07-11,4
61208,3,109.488996,-7.715832,2024-07-11,4
61210,3,109.488145,-7.715814,2024-07-11,4
61211,3,109.488984,-7.715749,2024-07-11,4
61213,3,109.487682,-7.715721,2024-07-11,4
61217,3,109.487677,-7.715582,2024-07-11,4
61218,3,109.487994,-7.715562,2024-07-11,4
61220,3,109.489253,-7.715473,2024-07-11,4
61223,3,109.489245,-7.715322,2024-07-11,4
61226,3,109.488168,-7.715376,2024-07-11,4
61227,3,109.487725,-7.715351,2024-07-11,4
61231,3,109.489216,-7.715111,2024-07-11,4
61233,3,109.48878,-7.715103,2024-07-11,4
61234,3,109.48919,-7.714993,2024-07-11,4
61235,3,109.487886,-7.715006,2024-07-11,4
61236,3,109.489155,-7.714878,2024-07-11,4
61237,3,109.487612,-7.715017,2024-07-11,4
61239,3,109.487768,-7.714809,2024-07-11,4
61240,3,109.48811,-7.714876,2024-07-11,4
61241,3,109.487885,-7.714778,2024-07-11,4
61242,3,109.488043,-7.714741,2024-07-11,4
62177,3,109.053327,-6.982333,2024-07-11,4
62179,3,109.052833,-6.982201,2024-07-11,4
62180,3,109.052552,-6.982182,2024-07-11,4
62182,3,109.052943,-6.982091,2024-07-11,4
62183,3,109.052706,-6.982075,2024-07-11,4
62184,3,109.052557,-6.982064,2024-07-11,4
62187,3,109.05298,-6.981822,2024-07-11,4
62188,3,109.052577,-6.981797,2024-07-11,4
62190,3,109.052992,-6.981708,2024-07-11,4
62191,3,109.052827,-6.981759,2024-07-11,4
62192,3,109.052709,-6.981763,2024-07-11,4
62193,3,109.052603,-6.981682,2024-07-11,4
62194,3,109.053753,-6.981651,2024-07-11,4
62195,3,109.053524,-6.981637,2024-07-11,4
62196,3,109.053269,-6.981621,2024-07-11,4
62197,3,109.052995,-6.981604,2024-07-11,4
62198,3,109.052783,-6.98159,2024-07-11,4
62199,3,109.05262,-6.98158,2024-07-11,4
62200,3,109.053756,-6.98156,2024-07-11,4
62201,3,109.053529,-6.981546,2024-07-11,4
62202,3,109.053273,-6.98153,2024-07-11,4
62203,3,109.052999,-6.981511,2024-07-11,4
62204,3,109.052789,-6.981497,2024-07-11,4
62205,3,109.052623,-6.981486,2024-07-11,4
62243,3,108.895409,-6.951236,2024-07-11,4
62244,3,108.89504,-6.951135,2024-07-11,4
62246,3,108.895166,-6.951123,2024-07-11,4
62247,3,108.89464,-6.951,2024-07-11,4
62248,3,108.895513,-6.950994,2024-07-11,4
62249,3,108.894749,-6.951003,2024-07-11,4
62250,3,108.894826,-6.950948,2024-07-11,4
62251,3,108.895312,-6.950901,2024-07-11,4
62253,3,108.894399,-6.950895,2024-07-11,4
62254,3,108.894474,-6.950865,2024-07-11,4
62255,3,108.895572,-6.950882,2024-07-11,4
62258,3,108.894541,-6.950804,2024-07-11,4
62260,3,108.894231,-6.950742,2024-07-11,4
62261,3,108.894064,-6.950748,2024-07-11,4
62262,3,108.894908,-6.950713,2024-07-11,4
62263,3,108.895293,-6.950756,2024-07-11,4
62265,3,108.89427,-6.950668,2024-07-11,4
62266,3,108.894024,-6.950634,2024-07-11,4
62270,3,108.894641,-6.950586,2024-07-11,4
62272,3,108.894958,-6.950604,2024-07-11,4
62273,3,108.894057,-6.950557,2024-07-11,4
62276,3,108.893835,-6.950532,2024-07-11,4
62279,3,108.893898,-6.950471,2024-07-11,4
62280,3,108.894999,-6.950477,2024-07-11,4
62283,3,108.894688,-6.950483,2024-07-11,4
62291,3,108.894733,-6.950361,2024-07-11,4
62296,3,108.895159,-6.950283,2024-07-11,4
62304,3,108.894826,-6.950147,2024-07-11,4
62313,3,108.895932,-6.949968,2024-07-11,4
62322,3,108.895647,-6.949851,2024-07-11,4
62332,3,108.895315,-6.949715,2024-07-11,4
62334,3,108.89561,-6.94976,2024-07-11,4
62339,3,108.895052,-6.949608,2024-07-11,4
62340,3,108.895093,-6.94954,2024-07-11,4
62343,3,108.894859,-6.949529,2024-07-11,4
62347,3,108.89488,-6.949449,2024-07-11,4
62348,3,108.894678,-6.949455,2024-07-11,4
62352,3,108.894682,-6.949365,2024-07-11,4
62353,3,108.894447,-6.949362,2024-07-11,4
62357,3,108.894491,-6.949284,2024-07-11,4
110159,4,109.406519,-6.896431,2024-07-11,4
110162,4,109.429472,-6.896186,2024-07-11,4
110167,4,109.052569,-6.994953,2024-07-11,4
110168,4,109.052986,-6.995039,2024-07-11,4
110177,4,109.406953,-6.895875,2024-07-11,4
110179,4,109.052619,-6.994092,2024-07-11,4
110301,4,109.052539,-6.995286,2024-07-11,4
110303,4,109.053444,-6.99529,2024-07-11,4
110304,4,109.053896,-6.995292,2024-07-11,4
110305,4,109.052541,-6.994834,2024-07-11,4
110306,4,109.052543,-6.994382,2024-07-11,4
110310,4,109.052544,-6.99393,2024-07-11,4
110315,4,109.052546,-6.993478,2024-07-11,4
110431,4,109.406249,-6.897601,2024-07-11,4
110432,4,109.406702,-6.897602,2024-07-11,4
110433,4,109.407154,-6.897604,2024-07-11,4
110434,4,109.406251,-6.897149,2024-07-11,4
110435,4,109.406703,-6.89715,2024-07-11,4
110436,4,109.407155,-6.897152,2024-07-11,4
110437,4,109.406252,-6.896696,2024-07-11,4
110438,4,109.406705,-6.896698,2024-07-11,4
110439,4,109.407157,-6.8967,2024-07-11,4
110442,4,109.429604,-6.896741,2024-07-11,4
110443,4,109.430057,-6.896742,2024-07-11,4
110444,4,109.406254,-6.896244,2024-07-11,4
110445,4,109.406706,-6.896246,2024-07-11,4
110446,4,109.429606,-6.896289,2024-07-11,4
110447,4,109.430058,-6.89629,2024-07-11,4
110448,4,109.406255,-6.895792,2024-07-11,4
110449,4,109.406708,-6.895794,2024-07-11,4
110461,4,109.429612,-6.89448,2024-07-11,4
110462,4,109.430064,-6.894482,2024-07-11,4
111191,4,109.052514,-6.99542,2024-07-11,4
111193,4,109.05234,-6.995407,2024-07-11,4
111195,4,109.054257,-6.995363,2024-07-11,4
111197,4,109.054117,-6.995335,2024-07-11,4
111199,4,109.053924,-6.995301,2024-07-11,4
111200,4,109.053782,-6.995276,2024-07-11,4
111202,4,109.053615,-6.995246,2024-07-11,4
111203,4,109.05253,-6.99523,2024-07-11,4
111204,4,109.052351,-6.995218,2024-07-11,4
111205,4,109.053409,-6.99521,2024-07-11,4
111206,4,109.053199,-6.995172,2024-07-11,4
111207,4,109.052976,-6.995135,2024-07-11,4
111209,4,109.054279,-6.995145,2024-07-11,4
111210,4,109.052543,-6.995059,2024-07-11,4
111211,4,109.054127,-6.995113,2024-07-11,4
111212,4,109.05236,-6.995045,2024-07-11,4
111213,4,109.053873,-6.995082,2024-07-11,4
111214,4,109.053637,-6.995053,2024-07-11,4
111215,4,109.053425,-6.995026,2024-07-11,4
111216,4,109.053223,-6.995001,2024-07-11,4
111218,4,109.052999,-6.994977,2024-07-11,4
111225,4,109.052557,-6.994901,2024-07-11,4
111226,4,109.05237,-6.994886,2024-07-11,4
111237,4,109.052579,-6.994653,2024-07-11,4
111247,4,109.05259,-6.994493,2024-07-11,4
111259,4,109.052604,-6.994313,2024-07-11,4
111268,4,109.05262,-6.9941,2024-07-11,4
111279,4,109.052635,-6.993886,2024-07-11,4
111280,4,109.052463,-6.993874,2024-07-11,4
111289,4,109.052477,-6.9937,2024-07-11,4
111290,4,109.052366,-6.99368,2024-07-11,4
111291,4,109.052648,-6.993688,2024-07-11,4
111295,4,109.052492,-6.993523,2024-07-11,4
111296,4,109.052379,-6.9935,2024-07-11,4
111297,4,109.05266,-6.993499,2024-07-11,4
111298,4,109.052388,-6.993398,2024-07-11,4
111301,4,109.052668,-6.993368,2024-07-11,4
111302,4,109.052547,-6.993411,2024-07-11,4
111686,4,109.40689,-6.897707,2024-07-11,4
111687,4,109.406701,-6.897694,2024-07-11,4
111688,4,109.40648,-6.897704,2024-07-11,4
111689,4,109.40628,-6.897681,2024-07-11,4
111690,4,109.406905,-6.897592,2024-07-11,4
111691,4,109.407241,-6.897579,2024-07-11,4
111692,4,109.407129,-6.89757,2024-07-11,4
111693,4,109.406707,-6.897572,2024-07-11,4
111694,4,109.406486,-6.897548,2024-07-11,4
111695,4,109.40629,-6.897527,2024-07-11,4
111696,4,109.406058,-6.897478,2024-07-11,4
111697,4,109.405894,-6.897463,2024-07-11,4
111698,4,109.40714,-6.89744,2024-07-11,4
111699,4,109.40692,-6.897435,2024-07-11,4
111700,4,109.406768,-6.897419,2024-07-11,4
111701,4,109.406588,-6.8974,2024-07-11,4
111702,4,109.406023,-6.897359,2024-07-11,4
111703,4,109.406346,-6.897375,2024-07-11,4
111704,4,109.40693,-6.897274,2024-07-11,4
111705,4,109.406077,-6.897244,2024-07-11,4
111706,4,109.406778,-6.89726,2024-07-11,4
111707,4,109.40591,-6.89723,2024-07-11,4
111708,4,109.407265,-6.897402,2024-07-11,4
111709,4,109.406596,-6.897242,2024-07-11,4
111710,4,109.407198,-6.897239,2024-07-11,4
111711,4,109.406353,-6.897219,2024-07-11,4
111712,4,109.405902,-6.897144,2024-07-11,4
111713,4,109.405905,-6.89709,2024-07-11,4
111714,4,109.406072,-6.897124,2024-07-11,4
111715,4,109.406936,-6.897117,2024-07-11,4
111716,4,109.406774,-6.897102,2024-07-11,4
111717,4,109.405907,-6.89704,2024-07-11,4
111718,4,109.429556,-6.897051,2024-07-11,4
111719,4,109.429779,-6.897047,2024-07-11,4
111720,4,109.429973,-6.897045,2024-07-11,4
111721,4,109.406585,-6.897084,2024-07-11,4
111722,4,109.430168,-6.897004,2024-07-11,4
111723,4,109.407322,-6.897084,2024-07-11,4
111724,4,109.430305,-6.897006,2024-07-11,4
111725,4,109.407213,-6.89707,2024-07-11,4
111726,4,109.40591,-6.896993,2024-07-11,4
111727,4,109.406353,-6.89706,2024-07-11,4
111733,4,109.406077,-6.897006,2024-07-11,4
111734,4,109.405911,-6.896952,2024-07-11,4
111735,4,109.406946,-6.896961,2024-07-11,4
111736,4,109.406787,-6.896947,2024-07-11,4
111737,4,109.406116,-6.896903,2024-07-11,4
111738,4,109.406599,-6.896928,2024-07-11,4
111739,4,109.429551,-6.896917,2024-07-11,4
111740,4,109.405948,-6.896886,2024-07-11,4
111741,4,109.429775,-6.896916,2024-07-11,4
111742,4,109.429975,-6.896912,2024-07-11,4
111743,4,109.430166,-6.89691,2024-07-11,4
111744,4,109.430305,-6.896906,2024-07-11,4
111745,4,109.407336,-6.89691,2024-07-11,4
111746,4,109.406363,-6.896904,2024-07-11,4
111747,4,109.407227,-6.896898,2024-07-11,4
111753,4,109.406125,-6.896808,2024-07-11,4
111754,4,109.405955,-6.896789,2024-07-11,4
111755,4,109.406953,-6.896809,2024-07-11,4
111756,4,109.406789,-6.896792,2024-07-11,4
111757,4,109.4066,-6.896773,2024-07-11,4
111758,4,109.406159,-6.896721,2024-07-11,4
111759,4,109.429548,-6.896748,2024-07-11,4
111760,4,109.430229,-6.896745,2024-07-11,4
111761,4,109.429772,-6.896748,2024-07-11,4
111762,4,109.429984,-6.896746,2024-07-11,4
111763,4,109.406368,-6.896749,2024-07-11,4
111764,4,109.407349,-6.896746,2024-07-11,4
111765,4,109.405991,-6.896703,2024-07-11,4
111766,4,109.407241,-6.896727,2024-07-11,4
111767,4,109.406168,-6.896629,2024-07-11,4
111768,4,109.406964,-6.896656,2024-07-11,4
111774,4,109.406803,-6.896639,2024-07-11,4
111775,4,109.405998,-6.896611,2024-07-11,4
111776,4,109.406615,-6.896618,2024-07-11,4
111777,4,109.406379,-6.896592,2024-07-11,4
111778,4,109.429784,-6.896583,2024-07-11,4
111779,4,109.430257,-6.896581,2024-07-11,4
111780,4,109.429545,-6.896582,2024-07-11,4
111781,4,109.430022,-6.896581,2024-07-11,4
111782,4,109.407352,-6.896573,2024-07-11,4
111783,4,109.406175,-6.896537,2024-07-11,4
111784,4,109.407243,-6.896562,2024-07-11,4
111785,4,109.406036,-6.896522,2024-07-11,4
111786,4,109.40593,-6.89651,2024-07-11,4
111787,4,109.406816,-6.896485,2024-07-11,4
111788,4,109.406629,-6.896464,2024-07-11,4
111789,4,109.40639,-6.896439,2024-07-11,4
111790,4,109.430024,-6.896416,2024-07-11,4
111791,4,109.429783,-6.896416,2024-07-11,4
111792,4,109.430258,-6.896414,2024-07-11,4
111793,4,109.429543,-6.896413,2024-07-11,4
111794,4,109.407363,-6.896403,2024-07-11,4
111795,4,109.407253,-6.896393,2024-07-11,4
111796,4,109.406987,-6.896323,2024-07-11,4
111797,4,109.406829,-6.896307,2024-07-11,4
111798,4,109.406678,-6.896293,2024-07-11,4
111799,4,109.406508,-6.896276,2024-07-11,4
111800,4,109.430259,-6.896253,2024-07-11,4
111801,4,109.430025,-6.896253,2024-07-11,4
111802,4,109.429784,-6.896251,2024-07-11,4
111803,4,109.42954,-6.896248,2024-07-11,4
111804,4,109.406304,-6.896256,2024-07-11,4
111805,4,109.406042,-6.896318,2024-07-11,4
111806,4,109.407374,-6.896227,2024-07-11,4
111807,4,109.407261,-6.89622,2024-07-11,4
111808,4,109.406999,-6.89616,2024-07-11,4
111809,4,109.406841,-6.896144,2024-07-11,4
111810,4,109.406692,-6.89613,2024-07-11,4
111811,4,109.406522,-6.896112,2024-07-11,4
111812,4,109.43026,-6.896093,2024-07-11,4
111813,4,109.430027,-6.896091,2024-07-11,4
111814,4,109.429782,-6.896087,2024-07-11,4
111815,4,109.406315,-6.896092,2024-07-11,4
111816,4,109.429535,-6.896083,2024-07-11,4
111817,4,109.407385,-6.896061,2024-07-11,4
111818,4,109.407271,-6.89605,2024-07-11,4
111819,4,109.407011,-6.895995,2024-07-11,4
111820,4,109.406122,-6.89604,2024-07-11,4
111821,4,109.406852,-6.89598,2024-07-11,4
111822,4,109.405988,-6.896027,2024-07-11,4
111823,4,109.406703,-6.895965,2024-07-11,4
111824,4,109.406534,-6.895949,2024-07-11,4
111830,4,109.406326,-6.895928,2024-07-11,4
111831,4,109.407023,-6.895826,2024-07-11,4
111832,4,109.406863,-6.895811,2024-07-11,4
111834,4,109.406713,-6.895798,2024-07-11,4
111838,4,109.406544,-6.895783,2024-07-11,4
111842,4,109.406336,-6.895765,2024-07-11,4
111849,4,109.406139,-6.895752,2024-07-11,4
111852,4,109.406005,-6.895742,2024-07-11,4
111853,4,109.407034,-6.895654,2024-07-11,4
111854,4,109.406875,-6.895642,2024-07-11,4
111856,4,109.406724,-6.895629,2024-07-11,4
111860,4,109.406549,-6.895616,2024-07-11,4
111865,4,109.40634,-6.895599,2024-07-11,4
111870,4,109.406965,-6.895486,2024-07-11,4
111871,4,109.406736,-6.895468,2024-07-11,4
111874,4,109.406561,-6.895454,2024-07-11,4
111880,4,109.406352,-6.895437,2024-07-11,4
111883,4,109.406155,-6.895475,2024-07-11,4
111886,4,109.406021,-6.895462,2024-07-11,4
111913,4,109.430272,-6.894833,2024-07-11,4
111914,4,109.430053,-6.89483,2024-07-11,4
111920,4,109.429829,-6.894826,2024-07-11,4
111921,4,109.429648,-6.894822,2024-07-11,4
111922,4,109.429474,-6.89482,2024-07-11,4
111923,4,109.430055,-6.894688,2024-07-11,4
111924,4,109.429831,-6.894684,2024-07-11,4
111925,4,109.42964,-6.894681,2024-07-11,4
111926,4,109.430271,-6.894686,2024-07-11,4
111927,4,109.429476,-6.894675,2024-07-11,4
111929,4,109.430272,-6.894547,2024-07-11,4
111930,4,109.430056,-6.894544,2024-07-11,4
111931,4,109.429827,-6.894541,2024-07-11,4
111932,4,109.429637,-6.894538,2024-07-11,4
111933,4,109.429466,-6.894536,2024-07-11,4
111939,4,109.430267,-6.894417,2024-07-11,4
111941,4,109.430054,-6.894405,2024-07-11,4
111942,4,109.429824,-6.894401,2024-07-11,4
111943,4,109.429633,-6.894399,2024-07-11,4
111944,4,109.429463,-6.894397,2024-07-11,4
111948,4,109.429472,-6.894289,2024-07-11,4
111949,4,109.43019,-6.894289,2024-07-11,4
111950,4,109.429631,-6.894282,2024-07-11,4
111951,4,109.43005,-6.894288,2024-07-11,4
111952,4,109.429822,-6.894274,2024-07-11,4
57991,3,109.411611,-7.426361,2024-07-11,5
58467,3,109.487652,-7.715784,2024-07-11,5
58562,3,109.411658,-7.426606,2024-07-11,5
58563,3,109.412111,-7.426607,2024-07-11,5
58571,3,109.411659,-7.426154,2024-07-11,5
58572,3,109.412112,-7.426155,2024-07-11,5
58587,3,109.052597,-6.981273,2024-07-11,5
61207,3,109.487735,-7.715842,2024-07-11,5
61836,3,109.411941,-7.426895,2024-07-11,5
61842,3,109.411867,-7.426886,2024-07-11,5
61845,3,109.411796,-7.426877,2024-07-11,5
61850,3,109.411668,-7.426859,2024-07-11,5
61855,3,109.411527,-7.426841,2024-07-11,5
61857,3,109.411431,-7.42683,2024-07-11,5
61858,3,109.411378,-7.426822,2024-07-11,5
61866,3,109.412286,-7.426848,2024-07-11,5
61867,3,109.412224,-7.426842,2024-07-11,5
61871,3,109.412145,-7.42683,2024-07-11,5
61874,3,109.412067,-7.426829,2024-07-11,5
61876,3,109.412014,-7.426814,2024-07-11,5
61879,3,109.411952,-7.426805,2024-07-11,5
61885,3,109.411866,-7.426787,2024-07-11,5
61886,3,109.411772,-7.426775,2024-07-11,5
61891,3,109.411666,-7.426754,2024-07-11,5
61898,3,109.411543,-7.426735,2024-07-11,5
61900,3,109.411449,-7.426719,2024-07-11,5
61903,3,109.411391,-7.426705,2024-07-11,5
61924,3,109.412317,-7.426627,2024-07-11,5
61927,3,109.412258,-7.426623,2024-07-11,5
61931,3,109.412179,-7.426613,2024-07-11,5
61935,3,109.412102,-7.426593,2024-07-11,5
61937,3,109.412022,-7.426591,2024-07-11,5
61939,3,109.41192,-7.426562,2024-07-11,5
61941,3,109.411817,-7.426555,2024-07-11,5
61947,3,109.411701,-7.426534,2024-07-11,5
61953,3,109.411577,-7.426517,2024-07-11,5
61958,3,109.411487,-7.426503,2024-07-11,5
61962,3,109.411421,-7.426478,2024-07-11,5
61986,3,109.412335,-7.426351,2024-07-11,5
61990,3,109.411608,-7.426306,2024-07-11,5
61991,3,109.412236,-7.426337,2024-07-11,5
61992,3,109.411412,-7.42624,2024-07-11,5
61997,3,109.412156,-7.426324,2024-07-11,5
62001,3,109.412074,-7.426318,2024-07-11,5
62006,3,109.411978,-7.426302,2024-07-11,5
62014,3,109.411867,-7.426285,2024-07-11,5
62038,3,109.41163,-7.426173,2024-07-11,5
62039,3,109.412371,-7.426153,2024-07-11,5
62040,3,109.411426,-7.426133,2024-07-11,5
62043,3,109.412267,-7.426138,2024-07-11,5
62046,3,109.412182,-7.426129,2024-07-11,5
62047,3,109.412097,-7.426118,2024-07-11,5
62049,3,109.412006,-7.426108,2024-07-11,5
62053,3,109.411796,-7.426078,2024-07-11,5
62054,3,109.412391,-7.426045,2024-07-11,5
62056,3,109.412269,-7.426031,2024-07-11,5
62059,3,109.412164,-7.426021,2024-07-11,5
62060,3,109.411546,-7.426041,2024-07-11,5
62061,3,109.411441,-7.426021,2024-07-11,5
62062,3,109.412065,-7.426011,2024-07-11,5
62066,3,109.411876,-7.42599,2024-07-11,5
62070,3,109.411588,-7.425957,2024-07-11,5
62170,3,109.052823,-6.982463,2024-07-11,5
62171,3,109.052541,-6.982452,2024-07-11,5
62206,3,109.053791,-6.981432,2024-07-11,5
62207,3,109.053634,-6.981423,2024-07-11,5
62208,3,109.053474,-6.981412,2024-07-11,5
62209,3,109.053284,-6.981398,2024-07-11,5
62210,3,109.052946,-6.981373,2024-07-11,5
62211,3,109.052628,-6.981349,2024-07-11,5
62218,3,109.052946,-6.981087,2024-07-11,5
62219,3,109.052637,-6.981069,2024-07-11,5
62220,3,109.053792,-6.981095,2024-07-11,5
62221,3,109.053623,-6.981083,2024-07-11,5
62222,3,109.053351,-6.981065,2024-07-11,5
62223,3,109.052945,-6.980989,2024-07-11,5
62224,3,109.05264,-6.980968,2024-07-11,5
110166,4,109.093331,-6.969928,2024-07-11,5
110169,4,109.052872,-6.995378,2024-07-11,5
110170,4,109.052519,-6.995586,2024-07-11,5
110180,4,109.052478,-6.994253,2024-07-11,5
110295,4,109.05344,-6.996194,2024-07-11,5
110296,4,109.053892,-6.996196,2024-07-11,5
110297,4,109.052537,-6.995738,2024-07-11,5
110298,4,109.052989,-6.99574,2024-07-11,5
110299,4,109.053442,-6.995742,2024-07-11,5
110300,4,109.053894,-6.995744,2024-07-11,5
110302,4,109.052991,-6.995288,2024-07-11,5
110308,4,109.053447,-6.994386,2024-07-11,5
110309,4,109.0539,-6.994388,2024-07-11,5
110312,4,109.053449,-6.993934,2024-07-11,5
110313,4,109.053902,-6.993936,2024-07-11,5
110314,4,109.054354,-6.993938,2024-07-11,5
110317,4,109.053451,-6.993482,2024-07-11,5
110318,4,109.093807,-6.971496,2024-07-11,5
110319,4,109.094259,-6.971498,2024-07-11,5
110320,4,109.094712,-6.9715,2024-07-11,5
110321,4,109.095164,-6.971502,2024-07-11,5
110322,4,109.093356,-6.971042,2024-07-11,5
110323,4,109.093809,-6.971044,2024-07-11,5
110324,4,109.094261,-6.971046,2024-07-11,5
110325,4,109.094713,-6.971048,2024-07-11,5
110326,4,109.095166,-6.97105,2024-07-11,5
110327,4,109.093358,-6.97059,2024-07-11,5
110328,4,109.09381,-6.970592,2024-07-11,5
110329,4,109.094263,-6.970594,2024-07-11,5
110330,4,109.094715,-6.970596,2024-07-11,5
110331,4,109.095168,-6.970598,2024-07-11,5
110332,4,109.09336,-6.970138,2024-07-11,5
110333,4,109.093812,-6.97014,2024-07-11,5
110334,4,109.094265,-6.970142,2024-07-11,5
110335,4,109.094717,-6.970144,2024-07-11,5
110336,4,109.093362,-6.969686,2024-07-11,5
110337,4,109.093814,-6.969688,2024-07-11,5
110338,4,109.094266,-6.96969,2024-07-11,5
110339,4,109.094719,-6.969692,2024-07-11,5
111145,4,109.053733,-6.996248,2024-07-11,5
111146,4,109.053502,-6.996198,2024-07-11,5
111147,4,109.054174,-6.996183,2024-07-11,5
111148,4,109.05399,-6.996178,2024-07-11,5
111149,4,109.053251,-6.996155,2024-07-11,5
111150,4,109.05376,-6.996136,2024-07-11,5
111151,4,109.053004,-6.996101,2024-07-11,5
111152,4,109.052769,-6.996051,2024-07-11,5
111153,4,109.053517,-6.996089,2024-07-11,5
111154,4,109.054189,-6.996069,2024-07-11,5
111155,4,109.052548,-6.996006,2024-07-11,5
111156,4,109.052422,-6.995979,2024-07-11,5
111157,4,109.053265,-6.99604,2024-07-11,5
111158,4,109.054013,-6.996035,2024-07-11,5
111159,4,109.053017,-6.995992,2024-07-11,5
111160,4,109.05378,-6.995991,2024-07-11,5
111161,4,109.052783,-6.995948,2024-07-11,5
111162,4,109.053536,-6.995944,2024-07-11,5
111163,4,109.054205,-6.995922,2024-07-11,5
111164,4,109.052559,-6.995906,2024-07-11,5
111165,4,109.053296,-6.995899,2024-07-11,5
111166,4,109.054033,-6.995886,2024-07-11,5
111167,4,109.052353,-6.995864,2024-07-11,5
111168,4,109.05305,-6.995853,2024-07-11,5
111169,4,109.053806,-6.995839,2024-07-11,5
111170,4,109.0528,-6.995806,2024-07-11,5
111171,4,109.053605,-6.995799,2024-07-11,5
111172,4,109.054207,-6.995776,2024-07-11,5
111173,4,109.052576,-6.995765,2024-07-11,5
111174,4,109.054226,-6.995678,2024-07-11,5
111175,4,109.052364,-6.995725,2024-07-11,5
111176,4,109.053356,-6.995746,2024-07-11,5
111177,4,109.053068,-6.995687,2024-07-11,5
111178,4,109.053934,-6.995689,2024-07-11,5
111179,4,109.052855,-6.995642,2024-07-11,5
111180,4,109.053611,-6.995625,2024-07-11,5
111181,4,109.052661,-6.995614,2024-07-11,5
111182,4,109.053501,-6.995601,2024-07-11,5
111183,4,109.052408,-6.995581,2024-07-11,5
111184,4,109.053354,-6.995571,2024-07-11,5
111185,4,109.054239,-6.99555,2024-07-11,5
111186,4,109.053143,-6.995527,2024-07-11,5
111187,4,109.05294,-6.995483,2024-07-11,5
111188,4,109.054009,-6.995506,2024-07-11,5
111189,4,109.053762,-6.995462,2024-07-11,5
111190,4,109.052728,-6.995435,2024-07-11,5
111192,4,109.053597,-6.995433,2024-07-11,5
111194,4,109.053373,-6.995393,2024-07-11,5
111196,4,109.053161,-6.995353,2024-07-11,5
111198,4,109.052956,-6.995313,2024-07-11,5
111201,4,109.052745,-6.995244,2024-07-11,5
111208,4,109.05276,-6.995075,2024-07-11,5
111217,4,109.054298,-6.994953,2024-07-11,5
111219,4,109.054147,-6.994943,2024-07-11,5
111220,4,109.053888,-6.994927,2024-07-11,5
111221,4,109.053648,-6.994912,2024-07-11,5
111222,4,109.053434,-6.994899,2024-07-11,5
111223,4,109.053119,-6.99488,2024-07-11,5
111224,4,109.052776,-6.994917,2024-07-11,5
111227,4,109.054189,-6.99474,2024-07-11,5
111228,4,109.053973,-6.994729,2024-07-11,5
111229,4,109.053826,-6.994722,2024-07-11,5
111230,4,109.053687,-6.994715,2024-07-11,5
111231,4,109.05354,-6.994706,2024-07-11,5
111232,4,109.053362,-6.994696,2024-07-11,5
111233,4,109.053157,-6.994684,2024-07-11,5
111234,4,109.052404,-6.994658,2024-07-11,5
111238,4,109.054199,-6.994582,2024-07-11,5
111239,4,109.053988,-6.994563,2024-07-11,5
111240,4,109.052412,-6.994531,2024-07-11,5
111241,4,109.054306,-6.994493,2024-07-11,5
111242,4,109.053841,-6.99455,2024-07-11,5
111243,4,109.054177,-6.994479,2024-07-11,5
111244,4,109.053704,-6.994538,2024-07-11,5
111245,4,109.054,-6.994459,2024-07-11,5
111246,4,109.053558,-6.994523,2024-07-11,5
111248,4,109.053379,-6.994507,2024-07-11,5
111249,4,109.053168,-6.994492,2024-07-11,5
111253,4,109.052421,-6.994406,2024-07-11,5
111254,4,109.054315,-6.994368,2024-07-11,5
111255,4,109.054187,-6.994353,2024-07-11,5
111256,4,109.054011,-6.994335,2024-07-11,5
111257,4,109.053861,-6.994345,2024-07-11,5
111258,4,109.053725,-6.994332,2024-07-11,5
111260,4,109.05358,-6.994316,2024-07-11,5
111261,4,109.053445,-6.994301,2024-07-11,5
111262,4,109.052432,-6.99426,2024-07-11,5
111265,4,109.054329,-6.994175,2024-07-11,5
111266,4,109.054205,-6.994151,2024-07-11,5
111267,4,109.054031,-6.994122,2024-07-11,5
111269,4,109.052446,-6.994075,2024-07-11,5
111270,4,109.053884,-6.994099,2024-07-11,5
111273,4,109.053748,-6.994081,2024-07-11,5
111274,4,109.053603,-6.994058,2024-07-11,5
111275,4,109.054297,-6.993987,2024-07-11,5
111276,4,109.053463,-6.994037,2024-07-11,5
111277,4,109.054123,-6.993954,2024-07-11,5
111278,4,109.053929,-6.993916,2024-07-11,5
111281,4,109.052352,-6.993864,2024-07-11,5
111282,4,109.054305,-6.993831,2024-07-11,5
111283,4,109.054132,-6.993813,2024-07-11,5
111284,4,109.053867,-6.993785,2024-07-11,5
111285,4,109.053646,-6.993816,2024-07-11,5
111286,4,109.053503,-6.993794,2024-07-11,5
111292,4,109.05371,-6.993647,2024-07-11,5
111299,4,109.053331,-6.993875,2024-07-11,5
111303,4,109.05369,-6.993465,2024-07-11,5
111304,4,109.053524,-6.993525,2024-07-11,5
111305,4,109.053636,-6.993275,2024-07-11,5
111306,4,109.053175,-6.993844,2024-07-11,5
111307,4,109.094674,-6.97147,2024-07-11,5
111308,4,109.094885,-6.971471,2024-07-11,5
111309,4,109.095234,-6.971456,2024-07-11,5
111310,4,109.0938,-6.971474,2024-07-11,5
111311,4,109.094072,-6.971439,2024-07-11,5
111312,4,109.094336,-6.971439,2024-07-11,5
111313,4,109.094528,-6.971441,2024-07-11,5
111314,4,109.095071,-6.971439,2024-07-11,5
111315,4,109.093304,-6.971422,2024-07-11,5
111316,4,109.094888,-6.971391,2024-07-11,5
111318,4,109.095245,-6.971325,2024-07-11,5
111319,4,109.095404,-6.971304,2024-07-11,5
111320,4,109.094685,-6.971318,2024-07-11,5
111321,4,109.094539,-6.971292,2024-07-11,5
111322,4,109.094345,-6.971287,2024-07-11,5
111323,4,109.09408,-6.971284,2024-07-11,5
111324,4,109.093815,-6.97133,2024-07-11,5
111325,4,109.093311,-6.971269,2024-07-11,5
111326,4,109.093763,-6.971231,2024-07-11,5
111327,4,109.094912,-6.971275,2024-07-11,5
111328,4,109.095081,-6.97127,2024-07-11,5
111329,4,109.095252,-6.971194,2024-07-11,5
111331,4,109.095406,-6.971187,2024-07-11,5
111332,4,109.094445,-6.971103,2024-07-11,5
111333,4,109.094551,-6.97111,2024-07-11,5
111334,4,109.09469,-6.971108,2024-07-11,5
111335,4,109.093911,-6.971089,2024-07-11,5
111336,4,109.094301,-6.971097,2024-07-11,5
111337,4,109.095256,-6.97106,2024-07-11,5
111338,4,109.094096,-6.971091,2024-07-11,5
111339,4,109.093325,-6.971083,2024-07-11,5
111340,4,109.094913,-6.971096,2024-07-11,5
111341,4,109.09509,-6.971078,2024-07-11,5
111342,4,109.093773,-6.971059,2024-07-11,5
111344,4,109.094563,-6.970914,2024-07-11,5
111345,4,109.094458,-6.970909,2024-07-11,5
111346,4,109.094305,-6.970903,2024-07-11,5
111347,4,109.094103,-6.9709,2024-07-11,5
111348,4,109.093921,-6.970901,2024-07-11,5
111349,4,109.095262,-6.970894,2024-07-11,5
111350,4,109.095017,-6.97088,2024-07-11,5
111351,4,109.095102,-6.970886,2024-07-11,5
111352,4,109.094877,-6.970897,2024-07-11,5
111353,4,109.093338,-6.970881,2024-07-11,5
111354,4,109.094693,-6.97089,2024-07-11,5
111355,4,109.093788,-6.970838,2024-07-11,5
111357,4,109.093943,-6.970744,2024-07-11,5
111358,4,109.093348,-6.97073,2024-07-11,5
111359,4,109.094113,-6.970745,2024-07-11,5
111360,4,109.094308,-6.970737,2024-07-11,5
111361,4,109.095265,-6.970716,2024-07-11,5
111362,4,109.095112,-6.970695,2024-07-11,5
111363,4,109.094476,-6.970628,2024-07-11,5
111364,4,109.094576,-6.970685,2024-07-11,5
111365,4,109.095027,-6.97069,2024-07-11,5
111366,4,109.094722,-6.970681,2024-07-11,5
111367,4,109.094905,-6.970684,2024-07-11,5
111368,4,109.093613,-6.970617,2024-07-11,5
111369,4,109.094257,-6.97058,2024-07-11,5
111370,4,109.093887,-6.970585,2024-07-11,5
111371,4,109.09412,-6.970584,2024-07-11,5
111372,4,109.093356,-6.970579,2024-07-11,5
111373,4,109.094584,-6.970516,2024-07-11,5
111374,4,109.094701,-6.97051,2024-07-11,5
111375,4,109.09482,-6.9705,2024-07-11,5
111376,4,109.094915,-6.9705,2024-07-11,5
111377,4,109.093625,-6.970483,2024-07-11,5
111378,4,109.095037,-6.9705,2024-07-11,5
111379,4,109.09448,-6.970501,2024-07-11,5
111380,4,109.095121,-6.970502,2024-07-11,5
111381,4,109.095271,-6.970516,2024-07-11,5
111382,4,109.093635,-6.970363,2024-07-11,5
111383,4,109.09337,-6.970391,2024-07-11,5
111384,4,109.094351,-6.970479,2024-07-11,5
111385,4,109.094264,-6.97039,2024-07-11,5
111386,4,109.094128,-6.970385,2024-07-11,5
111387,4,109.093903,-6.970382,2024-07-11,5
111388,4,109.094924,-6.97032,2024-07-11,5
111389,4,109.094829,-6.970315,2024-07-11,5
111390,4,109.09449,-6.970309,2024-07-11,5
111391,4,109.094591,-6.970329,2024-07-11,5
111392,4,109.094702,-6.970319,2024-07-11,5
111393,4,109.093643,-6.97024,2024-07-11,5
111394,4,109.093383,-6.970229,2024-07-11,5
111395,4,109.094137,-6.970208,2024-07-11,5
111396,4,109.093917,-6.970203,2024-07-11,5
111397,4,109.094274,-6.970174,2024-07-11,5
111398,4,109.094365,-6.97016,2024-07-11,5
111399,4,109.094509,-6.970118,2024-07-11,5
111400,4,109.094706,-6.970113,2024-07-11,5
111401,4,109.094838,-6.970109,2024-07-11,5
111402,4,109.094933,-6.970112,2024-07-11,5
111403,4,109.093658,-6.970076,2024-07-11,5
111404,4,109.093399,-6.970065,2024-07-11,5
111405,4,109.094143,-6.970053,2024-07-11,5
111406,4,109.093928,-6.970046,2024-07-11,5
111407,4,109.094845,-6.969963,2024-07-11,5
111408,4,109.094938,-6.969962,2024-07-11,5
111409,4,109.093153,-6.96997,2024-07-11,5
111410,4,109.093675,-6.969917,2024-07-11,5
111411,4,109.093416,-6.969903,2024-07-11,5
111412,4,109.093943,-6.96989,2024-07-11,5
111413,4,109.094152,-6.969894,2024-07-11,5
111414,4,109.094285,-6.96994,2024-07-11,5
111415,4,109.094476,-6.969919,2024-07-11,5
111416,4,109.09317,-6.969831,2024-07-11,5
111417,4,109.093427,-6.969752,2024-07-11,5
111418,4,109.093203,-6.969716,2024-07-11,5
111419,4,109.093685,-6.969759,2024-07-11,5
111420,4,109.093955,-6.969742,2024-07-11,5
111421,4,109.09416,-6.969741,2024-07-11,5
111422,4,109.094294,-6.969738,2024-07-11,5
111423,4,109.094483,-6.969735,2024-07-11,5
111424,4,109.094686,-6.969854,2024-07-11,5
57983,3,108.891528,-6.922556,2024-07-11,6
57987,3,109.053413,-6.9813,2024-07-11,6
58503,3,109.151793,-7.615013,2024-07-11,6
58506,3,109.152701,-7.614565,2024-07-11,6
58586,3,109.0535,-6.981729,2024-07-11,6
58589,3,109.053502,-6.981277,2024-07-11,6
58590,3,109.052599,-6.980821,2024-07-11,6
58591,3,109.053051,-6.980823,2024-07-11,6
58592,3,109.053503,-6.980825,2024-07-11,6
58609,3,108.890901,-6.922722,2024-07-11,6
58610,3,108.891353,-6.922724,2024-07-11,6
58611,3,108.891806,-6.922726,2024-07-11,6
58612,3,108.890903,-6.92227,2024-07-11,6
58613,3,108.891355,-6.922272,2024-07-11,6
58614,3,108.891808,-6.922274,2024-07-11,6
61406,3,109.151684,-7.61491,2024-07-11,6
61407,3,109.152833,-7.614844,2024-07-11,6
61410,3,109.152468,-7.614836,2024-07-11,6
61411,3,109.152587,-7.614829,2024-07-11,6
61415,3,109.152698,-7.614536,2024-07-11,6
61417,3,109.152813,-7.614543,2024-07-11,6
61418,3,109.152566,-7.614523,2024-07-11,6
61421,3,109.151644,-7.614228,2024-07-11,6
61425,3,109.152548,-7.614261,2024-07-11,6
62168,3,109.053645,-6.982489,2024-07-11,6
62169,3,109.053364,-6.982475,2024-07-11,6
62172,3,109.053173,-6.982465,2024-07-11,6
62173,3,109.053794,-6.982403,2024-07-11,6
62174,3,109.0536,-6.982391,2024-07-11,6
62175,3,109.052825,-6.982355,2024-07-11,6
62176,3,109.052545,-6.982339,2024-07-11,6
62178,3,109.053134,-6.982323,2024-07-11,6
62181,3,109.053264,-6.982135,2024-07-11,6
62189,3,109.053483,-6.981732,2024-07-11,6
62212,3,109.053799,-6.981265,2024-07-11,6
62213,3,109.053655,-6.981258,2024-07-11,6
62214,3,109.05348,-6.981246,2024-07-11,6
62215,3,109.053275,-6.981232,2024-07-11,6
62225,3,109.053822,-6.980921,2024-07-11,6
62226,3,109.053701,-6.980913,2024-07-11,6
62227,3,109.053546,-6.980901,2024-07-11,6
62228,3,109.053379,-6.980889,2024-07-11,6
62229,3,109.053158,-6.980872,2024-07-11,6
62230,3,109.052872,-6.980852,2024-07-11,6
62231,3,109.052646,-6.980835,2024-07-11,6
62232,3,109.053782,-6.980793,2024-07-11,6
62233,3,109.053548,-6.980777,2024-07-11,6
62234,3,109.053279,-6.980757,2024-07-11,6
62235,3,109.05294,-6.980732,2024-07-11,6
62236,3,109.052651,-6.980709,2024-07-11,6
62237,3,109.053774,-6.980687,2024-07-11,6
62238,3,109.053558,-6.980677,2024-07-11,6
62239,3,109.053379,-6.980669,2024-07-11,6
62240,3,109.053137,-6.980657,2024-07-11,6
62241,3,109.052858,-6.980642,2024-07-11,6
62242,3,109.052658,-6.980632,2024-07-11,6
62360,3,108.891413,-6.923092,2024-07-11,6
62361,3,108.891187,-6.923076,2024-07-11,6
62362,3,108.891012,-6.923064,2024-07-11,6
62363,3,108.890897,-6.923056,2024-07-11,6
62364,3,108.890755,-6.923045,2024-07-11,6
62365,3,108.891802,-6.923023,2024-07-11,6
62366,3,108.891399,-6.92299,2024-07-11,6
62367,3,108.890992,-6.922941,2024-07-11,6
62368,3,108.890761,-6.922913,2024-07-11,6
62369,3,108.891863,-6.922864,2024-07-11,6
62370,3,108.891608,-6.922839,2024-07-11,6
62371,3,108.891284,-6.922807,2024-07-11,6
62372,3,108.890904,-6.922774,2024-07-11,6
62373,3,108.890685,-6.922761,2024-07-11,6
62374,3,108.89187,-6.922678,2024-07-11,6
62375,3,108.891624,-6.922657,2024-07-11,6
62376,3,108.89129,-6.92263,2024-07-11,6
62377,3,108.890898,-6.922603,2024-07-11,6
62378,3,108.890681,-6.922616,2024-07-11,6
62379,3,108.890679,-6.922494,2024-07-11,6
62380,3,108.891761,-6.922488,2024-07-11,6
62381,3,108.891334,-6.92246,2024-07-11,6
62382,3,108.890981,-6.922437,2024-07-11,6
62383,3,108.890766,-6.922423,2024-07-11,6
62384,3,108.891762,-6.922323,2024-07-11,6
62385,3,108.891334,-6.922302,2024-07-11,6
62386,3,108.890977,-6.922281,2024-07-11,6
62387,3,108.890763,-6.92227,2024-07-11,6
62388,3,108.891763,-6.92215,2024-07-11,6
62389,3,108.891369,-6.922138,2024-07-11,6
62390,3,108.891047,-6.922128,2024-07-11,6
62391,3,108.890798,-6.922119,2024-07-11,6
62392,3,108.891855,-6.921975,2024-07-11,6
62393,3,108.891615,-6.921973,2024-07-11,6
62394,3,108.891326,-6.921969,2024-07-11,6
62395,3,108.891045,-6.921966,2024-07-11,6
62396,3,108.890799,-6.921963,2024-07-11,6
62397,3,108.891855,-6.92186,2024-07-11,6
62398,3,108.891217,-6.921858,2024-07-11,6
62529,3,109.45025,-7.595639,2024-07-11,2
62992,3,109.48765,-7.716237,2024-07-11,2
62993,3,109.488103,-7.716238,2024-07-11,2
62994,3,109.488557,-7.71624,2024-07-11,2
62995,3,109.48901,-7.716241,2024-07-11,2
62998,3,109.488558,-7.715788,2024-07-11,2
63002,3,109.48856,-7.715336,2024-07-11,2
63003,3,109.489013,-7.715337,2024-07-11,2
63006,3,109.488562,-7.714883,2024-07-11,2
63007,3,109.489015,-7.714885,2024-07-11,2
63045,3,109.450012,-7.595837,2024-07-11,2
63046,3,109.450465,-7.595838,2024-07-11,2
63050,3,109.450013,-7.595385,2024-07-11,2
63051,3,109.450466,-7.595386,2024-07-11,2
65708,3,109.488097,-7.716453,2024-07-11,2
65710,3,109.488407,-7.716455,2024-07-11,2
65712,3,109.488317,-7.716353,2024-07-11,2
65713,3,109.489262,-7.716273,2024-07-11,2
65714,3,109.487706,-7.716263,2024-07-11,2
65715,3,109.48799,-7.716254,2024-07-11,2
65716,3,109.489176,-7.716232,2024-07-11,2
65717,3,109.489281,-7.716204,2024-07-11,2
65718,3,109.488319,-7.716229,2024-07-11,2
65719,3,109.488844,-7.716321,2024-07-11,2
65720,3,109.489278,-7.716139,2024-07-11,2
65721,3,109.489163,-7.716138,2024-07-11,2
65723,3,109.489273,-7.716068,2024-07-11,2
65724,3,109.487694,-7.716115,2024-07-11,2
65725,3,109.488744,-7.716054,2024-07-11,2
65726,3,109.489145,-7.716038,2024-07-11,2
65727,3,109.489266,-7.715997,2024-07-11,2
65728,3,109.488331,-7.716064,2024-07-11,2
65729,3,109.488656,-7.715982,2024-07-11,2
65730,3,109.487687,-7.715965,2024-07-11,2
65731,3,109.489262,-7.715923,2024-07-11,2
65733,3,109.48901,-7.715938,2024-07-11,2
65735,3,109.48926,-7.715849,2024-07-11,2
65738,3,109.48862,-7.715822,2024-07-11,2
65741,3,109.489257,-7.715744,2024-07-11,2
65743,3,109.488061,-7.715697,2024-07-11,2
65744,3,109.489255,-7.715602,2024-07-11,2
65745,3,109.488566,-7.715672,2024-07-11,2
65748,3,109.488976,-7.715587,2024-07-11,2
65750,3,109.489247,-7.715383,2024-07-11,2
65751,3,109.48888,-7.715424,2024-07-11,2
65753,3,109.488449,-7.715437,2024-07-11,2
65754,3,109.487579,-7.715381,2024-07-11,2
65757,3,109.488858,-7.715285,2024-07-11,2
65758,3,109.489235,-7.715231,2024-07-11,2
65759,3,109.487941,-7.7153,2024-07-11,2
65761,3,109.488219,-7.715111,2024-07-11,2
65767,3,109.488849,-7.714878,2024-07-11,2
65772,3,109.488376,-7.714977,2024-07-11,2
65773,3,109.488566,-7.714856,2024-07-11,2
65774,3,109.488819,-7.714746,2024-07-11,2
65775,3,109.489087,-7.714764,2024-07-11,2
65976,3,109.450091,-7.595984,2024-07-11,2
65977,3,109.450427,-7.595949,2024-07-11,2
65980,3,109.450004,-7.595965,2024-07-11,2
65981,3,109.450327,-7.595949,2024-07-11,2
65982,3,109.450136,-7.595908,2024-07-11,2
65983,3,109.450175,-7.59594,2024-07-11,2
65984,3,109.450236,-7.595939,2024-07-11,2
65989,3,109.450113,-7.595818,2024-07-11,2
65991,3,109.449894,-7.595872,2024-07-11,2
66005,3,109.449963,-7.595739,2024-07-11,2
66007,3,109.449982,-7.595651,2024-07-11,2
66011,3,109.450141,-7.595608,2024-07-11,2
66013,3,109.450002,-7.595631,2024-07-11,2
66018,3,109.450558,-7.59572,2024-07-11,2
66020,3,109.450536,-7.595588,2024-07-11,2
66023,3,109.450554,-7.595566,2024-07-11,2
66025,3,109.450561,-7.595519,2024-07-11,2
66026,3,109.450029,-7.595584,2024-07-11,2
66028,3,109.450272,-7.595471,2024-07-11,2
66030,3,109.450229,-7.595552,2024-07-11,2
66031,3,109.450577,-7.595465,2024-07-11,2
66032,3,109.449965,-7.595477,2024-07-11,2
66036,3,109.450223,-7.59538,2024-07-11,2
66042,3,109.449968,-7.595375,2024-07-11,2
66044,3,109.449985,-7.595268,2024-07-11,2
66045,3,109.450046,-7.595246,2024-07-11,2
66046,3,109.450115,-7.59524,2024-07-11,2
66048,3,109.450273,-7.595344,2024-07-11,2
66049,3,109.450301,-7.595305,2024-07-11,2
66050,3,109.450337,-7.595302,2024-07-11,2
66051,3,109.450371,-7.595286,2024-07-11,2
66052,3,109.450419,-7.595265,2024-07-11,2
66053,3,109.450483,-7.595264,2024-07-11,2
66055,3,109.450525,-7.595211,2024-07-11,2
66057,3,109.449861,-7.595118,2024-07-11,2
66061,3,109.450321,-7.595052,2024-07-11,2
66071,3,109.450112,-7.595038,2024-07-11,2
66072,3,109.45015,-7.595043,2024-07-11,2
66073,3,109.449905,-7.59505,2024-07-11,2
66075,3,109.4502,-7.595071,2024-07-11,2
66076,3,109.450066,-7.595033,2024-07-11,2
66077,3,109.45025,-7.595045,2024-07-11,2
66078,3,109.449996,-7.595039,2024-07-11,2
66964,3,109.488023,-7.716088,2024-07-11,2
112562,4,109.391089,-6.871089,2024-07-23,2
112563,4,109.391622,-6.870947,2024-07-23,2
112580,4,109.391567,-6.872022,2024-07-23,2
112581,4,109.429086,-6.895031,2024-07-23,2
112583,4,109.052806,-6.994267,2024-07-23,2
112613,4,109.411086,-7.444706,2024-07-23,2
112712,4,109.052995,-6.994384,2024-07-23,2
112716,4,109.052997,-6.993932,2024-07-23,2
112721,4,109.052999,-6.99348,2024-07-23,2
112856,4,109.429155,-6.895835,2024-07-23,2
112859,4,109.428704,-6.895381,2024-07-23,2
112862,4,109.428705,-6.894929,2024-07-23,2
112865,4,109.428707,-6.894477,2024-07-23,2
112884,4,109.380995,-6.873553,2024-07-23,2
112885,4,109.381448,-6.873555,2024-07-23,2
112886,4,109.3819,-6.873556,2024-07-23,2
112889,4,109.3905,-6.872229,2024-07-23,2
112890,4,109.390952,-6.87223,2024-07-23,2
112891,4,109.391405,-6.872232,2024-07-23,2
112892,4,109.391857,-6.872233,2024-07-23,2
112893,4,109.390501,-6.871777,2024-07-23,2
112894,4,109.390954,-6.871778,2024-07-23,2
112895,4,109.391406,-6.87178,2024-07-23,2
112896,4,109.391859,-6.871781,2024-07-23,2
112897,4,109.390051,-6.871323,2024-07-23,2
112898,4,109.390503,-6.871325,2024-07-23,2
112899,4,109.390955,-6.871326,2024-07-23,2
112900,4,109.391408,-6.871328,2024-07-23,2
112901,4,109.390052,-6.870871,2024-07-23,2
112902,4,109.390505,-6.870872,2024-07-23,2
112903,4,109.390957,-6.870874,2024-07-23,2
112904,4,109.391409,-6.870876,2024-07-23,2
112905,4,109.390054,-6.870419,2024-07-23,2
112906,4,109.390506,-6.87042,2024-07-23,2
112907,4,109.390958,-6.870422,2024-07-23,2
112908,4,109.391411,-6.870423,2024-07-23,2
113640,4,109.052953,-6.994673,2024-07-23,2
113641,4,109.05276,-6.994662,2024-07-23,2
113655,4,109.053009,-6.994484,2024-07-23,2
113656,4,109.052909,-6.994479,2024-07-23,2
113657,4,109.052772,-6.99447,2024-07-23,2
113668,4,109.052976,-6.994258,2024-07-23,2
113669,4,109.052789,-6.994246,2024-07-23,2
113676,4,109.052989,-6.994047,2024-07-23,2
113677,4,109.052803,-6.994036,2024-07-23,2
113692,4,109.052964,-6.993815,2024-07-23,2
113693,4,109.052818,-6.993807,2024-07-23,2
113698,4,109.053022,-6.993582,2024-07-23,2
113699,4,109.052834,-6.993571,2024-07-23,2
113705,4,109.052845,-6.993403,2024-07-23,2
113722,4,109.093542,-6.971421,2024-07-23,2
113735,4,109.093559,-6.971236,2024-07-23,2
113748,4,109.093577,-6.971021,2024-07-23,2
113761,4,109.093598,-6.970797,2024-07-23,2
114249,4,109.428911,-6.895767,2024-07-23,2
114250,4,109.429095,-6.89576,2024-07-23,2
114266,4,109.428486,-6.895606,2024-07-23,2
114268,4,109.428551,-6.895601,2024-07-23,2
114269,4,109.428646,-6.895597,2024-07-23,2
114271,4,109.428752,-6.895592,2024-07-23,2
114272,4,109.428856,-6.895587,2024-07-23,2
114273,4,109.428964,-6.895582,2024-07-23,2
114274,4,109.429114,-6.895575,2024-07-23,2
114282,4,109.428484,-6.895441,2024-07-23,2
114284,4,109.428547,-6.895435,2024-07-23,2
114286,4,109.428645,-6.895431,2024-07-23,2
114287,4,109.42875,-6.895426,2024-07-23,2
114289,4,109.428861,-6.895421,2024-07-23,2
114290,4,109.428968,-6.895415,2024-07-23,2
114297,4,109.428501,-6.895236,2024-07-23,2
114298,4,109.428619,-6.89523,2024-07-23,2
114299,4,109.428748,-6.895227,2024-07-23,2
114300,4,109.42885,-6.895222,2024-07-23,2
114301,4,109.428976,-6.895218,2024-07-23,2
114302,4,109.429123,-6.895211,2024-07-23,2
114313,4,109.4285,-6.895004,2024-07-23,2
114314,4,109.428618,-6.894999,2024-07-23,2
114315,4,109.428746,-6.894998,2024-07-23,2
114316,4,109.428839,-6.894995,2024-07-23,2
114317,4,109.428947,-6.894991,2024-07-23,2
114320,4,109.42852,-6.89482,2024-07-23,2
114321,4,109.428668,-6.894818,2024-07-23,2
114322,4,109.428837,-6.894815,2024-07-23,2
114323,4,109.428975,-6.894813,2024-07-23,2
114324,4,109.429126,-6.894812,2024-07-23,2
114333,4,109.428768,-6.894644,2024-07-23,2
114339,4,109.428526,-6.894502,2024-07-23,2
114340,4,109.428669,-6.894492,2024-07-23,2
114341,4,109.428834,-6.89448,2024-07-23,2
114342,4,109.428968,-6.894473,2024-07-23,2
114343,4,109.42853,-6.894401,2024-07-23,2
114345,4,109.428669,-6.894388,2024-07-23,2
114350,4,109.428836,-6.894374,2024-07-23,2
114351,4,109.428967,-6.894364,2024-07-23,2
114352,4,109.429132,-6.89435,2024-07-23,2
114462,4,109.382157,-6.873711,2024-07-23,2
114463,4,109.381111,-6.873649,2024-07-23,2
114464,4,109.382057,-6.873592,2024-07-23,2
114465,4,109.380852,-6.873628,2024-07-23,2
114466,4,109.381522,-6.873561,2024-07-23,2
114467,4,109.38108,-6.873531,2024-07-23,2
114472,4,109.382057,-6.873482,2024-07-23,2
114474,4,109.381531,-6.873449,2024-07-23,2
114478,4,109.381077,-6.873421,2024-07-23,2
114479,4,109.380853,-6.873438,2024-07-23,2
114482,4,109.391657,-6.872558,2024-07-23,2
114483,4,109.391138,-6.872574,2024-07-23,2
114484,4,109.391903,-6.872511,2024-07-23,2
114485,4,109.391282,-6.872553,2024-07-23,2
114486,4,109.391577,-6.872495,2024-07-23,2
114487,4,109.391012,-6.872489,2024-07-23,2
114488,4,109.391823,-6.872442,2024-07-23,2
114489,4,109.39127,-6.872433,2024-07-23,2
114490,4,109.392049,-6.872389,2024-07-23,2
114491,4,109.391541,-6.872372,2024-07-23,2
114492,4,109.390941,-6.872366,2024-07-23,2
114493,4,109.391798,-6.872315,2024-07-23,2
114494,4,109.391244,-6.872303,2024-07-23,2
114495,4,109.392036,-6.872261,2024-07-23,2
114496,4,109.39215,-6.872191,2024-07-23,2
114497,4,109.390805,-6.872256,2024-07-23,2
114498,4,109.391516,-6.872244,2024-07-23,2
114499,4,109.39041,-6.872327,2024-07-23,2
114500,4,109.39109,-6.872203,2024-07-23,2
114501,4,109.391773,-6.872189,2024-07-23,2
114502,4,109.390447,-6.872143,2024-07-23,2
114503,4,109.391357,-6.872149,2024-07-23,2
114504,4,109.392013,-6.872136,2024-07-23,2
114505,4,109.39214,-6.872101,2024-07-23,2
114506,4,109.390658,-6.872139,2024-07-23,2
114507,4,109.39086,-6.872103,2024-07-23,2
114508,4,109.391681,-6.872081,2024-07-23,2
114509,4,109.391053,-6.872067,2024-07-23,2
114510,4,109.391982,-6.87202,2024-07-23,2
114511,4,109.390145,-6.872033,2024-07-23,2
114512,4,109.391271,-6.872026,2024-07-23,2
114513,4,109.392128,-6.871985,2024-07-23,2
114514,4,109.390313,-6.872023,2024-07-23,2
114515,4,109.391498,-6.871983,2024-07-23,2
114516,4,109.390484,-6.871992,2024-07-23,2
114517,4,109.390652,-6.87197,2024-07-23,2
114518,4,109.391718,-6.87194,2024-07-23,2
114519,4,109.39196,-6.871894,2024-07-23,2
114520,4,109.392114,-6.871862,2024-07-23,2
114521,4,109.390811,-6.871913,2024-07-23,2
114522,4,109.390968,-6.87189,2024-07-23,2
114523,4,109.390136,-6.871843,2024-07-23,2
114524,4,109.390301,-6.871833,2024-07-23,2
114525,4,109.390467,-6.871802,2024-07-23,2
114526,4,109.390636,-6.871791,2024-07-23,2
114527,4,109.391954,-6.871753,2024-07-23,2
114528,4,109.392091,-6.871724,2024-07-23,2
114529,4,109.39113,-6.871799,2024-07-23,2
114530,4,109.391295,-6.871774,2024-07-23,2
114531,4,109.391452,-6.871755,2024-07-23,2
114532,4,109.390127,-6.871661,2024-07-23,2
114533,4,109.391612,-6.871732,2024-07-23,2
114534,4,109.390287,-6.871651,2024-07-23,2
114535,4,109.391772,-6.871704,2024-07-23,2
114536,4,109.390791,-6.871666,2024-07-23,2
114537,4,109.390453,-6.871624,2024-07-23,2
114538,4,109.39095,-6.871651,2024-07-23,2
114539,4,109.390622,-6.871611,2024-07-23,2
114540,4,109.391935,-6.8716,2024-07-23,2
114541,4,109.392075,-6.87157,2024-07-23,2
114542,4,109.390118,-6.871492,2024-07-23,2
114543,4,109.390277,-6.87148,2024-07-23,2
114544,4,109.391918,-6.871453,2024-07-23,2
114545,4,109.390441,-6.871453,2024-07-23,2
114546,4,109.390609,-6.87144,2024-07-23,2
114547,4,109.392059,-6.871425,2024-07-23,2
114548,4,109.390774,-6.871433,2024-07-23,2
114549,4,109.390933,-6.87142,2024-07-23,2
114550,4,109.391428,-6.871444,2024-07-23,2
114551,4,109.391105,-6.87146,2024-07-23,2
114552,4,109.391586,-6.871432,2024-07-23,2
114553,4,109.39127,-6.871445,2024-07-23,2
114554,4,109.391747,-6.871413,2024-07-23,2
114555,4,109.390109,-6.871314,2024-07-23,2
114556,4,109.390265,-6.871303,2024-07-23,2
114557,4,109.390429,-6.871285,2024-07-23,2
114558,4,109.390597,-6.871272,2024-07-23,2
114559,4,109.390759,-6.871232,2024-07-23,2
114560,4,109.390918,-6.871217,2024-07-23,2
114561,4,109.391408,-6.871187,2024-07-23,2
114562,4,109.391565,-6.871177,2024-07-23,2
114563,4,109.391726,-6.871168,2024-07-23,2
114564,4,109.391084,-6.871183,2024-07-23,2
114565,4,109.391248,-6.871167,2024-07-23,2
114566,4,109.390101,-6.871128,2024-07-23,2
114567,4,109.390255,-6.871117,2024-07-23,2
114568,4,109.390416,-6.871098,2024-07-23,2
114569,4,109.390583,-6.871084,2024-07-23,2
114570,4,109.390744,-6.871024,2024-07-23,2
114571,4,109.390904,-6.871009,2024-07-23,2
114572,4,109.391069,-6.870976,2024-07-23,2
114573,4,109.390092,-6.870952,2024-07-23,2
114574,4,109.390243,-6.870939,2024-07-23,2
114575,4,109.39123,-6.87095,2024-07-23,2
114576,4,109.391389,-6.870963,2024-07-23,2
114577,4,109.390403,-6.870919,2024-07-23,2
114578,4,109.391547,-6.870952,2024-07-23,2
114579,4,109.390569,-6.870906,2024-07-23,2
114580,4,109.391708,-6.870943,2024-07-23,2
114581,4,109.390729,-6.870821,2024-07-23,2
114582,4,109.390889,-6.870805,2024-07-23,2
114583,4,109.391055,-6.870788,2024-07-23,2
114584,4,109.391214,-6.870763,2024-07-23,2
114585,4,109.390082,-6.870749,2024-07-23,2
114586,4,109.390231,-6.870734,2024-07-23,2
114587,4,109.390388,-6.87072,2024-07-23,2
114588,4,109.391368,-6.870719,2024-07-23,2
114589,4,109.390553,-6.870703,2024-07-23,2
114590,4,109.391526,-6.870705,2024-07-23,2
114591,4,109.391687,-6.870692,2024-07-23,2
114592,4,109.390069,-6.870516,2024-07-23,2
114593,4,109.390216,-6.870504,2024-07-23,2
114594,4,109.390373,-6.870496,2024-07-23,2
114595,4,109.390536,-6.870486,2024-07-23,2
114596,4,109.390708,-6.87055,2024-07-23,2
114597,4,109.390867,-6.870535,2024-07-23,2
114598,4,109.391032,-6.870516,2024-07-23,2
114599,4,109.391191,-6.870497,2024-07-23,2
114600,4,109.391342,-6.870445,2024-07-23,2
114601,4,109.3915,-6.870422,2024-07-23,2
114602,4,109.391662,-6.870406,2024-07-23,2
114907,4,109.381615,-6.873678,2024-07-23,2
114908,4,109.381884,-6.873694,2024-07-23,2
114909,4,109.390193,-6.872225,2024-07-23,2
114910,4,109.390206,-6.872431,2024-07-23,2
114911,4,109.39085,-6.872543,2024-07-23,2
114912,4,109.390426,-6.872544,2024-07-23,2
114913,4,109.390668,-6.872542,2024-07-23,2
114914,4,109.390622,-6.872369,2024-07-23,2
114915,4,109.053055,-6.993827,2024-07-23,2
62517,3,108.985611,-7.153611,2024-07-11,3
62518,3,109.295694,-7.426111,2024-07-11,3
62519,3,109.352639,-7.434611,2024-07-11,3
62522,3,109.413361,-7.426667,2024-07-11,3
62523,3,109.375167,-7.504139,2024-07-11,3
62524,3,109.209417,-7.650194,2024-07-11,3
62525,3,109.295528,-7.649722,2024-07-11,3
62526,3,109.153,-7.613889,2024-07-11,3
62528,3,109.449389,-7.595722,2024-07-11,3
63008,3,109.208281,-7.650512,2024-07-11,3
63009,3,109.208734,-7.650513,2024-07-11,3
63010,3,109.209188,-7.650515,2024-07-11,3
63011,3,109.209641,-7.650517,2024-07-11,3
63012,3,109.208283,-7.650059,2024-07-11,3
63013,3,109.208736,-7.650061,2024-07-11,3
63014,3,109.209189,-7.650063,2024-07-11,3
63015,3,109.209643,-7.650065,2024-07-11,3
63016,3,109.208285,-7.649607,2024-07-11,3
63017,3,109.208738,-7.649609,2024-07-11,3
63018,3,109.209644,-7.649613,2024-07-11,3
63033,3,109.151795,-7.614561,2024-07-11,3
63037,3,109.15225,-7.614111,2024-07-11,3
63038,3,109.152703,-7.614112,2024-07-11,3
63042,3,109.448652,-7.595832,2024-07-11,3
63043,3,109.449105,-7.595834,2024-07-11,3
63044,3,109.449559,-7.595835,2024-07-11,3
63047,3,109.448654,-7.59538,2024-07-11,3
63048,3,109.449107,-7.595381,2024-07-11,3
63049,3,109.44956,-7.595383,2024-07-11,3
63052,3,109.448656,-7.594928,2024-07-11,3
63053,3,109.449109,-7.594929,2024-07-11,3
63054,3,109.449562,-7.594931,2024-07-11,3
63055,3,109.450015,-7.594933,2024-07-11,3
63056,3,109.450468,-7.594934,2024-07-11,3
63057,3,109.448657,-7.594476,2024-07-11,3
63058,3,109.44911,-7.594477,2024-07-11,3
63059,3,109.374681,-7.504687,2024-07-11,3
63060,3,109.375134,-7.504689,2024-07-11,3
63061,3,109.375587,-7.504691,2024-07-11,3
63062,3,109.37423,-7.504233,2024-07-11,3
63063,3,109.374683,-7.504235,2024-07-11,3
63064,3,109.375136,-7.504237,2024-07-11,3
63065,3,109.375589,-7.504238,2024-07-11,3
63066,3,109.374685,-7.503783,2024-07-11,3
63067,3,109.375138,-7.503785,2024-07-11,3
63068,3,109.375591,-7.503786,2024-07-11,3
63069,3,109.374686,-7.503331,2024-07-11,3
63070,3,109.352288,-7.435884,2024-07-11,3
63071,3,109.352741,-7.435885,2024-07-11,3
63072,3,109.353194,-7.435887,2024-07-11,3
63073,3,109.353647,-7.435889,2024-07-11,3
63074,3,109.35229,-7.435431,2024-07-11,3
63075,3,109.352743,-7.435433,2024-07-11,3
63076,3,109.353196,-7.435435,2024-07-11,3
63077,3,109.351839,-7.434978,2024-07-11,3
63078,3,109.352292,-7.434979,2024-07-11,3
63079,3,109.352745,-7.434981,2024-07-11,3
63080,3,109.353198,-7.434983,2024-07-11,3
63081,3,109.352746,-7.434529,2024-07-11,3
63082,3,109.2948,-7.427076,2024-07-11,3
63083,3,109.295253,-7.427078,2024-07-11,3
63084,3,109.295706,-7.42708,2024-07-11,3
63085,3,109.294801,-7.426624,2024-07-11,3
63086,3,109.295254,-7.426626,2024-07-11,3
63087,3,109.295707,-7.426628,2024-07-11,3
63088,3,109.294803,-7.426172,2024-07-11,3
63089,3,109.295256,-7.426174,2024-07-11,3
63090,3,109.295709,-7.426176,2024-07-11,3
63093,3,109.412564,-7.426609,2024-07-11,3
63094,3,109.413017,-7.426611,2024-07-11,3
63095,3,109.41347,-7.426612,2024-07-11,3
63097,3,109.294805,-7.42572,2024-07-11,3
63098,3,109.295258,-7.425722,2024-07-11,3
63099,3,109.295711,-7.425724,2024-07-11,3
63102,3,109.413018,-7.426158,2024-07-11,3
63105,3,108.985799,-7.153666,2024-07-11,3
63106,3,108.986251,-7.153668,2024-07-11,3
63107,3,108.985348,-7.153212,2024-07-11,3
63108,3,108.985801,-7.153214,2024-07-11,3
63109,3,108.986253,-7.153216,2024-07-11,3
63110,3,108.985803,-7.152762,2024-07-11,3
63117,3,109.053049,-6.981275,2024-07-11,3
63144,3,108.937078,-6.913432,2024-07-11,3
63148,3,108.937532,-6.912982,2024-07-11,3
63149,3,108.937985,-6.912984,2024-07-11,3
65776,3,109.209315,-7.650687,2024-07-11,3
65777,3,109.209393,-7.650685,2024-07-11,3
65778,3,109.209495,-7.650683,2024-07-11,3
65779,3,109.209614,-7.65068,2024-07-11,3
65780,3,109.20971,-7.650677,2024-07-11,3
65781,3,109.209794,-7.650675,2024-07-11,3
65782,3,109.209882,-7.650673,2024-07-11,3
65783,3,109.209943,-7.650671,2024-07-11,3
65784,3,109.20828,-7.650692,2024-07-11,3
65785,3,109.20834,-7.650689,2024-07-11,3
65786,3,109.208985,-7.650617,2024-07-11,3
65787,3,109.209046,-7.650616,2024-07-11,3
65788,3,109.208485,-7.650599,2024-07-11,3
65789,3,109.208407,-7.650599,2024-07-11,3
65790,3,109.208579,-7.650596,2024-07-11,3
65791,3,109.208335,-7.65055,2024-07-11,3
65792,3,109.208666,-7.650591,2024-07-11,3
65793,3,109.208749,-7.650532,2024-07-11,3
65794,3,109.20887,-7.650584,2024-07-11,3
65795,3,109.208275,-7.650539,2024-07-11,3
65796,3,109.209197,-7.650572,2024-07-11,3
65797,3,109.209139,-7.650572,2024-07-11,3
65798,3,109.20931,-7.650543,2024-07-11,3
65799,3,109.209388,-7.650541,2024-07-11,3
65800,3,109.20949,-7.650539,2024-07-11,3
65801,3,109.209608,-7.650536,2024-07-11,3
65802,3,109.209704,-7.650533,2024-07-11,3
65803,3,109.209788,-7.650533,2024-07-11,3
65804,3,109.209875,-7.650529,2024-07-11,3
65805,3,109.20994,-7.650524,2024-07-11,3
65806,3,109.209481,-7.650322,2024-07-11,3
65807,3,109.208268,-7.650289,2024-07-11,3
65808,3,109.208327,-7.650299,2024-07-11,3
65809,3,109.208396,-7.650297,2024-07-11,3
65810,3,109.208478,-7.650294,2024-07-11,3
65811,3,109.208575,-7.65029,2024-07-11,3
65812,3,109.208663,-7.650284,2024-07-11,3
65813,3,109.208745,-7.650279,2024-07-11,3
65814,3,109.208862,-7.650276,2024-07-11,3
65815,3,109.208974,-7.650307,2024-07-11,3
65816,3,109.209034,-7.650307,2024-07-11,3
65817,3,109.209078,-7.650399,2024-07-11,3
65818,3,109.209128,-7.65026,2024-07-11,3
65819,3,109.209186,-7.650259,2024-07-11,3
65820,3,109.2093,-7.650249,2024-07-11,3
65821,3,109.209377,-7.650245,2024-07-11,3
65822,3,109.209475,-7.650148,2024-07-11,3
65823,3,109.209597,-7.650238,2024-07-11,3
65824,3,109.209692,-7.650229,2024-07-11,3
65825,3,109.209774,-7.650226,2024-07-11,3
65826,3,109.20986,-7.650217,2024-07-11,3
65827,3,109.209933,-7.650208,2024-07-11,3
65828,3,109.208599,-7.650012,2024-07-11,3
65829,3,109.20874,-7.650004,2024-07-11,3
65830,3,109.209163,-7.649942,2024-07-11,3
65831,3,109.209373,-7.649927,2024-07-11,3
65832,3,109.209485,-7.649926,2024-07-11,3
65833,3,109.209635,-7.649919,2024-07-11,3
65834,3,109.209742,-7.649913,2024-07-11,3
65835,3,109.209789,-7.649915,2024-07-11,3
65836,3,109.209835,-7.649905,2024-07-11,3
65837,3,109.208415,-7.649944,2024-07-11,3
65838,3,109.20883,-7.649927,2024-07-11,3
65839,3,109.208958,-7.649922,2024-07-11,3
65840,3,109.208282,-7.649937,2024-07-11,3
65841,3,109.209914,-7.649881,2024-07-11,3
65842,3,109.209272,-7.649781,2024-07-11,3
65843,3,109.208595,-7.649793,2024-07-11,3
65844,3,109.209081,-7.649868,2024-07-11,3
65845,3,109.208283,-7.649667,2024-07-11,3
65846,3,109.209155,-7.649692,2024-07-11,3
65847,3,109.208421,-7.649668,2024-07-11,3
65848,3,109.20979,-7.649679,2024-07-11,3
65849,3,109.208597,-7.649624,2024-07-11,3
65850,3,109.208735,-7.64973,2024-07-11,3
65851,3,109.208823,-7.649651,2024-07-11,3
65852,3,109.208949,-7.649646,2024-07-11,3
65853,3,109.20907,-7.649592,2024-07-11,3
65854,3,109.209151,-7.649561,2024-07-11,3
65855,3,109.209333,-7.649641,2024-07-11,3
65856,3,109.209482,-7.649654,2024-07-11,3
65857,3,109.209373,-7.649525,2024-07-11,3
65858,3,109.209636,-7.649653,2024-07-11,3
65859,3,109.209492,-7.649522,2024-07-11,3
65860,3,109.209915,-7.649623,2024-07-11,3
65861,3,109.209643,-7.649517,2024-07-11,3
65862,3,109.209793,-7.649539,2024-07-11,3
65863,3,109.209917,-7.649504,2024-07-11,3
65932,3,109.15273,-7.61496,2024-07-11,3
65934,3,109.151966,-7.614948,2024-07-11,3
65937,3,109.151675,-7.614732,2024-07-11,3
65938,3,109.152715,-7.614792,2024-07-11,3
65942,3,109.151954,-7.614691,2024-07-11,3
65943,3,109.151666,-7.61458,2024-07-11,3
65948,3,109.151655,-7.614404,2024-07-11,3
65951,3,109.151938,-7.614323,2024-07-11,3
65952,3,109.152216,-7.614225,2024-07-11,3
65955,3,109.152723,-7.614265,2024-07-11,3
65957,3,109.15207,-7.61403,2024-07-11,3
65958,3,109.152479,-7.614026,2024-07-11,3
65959,3,109.152747,-7.614019,2024-07-11,3
65962,3,109.152426,-7.61382,2024-07-11,3
65963,3,109.152732,-7.613814,2024-07-11,3
65968,3,109.15162,-7.613448,2024-07-11,3
65969,3,109.151981,-7.613446,2024-07-11,3
65970,3,109.152343,-7.613444,2024-07-11,3
65971,3,109.152654,-7.613442,2024-07-11,3
65972,3,109.151893,-7.613343,2024-07-11,3
65973,3,109.152333,-7.613334,2024-07-11,3
65974,3,109.152654,-7.613328,2024-07-11,3
65975,3,109.449044,-7.595973,2024-07-11,3
65978,3,109.449018,-7.595938,2024-07-11,3
65979,3,109.449141,-7.595946,2024-07-11,3
65985,3,109.449021,-7.595877,2024-07-11,3
65986,3,109.448649,-7.595892,2024-07-11,3
65987,3,109.448519,-7.595919,2024-07-11,3
65988,3,109.449278,-7.595859,2024-07-11,3
65990,3,109.448921,-7.595837,2024-07-11,3
65992,3,109.449178,-7.595904,2024-07-11,3
65993,3,109.449586,-7.59593,2024-07-11,3
65994,3,109.449273,-7.595788,2024-07-11,3
65995,3,109.448925,-7.595766,2024-07-11,3
65996,3,109.44913,-7.595792,2024-07-11,3
65997,3,109.449272,-7.595727,2024-07-11,3
65998,3,109.448738,-7.595764,2024-07-11,3
65999,3,109.448777,-7.59586,2024-07-11,3
66000,3,109.448454,-7.59573,2024-07-11,3
66001,3,109.448526,-7.595733,2024-07-11,3
66002,3,109.449277,-7.595678,2024-07-11,3
66003,3,109.44959,-7.595826,2024-07-11,3
66004,3,109.449074,-7.595687,2024-07-11,3
66006,3,109.448922,-7.595662,2024-07-11,3
66008,3,109.449063,-7.595634,2024-07-11,3
66009,3,109.449591,-7.595739,2024-07-11,3
66010,3,109.449269,-7.595638,2024-07-11,3
66012,3,109.44874,-7.595672,2024-07-11,3
66014,3,109.44867,-7.595554,2024-07-11,3
66015,3,109.44892,-7.5956,2024-07-11,3
66016,3,109.448575,-7.595593,2024-07-11,3
66017,3,109.44848,-7.595601,2024-07-11,3
66019,3,109.449595,-7.595654,2024-07-11,3
66021,3,109.449054,-7.59557,2024-07-11,3
66022,3,109.448365,-7.595649,2024-07-11,3
66024,3,109.448816,-7.595611,2024-07-11,3
66027,3,109.449611,-7.595543,2024-07-11,3
66029,3,109.448807,-7.595479,2024-07-11,3
66033,3,109.449562,-7.595468,2024-07-11,3
66034,3,109.448642,-7.595469,2024-07-11,3
66035,3,109.448456,-7.595463,2024-07-11,3
66037,3,109.448671,-7.595389,2024-07-11,3
66038,3,109.449563,-7.595366,2024-07-11,3
66039,3,109.449182,-7.595513,2024-07-11,3
66040,3,109.448853,-7.595404,2024-07-11,3
66041,3,109.449576,-7.595251,2024-07-11,3
66043,3,109.448866,-7.595313,2024-07-11,3
66047,3,109.44918,-7.595359,2024-07-11,3
66054,3,109.4483,-7.595265,2024-07-11,3
66056,3,109.44837,-7.595319,2024-07-11,3
66058,3,109.449184,-7.595233,2024-07-11,3
66059,3,109.449596,-7.595124,2024-07-11,3
66060,3,109.448642,-7.595081,2024-07-11,3
66062,3,109.449217,-7.595097,2024-07-11,3
66063,3,109.448916,-7.595048,2024-07-11,3
66064,3,109.448869,-7.595118,2024-07-11,3
66065,3,109.448848,-7.595207,2024-07-11,3
66066,3,109.449605,-7.595025,2024-07-11,3
66067,3,109.448548,-7.59511,2024-07-11,3
66068,3,109.448687,-7.595082,2024-07-11,3
66069,3,109.448661,-7.595264,2024-07-11,3
66070,3,109.448526,-7.595255,2024-07-11,3
66074,3,109.448526,-7.595471,2024-07-11,3
66079,3,109.448394,-7.595054,2024-07-11,3
66080,3,109.448314,-7.595002,2024-07-11,3
66081,3,109.448295,-7.594996,2024-07-11,3
66082,3,109.449204,-7.594989,2024-07-11,3
66083,3,109.449003,-7.594983,2024-07-11,3
66084,3,109.449602,-7.594934,2024-07-11,3
66085,3,109.449186,-7.594916,2024-07-11,3
66086,3,109.448767,-7.594898,2024-07-11,3
66087,3,109.448469,-7.594896,2024-07-11,3
66088,3,109.449085,-7.594796,2024-07-11,3
66089,3,109.449287,-7.594769,2024-07-11,3
66090,3,109.448868,-7.594894,2024-07-11,3
66091,3,109.449607,-7.594794,2024-07-11,3
66092,3,109.450597,-7.594877,2024-07-11,3
66093,3,109.448916,-7.594727,2024-07-11,3
66094,3,109.448876,-7.594779,2024-07-11,3
66095,3,109.448491,-7.594841,2024-07-11,3
66096,3,109.448682,-7.594779,2024-07-11,3
66097,3,109.448642,-7.594835,2024-07-11,3
66098,3,109.448581,-7.594828,2024-07-11,3
66099,3,109.448311,-7.59481,2024-07-11,3
66100,3,109.448528,-7.594813,2024-07-11,3
66101,3,109.448427,-7.594676,2024-07-11,3
66102,3,109.448403,-7.594744,2024-07-11,3
66103,3,109.44838,-7.594852,2024-07-11,3
66104,3,109.449182,-7.594686,2024-07-11,3
66105,3,109.450543,-7.594888,2024-07-11,3
66106,3,109.448347,-7.594628,2024-07-11,3
66107,3,109.448859,-7.59465,2024-07-11,3
66108,3,109.448373,-7.594616,2024-07-11,3
66109,3,109.450476,-7.594806,2024-07-11,3
66110,3,109.448505,-7.594615,2024-07-11,3
66111,3,109.450396,-7.594834,2024-07-11,3
66112,3,109.450329,-7.594686,2024-07-11,3
66113,3,109.45027,-7.594752,2024-07-11,3
66114,3,109.450188,-7.594728,2024-07-11,3
66115,3,109.450107,-7.594716,2024-07-11,3
66116,3,109.450061,-7.594702,2024-07-11,3
66117,3,109.449967,-7.594715,2024-07-11,3
66118,3,109.449865,-7.594705,2024-07-11,3
66119,3,109.448442,-7.594596,2024-07-11,3
66120,3,109.449667,-7.594594,2024-07-11,3
66121,3,109.449481,-7.594595,2024-07-11,3
66122,3,109.448532,-7.59457,2024-07-11,3
66123,3,109.44921,-7.594555,2024-07-11,3
66124,3,109.448905,-7.594538,2024-07-11,3
66125,3,109.448595,-7.594603,2024-07-11,3
66126,3,109.44875,-7.594505,2024-07-11,3
66127,3,109.448678,-7.594566,2024-07-11,3
66128,3,109.448709,-7.594694,2024-07-11,3
66129,3,109.375327,-7.505047,2024-07-11,3
66130,3,109.375389,-7.505055,2024-07-11,3
66131,3,109.375076,-7.504923,2024-07-11,3
66132,3,109.375244,-7.504951,2024-07-11,3
66133,3,109.375403,-7.50495,2024-07-11,3
66134,3,109.37549,-7.504896,2024-07-11,3
66135,3,109.375106,-7.504791,2024-07-11,3
66136,3,109.375351,-7.504766,2024-07-11,3
66137,3,109.375532,-7.504739,2024-07-11,3
66138,3,109.374899,-7.50477,2024-07-11,3
66139,3,109.374465,-7.504643,2024-07-11,3
66140,3,109.375545,-7.504671,2024-07-11,3
66141,3,109.374539,-7.504648,2024-07-11,3
66142,3,109.37461,-7.504679,2024-07-11,3
66143,3,109.375335,-7.504664,2024-07-11,3
66144,3,109.375096,-7.50468,2024-07-11,3
66145,3,109.375559,-7.504607,2024-07-11,3
66146,3,109.375571,-7.504543,2024-07-11,3
66147,3,109.375316,-7.504545,2024-07-11,3
66148,3,109.374245,-7.504519,2024-07-11,3
66149,3,109.375583,-7.504477,2024-07-11,3
66150,3,109.375308,-7.504464,2024-07-11,3
66151,3,109.375075,-7.504539,2024-07-11,3
66152,3,109.374212,-7.504438,2024-07-11,3
66153,3,109.375603,-7.504412,2024-07-11,3
66154,3,109.37416,-7.504452,2024-07-11,3
66155,3,109.37531,-7.504397,2024-07-11,3
66156,3,109.375607,-7.504349,2024-07-11,3
66157,3,109.375321,-7.504315,2024-07-11,3
66158,3,109.375115,-7.504271,2024-07-11,3
66159,3,109.375628,-7.504283,2024-07-11,3
66160,3,109.375283,-7.504252,2024-07-11,3
66161,3,109.375124,-7.504202,2024-07-11,3
66162,3,109.375626,-7.504216,2024-07-11,3
66163,3,109.375272,-7.50419,2024-07-11,3
66164,3,109.375866,-7.504179,2024-07-11,3
66165,3,109.374228,-7.504286,2024-07-11,3
66166,3,109.375617,-7.504154,2024-07-11,3
66167,3,109.375051,-7.504403,2024-07-11,3
66168,3,109.375035,-7.504238,2024-07-11,3
66169,3,109.375083,-7.504118,2024-07-11,3
66170,3,109.375261,-7.504112,2024-07-11,3
66171,3,109.375881,-7.504103,2024-07-11,3
66172,3,109.3743,-7.504369,2024-07-11,3
66173,3,109.375537,-7.504089,2024-07-11,3
66174,3,109.37576,-7.504067,2024-07-11,3
66175,3,109.374383,-7.504312,2024-07-11,3
66176,3,109.375159,-7.504034,2024-07-11,3
66177,3,109.375897,-7.50401,2024-07-11,3
66178,3,109.375574,-7.503994,2024-07-11,3
66179,3,109.374355,-7.503971,2024-07-11,3
66180,3,109.375477,-7.503931,2024-07-11,3
66181,3,109.375714,-7.503922,2024-07-11,3
66182,3,109.37586,-7.503933,2024-07-11,3
66183,3,109.375268,-7.503977,2024-07-11,3
66184,3,109.375144,-7.50393,2024-07-11,3
66185,3,109.375092,-7.50397,2024-07-11,3
66186,3,109.37503,-7.503962,2024-07-11,3
66187,3,109.374967,-7.503972,2024-07-11,3
66188,3,109.374909,-7.503963,2024-07-11,3
66189,3,109.374387,-7.50395,2024-07-11,3
66190,3,109.374866,-7.504118,2024-07-11,3
66191,3,109.374776,-7.504128,2024-07-11,3
66192,3,109.374742,-7.504387,2024-07-11,3
66193,3,109.374628,-7.504333,2024-07-11,3
66194,3,109.374483,-7.504208,2024-07-11,3
66195,3,109.375908,-7.503821,2024-07-11,3
66196,3,109.375409,-7.503816,2024-07-11,3
66197,3,109.375762,-7.503737,2024-07-11,3
66198,3,109.375656,-7.503807,2024-07-11,3
66199,3,109.375708,-7.503708,2024-07-11,3
66200,3,109.375517,-7.503764,2024-07-11,3
66201,3,109.374502,-7.503704,2024-07-11,3
66202,3,109.37516,-7.50375,2024-07-11,3
66203,3,109.374731,-7.503675,2024-07-11,3
66204,3,109.375269,-7.50371,2024-07-11,3
66205,3,109.375386,-7.503645,2024-07-11,3
66206,3,109.375246,-7.503515,2024-07-11,3
66207,3,109.375101,-7.503623,2024-07-11,3
66208,3,109.37499,-7.503606,2024-07-11,3
66209,3,109.37488,-7.503589,2024-07-11,3
66210,3,109.374821,-7.503452,2024-07-11,3
66211,3,109.374673,-7.503531,2024-07-11,3
66212,3,109.374631,-7.503428,2024-07-11,3
66213,3,109.35245,-7.436383,2024-07-11,3
66214,3,109.352454,-7.436327,2024-07-11,3
66215,3,109.352437,-7.436269,2024-07-11,3
66216,3,109.352789,-7.436253,2024-07-11,3
66217,3,109.352861,-7.436226,2024-07-11,3
66218,3,109.352573,-7.436268,2024-07-11,3
66219,3,109.353041,-7.436154,2024-07-11,3
66220,3,109.352952,-7.43617,2024-07-11,3
66221,3,109.352863,-7.436176,2024-07-11,3
66222,3,109.352786,-7.436185,2024-07-11,3
66223,3,109.352659,-7.436218,2024-07-11,3
66224,3,109.352415,-7.436177,2024-07-11,3
66225,3,109.352275,-7.436132,2024-07-11,3
66226,3,109.352829,-7.436113,2024-07-11,3
66227,3,109.352635,-7.43612,2024-07-11,3
66228,3,109.352596,-7.436015,2024-07-11,3
66229,3,109.352336,-7.436007,2024-07-11,3
66230,3,109.3522,-7.435956,2024-07-11,3
66231,3,109.352819,-7.436008,2024-07-11,3
66232,3,109.352979,-7.436022,2024-07-11,3
66233,3,109.353164,-7.436005,2024-07-11,3
66234,3,109.353379,-7.435934,2024-07-11,3
66235,3,109.353602,-7.435875,2024-07-11,3
66236,3,109.353768,-7.435827,2024-07-11,3
66237,3,109.353225,-7.435853,2024-07-11,3
66238,3,109.352204,-7.435836,2024-07-11,3
66239,3,109.352383,-7.43584,2024-07-11,3
66240,3,109.352568,-7.43584,2024-07-11,3
66241,3,109.352838,-7.435837,2024-07-11,3
66242,3,109.353552,-7.435808,2024-07-11,3
66243,3,109.353747,-7.435781,2024-07-11,3
66244,3,109.353155,-7.435751,2024-07-11,3
66245,3,109.35214,-7.435693,2024-07-11,3
66246,3,109.352352,-7.435696,2024-07-11,3
66247,3,109.352596,-7.435693,2024-07-11,3
66248,3,109.353457,-7.435712,2024-07-11,3
66249,3,109.35286,-7.435691,2024-07-11,3
66250,3,109.353184,-7.435637,2024-07-11,3
66251,3,109.35199,-7.435548,2024-07-11,3
66252,3,109.35212,-7.435583,2024-07-11,3
66253,3,109.352357,-7.435581,2024-07-11,3
66254,3,109.352595,-7.435577,2024-07-11,3
66255,3,109.352854,-7.435574,2024-07-11,3
66256,3,109.353674,-7.435646,2024-07-11,3
66257,3,109.351974,-7.435484,2024-07-11,3
66258,3,109.353133,-7.435536,2024-07-11,3
66259,3,109.35211,-7.435493,2024-07-11,3
66260,3,109.352354,-7.435489,2024-07-11,3
66261,3,109.352594,-7.435485,2024-07-11,3
66262,3,109.352849,-7.435481,2024-07-11,3
66263,3,109.353432,-7.435536,2024-07-11,3
66264,3,109.35195,-7.435406,2024-07-11,3
66265,3,109.352103,-7.435408,2024-07-11,3
66266,3,109.352322,-7.435406,2024-07-11,3
66267,3,109.35259,-7.435403,2024-07-11,3
66268,3,109.352871,-7.435398,2024-07-11,3
66269,3,109.353115,-7.435403,2024-07-11,3
66270,3,109.351934,-7.435337,2024-07-11,3
66271,3,109.352103,-7.435335,2024-07-11,3
66272,3,109.352367,-7.435328,2024-07-11,3
66273,3,109.353409,-7.435367,2024-07-11,3
66274,3,109.353609,-7.435438,2024-07-11,3
66275,3,109.352633,-7.435321,2024-07-11,3
66276,3,109.352867,-7.435314,2024-07-11,3
66277,3,109.353097,-7.435301,2024-07-11,3
66278,3,109.353378,-7.435277,2024-07-11,3
66279,3,109.352185,-7.43527,2024-07-11,3
66280,3,109.35204,-7.435271,2024-07-11,3
66281,3,109.351916,-7.43525,2024-07-11,3
66282,3,109.352039,-7.435217,2024-07-11,3
66283,3,109.352182,-7.435218,2024-07-11,3
66284,3,109.35239,-7.435235,2024-07-11,3
66285,3,109.352638,-7.435226,2024-07-11,3
66286,3,109.352926,-7.435215,2024-07-11,3
66287,3,109.353224,-7.435203,2024-07-11,3
66288,3,109.353441,-7.435197,2024-07-11,3
66289,3,109.3518,-7.435128,2024-07-11,3
66290,3,109.351925,-7.435149,2024-07-11,3
66291,3,109.35214,-7.435142,2024-07-11,3
66292,3,109.352365,-7.435135,2024-07-11,3
66293,3,109.352617,-7.435126,2024-07-11,3
66294,3,109.352882,-7.435116,2024-07-11,3
66295,3,109.353148,-7.435107,2024-07-11,3
66296,3,109.353375,-7.4351,2024-07-11,3
66297,3,109.351782,-7.435055,2024-07-11,3
66298,3,109.351921,-7.435056,2024-07-11,3
66299,3,109.352135,-7.43505,2024-07-11,3
66300,3,109.352359,-7.435043,2024-07-11,3
66301,3,109.352612,-7.435034,2024-07-11,3
66302,3,109.352878,-7.435025,2024-07-11,3
66303,3,109.353143,-7.435017,2024-07-11,3
66304,3,109.353351,-7.435012,2024-07-11,3
66305,3,109.351756,-7.434954,2024-07-11,3
66306,3,109.351919,-7.434954,2024-07-11,3
66307,3,109.352131,-7.434948,2024-07-11,3
66308,3,109.352352,-7.434941,2024-07-11,3
66309,3,109.352605,-7.434933,2024-07-11,3
66310,3,109.352872,-7.434925,2024-07-11,3
66311,3,109.353137,-7.434917,2024-07-11,3
66312,3,109.353324,-7.434915,2024-07-11,3
66313,3,109.351949,-7.434835,2024-07-11,3
66314,3,109.352346,-7.434823,2024-07-11,3
66315,3,109.352599,-7.434816,2024-07-11,3
66316,3,109.352888,-7.434809,2024-07-11,3
66317,3,109.353184,-7.434803,2024-07-11,3
66318,3,109.351983,-7.434725,2024-07-11,3
66319,3,109.352207,-7.434702,2024-07-11,3
66320,3,109.352421,-7.434697,2024-07-11,3
66321,3,109.352628,-7.434692,2024-07-11,3
66322,3,109.352083,-7.434635,2024-07-11,3
66323,3,109.352867,-7.434688,2024-07-11,3
66324,3,109.353134,-7.434684,2024-07-11,3
66325,3,109.35223,-7.434601,2024-07-11,3
66326,3,109.352417,-7.434587,2024-07-11,3
66327,3,109.352625,-7.434582,2024-07-11,3
66328,3,109.352863,-7.434578,2024-07-11,3
66329,3,109.353106,-7.434576,2024-07-11,3
66330,3,109.352418,-7.434509,2024-07-11,3
66331,3,109.352601,-7.434475,2024-07-11,3
66332,3,109.352836,-7.434469,2024-07-11,3
66333,3,109.353069,-7.434471,2024-07-11,3
66334,3,109.352652,-7.434387,2024-07-11,3
66335,3,109.352907,-7.434374,2024-07-11,3
66336,3,109.352809,-7.434319,2024-07-11,3
66337,3,109.352978,-7.434286,2024-07-11,3
66338,3,109.295259,-7.427132,2024-07-11,3
66339,3,109.29507,-7.427128,2024-07-11,3
66340,3,109.295743,-7.427117,2024-07-11,3
66341,3,109.295684,-7.427116,2024-07-11,3
66342,3,109.295569,-7.427112,2024-07-11,3
66343,3,109.295428,-7.427107,2024-07-11,3
66344,3,109.413762,-7.427054,2024-07-11,3
66345,3,109.295332,-7.427104,2024-07-11,3
66346,3,109.294828,-7.427104,2024-07-11,3
66347,3,109.294631,-7.427098,2024-07-11,3
66348,3,109.295111,-7.427049,2024-07-11,3
66349,3,109.413758,-7.427022,2024-07-11,3
66350,3,109.41385,-7.427021,2024-07-11,3
66351,3,109.413775,-7.42699,2024-07-11,3
66352,3,109.295794,-7.427041,2024-07-11,3
66353,3,109.413574,-7.426992,2024-07-11,3
66354,3,109.29563,-7.427001,2024-07-11,3
66355,3,109.295417,-7.426991,2024-07-11,3
66356,3,109.413446,-7.426966,2024-07-11,3
66357,3,109.295142,-7.426975,2024-07-11,3
66358,3,109.413804,-7.426958,2024-07-11,3
66359,3,109.413341,-7.426947,2024-07-11,3
66360,3,109.413269,-7.426937,2024-07-11,3
66361,3,109.413661,-7.42696,2024-07-11,3
66362,3,109.29579,-7.426928,2024-07-11,3
66363,3,109.29472,-7.426957,2024-07-11,3
66364,3,109.413198,-7.426923,2024-07-11,3
66366,3,109.413616,-7.426937,2024-07-11,3
66367,3,109.413128,-7.426912,2024-07-11,3
66368,3,109.295625,-7.426918,2024-07-11,3
66369,3,109.413605,-7.426897,2024-07-11,3
66370,3,109.413832,-7.426914,2024-07-11,3
66372,3,109.41306,-7.4269,2024-07-11,3
66373,3,109.295371,-7.426905,2024-07-11,3
66375,3,109.295142,-7.426894,2024-07-11,3
66376,3,109.413545,-7.426929,2024-07-11,3
66377,3,109.413863,-7.426867,2024-07-11,3
66378,3,109.413736,-7.426877,2024-07-11,3
66380,3,109.413672,-7.426861,2024-07-11,3
66381,3,109.413511,-7.42689,2024-07-11,3
66382,3,109.41364,-7.426847,2024-07-11,3
66383,3,109.413588,-7.426882,2024-07-11,3
66385,3,109.413401,-7.42687,2024-07-11,3
66388,3,109.413276,-7.42685,2024-07-11,3
66389,3,109.413886,-7.426822,2024-07-11,3
66390,3,109.295794,-7.426839,2024-07-11,3
66391,3,109.295365,-7.426831,2024-07-11,3
66392,3,109.295148,-7.426817,2024-07-11,3
66393,3,109.413798,-7.426818,2024-07-11,3
66394,3,109.413729,-7.426801,2024-07-11,3
66397,3,109.41368,-7.426786,2024-07-11,3
66398,3,109.413623,-7.426783,2024-07-11,3
66399,3,109.413571,-7.426797,2024-07-11,3
66401,3,109.295621,-7.426818,2024-07-11,3
66402,3,109.413747,-7.426751,2024-07-11,3
66404,3,109.294711,-7.426818,2024-07-11,3
66406,3,109.294958,-7.426824,2024-07-11,3
66407,3,109.295437,-7.426763,2024-07-11,3
66409,3,109.413437,-7.42677,2024-07-11,3
66410,3,109.295814,-7.426756,2024-07-11,3
66411,3,109.413863,-7.426752,2024-07-11,3
66412,3,109.413036,-7.426799,2024-07-11,3
66413,3,109.295327,-7.426747,2024-07-11,3
66416,3,109.295766,-7.426733,2024-07-11,3
66417,3,109.412937,-7.426797,2024-07-11,3
66418,3,109.413255,-7.426736,2024-07-11,3
66419,3,109.413839,-7.426698,2024-07-11,3
66421,3,109.295145,-7.426728,2024-07-11,3
66422,3,109.413771,-7.426703,2024-07-11,3
66423,3,109.413147,-7.426777,2024-07-11,3
66424,3,109.412827,-7.426771,2024-07-11,3
66426,3,109.413731,-7.426704,2024-07-11,3
66428,3,109.413693,-7.426692,2024-07-11,3
66430,3,109.295529,-7.426695,2024-07-11,3
66431,3,109.413644,-7.426689,2024-07-11,3
66434,3,109.413588,-7.426683,2024-07-11,3
66436,3,109.295015,-7.42665,2024-07-11,3
66437,3,109.294753,-7.42666,2024-07-11,3
66438,3,109.413449,-7.426657,2024-07-11,3
66439,3,109.41329,-7.426622,2024-07-11,3
66440,3,109.294747,-7.426564,2024-07-11,3
66442,3,109.413181,-7.426596,2024-07-11,3
66447,3,109.295166,-7.426611,2024-07-11,3
66451,3,109.413069,-7.426606,2024-07-11,3
66458,3,109.412974,-7.42659,2024-07-11,3
66465,3,109.412909,-7.426559,2024-07-11,3
66467,3,109.412826,-7.426549,2024-07-11,3
66469,3,109.412836,-7.426433,2024-07-11,3
66473,3,109.294905,-7.426488,2024-07-11,3
66478,3,109.294658,-7.426463,2024-07-11,3
66481,3,109.295412,-7.426552,2024-07-11,3
66485,3,109.412608,-7.426631,2024-07-11,3
66492,3,109.413307,-7.42645,2024-07-11,3
66496,3,109.413207,-7.426433,2024-07-11,3
66497,3,109.413087,-7.426404,2024-07-11,3
66498,3,109.295782,-7.426425,2024-07-11,3
66499,3,109.412991,-7.426396,2024-07-11,3
66500,3,109.412927,-7.42638,2024-07-11,3
66501,3,109.295679,-7.426405,2024-07-11,3
66506,3,109.294769,-7.426351,2024-07-11,3
66509,3,109.294562,-7.426311,2024-07-11,3
66510,3,109.412592,-7.426315,2024-07-11,3
66518,3,109.295551,-7.426336,2024-07-11,3
66532,3,109.295366,-7.42629,2024-07-11,3
66533,3,109.29502,-7.426234,2024-07-11,3
66536,3,109.295091,-7.426243,2024-07-11,3
66539,3,109.413303,-7.426253,2024-07-11,3
66540,3,109.294934,-7.426216,2024-07-11,3
66542,3,109.294847,-7.426192,2024-07-11,3
66546,3,109.413179,-7.426236,2024-07-11,3
66554,3,109.295745,-7.426219,2024-07-11,3
66558,3,109.294685,-7.426183,2024-07-11,3
66570,3,109.41311,-7.426201,2024-07-11,3
66571,3,109.413328,-7.42612,2024-07-11,3
66573,3,109.413202,-7.426107,2024-07-11,3
66574,3,109.413029,-7.426187,2024-07-11,3
66577,3,109.41308,-7.426066,2024-07-11,3
66579,3,109.295404,-7.426128,2024-07-11,3
66580,3,109.295214,-7.426185,2024-07-11,3
66581,3,109.295144,-7.426088,2024-07-11,3
66584,3,109.295072,-7.426086,2024-07-11,3
66586,3,109.29481,-7.42608,2024-07-11,3
66587,3,109.294981,-7.42607,2024-07-11,3
66592,3,109.295627,-7.426103,2024-07-11,3
66593,3,109.294653,-7.426052,2024-07-11,3
66594,3,109.295451,-7.426029,2024-07-11,3
66596,3,109.29577,-7.426048,2024-07-11,3
66597,3,109.294567,-7.426015,2024-07-11,3
66598,3,109.295813,-7.425956,2024-07-11,3
66600,3,109.295284,-7.425973,2024-07-11,3
66601,3,109.295617,-7.425969,2024-07-11,3
66602,3,109.29519,-7.425954,2024-07-11,3
66603,3,109.295122,-7.425948,2024-07-11,3
66604,3,109.295026,-7.425928,2024-07-11,3
66605,3,109.29492,-7.425931,2024-07-11,3
66606,3,109.294836,-7.425913,2024-07-11,3
66607,3,109.295491,-7.425905,2024-07-11,3
66608,3,109.294707,-7.425888,2024-07-11,3
66609,3,109.295695,-7.425902,2024-07-11,3
66610,3,109.295325,-7.425859,2024-07-11,3
66611,3,109.295229,-7.425842,2024-07-11,3
66612,3,109.294586,-7.425854,2024-07-11,3
66613,3,109.295163,-7.42583,2024-07-11,3
66614,3,109.295066,-7.425807,2024-07-11,3
66615,3,109.294965,-7.425786,2024-07-11,3
66616,3,109.294879,-7.425773,2024-07-11,3
66617,3,109.294744,-7.425756,2024-07-11,3
66618,3,109.295734,-7.425807,2024-07-11,3
66619,3,109.294601,-7.425734,2024-07-11,3
66620,3,109.295528,-7.425771,2024-07-11,3
66621,3,109.295269,-7.425727,2024-07-11,3
66622,3,109.295366,-7.425731,2024-07-11,3
66623,3,109.295205,-7.425711,2024-07-11,3
66624,3,109.295758,-7.425702,2024-07-11,3
66625,3,109.295579,-7.425688,2024-07-11,3
66626,3,109.2954,-7.425653,2024-07-11,3
66627,3,109.295297,-7.425654,2024-07-11,3
66628,3,109.295234,-7.425645,2024-07-11,3
66629,3,109.295109,-7.425689,2024-07-11,3
66630,3,109.294998,-7.425677,2024-07-11,3
66631,3,109.29491,-7.425672,2024-07-11,3
66632,3,109.294768,-7.425665,2024-07-11,3
66633,3,109.294614,-7.425657,2024-07-11,3
66634,3,108.986093,-7.154212,2024-07-11,3
66635,3,108.985667,-7.154029,2024-07-11,3
66636,3,108.986169,-7.154016,2024-07-11,3
66637,3,108.986255,-7.1539,2024-07-11,3
66638,3,108.985646,-7.153896,2024-07-11,3
66639,3,108.985971,-7.153966,2024-07-11,3
66640,3,108.986037,-7.153851,2024-07-11,3
66641,3,108.986063,-7.153791,2024-07-11,3
66642,3,108.985739,-7.153929,2024-07-11,3
66643,3,108.986353,-7.153765,2024-07-11,3
66644,3,108.98613,-7.153748,2024-07-11,3
66645,3,108.98643,-7.153634,2024-07-11,3
66646,3,108.985792,-7.153733,2024-07-11,3
66647,3,108.985574,-7.153795,2024-07-11,3
66648,3,108.985391,-7.153575,2024-07-11,3
66649,3,108.986458,-7.153569,2024-07-11,3
66650,3,108.986332,-7.153627,2024-07-11,3
66651,3,108.986047,-7.153633,2024-07-11,3
66652,3,108.98532,-7.153536,2024-07-11,3
66653,3,108.986484,-7.153507,2024-07-11,3
66654,3,108.985484,-7.153655,2024-07-11,3
66655,3,108.986153,-7.153666,2024-07-11,3
66656,3,108.985384,-7.153479,2024-07-11,3
66657,3,108.985893,-7.153534,2024-07-11,3
66658,3,108.986518,-7.153408,2024-07-11,3
66659,3,108.986298,-7.153532,2024-07-11,3
66660,3,108.986197,-7.153557,2024-07-11,3
66661,3,108.985704,-7.153414,2024-07-11,3
66662,3,108.98621,-7.153317,2024-07-11,3
66663,3,108.986278,-7.15339,2024-07-11,3
66664,3,108.986361,-7.15331,2024-07-11,3
66665,3,108.985913,-7.153342,2024-07-11,3
66666,3,108.985463,-7.153316,2024-07-11,3
66667,3,108.985877,-7.153176,2024-07-11,3
66668,3,108.98556,-7.153196,2024-07-11,3
66669,3,108.986051,-7.153227,2024-07-11,3
66670,3,108.985939,-7.153057,2024-07-11,3
66671,3,108.985612,-7.153138,2024-07-11,3
66672,3,108.985445,-7.153065,2024-07-11,3
66673,3,108.985661,-7.153087,2024-07-11,3
66674,3,108.986067,-7.153106,2024-07-11,3
66675,3,108.986207,-7.153162,2024-07-11,3
66676,3,108.986639,-7.153084,2024-07-11,3
66677,3,108.986353,-7.153046,2024-07-11,3
66678,3,108.986311,-7.152923,2024-07-11,3
66679,3,108.985702,-7.153033,2024-07-11,3
66680,3,108.985517,-7.152968,2024-07-11,3
66681,3,108.986457,-7.153182,2024-07-11,3
66682,3,108.98654,-7.153132,2024-07-11,3
66683,3,108.986326,-7.152865,2024-07-11,3
66684,3,108.986212,-7.152957,2024-07-11,3
66685,3,108.985752,-7.152949,2024-07-11,3
66686,3,108.985826,-7.152879,2024-07-11,3
66687,3,108.985641,-7.152781,2024-07-11,3
66688,3,108.986086,-7.152803,2024-07-11,3
66689,3,108.985701,-7.152742,2024-07-11,3
66690,3,108.985833,-7.15272,2024-07-11,3
66691,3,108.985961,-7.152841,2024-07-11,3
66692,3,108.985997,-7.15271,2024-07-11,3
66693,3,108.985713,-7.152659,2024-07-11,3
66694,3,108.985864,-7.15259,2024-07-11,3
66695,3,108.985774,-7.152632,2024-07-11,3
66696,3,108.985794,-7.15258,2024-07-11,3
66714,3,109.052719,-6.981945,2024-07-11,3
66715,3,109.052565,-6.981933,2024-07-11,3
66745,3,109.052952,-6.98121,2024-07-11,3
66746,3,109.052634,-6.981189,2024-07-11,3
66928,3,108.937804,-6.913806,2024-07-11,3
66929,3,108.937436,-6.913794,2024-07-11,3
66930,3,108.937144,-6.913785,2024-07-11,3
66931,3,108.936975,-6.913778,2024-07-11,3
66934,3,108.937502,-6.913629,2024-07-11,3
66935,3,108.937225,-6.913616,2024-07-11,3
66936,3,108.936995,-6.913607,2024-07-11,3
66937,3,108.936985,-6.9134,2024-07-11,3
66942,3,108.937216,-6.913372,2024-07-11,3
66947,3,108.937223,-6.913119,2024-07-11,3
66949,3,108.938198,-6.912919,2024-07-11,3
66950,3,108.938014,-6.912914,2024-07-11,3
66951,3,108.937785,-6.91291,2024-07-11,3
66952,3,108.937568,-6.912908,2024-07-11,3
66955,3,108.938194,-6.912731,2024-07-11,3
66956,3,108.938008,-6.912726,2024-07-11,3
66957,3,108.937824,-6.912722,2024-07-11,3
66958,3,108.937691,-6.912717,2024-07-11,3
66959,3,108.937533,-6.912716,2024-07-11,3
66963,3,108.938665,-6.912791,2024-07-11,3
112569,4,109.429444,-6.895214,2024-07-23,3
112579,4,109.381744,-6.87475,2024-07-23,3
112860,4,109.429609,-6.895384,2024-07-23,3
112861,4,109.430061,-6.895386,2024-07-23,3
112863,4,109.42961,-6.894932,2024-07-23,3
112864,4,109.430063,-6.894934,2024-07-23,3
112870,4,109.381443,-6.874911,2024-07-23,3
112871,4,109.381895,-6.874913,2024-07-23,3
112872,4,109.382348,-6.874914,2024-07-23,3
112873,4,109.3828,-6.874916,2024-07-23,3
112877,4,109.382349,-6.874462,2024-07-23,3
112878,4,109.382802,-6.874464,2024-07-23,3
112882,4,109.382351,-6.87401,2024-07-23,3
112883,4,109.382803,-6.874011,2024-07-23,3
112887,4,109.382352,-6.873558,2024-07-23,3
112888,4,109.382805,-6.873559,2024-07-23,3
114277,4,109.43033,-6.895466,2024-07-23,3
114278,4,109.430135,-6.895461,2024-07-23,3
114280,4,109.42987,-6.895452,2024-07-23,3
114281,4,109.429662,-6.895446,2024-07-23,3
114283,4,109.42947,-6.89544,2024-07-23,3
114292,4,109.430276,-6.895306,2024-07-23,3
114293,4,109.43009,-6.895302,2024-07-23,3
114294,4,109.429879,-6.895298,2024-07-23,3
114295,4,109.429664,-6.895293,2024-07-23,3
114296,4,109.429472,-6.895286,2024-07-23,3
114303,4,109.430276,-6.895147,2024-07-23,3
114304,4,109.430088,-6.895145,2024-07-23,3
114305,4,109.429876,-6.895144,2024-07-23,3
114306,4,109.429666,-6.89514,2024-07-23,3
114307,4,109.429476,-6.895137,2024-07-23,3
114308,4,109.430274,-6.894986,2024-07-23,3
114309,4,109.430082,-6.894984,2024-07-23,3
114310,4,109.429871,-6.894982,2024-07-23,3
114311,4,109.429663,-6.894979,2024-07-23,3
114312,4,109.429474,-6.894977,2024-07-23,3
114364,4,109.382132,-6.875221,2024-07-23,3
114366,4,109.381873,-6.875192,2024-07-23,3
114368,4,109.381554,-6.875159,2024-07-23,3
114369,4,109.381297,-6.875131,2024-07-23,3
114370,4,109.382141,-6.875152,2024-07-23,3
114372,4,109.381119,-6.87511,2024-07-23,3
114373,4,109.381918,-6.875128,2024-07-23,3
114374,4,109.380863,-6.875079,2024-07-23,3
114375,4,109.381601,-6.875095,2024-07-23,3
114377,4,109.382141,-6.875058,2024-07-23,3
114378,4,109.383062,-6.875046,2024-07-23,3
114379,4,109.381899,-6.875033,2024-07-23,3
114380,4,109.381045,-6.875035,2024-07-23,3
114381,4,109.382829,-6.875025,2024-07-23,3
114382,4,109.381676,-6.87501,2024-07-23,3
114383,4,109.381462,-6.874988,2024-07-23,3
114384,4,109.382478,-6.874987,2024-07-23,3
114385,4,109.381189,-6.87496,2024-07-23,3
114386,4,109.38307,-6.874942,2024-07-23,3
114387,4,109.382151,-6.874949,2024-07-23,3
114388,4,109.382834,-6.874919,2024-07-23,3
114389,4,109.381908,-6.874924,2024-07-23,3
114390,4,109.381684,-6.874901,2024-07-23,3
114391,4,109.382489,-6.874883,2024-07-23,3
114392,4,109.381457,-6.874878,2024-07-23,3
114393,4,109.38216,-6.874846,2024-07-23,3
114394,4,109.381916,-6.874821,2024-07-23,3
114395,4,109.381186,-6.874847,2024-07-23,3
114396,4,109.381669,-6.874795,2024-07-23,3
114397,4,109.381374,-6.874764,2024-07-23,3
114398,4,109.380945,-6.874716,2024-07-23,3
114399,4,109.383086,-6.874781,2024-07-23,3
114400,4,109.382834,-6.874754,2024-07-23,3
114401,4,109.382498,-6.874728,2024-07-23,3
114402,4,109.382175,-6.874702,2024-07-23,3
114404,4,109.381903,-6.874681,2024-07-23,3
114406,4,109.381622,-6.874655,2024-07-23,3
114407,4,109.381355,-6.87463,2024-07-23,3
114408,4,109.38095,-6.874588,2024-07-23,3
114409,4,109.383062,-6.874505,2024-07-23,3
114411,4,109.382641,-6.874492,2024-07-23,3
114415,4,109.383071,-6.874378,2024-07-23,3
114416,4,109.382818,-6.874371,2024-07-23,3
114418,4,109.382498,-6.874361,2024-07-23,3
114421,4,109.383091,-6.874289,2024-07-23,3
114422,4,109.382835,-6.874285,2024-07-23,3
114424,4,109.382499,-6.874279,2024-07-23,3
114430,4,109.38307,-6.874169,2024-07-23,3
114432,4,109.382788,-6.874166,2024-07-23,3
114433,4,109.382487,-6.874162,2024-07-23,3
114440,4,109.383136,-6.874029,2024-07-23,3
114441,4,109.382902,-6.874018,2024-07-23,3
114442,4,109.38266,-6.874014,2024-07-23,3
114443,4,109.382434,-6.874009,2024-07-23,3
114449,4,109.383116,-6.873873,2024-07-23,3
114450,4,109.382902,-6.87387,2024-07-23,3
114451,4,109.382662,-6.873866,2024-07-23,3
114452,4,109.382437,-6.873862,2024-07-23,3
114468,4,109.383167,-6.873582,2024-07-23,3
114469,4,109.383018,-6.873559,2024-07-23,3
114470,4,109.382756,-6.873558,2024-07-23,3
114471,4,109.382465,-6.873555,2024-07-23,3
114473,4,109.383139,-6.873413,2024-07-23,3
114475,4,109.382461,-6.873411,2024-07-23,3
114476,4,109.382758,-6.873411,2024-07-23,3
114477,4,109.383014,-6.873414,2024-07-23,3
114480,4,109.382741,-6.873335,2024-07-23,3
114481,4,109.38245,-6.873331,2024-07-23,3
62510,3,108.894417,-6.950028,2024-07-11,4
62513,3,108.937914,-6.913283,2024-07-11,4
62514,3,108.938472,-6.913278,2024-07-11,4
62521,3,109.413472,-7.426417,2024-07-11,4
63096,3,109.413922,-7.426614,2024-07-11,4
63103,3,109.413471,-7.42616,2024-07-11,4
63104,3,109.413924,-7.426162,2024-07-11,4
63122,3,108.895298,-6.951217,2024-07-11,4
63123,3,108.894395,-6.950761,2024-07-11,4
63124,3,108.894847,-6.950763,2024-07-11,4
63125,3,108.8953,-6.950765,2024-07-11,4
63126,3,108.893945,-6.950307,2024-07-11,4
63127,3,108.894397,-6.950309,2024-07-11,4
63128,3,108.894849,-6.950311,2024-07-11,4
63129,3,108.895302,-6.950313,2024-07-11,4
63130,3,108.895754,-6.950315,2024-07-11,4
63131,3,108.893947,-6.949855,2024-07-11,4
63132,3,108.894399,-6.949857,2024-07-11,4
63133,3,108.894851,-6.949859,2024-07-11,4
63134,3,108.895304,-6.949861,2024-07-11,4
63135,3,108.895756,-6.949863,2024-07-11,4
63136,3,108.894401,-6.949405,2024-07-11,4
63137,3,108.894853,-6.949407,2024-07-11,4
63145,3,108.93753,-6.913434,2024-07-11,4
63146,3,108.937983,-6.913436,2024-07-11,4
63147,3,108.93708,-6.91298,2024-07-11,4
66425,3,109.41385,-7.426666,2024-07-11,4
66433,3,109.413858,-7.426641,2024-07-11,4
66435,3,109.413833,-7.426609,2024-07-11,4
66441,3,109.413559,-7.426565,2024-07-11,4
66443,3,109.413941,-7.426561,2024-07-11,4
66444,3,109.41352,-7.426558,2024-07-11,4
66445,3,109.413478,-7.42655,2024-07-11,4
66446,3,109.41391,-7.426553,2024-07-11,4
66448,3,109.413869,-7.426547,2024-07-11,4
66449,3,109.413438,-7.426539,2024-07-11,4
66450,3,109.413398,-7.426532,2024-07-11,4
66452,3,109.413828,-7.426541,2024-07-11,4
66454,3,109.413357,-7.426526,2024-07-11,4
66455,3,109.413789,-7.426536,2024-07-11,4
66457,3,109.413745,-7.426551,2024-07-11,4
66459,3,109.413705,-7.426553,2024-07-11,4
66461,3,109.413677,-7.426547,2024-07-11,4
66462,3,109.413648,-7.426544,2024-07-11,4
66463,3,109.413604,-7.426563,2024-07-11,4
66471,3,109.41392,-7.426456,2024-07-11,4
66472,3,109.413888,-7.426451,2024-07-11,4
66474,3,109.413847,-7.426446,2024-07-11,4
66475,3,109.413808,-7.426439,2024-07-11,4
66477,3,109.413769,-7.426434,2024-07-11,4
66479,3,109.413728,-7.426427,2024-07-11,4
66480,3,109.413699,-7.426423,2024-07-11,4
66483,3,109.41367,-7.426419,2024-07-11,4
66484,3,109.413622,-7.426443,2024-07-11,4
66486,3,109.413582,-7.426441,2024-07-11,4
66488,3,109.413541,-7.426436,2024-07-11,4
66489,3,109.413947,-7.426436,2024-07-11,4
66490,3,109.4135,-7.42643,2024-07-11,4
66493,3,109.413459,-7.426422,2024-07-11,4
66494,3,109.413419,-7.426417,2024-07-11,4
66495,3,109.413377,-7.426413,2024-07-11,4
66502,3,109.413953,-7.426334,2024-07-11,4
66503,3,109.41391,-7.426337,2024-07-11,4
66504,3,109.413869,-7.426331,2024-07-11,4
66505,3,109.41383,-7.426324,2024-07-11,4
66507,3,109.41379,-7.426319,2024-07-11,4
66508,3,109.41375,-7.426312,2024-07-11,4
66511,3,109.413721,-7.426303,2024-07-11,4
66512,3,109.413692,-7.426299,2024-07-11,4
66513,3,109.413651,-7.426294,2024-07-11,4
66514,3,109.41361,-7.426287,2024-07-11,4
66516,3,109.41398,-7.42637,2024-07-11,4
66517,3,109.413569,-7.426281,2024-07-11,4
66522,3,109.413975,-7.426238,2024-07-11,4
66523,3,109.413528,-7.426276,2024-07-11,4
66524,3,109.413487,-7.42627,2024-07-11,4
66525,3,109.41393,-7.426231,2024-07-11,4
66527,3,109.413446,-7.426264,2024-07-11,4
66528,3,109.41389,-7.426224,2024-07-11,4
66529,3,109.413404,-7.426259,2024-07-11,4
66531,3,109.41385,-7.426216,2024-07-11,4
66534,3,109.413811,-7.42621,2024-07-11,4
66537,3,109.41377,-7.426202,2024-07-11,4
66538,3,109.413741,-7.426193,2024-07-11,4
66541,3,109.413712,-7.426188,2024-07-11,4
66544,3,109.413672,-7.426182,2024-07-11,4
66545,3,109.41402,-7.426173,2024-07-11,4
66547,3,109.413987,-7.426171,2024-07-11,4
66548,3,109.413944,-7.426164,2024-07-11,4
66549,3,109.41363,-7.426175,2024-07-11,4
66550,3,109.413903,-7.426159,2024-07-11,4
66551,3,109.413863,-7.426153,2024-07-11,4
66552,3,109.413589,-7.426167,2024-07-11,4
66553,3,109.413823,-7.426147,2024-07-11,4
66555,3,109.413782,-7.426141,2024-07-11,4
66556,3,109.413549,-7.42616,2024-07-11,4
66557,3,109.413751,-7.426137,2024-07-11,4
66559,3,109.413722,-7.426134,2024-07-11,4
66560,3,109.413682,-7.426129,2024-07-11,4
66561,3,109.41364,-7.426123,2024-07-11,4
66562,3,109.413598,-7.426117,2024-07-11,4
66563,3,109.413558,-7.426112,2024-07-11,4
66564,3,109.41351,-7.426145,2024-07-11,4
66565,3,109.413469,-7.42614,2024-07-11,4
66566,3,109.413427,-7.426135,2024-07-11,4
66772,3,108.895409,-6.951236,2024-07-11,4
66773,3,108.89504,-6.951135,2024-07-11,4
66774,3,108.89546,-6.951113,2024-07-11,4
66775,3,108.895166,-6.951123,2024-07-11,4
66776,3,108.89464,-6.951,2024-07-11,4
66777,3,108.895513,-6.950994,2024-07-11,4
66778,3,108.894749,-6.951003,2024-07-11,4
66779,3,108.894826,-6.950948,2024-07-11,4
66780,3,108.895312,-6.950901,2024-07-11,4
66781,3,108.895181,-6.950978,2024-07-11,4
66782,3,108.894399,-6.950895,2024-07-11,4
66783,3,108.894474,-6.950865,2024-07-11,4
66784,3,108.895572,-6.950882,2024-07-11,4
66785,3,108.89512,-6.950812,2024-07-11,4
66786,3,108.895664,-6.950769,2024-07-11,4
66787,3,108.894541,-6.950804,2024-07-11,4
66788,3,108.894857,-6.950819,2024-07-11,4
66789,3,108.894231,-6.950742,2024-07-11,4
66790,3,108.894064,-6.950748,2024-07-11,4
66791,3,108.894908,-6.950713,2024-07-11,4
66792,3,108.895293,-6.950756,2024-07-11,4
66793,3,108.895483,-6.95069,2024-07-11,4
66794,3,108.89427,-6.950668,2024-07-11,4
66795,3,108.894024,-6.950634,2024-07-11,4
66796,3,108.89459,-6.950686,2024-07-11,4
66797,3,108.895682,-6.950617,2024-07-11,4
66798,3,108.895559,-6.950639,2024-07-11,4
66799,3,108.894641,-6.950586,2024-07-11,4
66800,3,108.895233,-6.95058,2024-07-11,4
66801,3,108.894958,-6.950604,2024-07-11,4
66802,3,108.894057,-6.950557,2024-07-11,4
66803,3,108.895503,-6.950541,2024-07-11,4
66804,3,108.895266,-6.950511,2024-07-11,4
66805,3,108.893835,-6.950532,2024-07-11,4
66806,3,108.895737,-6.950521,2024-07-11,4
66807,3,108.894326,-6.950555,2024-07-11,4
66808,3,108.893898,-6.950471,2024-07-11,4
66809,3,108.894999,-6.950477,2024-07-11,4
66810,3,108.894377,-6.950461,2024-07-11,4
66811,3,108.895294,-6.950452,2024-07-11,4
66812,3,108.894688,-6.950483,2024-07-11,4
66813,3,108.894105,-6.950445,2024-07-11,4
66814,3,108.895031,-6.95041,2024-07-11,4
66815,3,108.893779,-6.950404,2024-07-11,4
66816,3,108.895502,-6.950424,2024-07-11,4
66817,3,108.895854,-6.950389,2024-07-11,4
66818,3,108.89415,-6.950354,2024-07-11,4
66819,3,108.895057,-6.950352,2024-07-11,4
66820,3,108.894733,-6.950361,2024-07-11,4
66821,3,108.893919,-6.950353,2024-07-11,4
66822,3,108.894424,-6.950364,2024-07-11,4
66823,3,108.894758,-6.950292,2024-07-11,4
66824,3,108.893941,-6.950259,2024-07-11,4
66825,3,108.895159,-6.950283,2024-07-11,4
66826,3,108.894469,-6.950246,2024-07-11,4
66827,3,108.894195,-6.95026,2024-07-11,4
66828,3,108.894786,-6.950238,2024-07-11,4
66829,3,108.895628,-6.950299,2024-07-11,4
66830,3,108.894249,-6.95015,2024-07-11,4
66831,3,108.893998,-6.950172,2024-07-11,4
66832,3,108.894409,-6.950142,2024-07-11,4
66833,3,108.894826,-6.950147,2024-07-11,4
66834,3,108.895279,-6.95016,2024-07-11,4
66835,3,108.89405,-6.950064,2024-07-11,4
66836,3,108.894439,-6.950091,2024-07-11,4
66837,3,108.893815,-6.950084,2024-07-11,4
66838,3,108.895723,-6.950135,2024-07-11,4
66839,3,108.894087,-6.950004,2024-07-11,4
66840,3,108.895006,-6.950051,2024-07-11,4
66841,3,108.893846,-6.949976,2024-07-11,4
66842,3,108.895932,-6.949968,2024-07-11,4
66843,3,108.894477,-6.950005,2024-07-11,4
66844,3,108.894114,-6.949953,2024-07-11,4
66845,3,108.893873,-6.949914,2024-07-11,4
66846,3,108.895354,-6.949987,2024-07-11,4
66847,3,108.895714,-6.949979,2024-07-11,4
66848,3,108.894744,-6.949946,2024-07-11,4
66849,3,108.893901,-6.949863,2024-07-11,4
66850,3,108.895075,-6.949879,2024-07-11,4
66851,3,108.895647,-6.949851,2024-07-11,4
66852,3,108.895928,-6.949818,2024-07-11,4
66853,3,108.896034,-6.949771,2024-07-11,4
66854,3,108.894487,-6.949844,2024-07-11,4
66855,3,108.894071,-6.949838,2024-07-11,4
66856,3,108.895268,-6.949802,2024-07-11,4
66857,3,108.895919,-6.949719,2024-07-11,4
66858,3,108.894812,-6.949773,2024-07-11,4
66859,3,108.894249,-6.94975,2024-07-11,4
66860,3,108.895011,-6.9497,2024-07-11,4
66861,3,108.895315,-6.949715,2024-07-11,4
66862,3,108.895655,-6.949695,2024-07-11,4
66863,3,108.89561,-6.94976,2024-07-11,4
66864,3,108.894032,-6.949666,2024-07-11,4
66865,3,108.894558,-6.949673,2024-07-11,4
66866,3,108.895702,-6.949626,2024-07-11,4
66867,3,108.894808,-6.94962,2024-07-11,4
66868,3,108.895052,-6.949608,2024-07-11,4
66869,3,108.895093,-6.94954,2024-07-11,4
66870,3,108.894621,-6.949546,2024-07-11,4
66871,3,108.894323,-6.949583,2024-07-11,4
66872,3,108.894859,-6.949529,2024-07-11,4
66873,3,108.89536,-6.949562,2024-07-11,4
66874,3,108.894138,-6.949521,2024-07-11,4
66875,3,108.895413,-6.949501,2024-07-11,4
66876,3,108.89488,-6.949449,2024-07-11,4
66877,3,108.894678,-6.949455,2024-07-11,4
66878,3,108.894402,-6.949459,2024-07-11,4
66879,3,108.895105,-6.949447,2024-07-11,4
66880,3,108.895154,-6.94939,2024-07-11,4
66881,3,108.894682,-6.949365,2024-07-11,4
66882,3,108.894447,-6.949362,2024-07-11,4
66883,3,108.894961,-6.949307,2024-07-11,4
66884,3,108.894889,-6.949349,2024-07-11,4
66885,3,108.894379,-6.949256,2024-07-11,4
66886,3,108.894491,-6.949284,2024-07-11,4
66887,3,108.89469,-6.949264,2024-07-11,4
66888,3,108.894531,-6.949203,2024-07-11,4
66932,3,108.938526,-6.913763,2024-07-11,4
66933,3,108.937982,-6.913649,2024-07-11,4
66938,3,108.938168,-6.913409,2024-07-11,4
66939,3,108.937918,-6.913403,2024-07-11,4
66940,3,108.937744,-6.913395,2024-07-11,4
66941,3,108.93752,-6.913384,2024-07-11,4
66943,3,108.936988,-6.91318,2024-07-11,4
66944,3,108.938159,-6.91314,2024-07-11,4
66945,3,108.937922,-6.913138,2024-07-11,4
66946,3,108.937759,-6.913133,2024-07-11,4
66948,3,108.937532,-6.913126,2024-07-11,4
66953,3,108.937281,-6.912905,2024-07-11,4
66954,3,108.936992,-6.91293,2024-07-11,4
66960,3,108.936921,-6.912704,2024-07-11,4
66961,3,108.937011,-6.912707,2024-07-11,4
66962,3,108.937252,-6.912711,2024-07-11,4
112564,4,109.406519,-6.896431,2024-07-23,4
112565,4,109.380958,-6.874142,2024-07-23,4
112566,4,109.381667,-6.874178,2024-07-23,4
112567,4,109.429472,-6.896186,2024-07-23,4
112568,4,109.429619,-6.895931,2024-07-23,4
112570,4,109.429517,-6.895706,2024-07-23,4
112573,4,109.052986,-6.995039,2024-07-23,4
112584,4,109.052619,-6.994092,2024-07-23,4
112708,4,109.053444,-6.99529,2024-07-23,4
112709,4,109.053896,-6.995292,2024-07-23,4
112711,4,109.052543,-6.994382,2024-07-23,4
112715,4,109.052544,-6.99393,2024-07-23,4
112720,4,109.052546,-6.993478,2024-07-23,4
112836,4,109.406249,-6.897601,2024-07-23,4
112837,4,109.406702,-6.897602,2024-07-23,4
112839,4,109.406251,-6.897149,2024-07-23,4
112840,4,109.406703,-6.89715,2024-07-23,4
112842,4,109.406252,-6.896696,2024-07-23,4
112843,4,109.406705,-6.896698,2024-07-23,4
112845,4,109.428699,-6.896738,2024-07-23,4
112846,4,109.429152,-6.896739,2024-07-23,4
112847,4,109.429604,-6.896741,2024-07-23,4
112848,4,109.430057,-6.896742,2024-07-23,4
112851,4,109.429606,-6.896289,2024-07-23,4
112852,4,109.430058,-6.89629,2024-07-23,4
112855,4,109.428702,-6.895833,2024-07-23,4
112857,4,109.429607,-6.895836,2024-07-23,4
112858,4,109.43006,-6.895838,2024-07-23,4
112866,4,109.429612,-6.89448,2024-07-23,4
112867,4,109.430064,-6.894482,2024-07-23,4
112868,4,109.382346,-6.875366,2024-07-23,4
112869,4,109.382799,-6.875368,2024-07-23,4
112874,4,109.380992,-6.874457,2024-07-23,4
112875,4,109.381445,-6.874459,2024-07-23,4
112876,4,109.381897,-6.87446,2024-07-23,4
112879,4,109.380994,-6.874005,2024-07-23,4
112880,4,109.381446,-6.874007,2024-07-23,4
112881,4,109.381899,-6.874008,2024-07-23,4
113600,4,109.054257,-6.995363,2024-07-23,4
113602,4,109.054117,-6.995335,2024-07-23,4
113604,4,109.053924,-6.995301,2024-07-23,4
113605,4,109.053782,-6.995276,2024-07-23,4
113607,4,109.053615,-6.995246,2024-07-23,4
113610,4,109.053409,-6.99521,2024-07-23,4
113611,4,109.053199,-6.995172,2024-07-23,4
113612,4,109.052976,-6.995135,2024-07-23,4
113614,4,109.054279,-6.995145,2024-07-23,4
113616,4,109.054127,-6.995113,2024-07-23,4
113618,4,109.053873,-6.995082,2024-07-23,4
113619,4,109.053637,-6.995053,2024-07-23,4
113620,4,109.053425,-6.995026,2024-07-23,4
113621,4,109.053223,-6.995001,2024-07-23,4
113623,4,109.052999,-6.994977,2024-07-23,4
113642,4,109.052579,-6.994653,2024-07-23,4
113652,4,109.05259,-6.994493,2024-07-23,4
113664,4,109.052604,-6.994313,2024-07-23,4
113673,4,109.05262,-6.9941,2024-07-23,4
113684,4,109.052635,-6.993886,2024-07-23,4
113685,4,109.052463,-6.993874,2024-07-23,4
113694,4,109.052477,-6.9937,2024-07-23,4
113695,4,109.052366,-6.99368,2024-07-23,4
113696,4,109.052648,-6.993688,2024-07-23,4
113700,4,109.052492,-6.993523,2024-07-23,4
113701,4,109.052379,-6.9935,2024-07-23,4
113702,4,109.05266,-6.993499,2024-07-23,4
113703,4,109.052388,-6.993398,2024-07-23,4
113706,4,109.052668,-6.993368,2024-07-23,4
113707,4,109.052547,-6.993411,2024-07-23,4
114091,4,109.40689,-6.897707,2024-07-23,4
114092,4,109.406701,-6.897694,2024-07-23,4
114093,4,109.40648,-6.897704,2024-07-23,4
114094,4,109.40628,-6.897681,2024-07-23,4
114095,4,109.406905,-6.897592,2024-07-23,4
114098,4,109.406707,-6.897572,2024-07-23,4
114099,4,109.406486,-6.897548,2024-07-23,4
114100,4,109.40629,-6.897527,2024-07-23,4
114101,4,109.406058,-6.897478,2024-07-23,4
114102,4,109.405894,-6.897463,2024-07-23,4
114104,4,109.40692,-6.897435,2024-07-23,4
114105,4,109.406768,-6.897419,2024-07-23,4
114106,4,109.406588,-6.8974,2024-07-23,4
114107,4,109.406023,-6.897359,2024-07-23,4
114108,4,109.406346,-6.897375,2024-07-23,4
114109,4,109.40693,-6.897274,2024-07-23,4
114110,4,109.406077,-6.897244,2024-07-23,4
114111,4,109.406778,-6.89726,2024-07-23,4
114112,4,109.40591,-6.89723,2024-07-23,4
114114,4,109.406596,-6.897242,2024-07-23,4
114116,4,109.406353,-6.897219,2024-07-23,4
114117,4,109.405902,-6.897144,2024-07-23,4
114118,4,109.405905,-6.89709,2024-07-23,4
114119,4,109.406072,-6.897124,2024-07-23,4
114120,4,109.406936,-6.897117,2024-07-23,4
114121,4,109.406774,-6.897102,2024-07-23,4
114122,4,109.405907,-6.89704,2024-07-23,4
114123,4,109.429556,-6.897051,2024-07-23,4
114124,4,109.429779,-6.897047,2024-07-23,4
114125,4,109.429973,-6.897045,2024-07-23,4
114126,4,109.406585,-6.897084,2024-07-23,4
114127,4,109.430168,-6.897004,2024-07-23,4
114129,4,109.430305,-6.897006,2024-07-23,4
114131,4,109.40591,-6.896993,2024-07-23,4
114132,4,109.406353,-6.89706,2024-07-23,4
114133,4,109.429148,-6.897034,2024-07-23,4
114134,4,109.428952,-6.897025,2024-07-23,4
114135,4,109.428778,-6.897015,2024-07-23,4
114136,4,109.428651,-6.897005,2024-07-23,4
114137,4,109.428488,-6.896966,2024-07-23,4
114138,4,109.406077,-6.897006,2024-07-23,4
114139,4,109.405911,-6.896952,2024-07-23,4
114140,4,109.406946,-6.896961,2024-07-23,4
114141,4,109.406787,-6.896947,2024-07-23,4
114142,4,109.406116,-6.896903,2024-07-23,4
114143,4,109.406599,-6.896928,2024-07-23,4
114144,4,109.429551,-6.896917,2024-07-23,4
114145,4,109.405948,-6.896886,2024-07-23,4
114146,4,109.429775,-6.896916,2024-07-23,4
114147,4,109.429975,-6.896912,2024-07-23,4
114148,4,109.430166,-6.89691,2024-07-23,4
114149,4,109.430305,-6.896906,2024-07-23,4
114151,4,109.406363,-6.896904,2024-07-23,4
114153,4,109.429144,-6.896865,2024-07-23,4
114154,4,109.428963,-6.896861,2024-07-23,4
114155,4,109.428797,-6.89686,2024-07-23,4
114156,4,109.428613,-6.896855,2024-07-23,4
114157,4,109.428491,-6.896857,2024-07-23,4
114158,4,109.406125,-6.896808,2024-07-23,4
114159,4,109.405955,-6.896789,2024-07-23,4
114160,4,109.406953,-6.896809,2024-07-23,4
114161,4,109.406789,-6.896792,2024-07-23,4
114162,4,109.4066,-6.896773,2024-07-23,4
114163,4,109.406159,-6.896721,2024-07-23,4
114164,4,109.429548,-6.896748,2024-07-23,4
114165,4,109.430229,-6.896745,2024-07-23,4
114166,4,109.429772,-6.896748,2024-07-23,4
114167,4,109.429984,-6.896746,2024-07-23,4
114168,4,109.406368,-6.896749,2024-07-23,4
114170,4,109.405991,-6.896703,2024-07-23,4
114172,4,109.406168,-6.896629,2024-07-23,4
114173,4,109.406964,-6.896656,2024-07-23,4
114174,4,109.429144,-6.89666,2024-07-23,4
114175,4,109.428975,-6.896658,2024-07-23,4
114176,4,109.428791,-6.896655,2024-07-23,4
114177,4,109.428592,-6.896654,2024-07-23,4
114178,4,109.428485,-6.896657,2024-07-23,4
114179,4,109.406803,-6.896639,2024-07-23,4
114180,4,109.405998,-6.896611,2024-07-23,4
114181,4,109.406615,-6.896618,2024-07-23,4
114182,4,109.406379,-6.896592,2024-07-23,4
114183,4,109.429784,-6.896583,2024-07-23,4
114184,4,109.430257,-6.896581,2024-07-23,4
114185,4,109.429545,-6.896582,2024-07-23,4
114186,4,109.430022,-6.896581,2024-07-23,4
114188,4,109.406175,-6.896537,2024-07-23,4
114190,4,109.406036,-6.896522,2024-07-23,4
114191,4,109.40593,-6.89651,2024-07-23,4
114192,4,109.406816,-6.896485,2024-07-23,4
114193,4,109.406629,-6.896464,2024-07-23,4
114194,4,109.40639,-6.896439,2024-07-23,4
114195,4,109.430024,-6.896416,2024-07-23,4
114196,4,109.429783,-6.896416,2024-07-23,4
114197,4,109.430258,-6.896414,2024-07-23,4
114198,4,109.429543,-6.896413,2024-07-23,4
114205,4,109.430259,-6.896253,2024-07-23,4
114206,4,109.430025,-6.896253,2024-07-23,4
114207,4,109.429784,-6.896251,2024-07-23,4
114208,4,109.42954,-6.896248,2024-07-23,4
114210,4,109.406042,-6.896318,2024-07-23,4
114217,4,109.43026,-6.896093,2024-07-23,4
114218,4,109.430027,-6.896091,2024-07-23,4
114219,4,109.429782,-6.896087,2024-07-23,4
114221,4,109.429535,-6.896083,2024-07-23,4
114225,4,109.406122,-6.89604,2024-07-23,4
114227,4,109.405988,-6.896027,2024-07-23,4
114230,4,109.430331,-6.895931,2024-07-23,4
114231,4,109.430194,-6.895929,2024-07-23,4
114232,4,109.42998,-6.895926,2024-07-23,4
114233,4,109.429756,-6.895922,2024-07-23,4
114234,4,109.429516,-6.895918,2024-07-23,4
114238,4,109.430331,-6.89578,2024-07-23,4
114240,4,109.430194,-6.895777,2024-07-23,4
114241,4,109.42999,-6.895771,2024-07-23,4
114242,4,109.429811,-6.895768,2024-07-23,4
114244,4,109.429646,-6.895765,2024-07-23,4
114245,4,109.429477,-6.895762,2024-07-23,4
114246,4,109.428569,-6.895785,2024-07-23,4
114248,4,109.428755,-6.895776,2024-07-23,4
114251,4,109.430331,-6.89567,2024-07-23,4
114252,4,109.430126,-6.895663,2024-07-23,4
114253,4,109.429852,-6.895654,2024-07-23,4
114254,4,109.406139,-6.895752,2024-07-23,4
114255,4,109.429655,-6.895648,2024-07-23,4
114256,4,109.429473,-6.895642,2024-07-23,4
114257,4,109.406005,-6.895742,2024-07-23,4
114260,4,109.430334,-6.895591,2024-07-23,4
114262,4,109.430137,-6.895583,2024-07-23,4
114263,4,109.429861,-6.895573,2024-07-23,4
114264,4,109.429657,-6.895566,2024-07-23,4
114267,4,109.429472,-6.89556,2024-07-23,4
114288,4,109.406155,-6.895475,2024-07-23,4
114291,4,109.406021,-6.895462,2024-07-23,4
114318,4,109.430272,-6.894833,2024-07-23,4
114319,4,109.430053,-6.89483,2024-07-23,4
114325,4,109.429829,-6.894826,2024-07-23,4
114326,4,109.429648,-6.894822,2024-07-23,4
114327,4,109.429474,-6.89482,2024-07-23,4
114328,4,109.430055,-6.894688,2024-07-23,4
114329,4,109.429831,-6.894684,2024-07-23,4
114330,4,109.42964,-6.894681,2024-07-23,4
114331,4,109.430271,-6.894686,2024-07-23,4
114332,4,109.429476,-6.894675,2024-07-23,4
114334,4,109.430272,-6.894547,2024-07-23,4
114335,4,109.430056,-6.894544,2024-07-23,4
114336,4,109.429827,-6.894541,2024-07-23,4
114337,4,109.429637,-6.894538,2024-07-23,4
114338,4,109.429466,-6.894536,2024-07-23,4
114344,4,109.430267,-6.894417,2024-07-23,4
114346,4,109.430054,-6.894405,2024-07-23,4
114347,4,109.429824,-6.894401,2024-07-23,4
114348,4,109.429633,-6.894399,2024-07-23,4
114349,4,109.429463,-6.894397,2024-07-23,4
114353,4,109.429472,-6.894289,2024-07-23,4
114354,4,109.43019,-6.894289,2024-07-23,4
114355,4,109.429631,-6.894282,2024-07-23,4
114356,4,109.43005,-6.894288,2024-07-23,4
114357,4,109.429822,-6.894274,2024-07-23,4
114358,4,109.382623,-6.875416,2024-07-23,4
114359,4,109.382781,-6.875371,2024-07-23,4
114360,4,109.382915,-6.875304,2024-07-23,4
114361,4,109.382411,-6.875343,2024-07-23,4
114362,4,109.382695,-6.875283,2024-07-23,4
114363,4,109.38242,-6.875252,2024-07-23,4
114365,4,109.382958,-6.875236,2024-07-23,4
114367,4,109.382552,-6.875196,2024-07-23,4
114371,4,109.382971,-6.875146,2024-07-23,4
114376,4,109.38256,-6.875102,2024-07-23,4
114403,4,109.38306,-6.874616,2024-07-23,4
114405,4,109.382651,-6.874601,2024-07-23,4
114410,4,109.382147,-6.874513,2024-07-23,4
114412,4,109.381817,-6.874493,2024-07-23,4
114413,4,109.381483,-6.874467,2024-07-23,4
114414,4,109.381203,-6.874444,2024-07-23,4
114417,4,109.380885,-6.874413,2024-07-23,4
114419,4,109.382152,-6.874358,2024-07-23,4
114420,4,109.381824,-6.874338,2024-07-23,4
114423,4,109.381488,-6.874317,2024-07-23,4
114425,4,109.38121,-6.874298,2024-07-23,4
114426,4,109.380891,-6.874273,2024-07-23,4
114427,4,109.382152,-6.874225,2024-07-23,4
114428,4,109.38183,-6.874206,2024-07-23,4
114429,4,109.381492,-6.874186,2024-07-23,4
114431,4,109.381148,-6.874165,2024-07-23,4
114434,4,109.380825,-6.874141,2024-07-23,4
114435,4,109.382154,-6.874103,2024-07-23,4
114436,4,109.381835,-6.874084,2024-07-23,4
114437,4,109.381494,-6.874064,2024-07-23,4
114438,4,109.381153,-6.874044,2024-07-23,4
114439,4,109.380831,-6.874024,2024-07-23,4
114444,4,109.382156,-6.873985,2024-07-23,4
114445,4,109.381841,-6.873966,2024-07-23,4
114446,4,109.381499,-6.873945,2024-07-23,4
114447,4,109.381156,-6.873926,2024-07-23,4
114448,4,109.380833,-6.87391,2024-07-23,4
114453,4,109.382157,-6.873854,2024-07-23,4
114454,4,109.381847,-6.873836,2024-07-23,4
114455,4,109.381506,-6.873816,2024-07-23,4
114456,4,109.381161,-6.873798,2024-07-23,4
114457,4,109.380838,-6.873781,2024-07-23,4
114458,4,109.383099,-6.873717,2024-07-23,4
114459,4,109.382887,-6.873715,2024-07-23,4
114460,4,109.382665,-6.873713,2024-07-23,4
114461,4,109.382438,-6.87371,2024-07-23,4
62511,3,108.892183,-6.948961,2024-07-11,5
62515,3,109.053417,-6.9815,2024-07-11,5
62520,3,109.411611,-7.426361,2024-07-11,5
62530,3,109.488056,-7.716167,2024-07-11,5
62996,3,109.487652,-7.715784,2024-07-11,5
62997,3,109.488105,-7.715786,2024-07-11,5
62999,3,109.489012,-7.715789,2024-07-11,5
63000,3,109.487653,-7.715332,2024-07-11,5
63001,3,109.488107,-7.715334,2024-07-11,5
63004,3,109.487655,-7.71488,2024-07-11,5
63005,3,109.488108,-7.714882,2024-07-11,5
63091,3,109.411658,-7.426606,2024-07-11,5
63092,3,109.412111,-7.426607,2024-07-11,5
63100,3,109.411659,-7.426154,2024-07-11,5
63101,3,109.412112,-7.426155,2024-07-11,5
63111,3,109.052593,-6.982177,2024-07-11,5
63112,3,109.053045,-6.982179,2024-07-11,5
63113,3,109.052595,-6.981725,2024-07-11,5
63114,3,109.053047,-6.981727,2024-07-11,5
63116,3,109.052597,-6.981273,2024-07-11,5
65707,3,109.48898,-7.716486,2024-07-11,5
65709,3,109.488243,-7.716461,2024-07-11,5
65711,3,109.487982,-7.716373,2024-07-11,5
65722,3,109.488794,-7.716119,2024-07-11,5
65732,3,109.488121,-7.715929,2024-07-11,5
65734,3,109.488644,-7.715902,2024-07-11,5
65736,3,109.487735,-7.715842,2024-07-11,5
65737,3,109.488996,-7.715832,2024-07-11,5
65739,3,109.488145,-7.715814,2024-07-11,5
65740,3,109.488984,-7.715749,2024-07-11,5
65742,3,109.487682,-7.715721,2024-07-11,5
65746,3,109.487677,-7.715582,2024-07-11,5
65747,3,109.487994,-7.715562,2024-07-11,5
65749,3,109.489253,-7.715473,2024-07-11,5
65752,3,109.489245,-7.715322,2024-07-11,5
65755,3,109.488168,-7.715376,2024-07-11,5
65756,3,109.487725,-7.715351,2024-07-11,5
65760,3,109.489216,-7.715111,2024-07-11,5
65762,3,109.48878,-7.715103,2024-07-11,5
65763,3,109.48919,-7.714993,2024-07-11,5
65764,3,109.487886,-7.715006,2024-07-11,5
65765,3,109.489155,-7.714878,2024-07-11,5
65766,3,109.487612,-7.715017,2024-07-11,5
65768,3,109.487768,-7.714809,2024-07-11,5
65769,3,109.48811,-7.714876,2024-07-11,5
65770,3,109.487885,-7.714778,2024-07-11,5
65771,3,109.488043,-7.714741,2024-07-11,5
66365,3,109.411941,-7.426895,2024-07-11,5
66371,3,109.411867,-7.426886,2024-07-11,5
66374,3,109.411796,-7.426877,2024-07-11,5
66379,3,109.411668,-7.426859,2024-07-11,5
66384,3,109.411527,-7.426841,2024-07-11,5
66386,3,109.411431,-7.42683,2024-07-11,5
66387,3,109.411378,-7.426822,2024-07-11,5
66395,3,109.412286,-7.426848,2024-07-11,5
66396,3,109.412224,-7.426842,2024-07-11,5
66400,3,109.412145,-7.42683,2024-07-11,5
66403,3,109.412067,-7.426829,2024-07-11,5
66405,3,109.412014,-7.426814,2024-07-11,5
66408,3,109.411952,-7.426805,2024-07-11,5
66414,3,109.411866,-7.426787,2024-07-11,5
66415,3,109.411772,-7.426775,2024-07-11,5
66420,3,109.411666,-7.426754,2024-07-11,5
66427,3,109.411543,-7.426735,2024-07-11,5
66429,3,109.411449,-7.426719,2024-07-11,5
66432,3,109.411391,-7.426705,2024-07-11,5
66453,3,109.412317,-7.426627,2024-07-11,5
66456,3,109.412258,-7.426623,2024-07-11,5
66460,3,109.412179,-7.426613,2024-07-11,5
66464,3,109.412102,-7.426593,2024-07-11,5
66466,3,109.412022,-7.426591,2024-07-11,5
66468,3,109.41192,-7.426562,2024-07-11,5
66470,3,109.411817,-7.426555,2024-07-11,5
66476,3,109.411701,-7.426534,2024-07-11,5
66482,3,109.411577,-7.426517,2024-07-11,5
66487,3,109.411487,-7.426503,2024-07-11,5
66491,3,109.411421,-7.426478,2024-07-11,5
66515,3,109.412335,-7.426351,2024-07-11,5
66519,3,109.411608,-7.426306,2024-07-11,5
66520,3,109.412236,-7.426337,2024-07-11,5
66521,3,109.411412,-7.42624,2024-07-11,5
66526,3,109.412156,-7.426324,2024-07-11,5
66530,3,109.412074,-7.426318,2024-07-11,5
66535,3,109.411978,-7.426302,2024-07-11,5
66543,3,109.411867,-7.426285,2024-07-11,5
66567,3,109.41163,-7.426173,2024-07-11,5
66568,3,109.412371,-7.426153,2024-07-11,5
66569,3,109.411426,-7.426133,2024-07-11,5
66572,3,109.412267,-7.426138,2024-07-11,5
66575,3,109.412182,-7.426129,2024-07-11,5
66576,3,109.412097,-7.426118,2024-07-11,5
66578,3,109.412006,-7.426108,2024-07-11,5
66582,3,109.411796,-7.426078,2024-07-11,5
66583,3,109.412391,-7.426045,2024-07-11,5
66585,3,109.412269,-7.426031,2024-07-11,5
66588,3,109.412164,-7.426021,2024-07-11,5
66589,3,109.411546,-7.426041,2024-07-11,5
66590,3,109.411441,-7.426021,2024-07-11,5
66591,3,109.412065,-7.426011,2024-07-11,5
66595,3,109.411876,-7.42599,2024-07-11,5
66599,3,109.411588,-7.425957,2024-07-11,5
66699,3,109.052823,-6.982463,2024-07-11,5
66700,3,109.052541,-6.982452,2024-07-11,5
66706,3,109.053327,-6.982333,2024-07-11,5
66708,3,109.052833,-6.982201,2024-07-11,5
66709,3,109.052552,-6.982182,2024-07-11,5
66711,3,109.052943,-6.982091,2024-07-11,5
66712,3,109.052706,-6.982075,2024-07-11,5
66713,3,109.052557,-6.982064,2024-07-11,5
66716,3,109.05298,-6.981822,2024-07-11,5
66717,3,109.052577,-6.981797,2024-07-11,5
66719,3,109.052992,-6.981708,2024-07-11,5
66720,3,109.052827,-6.981759,2024-07-11,5
66721,3,109.052709,-6.981763,2024-07-11,5
66722,3,109.052603,-6.981682,2024-07-11,5
66723,3,109.053753,-6.981651,2024-07-11,5
66724,3,109.053524,-6.981637,2024-07-11,5
66725,3,109.053269,-6.981621,2024-07-11,5
66726,3,109.052995,-6.981604,2024-07-11,5
66727,3,109.052783,-6.98159,2024-07-11,5
66728,3,109.05262,-6.98158,2024-07-11,5
66729,3,109.053756,-6.98156,2024-07-11,5
66730,3,109.053529,-6.981546,2024-07-11,5
66731,3,109.053273,-6.98153,2024-07-11,5
66732,3,109.052999,-6.981511,2024-07-11,5
66733,3,109.052789,-6.981497,2024-07-11,5
66734,3,109.052623,-6.981486,2024-07-11,5
66735,3,109.053791,-6.981432,2024-07-11,5
66736,3,109.053634,-6.981423,2024-07-11,5
66737,3,109.053474,-6.981412,2024-07-11,5
66738,3,109.053284,-6.981398,2024-07-11,5
66739,3,109.052946,-6.981373,2024-07-11,5
66740,3,109.052628,-6.981349,2024-07-11,5
66747,3,109.052946,-6.981087,2024-07-11,5
66748,3,109.052637,-6.981069,2024-07-11,5
66749,3,109.053792,-6.981095,2024-07-11,5
66750,3,109.053623,-6.981083,2024-07-11,5
66751,3,109.053351,-6.981065,2024-07-11,5
66752,3,109.052945,-6.980989,2024-07-11,5
66753,3,109.05264,-6.980968,2024-07-11,5
112572,4,109.052569,-6.994953,2024-07-23,5
112574,4,109.052872,-6.995378,2024-07-23,5
112582,4,109.406953,-6.895875,2024-07-23,5
112585,4,109.052478,-6.994253,2024-07-23,5
112705,4,109.053894,-6.995744,2024-07-23,5
112706,4,109.052539,-6.995286,2024-07-23,5
112707,4,109.052991,-6.995288,2024-07-23,5
112710,4,109.052541,-6.994834,2024-07-23,5
112713,4,109.053447,-6.994386,2024-07-23,5
112714,4,109.0539,-6.994388,2024-07-23,5
112717,4,109.053449,-6.993934,2024-07-23,5
112718,4,109.053902,-6.993936,2024-07-23,5
112719,4,109.054354,-6.993938,2024-07-23,5
112722,4,109.053451,-6.993482,2024-07-23,5
112725,4,109.094712,-6.9715,2024-07-23,5
112730,4,109.094713,-6.971048,2024-07-23,5
112838,4,109.407154,-6.897604,2024-07-23,5
112841,4,109.407155,-6.897152,2024-07-23,5
112844,4,109.407157,-6.8967,2024-07-23,5
112849,4,109.406254,-6.896244,2024-07-23,5
112850,4,109.406706,-6.896246,2024-07-23,5
112853,4,109.406255,-6.895792,2024-07-23,5
112854,4,109.406708,-6.895794,2024-07-23,5
113577,4,109.054207,-6.995776,2024-07-23,5
113579,4,109.054226,-6.995678,2024-07-23,5
113583,4,109.053934,-6.995689,2024-07-23,5
113585,4,109.053611,-6.995625,2024-07-23,5
113587,4,109.053501,-6.995601,2024-07-23,5
113589,4,109.053354,-6.995571,2024-07-23,5
113590,4,109.054239,-6.99555,2024-07-23,5
113591,4,109.053143,-6.995527,2024-07-23,5
113592,4,109.05294,-6.995483,2024-07-23,5
113593,4,109.054009,-6.995506,2024-07-23,5
113594,4,109.053762,-6.995462,2024-07-23,5
113595,4,109.052728,-6.995435,2024-07-23,5
113596,4,109.052514,-6.99542,2024-07-23,5
113597,4,109.053597,-6.995433,2024-07-23,5
113598,4,109.05234,-6.995407,2024-07-23,5
113599,4,109.053373,-6.995393,2024-07-23,5
113601,4,109.053161,-6.995353,2024-07-23,5
113603,4,109.052956,-6.995313,2024-07-23,5
113606,4,109.052745,-6.995244,2024-07-23,5
113608,4,109.05253,-6.99523,2024-07-23,5
113609,4,109.052351,-6.995218,2024-07-23,5
113613,4,109.05276,-6.995075,2024-07-23,5
113615,4,109.052543,-6.995059,2024-07-23,5
113617,4,109.05236,-6.995045,2024-07-23,5
113622,4,109.054298,-6.994953,2024-07-23,5
113624,4,109.054147,-6.994943,2024-07-23,5
113625,4,109.053888,-6.994927,2024-07-23,5
113626,4,109.053648,-6.994912,2024-07-23,5
113627,4,109.053434,-6.994899,2024-07-23,5
113628,4,109.053119,-6.99488,2024-07-23,5
113629,4,109.052776,-6.994917,2024-07-23,5
113630,4,109.052557,-6.994901,2024-07-23,5
113631,4,109.05237,-6.994886,2024-07-23,5
113632,4,109.054189,-6.99474,2024-07-23,5
113633,4,109.053973,-6.994729,2024-07-23,5
113634,4,109.053826,-6.994722,2024-07-23,5
113635,4,109.053687,-6.994715,2024-07-23,5
113636,4,109.05354,-6.994706,2024-07-23,5
113637,4,109.053362,-6.994696,2024-07-23,5
113638,4,109.053157,-6.994684,2024-07-23,5
113639,4,109.052404,-6.994658,2024-07-23,5
113643,4,109.054199,-6.994582,2024-07-23,5
113644,4,109.053988,-6.994563,2024-07-23,5
113645,4,109.052412,-6.994531,2024-07-23,5
113646,4,109.054306,-6.994493,2024-07-23,5
113647,4,109.053841,-6.99455,2024-07-23,5
113648,4,109.054177,-6.994479,2024-07-23,5
113649,4,109.053704,-6.994538,2024-07-23,5
113650,4,109.054,-6.994459,2024-07-23,5
113651,4,109.053558,-6.994523,2024-07-23,5
113653,4,109.053379,-6.994507,2024-07-23,5
113654,4,109.053168,-6.994492,2024-07-23,5
113658,4,109.052421,-6.994406,2024-07-23,5
113659,4,109.054315,-6.994368,2024-07-23,5
113660,4,109.054187,-6.994353,2024-07-23,5
113661,4,109.054011,-6.994335,2024-07-23,5
113662,4,109.053861,-6.994345,2024-07-23,5
113663,4,109.053725,-6.994332,2024-07-23,5
113665,4,109.05358,-6.994316,2024-07-23,5
113666,4,109.053445,-6.994301,2024-07-23,5
113667,4,109.052432,-6.99426,2024-07-23,5
113670,4,109.054329,-6.994175,2024-07-23,5
113671,4,109.054205,-6.994151,2024-07-23,5
113672,4,109.054031,-6.994122,2024-07-23,5
113674,4,109.052446,-6.994075,2024-07-23,5
113675,4,109.053884,-6.994099,2024-07-23,5
113678,4,109.053748,-6.994081,2024-07-23,5
113679,4,109.053603,-6.994058,2024-07-23,5
113680,4,109.054297,-6.993987,2024-07-23,5
113681,4,109.053463,-6.994037,2024-07-23,5
113682,4,109.054123,-6.993954,2024-07-23,5
113683,4,109.053929,-6.993916,2024-07-23,5
113686,4,109.052352,-6.993864,2024-07-23,5
113687,4,109.054305,-6.993831,2024-07-23,5
113688,4,109.054132,-6.993813,2024-07-23,5
113689,4,109.053867,-6.993785,2024-07-23,5
113690,4,109.053646,-6.993816,2024-07-23,5
113691,4,109.053503,-6.993794,2024-07-23,5
113697,4,109.05371,-6.993647,2024-07-23,5
113708,4,109.05369,-6.993465,2024-07-23,5
113709,4,109.053524,-6.993525,2024-07-23,5
113710,4,109.053636,-6.993275,2024-07-23,5
113712,4,109.094674,-6.97147,2024-07-23,5
113718,4,109.094528,-6.971441,2024-07-23,5
113725,4,109.094685,-6.971318,2024-07-23,5
113726,4,109.094539,-6.971292,2024-07-23,5
113732,4,109.094912,-6.971275,2024-07-23,5
113738,4,109.094551,-6.97111,2024-07-23,5
113739,4,109.09469,-6.971108,2024-07-23,5
113745,4,109.094913,-6.971096,2024-07-23,5
113749,4,109.094563,-6.970914,2024-07-23,5
113755,4,109.095017,-6.97088,2024-07-23,5
113757,4,109.094877,-6.970897,2024-07-23,5
113759,4,109.094693,-6.97089,2024-07-23,5
113770,4,109.095027,-6.97069,2024-07-23,5
113772,4,109.094905,-6.970684,2024-07-23,5
113781,4,109.094915,-6.9705,2024-07-23,5
113783,4,109.095037,-6.9705,2024-07-23,5
113793,4,109.094924,-6.97032,2024-07-23,5
113807,4,109.094933,-6.970112,2024-07-23,5
113813,4,109.094938,-6.969962,2024-07-23,5
114096,4,109.407241,-6.897579,2024-07-23,5
114097,4,109.407129,-6.89757,2024-07-23,5
114103,4,109.40714,-6.89744,2024-07-23,5
114113,4,109.407265,-6.897402,2024-07-23,5
114115,4,109.407198,-6.897239,2024-07-23,5
114128,4,109.407322,-6.897084,2024-07-23,5
114130,4,109.407213,-6.89707,2024-07-23,5
114150,4,109.407336,-6.89691,2024-07-23,5
114152,4,109.407227,-6.896898,2024-07-23,5
114169,4,109.407349,-6.896746,2024-07-23,5
114171,4,109.407241,-6.896727,2024-07-23,5
114187,4,109.407352,-6.896573,2024-07-23,5
114189,4,109.407243,-6.896562,2024-07-23,5
114199,4,109.407363,-6.896403,2024-07-23,5
114200,4,109.407253,-6.896393,2024-07-23,5
114201,4,109.406987,-6.896323,2024-07-23,5
114202,4,109.406829,-6.896307,2024-07-23,5
114203,4,109.406678,-6.896293,2024-07-23,5
114204,4,109.406508,-6.896276,2024-07-23,5
114209,4,109.406304,-6.896256,2024-07-23,5
114211,4,109.407374,-6.896227,2024-07-23,5
114212,4,109.407261,-6.89622,2024-07-23,5
114213,4,109.406999,-6.89616,2024-07-23,5
114214,4,109.406841,-6.896144,2024-07-23,5
114215,4,109.406692,-6.89613,2024-07-23,5
114216,4,109.406522,-6.896112,2024-07-23,5
114220,4,109.406315,-6.896092,2024-07-23,5
114222,4,109.407385,-6.896061,2024-07-23,5
114223,4,109.407271,-6.89605,2024-07-23,5
114224,4,109.407011,-6.895995,2024-07-23,5
114226,4,109.406852,-6.89598,2024-07-23,5
114228,4,109.406703,-6.895965,2024-07-23,5
114229,4,109.406534,-6.895949,2024-07-23,5
114235,4,109.406326,-6.895928,2024-07-23,5
114236,4,109.407023,-6.895826,2024-07-23,5
114237,4,109.406863,-6.895811,2024-07-23,5
114239,4,109.406713,-6.895798,2024-07-23,5
114243,4,109.406544,-6.895783,2024-07-23,5
114247,4,109.406336,-6.895765,2024-07-23,5
114258,4,109.407034,-6.895654,2024-07-23,5
114259,4,109.406875,-6.895642,2024-07-23,5
114261,4,109.406724,-6.895629,2024-07-23,5
114265,4,109.406549,-6.895616,2024-07-23,5
114270,4,109.40634,-6.895599,2024-07-23,5
114275,4,109.406965,-6.895486,2024-07-23,5
114276,4,109.406736,-6.895468,2024-07-23,5
114279,4,109.406561,-6.895454,2024-07-23,5
114285,4,109.406352,-6.895437,2024-07-23,5
112571,4,109.093331,-6.969928,2024-07-23,6
112575,4,109.052519,-6.995586,2024-07-23,6
112700,4,109.05344,-6.996194,2024-07-23,6
112701,4,109.053892,-6.996196,2024-07-23,6
112702,4,109.052537,-6.995738,2024-07-23,6
112703,4,109.052989,-6.99574,2024-07-23,6
112704,4,109.053442,-6.995742,2024-07-23,6
112723,4,109.093807,-6.971496,2024-07-23,6
112724,4,109.094259,-6.971498,2024-07-23,6
112726,4,109.095164,-6.971502,2024-07-23,6
112727,4,109.093356,-6.971042,2024-07-23,6
112728,4,109.093809,-6.971044,2024-07-23,6
112729,4,109.094261,-6.971046,2024-07-23,6
112731,4,109.095166,-6.97105,2024-07-23,6
112732,4,109.093358,-6.97059,2024-07-23,6
112733,4,109.09381,-6.970592,2024-07-23,6
112734,4,109.094263,-6.970594,2024-07-23,6
112735,4,109.094715,-6.970596,2024-07-23,6
112736,4,109.095168,-6.970598,2024-07-23,6
112737,4,109.09336,-6.970138,2024-07-23,6
112738,4,109.093812,-6.97014,2024-07-23,6
112739,4,109.094265,-6.970142,2024-07-23,6
112740,4,109.094717,-6.970144,2024-07-23,6
112741,4,109.093362,-6.969686,2024-07-23,6
112742,4,109.093814,-6.969688,2024-07-23,6
112743,4,109.094266,-6.96969,2024-07-23,6
112744,4,109.094719,-6.969692,2024-07-23,6
113550,4,109.053733,-6.996248,2024-07-23,6
113551,4,109.053502,-6.996198,2024-07-23,6
113552,4,109.054174,-6.996183,2024-07-23,6
113553,4,109.05399,-6.996178,2024-07-23,6
113554,4,109.053251,-6.996155,2024-07-23,6
113555,4,109.05376,-6.996136,2024-07-23,6
113556,4,109.053004,-6.996101,2024-07-23,6
113557,4,109.052769,-6.996051,2024-07-23,6
113558,4,109.053517,-6.996089,2024-07-23,6
113559,4,109.054189,-6.996069,2024-07-23,6
113560,4,109.052548,-6.996006,2024-07-23,6
113561,4,109.052422,-6.995979,2024-07-23,6
113562,4,109.053265,-6.99604,2024-07-23,6
113563,4,109.054013,-6.996035,2024-07-23,6
113564,4,109.053017,-6.995992,2024-07-23,6
113565,4,109.05378,-6.995991,2024-07-23,6
113566,4,109.052783,-6.995948,2024-07-23,6
113567,4,109.053536,-6.995944,2024-07-23,6
113568,4,109.054205,-6.995922,2024-07-23,6
113569,4,109.052559,-6.995906,2024-07-23,6
113570,4,109.053296,-6.995899,2024-07-23,6
113571,4,109.054033,-6.995886,2024-07-23,6
113572,4,109.052353,-6.995864,2024-07-23,6
113573,4,109.05305,-6.995853,2024-07-23,6
113574,4,109.053806,-6.995839,2024-07-23,6
113575,4,109.0528,-6.995806,2024-07-23,6
113576,4,109.053605,-6.995799,2024-07-23,6
113578,4,109.052576,-6.995765,2024-07-23,6
113580,4,109.052364,-6.995725,2024-07-23,6
113581,4,109.053356,-6.995746,2024-07-23,6
113582,4,109.053068,-6.995687,2024-07-23,6
113584,4,109.052855,-6.995642,2024-07-23,6
113586,4,109.052661,-6.995614,2024-07-23,6
113588,4,109.052408,-6.995581,2024-07-23,6
113704,4,109.053331,-6.993875,2024-07-23,6
113711,4,109.053175,-6.993844,2024-07-23,6
113713,4,109.094885,-6.971471,2024-07-23,6
113714,4,109.095234,-6.971456,2024-07-23,6
113715,4,109.0938,-6.971474,2024-07-23,6
113716,4,109.094072,-6.971439,2024-07-23,6
113717,4,109.094336,-6.971439,2024-07-23,6
113719,4,109.095071,-6.971439,2024-07-23,6
113720,4,109.093304,-6.971422,2024-07-23,6
113721,4,109.094888,-6.971391,2024-07-23,6
113723,4,109.095245,-6.971325,2024-07-23,6
113724,4,109.095404,-6.971304,2024-07-23,6
113727,4,109.094345,-6.971287,2024-07-23,6
113728,4,109.09408,-6.971284,2024-07-23,6
113729,4,109.093815,-6.97133,2024-07-23,6
113730,4,109.093311,-6.971269,2024-07-23,6
113731,4,109.093763,-6.971231,2024-07-23,6
113733,4,109.095081,-6.97127,2024-07-23,6
113734,4,109.095252,-6.971194,2024-07-23,6
113736,4,109.095406,-6.971187,2024-07-23,6
113737,4,109.094445,-6.971103,2024-07-23,6
113740,4,109.093911,-6.971089,2024-07-23,6
113741,4,109.094301,-6.971097,2024-07-23,6
113742,4,109.095256,-6.97106,2024-07-23,6
113743,4,109.094096,-6.971091,2024-07-23,6
113744,4,109.093325,-6.971083,2024-07-23,6
113746,4,109.09509,-6.971078,2024-07-23,6
113747,4,109.093773,-6.971059,2024-07-23,6
113750,4,109.094458,-6.970909,2024-07-23,6
113751,4,109.094305,-6.970903,2024-07-23,6
113752,4,109.094103,-6.9709,2024-07-23,6
113753,4,109.093921,-6.970901,2024-07-23,6
113754,4,109.095262,-6.970894,2024-07-23,6
113756,4,109.095102,-6.970886,2024-07-23,6
113758,4,109.093338,-6.970881,2024-07-23,6
113760,4,109.093788,-6.970838,2024-07-23,6
113762,4,109.093943,-6.970744,2024-07-23,6
113763,4,109.093348,-6.97073,2024-07-23,6
113764,4,109.094113,-6.970745,2024-07-23,6
113765,4,109.094308,-6.970737,2024-07-23,6
113766,4,109.095265,-6.970716,2024-07-23,6
113767,4,109.095112,-6.970695,2024-07-23,6
113768,4,109.094476,-6.970628,2024-07-23,6
113769,4,109.094576,-6.970685,2024-07-23,6
113771,4,109.094722,-6.970681,2024-07-23,6
113773,4,109.093613,-6.970617,2024-07-23,6
113774,4,109.094257,-6.97058,2024-07-23,6
113775,4,109.093887,-6.970585,2024-07-23,6
113776,4,109.09412,-6.970584,2024-07-23,6
113777,4,109.093356,-6.970579,2024-07-23,6
113778,4,109.094584,-6.970516,2024-07-23,6
113779,4,109.094701,-6.97051,2024-07-23,6
113780,4,109.09482,-6.9705,2024-07-23,6
113782,4,109.093625,-6.970483,2024-07-23,6
113784,4,109.09448,-6.970501,2024-07-23,6
113785,4,109.095121,-6.970502,2024-07-23,6
113786,4,109.095271,-6.970516,2024-07-23,6
113787,4,109.093635,-6.970363,2024-07-23,6
113788,4,109.09337,-6.970391,2024-07-23,6
113789,4,109.094351,-6.970479,2024-07-23,6
113790,4,109.094264,-6.97039,2024-07-23,6
113791,4,109.094128,-6.970385,2024-07-23,6
113792,4,109.093903,-6.970382,2024-07-23,6
113794,4,109.094829,-6.970315,2024-07-23,6
113795,4,109.09449,-6.970309,2024-07-23,6
113796,4,109.094591,-6.970329,2024-07-23,6
113797,4,109.094702,-6.970319,2024-07-23,6
113798,4,109.093643,-6.97024,2024-07-23,6
113799,4,109.093383,-6.970229,2024-07-23,6
113800,4,109.094137,-6.970208,2024-07-23,6
113801,4,109.093917,-6.970203,2024-07-23,6
113802,4,109.094274,-6.970174,2024-07-23,6
113803,4,109.094365,-6.97016,2024-07-23,6
113804,4,109.094509,-6.970118,2024-07-23,6
113805,4,109.094706,-6.970113,2024-07-23,6
113806,4,109.094838,-6.970109,2024-07-23,6
113808,4,109.093658,-6.970076,2024-07-23,6
113809,4,109.093399,-6.970065,2024-07-23,6
113810,4,109.094143,-6.970053,2024-07-23,6
113811,4,109.093928,-6.970046,2024-07-23,6
113812,4,109.094845,-6.969963,2024-07-23,6
113814,4,109.093153,-6.96997,2024-07-23,6
113815,4,109.093675,-6.969917,2024-07-23,6
113816,4,109.093416,-6.969903,2024-07-23,6
113817,4,109.093943,-6.96989,2024-07-23,6
113818,4,109.094152,-6.969894,2024-07-23,6
113819,4,109.094285,-6.96994,2024-07-23,6
113820,4,109.094476,-6.969919,2024-07-23,6
113821,4,109.09317,-6.969831,2024-07-23,6
113822,4,109.093427,-6.969752,2024-07-23,6
113823,4,109.093203,-6.969716,2024-07-23,6
113824,4,109.093685,-6.969759,2024-07-23,6
113825,4,109.093955,-6.969742,2024-07-23,6
113826,4,109.09416,-6.969741,2024-07-23,6
113827,4,109.094294,-6.969738,2024-07-23,6
113828,4,109.094483,-6.969735,2024-07-23,6
113829,4,109.094686,-6.969854,2024-07-23,6
114986,4,109.429086,-6.895031,2024-08-04,2
114988,4,109.052806,-6.994267,2024-08-04,2
115018,4,109.411086,-7.444706,2024-08-04,2
115117,4,109.052995,-6.994384,2024-08-04,2
115121,4,109.052997,-6.993932,2024-08-04,2
115126,4,109.052999,-6.99348,2024-08-04,2
115261,4,109.429155,-6.895835,2024-08-04,2
115264,4,109.428704,-6.895381,2024-08-04,2
115267,4,109.428705,-6.894929,2024-08-04,2
115270,4,109.428707,-6.894477,2024-08-04,2
115289,4,109.380995,-6.873553,2024-08-04,2
115290,4,109.381448,-6.873555,2024-08-04,2
115291,4,109.3819,-6.873556,2024-08-04,2
116045,4,109.052953,-6.994673,2024-08-04,2
116046,4,109.05276,-6.994662,2024-08-04,2
116060,4,109.053009,-6.994484,2024-08-04,2
116061,4,109.052909,-6.994479,2024-08-04,2
116062,4,109.052772,-6.99447,2024-08-04,2
116073,4,109.052976,-6.994258,2024-08-04,2
116074,4,109.052789,-6.994246,2024-08-04,2
116081,4,109.052989,-6.994047,2024-08-04,2
116082,4,109.052803,-6.994036,2024-08-04,2
116097,4,109.052964,-6.993815,2024-08-04,2
116098,4,109.052818,-6.993807,2024-08-04,2
116103,4,109.053022,-6.993582,2024-08-04,2
116104,4,109.052834,-6.993571,2024-08-04,2
116110,4,109.052845,-6.993403,2024-08-04,2
116127,4,109.093542,-6.971421,2024-08-04,2
116140,4,109.093559,-6.971236,2024-08-04,2
116153,4,109.093577,-6.971021,2024-08-04,2
116166,4,109.093598,-6.970797,2024-08-04,2
116654,4,109.428911,-6.895767,2024-08-04,2
116655,4,109.429095,-6.89576,2024-08-04,2
116671,4,109.428486,-6.895606,2024-08-04,2
116673,4,109.428551,-6.895601,2024-08-04,2
116674,4,109.428646,-6.895597,2024-08-04,2
116676,4,109.428752,-6.895592,2024-08-04,2
116677,4,109.428856,-6.895587,2024-08-04,2
116687,4,109.428484,-6.895441,2024-08-04,2
116689,4,109.428547,-6.895435,2024-08-04,2
116691,4,109.428645,-6.895431,2024-08-04,2
116692,4,109.42875,-6.895426,2024-08-04,2
116694,4,109.428861,-6.895421,2024-08-04,2
116702,4,109.428501,-6.895236,2024-08-04,2
116703,4,109.428619,-6.89523,2024-08-04,2
116704,4,109.428748,-6.895227,2024-08-04,2
116705,4,109.42885,-6.895222,2024-08-04,2
116706,4,109.428976,-6.895218,2024-08-04,2
116707,4,109.429123,-6.895211,2024-08-04,2
116718,4,109.4285,-6.895004,2024-08-04,2
116719,4,109.428618,-6.894999,2024-08-04,2
116720,4,109.428746,-6.894998,2024-08-04,2
116721,4,109.428839,-6.894995,2024-08-04,2
116722,4,109.428947,-6.894991,2024-08-04,2
116725,4,109.42852,-6.89482,2024-08-04,2
116726,4,109.428668,-6.894818,2024-08-04,2
116727,4,109.428837,-6.894815,2024-08-04,2
116728,4,109.428975,-6.894813,2024-08-04,2
116729,4,109.429126,-6.894812,2024-08-04,2
116738,4,109.428768,-6.894644,2024-08-04,2
116744,4,109.428526,-6.894502,2024-08-04,2
116745,4,109.428669,-6.894492,2024-08-04,2
116746,4,109.428834,-6.89448,2024-08-04,2
116747,4,109.428968,-6.894473,2024-08-04,2
116748,4,109.42853,-6.894401,2024-08-04,2
116750,4,109.428669,-6.894388,2024-08-04,2
116755,4,109.428836,-6.894374,2024-08-04,2
116756,4,109.428967,-6.894364,2024-08-04,2
116757,4,109.429132,-6.89435,2024-08-04,2
116867,4,109.382157,-6.873711,2024-08-04,2
116868,4,109.381111,-6.873649,2024-08-04,2
116869,4,109.382057,-6.873592,2024-08-04,2
116870,4,109.380852,-6.873628,2024-08-04,2
116871,4,109.381522,-6.873561,2024-08-04,2
116872,4,109.38108,-6.873531,2024-08-04,2
116877,4,109.382057,-6.873482,2024-08-04,2
116879,4,109.381531,-6.873449,2024-08-04,2
116883,4,109.381077,-6.873421,2024-08-04,2
116884,4,109.380853,-6.873438,2024-08-04,2
117312,4,109.381615,-6.873678,2024-08-04,2
117313,4,109.381884,-6.873694,2024-08-04,2
117320,4,109.053055,-6.993827,2024-08-04,2
67046,3,108.985611,-7.153611,2024-08-04,3
67047,3,109.295694,-7.426111,2024-08-04,3
67048,3,109.352639,-7.434611,2024-08-04,3
67051,3,109.413361,-7.426667,2024-08-04,3
67052,3,109.375167,-7.504139,2024-08-04,3
67053,3,109.209417,-7.650194,2024-08-04,3
67054,3,109.295528,-7.649722,2024-08-04,3
67055,3,109.153,-7.613889,2024-08-04,3
67058,3,109.45025,-7.595639,2024-08-04,3
67521,3,109.48765,-7.716237,2024-08-04,3
67522,3,109.488103,-7.716238,2024-08-04,3
67523,3,109.488557,-7.71624,2024-08-04,3
67524,3,109.48901,-7.716241,2024-08-04,3
67527,3,109.488558,-7.715788,2024-08-04,3
67531,3,109.48856,-7.715336,2024-08-04,3
67532,3,109.489013,-7.715337,2024-08-04,3
67535,3,109.488562,-7.714883,2024-08-04,3
67536,3,109.489015,-7.714885,2024-08-04,3
67537,3,109.208281,-7.650512,2024-08-04,3
67538,3,109.208734,-7.650513,2024-08-04,3
67539,3,109.209188,-7.650515,2024-08-04,3
67540,3,109.209641,-7.650517,2024-08-04,3
67541,3,109.208283,-7.650059,2024-08-04,3
67542,3,109.208736,-7.650061,2024-08-04,3
67543,3,109.209189,-7.650063,2024-08-04,3
67544,3,109.209643,-7.650065,2024-08-04,3
67545,3,109.208285,-7.649607,2024-08-04,3
67546,3,109.208738,-7.649609,2024-08-04,3
67547,3,109.209644,-7.649613,2024-08-04,3
67562,3,109.151795,-7.614561,2024-08-04,3
67566,3,109.15225,-7.614111,2024-08-04,3
67567,3,109.152703,-7.614112,2024-08-04,3
67574,3,109.450012,-7.595837,2024-08-04,3
67575,3,109.450465,-7.595838,2024-08-04,3
67576,3,109.448654,-7.59538,2024-08-04,3
67577,3,109.449107,-7.595381,2024-08-04,3
67578,3,109.44956,-7.595383,2024-08-04,3
67579,3,109.450013,-7.595385,2024-08-04,3
67580,3,109.450466,-7.595386,2024-08-04,3
67581,3,109.448656,-7.594928,2024-08-04,3
67582,3,109.449109,-7.594929,2024-08-04,3
67583,3,109.449562,-7.594931,2024-08-04,3
67584,3,109.450015,-7.594933,2024-08-04,3
67585,3,109.450468,-7.594934,2024-08-04,3
67586,3,109.448657,-7.594476,2024-08-04,3
67587,3,109.44911,-7.594477,2024-08-04,3
67588,3,109.374681,-7.504687,2024-08-04,3
67589,3,109.375134,-7.504689,2024-08-04,3
67590,3,109.375587,-7.504691,2024-08-04,3
67591,3,109.37423,-7.504233,2024-08-04,3
67592,3,109.374683,-7.504235,2024-08-04,3
67593,3,109.375136,-7.504237,2024-08-04,3
67594,3,109.375589,-7.504238,2024-08-04,3
67595,3,109.374685,-7.503783,2024-08-04,3
67596,3,109.375138,-7.503785,2024-08-04,3
67597,3,109.375591,-7.503786,2024-08-04,3
67598,3,109.374686,-7.503331,2024-08-04,3
67599,3,109.352288,-7.435884,2024-08-04,3
67600,3,109.352741,-7.435885,2024-08-04,3
67601,3,109.353194,-7.435887,2024-08-04,3
67602,3,109.353647,-7.435889,2024-08-04,3
67603,3,109.35229,-7.435431,2024-08-04,3
67604,3,109.352743,-7.435433,2024-08-04,3
67605,3,109.353196,-7.435435,2024-08-04,3
67606,3,109.351839,-7.434978,2024-08-04,3
67607,3,109.352292,-7.434979,2024-08-04,3
67608,3,109.352745,-7.434981,2024-08-04,3
67609,3,109.353198,-7.434983,2024-08-04,3
67610,3,109.352746,-7.434529,2024-08-04,3
67611,3,109.2948,-7.427076,2024-08-04,3
67612,3,109.295253,-7.427078,2024-08-04,3
67613,3,109.295706,-7.42708,2024-08-04,3
67614,3,109.294801,-7.426624,2024-08-04,3
67615,3,109.295254,-7.426626,2024-08-04,3
67616,3,109.295707,-7.426628,2024-08-04,3
67617,3,109.294803,-7.426172,2024-08-04,3
67619,3,109.295709,-7.426176,2024-08-04,3
67622,3,109.412564,-7.426609,2024-08-04,3
67623,3,109.413017,-7.426611,2024-08-04,3
67624,3,109.41347,-7.426612,2024-08-04,3
67626,3,109.294805,-7.42572,2024-08-04,3
67627,3,109.295258,-7.425722,2024-08-04,3
67628,3,109.295711,-7.425724,2024-08-04,3
67631,3,109.413018,-7.426158,2024-08-04,3
67634,3,108.985799,-7.153666,2024-08-04,3
67635,3,108.986251,-7.153668,2024-08-04,3
67636,3,108.985348,-7.153212,2024-08-04,3
67637,3,108.985801,-7.153214,2024-08-04,3
67638,3,108.986253,-7.153216,2024-08-04,3
67639,3,108.985803,-7.152762,2024-08-04,3
67646,3,109.053049,-6.981275,2024-08-04,3
67673,3,108.937078,-6.913432,2024-08-04,3
67678,3,108.937985,-6.912984,2024-08-04,3
70237,3,109.488097,-7.716453,2024-08-04,3
70239,3,109.488407,-7.716455,2024-08-04,3
70241,3,109.488317,-7.716353,2024-08-04,3
70242,3,109.489262,-7.716273,2024-08-04,3
70243,3,109.487706,-7.716263,2024-08-04,3
70244,3,109.48799,-7.716254,2024-08-04,3
70245,3,109.489176,-7.716232,2024-08-04,3
70246,3,109.489281,-7.716204,2024-08-04,3
70247,3,109.488319,-7.716229,2024-08-04,3
70248,3,109.488844,-7.716321,2024-08-04,3
70249,3,109.489278,-7.716139,2024-08-04,3
70250,3,109.489163,-7.716138,2024-08-04,3
70252,3,109.489273,-7.716068,2024-08-04,3
70253,3,109.487694,-7.716115,2024-08-04,3
70254,3,109.488744,-7.716054,2024-08-04,3
70255,3,109.489145,-7.716038,2024-08-04,3
70256,3,109.489266,-7.715997,2024-08-04,3
70257,3,109.488331,-7.716064,2024-08-04,3
70258,3,109.488656,-7.715982,2024-08-04,3
70259,3,109.487687,-7.715965,2024-08-04,3
70260,3,109.489262,-7.715923,2024-08-04,3
70262,3,109.48901,-7.715938,2024-08-04,3
70264,3,109.48926,-7.715849,2024-08-04,3
70267,3,109.48862,-7.715822,2024-08-04,3
70270,3,109.489257,-7.715744,2024-08-04,3
70272,3,109.488061,-7.715697,2024-08-04,3
70273,3,109.489255,-7.715602,2024-08-04,3
70274,3,109.488566,-7.715672,2024-08-04,3
70277,3,109.488976,-7.715587,2024-08-04,3
70279,3,109.489247,-7.715383,2024-08-04,3
70280,3,109.48888,-7.715424,2024-08-04,3
70282,3,109.488449,-7.715437,2024-08-04,3
70283,3,109.487579,-7.715381,2024-08-04,3
70286,3,109.488858,-7.715285,2024-08-04,3
70287,3,109.489235,-7.715231,2024-08-04,3
70288,3,109.487941,-7.7153,2024-08-04,3
70290,3,109.488219,-7.715111,2024-08-04,3
70296,3,109.488849,-7.714878,2024-08-04,3
70301,3,109.488376,-7.714977,2024-08-04,3
70302,3,109.488566,-7.714856,2024-08-04,3
70303,3,109.488819,-7.714746,2024-08-04,3
70304,3,109.489087,-7.714764,2024-08-04,3
70305,3,109.209315,-7.650687,2024-08-04,3
70306,3,109.209393,-7.650685,2024-08-04,3
70307,3,109.209495,-7.650683,2024-08-04,3
70308,3,109.209614,-7.65068,2024-08-04,3
70309,3,109.20971,-7.650677,2024-08-04,3
70310,3,109.209794,-7.650675,2024-08-04,3
70311,3,109.209882,-7.650673,2024-08-04,3
70312,3,109.209943,-7.650671,2024-08-04,3
70313,3,109.20828,-7.650692,2024-08-04,3
70314,3,109.20834,-7.650689,2024-08-04,3
70315,3,109.208985,-7.650617,2024-08-04,3
70316,3,109.209046,-7.650616,2024-08-04,3
70317,3,109.208485,-7.650599,2024-08-04,3
70318,3,109.208407,-7.650599,2024-08-04,3
70319,3,109.208579,-7.650596,2024-08-04,3
70320,3,109.208335,-7.65055,2024-08-04,3
70321,3,109.208666,-7.650591,2024-08-04,3
70322,3,109.208749,-7.650532,2024-08-04,3
70323,3,109.20887,-7.650584,2024-08-04,3
70324,3,109.208275,-7.650539,2024-08-04,3
70325,3,109.209197,-7.650572,2024-08-04,3
70326,3,109.209139,-7.650572,2024-08-04,3
70327,3,109.20931,-7.650543,2024-08-04,3
70328,3,109.209388,-7.650541,2024-08-04,3
70329,3,109.20949,-7.650539,2024-08-04,3
70330,3,109.209608,-7.650536,2024-08-04,3
70331,3,109.209704,-7.650533,2024-08-04,3
70332,3,109.209788,-7.650533,2024-08-04,3
70333,3,109.209875,-7.650529,2024-08-04,3
70334,3,109.20994,-7.650524,2024-08-04,3
70335,3,109.209481,-7.650322,2024-08-04,3
70336,3,109.208268,-7.650289,2024-08-04,3
70337,3,109.208327,-7.650299,2024-08-04,3
70338,3,109.208396,-7.650297,2024-08-04,3
70339,3,109.208478,-7.650294,2024-08-04,3
70340,3,109.208575,-7.65029,2024-08-04,3
70341,3,109.208663,-7.650284,2024-08-04,3
70342,3,109.208745,-7.650279,2024-08-04,3
70343,3,109.208862,-7.650276,2024-08-04,3
70344,3,109.208974,-7.650307,2024-08-04,3
70345,3,109.209034,-7.650307,2024-08-04,3
70346,3,109.209078,-7.650399,2024-08-04,3
70347,3,109.209128,-7.65026,2024-08-04,3
70348,3,109.209186,-7.650259,2024-08-04,3
70349,3,109.2093,-7.650249,2024-08-04,3
70350,3,109.209377,-7.650245,2024-08-04,3
70351,3,109.209475,-7.650148,2024-08-04,3
70352,3,109.209597,-7.650238,2024-08-04,3
70353,3,109.209692,-7.650229,2024-08-04,3
70354,3,109.209774,-7.650226,2024-08-04,3
70355,3,109.20986,-7.650217,2024-08-04,3
70356,3,109.209933,-7.650208,2024-08-04,3
70357,3,109.208599,-7.650012,2024-08-04,3
70358,3,109.20874,-7.650004,2024-08-04,3
70359,3,109.209163,-7.649942,2024-08-04,3
70360,3,109.209373,-7.649927,2024-08-04,3
70361,3,109.209485,-7.649926,2024-08-04,3
70362,3,109.209635,-7.649919,2024-08-04,3
70363,3,109.209742,-7.649913,2024-08-04,3
70364,3,109.209789,-7.649915,2024-08-04,3
70365,3,109.209835,-7.649905,2024-08-04,3
70366,3,109.208415,-7.649944,2024-08-04,3
70367,3,109.20883,-7.649927,2024-08-04,3
70368,3,109.208958,-7.649922,2024-08-04,3
70369,3,109.208282,-7.649937,2024-08-04,3
70370,3,109.209914,-7.649881,2024-08-04,3
70371,3,109.209272,-7.649781,2024-08-04,3
70372,3,109.208595,-7.649793,2024-08-04,3
70373,3,109.209081,-7.649868,2024-08-04,3
70374,3,109.208283,-7.649667,2024-08-04,3
70375,3,109.209155,-7.649692,2024-08-04,3
70376,3,109.208421,-7.649668,2024-08-04,3
70377,3,109.20979,-7.649679,2024-08-04,3
70378,3,109.208597,-7.649624,2024-08-04,3
70379,3,109.208735,-7.64973,2024-08-04,3
70380,3,109.208823,-7.649651,2024-08-04,3
70381,3,109.208949,-7.649646,2024-08-04,3
70382,3,109.20907,-7.649592,2024-08-04,3
70383,3,109.209151,-7.649561,2024-08-04,3
70384,3,109.209333,-7.649641,2024-08-04,3
70385,3,109.209482,-7.649654,2024-08-04,3
70386,3,109.209373,-7.649525,2024-08-04,3
70387,3,109.209636,-7.649653,2024-08-04,3
70388,3,109.209492,-7.649522,2024-08-04,3
70389,3,109.209915,-7.649623,2024-08-04,3
70390,3,109.209643,-7.649517,2024-08-04,3
70391,3,109.209793,-7.649539,2024-08-04,3
70392,3,109.209917,-7.649504,2024-08-04,3
70461,3,109.15273,-7.61496,2024-08-04,3
70463,3,109.151966,-7.614948,2024-08-04,3
70466,3,109.151675,-7.614732,2024-08-04,3
70467,3,109.152715,-7.614792,2024-08-04,3
70471,3,109.151954,-7.614691,2024-08-04,3
70472,3,109.151666,-7.61458,2024-08-04,3
70477,3,109.151655,-7.614404,2024-08-04,3
70480,3,109.151938,-7.614323,2024-08-04,3
70481,3,109.152216,-7.614225,2024-08-04,3
70484,3,109.152723,-7.614265,2024-08-04,3
70486,3,109.15207,-7.61403,2024-08-04,3
70487,3,109.152479,-7.614026,2024-08-04,3
70488,3,109.152747,-7.614019,2024-08-04,3
70491,3,109.152426,-7.61382,2024-08-04,3
70492,3,109.152732,-7.613814,2024-08-04,3
70497,3,109.15162,-7.613448,2024-08-04,3
70498,3,109.151981,-7.613446,2024-08-04,3
70499,3,109.152343,-7.613444,2024-08-04,3
70500,3,109.152654,-7.613442,2024-08-04,3
70501,3,109.151893,-7.613343,2024-08-04,3
70502,3,109.152333,-7.613334,2024-08-04,3
70503,3,109.152654,-7.613328,2024-08-04,3
70505,3,109.450091,-7.595984,2024-08-04,3
70506,3,109.450427,-7.595949,2024-08-04,3
70509,3,109.450004,-7.595965,2024-08-04,3
70510,3,109.450327,-7.595949,2024-08-04,3
70511,3,109.450136,-7.595908,2024-08-04,3
70512,3,109.450175,-7.59594,2024-08-04,3
70513,3,109.450236,-7.595939,2024-08-04,3
70518,3,109.450113,-7.595818,2024-08-04,3
70520,3,109.449894,-7.595872,2024-08-04,3
70534,3,109.449963,-7.595739,2024-08-04,3
70536,3,109.449982,-7.595651,2024-08-04,3
70540,3,109.450141,-7.595608,2024-08-04,3
70542,3,109.450002,-7.595631,2024-08-04,3
70547,3,109.450558,-7.59572,2024-08-04,3
70549,3,109.450536,-7.595588,2024-08-04,3
70550,3,109.449054,-7.59557,2024-08-04,3
70552,3,109.450554,-7.595566,2024-08-04,3
70554,3,109.450561,-7.595519,2024-08-04,3
70555,3,109.450029,-7.595584,2024-08-04,3
70556,3,109.449611,-7.595543,2024-08-04,3
70557,3,109.450272,-7.595471,2024-08-04,3
70559,3,109.450229,-7.595552,2024-08-04,3
70560,3,109.450577,-7.595465,2024-08-04,3
70561,3,109.449965,-7.595477,2024-08-04,3
70562,3,109.449562,-7.595468,2024-08-04,3
70565,3,109.450223,-7.59538,2024-08-04,3
70566,3,109.448671,-7.595389,2024-08-04,3
70567,3,109.449563,-7.595366,2024-08-04,3
70568,3,109.449182,-7.595513,2024-08-04,3
70569,3,109.448853,-7.595404,2024-08-04,3
70570,3,109.449576,-7.595251,2024-08-04,3
70571,3,109.449968,-7.595375,2024-08-04,3
70572,3,109.448866,-7.595313,2024-08-04,3
70573,3,109.449985,-7.595268,2024-08-04,3
70574,3,109.450046,-7.595246,2024-08-04,3
70575,3,109.450115,-7.59524,2024-08-04,3
70576,3,109.44918,-7.595359,2024-08-04,3
70577,3,109.450273,-7.595344,2024-08-04,3
70578,3,109.450301,-7.595305,2024-08-04,3
70579,3,109.450337,-7.595302,2024-08-04,3
70580,3,109.450371,-7.595286,2024-08-04,3
70581,3,109.450419,-7.595265,2024-08-04,3
70582,3,109.450483,-7.595264,2024-08-04,3
70584,3,109.450525,-7.595211,2024-08-04,3
70586,3,109.449861,-7.595118,2024-08-04,3
70587,3,109.449184,-7.595233,2024-08-04,3
70588,3,109.449596,-7.595124,2024-08-04,3
70590,3,109.450321,-7.595052,2024-08-04,3
70591,3,109.449217,-7.595097,2024-08-04,3
70592,3,109.448916,-7.595048,2024-08-04,3
70593,3,109.448869,-7.595118,2024-08-04,3
70594,3,109.448848,-7.595207,2024-08-04,3
70595,3,109.449605,-7.595025,2024-08-04,3
70596,3,109.448548,-7.59511,2024-08-04,3
70597,3,109.448687,-7.595082,2024-08-04,3
70598,3,109.448661,-7.595264,2024-08-04,3
70599,3,109.448526,-7.595255,2024-08-04,3
70600,3,109.450112,-7.595038,2024-08-04,3
70601,3,109.45015,-7.595043,2024-08-04,3
70602,3,109.449905,-7.59505,2024-08-04,3
70603,3,109.448526,-7.595471,2024-08-04,3
70604,3,109.4502,-7.595071,2024-08-04,3
70605,3,109.450066,-7.595033,2024-08-04,3
70606,3,109.45025,-7.595045,2024-08-04,3
70607,3,109.449996,-7.595039,2024-08-04,3
70611,3,109.449204,-7.594989,2024-08-04,3
70612,3,109.449003,-7.594983,2024-08-04,3
70613,3,109.449602,-7.594934,2024-08-04,3
70614,3,109.449186,-7.594916,2024-08-04,3
70615,3,109.448767,-7.594898,2024-08-04,3
70616,3,109.448469,-7.594896,2024-08-04,3
70617,3,109.449085,-7.594796,2024-08-04,3
70618,3,109.449287,-7.594769,2024-08-04,3
70619,3,109.448868,-7.594894,2024-08-04,3
70620,3,109.449607,-7.594794,2024-08-04,3
70621,3,109.450597,-7.594877,2024-08-04,3
70622,3,109.448916,-7.594727,2024-08-04,3
70623,3,109.448876,-7.594779,2024-08-04,3
70624,3,109.448491,-7.594841,2024-08-04,3
70625,3,109.448682,-7.594779,2024-08-04,3
70626,3,109.448642,-7.594835,2024-08-04,3
70627,3,109.448581,-7.594828,2024-08-04,3
70629,3,109.448528,-7.594813,2024-08-04,3
70633,3,109.449182,-7.594686,2024-08-04,3
70634,3,109.450543,-7.594888,2024-08-04,3
70636,3,109.448859,-7.59465,2024-08-04,3
70638,3,109.450476,-7.594806,2024-08-04,3
70639,3,109.448505,-7.594615,2024-08-04,3
70640,3,109.450396,-7.594834,2024-08-04,3
70641,3,109.450329,-7.594686,2024-08-04,3
70642,3,109.45027,-7.594752,2024-08-04,3
70643,3,109.450188,-7.594728,2024-08-04,3
70644,3,109.450107,-7.594716,2024-08-04,3
70645,3,109.450061,-7.594702,2024-08-04,3
70646,3,109.449967,-7.594715,2024-08-04,3
70647,3,109.449865,-7.594705,2024-08-04,3
70649,3,109.449667,-7.594594,2024-08-04,3
70650,3,109.449481,-7.594595,2024-08-04,3
70651,3,109.448532,-7.59457,2024-08-04,3
70652,3,109.44921,-7.594555,2024-08-04,3
70653,3,109.448905,-7.594538,2024-08-04,3
70654,3,109.448595,-7.594603,2024-08-04,3
70655,3,109.44875,-7.594505,2024-08-04,3
70656,3,109.448678,-7.594566,2024-08-04,3
70657,3,109.448709,-7.594694,2024-08-04,3
70658,3,109.375327,-7.505047,2024-08-04,3
70659,3,109.375389,-7.505055,2024-08-04,3
70660,3,109.375076,-7.504923,2024-08-04,3
70661,3,109.375244,-7.504951,2024-08-04,3
70662,3,109.375403,-7.50495,2024-08-04,3
70663,3,109.37549,-7.504896,2024-08-04,3
70664,3,109.375106,-7.504791,2024-08-04,3
70665,3,109.375351,-7.504766,2024-08-04,3
70666,3,109.375532,-7.504739,2024-08-04,3
70667,3,109.374899,-7.50477,2024-08-04,3
70668,3,109.374465,-7.504643,2024-08-04,3
70669,3,109.375545,-7.504671,2024-08-04,3
70670,3,109.374539,-7.504648,2024-08-04,3
70671,3,109.37461,-7.504679,2024-08-04,3
70672,3,109.375335,-7.504664,2024-08-04,3
70673,3,109.375096,-7.50468,2024-08-04,3
70674,3,109.375559,-7.504607,2024-08-04,3
70675,3,109.375571,-7.504543,2024-08-04,3
70676,3,109.375316,-7.504545,2024-08-04,3
70677,3,109.374245,-7.504519,2024-08-04,3
70678,3,109.375583,-7.504477,2024-08-04,3
70679,3,109.375308,-7.504464,2024-08-04,3
70680,3,109.375075,-7.504539,2024-08-04,3
70681,3,109.374212,-7.504438,2024-08-04,3
70682,3,109.375603,-7.504412,2024-08-04,3
70683,3,109.37416,-7.504452,2024-08-04,3
70684,3,109.37531,-7.504397,2024-08-04,3
70685,3,109.375607,-7.504349,2024-08-04,3
70686,3,109.375321,-7.504315,2024-08-04,3
70687,3,109.375115,-7.504271,2024-08-04,3
70688,3,109.375628,-7.504283,2024-08-04,3
70689,3,109.375283,-7.504252,2024-08-04,3
70690,3,109.375124,-7.504202,2024-08-04,3
70691,3,109.375626,-7.504216,2024-08-04,3
70692,3,109.375272,-7.50419,2024-08-04,3
70693,3,109.375866,-7.504179,2024-08-04,3
70694,3,109.374228,-7.504286,2024-08-04,3
70695,3,109.375617,-7.504154,2024-08-04,3
70696,3,109.375051,-7.504403,2024-08-04,3
70697,3,109.375035,-7.504238,2024-08-04,3
70698,3,109.375083,-7.504118,2024-08-04,3
70699,3,109.375261,-7.504112,2024-08-04,3
70700,3,109.375881,-7.504103,2024-08-04,3
70701,3,109.3743,-7.504369,2024-08-04,3
70702,3,109.375537,-7.504089,2024-08-04,3
70703,3,109.37576,-7.504067,2024-08-04,3
70704,3,109.374383,-7.504312,2024-08-04,3
70705,3,109.375159,-7.504034,2024-08-04,3
70706,3,109.375897,-7.50401,2024-08-04,3
70707,3,109.375574,-7.503994,2024-08-04,3
70708,3,109.374355,-7.503971,2024-08-04,3
70709,3,109.375477,-7.503931,2024-08-04,3
70710,3,109.375714,-7.503922,2024-08-04,3
70711,3,109.37586,-7.503933,2024-08-04,3
70712,3,109.375268,-7.503977,2024-08-04,3
70713,3,109.375144,-7.50393,2024-08-04,3
70714,3,109.375092,-7.50397,2024-08-04,3
70715,3,109.37503,-7.503962,2024-08-04,3
70716,3,109.374967,-7.503972,2024-08-04,3
70717,3,109.374909,-7.503963,2024-08-04,3
70718,3,109.374387,-7.50395,2024-08-04,3
70719,3,109.374866,-7.504118,2024-08-04,3
70720,3,109.374776,-7.504128,2024-08-04,3
70721,3,109.374742,-7.504387,2024-08-04,3
70722,3,109.374628,-7.504333,2024-08-04,3
70723,3,109.374483,-7.504208,2024-08-04,3
70724,3,109.375908,-7.503821,2024-08-04,3
70725,3,109.375409,-7.503816,2024-08-04,3
70726,3,109.375762,-7.503737,2024-08-04,3
70727,3,109.375656,-7.503807,2024-08-04,3
70728,3,109.375708,-7.503708,2024-08-04,3
70729,3,109.375517,-7.503764,2024-08-04,3
70730,3,109.374502,-7.503704,2024-08-04,3
70731,3,109.37516,-7.50375,2024-08-04,3
70732,3,109.374731,-7.503675,2024-08-04,3
70733,3,109.375269,-7.50371,2024-08-04,3
70734,3,109.375386,-7.503645,2024-08-04,3
70735,3,109.375246,-7.503515,2024-08-04,3
70736,3,109.375101,-7.503623,2024-08-04,3
70737,3,109.37499,-7.503606,2024-08-04,3
70738,3,109.37488,-7.503589,2024-08-04,3
70739,3,109.374821,-7.503452,2024-08-04,3
70740,3,109.374673,-7.503531,2024-08-04,3
70741,3,109.374631,-7.503428,2024-08-04,3
70742,3,109.35245,-7.436383,2024-08-04,3
70743,3,109.352454,-7.436327,2024-08-04,3
70744,3,109.352437,-7.436269,2024-08-04,3
70745,3,109.352789,-7.436253,2024-08-04,3
70746,3,109.352861,-7.436226,2024-08-04,3
70747,3,109.352573,-7.436268,2024-08-04,3
70748,3,109.353041,-7.436154,2024-08-04,3
70749,3,109.352952,-7.43617,2024-08-04,3
70750,3,109.352863,-7.436176,2024-08-04,3
70751,3,109.352786,-7.436185,2024-08-04,3
70752,3,109.352659,-7.436218,2024-08-04,3
70753,3,109.352415,-7.436177,2024-08-04,3
70754,3,109.352275,-7.436132,2024-08-04,3
70755,3,109.352829,-7.436113,2024-08-04,3
70756,3,109.352635,-7.43612,2024-08-04,3
70757,3,109.352596,-7.436015,2024-08-04,3
70758,3,109.352336,-7.436007,2024-08-04,3
70759,3,109.3522,-7.435956,2024-08-04,3
70760,3,109.352819,-7.436008,2024-08-04,3
70761,3,109.352979,-7.436022,2024-08-04,3
70762,3,109.353164,-7.436005,2024-08-04,3
70763,3,109.353379,-7.435934,2024-08-04,3
70764,3,109.353602,-7.435875,2024-08-04,3
70765,3,109.353768,-7.435827,2024-08-04,3
70766,3,109.353225,-7.435853,2024-08-04,3
70767,3,109.352204,-7.435836,2024-08-04,3
70768,3,109.352383,-7.43584,2024-08-04,3
70769,3,109.352568,-7.43584,2024-08-04,3
70770,3,109.352838,-7.435837,2024-08-04,3
70771,3,109.353552,-7.435808,2024-08-04,3
70772,3,109.353747,-7.435781,2024-08-04,3
70773,3,109.353155,-7.435751,2024-08-04,3
70774,3,109.35214,-7.435693,2024-08-04,3
70775,3,109.352352,-7.435696,2024-08-04,3
70776,3,109.352596,-7.435693,2024-08-04,3
70777,3,109.353457,-7.435712,2024-08-04,3
70778,3,109.35286,-7.435691,2024-08-04,3
70779,3,109.353184,-7.435637,2024-08-04,3
70780,3,109.35199,-7.435548,2024-08-04,3
70781,3,109.35212,-7.435583,2024-08-04,3
70782,3,109.352357,-7.435581,2024-08-04,3
70783,3,109.352595,-7.435577,2024-08-04,3
70784,3,109.352854,-7.435574,2024-08-04,3
70785,3,109.353674,-7.435646,2024-08-04,3
70786,3,109.351974,-7.435484,2024-08-04,3
70787,3,109.353133,-7.435536,2024-08-04,3
70788,3,109.35211,-7.435493,2024-08-04,3
70789,3,109.352354,-7.435489,2024-08-04,3
70790,3,109.352594,-7.435485,2024-08-04,3
70791,3,109.352849,-7.435481,2024-08-04,3
70792,3,109.353432,-7.435536,2024-08-04,3
70793,3,109.35195,-7.435406,2024-08-04,3
70794,3,109.352103,-7.435408,2024-08-04,3
70795,3,109.352322,-7.435406,2024-08-04,3
70796,3,109.35259,-7.435403,2024-08-04,3
70797,3,109.352871,-7.435398,2024-08-04,3
70798,3,109.353115,-7.435403,2024-08-04,3
70799,3,109.351934,-7.435337,2024-08-04,3
70800,3,109.352103,-7.435335,2024-08-04,3
70801,3,109.352367,-7.435328,2024-08-04,3
70802,3,109.353409,-7.435367,2024-08-04,3
70803,3,109.353609,-7.435438,2024-08-04,3
70804,3,109.352633,-7.435321,2024-08-04,3
70805,3,109.352867,-7.435314,2024-08-04,3
70806,3,109.353097,-7.435301,2024-08-04,3
70807,3,109.353378,-7.435277,2024-08-04,3
70808,3,109.352185,-7.43527,2024-08-04,3
70809,3,109.35204,-7.435271,2024-08-04,3
70810,3,109.351916,-7.43525,2024-08-04,3
70811,3,109.352039,-7.435217,2024-08-04,3
70812,3,109.352182,-7.435218,2024-08-04,3
70813,3,109.35239,-7.435235,2024-08-04,3
70814,3,109.352638,-7.435226,2024-08-04,3
70815,3,109.352926,-7.435215,2024-08-04,3
70816,3,109.353224,-7.435203,2024-08-04,3
70817,3,109.353441,-7.435197,2024-08-04,3
70818,3,109.3518,-7.435128,2024-08-04,3
70819,3,109.351925,-7.435149,2024-08-04,3
70820,3,109.35214,-7.435142,2024-08-04,3
70821,3,109.352365,-7.435135,2024-08-04,3
70822,3,109.352617,-7.435126,2024-08-04,3
70823,3,109.352882,-7.435116,2024-08-04,3
70824,3,109.353148,-7.435107,2024-08-04,3
70825,3,109.353375,-7.4351,2024-08-04,3
70826,3,109.351782,-7.435055,2024-08-04,3
70827,3,109.351921,-7.435056,2024-08-04,3
70828,3,109.352135,-7.43505,2024-08-04,3
70829,3,109.352359,-7.435043,2024-08-04,3
70830,3,109.352612,-7.435034,2024-08-04,3
70831,3,109.352878,-7.435025,2024-08-04,3
70832,3,109.353143,-7.435017,2024-08-04,3
70833,3,109.353351,-7.435012,2024-08-04,3
70834,3,109.351756,-7.434954,2024-08-04,3
70835,3,109.351919,-7.434954,2024-08-04,3
70836,3,109.352131,-7.434948,2024-08-04,3
70837,3,109.352352,-7.434941,2024-08-04,3
70838,3,109.352605,-7.434933,2024-08-04,3
70839,3,109.352872,-7.434925,2024-08-04,3
70840,3,109.353137,-7.434917,2024-08-04,3
70841,3,109.353324,-7.434915,2024-08-04,3
70842,3,109.351949,-7.434835,2024-08-04,3
70843,3,109.352346,-7.434823,2024-08-04,3
70844,3,109.352599,-7.434816,2024-08-04,3
70845,3,109.352888,-7.434809,2024-08-04,3
70846,3,109.353184,-7.434803,2024-08-04,3
70847,3,109.351983,-7.434725,2024-08-04,3
70848,3,109.352207,-7.434702,2024-08-04,3
70849,3,109.352421,-7.434697,2024-08-04,3
70850,3,109.352628,-7.434692,2024-08-04,3
70851,3,109.352083,-7.434635,2024-08-04,3
70852,3,109.352867,-7.434688,2024-08-04,3
70853,3,109.353134,-7.434684,2024-08-04,3
70854,3,109.35223,-7.434601,2024-08-04,3
70855,3,109.352417,-7.434587,2024-08-04,3
70856,3,109.352625,-7.434582,2024-08-04,3
70857,3,109.352863,-7.434578,2024-08-04,3
70858,3,109.353106,-7.434576,2024-08-04,3
70859,3,109.352418,-7.434509,2024-08-04,3
70860,3,109.352601,-7.434475,2024-08-04,3
70861,3,109.352836,-7.434469,2024-08-04,3
70862,3,109.353069,-7.434471,2024-08-04,3
70863,3,109.352652,-7.434387,2024-08-04,3
70864,3,109.352907,-7.434374,2024-08-04,3
70865,3,109.352809,-7.434319,2024-08-04,3
70866,3,109.352978,-7.434286,2024-08-04,3
70867,3,109.295259,-7.427132,2024-08-04,3
70868,3,109.29507,-7.427128,2024-08-04,3
70869,3,109.295743,-7.427117,2024-08-04,3
70870,3,109.295684,-7.427116,2024-08-04,3
70871,3,109.295569,-7.427112,2024-08-04,3
70872,3,109.295428,-7.427107,2024-08-04,3
70873,3,109.413762,-7.427054,2024-08-04,3
70874,3,109.295332,-7.427104,2024-08-04,3
70875,3,109.294828,-7.427104,2024-08-04,3
70876,3,109.294631,-7.427098,2024-08-04,3
70877,3,109.295111,-7.427049,2024-08-04,3
70878,3,109.413758,-7.427022,2024-08-04,3
70879,3,109.41385,-7.427021,2024-08-04,3
70880,3,109.413775,-7.42699,2024-08-04,3
70881,3,109.295794,-7.427041,2024-08-04,3
70882,3,109.413574,-7.426992,2024-08-04,3
70883,3,109.29563,-7.427001,2024-08-04,3
70884,3,109.295417,-7.426991,2024-08-04,3
70885,3,109.413446,-7.426966,2024-08-04,3
70886,3,109.295142,-7.426975,2024-08-04,3
70887,3,109.413804,-7.426958,2024-08-04,3
70888,3,109.413341,-7.426947,2024-08-04,3
70889,3,109.413269,-7.426937,2024-08-04,3
70890,3,109.413661,-7.42696,2024-08-04,3
70891,3,109.29579,-7.426928,2024-08-04,3
70892,3,109.29472,-7.426957,2024-08-04,3
70893,3,109.413198,-7.426923,2024-08-04,3
70895,3,109.413616,-7.426937,2024-08-04,3
70896,3,109.413128,-7.426912,2024-08-04,3
70897,3,109.295625,-7.426918,2024-08-04,3
70898,3,109.413605,-7.426897,2024-08-04,3
70899,3,109.413832,-7.426914,2024-08-04,3
70901,3,109.41306,-7.4269,2024-08-04,3
70902,3,109.295371,-7.426905,2024-08-04,3
70904,3,109.295142,-7.426894,2024-08-04,3
70905,3,109.413545,-7.426929,2024-08-04,3
70906,3,109.413863,-7.426867,2024-08-04,3
70907,3,109.413736,-7.426877,2024-08-04,3
70909,3,109.413672,-7.426861,2024-08-04,3
70910,3,109.413511,-7.42689,2024-08-04,3
70911,3,109.41364,-7.426847,2024-08-04,3
70912,3,109.413588,-7.426882,2024-08-04,3
70914,3,109.413401,-7.42687,2024-08-04,3
70917,3,109.413276,-7.42685,2024-08-04,3
70918,3,109.413886,-7.426822,2024-08-04,3
70919,3,109.295794,-7.426839,2024-08-04,3
70920,3,109.295365,-7.426831,2024-08-04,3
70921,3,109.295148,-7.426817,2024-08-04,3
70922,3,109.413798,-7.426818,2024-08-04,3
70923,3,109.413729,-7.426801,2024-08-04,3
70926,3,109.41368,-7.426786,2024-08-04,3
70927,3,109.413623,-7.426783,2024-08-04,3
70928,3,109.413571,-7.426797,2024-08-04,3
70930,3,109.295621,-7.426818,2024-08-04,3
70931,3,109.413747,-7.426751,2024-08-04,3
70933,3,109.294711,-7.426818,2024-08-04,3
70935,3,109.294958,-7.426824,2024-08-04,3
70936,3,109.295437,-7.426763,2024-08-04,3
70938,3,109.413437,-7.42677,2024-08-04,3
70939,3,109.295814,-7.426756,2024-08-04,3
70940,3,109.413863,-7.426752,2024-08-04,3
70941,3,109.413036,-7.426799,2024-08-04,3
70942,3,109.295327,-7.426747,2024-08-04,3
70945,3,109.295766,-7.426733,2024-08-04,3
70946,3,109.412937,-7.426797,2024-08-04,3
70947,3,109.413255,-7.426736,2024-08-04,3
70948,3,109.413839,-7.426698,2024-08-04,3
70950,3,109.295145,-7.426728,2024-08-04,3
70951,3,109.413771,-7.426703,2024-08-04,3
70952,3,109.413147,-7.426777,2024-08-04,3
70953,3,109.412827,-7.426771,2024-08-04,3
70955,3,109.413731,-7.426704,2024-08-04,3
70957,3,109.413693,-7.426692,2024-08-04,3
70959,3,109.295529,-7.426695,2024-08-04,3
70960,3,109.413644,-7.426689,2024-08-04,3
70963,3,109.413588,-7.426683,2024-08-04,3
70965,3,109.295015,-7.42665,2024-08-04,3
70966,3,109.294753,-7.42666,2024-08-04,3
70967,3,109.413449,-7.426657,2024-08-04,3
70968,3,109.41329,-7.426622,2024-08-04,3
70969,3,109.294747,-7.426564,2024-08-04,3
70971,3,109.413181,-7.426596,2024-08-04,3
70976,3,109.295166,-7.426611,2024-08-04,3
70980,3,109.413069,-7.426606,2024-08-04,3
70987,3,109.412974,-7.42659,2024-08-04,3
70994,3,109.412909,-7.426559,2024-08-04,3
70996,3,109.412826,-7.426549,2024-08-04,3
70998,3,109.412836,-7.426433,2024-08-04,3
71002,3,109.294905,-7.426488,2024-08-04,3
71007,3,109.294658,-7.426463,2024-08-04,3
71010,3,109.295412,-7.426552,2024-08-04,3
71014,3,109.412608,-7.426631,2024-08-04,3
71021,3,109.413307,-7.42645,2024-08-04,3
71025,3,109.413207,-7.426433,2024-08-04,3
71026,3,109.413087,-7.426404,2024-08-04,3
71027,3,109.295782,-7.426425,2024-08-04,3
71028,3,109.412991,-7.426396,2024-08-04,3
71029,3,109.412927,-7.42638,2024-08-04,3
71030,3,109.295679,-7.426405,2024-08-04,3
71035,3,109.294769,-7.426351,2024-08-04,3
71038,3,109.294562,-7.426311,2024-08-04,3
71039,3,109.412592,-7.426315,2024-08-04,3
71047,3,109.295551,-7.426336,2024-08-04,3
71061,3,109.295366,-7.42629,2024-08-04,3
71065,3,109.295091,-7.426243,2024-08-04,3
71068,3,109.413303,-7.426253,2024-08-04,3
71069,3,109.294934,-7.426216,2024-08-04,3
71071,3,109.294847,-7.426192,2024-08-04,3
71075,3,109.413179,-7.426236,2024-08-04,3
71083,3,109.295745,-7.426219,2024-08-04,3
71087,3,109.294685,-7.426183,2024-08-04,3
71099,3,109.41311,-7.426201,2024-08-04,3
71100,3,109.413328,-7.42612,2024-08-04,3
71102,3,109.413202,-7.426107,2024-08-04,3
71103,3,109.413029,-7.426187,2024-08-04,3
71106,3,109.41308,-7.426066,2024-08-04,3
71108,3,109.295404,-7.426128,2024-08-04,3
71110,3,109.295144,-7.426088,2024-08-04,3
71115,3,109.29481,-7.42608,2024-08-04,3
71116,3,109.294981,-7.42607,2024-08-04,3
71121,3,109.295627,-7.426103,2024-08-04,3
71122,3,109.294653,-7.426052,2024-08-04,3
71123,3,109.295451,-7.426029,2024-08-04,3
71125,3,109.29577,-7.426048,2024-08-04,3
71126,3,109.294567,-7.426015,2024-08-04,3
71127,3,109.295813,-7.425956,2024-08-04,3
71130,3,109.295617,-7.425969,2024-08-04,3
71131,3,109.29519,-7.425954,2024-08-04,3
71133,3,109.295026,-7.425928,2024-08-04,3
71134,3,109.29492,-7.425931,2024-08-04,3
71135,3,109.294836,-7.425913,2024-08-04,3
71136,3,109.295491,-7.425905,2024-08-04,3
71137,3,109.294707,-7.425888,2024-08-04,3
71138,3,109.295695,-7.425902,2024-08-04,3
71140,3,109.295229,-7.425842,2024-08-04,3
71141,3,109.294586,-7.425854,2024-08-04,3
71143,3,109.295066,-7.425807,2024-08-04,3
71144,3,109.294965,-7.425786,2024-08-04,3
71145,3,109.294879,-7.425773,2024-08-04,3
71146,3,109.294744,-7.425756,2024-08-04,3
71147,3,109.295734,-7.425807,2024-08-04,3
71148,3,109.294601,-7.425734,2024-08-04,3
71149,3,109.295528,-7.425771,2024-08-04,3
71150,3,109.295269,-7.425727,2024-08-04,3
71154,3,109.295579,-7.425688,2024-08-04,3
71156,3,109.295297,-7.425654,2024-08-04,3
71158,3,109.295109,-7.425689,2024-08-04,3
71159,3,109.294998,-7.425677,2024-08-04,3
71160,3,109.29491,-7.425672,2024-08-04,3
71161,3,109.294768,-7.425665,2024-08-04,3
71162,3,109.294614,-7.425657,2024-08-04,3
71163,3,108.986093,-7.154212,2024-08-04,3
71164,3,108.985667,-7.154029,2024-08-04,3
71165,3,108.986169,-7.154016,2024-08-04,3
71166,3,108.986255,-7.1539,2024-08-04,3
71167,3,108.985646,-7.153896,2024-08-04,3
71168,3,108.985971,-7.153966,2024-08-04,3
71169,3,108.986037,-7.153851,2024-08-04,3
71170,3,108.986063,-7.153791,2024-08-04,3
71171,3,108.985739,-7.153929,2024-08-04,3
71172,3,108.986353,-7.153765,2024-08-04,3
71173,3,108.98613,-7.153748,2024-08-04,3
71174,3,108.98643,-7.153634,2024-08-04,3
71175,3,108.985792,-7.153733,2024-08-04,3
71176,3,108.985574,-7.153795,2024-08-04,3
71177,3,108.985391,-7.153575,2024-08-04,3
71178,3,108.986458,-7.153569,2024-08-04,3
71179,3,108.986332,-7.153627,2024-08-04,3
71180,3,108.986047,-7.153633,2024-08-04,3
71181,3,108.98532,-7.153536,2024-08-04,3
71182,3,108.986484,-7.153507,2024-08-04,3
71183,3,108.985484,-7.153655,2024-08-04,3
71184,3,108.986153,-7.153666,2024-08-04,3
71185,3,108.985384,-7.153479,2024-08-04,3
71186,3,108.985893,-7.153534,2024-08-04,3
71187,3,108.986518,-7.153408,2024-08-04,3
71188,3,108.986298,-7.153532,2024-08-04,3
71189,3,108.986197,-7.153557,2024-08-04,3
71190,3,108.985704,-7.153414,2024-08-04,3
71191,3,108.98621,-7.153317,2024-08-04,3
71192,3,108.986278,-7.15339,2024-08-04,3
71193,3,108.986361,-7.15331,2024-08-04,3
71194,3,108.985913,-7.153342,2024-08-04,3
71195,3,108.985463,-7.153316,2024-08-04,3
71196,3,108.985877,-7.153176,2024-08-04,3
71197,3,108.98556,-7.153196,2024-08-04,3
71198,3,108.986051,-7.153227,2024-08-04,3
71199,3,108.985939,-7.153057,2024-08-04,3
71200,3,108.985612,-7.153138,2024-08-04,3
71201,3,108.985445,-7.153065,2024-08-04,3
71202,3,108.985661,-7.153087,2024-08-04,3
71203,3,108.986067,-7.153106,2024-08-04,3
71204,3,108.986207,-7.153162,2024-08-04,3
71205,3,108.986639,-7.153084,2024-08-04,3
71206,3,108.986353,-7.153046,2024-08-04,3
71207,3,108.986311,-7.152923,2024-08-04,3
71208,3,108.985702,-7.153033,2024-08-04,3
71209,3,108.985517,-7.152968,2024-08-04,3
71210,3,108.986457,-7.153182,2024-08-04,3
71211,3,108.98654,-7.153132,2024-08-04,3
71212,3,108.986326,-7.152865,2024-08-04,3
71213,3,108.986212,-7.152957,2024-08-04,3
71214,3,108.985752,-7.152949,2024-08-04,3
71215,3,108.985826,-7.152879,2024-08-04,3
71216,3,108.985641,-7.152781,2024-08-04,3
71217,3,108.986086,-7.152803,2024-08-04,3
71218,3,108.985701,-7.152742,2024-08-04,3
71219,3,108.985833,-7.15272,2024-08-04,3
71220,3,108.985961,-7.152841,2024-08-04,3
71221,3,108.985997,-7.15271,2024-08-04,3
71222,3,108.985713,-7.152659,2024-08-04,3
71223,3,108.985864,-7.15259,2024-08-04,3
71224,3,108.985774,-7.152632,2024-08-04,3
71225,3,108.985794,-7.15258,2024-08-04,3
71243,3,109.052719,-6.981945,2024-08-04,3
71244,3,109.052565,-6.981933,2024-08-04,3
71274,3,109.052952,-6.98121,2024-08-04,3
71275,3,109.052634,-6.981189,2024-08-04,3
71471,3,108.937216,-6.913372,2024-08-04,3
71476,3,108.937223,-6.913119,2024-08-04,3
71478,3,108.938198,-6.912919,2024-08-04,3
71479,3,108.938014,-6.912914,2024-08-04,3
71484,3,108.938194,-6.912731,2024-08-04,3
71485,3,108.938008,-6.912726,2024-08-04,3
71492,3,108.938665,-6.912791,2024-08-04,3
71493,3,109.488023,-7.716088,2024-08-04,3
114967,4,109.391089,-6.871089,2024-08-04,3
114968,4,109.391622,-6.870947,2024-08-04,3
114985,4,109.391567,-6.872022,2024-08-04,3
115282,4,109.382349,-6.874462,2024-08-04,3
115283,4,109.382802,-6.874464,2024-08-04,3
115287,4,109.382351,-6.87401,2024-08-04,3
115288,4,109.382803,-6.874011,2024-08-04,3
115292,4,109.382352,-6.873558,2024-08-04,3
115293,4,109.382805,-6.873559,2024-08-04,3
115294,4,109.3905,-6.872229,2024-08-04,3
115295,4,109.390952,-6.87223,2024-08-04,3
115296,4,109.391405,-6.872232,2024-08-04,3
115297,4,109.391857,-6.872233,2024-08-04,3
115298,4,109.390501,-6.871777,2024-08-04,3
115299,4,109.390954,-6.871778,2024-08-04,3
115300,4,109.391406,-6.87178,2024-08-04,3
115301,4,109.391859,-6.871781,2024-08-04,3
115302,4,109.390051,-6.871323,2024-08-04,3
115303,4,109.390503,-6.871325,2024-08-04,3
115304,4,109.390955,-6.871326,2024-08-04,3
115305,4,109.391408,-6.871328,2024-08-04,3
115306,4,109.390052,-6.870871,2024-08-04,3
115307,4,109.390505,-6.870872,2024-08-04,3
115308,4,109.390957,-6.870874,2024-08-04,3
115309,4,109.391409,-6.870876,2024-08-04,3
115310,4,109.390054,-6.870419,2024-08-04,3
115311,4,109.390506,-6.87042,2024-08-04,3
115312,4,109.390958,-6.870422,2024-08-04,3
115313,4,109.391411,-6.870423,2024-08-04,3
116678,4,109.428964,-6.895582,2024-08-04,3
116679,4,109.429114,-6.895575,2024-08-04,3
116695,4,109.428968,-6.895415,2024-08-04,3
116769,4,109.382132,-6.875221,2024-08-04,3
116771,4,109.381873,-6.875192,2024-08-04,3
116773,4,109.381554,-6.875159,2024-08-04,3
116774,4,109.381297,-6.875131,2024-08-04,3
116777,4,109.381119,-6.87511,2024-08-04,3
116813,4,109.38095,-6.874588,2024-08-04,3
116814,4,109.383062,-6.874505,2024-08-04,3
116816,4,109.382641,-6.874492,2024-08-04,3
116820,4,109.383071,-6.874378,2024-08-04,3
116821,4,109.382818,-6.874371,2024-08-04,3
116823,4,109.382498,-6.874361,2024-08-04,3
116826,4,109.383091,-6.874289,2024-08-04,3
116827,4,109.382835,-6.874285,2024-08-04,3
116829,4,109.382499,-6.874279,2024-08-04,3
116845,4,109.383136,-6.874029,2024-08-04,3
116846,4,109.382902,-6.874018,2024-08-04,3
116847,4,109.38266,-6.874014,2024-08-04,3
116848,4,109.382434,-6.874009,2024-08-04,3
116854,4,109.383116,-6.873873,2024-08-04,3
116855,4,109.382902,-6.87387,2024-08-04,3
116856,4,109.382662,-6.873866,2024-08-04,3
116857,4,109.382437,-6.873862,2024-08-04,3
116873,4,109.383167,-6.873582,2024-08-04,3
116874,4,109.383018,-6.873559,2024-08-04,3
116875,4,109.382756,-6.873558,2024-08-04,3
116876,4,109.382465,-6.873555,2024-08-04,3
116878,4,109.383139,-6.873413,2024-08-04,3
116880,4,109.382461,-6.873411,2024-08-04,3
116881,4,109.382758,-6.873411,2024-08-04,3
116882,4,109.383014,-6.873414,2024-08-04,3
116885,4,109.382741,-6.873335,2024-08-04,3
116886,4,109.38245,-6.873331,2024-08-04,3
116887,4,109.391657,-6.872558,2024-08-04,3
116888,4,109.391138,-6.872574,2024-08-04,3
116889,4,109.391903,-6.872511,2024-08-04,3
116890,4,109.391282,-6.872553,2024-08-04,3
116891,4,109.391577,-6.872495,2024-08-04,3
116892,4,109.391012,-6.872489,2024-08-04,3
116893,4,109.391823,-6.872442,2024-08-04,3
116894,4,109.39127,-6.872433,2024-08-04,3
116895,4,109.392049,-6.872389,2024-08-04,3
116896,4,109.391541,-6.872372,2024-08-04,3
116897,4,109.390941,-6.872366,2024-08-04,3
116898,4,109.391798,-6.872315,2024-08-04,3
116899,4,109.391244,-6.872303,2024-08-04,3
116900,4,109.392036,-6.872261,2024-08-04,3
116901,4,109.39215,-6.872191,2024-08-04,3
116902,4,109.390805,-6.872256,2024-08-04,3
116903,4,109.391516,-6.872244,2024-08-04,3
116904,4,109.39041,-6.872327,2024-08-04,3
116905,4,109.39109,-6.872203,2024-08-04,3
116906,4,109.391773,-6.872189,2024-08-04,3
116907,4,109.390447,-6.872143,2024-08-04,3
116908,4,109.391357,-6.872149,2024-08-04,3
116909,4,109.392013,-6.872136,2024-08-04,3
116910,4,109.39214,-6.872101,2024-08-04,3
116911,4,109.390658,-6.872139,2024-08-04,3
116912,4,109.39086,-6.872103,2024-08-04,3
116913,4,109.391681,-6.872081,2024-08-04,3
116914,4,109.391053,-6.872067,2024-08-04,3
116915,4,109.391982,-6.87202,2024-08-04,3
116916,4,109.390145,-6.872033,2024-08-04,3
116917,4,109.391271,-6.872026,2024-08-04,3
116918,4,109.392128,-6.871985,2024-08-04,3
116919,4,109.390313,-6.872023,2024-08-04,3
116920,4,109.391498,-6.871983,2024-08-04,3
116921,4,109.390484,-6.871992,2024-08-04,3
116922,4,109.390652,-6.87197,2024-08-04,3
116923,4,109.391718,-6.87194,2024-08-04,3
116924,4,109.39196,-6.871894,2024-08-04,3
116925,4,109.392114,-6.871862,2024-08-04,3
116926,4,109.390811,-6.871913,2024-08-04,3
116927,4,109.390968,-6.87189,2024-08-04,3
116928,4,109.390136,-6.871843,2024-08-04,3
116929,4,109.390301,-6.871833,2024-08-04,3
116930,4,109.390467,-6.871802,2024-08-04,3
116931,4,109.390636,-6.871791,2024-08-04,3
116932,4,109.391954,-6.871753,2024-08-04,3
116933,4,109.392091,-6.871724,2024-08-04,3
116934,4,109.39113,-6.871799,2024-08-04,3
116935,4,109.391295,-6.871774,2024-08-04,3
116936,4,109.391452,-6.871755,2024-08-04,3
116937,4,109.390127,-6.871661,2024-08-04,3
116938,4,109.391612,-6.871732,2024-08-04,3
116939,4,109.390287,-6.871651,2024-08-04,3
116940,4,109.391772,-6.871704,2024-08-04,3
116941,4,109.390791,-6.871666,2024-08-04,3
116942,4,109.390453,-6.871624,2024-08-04,3
116943,4,109.39095,-6.871651,2024-08-04,3
116944,4,109.390622,-6.871611,2024-08-04,3
116945,4,109.391935,-6.8716,2024-08-04,3
116946,4,109.392075,-6.87157,2024-08-04,3
116947,4,109.390118,-6.871492,2024-08-04,3
116948,4,109.390277,-6.87148,2024-08-04,3
116949,4,109.391918,-6.871453,2024-08-04,3
116950,4,109.390441,-6.871453,2024-08-04,3
116951,4,109.390609,-6.87144,2024-08-04,3
116952,4,109.392059,-6.871425,2024-08-04,3
116953,4,109.390774,-6.871433,2024-08-04,3
116954,4,109.390933,-6.87142,2024-08-04,3
116955,4,109.391428,-6.871444,2024-08-04,3
116956,4,109.391105,-6.87146,2024-08-04,3
116957,4,109.391586,-6.871432,2024-08-04,3
116958,4,109.39127,-6.871445,2024-08-04,3
116959,4,109.391747,-6.871413,2024-08-04,3
116960,4,109.390109,-6.871314,2024-08-04,3
116961,4,109.390265,-6.871303,2024-08-04,3
116962,4,109.390429,-6.871285,2024-08-04,3
116963,4,109.390597,-6.871272,2024-08-04,3
116964,4,109.390759,-6.871232,2024-08-04,3
116965,4,109.390918,-6.871217,2024-08-04,3
116966,4,109.391408,-6.871187,2024-08-04,3
116967,4,109.391565,-6.871177,2024-08-04,3
116968,4,109.391726,-6.871168,2024-08-04,3
116969,4,109.391084,-6.871183,2024-08-04,3
116970,4,109.391248,-6.871167,2024-08-04,3
116971,4,109.390101,-6.871128,2024-08-04,3
116972,4,109.390255,-6.871117,2024-08-04,3
116973,4,109.390416,-6.871098,2024-08-04,3
116974,4,109.390583,-6.871084,2024-08-04,3
116975,4,109.390744,-6.871024,2024-08-04,3
116976,4,109.390904,-6.871009,2024-08-04,3
116977,4,109.391069,-6.870976,2024-08-04,3
116978,4,109.390092,-6.870952,2024-08-04,3
116979,4,109.390243,-6.870939,2024-08-04,3
116980,4,109.39123,-6.87095,2024-08-04,3
116981,4,109.391389,-6.870963,2024-08-04,3
116982,4,109.390403,-6.870919,2024-08-04,3
116983,4,109.391547,-6.870952,2024-08-04,3
116984,4,109.390569,-6.870906,2024-08-04,3
116985,4,109.391708,-6.870943,2024-08-04,3
116986,4,109.390729,-6.870821,2024-08-04,3
116987,4,109.390889,-6.870805,2024-08-04,3
116988,4,109.391055,-6.870788,2024-08-04,3
116989,4,109.391214,-6.870763,2024-08-04,3
116990,4,109.390082,-6.870749,2024-08-04,3
116991,4,109.390231,-6.870734,2024-08-04,3
116992,4,109.390388,-6.87072,2024-08-04,3
116993,4,109.391368,-6.870719,2024-08-04,3
116994,4,109.390553,-6.870703,2024-08-04,3
116995,4,109.391526,-6.870705,2024-08-04,3
116996,4,109.391687,-6.870692,2024-08-04,3
116997,4,109.390069,-6.870516,2024-08-04,3
116998,4,109.390216,-6.870504,2024-08-04,3
116999,4,109.390373,-6.870496,2024-08-04,3
117000,4,109.390536,-6.870486,2024-08-04,3
117001,4,109.390708,-6.87055,2024-08-04,3
117002,4,109.390867,-6.870535,2024-08-04,3
117003,4,109.391032,-6.870516,2024-08-04,3
117004,4,109.391191,-6.870497,2024-08-04,3
117005,4,109.391342,-6.870445,2024-08-04,3
117006,4,109.3915,-6.870422,2024-08-04,3
117007,4,109.391662,-6.870406,2024-08-04,3
117314,4,109.390193,-6.872225,2024-08-04,3
117315,4,109.390206,-6.872431,2024-08-04,3
117316,4,109.39085,-6.872543,2024-08-04,3
117317,4,109.390426,-6.872544,2024-08-04,3
117318,4,109.390668,-6.872542,2024-08-04,3
117319,4,109.390622,-6.872369,2024-08-04,3
67039,3,108.894417,-6.950028,2024-08-04,4
67042,3,108.937914,-6.913283,2024-08-04,4
67043,3,108.938472,-6.913278,2024-08-04,4
67050,3,109.413472,-7.426417,2024-08-04,4
67057,3,109.449389,-7.595722,2024-08-04,4
67571,3,109.448652,-7.595832,2024-08-04,4
67572,3,109.449105,-7.595834,2024-08-04,4
67573,3,109.449559,-7.595835,2024-08-04,4
67618,3,109.295256,-7.426174,2024-08-04,4
67625,3,109.413922,-7.426614,2024-08-04,4
67632,3,109.413471,-7.42616,2024-08-04,4
67633,3,109.413924,-7.426162,2024-08-04,4
67653,3,108.894847,-6.950763,2024-08-04,4
67655,3,108.893945,-6.950307,2024-08-04,4
67656,3,108.894397,-6.950309,2024-08-04,4
67657,3,108.894849,-6.950311,2024-08-04,4
67659,3,108.895754,-6.950315,2024-08-04,4
67660,3,108.893947,-6.949855,2024-08-04,4
67661,3,108.894399,-6.949857,2024-08-04,4
67662,3,108.894851,-6.949859,2024-08-04,4
67663,3,108.895304,-6.949861,2024-08-04,4
67665,3,108.894401,-6.949405,2024-08-04,4
67674,3,108.93753,-6.913434,2024-08-04,4
67675,3,108.937983,-6.913436,2024-08-04,4
67676,3,108.93708,-6.91298,2024-08-04,4
67677,3,108.937532,-6.912982,2024-08-04,4
70504,3,109.449044,-7.595973,2024-08-04,4
70507,3,109.449018,-7.595938,2024-08-04,4
70508,3,109.449141,-7.595946,2024-08-04,4
70514,3,109.449021,-7.595877,2024-08-04,4
70515,3,109.448649,-7.595892,2024-08-04,4
70516,3,109.448519,-7.595919,2024-08-04,4
70517,3,109.449278,-7.595859,2024-08-04,4
70519,3,109.448921,-7.595837,2024-08-04,4
70521,3,109.449178,-7.595904,2024-08-04,4
70522,3,109.449586,-7.59593,2024-08-04,4
70523,3,109.449273,-7.595788,2024-08-04,4
70524,3,109.448925,-7.595766,2024-08-04,4
70525,3,109.44913,-7.595792,2024-08-04,4
70526,3,109.449272,-7.595727,2024-08-04,4
70527,3,109.448738,-7.595764,2024-08-04,4
70528,3,109.448777,-7.59586,2024-08-04,4
70529,3,109.448454,-7.59573,2024-08-04,4
70530,3,109.448526,-7.595733,2024-08-04,4
70531,3,109.449277,-7.595678,2024-08-04,4
70532,3,109.44959,-7.595826,2024-08-04,4
70533,3,109.449074,-7.595687,2024-08-04,4
70535,3,109.448922,-7.595662,2024-08-04,4
70537,3,109.449063,-7.595634,2024-08-04,4
70538,3,109.449591,-7.595739,2024-08-04,4
70539,3,109.449269,-7.595638,2024-08-04,4
70541,3,109.44874,-7.595672,2024-08-04,4
70543,3,109.44867,-7.595554,2024-08-04,4
70544,3,109.44892,-7.5956,2024-08-04,4
70545,3,109.448575,-7.595593,2024-08-04,4
70546,3,109.44848,-7.595601,2024-08-04,4
70548,3,109.449595,-7.595654,2024-08-04,4
70551,3,109.448365,-7.595649,2024-08-04,4
70553,3,109.448816,-7.595611,2024-08-04,4
70558,3,109.448807,-7.595479,2024-08-04,4
70563,3,109.448642,-7.595469,2024-08-04,4
70564,3,109.448456,-7.595463,2024-08-04,4
70583,3,109.4483,-7.595265,2024-08-04,4
70585,3,109.44837,-7.595319,2024-08-04,4
70589,3,109.448642,-7.595081,2024-08-04,4
70608,3,109.448394,-7.595054,2024-08-04,4
70609,3,109.448314,-7.595002,2024-08-04,4
70610,3,109.448295,-7.594996,2024-08-04,4
70628,3,109.448311,-7.59481,2024-08-04,4
70630,3,109.448427,-7.594676,2024-08-04,4
70631,3,109.448403,-7.594744,2024-08-04,4
70632,3,109.44838,-7.594852,2024-08-04,4
70635,3,109.448347,-7.594628,2024-08-04,4
70637,3,109.448373,-7.594616,2024-08-04,4
70648,3,109.448442,-7.594596,2024-08-04,4
70954,3,109.41385,-7.426666,2024-08-04,4
70962,3,109.413858,-7.426641,2024-08-04,4
70964,3,109.413833,-7.426609,2024-08-04,4
70970,3,109.413559,-7.426565,2024-08-04,4
70972,3,109.413941,-7.426561,2024-08-04,4
70973,3,109.41352,-7.426558,2024-08-04,4
70974,3,109.413478,-7.42655,2024-08-04,4
70975,3,109.41391,-7.426553,2024-08-04,4
70977,3,109.413869,-7.426547,2024-08-04,4
70978,3,109.413438,-7.426539,2024-08-04,4
70979,3,109.413398,-7.426532,2024-08-04,4
70981,3,109.413828,-7.426541,2024-08-04,4
70983,3,109.413357,-7.426526,2024-08-04,4
70984,3,109.413789,-7.426536,2024-08-04,4
70986,3,109.413745,-7.426551,2024-08-04,4
70988,3,109.413705,-7.426553,2024-08-04,4
70990,3,109.413677,-7.426547,2024-08-04,4
70991,3,109.413648,-7.426544,2024-08-04,4
70992,3,109.413604,-7.426563,2024-08-04,4
71000,3,109.41392,-7.426456,2024-08-04,4
71001,3,109.413888,-7.426451,2024-08-04,4
71003,3,109.413847,-7.426446,2024-08-04,4
71004,3,109.413808,-7.426439,2024-08-04,4
71006,3,109.413769,-7.426434,2024-08-04,4
71008,3,109.413728,-7.426427,2024-08-04,4
71009,3,109.413699,-7.426423,2024-08-04,4
71012,3,109.41367,-7.426419,2024-08-04,4
71013,3,109.413622,-7.426443,2024-08-04,4
71015,3,109.413582,-7.426441,2024-08-04,4
71017,3,109.413541,-7.426436,2024-08-04,4
71018,3,109.413947,-7.426436,2024-08-04,4
71019,3,109.4135,-7.42643,2024-08-04,4
71022,3,109.413459,-7.426422,2024-08-04,4
71023,3,109.413419,-7.426417,2024-08-04,4
71024,3,109.413377,-7.426413,2024-08-04,4
71031,3,109.413953,-7.426334,2024-08-04,4
71032,3,109.41391,-7.426337,2024-08-04,4
71033,3,109.413869,-7.426331,2024-08-04,4
71034,3,109.41383,-7.426324,2024-08-04,4
71036,3,109.41379,-7.426319,2024-08-04,4
71037,3,109.41375,-7.426312,2024-08-04,4
71040,3,109.413721,-7.426303,2024-08-04,4
71041,3,109.413692,-7.426299,2024-08-04,4
71042,3,109.413651,-7.426294,2024-08-04,4
71043,3,109.41361,-7.426287,2024-08-04,4
71045,3,109.41398,-7.42637,2024-08-04,4
71046,3,109.413569,-7.426281,2024-08-04,4
71051,3,109.413975,-7.426238,2024-08-04,4
71052,3,109.413528,-7.426276,2024-08-04,4
71053,3,109.413487,-7.42627,2024-08-04,4
71054,3,109.41393,-7.426231,2024-08-04,4
71056,3,109.413446,-7.426264,2024-08-04,4
71057,3,109.41389,-7.426224,2024-08-04,4
71058,3,109.413404,-7.426259,2024-08-04,4
71060,3,109.41385,-7.426216,2024-08-04,4
71062,3,109.29502,-7.426234,2024-08-04,4
71063,3,109.413811,-7.42621,2024-08-04,4
71066,3,109.41377,-7.426202,2024-08-04,4
71067,3,109.413741,-7.426193,2024-08-04,4
71070,3,109.413712,-7.426188,2024-08-04,4
71073,3,109.413672,-7.426182,2024-08-04,4
71074,3,109.41402,-7.426173,2024-08-04,4
71076,3,109.413987,-7.426171,2024-08-04,4
71077,3,109.413944,-7.426164,2024-08-04,4
71078,3,109.41363,-7.426175,2024-08-04,4
71079,3,109.413903,-7.426159,2024-08-04,4
71080,3,109.413863,-7.426153,2024-08-04,4
71081,3,109.413589,-7.426167,2024-08-04,4
71082,3,109.413823,-7.426147,2024-08-04,4
71084,3,109.413782,-7.426141,2024-08-04,4
71085,3,109.413549,-7.42616,2024-08-04,4
71086,3,109.413751,-7.426137,2024-08-04,4
71088,3,109.413722,-7.426134,2024-08-04,4
71089,3,109.413682,-7.426129,2024-08-04,4
71090,3,109.41364,-7.426123,2024-08-04,4
71091,3,109.413598,-7.426117,2024-08-04,4
71092,3,109.413558,-7.426112,2024-08-04,4
71093,3,109.41351,-7.426145,2024-08-04,4
71094,3,109.413469,-7.42614,2024-08-04,4
71095,3,109.413427,-7.426135,2024-08-04,4
71109,3,109.295214,-7.426185,2024-08-04,4
71113,3,109.295072,-7.426086,2024-08-04,4
71129,3,109.295284,-7.425973,2024-08-04,4
71132,3,109.295122,-7.425948,2024-08-04,4
71139,3,109.295325,-7.425859,2024-08-04,4
71142,3,109.295163,-7.42583,2024-08-04,4
71151,3,109.295366,-7.425731,2024-08-04,4
71152,3,109.295205,-7.425711,2024-08-04,4
71153,3,109.295758,-7.425702,2024-08-04,4
71155,3,109.2954,-7.425653,2024-08-04,4
71157,3,109.295234,-7.425645,2024-08-04,4
71303,3,108.89546,-6.951113,2024-08-04,4
71310,3,108.895181,-6.950978,2024-08-04,4
71314,3,108.89512,-6.950812,2024-08-04,4
71315,3,108.895664,-6.950769,2024-08-04,4
71317,3,108.894857,-6.950819,2024-08-04,4
71322,3,108.895483,-6.95069,2024-08-04,4
71325,3,108.89459,-6.950686,2024-08-04,4
71326,3,108.895682,-6.950617,2024-08-04,4
71327,3,108.895559,-6.950639,2024-08-04,4
71329,3,108.895233,-6.95058,2024-08-04,4
71332,3,108.895503,-6.950541,2024-08-04,4
71333,3,108.895266,-6.950511,2024-08-04,4
71335,3,108.895737,-6.950521,2024-08-04,4
71336,3,108.894326,-6.950555,2024-08-04,4
71339,3,108.894377,-6.950461,2024-08-04,4
71340,3,108.895294,-6.950452,2024-08-04,4
71342,3,108.894105,-6.950445,2024-08-04,4
71343,3,108.895031,-6.95041,2024-08-04,4
71344,3,108.893779,-6.950404,2024-08-04,4
71345,3,108.895502,-6.950424,2024-08-04,4
71346,3,108.895854,-6.950389,2024-08-04,4
71347,3,108.89415,-6.950354,2024-08-04,4
71348,3,108.895057,-6.950352,2024-08-04,4
71350,3,108.893919,-6.950353,2024-08-04,4
71351,3,108.894424,-6.950364,2024-08-04,4
71352,3,108.894758,-6.950292,2024-08-04,4
71353,3,108.893941,-6.950259,2024-08-04,4
71355,3,108.894469,-6.950246,2024-08-04,4
71356,3,108.894195,-6.95026,2024-08-04,4
71357,3,108.894786,-6.950238,2024-08-04,4
71358,3,108.895628,-6.950299,2024-08-04,4
71359,3,108.894249,-6.95015,2024-08-04,4
71360,3,108.893998,-6.950172,2024-08-04,4
71361,3,108.894409,-6.950142,2024-08-04,4
71363,3,108.895279,-6.95016,2024-08-04,4
71364,3,108.89405,-6.950064,2024-08-04,4
71365,3,108.894439,-6.950091,2024-08-04,4
71366,3,108.893815,-6.950084,2024-08-04,4
71367,3,108.895723,-6.950135,2024-08-04,4
71368,3,108.894087,-6.950004,2024-08-04,4
71369,3,108.895006,-6.950051,2024-08-04,4
71370,3,108.893846,-6.949976,2024-08-04,4
71372,3,108.894477,-6.950005,2024-08-04,4
71373,3,108.894114,-6.949953,2024-08-04,4
71374,3,108.893873,-6.949914,2024-08-04,4
71375,3,108.895354,-6.949987,2024-08-04,4
71376,3,108.895714,-6.949979,2024-08-04,4
71377,3,108.894744,-6.949946,2024-08-04,4
71378,3,108.893901,-6.949863,2024-08-04,4
71379,3,108.895075,-6.949879,2024-08-04,4
71381,3,108.895928,-6.949818,2024-08-04,4
71382,3,108.896034,-6.949771,2024-08-04,4
71383,3,108.894487,-6.949844,2024-08-04,4
71384,3,108.894071,-6.949838,2024-08-04,4
71385,3,108.895268,-6.949802,2024-08-04,4
71386,3,108.895919,-6.949719,2024-08-04,4
71387,3,108.894812,-6.949773,2024-08-04,4
71388,3,108.894249,-6.94975,2024-08-04,4
71389,3,108.895011,-6.9497,2024-08-04,4
71391,3,108.895655,-6.949695,2024-08-04,4
71393,3,108.894032,-6.949666,2024-08-04,4
71394,3,108.894558,-6.949673,2024-08-04,4
71395,3,108.895702,-6.949626,2024-08-04,4
71396,3,108.894808,-6.94962,2024-08-04,4
71399,3,108.894621,-6.949546,2024-08-04,4
71400,3,108.894323,-6.949583,2024-08-04,4
71402,3,108.89536,-6.949562,2024-08-04,4
71403,3,108.894138,-6.949521,2024-08-04,4
71404,3,108.895413,-6.949501,2024-08-04,4
71407,3,108.894402,-6.949459,2024-08-04,4
71408,3,108.895105,-6.949447,2024-08-04,4
71409,3,108.895154,-6.94939,2024-08-04,4
71412,3,108.894961,-6.949307,2024-08-04,4
71413,3,108.894889,-6.949349,2024-08-04,4
71414,3,108.894379,-6.949256,2024-08-04,4
71416,3,108.89469,-6.949264,2024-08-04,4
71417,3,108.894531,-6.949203,2024-08-04,4
71457,3,108.937804,-6.913806,2024-08-04,4
71458,3,108.937436,-6.913794,2024-08-04,4
71459,3,108.937144,-6.913785,2024-08-04,4
71460,3,108.936975,-6.913778,2024-08-04,4
71461,3,108.938526,-6.913763,2024-08-04,4
71462,3,108.937982,-6.913649,2024-08-04,4
71463,3,108.937502,-6.913629,2024-08-04,4
71464,3,108.937225,-6.913616,2024-08-04,4
71465,3,108.936995,-6.913607,2024-08-04,4
71466,3,108.936985,-6.9134,2024-08-04,4
71467,3,108.938168,-6.913409,2024-08-04,4
71468,3,108.937918,-6.913403,2024-08-04,4
71469,3,108.937744,-6.913395,2024-08-04,4
71470,3,108.93752,-6.913384,2024-08-04,4
71472,3,108.936988,-6.91318,2024-08-04,4
71473,3,108.938159,-6.91314,2024-08-04,4
71474,3,108.937922,-6.913138,2024-08-04,4
71475,3,108.937759,-6.913133,2024-08-04,4
71477,3,108.937532,-6.913126,2024-08-04,4
71480,3,108.937785,-6.91291,2024-08-04,4
71481,3,108.937568,-6.912908,2024-08-04,4
71482,3,108.937281,-6.912905,2024-08-04,4
71483,3,108.936992,-6.91293,2024-08-04,4
71486,3,108.937824,-6.912722,2024-08-04,4
71487,3,108.937691,-6.912717,2024-08-04,4
71488,3,108.937533,-6.912716,2024-08-04,4
71489,3,108.936921,-6.912704,2024-08-04,4
71490,3,108.937011,-6.912707,2024-08-04,4
71491,3,108.937252,-6.912711,2024-08-04,4
114970,4,109.380958,-6.874142,2024-08-04,4
114971,4,109.381667,-6.874178,2024-08-04,4
114973,4,109.429619,-6.895931,2024-08-04,4
114974,4,109.429444,-6.895214,2024-08-04,4
114975,4,109.429517,-6.895706,2024-08-04,4
114984,4,109.381744,-6.87475,2024-08-04,4
115250,4,109.428699,-6.896738,2024-08-04,4
115251,4,109.429152,-6.896739,2024-08-04,4
115260,4,109.428702,-6.895833,2024-08-04,4
115262,4,109.429607,-6.895836,2024-08-04,4
115263,4,109.43006,-6.895838,2024-08-04,4
115265,4,109.429609,-6.895384,2024-08-04,4
115266,4,109.430061,-6.895386,2024-08-04,4
115268,4,109.42961,-6.894932,2024-08-04,4
115269,4,109.430063,-6.894934,2024-08-04,4
115273,4,109.382346,-6.875366,2024-08-04,4
115274,4,109.382799,-6.875368,2024-08-04,4
115275,4,109.381443,-6.874911,2024-08-04,4
115276,4,109.381895,-6.874913,2024-08-04,4
115277,4,109.382348,-6.874914,2024-08-04,4
115278,4,109.3828,-6.874916,2024-08-04,4
115279,4,109.380992,-6.874457,2024-08-04,4
115280,4,109.381445,-6.874459,2024-08-04,4
115281,4,109.381897,-6.87446,2024-08-04,4
115284,4,109.380994,-6.874005,2024-08-04,4
115285,4,109.381446,-6.874007,2024-08-04,4
115286,4,109.381899,-6.874008,2024-08-04,4
116538,4,109.429148,-6.897034,2024-08-04,4
116539,4,109.428952,-6.897025,2024-08-04,4
116540,4,109.428778,-6.897015,2024-08-04,4
116541,4,109.428651,-6.897005,2024-08-04,4
116542,4,109.428488,-6.896966,2024-08-04,4
116558,4,109.429144,-6.896865,2024-08-04,4
116559,4,109.428963,-6.896861,2024-08-04,4
116560,4,109.428797,-6.89686,2024-08-04,4
116561,4,109.428613,-6.896855,2024-08-04,4
116562,4,109.428491,-6.896857,2024-08-04,4
116579,4,109.429144,-6.89666,2024-08-04,4
116580,4,109.428975,-6.896658,2024-08-04,4
116581,4,109.428791,-6.896655,2024-08-04,4
116582,4,109.428592,-6.896654,2024-08-04,4
116583,4,109.428485,-6.896657,2024-08-04,4
116635,4,109.430331,-6.895931,2024-08-04,4
116636,4,109.430194,-6.895929,2024-08-04,4
116637,4,109.42998,-6.895926,2024-08-04,4
116638,4,109.429756,-6.895922,2024-08-04,4
116639,4,109.429516,-6.895918,2024-08-04,4
116643,4,109.430331,-6.89578,2024-08-04,4
116645,4,109.430194,-6.895777,2024-08-04,4
116646,4,109.42999,-6.895771,2024-08-04,4
116647,4,109.429811,-6.895768,2024-08-04,4
116649,4,109.429646,-6.895765,2024-08-04,4
116650,4,109.429477,-6.895762,2024-08-04,4
116651,4,109.428569,-6.895785,2024-08-04,4
116653,4,109.428755,-6.895776,2024-08-04,4
116656,4,109.430331,-6.89567,2024-08-04,4
116657,4,109.430126,-6.895663,2024-08-04,4
116658,4,109.429852,-6.895654,2024-08-04,4
116660,4,109.429655,-6.895648,2024-08-04,4
116661,4,109.429473,-6.895642,2024-08-04,4
116665,4,109.430334,-6.895591,2024-08-04,4
116667,4,109.430137,-6.895583,2024-08-04,4
116668,4,109.429861,-6.895573,2024-08-04,4
116669,4,109.429657,-6.895566,2024-08-04,4
116672,4,109.429472,-6.89556,2024-08-04,4
116682,4,109.43033,-6.895466,2024-08-04,4
116683,4,109.430135,-6.895461,2024-08-04,4
116685,4,109.42987,-6.895452,2024-08-04,4
116686,4,109.429662,-6.895446,2024-08-04,4
116688,4,109.42947,-6.89544,2024-08-04,4
116697,4,109.430276,-6.895306,2024-08-04,4
116698,4,109.43009,-6.895302,2024-08-04,4
116699,4,109.429879,-6.895298,2024-08-04,4
116700,4,109.429664,-6.895293,2024-08-04,4
116701,4,109.429472,-6.895286,2024-08-04,4
116708,4,109.430276,-6.895147,2024-08-04,4
116709,4,109.430088,-6.895145,2024-08-04,4
116710,4,109.429876,-6.895144,2024-08-04,4
116711,4,109.429666,-6.89514,2024-08-04,4
116712,4,109.429476,-6.895137,2024-08-04,4
116713,4,109.430274,-6.894986,2024-08-04,4
116714,4,109.430082,-6.894984,2024-08-04,4
116715,4,109.429871,-6.894982,2024-08-04,4
116716,4,109.429663,-6.894979,2024-08-04,4
116717,4,109.429474,-6.894977,2024-08-04,4
116763,4,109.382623,-6.875416,2024-08-04,4
116764,4,109.382781,-6.875371,2024-08-04,4
116765,4,109.382915,-6.875304,2024-08-04,4
116766,4,109.382411,-6.875343,2024-08-04,4
116767,4,109.382695,-6.875283,2024-08-04,4
116768,4,109.38242,-6.875252,2024-08-04,4
116770,4,109.382958,-6.875236,2024-08-04,4
116772,4,109.382552,-6.875196,2024-08-04,4
116775,4,109.382141,-6.875152,2024-08-04,4
116776,4,109.382971,-6.875146,2024-08-04,4
116778,4,109.381918,-6.875128,2024-08-04,4
116779,4,109.380863,-6.875079,2024-08-04,4
116780,4,109.381601,-6.875095,2024-08-04,4
116781,4,109.38256,-6.875102,2024-08-04,4
116782,4,109.382141,-6.875058,2024-08-04,4
116783,4,109.383062,-6.875046,2024-08-04,4
116784,4,109.381899,-6.875033,2024-08-04,4
116785,4,109.381045,-6.875035,2024-08-04,4
116786,4,109.382829,-6.875025,2024-08-04,4
116787,4,109.381676,-6.87501,2024-08-04,4
116788,4,109.381462,-6.874988,2024-08-04,4
116789,4,109.382478,-6.874987,2024-08-04,4
116790,4,109.381189,-6.87496,2024-08-04,4
116791,4,109.38307,-6.874942,2024-08-04,4
116792,4,109.382151,-6.874949,2024-08-04,4
116793,4,109.382834,-6.874919,2024-08-04,4
116794,4,109.381908,-6.874924,2024-08-04,4
116795,4,109.381684,-6.874901,2024-08-04,4
116796,4,109.382489,-6.874883,2024-08-04,4
116797,4,109.381457,-6.874878,2024-08-04,4
116798,4,109.38216,-6.874846,2024-08-04,4
116799,4,109.381916,-6.874821,2024-08-04,4
116800,4,109.381186,-6.874847,2024-08-04,4
116801,4,109.381669,-6.874795,2024-08-04,4
116802,4,109.381374,-6.874764,2024-08-04,4
116803,4,109.380945,-6.874716,2024-08-04,4
116804,4,109.383086,-6.874781,2024-08-04,4
116805,4,109.382834,-6.874754,2024-08-04,4
116806,4,109.382498,-6.874728,2024-08-04,4
116807,4,109.382175,-6.874702,2024-08-04,4
116808,4,109.38306,-6.874616,2024-08-04,4
116809,4,109.381903,-6.874681,2024-08-04,4
116810,4,109.382651,-6.874601,2024-08-04,4
116811,4,109.381622,-6.874655,2024-08-04,4
116812,4,109.381355,-6.87463,2024-08-04,4
116815,4,109.382147,-6.874513,2024-08-04,4
116817,4,109.381817,-6.874493,2024-08-04,4
116818,4,109.381483,-6.874467,2024-08-04,4
116819,4,109.381203,-6.874444,2024-08-04,4
116822,4,109.380885,-6.874413,2024-08-04,4
116824,4,109.382152,-6.874358,2024-08-04,4
116825,4,109.381824,-6.874338,2024-08-04,4
116828,4,109.381488,-6.874317,2024-08-04,4
116830,4,109.38121,-6.874298,2024-08-04,4
116831,4,109.380891,-6.874273,2024-08-04,4
116832,4,109.382152,-6.874225,2024-08-04,4
116833,4,109.38183,-6.874206,2024-08-04,4
116834,4,109.381492,-6.874186,2024-08-04,4
116835,4,109.38307,-6.874169,2024-08-04,4
116836,4,109.381148,-6.874165,2024-08-04,4
116837,4,109.382788,-6.874166,2024-08-04,4
116838,4,109.382487,-6.874162,2024-08-04,4
116839,4,109.380825,-6.874141,2024-08-04,4
116840,4,109.382154,-6.874103,2024-08-04,4
116841,4,109.381835,-6.874084,2024-08-04,4
116842,4,109.381494,-6.874064,2024-08-04,4
116843,4,109.381153,-6.874044,2024-08-04,4
116844,4,109.380831,-6.874024,2024-08-04,4
116849,4,109.382156,-6.873985,2024-08-04,4
116850,4,109.381841,-6.873966,2024-08-04,4
116851,4,109.381499,-6.873945,2024-08-04,4
116852,4,109.381156,-6.873926,2024-08-04,4
116853,4,109.380833,-6.87391,2024-08-04,4
116858,4,109.382157,-6.873854,2024-08-04,4
116859,4,109.381847,-6.873836,2024-08-04,4
116860,4,109.381506,-6.873816,2024-08-04,4
116861,4,109.381161,-6.873798,2024-08-04,4
116862,4,109.380838,-6.873781,2024-08-04,4
116863,4,109.383099,-6.873717,2024-08-04,4
116864,4,109.382887,-6.873715,2024-08-04,4
116865,4,109.382665,-6.873713,2024-08-04,4
116866,4,109.382438,-6.87371,2024-08-04,4
67040,3,108.892183,-6.948961,2024-08-04,5
67044,3,109.053417,-6.9815,2024-08-04,5
67059,3,109.488056,-7.716167,2024-08-04,5
67526,3,109.488105,-7.715786,2024-08-04,5
67528,3,109.489012,-7.715789,2024-08-04,5
67529,3,109.487653,-7.715332,2024-08-04,5
67530,3,109.488107,-7.715334,2024-08-04,5
67533,3,109.487655,-7.71488,2024-08-04,5
67534,3,109.488108,-7.714882,2024-08-04,5
67640,3,109.052593,-6.982177,2024-08-04,5
67641,3,109.053045,-6.982179,2024-08-04,5
67642,3,109.052595,-6.981725,2024-08-04,5
67643,3,109.053047,-6.981727,2024-08-04,5
67651,3,108.895298,-6.951217,2024-08-04,5
67652,3,108.894395,-6.950761,2024-08-04,5
67654,3,108.8953,-6.950765,2024-08-04,5
67658,3,108.895302,-6.950313,2024-08-04,5
67664,3,108.895756,-6.949863,2024-08-04,5
67666,3,108.894853,-6.949407,2024-08-04,5
70236,3,109.48898,-7.716486,2024-08-04,5
70238,3,109.488243,-7.716461,2024-08-04,5
70240,3,109.487982,-7.716373,2024-08-04,5
70251,3,109.488794,-7.716119,2024-08-04,5
70261,3,109.488121,-7.715929,2024-08-04,5
70263,3,109.488644,-7.715902,2024-08-04,5
70266,3,109.488996,-7.715832,2024-08-04,5
70268,3,109.488145,-7.715814,2024-08-04,5
70269,3,109.488984,-7.715749,2024-08-04,5
70271,3,109.487682,-7.715721,2024-08-04,5
70275,3,109.487677,-7.715582,2024-08-04,5
70276,3,109.487994,-7.715562,2024-08-04,5
70278,3,109.489253,-7.715473,2024-08-04,5
70281,3,109.489245,-7.715322,2024-08-04,5
70284,3,109.488168,-7.715376,2024-08-04,5
70285,3,109.487725,-7.715351,2024-08-04,5
70289,3,109.489216,-7.715111,2024-08-04,5
70291,3,109.48878,-7.715103,2024-08-04,5
70292,3,109.48919,-7.714993,2024-08-04,5
70293,3,109.487886,-7.715006,2024-08-04,5
70294,3,109.489155,-7.714878,2024-08-04,5
70295,3,109.487612,-7.715017,2024-08-04,5
70297,3,109.487768,-7.714809,2024-08-04,5
70298,3,109.48811,-7.714876,2024-08-04,5
70299,3,109.487885,-7.714778,2024-08-04,5
70300,3,109.488043,-7.714741,2024-08-04,5
71235,3,109.053327,-6.982333,2024-08-04,5
71237,3,109.052833,-6.982201,2024-08-04,5
71238,3,109.052552,-6.982182,2024-08-04,5
71240,3,109.052943,-6.982091,2024-08-04,5
71241,3,109.052706,-6.982075,2024-08-04,5
71242,3,109.052557,-6.982064,2024-08-04,5
71245,3,109.05298,-6.981822,2024-08-04,5
71246,3,109.052577,-6.981797,2024-08-04,5
71248,3,109.052992,-6.981708,2024-08-04,5
71249,3,109.052827,-6.981759,2024-08-04,5
71250,3,109.052709,-6.981763,2024-08-04,5
71251,3,109.052603,-6.981682,2024-08-04,5
71252,3,109.053753,-6.981651,2024-08-04,5
71253,3,109.053524,-6.981637,2024-08-04,5
71254,3,109.053269,-6.981621,2024-08-04,5
71255,3,109.052995,-6.981604,2024-08-04,5
71256,3,109.052783,-6.98159,2024-08-04,5
71257,3,109.05262,-6.98158,2024-08-04,5
71258,3,109.053756,-6.98156,2024-08-04,5
71259,3,109.053529,-6.981546,2024-08-04,5
71260,3,109.053273,-6.98153,2024-08-04,5
71261,3,109.052999,-6.981511,2024-08-04,5
71262,3,109.052789,-6.981497,2024-08-04,5
71263,3,109.052623,-6.981486,2024-08-04,5
71301,3,108.895409,-6.951236,2024-08-04,5
71302,3,108.89504,-6.951135,2024-08-04,5
71304,3,108.895166,-6.951123,2024-08-04,5
71305,3,108.89464,-6.951,2024-08-04,5
71306,3,108.895513,-6.950994,2024-08-04,5
71307,3,108.894749,-6.951003,2024-08-04,5
71308,3,108.894826,-6.950948,2024-08-04,5
71309,3,108.895312,-6.950901,2024-08-04,5
71311,3,108.894399,-6.950895,2024-08-04,5
71312,3,108.894474,-6.950865,2024-08-04,5
71313,3,108.895572,-6.950882,2024-08-04,5
71316,3,108.894541,-6.950804,2024-08-04,5
71318,3,108.894231,-6.950742,2024-08-04,5
71319,3,108.894064,-6.950748,2024-08-04,5
71320,3,108.894908,-6.950713,2024-08-04,5
71321,3,108.895293,-6.950756,2024-08-04,5
71323,3,108.89427,-6.950668,2024-08-04,5
71324,3,108.894024,-6.950634,2024-08-04,5
71328,3,108.894641,-6.950586,2024-08-04,5
71330,3,108.894958,-6.950604,2024-08-04,5
71331,3,108.894057,-6.950557,2024-08-04,5
71334,3,108.893835,-6.950532,2024-08-04,5
71337,3,108.893898,-6.950471,2024-08-04,5
71338,3,108.894999,-6.950477,2024-08-04,5
71341,3,108.894688,-6.950483,2024-08-04,5
71349,3,108.894733,-6.950361,2024-08-04,5
71354,3,108.895159,-6.950283,2024-08-04,5
71362,3,108.894826,-6.950147,2024-08-04,5
71371,3,108.895932,-6.949968,2024-08-04,5
71380,3,108.895647,-6.949851,2024-08-04,5
71390,3,108.895315,-6.949715,2024-08-04,5
71392,3,108.89561,-6.94976,2024-08-04,5
71397,3,108.895052,-6.949608,2024-08-04,5
71398,3,108.895093,-6.94954,2024-08-04,5
71401,3,108.894859,-6.949529,2024-08-04,5
71405,3,108.89488,-6.949449,2024-08-04,5
71406,3,108.894678,-6.949455,2024-08-04,5
71410,3,108.894682,-6.949365,2024-08-04,5
71411,3,108.894447,-6.949362,2024-08-04,5
71415,3,108.894491,-6.949284,2024-08-04,5
114969,4,109.406519,-6.896431,2024-08-04,5
114972,4,109.429472,-6.896186,2024-08-04,5
114977,4,109.052569,-6.994953,2024-08-04,5
114978,4,109.052986,-6.995039,2024-08-04,5
114987,4,109.406953,-6.895875,2024-08-04,5
114989,4,109.052619,-6.994092,2024-08-04,5
115111,4,109.052539,-6.995286,2024-08-04,5
115113,4,109.053444,-6.99529,2024-08-04,5
115114,4,109.053896,-6.995292,2024-08-04,5
115115,4,109.052541,-6.994834,2024-08-04,5
115116,4,109.052543,-6.994382,2024-08-04,5
115120,4,109.052544,-6.99393,2024-08-04,5
115125,4,109.052546,-6.993478,2024-08-04,5
115241,4,109.406249,-6.897601,2024-08-04,5
115242,4,109.406702,-6.897602,2024-08-04,5
115243,4,109.407154,-6.897604,2024-08-04,5
115244,4,109.406251,-6.897149,2024-08-04,5
115245,4,109.406703,-6.89715,2024-08-04,5
115246,4,109.407155,-6.897152,2024-08-04,5
115247,4,109.406252,-6.896696,2024-08-04,5
115248,4,109.406705,-6.896698,2024-08-04,5
115249,4,109.407157,-6.8967,2024-08-04,5
115252,4,109.429604,-6.896741,2024-08-04,5
115253,4,109.430057,-6.896742,2024-08-04,5
115254,4,109.406254,-6.896244,2024-08-04,5
115255,4,109.406706,-6.896246,2024-08-04,5
115256,4,109.429606,-6.896289,2024-08-04,5
115257,4,109.430058,-6.89629,2024-08-04,5
115258,4,109.406255,-6.895792,2024-08-04,5
115259,4,109.406708,-6.895794,2024-08-04,5
115271,4,109.429612,-6.89448,2024-08-04,5
115272,4,109.430064,-6.894482,2024-08-04,5
116001,4,109.052514,-6.99542,2024-08-04,5
116003,4,109.05234,-6.995407,2024-08-04,5
116005,4,109.054257,-6.995363,2024-08-04,5
116007,4,109.054117,-6.995335,2024-08-04,5
116009,4,109.053924,-6.995301,2024-08-04,5
116010,4,109.053782,-6.995276,2024-08-04,5
116012,4,109.053615,-6.995246,2024-08-04,5
116013,4,109.05253,-6.99523,2024-08-04,5
116014,4,109.052351,-6.995218,2024-08-04,5
116015,4,109.053409,-6.99521,2024-08-04,5
116016,4,109.053199,-6.995172,2024-08-04,5
116017,4,109.052976,-6.995135,2024-08-04,5
116019,4,109.054279,-6.995145,2024-08-04,5
116020,4,109.052543,-6.995059,2024-08-04,5
116021,4,109.054127,-6.995113,2024-08-04,5
116022,4,109.05236,-6.995045,2024-08-04,5
116023,4,109.053873,-6.995082,2024-08-04,5
116024,4,109.053637,-6.995053,2024-08-04,5
116025,4,109.053425,-6.995026,2024-08-04,5
116026,4,109.053223,-6.995001,2024-08-04,5
116028,4,109.052999,-6.994977,2024-08-04,5
116035,4,109.052557,-6.994901,2024-08-04,5
116036,4,109.05237,-6.994886,2024-08-04,5
116047,4,109.052579,-6.994653,2024-08-04,5
116057,4,109.05259,-6.994493,2024-08-04,5
116069,4,109.052604,-6.994313,2024-08-04,5
116078,4,109.05262,-6.9941,2024-08-04,5
116089,4,109.052635,-6.993886,2024-08-04,5
116090,4,109.052463,-6.993874,2024-08-04,5
116099,4,109.052477,-6.9937,2024-08-04,5
116100,4,109.052366,-6.99368,2024-08-04,5
116101,4,109.052648,-6.993688,2024-08-04,5
116105,4,109.052492,-6.993523,2024-08-04,5
116106,4,109.052379,-6.9935,2024-08-04,5
116107,4,109.05266,-6.993499,2024-08-04,5
116108,4,109.052388,-6.993398,2024-08-04,5
116111,4,109.052668,-6.993368,2024-08-04,5
116112,4,109.052547,-6.993411,2024-08-04,5
116496,4,109.40689,-6.897707,2024-08-04,5
116497,4,109.406701,-6.897694,2024-08-04,5
116498,4,109.40648,-6.897704,2024-08-04,5
116499,4,109.40628,-6.897681,2024-08-04,5
116500,4,109.406905,-6.897592,2024-08-04,5
116501,4,109.407241,-6.897579,2024-08-04,5
116502,4,109.407129,-6.89757,2024-08-04,5
116503,4,109.406707,-6.897572,2024-08-04,5
116504,4,109.406486,-6.897548,2024-08-04,5
116505,4,109.40629,-6.897527,2024-08-04,5
116506,4,109.406058,-6.897478,2024-08-04,5
116507,4,109.405894,-6.897463,2024-08-04,5
116508,4,109.40714,-6.89744,2024-08-04,5
116509,4,109.40692,-6.897435,2024-08-04,5
116510,4,109.406768,-6.897419,2024-08-04,5
116511,4,109.406588,-6.8974,2024-08-04,5
116512,4,109.406023,-6.897359,2024-08-04,5
116513,4,109.406346,-6.897375,2024-08-04,5
116514,4,109.40693,-6.897274,2024-08-04,5
116515,4,109.406077,-6.897244,2024-08-04,5
116516,4,109.406778,-6.89726,2024-08-04,5
116517,4,109.40591,-6.89723,2024-08-04,5
116518,4,109.407265,-6.897402,2024-08-04,5
116519,4,109.406596,-6.897242,2024-08-04,5
116520,4,109.407198,-6.897239,2024-08-04,5
116521,4,109.406353,-6.897219,2024-08-04,5
116522,4,109.405902,-6.897144,2024-08-04,5
116523,4,109.405905,-6.89709,2024-08-04,5
116524,4,109.406072,-6.897124,2024-08-04,5
116525,4,109.406936,-6.897117,2024-08-04,5
116526,4,109.406774,-6.897102,2024-08-04,5
116527,4,109.405907,-6.89704,2024-08-04,5
116528,4,109.429556,-6.897051,2024-08-04,5
116529,4,109.429779,-6.897047,2024-08-04,5
116530,4,109.429973,-6.897045,2024-08-04,5
116531,4,109.406585,-6.897084,2024-08-04,5
116532,4,109.430168,-6.897004,2024-08-04,5
116533,4,109.407322,-6.897084,2024-08-04,5
116534,4,109.430305,-6.897006,2024-08-04,5
116535,4,109.407213,-6.89707,2024-08-04,5
116536,4,109.40591,-6.896993,2024-08-04,5
116537,4,109.406353,-6.89706,2024-08-04,5
116543,4,109.406077,-6.897006,2024-08-04,5
116544,4,109.405911,-6.896952,2024-08-04,5
116545,4,109.406946,-6.896961,2024-08-04,5
116546,4,109.406787,-6.896947,2024-08-04,5
116547,4,109.406116,-6.896903,2024-08-04,5
116548,4,109.406599,-6.896928,2024-08-04,5
116549,4,109.429551,-6.896917,2024-08-04,5
116550,4,109.405948,-6.896886,2024-08-04,5
116551,4,109.429775,-6.896916,2024-08-04,5
116552,4,109.429975,-6.896912,2024-08-04,5
116553,4,109.430166,-6.89691,2024-08-04,5
116554,4,109.430305,-6.896906,2024-08-04,5
116555,4,109.407336,-6.89691,2024-08-04,5
116556,4,109.406363,-6.896904,2024-08-04,5
116557,4,109.407227,-6.896898,2024-08-04,5
116563,4,109.406125,-6.896808,2024-08-04,5
116564,4,109.405955,-6.896789,2024-08-04,5
116565,4,109.406953,-6.896809,2024-08-04,5
116566,4,109.406789,-6.896792,2024-08-04,5
116567,4,109.4066,-6.896773,2024-08-04,5
116568,4,109.406159,-6.896721,2024-08-04,5
116569,4,109.429548,-6.896748,2024-08-04,5
116570,4,109.430229,-6.896745,2024-08-04,5
116571,4,109.429772,-6.896748,2024-08-04,5
116572,4,109.429984,-6.896746,2024-08-04,5
116573,4,109.406368,-6.896749,2024-08-04,5
116574,4,109.407349,-6.896746,2024-08-04,5
116575,4,109.405991,-6.896703,2024-08-04,5
116576,4,109.407241,-6.896727,2024-08-04,5
116577,4,109.406168,-6.896629,2024-08-04,5
116578,4,109.406964,-6.896656,2024-08-04,5
116584,4,109.406803,-6.896639,2024-08-04,5
116585,4,109.405998,-6.896611,2024-08-04,5
116586,4,109.406615,-6.896618,2024-08-04,5
116587,4,109.406379,-6.896592,2024-08-04,5
116588,4,109.429784,-6.896583,2024-08-04,5
116589,4,109.430257,-6.896581,2024-08-04,5
116590,4,109.429545,-6.896582,2024-08-04,5
116591,4,109.430022,-6.896581,2024-08-04,5
116592,4,109.407352,-6.896573,2024-08-04,5
116593,4,109.406175,-6.896537,2024-08-04,5
116594,4,109.407243,-6.896562,2024-08-04,5
116595,4,109.406036,-6.896522,2024-08-04,5
116596,4,109.40593,-6.89651,2024-08-04,5
116597,4,109.406816,-6.896485,2024-08-04,5
116598,4,109.406629,-6.896464,2024-08-04,5
116599,4,109.40639,-6.896439,2024-08-04,5
116600,4,109.430024,-6.896416,2024-08-04,5
116601,4,109.429783,-6.896416,2024-08-04,5
116602,4,109.430258,-6.896414,2024-08-04,5
116603,4,109.429543,-6.896413,2024-08-04,5
116604,4,109.407363,-6.896403,2024-08-04,5
116605,4,109.407253,-6.896393,2024-08-04,5
116606,4,109.406987,-6.896323,2024-08-04,5
116607,4,109.406829,-6.896307,2024-08-04,5
116608,4,109.406678,-6.896293,2024-08-04,5
116609,4,109.406508,-6.896276,2024-08-04,5
116610,4,109.430259,-6.896253,2024-08-04,5
116611,4,109.430025,-6.896253,2024-08-04,5
116612,4,109.429784,-6.896251,2024-08-04,5
116613,4,109.42954,-6.896248,2024-08-04,5
116614,4,109.406304,-6.896256,2024-08-04,5
116615,4,109.406042,-6.896318,2024-08-04,5
116616,4,109.407374,-6.896227,2024-08-04,5
116617,4,109.407261,-6.89622,2024-08-04,5
116618,4,109.406999,-6.89616,2024-08-04,5
116619,4,109.406841,-6.896144,2024-08-04,5
116620,4,109.406692,-6.89613,2024-08-04,5
116621,4,109.406522,-6.896112,2024-08-04,5
116622,4,109.43026,-6.896093,2024-08-04,5
116623,4,109.430027,-6.896091,2024-08-04,5
116624,4,109.429782,-6.896087,2024-08-04,5
116625,4,109.406315,-6.896092,2024-08-04,5
116626,4,109.429535,-6.896083,2024-08-04,5
116627,4,109.407385,-6.896061,2024-08-04,5
116628,4,109.407271,-6.89605,2024-08-04,5
116629,4,109.407011,-6.895995,2024-08-04,5
116630,4,109.406122,-6.89604,2024-08-04,5
116631,4,109.406852,-6.89598,2024-08-04,5
116632,4,109.405988,-6.896027,2024-08-04,5
116633,4,109.406703,-6.895965,2024-08-04,5
116634,4,109.406534,-6.895949,2024-08-04,5
116640,4,109.406326,-6.895928,2024-08-04,5
116641,4,109.407023,-6.895826,2024-08-04,5
116642,4,109.406863,-6.895811,2024-08-04,5
116644,4,109.406713,-6.895798,2024-08-04,5
116648,4,109.406544,-6.895783,2024-08-04,5
116652,4,109.406336,-6.895765,2024-08-04,5
116659,4,109.406139,-6.895752,2024-08-04,5
116662,4,109.406005,-6.895742,2024-08-04,5
116663,4,109.407034,-6.895654,2024-08-04,5
116664,4,109.406875,-6.895642,2024-08-04,5
116666,4,109.406724,-6.895629,2024-08-04,5
116670,4,109.406549,-6.895616,2024-08-04,5
116675,4,109.40634,-6.895599,2024-08-04,5
116680,4,109.406965,-6.895486,2024-08-04,5
116681,4,109.406736,-6.895468,2024-08-04,5
116684,4,109.406561,-6.895454,2024-08-04,5
116690,4,109.406352,-6.895437,2024-08-04,5
116693,4,109.406155,-6.895475,2024-08-04,5
116696,4,109.406021,-6.895462,2024-08-04,5
116723,4,109.430272,-6.894833,2024-08-04,5
116724,4,109.430053,-6.89483,2024-08-04,5
116730,4,109.429829,-6.894826,2024-08-04,5
116731,4,109.429648,-6.894822,2024-08-04,5
116732,4,109.429474,-6.89482,2024-08-04,5
116733,4,109.430055,-6.894688,2024-08-04,5
116734,4,109.429831,-6.894684,2024-08-04,5
116735,4,109.42964,-6.894681,2024-08-04,5
116736,4,109.430271,-6.894686,2024-08-04,5
116737,4,109.429476,-6.894675,2024-08-04,5
116739,4,109.430272,-6.894547,2024-08-04,5
116740,4,109.430056,-6.894544,2024-08-04,5
116741,4,109.429827,-6.894541,2024-08-04,5
116742,4,109.429637,-6.894538,2024-08-04,5
116743,4,109.429466,-6.894536,2024-08-04,5
116749,4,109.430267,-6.894417,2024-08-04,5
116751,4,109.430054,-6.894405,2024-08-04,5
116752,4,109.429824,-6.894401,2024-08-04,5
116753,4,109.429633,-6.894399,2024-08-04,5
116754,4,109.429463,-6.894397,2024-08-04,5
116758,4,109.429472,-6.894289,2024-08-04,5
116759,4,109.43019,-6.894289,2024-08-04,5
116760,4,109.429631,-6.894282,2024-08-04,5
116761,4,109.43005,-6.894288,2024-08-04,5
116762,4,109.429822,-6.894274,2024-08-04,5
67049,3,109.411611,-7.426361,2024-08-04,6
67525,3,109.487652,-7.715784,2024-08-04,6
67620,3,109.411658,-7.426606,2024-08-04,6
67621,3,109.412111,-7.426607,2024-08-04,6
67629,3,109.411659,-7.426154,2024-08-04,6
67630,3,109.412112,-7.426155,2024-08-04,6
67645,3,109.052597,-6.981273,2024-08-04,6
70265,3,109.487735,-7.715842,2024-08-04,6
70894,3,109.411941,-7.426895,2024-08-04,6
70900,3,109.411867,-7.426886,2024-08-04,6
70903,3,109.411796,-7.426877,2024-08-04,6
70908,3,109.411668,-7.426859,2024-08-04,6
70913,3,109.411527,-7.426841,2024-08-04,6
70915,3,109.411431,-7.42683,2024-08-04,6
70916,3,109.411378,-7.426822,2024-08-04,6
70924,3,109.412286,-7.426848,2024-08-04,6
70925,3,109.412224,-7.426842,2024-08-04,6
70929,3,109.412145,-7.42683,2024-08-04,6
70932,3,109.412067,-7.426829,2024-08-04,6
70934,3,109.412014,-7.426814,2024-08-04,6
70937,3,109.411952,-7.426805,2024-08-04,6
70943,3,109.411866,-7.426787,2024-08-04,6
70944,3,109.411772,-7.426775,2024-08-04,6
70949,3,109.411666,-7.426754,2024-08-04,6
70956,3,109.411543,-7.426735,2024-08-04,6
70958,3,109.411449,-7.426719,2024-08-04,6
70961,3,109.411391,-7.426705,2024-08-04,6
70982,3,109.412317,-7.426627,2024-08-04,6
70985,3,109.412258,-7.426623,2024-08-04,6
70989,3,109.412179,-7.426613,2024-08-04,6
70993,3,109.412102,-7.426593,2024-08-04,6
70995,3,109.412022,-7.426591,2024-08-04,6
70997,3,109.41192,-7.426562,2024-08-04,6
70999,3,109.411817,-7.426555,2024-08-04,6
71005,3,109.411701,-7.426534,2024-08-04,6
71011,3,109.411577,-7.426517,2024-08-04,6
71016,3,109.411487,-7.426503,2024-08-04,6
71020,3,109.411421,-7.426478,2024-08-04,6
71044,3,109.412335,-7.426351,2024-08-04,6
71048,3,109.411608,-7.426306,2024-08-04,6
71049,3,109.412236,-7.426337,2024-08-04,6
71050,3,109.411412,-7.42624,2024-08-04,6
71055,3,109.412156,-7.426324,2024-08-04,6
71059,3,109.412074,-7.426318,2024-08-04,6
71064,3,109.411978,-7.426302,2024-08-04,6
71072,3,109.411867,-7.426285,2024-08-04,6
71096,3,109.41163,-7.426173,2024-08-04,6
71097,3,109.412371,-7.426153,2024-08-04,6
71098,3,109.411426,-7.426133,2024-08-04,6
71101,3,109.412267,-7.426138,2024-08-04,6
71104,3,109.412182,-7.426129,2024-08-04,6
71105,3,109.412097,-7.426118,2024-08-04,6
71107,3,109.412006,-7.426108,2024-08-04,6
71111,3,109.411796,-7.426078,2024-08-04,6
71112,3,109.412391,-7.426045,2024-08-04,6
71114,3,109.412269,-7.426031,2024-08-04,6
71117,3,109.412164,-7.426021,2024-08-04,6
71118,3,109.411546,-7.426041,2024-08-04,6
71119,3,109.411441,-7.426021,2024-08-04,6
71120,3,109.412065,-7.426011,2024-08-04,6
71124,3,109.411876,-7.42599,2024-08-04,6
71128,3,109.411588,-7.425957,2024-08-04,6
71228,3,109.052823,-6.982463,2024-08-04,6
71229,3,109.052541,-6.982452,2024-08-04,6
71264,3,109.053791,-6.981432,2024-08-04,6
71265,3,109.053634,-6.981423,2024-08-04,6
71266,3,109.053474,-6.981412,2024-08-04,6
71267,3,109.053284,-6.981398,2024-08-04,6
71268,3,109.052946,-6.981373,2024-08-04,6
71269,3,109.052628,-6.981349,2024-08-04,6
71276,3,109.052946,-6.981087,2024-08-04,6
71277,3,109.052637,-6.981069,2024-08-04,6
71278,3,109.053792,-6.981095,2024-08-04,6
71279,3,109.053623,-6.981083,2024-08-04,6
71280,3,109.053351,-6.981065,2024-08-04,6
71281,3,109.052945,-6.980989,2024-08-04,6
71282,3,109.05264,-6.980968,2024-08-04,6
114979,4,109.052872,-6.995378,2024-08-04,6
114990,4,109.052478,-6.994253,2024-08-04,6
115110,4,109.053894,-6.995744,2024-08-04,6
115112,4,109.052991,-6.995288,2024-08-04,6
115118,4,109.053447,-6.994386,2024-08-04,6
115119,4,109.0539,-6.994388,2024-08-04,6
115122,4,109.053449,-6.993934,2024-08-04,6
115123,4,109.053902,-6.993936,2024-08-04,6
115124,4,109.054354,-6.993938,2024-08-04,6
115127,4,109.053451,-6.993482,2024-08-04,6
115130,4,109.094712,-6.9715,2024-08-04,6
115135,4,109.094713,-6.971048,2024-08-04,6
115982,4,109.054207,-6.995776,2024-08-04,6
115984,4,109.054226,-6.995678,2024-08-04,6
115988,4,109.053934,-6.995689,2024-08-04,6
115990,4,109.053611,-6.995625,2024-08-04,6
115992,4,109.053501,-6.995601,2024-08-04,6
115994,4,109.053354,-6.995571,2024-08-04,6
115995,4,109.054239,-6.99555,2024-08-04,6
115996,4,109.053143,-6.995527,2024-08-04,6
115997,4,109.05294,-6.995483,2024-08-04,6
115998,4,109.054009,-6.995506,2024-08-04,6
115999,4,109.053762,-6.995462,2024-08-04,6
116000,4,109.052728,-6.995435,2024-08-04,6
116002,4,109.053597,-6.995433,2024-08-04,6
116004,4,109.053373,-6.995393,2024-08-04,6
116006,4,109.053161,-6.995353,2024-08-04,6
116008,4,109.052956,-6.995313,2024-08-04,6
116011,4,109.052745,-6.995244,2024-08-04,6
116018,4,109.05276,-6.995075,2024-08-04,6
116027,4,109.054298,-6.994953,2024-08-04,6
116029,4,109.054147,-6.994943,2024-08-04,6
116030,4,109.053888,-6.994927,2024-08-04,6
116031,4,109.053648,-6.994912,2024-08-04,6
116032,4,109.053434,-6.994899,2024-08-04,6
116033,4,109.053119,-6.99488,2024-08-04,6
116034,4,109.052776,-6.994917,2024-08-04,6
116037,4,109.054189,-6.99474,2024-08-04,6
116038,4,109.053973,-6.994729,2024-08-04,6
116039,4,109.053826,-6.994722,2024-08-04,6
116040,4,109.053687,-6.994715,2024-08-04,6
116041,4,109.05354,-6.994706,2024-08-04,6
116042,4,109.053362,-6.994696,2024-08-04,6
116043,4,109.053157,-6.994684,2024-08-04,6
116044,4,109.052404,-6.994658,2024-08-04,6
116048,4,109.054199,-6.994582,2024-08-04,6
116049,4,109.053988,-6.994563,2024-08-04,6
116050,4,109.052412,-6.994531,2024-08-04,6
116051,4,109.054306,-6.994493,2024-08-04,6
116052,4,109.053841,-6.99455,2024-08-04,6
116053,4,109.054177,-6.994479,2024-08-04,6
116054,4,109.053704,-6.994538,2024-08-04,6
116055,4,109.054,-6.994459,2024-08-04,6
116056,4,109.053558,-6.994523,2024-08-04,6
116058,4,109.053379,-6.994507,2024-08-04,6
116059,4,109.053168,-6.994492,2024-08-04,6
116063,4,109.052421,-6.994406,2024-08-04,6
116064,4,109.054315,-6.994368,2024-08-04,6
116065,4,109.054187,-6.994353,2024-08-04,6
116066,4,109.054011,-6.994335,2024-08-04,6
116067,4,109.053861,-6.994345,2024-08-04,6
116068,4,109.053725,-6.994332,2024-08-04,6
116070,4,109.05358,-6.994316,2024-08-04,6
116071,4,109.053445,-6.994301,2024-08-04,6
116072,4,109.052432,-6.99426,2024-08-04,6
116075,4,109.054329,-6.994175,2024-08-04,6
116076,4,109.054205,-6.994151,2024-08-04,6
116077,4,109.054031,-6.994122,2024-08-04,6
116079,4,109.052446,-6.994075,2024-08-04,6
116080,4,109.053884,-6.994099,2024-08-04,6
116083,4,109.053748,-6.994081,2024-08-04,6
116084,4,109.053603,-6.994058,2024-08-04,6
116085,4,109.054297,-6.993987,2024-08-04,6
116086,4,109.053463,-6.994037,2024-08-04,6
116087,4,109.054123,-6.993954,2024-08-04,6
116088,4,109.053929,-6.993916,2024-08-04,6
116091,4,109.052352,-6.993864,2024-08-04,6
116092,4,109.054305,-6.993831,2024-08-04,6
116093,4,109.054132,-6.993813,2024-08-04,6
116094,4,109.053867,-6.993785,2024-08-04,6
116095,4,109.053646,-6.993816,2024-08-04,6
116096,4,109.053503,-6.993794,2024-08-04,6
116102,4,109.05371,-6.993647,2024-08-04,6
116113,4,109.05369,-6.993465,2024-08-04,6
116114,4,109.053524,-6.993525,2024-08-04,6
116115,4,109.053636,-6.993275,2024-08-04,6
116117,4,109.094674,-6.97147,2024-08-04,6
116123,4,109.094528,-6.971441,2024-08-04,6
116130,4,109.094685,-6.971318,2024-08-04,6
116131,4,109.094539,-6.971292,2024-08-04,6
116137,4,109.094912,-6.971275,2024-08-04,6
116143,4,109.094551,-6.97111,2024-08-04,6
116144,4,109.09469,-6.971108,2024-08-04,6
116150,4,109.094913,-6.971096,2024-08-04,6
116154,4,109.094563,-6.970914,2024-08-04,6
116160,4,109.095017,-6.97088,2024-08-04,6
116162,4,109.094877,-6.970897,2024-08-04,6
116164,4,109.094693,-6.97089,2024-08-04,6
116175,4,109.095027,-6.97069,2024-08-04,6
116177,4,109.094905,-6.970684,2024-08-04,6
116186,4,109.094915,-6.9705,2024-08-04,6
116188,4,109.095037,-6.9705,2024-08-04,6
116198,4,109.094924,-6.97032,2024-08-04,6
116212,4,109.094933,-6.970112,2024-08-04,6
116218,4,109.094938,-6.969962,2024-08-04,6
117372,4,109.391089,-6.871089,2024-08-16,3
117390,4,109.391567,-6.872022,2024-08-16,3
117391,4,109.429086,-6.895031,2024-08-16,3
117393,4,109.052806,-6.994267,2024-08-16,3
117423,4,109.411086,-7.444706,2024-08-16,3
117522,4,109.052995,-6.994384,2024-08-16,3
117526,4,109.052997,-6.993932,2024-08-16,3
117531,4,109.052999,-6.99348,2024-08-16,3
117666,4,109.429155,-6.895835,2024-08-16,3
117669,4,109.428704,-6.895381,2024-08-16,3
117672,4,109.428705,-6.894929,2024-08-16,3
117675,4,109.428707,-6.894477,2024-08-16,3
117694,4,109.380995,-6.873553,2024-08-16,3
117695,4,109.381448,-6.873555,2024-08-16,3
117696,4,109.3819,-6.873556,2024-08-16,3
117699,4,109.3905,-6.872229,2024-08-16,3
117700,4,109.390952,-6.87223,2024-08-16,3
117701,4,109.391405,-6.872232,2024-08-16,3
117702,4,109.391857,-6.872233,2024-08-16,3
117703,4,109.390501,-6.871777,2024-08-16,3
117704,4,109.390954,-6.871778,2024-08-16,3
117707,4,109.390051,-6.871323,2024-08-16,3
117709,4,109.390955,-6.871326,2024-08-16,3
117710,4,109.391408,-6.871328,2024-08-16,3
117711,4,109.390052,-6.870871,2024-08-16,3
117714,4,109.391409,-6.870876,2024-08-16,3
117715,4,109.390054,-6.870419,2024-08-16,3
117716,4,109.390506,-6.87042,2024-08-16,3
117717,4,109.390958,-6.870422,2024-08-16,3
117718,4,109.391411,-6.870423,2024-08-16,3
118450,4,109.052953,-6.994673,2024-08-16,3
118451,4,109.05276,-6.994662,2024-08-16,3
118465,4,109.053009,-6.994484,2024-08-16,3
118466,4,109.052909,-6.994479,2024-08-16,3
118467,4,109.052772,-6.99447,2024-08-16,3
118478,4,109.052976,-6.994258,2024-08-16,3
118479,4,109.052789,-6.994246,2024-08-16,3
118486,4,109.052989,-6.994047,2024-08-16,3
118487,4,109.052803,-6.994036,2024-08-16,3
118502,4,109.052964,-6.993815,2024-08-16,3
118503,4,109.052818,-6.993807,2024-08-16,3
118508,4,109.053022,-6.993582,2024-08-16,3
118509,4,109.052834,-6.993571,2024-08-16,3
118515,4,109.052845,-6.993403,2024-08-16,3
118532,4,109.093542,-6.971421,2024-08-16,3
118545,4,109.093559,-6.971236,2024-08-16,3
118558,4,109.093577,-6.971021,2024-08-16,3
118571,4,109.093598,-6.970797,2024-08-16,3
119059,4,109.428911,-6.895767,2024-08-16,3
119060,4,109.429095,-6.89576,2024-08-16,3
119076,4,109.428486,-6.895606,2024-08-16,3
119078,4,109.428551,-6.895601,2024-08-16,3
119079,4,109.428646,-6.895597,2024-08-16,3
119081,4,109.428752,-6.895592,2024-08-16,3
119082,4,109.428856,-6.895587,2024-08-16,3
119083,4,109.428964,-6.895582,2024-08-16,3
119084,4,109.429114,-6.895575,2024-08-16,3
119092,4,109.428484,-6.895441,2024-08-16,3
119094,4,109.428547,-6.895435,2024-08-16,3
119096,4,109.428645,-6.895431,2024-08-16,3
119097,4,109.42875,-6.895426,2024-08-16,3
119099,4,109.428861,-6.895421,2024-08-16,3
119100,4,109.428968,-6.895415,2024-08-16,3
119107,4,109.428501,-6.895236,2024-08-16,3
119108,4,109.428619,-6.89523,2024-08-16,3
119109,4,109.428748,-6.895227,2024-08-16,3
119110,4,109.42885,-6.895222,2024-08-16,3
119111,4,109.428976,-6.895218,2024-08-16,3
119112,4,109.429123,-6.895211,2024-08-16,3
119123,4,109.4285,-6.895004,2024-08-16,3
119124,4,109.428618,-6.894999,2024-08-16,3
119125,4,109.428746,-6.894998,2024-08-16,3
119126,4,109.428839,-6.894995,2024-08-16,3
119127,4,109.428947,-6.894991,2024-08-16,3
119130,4,109.42852,-6.89482,2024-08-16,3
119131,4,109.428668,-6.894818,2024-08-16,3
119132,4,109.428837,-6.894815,2024-08-16,3
119133,4,109.428975,-6.894813,2024-08-16,3
119134,4,109.429126,-6.894812,2024-08-16,3
119143,4,109.428768,-6.894644,2024-08-16,3
119149,4,109.428526,-6.894502,2024-08-16,3
119150,4,109.428669,-6.894492,2024-08-16,3
119151,4,109.428834,-6.89448,2024-08-16,3
119152,4,109.428968,-6.894473,2024-08-16,3
119153,4,109.42853,-6.894401,2024-08-16,3
119155,4,109.428669,-6.894388,2024-08-16,3
119160,4,109.428836,-6.894374,2024-08-16,3
119161,4,109.428967,-6.894364,2024-08-16,3
119162,4,109.429132,-6.89435,2024-08-16,3
119272,4,109.382157,-6.873711,2024-08-16,3
119273,4,109.381111,-6.873649,2024-08-16,3
119274,4,109.382057,-6.873592,2024-08-16,3
119275,4,109.380852,-6.873628,2024-08-16,3
119276,4,109.381522,-6.873561,2024-08-16,3
119277,4,109.38108,-6.873531,2024-08-16,3
119282,4,109.382057,-6.873482,2024-08-16,3
119284,4,109.381531,-6.873449,2024-08-16,3
119288,4,109.381077,-6.873421,2024-08-16,3
119289,4,109.380853,-6.873438,2024-08-16,3
119292,4,109.391657,-6.872558,2024-08-16,3
119293,4,109.391138,-6.872574,2024-08-16,3
119294,4,109.391903,-6.872511,2024-08-16,3
119295,4,109.391282,-6.872553,2024-08-16,3
119296,4,109.391577,-6.872495,2024-08-16,3
119297,4,109.391012,-6.872489,2024-08-16,3
119298,4,109.391823,-6.872442,2024-08-16,3
119299,4,109.39127,-6.872433,2024-08-16,3
119300,4,109.392049,-6.872389,2024-08-16,3
119301,4,109.391541,-6.872372,2024-08-16,3
119302,4,109.390941,-6.872366,2024-08-16,3
119303,4,109.391798,-6.872315,2024-08-16,3
119304,4,109.391244,-6.872303,2024-08-16,3
119305,4,109.392036,-6.872261,2024-08-16,3
119306,4,109.39215,-6.872191,2024-08-16,3
119307,4,109.390805,-6.872256,2024-08-16,3
119308,4,109.391516,-6.872244,2024-08-16,3
119309,4,109.39041,-6.872327,2024-08-16,3
119310,4,109.39109,-6.872203,2024-08-16,3
119311,4,109.391773,-6.872189,2024-08-16,3
119312,4,109.390447,-6.872143,2024-08-16,3
119313,4,109.391357,-6.872149,2024-08-16,3
119314,4,109.392013,-6.872136,2024-08-16,3
119315,4,109.39214,-6.872101,2024-08-16,3
119316,4,109.390658,-6.872139,2024-08-16,3
119317,4,109.39086,-6.872103,2024-08-16,3
119318,4,109.391681,-6.872081,2024-08-16,3
119319,4,109.391053,-6.872067,2024-08-16,3
119320,4,109.391982,-6.87202,2024-08-16,3
119321,4,109.390145,-6.872033,2024-08-16,3
119322,4,109.391271,-6.872026,2024-08-16,3
119323,4,109.392128,-6.871985,2024-08-16,3
119324,4,109.390313,-6.872023,2024-08-16,3
119325,4,109.391498,-6.871983,2024-08-16,3
119326,4,109.390484,-6.871992,2024-08-16,3
119327,4,109.390652,-6.87197,2024-08-16,3
119328,4,109.391718,-6.87194,2024-08-16,3
119329,4,109.39196,-6.871894,2024-08-16,3
119330,4,109.392114,-6.871862,2024-08-16,3
119331,4,109.390811,-6.871913,2024-08-16,3
119332,4,109.390968,-6.87189,2024-08-16,3
119333,4,109.390136,-6.871843,2024-08-16,3
119334,4,109.390301,-6.871833,2024-08-16,3
119335,4,109.390467,-6.871802,2024-08-16,3
119336,4,109.390636,-6.871791,2024-08-16,3
119338,4,109.392091,-6.871724,2024-08-16,3
119339,4,109.39113,-6.871799,2024-08-16,3
119342,4,109.390127,-6.871661,2024-08-16,3
119344,4,109.390287,-6.871651,2024-08-16,3
119346,4,109.390791,-6.871666,2024-08-16,3
119347,4,109.390453,-6.871624,2024-08-16,3
119348,4,109.39095,-6.871651,2024-08-16,3
119349,4,109.390622,-6.871611,2024-08-16,3
119351,4,109.392075,-6.87157,2024-08-16,3
119352,4,109.390118,-6.871492,2024-08-16,3
119353,4,109.390277,-6.87148,2024-08-16,3
119355,4,109.390441,-6.871453,2024-08-16,3
119356,4,109.390609,-6.87144,2024-08-16,3
119357,4,109.392059,-6.871425,2024-08-16,3
119358,4,109.390774,-6.871433,2024-08-16,3
119359,4,109.390933,-6.87142,2024-08-16,3
119360,4,109.391428,-6.871444,2024-08-16,3
119361,4,109.391105,-6.87146,2024-08-16,3
119364,4,109.391747,-6.871413,2024-08-16,3
119365,4,109.390109,-6.871314,2024-08-16,3
119366,4,109.390265,-6.871303,2024-08-16,3
119369,4,109.390759,-6.871232,2024-08-16,3
119370,4,109.390918,-6.871217,2024-08-16,3
119371,4,109.391408,-6.871187,2024-08-16,3
119373,4,109.391726,-6.871168,2024-08-16,3
119374,4,109.391084,-6.871183,2024-08-16,3
119376,4,109.390101,-6.871128,2024-08-16,3
119377,4,109.390255,-6.871117,2024-08-16,3
119380,4,109.390744,-6.871024,2024-08-16,3
119381,4,109.390904,-6.871009,2024-08-16,3
119382,4,109.391069,-6.870976,2024-08-16,3
119383,4,109.390092,-6.870952,2024-08-16,3
119384,4,109.390243,-6.870939,2024-08-16,3
119386,4,109.391389,-6.870963,2024-08-16,3
119387,4,109.390403,-6.870919,2024-08-16,3
119390,4,109.391708,-6.870943,2024-08-16,3
119391,4,109.390729,-6.870821,2024-08-16,3
119393,4,109.391055,-6.870788,2024-08-16,3
119394,4,109.391214,-6.870763,2024-08-16,3
119395,4,109.390082,-6.870749,2024-08-16,3
119396,4,109.390231,-6.870734,2024-08-16,3
119397,4,109.390388,-6.87072,2024-08-16,3
119398,4,109.391368,-6.870719,2024-08-16,3
119399,4,109.390553,-6.870703,2024-08-16,3
119401,4,109.391687,-6.870692,2024-08-16,3
119402,4,109.390069,-6.870516,2024-08-16,3
119403,4,109.390216,-6.870504,2024-08-16,3
119404,4,109.390373,-6.870496,2024-08-16,3
119405,4,109.390536,-6.870486,2024-08-16,3
119408,4,109.391032,-6.870516,2024-08-16,3
119409,4,109.391191,-6.870497,2024-08-16,3
119410,4,109.391342,-6.870445,2024-08-16,3
119411,4,109.3915,-6.870422,2024-08-16,3
119412,4,109.391662,-6.870406,2024-08-16,3
119717,4,109.381615,-6.873678,2024-08-16,3
119718,4,109.381884,-6.873694,2024-08-16,3
119719,4,109.390193,-6.872225,2024-08-16,3
119720,4,109.390206,-6.872431,2024-08-16,3
119721,4,109.39085,-6.872543,2024-08-16,3
119722,4,109.390426,-6.872544,2024-08-16,3
119723,4,109.390668,-6.872542,2024-08-16,3
119724,4,109.390622,-6.872369,2024-08-16,3
119725,4,109.053055,-6.993827,2024-08-16,3
71575,3,108.985611,-7.153611,2024-08-16,4
71576,3,109.295694,-7.426111,2024-08-16,4
71577,3,109.352639,-7.434611,2024-08-16,4
71580,3,109.413361,-7.426667,2024-08-16,4
71581,3,109.375167,-7.504139,2024-08-16,4
71582,3,109.209417,-7.650194,2024-08-16,4
71583,3,109.295528,-7.649722,2024-08-16,4
71584,3,109.153,-7.613889,2024-08-16,4
71586,3,109.449389,-7.595722,2024-08-16,4
71587,3,109.45025,-7.595639,2024-08-16,4
72050,3,109.48765,-7.716237,2024-08-16,4
72051,3,109.488103,-7.716238,2024-08-16,4
72052,3,109.488557,-7.71624,2024-08-16,4
72053,3,109.48901,-7.716241,2024-08-16,4
72056,3,109.488558,-7.715788,2024-08-16,4
72060,3,109.48856,-7.715336,2024-08-16,4
72061,3,109.489013,-7.715337,2024-08-16,4
72064,3,109.488562,-7.714883,2024-08-16,4
72065,3,109.489015,-7.714885,2024-08-16,4
72066,3,109.208281,-7.650512,2024-08-16,4
72067,3,109.208734,-7.650513,2024-08-16,4
72068,3,109.209188,-7.650515,2024-08-16,4
72069,3,109.209641,-7.650517,2024-08-16,4
72070,3,109.208283,-7.650059,2024-08-16,4
72071,3,109.208736,-7.650061,2024-08-16,4
72072,3,109.209189,-7.650063,2024-08-16,4
72073,3,109.209643,-7.650065,2024-08-16,4
72074,3,109.208285,-7.649607,2024-08-16,4
72075,3,109.208738,-7.649609,2024-08-16,4
72076,3,109.209644,-7.649613,2024-08-16,4
72091,3,109.151795,-7.614561,2024-08-16,4
72095,3,109.15225,-7.614111,2024-08-16,4
72096,3,109.152703,-7.614112,2024-08-16,4
72100,3,109.448652,-7.595832,2024-08-16,4
72101,3,109.449105,-7.595834,2024-08-16,4
72102,3,109.449559,-7.595835,2024-08-16,4
72103,3,109.450012,-7.595837,2024-08-16,4
72104,3,109.450465,-7.595838,2024-08-16,4
72105,3,109.448654,-7.59538,2024-08-16,4
72106,3,109.449107,-7.595381,2024-08-16,4
72107,3,109.44956,-7.595383,2024-08-16,4
72108,3,109.450013,-7.595385,2024-08-16,4
72109,3,109.450466,-7.595386,2024-08-16,4
72110,3,109.448656,-7.594928,2024-08-16,4
72111,3,109.449109,-7.594929,2024-08-16,4
72112,3,109.449562,-7.594931,2024-08-16,4
72113,3,109.450015,-7.594933,2024-08-16,4
72114,3,109.450468,-7.594934,2024-08-16,4
72115,3,109.448657,-7.594476,2024-08-16,4
72116,3,109.44911,-7.594477,2024-08-16,4
72117,3,109.374681,-7.504687,2024-08-16,4
72118,3,109.375134,-7.504689,2024-08-16,4
72119,3,109.375587,-7.504691,2024-08-16,4
72120,3,109.37423,-7.504233,2024-08-16,4
72121,3,109.374683,-7.504235,2024-08-16,4
72122,3,109.375136,-7.504237,2024-08-16,4
72123,3,109.375589,-7.504238,2024-08-16,4
72124,3,109.374685,-7.503783,2024-08-16,4
72125,3,109.375138,-7.503785,2024-08-16,4
72126,3,109.375591,-7.503786,2024-08-16,4
72127,3,109.374686,-7.503331,2024-08-16,4
72128,3,109.352288,-7.435884,2024-08-16,4
72129,3,109.352741,-7.435885,2024-08-16,4
72130,3,109.353194,-7.435887,2024-08-16,4
72131,3,109.353647,-7.435889,2024-08-16,4
72132,3,109.35229,-7.435431,2024-08-16,4
72133,3,109.352743,-7.435433,2024-08-16,4
72134,3,109.353196,-7.435435,2024-08-16,4
72135,3,109.351839,-7.434978,2024-08-16,4
72136,3,109.352292,-7.434979,2024-08-16,4
72137,3,109.352745,-7.434981,2024-08-16,4
72138,3,109.353198,-7.434983,2024-08-16,4
72139,3,109.352746,-7.434529,2024-08-16,4
72140,3,109.2948,-7.427076,2024-08-16,4
72141,3,109.295253,-7.427078,2024-08-16,4
72142,3,109.295706,-7.42708,2024-08-16,4
72143,3,109.294801,-7.426624,2024-08-16,4
72144,3,109.295254,-7.426626,2024-08-16,4
72145,3,109.295707,-7.426628,2024-08-16,4
72146,3,109.294803,-7.426172,2024-08-16,4
72147,3,109.295256,-7.426174,2024-08-16,4
72148,3,109.295709,-7.426176,2024-08-16,4
72151,3,109.412564,-7.426609,2024-08-16,4
72152,3,109.413017,-7.426611,2024-08-16,4
72153,3,109.41347,-7.426612,2024-08-16,4
72155,3,109.294805,-7.42572,2024-08-16,4
72156,3,109.295258,-7.425722,2024-08-16,4
72157,3,109.295711,-7.425724,2024-08-16,4
72160,3,109.413018,-7.426158,2024-08-16,4
72163,3,108.985799,-7.153666,2024-08-16,4
72164,3,108.986251,-7.153668,2024-08-16,4
72165,3,108.985348,-7.153212,2024-08-16,4
72166,3,108.985801,-7.153214,2024-08-16,4
72167,3,108.986253,-7.153216,2024-08-16,4
72168,3,108.985803,-7.152762,2024-08-16,4
72175,3,109.053049,-6.981275,2024-08-16,4
72202,3,108.937078,-6.913432,2024-08-16,4
72206,3,108.937532,-6.912982,2024-08-16,4
72207,3,108.937985,-6.912984,2024-08-16,4
74766,3,109.488097,-7.716453,2024-08-16,4
74768,3,109.488407,-7.716455,2024-08-16,4
74770,3,109.488317,-7.716353,2024-08-16,4
74771,3,109.489262,-7.716273,2024-08-16,4
74772,3,109.487706,-7.716263,2024-08-16,4
74773,3,109.48799,-7.716254,2024-08-16,4
74774,3,109.489176,-7.716232,2024-08-16,4
74775,3,109.489281,-7.716204,2024-08-16,4
74776,3,109.488319,-7.716229,2024-08-16,4
74777,3,109.488844,-7.716321,2024-08-16,4
74778,3,109.489278,-7.716139,2024-08-16,4
74779,3,109.489163,-7.716138,2024-08-16,4
74781,3,109.489273,-7.716068,2024-08-16,4
74782,3,109.487694,-7.716115,2024-08-16,4
74783,3,109.488744,-7.716054,2024-08-16,4
74784,3,109.489145,-7.716038,2024-08-16,4
74785,3,109.489266,-7.715997,2024-08-16,4
74786,3,109.488331,-7.716064,2024-08-16,4
74787,3,109.488656,-7.715982,2024-08-16,4
74788,3,109.487687,-7.715965,2024-08-16,4
74789,3,109.489262,-7.715923,2024-08-16,4
74791,3,109.48901,-7.715938,2024-08-16,4
74793,3,109.48926,-7.715849,2024-08-16,4
74796,3,109.48862,-7.715822,2024-08-16,4
74799,3,109.489257,-7.715744,2024-08-16,4
74801,3,109.488061,-7.715697,2024-08-16,4
74802,3,109.489255,-7.715602,2024-08-16,4
74803,3,109.488566,-7.715672,2024-08-16,4
74806,3,109.488976,-7.715587,2024-08-16,4
74808,3,109.489247,-7.715383,2024-08-16,4
74809,3,109.48888,-7.715424,2024-08-16,4
74811,3,109.488449,-7.715437,2024-08-16,4
74812,3,109.487579,-7.715381,2024-08-16,4
74815,3,109.488858,-7.715285,2024-08-16,4
74816,3,109.489235,-7.715231,2024-08-16,4
74817,3,109.487941,-7.7153,2024-08-16,4
74819,3,109.488219,-7.715111,2024-08-16,4
74825,3,109.488849,-7.714878,2024-08-16,4
74830,3,109.488376,-7.714977,2024-08-16,4
74831,3,109.488566,-7.714856,2024-08-16,4
74832,3,109.488819,-7.714746,2024-08-16,4
74833,3,109.489087,-7.714764,2024-08-16,4
74834,3,109.209315,-7.650687,2024-08-16,4
74835,3,109.209393,-7.650685,2024-08-16,4
74836,3,109.209495,-7.650683,2024-08-16,4
74837,3,109.209614,-7.65068,2024-08-16,4
74838,3,109.20971,-7.650677,2024-08-16,4
74839,3,109.209794,-7.650675,2024-08-16,4
74840,3,109.209882,-7.650673,2024-08-16,4
74841,3,109.209943,-7.650671,2024-08-16,4
74842,3,109.20828,-7.650692,2024-08-16,4
74843,3,109.20834,-7.650689,2024-08-16,4
74844,3,109.208985,-7.650617,2024-08-16,4
74845,3,109.209046,-7.650616,2024-08-16,4
74846,3,109.208485,-7.650599,2024-08-16,4
74847,3,109.208407,-7.650599,2024-08-16,4
74848,3,109.208579,-7.650596,2024-08-16,4
74849,3,109.208335,-7.65055,2024-08-16,4
74850,3,109.208666,-7.650591,2024-08-16,4
74851,3,109.208749,-7.650532,2024-08-16,4
74852,3,109.20887,-7.650584,2024-08-16,4
74853,3,109.208275,-7.650539,2024-08-16,4
74854,3,109.209197,-7.650572,2024-08-16,4
74855,3,109.209139,-7.650572,2024-08-16,4
74856,3,109.20931,-7.650543,2024-08-16,4
74857,3,109.209388,-7.650541,2024-08-16,4
74858,3,109.20949,-7.650539,2024-08-16,4
74859,3,109.209608,-7.650536,2024-08-16,4
74860,3,109.209704,-7.650533,2024-08-16,4
74861,3,109.209788,-7.650533,2024-08-16,4
74862,3,109.209875,-7.650529,2024-08-16,4
74863,3,109.20994,-7.650524,2024-08-16,4
74864,3,109.209481,-7.650322,2024-08-16,4
74865,3,109.208268,-7.650289,2024-08-16,4
74866,3,109.208327,-7.650299,2024-08-16,4
74867,3,109.208396,-7.650297,2024-08-16,4
74868,3,109.208478,-7.650294,2024-08-16,4
74869,3,109.208575,-7.65029,2024-08-16,4
74870,3,109.208663,-7.650284,2024-08-16,4
74871,3,109.208745,-7.650279,2024-08-16,4
74872,3,109.208862,-7.650276,2024-08-16,4
74873,3,109.208974,-7.650307,2024-08-16,4
74874,3,109.209034,-7.650307,2024-08-16,4
74875,3,109.209078,-7.650399,2024-08-16,4
74876,3,109.209128,-7.65026,2024-08-16,4
74877,3,109.209186,-7.650259,2024-08-16,4
74878,3,109.2093,-7.650249,2024-08-16,4
74879,3,109.209377,-7.650245,2024-08-16,4
74880,3,109.209475,-7.650148,2024-08-16,4
74881,3,109.209597,-7.650238,2024-08-16,4
74882,3,109.209692,-7.650229,2024-08-16,4
74883,3,109.209774,-7.650226,2024-08-16,4
74884,3,109.20986,-7.650217,2024-08-16,4
74885,3,109.209933,-7.650208,2024-08-16,4
74886,3,109.208599,-7.650012,2024-08-16,4
74887,3,109.20874,-7.650004,2024-08-16,4
74888,3,109.209163,-7.649942,2024-08-16,4
74889,3,109.209373,-7.649927,2024-08-16,4
74890,3,109.209485,-7.649926,2024-08-16,4
74891,3,109.209635,-7.649919,2024-08-16,4
74892,3,109.209742,-7.649913,2024-08-16,4
74893,3,109.209789,-7.649915,2024-08-16,4
74894,3,109.209835,-7.649905,2024-08-16,4
74895,3,109.208415,-7.649944,2024-08-16,4
74896,3,109.20883,-7.649927,2024-08-16,4
74897,3,109.208958,-7.649922,2024-08-16,4
74898,3,109.208282,-7.649937,2024-08-16,4
74899,3,109.209914,-7.649881,2024-08-16,4
74900,3,109.209272,-7.649781,2024-08-16,4
74901,3,109.208595,-7.649793,2024-08-16,4
74902,3,109.209081,-7.649868,2024-08-16,4
74903,3,109.208283,-7.649667,2024-08-16,4
74904,3,109.209155,-7.649692,2024-08-16,4
74905,3,109.208421,-7.649668,2024-08-16,4
74906,3,109.20979,-7.649679,2024-08-16,4
74907,3,109.208597,-7.649624,2024-08-16,4
74908,3,109.208735,-7.64973,2024-08-16,4
74909,3,109.208823,-7.649651,2024-08-16,4
74910,3,109.208949,-7.649646,2024-08-16,4
74911,3,109.20907,-7.649592,2024-08-16,4
74912,3,109.209151,-7.649561,2024-08-16,4
74913,3,109.209333,-7.649641,2024-08-16,4
74914,3,109.209482,-7.649654,2024-08-16,4
74915,3,109.209373,-7.649525,2024-08-16,4
74916,3,109.209636,-7.649653,2024-08-16,4
74917,3,109.209492,-7.649522,2024-08-16,4
74918,3,109.209915,-7.649623,2024-08-16,4
74919,3,109.209643,-7.649517,2024-08-16,4
74920,3,109.209793,-7.649539,2024-08-16,4
74921,3,109.209917,-7.649504,2024-08-16,4
74990,3,109.15273,-7.61496,2024-08-16,4
74992,3,109.151966,-7.614948,2024-08-16,4
74995,3,109.151675,-7.614732,2024-08-16,4
74996,3,109.152715,-7.614792,2024-08-16,4
75000,3,109.151954,-7.614691,2024-08-16,4
75001,3,109.151666,-7.61458,2024-08-16,4
75006,3,109.151655,-7.614404,2024-08-16,4
75009,3,109.151938,-7.614323,2024-08-16,4
75010,3,109.152216,-7.614225,2024-08-16,4
75013,3,109.152723,-7.614265,2024-08-16,4
75015,3,109.15207,-7.61403,2024-08-16,4
75016,3,109.152479,-7.614026,2024-08-16,4
75017,3,109.152747,-7.614019,2024-08-16,4
75020,3,109.152426,-7.61382,2024-08-16,4
75021,3,109.152732,-7.613814,2024-08-16,4
75026,3,109.15162,-7.613448,2024-08-16,4
75027,3,109.151981,-7.613446,2024-08-16,4
75028,3,109.152343,-7.613444,2024-08-16,4
75029,3,109.152654,-7.613442,2024-08-16,4
75030,3,109.151893,-7.613343,2024-08-16,4
75031,3,109.152333,-7.613334,2024-08-16,4
75032,3,109.152654,-7.613328,2024-08-16,4
75033,3,109.449044,-7.595973,2024-08-16,4
75034,3,109.450091,-7.595984,2024-08-16,4
75035,3,109.450427,-7.595949,2024-08-16,4
75036,3,109.449018,-7.595938,2024-08-16,4
75037,3,109.449141,-7.595946,2024-08-16,4
75038,3,109.450004,-7.595965,2024-08-16,4
75039,3,109.450327,-7.595949,2024-08-16,4
75040,3,109.450136,-7.595908,2024-08-16,4
75041,3,109.450175,-7.59594,2024-08-16,4
75042,3,109.450236,-7.595939,2024-08-16,4
75043,3,109.449021,-7.595877,2024-08-16,4
75044,3,109.448649,-7.595892,2024-08-16,4
75045,3,109.448519,-7.595919,2024-08-16,4
75046,3,109.449278,-7.595859,2024-08-16,4
75047,3,109.450113,-7.595818,2024-08-16,4
75048,3,109.448921,-7.595837,2024-08-16,4
75049,3,109.449894,-7.595872,2024-08-16,4
75050,3,109.449178,-7.595904,2024-08-16,4
75051,3,109.449586,-7.59593,2024-08-16,4
75052,3,109.449273,-7.595788,2024-08-16,4
75053,3,109.448925,-7.595766,2024-08-16,4
75054,3,109.44913,-7.595792,2024-08-16,4
75055,3,109.449272,-7.595727,2024-08-16,4
75056,3,109.448738,-7.595764,2024-08-16,4
75057,3,109.448777,-7.59586,2024-08-16,4
75058,3,109.448454,-7.59573,2024-08-16,4
75059,3,109.448526,-7.595733,2024-08-16,4
75060,3,109.449277,-7.595678,2024-08-16,4
75061,3,109.44959,-7.595826,2024-08-16,4
75062,3,109.449074,-7.595687,2024-08-16,4
75063,3,109.449963,-7.595739,2024-08-16,4
75064,3,109.448922,-7.595662,2024-08-16,4
75065,3,109.449982,-7.595651,2024-08-16,4
75066,3,109.449063,-7.595634,2024-08-16,4
75067,3,109.449591,-7.595739,2024-08-16,4
75068,3,109.449269,-7.595638,2024-08-16,4
75069,3,109.450141,-7.595608,2024-08-16,4
75070,3,109.44874,-7.595672,2024-08-16,4
75071,3,109.450002,-7.595631,2024-08-16,4
75072,3,109.44867,-7.595554,2024-08-16,4
75073,3,109.44892,-7.5956,2024-08-16,4
75074,3,109.448575,-7.595593,2024-08-16,4
75075,3,109.44848,-7.595601,2024-08-16,4
75076,3,109.450558,-7.59572,2024-08-16,4
75077,3,109.449595,-7.595654,2024-08-16,4
75078,3,109.450536,-7.595588,2024-08-16,4
75079,3,109.449054,-7.59557,2024-08-16,4
75080,3,109.448365,-7.595649,2024-08-16,4
75081,3,109.450554,-7.595566,2024-08-16,4
75082,3,109.448816,-7.595611,2024-08-16,4
75083,3,109.450561,-7.595519,2024-08-16,4
75084,3,109.450029,-7.595584,2024-08-16,4
75085,3,109.449611,-7.595543,2024-08-16,4
75086,3,109.450272,-7.595471,2024-08-16,4
75087,3,109.448807,-7.595479,2024-08-16,4
75088,3,109.450229,-7.595552,2024-08-16,4
75089,3,109.450577,-7.595465,2024-08-16,4
75090,3,109.449965,-7.595477,2024-08-16,4
75091,3,109.449562,-7.595468,2024-08-16,4
75092,3,109.448642,-7.595469,2024-08-16,4
75093,3,109.448456,-7.595463,2024-08-16,4
75094,3,109.450223,-7.59538,2024-08-16,4
75095,3,109.448671,-7.595389,2024-08-16,4
75096,3,109.449563,-7.595366,2024-08-16,4
75097,3,109.449182,-7.595513,2024-08-16,4
75098,3,109.448853,-7.595404,2024-08-16,4
75099,3,109.449576,-7.595251,2024-08-16,4
75100,3,109.449968,-7.595375,2024-08-16,4
75101,3,109.448866,-7.595313,2024-08-16,4
75102,3,109.449985,-7.595268,2024-08-16,4
75103,3,109.450046,-7.595246,2024-08-16,4
75104,3,109.450115,-7.59524,2024-08-16,4
75105,3,109.44918,-7.595359,2024-08-16,4
75106,3,109.450273,-7.595344,2024-08-16,4
75107,3,109.450301,-7.595305,2024-08-16,4
75108,3,109.450337,-7.595302,2024-08-16,4
75109,3,109.450371,-7.595286,2024-08-16,4
75110,3,109.450419,-7.595265,2024-08-16,4
75111,3,109.450483,-7.595264,2024-08-16,4
75112,3,109.4483,-7.595265,2024-08-16,4
75113,3,109.450525,-7.595211,2024-08-16,4
75114,3,109.44837,-7.595319,2024-08-16,4
75115,3,109.449861,-7.595118,2024-08-16,4
75116,3,109.449184,-7.595233,2024-08-16,4
75117,3,109.449596,-7.595124,2024-08-16,4
75118,3,109.448642,-7.595081,2024-08-16,4
75119,3,109.450321,-7.595052,2024-08-16,4
75120,3,109.449217,-7.595097,2024-08-16,4
75121,3,109.448916,-7.595048,2024-08-16,4
75122,3,109.448869,-7.595118,2024-08-16,4
75123,3,109.448848,-7.595207,2024-08-16,4
75124,3,109.449605,-7.595025,2024-08-16,4
75125,3,109.448548,-7.59511,2024-08-16,4
75126,3,109.448687,-7.595082,2024-08-16,4
75127,3,109.448661,-7.595264,2024-08-16,4
75128,3,109.448526,-7.595255,2024-08-16,4
75129,3,109.450112,-7.595038,2024-08-16,4
75130,3,109.45015,-7.595043,2024-08-16,4
75131,3,109.449905,-7.59505,2024-08-16,4
75132,3,109.448526,-7.595471,2024-08-16,4
75133,3,109.4502,-7.595071,2024-08-16,4
75134,3,109.450066,-7.595033,2024-08-16,4
75135,3,109.45025,-7.595045,2024-08-16,4
75136,3,109.449996,-7.595039,2024-08-16,4
75137,3,109.448394,-7.595054,2024-08-16,4
75138,3,109.448314,-7.595002,2024-08-16,4
75139,3,109.448295,-7.594996,2024-08-16,4
75140,3,109.449204,-7.594989,2024-08-16,4
75141,3,109.449003,-7.594983,2024-08-16,4
75142,3,109.449602,-7.594934,2024-08-16,4
75143,3,109.449186,-7.594916,2024-08-16,4
75144,3,109.448767,-7.594898,2024-08-16,4
75145,3,109.448469,-7.594896,2024-08-16,4
75146,3,109.449085,-7.594796,2024-08-16,4
75147,3,109.449287,-7.594769,2024-08-16,4
75148,3,109.448868,-7.594894,2024-08-16,4
75149,3,109.449607,-7.594794,2024-08-16,4
75150,3,109.450597,-7.594877,2024-08-16,4
75151,3,109.448916,-7.594727,2024-08-16,4
75152,3,109.448876,-7.594779,2024-08-16,4
75153,3,109.448491,-7.594841,2024-08-16,4
75154,3,109.448682,-7.594779,2024-08-16,4
75155,3,109.448642,-7.594835,2024-08-16,4
75156,3,109.448581,-7.594828,2024-08-16,4
75157,3,109.448311,-7.59481,2024-08-16,4
75158,3,109.448528,-7.594813,2024-08-16,4
75159,3,109.448427,-7.594676,2024-08-16,4
75160,3,109.448403,-7.594744,2024-08-16,4
75161,3,109.44838,-7.594852,2024-08-16,4
75162,3,109.449182,-7.594686,2024-08-16,4
75163,3,109.450543,-7.594888,2024-08-16,4
75164,3,109.448347,-7.594628,2024-08-16,4
75165,3,109.448859,-7.59465,2024-08-16,4
75166,3,109.448373,-7.594616,2024-08-16,4
75167,3,109.450476,-7.594806,2024-08-16,4
75168,3,109.448505,-7.594615,2024-08-16,4
75169,3,109.450396,-7.594834,2024-08-16,4
75170,3,109.450329,-7.594686,2024-08-16,4
75171,3,109.45027,-7.594752,2024-08-16,4
75172,3,109.450188,-7.594728,2024-08-16,4
75173,3,109.450107,-7.594716,2024-08-16,4
75174,3,109.450061,-7.594702,2024-08-16,4
75175,3,109.449967,-7.594715,2024-08-16,4
75176,3,109.449865,-7.594705,2024-08-16,4
75177,3,109.448442,-7.594596,2024-08-16,4
75178,3,109.449667,-7.594594,2024-08-16,4
75179,3,109.449481,-7.594595,2024-08-16,4
75180,3,109.448532,-7.59457,2024-08-16,4
75181,3,109.44921,-7.594555,2024-08-16,4
75182,3,109.448905,-7.594538,2024-08-16,4
75183,3,109.448595,-7.594603,2024-08-16,4
75184,3,109.44875,-7.594505,2024-08-16,4
75185,3,109.448678,-7.594566,2024-08-16,4
75186,3,109.448709,-7.594694,2024-08-16,4
75187,3,109.375327,-7.505047,2024-08-16,4
75188,3,109.375389,-7.505055,2024-08-16,4
75189,3,109.375076,-7.504923,2024-08-16,4
75190,3,109.375244,-7.504951,2024-08-16,4
75191,3,109.375403,-7.50495,2024-08-16,4
75192,3,109.37549,-7.504896,2024-08-16,4
75193,3,109.375106,-7.504791,2024-08-16,4
75194,3,109.375351,-7.504766,2024-08-16,4
75195,3,109.375532,-7.504739,2024-08-16,4
75196,3,109.374899,-7.50477,2024-08-16,4
75197,3,109.374465,-7.504643,2024-08-16,4
75198,3,109.375545,-7.504671,2024-08-16,4
75199,3,109.374539,-7.504648,2024-08-16,4
75200,3,109.37461,-7.504679,2024-08-16,4
75201,3,109.375335,-7.504664,2024-08-16,4
75202,3,109.375096,-7.50468,2024-08-16,4
75203,3,109.375559,-7.504607,2024-08-16,4
75204,3,109.375571,-7.504543,2024-08-16,4
75205,3,109.375316,-7.504545,2024-08-16,4
75206,3,109.374245,-7.504519,2024-08-16,4
75207,3,109.375583,-7.504477,2024-08-16,4
75208,3,109.375308,-7.504464,2024-08-16,4
75209,3,109.375075,-7.504539,2024-08-16,4
75210,3,109.374212,-7.504438,2024-08-16,4
75211,3,109.375603,-7.504412,2024-08-16,4
75212,3,109.37416,-7.504452,2024-08-16,4
75213,3,109.37531,-7.504397,2024-08-16,4
75214,3,109.375607,-7.504349,2024-08-16,4
75215,3,109.375321,-7.504315,2024-08-16,4
75216,3,109.375115,-7.504271,2024-08-16,4
75217,3,109.375628,-7.504283,2024-08-16,4
75218,3,109.375283,-7.504252,2024-08-16,4
75219,3,109.375124,-7.504202,2024-08-16,4
75220,3,109.375626,-7.504216,2024-08-16,4
75221,3,109.375272,-7.50419,2024-08-16,4
75222,3,109.375866,-7.504179,2024-08-16,4
75223,3,109.374228,-7.504286,2024-08-16,4
75224,3,109.375617,-7.504154,2024-08-16,4
75225,3,109.375051,-7.504403,2024-08-16,4
75226,3,109.375035,-7.504238,2024-08-16,4
75227,3,109.375083,-7.504118,2024-08-16,4
75228,3,109.375261,-7.504112,2024-08-16,4
75229,3,109.375881,-7.504103,2024-08-16,4
75230,3,109.3743,-7.504369,2024-08-16,4
75231,3,109.375537,-7.504089,2024-08-16,4
75232,3,109.37576,-7.504067,2024-08-16,4
75233,3,109.374383,-7.504312,2024-08-16,4
75234,3,109.375159,-7.504034,2024-08-16,4
75235,3,109.375897,-7.50401,2024-08-16,4
75236,3,109.375574,-7.503994,2024-08-16,4
75237,3,109.374355,-7.503971,2024-08-16,4
75238,3,109.375477,-7.503931,2024-08-16,4
75239,3,109.375714,-7.503922,2024-08-16,4
75240,3,109.37586,-7.503933,2024-08-16,4
75241,3,109.375268,-7.503977,2024-08-16,4
75242,3,109.375144,-7.50393,2024-08-16,4
75243,3,109.375092,-7.50397,2024-08-16,4
75244,3,109.37503,-7.503962,2024-08-16,4
75245,3,109.374967,-7.503972,2024-08-16,4
75246,3,109.374909,-7.503963,2024-08-16,4
75247,3,109.374387,-7.50395,2024-08-16,4
75248,3,109.374866,-7.504118,2024-08-16,4
75249,3,109.374776,-7.504128,2024-08-16,4
75250,3,109.374742,-7.504387,2024-08-16,4
75251,3,109.374628,-7.504333,2024-08-16,4
75252,3,109.374483,-7.504208,2024-08-16,4
75253,3,109.375908,-7.503821,2024-08-16,4
75254,3,109.375409,-7.503816,2024-08-16,4
75255,3,109.375762,-7.503737,2024-08-16,4
75256,3,109.375656,-7.503807,2024-08-16,4
75257,3,109.375708,-7.503708,2024-08-16,4
75258,3,109.375517,-7.503764,2024-08-16,4
75259,3,109.374502,-7.503704,2024-08-16,4
75260,3,109.37516,-7.50375,2024-08-16,4
75261,3,109.374731,-7.503675,2024-08-16,4
75262,3,109.375269,-7.50371,2024-08-16,4
75263,3,109.375386,-7.503645,2024-08-16,4
75264,3,109.375246,-7.503515,2024-08-16,4
75265,3,109.375101,-7.503623,2024-08-16,4
75266,3,109.37499,-7.503606,2024-08-16,4
75267,3,109.37488,-7.503589,2024-08-16,4
75268,3,109.374821,-7.503452,2024-08-16,4
75269,3,109.374673,-7.503531,2024-08-16,4
75270,3,109.374631,-7.503428,2024-08-16,4
75271,3,109.35245,-7.436383,2024-08-16,4
75272,3,109.352454,-7.436327,2024-08-16,4
75273,3,109.352437,-7.436269,2024-08-16,4
75274,3,109.352789,-7.436253,2024-08-16,4
75275,3,109.352861,-7.436226,2024-08-16,4
75276,3,109.352573,-7.436268,2024-08-16,4
75277,3,109.353041,-7.436154,2024-08-16,4
75278,3,109.352952,-7.43617,2024-08-16,4
75279,3,109.352863,-7.436176,2024-08-16,4
75280,3,109.352786,-7.436185,2024-08-16,4
75281,3,109.352659,-7.436218,2024-08-16,4
75282,3,109.352415,-7.436177,2024-08-16,4
75283,3,109.352275,-7.436132,2024-08-16,4
75284,3,109.352829,-7.436113,2024-08-16,4
75285,3,109.352635,-7.43612,2024-08-16,4
75286,3,109.352596,-7.436015,2024-08-16,4
75287,3,109.352336,-7.436007,2024-08-16,4
75288,3,109.3522,-7.435956,2024-08-16,4
75289,3,109.352819,-7.436008,2024-08-16,4
75290,3,109.352979,-7.436022,2024-08-16,4
75291,3,109.353164,-7.436005,2024-08-16,4
75292,3,109.353379,-7.435934,2024-08-16,4
75293,3,109.353602,-7.435875,2024-08-16,4
75294,3,109.353768,-7.435827,2024-08-16,4
75295,3,109.353225,-7.435853,2024-08-16,4
75296,3,109.352204,-7.435836,2024-08-16,4
75297,3,109.352383,-7.43584,2024-08-16,4
75298,3,109.352568,-7.43584,2024-08-16,4
75299,3,109.352838,-7.435837,2024-08-16,4
75300,3,109.353552,-7.435808,2024-08-16,4
75301,3,109.353747,-7.435781,2024-08-16,4
75302,3,109.353155,-7.435751,2024-08-16,4
75303,3,109.35214,-7.435693,2024-08-16,4
75304,3,109.352352,-7.435696,2024-08-16,4
75305,3,109.352596,-7.435693,2024-08-16,4
75306,3,109.353457,-7.435712,2024-08-16,4
75307,3,109.35286,-7.435691,2024-08-16,4
75308,3,109.353184,-7.435637,2024-08-16,4
75309,3,109.35199,-7.435548,2024-08-16,4
75310,3,109.35212,-7.435583,2024-08-16,4
75311,3,109.352357,-7.435581,2024-08-16,4
75312,3,109.352595,-7.435577,2024-08-16,4
75313,3,109.352854,-7.435574,2024-08-16,4
75314,3,109.353674,-7.435646,2024-08-16,4
75315,3,109.351974,-7.435484,2024-08-16,4
75316,3,109.353133,-7.435536,2024-08-16,4
75317,3,109.35211,-7.435493,2024-08-16,4
75318,3,109.352354,-7.435489,2024-08-16,4
75319,3,109.352594,-7.435485,2024-08-16,4
75320,3,109.352849,-7.435481,2024-08-16,4
75321,3,109.353432,-7.435536,2024-08-16,4
75322,3,109.35195,-7.435406,2024-08-16,4
75323,3,109.352103,-7.435408,2024-08-16,4
75324,3,109.352322,-7.435406,2024-08-16,4
75325,3,109.35259,-7.435403,2024-08-16,4
75326,3,109.352871,-7.435398,2024-08-16,4
75327,3,109.353115,-7.435403,2024-08-16,4
75328,3,109.351934,-7.435337,2024-08-16,4
75329,3,109.352103,-7.435335,2024-08-16,4
75330,3,109.352367,-7.435328,2024-08-16,4
75331,3,109.353409,-7.435367,2024-08-16,4
75332,3,109.353609,-7.435438,2024-08-16,4
75333,3,109.352633,-7.435321,2024-08-16,4
75334,3,109.352867,-7.435314,2024-08-16,4
75335,3,109.353097,-7.435301,2024-08-16,4
75336,3,109.353378,-7.435277,2024-08-16,4
75337,3,109.352185,-7.43527,2024-08-16,4
75338,3,109.35204,-7.435271,2024-08-16,4
75339,3,109.351916,-7.43525,2024-08-16,4
75340,3,109.352039,-7.435217,2024-08-16,4
75341,3,109.352182,-7.435218,2024-08-16,4
75342,3,109.35239,-7.435235,2024-08-16,4
75343,3,109.352638,-7.435226,2024-08-16,4
75344,3,109.352926,-7.435215,2024-08-16,4
75345,3,109.353224,-7.435203,2024-08-16,4
75346,3,109.353441,-7.435197,2024-08-16,4
75347,3,109.3518,-7.435128,2024-08-16,4
75348,3,109.351925,-7.435149,2024-08-16,4
75349,3,109.35214,-7.435142,2024-08-16,4
75350,3,109.352365,-7.435135,2024-08-16,4
75351,3,109.352617,-7.435126,2024-08-16,4
75352,3,109.352882,-7.435116,2024-08-16,4
75353,3,109.353148,-7.435107,2024-08-16,4
75354,3,109.353375,-7.4351,2024-08-16,4
75355,3,109.351782,-7.435055,2024-08-16,4
75356,3,109.351921,-7.435056,2024-08-16,4
75357,3,109.352135,-7.43505,2024-08-16,4
75358,3,109.352359,-7.435043,2024-08-16,4
75359,3,109.352612,-7.435034,2024-08-16,4
75360,3,109.352878,-7.435025,2024-08-16,4
75361,3,109.353143,-7.435017,2024-08-16,4
75362,3,109.353351,-7.435012,2024-08-16,4
75363,3,109.351756,-7.434954,2024-08-16,4
75364,3,109.351919,-7.434954,2024-08-16,4
75365,3,109.352131,-7.434948,2024-08-16,4
75366,3,109.352352,-7.434941,2024-08-16,4
75367,3,109.352605,-7.434933,2024-08-16,4
75368,3,109.352872,-7.434925,2024-08-16,4
75369,3,109.353137,-7.434917,2024-08-16,4
75370,3,109.353324,-7.434915,2024-08-16,4
75371,3,109.351949,-7.434835,2024-08-16,4
75372,3,109.352346,-7.434823,2024-08-16,4
75373,3,109.352599,-7.434816,2024-08-16,4
75374,3,109.352888,-7.434809,2024-08-16,4
75375,3,109.353184,-7.434803,2024-08-16,4
75376,3,109.351983,-7.434725,2024-08-16,4
75377,3,109.352207,-7.434702,2024-08-16,4
75378,3,109.352421,-7.434697,2024-08-16,4
75379,3,109.352628,-7.434692,2024-08-16,4
75380,3,109.352083,-7.434635,2024-08-16,4
75381,3,109.352867,-7.434688,2024-08-16,4
75382,3,109.353134,-7.434684,2024-08-16,4
75383,3,109.35223,-7.434601,2024-08-16,4
75384,3,109.352417,-7.434587,2024-08-16,4
75385,3,109.352625,-7.434582,2024-08-16,4
75386,3,109.352863,-7.434578,2024-08-16,4
75387,3,109.353106,-7.434576,2024-08-16,4
75388,3,109.352418,-7.434509,2024-08-16,4
75389,3,109.352601,-7.434475,2024-08-16,4
75390,3,109.352836,-7.434469,2024-08-16,4
75391,3,109.353069,-7.434471,2024-08-16,4
75392,3,109.352652,-7.434387,2024-08-16,4
75393,3,109.352907,-7.434374,2024-08-16,4
75394,3,109.352809,-7.434319,2024-08-16,4
75395,3,109.352978,-7.434286,2024-08-16,4
75396,3,109.295259,-7.427132,2024-08-16,4
75397,3,109.29507,-7.427128,2024-08-16,4
75398,3,109.295743,-7.427117,2024-08-16,4
75399,3,109.295684,-7.427116,2024-08-16,4
75400,3,109.295569,-7.427112,2024-08-16,4
75401,3,109.295428,-7.427107,2024-08-16,4
75402,3,109.413762,-7.427054,2024-08-16,4
75403,3,109.295332,-7.427104,2024-08-16,4
75404,3,109.294828,-7.427104,2024-08-16,4
75405,3,109.294631,-7.427098,2024-08-16,4
75406,3,109.295111,-7.427049,2024-08-16,4
75407,3,109.413758,-7.427022,2024-08-16,4
75408,3,109.41385,-7.427021,2024-08-16,4
75409,3,109.413775,-7.42699,2024-08-16,4
75410,3,109.295794,-7.427041,2024-08-16,4
75411,3,109.413574,-7.426992,2024-08-16,4
75412,3,109.29563,-7.427001,2024-08-16,4
75413,3,109.295417,-7.426991,2024-08-16,4
75414,3,109.413446,-7.426966,2024-08-16,4
75415,3,109.295142,-7.426975,2024-08-16,4
75416,3,109.413804,-7.426958,2024-08-16,4
75417,3,109.413341,-7.426947,2024-08-16,4
75418,3,109.413269,-7.426937,2024-08-16,4
75419,3,109.413661,-7.42696,2024-08-16,4
75420,3,109.29579,-7.426928,2024-08-16,4
75421,3,109.29472,-7.426957,2024-08-16,4
75422,3,109.413198,-7.426923,2024-08-16,4
75424,3,109.413616,-7.426937,2024-08-16,4
75425,3,109.413128,-7.426912,2024-08-16,4
75426,3,109.295625,-7.426918,2024-08-16,4
75427,3,109.413605,-7.426897,2024-08-16,4
75428,3,109.413832,-7.426914,2024-08-16,4
75430,3,109.41306,-7.4269,2024-08-16,4
75431,3,109.295371,-7.426905,2024-08-16,4
75433,3,109.295142,-7.426894,2024-08-16,4
75434,3,109.413545,-7.426929,2024-08-16,4
75435,3,109.413863,-7.426867,2024-08-16,4
75436,3,109.413736,-7.426877,2024-08-16,4
75438,3,109.413672,-7.426861,2024-08-16,4
75439,3,109.413511,-7.42689,2024-08-16,4
75440,3,109.41364,-7.426847,2024-08-16,4
75441,3,109.413588,-7.426882,2024-08-16,4
75443,3,109.413401,-7.42687,2024-08-16,4
75446,3,109.413276,-7.42685,2024-08-16,4
75447,3,109.413886,-7.426822,2024-08-16,4
75448,3,109.295794,-7.426839,2024-08-16,4
75449,3,109.295365,-7.426831,2024-08-16,4
75450,3,109.295148,-7.426817,2024-08-16,4
75451,3,109.413798,-7.426818,2024-08-16,4
75452,3,109.413729,-7.426801,2024-08-16,4
75455,3,109.41368,-7.426786,2024-08-16,4
75456,3,109.413623,-7.426783,2024-08-16,4
75457,3,109.413571,-7.426797,2024-08-16,4
75459,3,109.295621,-7.426818,2024-08-16,4
75460,3,109.413747,-7.426751,2024-08-16,4
75462,3,109.294711,-7.426818,2024-08-16,4
75464,3,109.294958,-7.426824,2024-08-16,4
75465,3,109.295437,-7.426763,2024-08-16,4
75467,3,109.413437,-7.42677,2024-08-16,4
75468,3,109.295814,-7.426756,2024-08-16,4
75469,3,109.413863,-7.426752,2024-08-16,4
75470,3,109.413036,-7.426799,2024-08-16,4
75471,3,109.295327,-7.426747,2024-08-16,4
75474,3,109.295766,-7.426733,2024-08-16,4
75475,3,109.412937,-7.426797,2024-08-16,4
75476,3,109.413255,-7.426736,2024-08-16,4
75477,3,109.413839,-7.426698,2024-08-16,4
75479,3,109.295145,-7.426728,2024-08-16,4
75480,3,109.413771,-7.426703,2024-08-16,4
75481,3,109.413147,-7.426777,2024-08-16,4
75482,3,109.412827,-7.426771,2024-08-16,4
75484,3,109.413731,-7.426704,2024-08-16,4
75486,3,109.413693,-7.426692,2024-08-16,4
75488,3,109.295529,-7.426695,2024-08-16,4
75489,3,109.413644,-7.426689,2024-08-16,4
75492,3,109.413588,-7.426683,2024-08-16,4
75494,3,109.295015,-7.42665,2024-08-16,4
75495,3,109.294753,-7.42666,2024-08-16,4
75496,3,109.413449,-7.426657,2024-08-16,4
75497,3,109.41329,-7.426622,2024-08-16,4
75498,3,109.294747,-7.426564,2024-08-16,4
75500,3,109.413181,-7.426596,2024-08-16,4
75505,3,109.295166,-7.426611,2024-08-16,4
75509,3,109.413069,-7.426606,2024-08-16,4
75516,3,109.412974,-7.42659,2024-08-16,4
75523,3,109.412909,-7.426559,2024-08-16,4
75525,3,109.412826,-7.426549,2024-08-16,4
75527,3,109.412836,-7.426433,2024-08-16,4
75531,3,109.294905,-7.426488,2024-08-16,4
75536,3,109.294658,-7.426463,2024-08-16,4
75539,3,109.295412,-7.426552,2024-08-16,4
75543,3,109.412608,-7.426631,2024-08-16,4
75550,3,109.413307,-7.42645,2024-08-16,4
75554,3,109.413207,-7.426433,2024-08-16,4
75555,3,109.413087,-7.426404,2024-08-16,4
75556,3,109.295782,-7.426425,2024-08-16,4
75557,3,109.412991,-7.426396,2024-08-16,4
75558,3,109.412927,-7.42638,2024-08-16,4
75559,3,109.295679,-7.426405,2024-08-16,4
75564,3,109.294769,-7.426351,2024-08-16,4
75567,3,109.294562,-7.426311,2024-08-16,4
75568,3,109.412592,-7.426315,2024-08-16,4
75576,3,109.295551,-7.426336,2024-08-16,4
75590,3,109.295366,-7.42629,2024-08-16,4
75591,3,109.29502,-7.426234,2024-08-16,4
75594,3,109.295091,-7.426243,2024-08-16,4
75597,3,109.413303,-7.426253,2024-08-16,4
75598,3,109.294934,-7.426216,2024-08-16,4
75600,3,109.294847,-7.426192,2024-08-16,4
75604,3,109.413179,-7.426236,2024-08-16,4
75612,3,109.295745,-7.426219,2024-08-16,4
75616,3,109.294685,-7.426183,2024-08-16,4
75628,3,109.41311,-7.426201,2024-08-16,4
75629,3,109.413328,-7.42612,2024-08-16,4
75631,3,109.413202,-7.426107,2024-08-16,4
75632,3,109.413029,-7.426187,2024-08-16,4
75635,3,109.41308,-7.426066,2024-08-16,4
75637,3,109.295404,-7.426128,2024-08-16,4
75638,3,109.295214,-7.426185,2024-08-16,4
75639,3,109.295144,-7.426088,2024-08-16,4
75642,3,109.295072,-7.426086,2024-08-16,4
75644,3,109.29481,-7.42608,2024-08-16,4
75645,3,109.294981,-7.42607,2024-08-16,4
75650,3,109.295627,-7.426103,2024-08-16,4
75651,3,109.294653,-7.426052,2024-08-16,4
75652,3,109.295451,-7.426029,2024-08-16,4
75654,3,109.29577,-7.426048,2024-08-16,4
75655,3,109.294567,-7.426015,2024-08-16,4
75656,3,109.295813,-7.425956,2024-08-16,4
75658,3,109.295284,-7.425973,2024-08-16,4
75659,3,109.295617,-7.425969,2024-08-16,4
75660,3,109.29519,-7.425954,2024-08-16,4
75661,3,109.295122,-7.425948,2024-08-16,4
75662,3,109.295026,-7.425928,2024-08-16,4
75663,3,109.29492,-7.425931,2024-08-16,4
75664,3,109.294836,-7.425913,2024-08-16,4
75665,3,109.295491,-7.425905,2024-08-16,4
75666,3,109.294707,-7.425888,2024-08-16,4
75667,3,109.295695,-7.425902,2024-08-16,4
75668,3,109.295325,-7.425859,2024-08-16,4
75669,3,109.295229,-7.425842,2024-08-16,4
75670,3,109.294586,-7.425854,2024-08-16,4
75671,3,109.295163,-7.42583,2024-08-16,4
75672,3,109.295066,-7.425807,2024-08-16,4
75673,3,109.294965,-7.425786,2024-08-16,4
75674,3,109.294879,-7.425773,2024-08-16,4
75675,3,109.294744,-7.425756,2024-08-16,4
75676,3,109.295734,-7.425807,2024-08-16,4
75677,3,109.294601,-7.425734,2024-08-16,4
75678,3,109.295528,-7.425771,2024-08-16,4
75679,3,109.295269,-7.425727,2024-08-16,4
75680,3,109.295366,-7.425731,2024-08-16,4
75681,3,109.295205,-7.425711,2024-08-16,4
75682,3,109.295758,-7.425702,2024-08-16,4
75683,3,109.295579,-7.425688,2024-08-16,4
75684,3,109.2954,-7.425653,2024-08-16,4
75685,3,109.295297,-7.425654,2024-08-16,4
75686,3,109.295234,-7.425645,2024-08-16,4
75687,3,109.295109,-7.425689,2024-08-16,4
75688,3,109.294998,-7.425677,2024-08-16,4
75689,3,109.29491,-7.425672,2024-08-16,4
75690,3,109.294768,-7.425665,2024-08-16,4
75691,3,109.294614,-7.425657,2024-08-16,4
75692,3,108.986093,-7.154212,2024-08-16,4
75693,3,108.985667,-7.154029,2024-08-16,4
75694,3,108.986169,-7.154016,2024-08-16,4
75695,3,108.986255,-7.1539,2024-08-16,4
75696,3,108.985646,-7.153896,2024-08-16,4
75697,3,108.985971,-7.153966,2024-08-16,4
75698,3,108.986037,-7.153851,2024-08-16,4
75699,3,108.986063,-7.153791,2024-08-16,4
75700,3,108.985739,-7.153929,2024-08-16,4
75701,3,108.986353,-7.153765,2024-08-16,4
75702,3,108.98613,-7.153748,2024-08-16,4
75703,3,108.98643,-7.153634,2024-08-16,4
75704,3,108.985792,-7.153733,2024-08-16,4
75705,3,108.985574,-7.153795,2024-08-16,4
75706,3,108.985391,-7.153575,2024-08-16,4
75707,3,108.986458,-7.153569,2024-08-16,4
75708,3,108.986332,-7.153627,2024-08-16,4
75709,3,108.986047,-7.153633,2024-08-16,4
75710,3,108.98532,-7.153536,2024-08-16,4
75711,3,108.986484,-7.153507,2024-08-16,4
75712,3,108.985484,-7.153655,2024-08-16,4
75713,3,108.986153,-7.153666,2024-08-16,4
75714,3,108.985384,-7.153479,2024-08-16,4
75715,3,108.985893,-7.153534,2024-08-16,4
75716,3,108.986518,-7.153408,2024-08-16,4
75717,3,108.986298,-7.153532,2024-08-16,4
75718,3,108.986197,-7.153557,2024-08-16,4
75719,3,108.985704,-7.153414,2024-08-16,4
75720,3,108.98621,-7.153317,2024-08-16,4
75721,3,108.986278,-7.15339,2024-08-16,4
75722,3,108.986361,-7.15331,2024-08-16,4
75723,3,108.985913,-7.153342,2024-08-16,4
75724,3,108.985463,-7.153316,2024-08-16,4
75725,3,108.985877,-7.153176,2024-08-16,4
75726,3,108.98556,-7.153196,2024-08-16,4
75727,3,108.986051,-7.153227,2024-08-16,4
75728,3,108.985939,-7.153057,2024-08-16,4
75729,3,108.985612,-7.153138,2024-08-16,4
75730,3,108.985445,-7.153065,2024-08-16,4
75731,3,108.985661,-7.153087,2024-08-16,4
75732,3,108.986067,-7.153106,2024-08-16,4
75733,3,108.986207,-7.153162,2024-08-16,4
75734,3,108.986639,-7.153084,2024-08-16,4
75735,3,108.986353,-7.153046,2024-08-16,4
75736,3,108.986311,-7.152923,2024-08-16,4
75737,3,108.985702,-7.153033,2024-08-16,4
75738,3,108.985517,-7.152968,2024-08-16,4
75739,3,108.986457,-7.153182,2024-08-16,4
75740,3,108.98654,-7.153132,2024-08-16,4
75741,3,108.986326,-7.152865,2024-08-16,4
75742,3,108.986212,-7.152957,2024-08-16,4
75743,3,108.985752,-7.152949,2024-08-16,4
75744,3,108.985826,-7.152879,2024-08-16,4
75745,3,108.985641,-7.152781,2024-08-16,4
75746,3,108.986086,-7.152803,2024-08-16,4
75747,3,108.985701,-7.152742,2024-08-16,4
75748,3,108.985833,-7.15272,2024-08-16,4
75749,3,108.985961,-7.152841,2024-08-16,4
75750,3,108.985997,-7.15271,2024-08-16,4
75751,3,108.985713,-7.152659,2024-08-16,4
75752,3,108.985864,-7.15259,2024-08-16,4
75753,3,108.985774,-7.152632,2024-08-16,4
75754,3,108.985794,-7.15258,2024-08-16,4
75772,3,109.052719,-6.981945,2024-08-16,4
75773,3,109.052565,-6.981933,2024-08-16,4
75803,3,109.052952,-6.98121,2024-08-16,4
75804,3,109.052634,-6.981189,2024-08-16,4
75986,3,108.937804,-6.913806,2024-08-16,4
75987,3,108.937436,-6.913794,2024-08-16,4
75988,3,108.937144,-6.913785,2024-08-16,4
75989,3,108.936975,-6.913778,2024-08-16,4
75992,3,108.937502,-6.913629,2024-08-16,4
75993,3,108.937225,-6.913616,2024-08-16,4
75994,3,108.936995,-6.913607,2024-08-16,4
75995,3,108.936985,-6.9134,2024-08-16,4
76000,3,108.937216,-6.913372,2024-08-16,4
76005,3,108.937223,-6.913119,2024-08-16,4
76007,3,108.938198,-6.912919,2024-08-16,4
76008,3,108.938014,-6.912914,2024-08-16,4
76009,3,108.937785,-6.91291,2024-08-16,4
76010,3,108.937568,-6.912908,2024-08-16,4
76013,3,108.938194,-6.912731,2024-08-16,4
76014,3,108.938008,-6.912726,2024-08-16,4
76015,3,108.937824,-6.912722,2024-08-16,4
76016,3,108.937691,-6.912717,2024-08-16,4
76017,3,108.937533,-6.912716,2024-08-16,4
76021,3,108.938665,-6.912791,2024-08-16,4
76022,3,109.488023,-7.716088,2024-08-16,4
117373,4,109.391622,-6.870947,2024-08-16,4
117375,4,109.380958,-6.874142,2024-08-16,4
117376,4,109.381667,-6.874178,2024-08-16,4
117379,4,109.429444,-6.895214,2024-08-16,4
117389,4,109.381744,-6.87475,2024-08-16,4
117665,4,109.428702,-6.895833,2024-08-16,4
117670,4,109.429609,-6.895384,2024-08-16,4
117671,4,109.430061,-6.895386,2024-08-16,4
117673,4,109.42961,-6.894932,2024-08-16,4
117674,4,109.430063,-6.894934,2024-08-16,4
117678,4,109.382346,-6.875366,2024-08-16,4
117679,4,109.382799,-6.875368,2024-08-16,4
117680,4,109.381443,-6.874911,2024-08-16,4
117681,4,109.381895,-6.874913,2024-08-16,4
117682,4,109.382348,-6.874914,2024-08-16,4
117683,4,109.3828,-6.874916,2024-08-16,4
117684,4,109.380992,-6.874457,2024-08-16,4
117685,4,109.381445,-6.874459,2024-08-16,4
117686,4,109.381897,-6.87446,2024-08-16,4
117687,4,109.382349,-6.874462,2024-08-16,4
117688,4,109.382802,-6.874464,2024-08-16,4
117689,4,109.380994,-6.874005,2024-08-16,4
117690,4,109.381446,-6.874007,2024-08-16,4
117691,4,109.381899,-6.874008,2024-08-16,4
117692,4,109.382351,-6.87401,2024-08-16,4
117693,4,109.382803,-6.874011,2024-08-16,4
117697,4,109.382352,-6.873558,2024-08-16,4
117698,4,109.382805,-6.873559,2024-08-16,4
117705,4,109.391406,-6.87178,2024-08-16,4
117706,4,109.391859,-6.871781,2024-08-16,4
117708,4,109.390503,-6.871325,2024-08-16,4
117712,4,109.390505,-6.870872,2024-08-16,4
117713,4,109.390957,-6.870874,2024-08-16,4
119056,4,109.428569,-6.895785,2024-08-16,4
119058,4,109.428755,-6.895776,2024-08-16,4
119087,4,109.43033,-6.895466,2024-08-16,4
119088,4,109.430135,-6.895461,2024-08-16,4
119090,4,109.42987,-6.895452,2024-08-16,4
119091,4,109.429662,-6.895446,2024-08-16,4
119093,4,109.42947,-6.89544,2024-08-16,4
119102,4,109.430276,-6.895306,2024-08-16,4
119103,4,109.43009,-6.895302,2024-08-16,4
119104,4,109.429879,-6.895298,2024-08-16,4
119105,4,109.429664,-6.895293,2024-08-16,4
119106,4,109.429472,-6.895286,2024-08-16,4
119113,4,109.430276,-6.895147,2024-08-16,4
119114,4,109.430088,-6.895145,2024-08-16,4
119115,4,109.429876,-6.895144,2024-08-16,4
119116,4,109.429666,-6.89514,2024-08-16,4
119117,4,109.429476,-6.895137,2024-08-16,4
119118,4,109.430274,-6.894986,2024-08-16,4
119119,4,109.430082,-6.894984,2024-08-16,4
119120,4,109.429871,-6.894982,2024-08-16,4
119121,4,109.429663,-6.894979,2024-08-16,4
119122,4,109.429474,-6.894977,2024-08-16,4
119168,4,109.382623,-6.875416,2024-08-16,4
119169,4,109.382781,-6.875371,2024-08-16,4
119170,4,109.382915,-6.875304,2024-08-16,4
119171,4,109.382411,-6.875343,2024-08-16,4
119172,4,109.382695,-6.875283,2024-08-16,4
119173,4,109.38242,-6.875252,2024-08-16,4
119174,4,109.382132,-6.875221,2024-08-16,4
119175,4,109.382958,-6.875236,2024-08-16,4
119176,4,109.381873,-6.875192,2024-08-16,4
119177,4,109.382552,-6.875196,2024-08-16,4
119178,4,109.381554,-6.875159,2024-08-16,4
119179,4,109.381297,-6.875131,2024-08-16,4
119180,4,109.382141,-6.875152,2024-08-16,4
119181,4,109.382971,-6.875146,2024-08-16,4
119182,4,109.381119,-6.87511,2024-08-16,4
119183,4,109.381918,-6.875128,2024-08-16,4
119184,4,109.380863,-6.875079,2024-08-16,4
119185,4,109.381601,-6.875095,2024-08-16,4
119186,4,109.38256,-6.875102,2024-08-16,4
119187,4,109.382141,-6.875058,2024-08-16,4
119188,4,109.383062,-6.875046,2024-08-16,4
119189,4,109.381899,-6.875033,2024-08-16,4
119190,4,109.381045,-6.875035,2024-08-16,4
119191,4,109.382829,-6.875025,2024-08-16,4
119192,4,109.381676,-6.87501,2024-08-16,4
119193,4,109.381462,-6.874988,2024-08-16,4
119194,4,109.382478,-6.874987,2024-08-16,4
119195,4,109.381189,-6.87496,2024-08-16,4
119196,4,109.38307,-6.874942,2024-08-16,4
119197,4,109.382151,-6.874949,2024-08-16,4
119198,4,109.382834,-6.874919,2024-08-16,4
119199,4,109.381908,-6.874924,2024-08-16,4
119200,4,109.381684,-6.874901,2024-08-16,4
119201,4,109.382489,-6.874883,2024-08-16,4
119202,4,109.381457,-6.874878,2024-08-16,4
119203,4,109.38216,-6.874846,2024-08-16,4
119204,4,109.381916,-6.874821,2024-08-16,4
119205,4,109.381186,-6.874847,2024-08-16,4
119206,4,109.381669,-6.874795,2024-08-16,4
119207,4,109.381374,-6.874764,2024-08-16,4
119208,4,109.380945,-6.874716,2024-08-16,4
119209,4,109.383086,-6.874781,2024-08-16,4
119210,4,109.382834,-6.874754,2024-08-16,4
119211,4,109.382498,-6.874728,2024-08-16,4
119212,4,109.382175,-6.874702,2024-08-16,4
119213,4,109.38306,-6.874616,2024-08-16,4
119214,4,109.381903,-6.874681,2024-08-16,4
119215,4,109.382651,-6.874601,2024-08-16,4
119216,4,109.381622,-6.874655,2024-08-16,4
119217,4,109.381355,-6.87463,2024-08-16,4
119218,4,109.38095,-6.874588,2024-08-16,4
119219,4,109.383062,-6.874505,2024-08-16,4
119220,4,109.382147,-6.874513,2024-08-16,4
119221,4,109.382641,-6.874492,2024-08-16,4
119222,4,109.381817,-6.874493,2024-08-16,4
119223,4,109.381483,-6.874467,2024-08-16,4
119224,4,109.381203,-6.874444,2024-08-16,4
119225,4,109.383071,-6.874378,2024-08-16,4
119226,4,109.382818,-6.874371,2024-08-16,4
119227,4,109.380885,-6.874413,2024-08-16,4
119228,4,109.382498,-6.874361,2024-08-16,4
119229,4,109.382152,-6.874358,2024-08-16,4
119230,4,109.381824,-6.874338,2024-08-16,4
119231,4,109.383091,-6.874289,2024-08-16,4
119232,4,109.382835,-6.874285,2024-08-16,4
119233,4,109.381488,-6.874317,2024-08-16,4
119234,4,109.382499,-6.874279,2024-08-16,4
119235,4,109.38121,-6.874298,2024-08-16,4
119236,4,109.380891,-6.874273,2024-08-16,4
119237,4,109.382152,-6.874225,2024-08-16,4
119238,4,109.38183,-6.874206,2024-08-16,4
119239,4,109.381492,-6.874186,2024-08-16,4
119240,4,109.38307,-6.874169,2024-08-16,4
119241,4,109.381148,-6.874165,2024-08-16,4
119242,4,109.382788,-6.874166,2024-08-16,4
119243,4,109.382487,-6.874162,2024-08-16,4
119244,4,109.380825,-6.874141,2024-08-16,4
119245,4,109.382154,-6.874103,2024-08-16,4
119246,4,109.381835,-6.874084,2024-08-16,4
119247,4,109.381494,-6.874064,2024-08-16,4
119248,4,109.381153,-6.874044,2024-08-16,4
119249,4,109.380831,-6.874024,2024-08-16,4
119250,4,109.383136,-6.874029,2024-08-16,4
119251,4,109.382902,-6.874018,2024-08-16,4
119252,4,109.38266,-6.874014,2024-08-16,4
119253,4,109.382434,-6.874009,2024-08-16,4
119254,4,109.382156,-6.873985,2024-08-16,4
119255,4,109.381841,-6.873966,2024-08-16,4
119256,4,109.381499,-6.873945,2024-08-16,4
119257,4,109.381156,-6.873926,2024-08-16,4
119258,4,109.380833,-6.87391,2024-08-16,4
119259,4,109.383116,-6.873873,2024-08-16,4
119260,4,109.382902,-6.87387,2024-08-16,4
119261,4,109.382662,-6.873866,2024-08-16,4
119262,4,109.382437,-6.873862,2024-08-16,4
119263,4,109.382157,-6.873854,2024-08-16,4
119264,4,109.381847,-6.873836,2024-08-16,4
119265,4,109.381506,-6.873816,2024-08-16,4
119266,4,109.381161,-6.873798,2024-08-16,4
119267,4,109.380838,-6.873781,2024-08-16,4
119268,4,109.383099,-6.873717,2024-08-16,4
119269,4,109.382887,-6.873715,2024-08-16,4
119270,4,109.382665,-6.873713,2024-08-16,4
119271,4,109.382438,-6.87371,2024-08-16,4
119278,4,109.383167,-6.873582,2024-08-16,4
119279,4,109.383018,-6.873559,2024-08-16,4
119280,4,109.382756,-6.873558,2024-08-16,4
119281,4,109.382465,-6.873555,2024-08-16,4
119283,4,109.383139,-6.873413,2024-08-16,4
119285,4,109.382461,-6.873411,2024-08-16,4
119286,4,109.382758,-6.873411,2024-08-16,4
119287,4,109.383014,-6.873414,2024-08-16,4
119290,4,109.382741,-6.873335,2024-08-16,4
119291,4,109.38245,-6.873331,2024-08-16,4
119337,4,109.391954,-6.871753,2024-08-16,4
119340,4,109.391295,-6.871774,2024-08-16,4
119341,4,109.391452,-6.871755,2024-08-16,4
119343,4,109.391612,-6.871732,2024-08-16,4
119345,4,109.391772,-6.871704,2024-08-16,4
119350,4,109.391935,-6.8716,2024-08-16,4
119354,4,109.391918,-6.871453,2024-08-16,4
119362,4,109.391586,-6.871432,2024-08-16,4
119363,4,109.39127,-6.871445,2024-08-16,4
119367,4,109.390429,-6.871285,2024-08-16,4
119368,4,109.390597,-6.871272,2024-08-16,4
119372,4,109.391565,-6.871177,2024-08-16,4
119375,4,109.391248,-6.871167,2024-08-16,4
119378,4,109.390416,-6.871098,2024-08-16,4
119379,4,109.390583,-6.871084,2024-08-16,4
119385,4,109.39123,-6.87095,2024-08-16,4
119388,4,109.391547,-6.870952,2024-08-16,4
119389,4,109.390569,-6.870906,2024-08-16,4
119392,4,109.390889,-6.870805,2024-08-16,4
119400,4,109.391526,-6.870705,2024-08-16,4
119406,4,109.390708,-6.87055,2024-08-16,4
119407,4,109.390867,-6.870535,2024-08-16,4
71568,3,108.894417,-6.950028,2024-08-16,5
71571,3,108.937914,-6.913283,2024-08-16,5
71572,3,108.938472,-6.913278,2024-08-16,5
71579,3,109.413472,-7.426417,2024-08-16,5
72154,3,109.413922,-7.426614,2024-08-16,5
72161,3,109.413471,-7.42616,2024-08-16,5
72162,3,109.413924,-7.426162,2024-08-16,5
72180,3,108.895298,-6.951217,2024-08-16,5
72181,3,108.894395,-6.950761,2024-08-16,5
72182,3,108.894847,-6.950763,2024-08-16,5
72183,3,108.8953,-6.950765,2024-08-16,5
72184,3,108.893945,-6.950307,2024-08-16,5
72185,3,108.894397,-6.950309,2024-08-16,5
72186,3,108.894849,-6.950311,2024-08-16,5
72187,3,108.895302,-6.950313,2024-08-16,5
72188,3,108.895754,-6.950315,2024-08-16,5
72189,3,108.893947,-6.949855,2024-08-16,5
72190,3,108.894399,-6.949857,2024-08-16,5
72191,3,108.894851,-6.949859,2024-08-16,5
72192,3,108.895304,-6.949861,2024-08-16,5
72193,3,108.895756,-6.949863,2024-08-16,5
72194,3,108.894401,-6.949405,2024-08-16,5
72195,3,108.894853,-6.949407,2024-08-16,5
72203,3,108.93753,-6.913434,2024-08-16,5
72204,3,108.937983,-6.913436,2024-08-16,5
72205,3,108.93708,-6.91298,2024-08-16,5
75483,3,109.41385,-7.426666,2024-08-16,5
75491,3,109.413858,-7.426641,2024-08-16,5
75493,3,109.413833,-7.426609,2024-08-16,5
75499,3,109.413559,-7.426565,2024-08-16,5
75501,3,109.413941,-7.426561,2024-08-16,5
75502,3,109.41352,-7.426558,2024-08-16,5
75503,3,109.413478,-7.42655,2024-08-16,5
75504,3,109.41391,-7.426553,2024-08-16,5
75506,3,109.413869,-7.426547,2024-08-16,5
75507,3,109.413438,-7.426539,2024-08-16,5
75508,3,109.413398,-7.426532,2024-08-16,5
75510,3,109.413828,-7.426541,2024-08-16,5
75512,3,109.413357,-7.426526,2024-08-16,5
75513,3,109.413789,-7.426536,2024-08-16,5
75515,3,109.413745,-7.426551,2024-08-16,5
75517,3,109.413705,-7.426553,2024-08-16,5
75519,3,109.413677,-7.426547,2024-08-16,5
75520,3,109.413648,-7.426544,2024-08-16,5
75521,3,109.413604,-7.426563,2024-08-16,5
75529,3,109.41392,-7.426456,2024-08-16,5
75530,3,109.413888,-7.426451,2024-08-16,5
75532,3,109.413847,-7.426446,2024-08-16,5
75533,3,109.413808,-7.426439,2024-08-16,5
75535,3,109.413769,-7.426434,2024-08-16,5
75537,3,109.413728,-7.426427,2024-08-16,5
75538,3,109.413699,-7.426423,2024-08-16,5
75541,3,109.41367,-7.426419,2024-08-16,5
75542,3,109.413622,-7.426443,2024-08-16,5
75544,3,109.413582,-7.426441,2024-08-16,5
75546,3,109.413541,-7.426436,2024-08-16,5
75547,3,109.413947,-7.426436,2024-08-16,5
75548,3,109.4135,-7.42643,2024-08-16,5
75551,3,109.413459,-7.426422,2024-08-16,5
75552,3,109.413419,-7.426417,2024-08-16,5
75553,3,109.413377,-7.426413,2024-08-16,5
75560,3,109.413953,-7.426334,2024-08-16,5
75561,3,109.41391,-7.426337,2024-08-16,5
75562,3,109.413869,-7.426331,2024-08-16,5
75563,3,109.41383,-7.426324,2024-08-16,5
75565,3,109.41379,-7.426319,2024-08-16,5
75566,3,109.41375,-7.426312,2024-08-16,5
75569,3,109.413721,-7.426303,2024-08-16,5
75570,3,109.413692,-7.426299,2024-08-16,5
75571,3,109.413651,-7.426294,2024-08-16,5
75572,3,109.41361,-7.426287,2024-08-16,5
75574,3,109.41398,-7.42637,2024-08-16,5
75575,3,109.413569,-7.426281,2024-08-16,5
75580,3,109.413975,-7.426238,2024-08-16,5
75581,3,109.413528,-7.426276,2024-08-16,5
75582,3,109.413487,-7.42627,2024-08-16,5
75583,3,109.41393,-7.426231,2024-08-16,5
75585,3,109.413446,-7.426264,2024-08-16,5
75586,3,109.41389,-7.426224,2024-08-16,5
75587,3,109.413404,-7.426259,2024-08-16,5
75589,3,109.41385,-7.426216,2024-08-16,5
75592,3,109.413811,-7.42621,2024-08-16,5
75595,3,109.41377,-7.426202,2024-08-16,5
75596,3,109.413741,-7.426193,2024-08-16,5
75599,3,109.413712,-7.426188,2024-08-16,5
75602,3,109.413672,-7.426182,2024-08-16,5
75603,3,109.41402,-7.426173,2024-08-16,5
75605,3,109.413987,-7.426171,2024-08-16,5
75606,3,109.413944,-7.426164,2024-08-16,5
75607,3,109.41363,-7.426175,2024-08-16,5
75608,3,109.413903,-7.426159,2024-08-16,5
75609,3,109.413863,-7.426153,2024-08-16,5
75610,3,109.413589,-7.426167,2024-08-16,5
75611,3,109.413823,-7.426147,2024-08-16,5
75613,3,109.413782,-7.426141,2024-08-16,5
75614,3,109.413549,-7.42616,2024-08-16,5
75615,3,109.413751,-7.426137,2024-08-16,5
75617,3,109.413722,-7.426134,2024-08-16,5
75618,3,109.413682,-7.426129,2024-08-16,5
75619,3,109.41364,-7.426123,2024-08-16,5
75620,3,109.413598,-7.426117,2024-08-16,5
75621,3,109.413558,-7.426112,2024-08-16,5
75622,3,109.41351,-7.426145,2024-08-16,5
75623,3,109.413469,-7.42614,2024-08-16,5
75624,3,109.413427,-7.426135,2024-08-16,5
75830,3,108.895409,-6.951236,2024-08-16,5
75831,3,108.89504,-6.951135,2024-08-16,5
75832,3,108.89546,-6.951113,2024-08-16,5
75833,3,108.895166,-6.951123,2024-08-16,5
75834,3,108.89464,-6.951,2024-08-16,5
75835,3,108.895513,-6.950994,2024-08-16,5
75836,3,108.894749,-6.951003,2024-08-16,5
75837,3,108.894826,-6.950948,2024-08-16,5
75838,3,108.895312,-6.950901,2024-08-16,5
75839,3,108.895181,-6.950978,2024-08-16,5
75840,3,108.894399,-6.950895,2024-08-16,5
75841,3,108.894474,-6.950865,2024-08-16,5
75842,3,108.895572,-6.950882,2024-08-16,5
75843,3,108.89512,-6.950812,2024-08-16,5
75844,3,108.895664,-6.950769,2024-08-16,5
75845,3,108.894541,-6.950804,2024-08-16,5
75846,3,108.894857,-6.950819,2024-08-16,5
75847,3,108.894231,-6.950742,2024-08-16,5
75848,3,108.894064,-6.950748,2024-08-16,5
75849,3,108.894908,-6.950713,2024-08-16,5
75850,3,108.895293,-6.950756,2024-08-16,5
75851,3,108.895483,-6.95069,2024-08-16,5
75852,3,108.89427,-6.950668,2024-08-16,5
75853,3,108.894024,-6.950634,2024-08-16,5
75854,3,108.89459,-6.950686,2024-08-16,5
75855,3,108.895682,-6.950617,2024-08-16,5
75856,3,108.895559,-6.950639,2024-08-16,5
75857,3,108.894641,-6.950586,2024-08-16,5
75858,3,108.895233,-6.95058,2024-08-16,5
75859,3,108.894958,-6.950604,2024-08-16,5
75860,3,108.894057,-6.950557,2024-08-16,5
75861,3,108.895503,-6.950541,2024-08-16,5
75862,3,108.895266,-6.950511,2024-08-16,5
75863,3,108.893835,-6.950532,2024-08-16,5
75864,3,108.895737,-6.950521,2024-08-16,5
75865,3,108.894326,-6.950555,2024-08-16,5
75866,3,108.893898,-6.950471,2024-08-16,5
75867,3,108.894999,-6.950477,2024-08-16,5
75868,3,108.894377,-6.950461,2024-08-16,5
75869,3,108.895294,-6.950452,2024-08-16,5
75870,3,108.894688,-6.950483,2024-08-16,5
75871,3,108.894105,-6.950445,2024-08-16,5
75872,3,108.895031,-6.95041,2024-08-16,5
75873,3,108.893779,-6.950404,2024-08-16,5
75874,3,108.895502,-6.950424,2024-08-16,5
75875,3,108.895854,-6.950389,2024-08-16,5
75876,3,108.89415,-6.950354,2024-08-16,5
75877,3,108.895057,-6.950352,2024-08-16,5
75878,3,108.894733,-6.950361,2024-08-16,5
75879,3,108.893919,-6.950353,2024-08-16,5
75880,3,108.894424,-6.950364,2024-08-16,5
75881,3,108.894758,-6.950292,2024-08-16,5
75882,3,108.893941,-6.950259,2024-08-16,5
75883,3,108.895159,-6.950283,2024-08-16,5
75884,3,108.894469,-6.950246,2024-08-16,5
75885,3,108.894195,-6.95026,2024-08-16,5
75886,3,108.894786,-6.950238,2024-08-16,5
75887,3,108.895628,-6.950299,2024-08-16,5
75888,3,108.894249,-6.95015,2024-08-16,5
75889,3,108.893998,-6.950172,2024-08-16,5
75890,3,108.894409,-6.950142,2024-08-16,5
75891,3,108.894826,-6.950147,2024-08-16,5
75892,3,108.895279,-6.95016,2024-08-16,5
75893,3,108.89405,-6.950064,2024-08-16,5
75894,3,108.894439,-6.950091,2024-08-16,5
75895,3,108.893815,-6.950084,2024-08-16,5
75896,3,108.895723,-6.950135,2024-08-16,5
75897,3,108.894087,-6.950004,2024-08-16,5
75898,3,108.895006,-6.950051,2024-08-16,5
75899,3,108.893846,-6.949976,2024-08-16,5
75900,3,108.895932,-6.949968,2024-08-16,5
75901,3,108.894477,-6.950005,2024-08-16,5
75902,3,108.894114,-6.949953,2024-08-16,5
75903,3,108.893873,-6.949914,2024-08-16,5
75904,3,108.895354,-6.949987,2024-08-16,5
75905,3,108.895714,-6.949979,2024-08-16,5
75906,3,108.894744,-6.949946,2024-08-16,5
75907,3,108.893901,-6.949863,2024-08-16,5
75908,3,108.895075,-6.949879,2024-08-16,5
75909,3,108.895647,-6.949851,2024-08-16,5
75910,3,108.895928,-6.949818,2024-08-16,5
75911,3,108.896034,-6.949771,2024-08-16,5
75912,3,108.894487,-6.949844,2024-08-16,5
75913,3,108.894071,-6.949838,2024-08-16,5
75914,3,108.895268,-6.949802,2024-08-16,5
75915,3,108.895919,-6.949719,2024-08-16,5
75916,3,108.894812,-6.949773,2024-08-16,5
75917,3,108.894249,-6.94975,2024-08-16,5
75918,3,108.895011,-6.9497,2024-08-16,5
75919,3,108.895315,-6.949715,2024-08-16,5
75920,3,108.895655,-6.949695,2024-08-16,5
75921,3,108.89561,-6.94976,2024-08-16,5
75922,3,108.894032,-6.949666,2024-08-16,5
75923,3,108.894558,-6.949673,2024-08-16,5
75924,3,108.895702,-6.949626,2024-08-16,5
75925,3,108.894808,-6.94962,2024-08-16,5
75926,3,108.895052,-6.949608,2024-08-16,5
75927,3,108.895093,-6.94954,2024-08-16,5
75928,3,108.894621,-6.949546,2024-08-16,5
75929,3,108.894323,-6.949583,2024-08-16,5
75930,3,108.894859,-6.949529,2024-08-16,5
75931,3,108.89536,-6.949562,2024-08-16,5
75932,3,108.894138,-6.949521,2024-08-16,5
75933,3,108.895413,-6.949501,2024-08-16,5
75934,3,108.89488,-6.949449,2024-08-16,5
75935,3,108.894678,-6.949455,2024-08-16,5
75936,3,108.894402,-6.949459,2024-08-16,5
75937,3,108.895105,-6.949447,2024-08-16,5
75938,3,108.895154,-6.94939,2024-08-16,5
75939,3,108.894682,-6.949365,2024-08-16,5
75940,3,108.894447,-6.949362,2024-08-16,5
75941,3,108.894961,-6.949307,2024-08-16,5
75942,3,108.894889,-6.949349,2024-08-16,5
75943,3,108.894379,-6.949256,2024-08-16,5
75944,3,108.894491,-6.949284,2024-08-16,5
75945,3,108.89469,-6.949264,2024-08-16,5
75946,3,108.894531,-6.949203,2024-08-16,5
75990,3,108.938526,-6.913763,2024-08-16,5
75991,3,108.937982,-6.913649,2024-08-16,5
75996,3,108.938168,-6.913409,2024-08-16,5
75997,3,108.937918,-6.913403,2024-08-16,5
75998,3,108.937744,-6.913395,2024-08-16,5
75999,3,108.93752,-6.913384,2024-08-16,5
76001,3,108.936988,-6.91318,2024-08-16,5
76002,3,108.938159,-6.91314,2024-08-16,5
76003,3,108.937922,-6.913138,2024-08-16,5
76004,3,108.937759,-6.913133,2024-08-16,5
76006,3,108.937532,-6.913126,2024-08-16,5
76011,3,108.937281,-6.912905,2024-08-16,5
76012,3,108.936992,-6.91293,2024-08-16,5
76018,3,108.936921,-6.912704,2024-08-16,5
76019,3,108.937011,-6.912707,2024-08-16,5
76020,3,108.937252,-6.912711,2024-08-16,5
117374,4,109.406519,-6.896431,2024-08-16,5
117377,4,109.429472,-6.896186,2024-08-16,5
117378,4,109.429619,-6.895931,2024-08-16,5
117380,4,109.429517,-6.895706,2024-08-16,5
117383,4,109.052986,-6.995039,2024-08-16,5
117394,4,109.052619,-6.994092,2024-08-16,5
117518,4,109.053444,-6.99529,2024-08-16,5
117519,4,109.053896,-6.995292,2024-08-16,5
117521,4,109.052543,-6.994382,2024-08-16,5
117525,4,109.052544,-6.99393,2024-08-16,5
117530,4,109.052546,-6.993478,2024-08-16,5
117646,4,109.406249,-6.897601,2024-08-16,5
117647,4,109.406702,-6.897602,2024-08-16,5
117649,4,109.406251,-6.897149,2024-08-16,5
117650,4,109.406703,-6.89715,2024-08-16,5
117652,4,109.406252,-6.896696,2024-08-16,5
117653,4,109.406705,-6.896698,2024-08-16,5
117655,4,109.428699,-6.896738,2024-08-16,5
117656,4,109.429152,-6.896739,2024-08-16,5
117657,4,109.429604,-6.896741,2024-08-16,5
117658,4,109.430057,-6.896742,2024-08-16,5
117661,4,109.429606,-6.896289,2024-08-16,5
117662,4,109.430058,-6.89629,2024-08-16,5
117667,4,109.429607,-6.895836,2024-08-16,5
117668,4,109.43006,-6.895838,2024-08-16,5
117676,4,109.429612,-6.89448,2024-08-16,5
117677,4,109.430064,-6.894482,2024-08-16,5
118410,4,109.054257,-6.995363,2024-08-16,5
118412,4,109.054117,-6.995335,2024-08-16,5
118414,4,109.053924,-6.995301,2024-08-16,5
118415,4,109.053782,-6.995276,2024-08-16,5
118417,4,109.053615,-6.995246,2024-08-16,5
118420,4,109.053409,-6.99521,2024-08-16,5
118421,4,109.053199,-6.995172,2024-08-16,5
118422,4,109.052976,-6.995135,2024-08-16,5
118424,4,109.054279,-6.995145,2024-08-16,5
118426,4,109.054127,-6.995113,2024-08-16,5
118428,4,109.053873,-6.995082,2024-08-16,5
118429,4,109.053637,-6.995053,2024-08-16,5
118430,4,109.053425,-6.995026,2024-08-16,5
118431,4,109.053223,-6.995001,2024-08-16,5
118433,4,109.052999,-6.994977,2024-08-16,5
118452,4,109.052579,-6.994653,2024-08-16,5
118462,4,109.05259,-6.994493,2024-08-16,5
118474,4,109.052604,-6.994313,2024-08-16,5
118483,4,109.05262,-6.9941,2024-08-16,5
118494,4,109.052635,-6.993886,2024-08-16,5
118495,4,109.052463,-6.993874,2024-08-16,5
118504,4,109.052477,-6.9937,2024-08-16,5
118505,4,109.052366,-6.99368,2024-08-16,5
118506,4,109.052648,-6.993688,2024-08-16,5
118510,4,109.052492,-6.993523,2024-08-16,5
118511,4,109.052379,-6.9935,2024-08-16,5
118512,4,109.05266,-6.993499,2024-08-16,5
118513,4,109.052388,-6.993398,2024-08-16,5
118516,4,109.052668,-6.993368,2024-08-16,5
118517,4,109.052547,-6.993411,2024-08-16,5
118901,4,109.40689,-6.897707,2024-08-16,5
118902,4,109.406701,-6.897694,2024-08-16,5
118903,4,109.40648,-6.897704,2024-08-16,5
118904,4,109.40628,-6.897681,2024-08-16,5
118905,4,109.406905,-6.897592,2024-08-16,5
118908,4,109.406707,-6.897572,2024-08-16,5
118909,4,109.406486,-6.897548,2024-08-16,5
118910,4,109.40629,-6.897527,2024-08-16,5
118911,4,109.406058,-6.897478,2024-08-16,5
118912,4,109.405894,-6.897463,2024-08-16,5
118914,4,109.40692,-6.897435,2024-08-16,5
118915,4,109.406768,-6.897419,2024-08-16,5
118916,4,109.406588,-6.8974,2024-08-16,5
118917,4,109.406023,-6.897359,2024-08-16,5
118918,4,109.406346,-6.897375,2024-08-16,5
118919,4,109.40693,-6.897274,2024-08-16,5
118920,4,109.406077,-6.897244,2024-08-16,5
118921,4,109.406778,-6.89726,2024-08-16,5
118922,4,109.40591,-6.89723,2024-08-16,5
118924,4,109.406596,-6.897242,2024-08-16,5
118926,4,109.406353,-6.897219,2024-08-16,5
118927,4,109.405902,-6.897144,2024-08-16,5
118928,4,109.405905,-6.89709,2024-08-16,5
118929,4,109.406072,-6.897124,2024-08-16,5
118930,4,109.406936,-6.897117,2024-08-16,5
118931,4,109.406774,-6.897102,2024-08-16,5
118932,4,109.405907,-6.89704,2024-08-16,5
118933,4,109.429556,-6.897051,2024-08-16,5
118934,4,109.429779,-6.897047,2024-08-16,5
118935,4,109.429973,-6.897045,2024-08-16,5
118936,4,109.406585,-6.897084,2024-08-16,5
118937,4,109.430168,-6.897004,2024-08-16,5
118939,4,109.430305,-6.897006,2024-08-16,5
118941,4,109.40591,-6.896993,2024-08-16,5
118942,4,109.406353,-6.89706,2024-08-16,5
118943,4,109.429148,-6.897034,2024-08-16,5
118944,4,109.428952,-6.897025,2024-08-16,5
118945,4,109.428778,-6.897015,2024-08-16,5
118946,4,109.428651,-6.897005,2024-08-16,5
118947,4,109.428488,-6.896966,2024-08-16,5
118948,4,109.406077,-6.897006,2024-08-16,5
118949,4,109.405911,-6.896952,2024-08-16,5
118950,4,109.406946,-6.896961,2024-08-16,5
118951,4,109.406787,-6.896947,2024-08-16,5
118952,4,109.406116,-6.896903,2024-08-16,5
118953,4,109.406599,-6.896928,2024-08-16,5
118954,4,109.429551,-6.896917,2024-08-16,5
118955,4,109.405948,-6.896886,2024-08-16,5
118956,4,109.429775,-6.896916,2024-08-16,5
118957,4,109.429975,-6.896912,2024-08-16,5
118958,4,109.430166,-6.89691,2024-08-16,5
118959,4,109.430305,-6.896906,2024-08-16,5
118961,4,109.406363,-6.896904,2024-08-16,5
118963,4,109.429144,-6.896865,2024-08-16,5
118964,4,109.428963,-6.896861,2024-08-16,5
118965,4,109.428797,-6.89686,2024-08-16,5
118966,4,109.428613,-6.896855,2024-08-16,5
118967,4,109.428491,-6.896857,2024-08-16,5
118968,4,109.406125,-6.896808,2024-08-16,5
118969,4,109.405955,-6.896789,2024-08-16,5
118970,4,109.406953,-6.896809,2024-08-16,5
118971,4,109.406789,-6.896792,2024-08-16,5
118972,4,109.4066,-6.896773,2024-08-16,5
118973,4,109.406159,-6.896721,2024-08-16,5
118974,4,109.429548,-6.896748,2024-08-16,5
118975,4,109.430229,-6.896745,2024-08-16,5
118976,4,109.429772,-6.896748,2024-08-16,5
118977,4,109.429984,-6.896746,2024-08-16,5
118978,4,109.406368,-6.896749,2024-08-16,5
118980,4,109.405991,-6.896703,2024-08-16,5
118982,4,109.406168,-6.896629,2024-08-16,5
118983,4,109.406964,-6.896656,2024-08-16,5
118984,4,109.429144,-6.89666,2024-08-16,5
118985,4,109.428975,-6.896658,2024-08-16,5
118986,4,109.428791,-6.896655,2024-08-16,5
118987,4,109.428592,-6.896654,2024-08-16,5
118988,4,109.428485,-6.896657,2024-08-16,5
118989,4,109.406803,-6.896639,2024-08-16,5
118990,4,109.405998,-6.896611,2024-08-16,5
118991,4,109.406615,-6.896618,2024-08-16,5
118992,4,109.406379,-6.896592,2024-08-16,5
118993,4,109.429784,-6.896583,2024-08-16,5
118994,4,109.430257,-6.896581,2024-08-16,5
118995,4,109.429545,-6.896582,2024-08-16,5
118996,4,109.430022,-6.896581,2024-08-16,5
118998,4,109.406175,-6.896537,2024-08-16,5
119000,4,109.406036,-6.896522,2024-08-16,5
119001,4,109.40593,-6.89651,2024-08-16,5
119002,4,109.406816,-6.896485,2024-08-16,5
119003,4,109.406629,-6.896464,2024-08-16,5
119004,4,109.40639,-6.896439,2024-08-16,5
119005,4,109.430024,-6.896416,2024-08-16,5
119006,4,109.429783,-6.896416,2024-08-16,5
119007,4,109.430258,-6.896414,2024-08-16,5
119008,4,109.429543,-6.896413,2024-08-16,5
119015,4,109.430259,-6.896253,2024-08-16,5
119016,4,109.430025,-6.896253,2024-08-16,5
119017,4,109.429784,-6.896251,2024-08-16,5
119018,4,109.42954,-6.896248,2024-08-16,5
119020,4,109.406042,-6.896318,2024-08-16,5
119027,4,109.43026,-6.896093,2024-08-16,5
119028,4,109.430027,-6.896091,2024-08-16,5
119029,4,109.429782,-6.896087,2024-08-16,5
119031,4,109.429535,-6.896083,2024-08-16,5
119035,4,109.406122,-6.89604,2024-08-16,5
119037,4,109.405988,-6.896027,2024-08-16,5
119040,4,109.430331,-6.895931,2024-08-16,5
119041,4,109.430194,-6.895929,2024-08-16,5
119042,4,109.42998,-6.895926,2024-08-16,5
119043,4,109.429756,-6.895922,2024-08-16,5
119044,4,109.429516,-6.895918,2024-08-16,5
119048,4,109.430331,-6.89578,2024-08-16,5
119050,4,109.430194,-6.895777,2024-08-16,5
119051,4,109.42999,-6.895771,2024-08-16,5
119052,4,109.429811,-6.895768,2024-08-16,5
119054,4,109.429646,-6.895765,2024-08-16,5
119055,4,109.429477,-6.895762,2024-08-16,5
119061,4,109.430331,-6.89567,2024-08-16,5
119062,4,109.430126,-6.895663,2024-08-16,5
119063,4,109.429852,-6.895654,2024-08-16,5
119064,4,109.406139,-6.895752,2024-08-16,5
119065,4,109.429655,-6.895648,2024-08-16,5
119066,4,109.429473,-6.895642,2024-08-16,5
119067,4,109.406005,-6.895742,2024-08-16,5
119070,4,109.430334,-6.895591,2024-08-16,5
119072,4,109.430137,-6.895583,2024-08-16,5
119073,4,109.429861,-6.895573,2024-08-16,5
119074,4,109.429657,-6.895566,2024-08-16,5
119077,4,109.429472,-6.89556,2024-08-16,5
119098,4,109.406155,-6.895475,2024-08-16,5
119101,4,109.406021,-6.895462,2024-08-16,5
119128,4,109.430272,-6.894833,2024-08-16,5
119129,4,109.430053,-6.89483,2024-08-16,5
119135,4,109.429829,-6.894826,2024-08-16,5
119136,4,109.429648,-6.894822,2024-08-16,5
119137,4,109.429474,-6.89482,2024-08-16,5
119138,4,109.430055,-6.894688,2024-08-16,5
119139,4,109.429831,-6.894684,2024-08-16,5
119140,4,109.42964,-6.894681,2024-08-16,5
119141,4,109.430271,-6.894686,2024-08-16,5
119142,4,109.429476,-6.894675,2024-08-16,5
119144,4,109.430272,-6.894547,2024-08-16,5
119145,4,109.430056,-6.894544,2024-08-16,5
119146,4,109.429827,-6.894541,2024-08-16,5
119147,4,109.429637,-6.894538,2024-08-16,5
119148,4,109.429466,-6.894536,2024-08-16,5
119154,4,109.430267,-6.894417,2024-08-16,5
119156,4,109.430054,-6.894405,2024-08-16,5
119157,4,109.429824,-6.894401,2024-08-16,5
119158,4,109.429633,-6.894399,2024-08-16,5
119159,4,109.429463,-6.894397,2024-08-16,5
119163,4,109.429472,-6.894289,2024-08-16,5
119164,4,109.43019,-6.894289,2024-08-16,5
119165,4,109.429631,-6.894282,2024-08-16,5
119166,4,109.43005,-6.894288,2024-08-16,5
119167,4,109.429822,-6.894274,2024-08-16,5
71569,3,108.892183,-6.948961,2024-08-16,6
71573,3,109.053417,-6.9815,2024-08-16,6
71588,3,109.488056,-7.716167,2024-08-16,6
72055,3,109.488105,-7.715786,2024-08-16,6
72057,3,109.489012,-7.715789,2024-08-16,6
72058,3,109.487653,-7.715332,2024-08-16,6
72059,3,109.488107,-7.715334,2024-08-16,6
72062,3,109.487655,-7.71488,2024-08-16,6
72063,3,109.488108,-7.714882,2024-08-16,6
72169,3,109.052593,-6.982177,2024-08-16,6
72170,3,109.053045,-6.982179,2024-08-16,6
72171,3,109.052595,-6.981725,2024-08-16,6
72172,3,109.053047,-6.981727,2024-08-16,6
74765,3,109.48898,-7.716486,2024-08-16,6
74767,3,109.488243,-7.716461,2024-08-16,6
74769,3,109.487982,-7.716373,2024-08-16,6
74780,3,109.488794,-7.716119,2024-08-16,6
74790,3,109.488121,-7.715929,2024-08-16,6
74792,3,109.488644,-7.715902,2024-08-16,6
74795,3,109.488996,-7.715832,2024-08-16,6
74797,3,109.488145,-7.715814,2024-08-16,6
74798,3,109.488984,-7.715749,2024-08-16,6
74800,3,109.487682,-7.715721,2024-08-16,6
74804,3,109.487677,-7.715582,2024-08-16,6
74805,3,109.487994,-7.715562,2024-08-16,6
74807,3,109.489253,-7.715473,2024-08-16,6
74810,3,109.489245,-7.715322,2024-08-16,6
74813,3,109.488168,-7.715376,2024-08-16,6
74814,3,109.487725,-7.715351,2024-08-16,6
74818,3,109.489216,-7.715111,2024-08-16,6
74820,3,109.48878,-7.715103,2024-08-16,6
74821,3,109.48919,-7.714993,2024-08-16,6
74822,3,109.487886,-7.715006,2024-08-16,6
74823,3,109.489155,-7.714878,2024-08-16,6
74824,3,109.487612,-7.715017,2024-08-16,6
74826,3,109.487768,-7.714809,2024-08-16,6
74827,3,109.48811,-7.714876,2024-08-16,6
74828,3,109.487885,-7.714778,2024-08-16,6
74829,3,109.488043,-7.714741,2024-08-16,6
75764,3,109.053327,-6.982333,2024-08-16,6
75766,3,109.052833,-6.982201,2024-08-16,6
75767,3,109.052552,-6.982182,2024-08-16,6
75769,3,109.052943,-6.982091,2024-08-16,6
75770,3,109.052706,-6.982075,2024-08-16,6
75771,3,109.052557,-6.982064,2024-08-16,6
75774,3,109.05298,-6.981822,2024-08-16,6
75775,3,109.052577,-6.981797,2024-08-16,6
75777,3,109.052992,-6.981708,2024-08-16,6
75778,3,109.052827,-6.981759,2024-08-16,6
75779,3,109.052709,-6.981763,2024-08-16,6
75780,3,109.052603,-6.981682,2024-08-16,6
75781,3,109.053753,-6.981651,2024-08-16,6
75782,3,109.053524,-6.981637,2024-08-16,6
75783,3,109.053269,-6.981621,2024-08-16,6
75784,3,109.052995,-6.981604,2024-08-16,6
75785,3,109.052783,-6.98159,2024-08-16,6
75786,3,109.05262,-6.98158,2024-08-16,6
75787,3,109.053756,-6.98156,2024-08-16,6
75788,3,109.053529,-6.981546,2024-08-16,6
75789,3,109.053273,-6.98153,2024-08-16,6
75790,3,109.052999,-6.981511,2024-08-16,6
75791,3,109.052789,-6.981497,2024-08-16,6
75792,3,109.052623,-6.981486,2024-08-16,6
117382,4,109.052569,-6.994953,2024-08-16,6
117392,4,109.406953,-6.895875,2024-08-16,6
117516,4,109.052539,-6.995286,2024-08-16,6
117520,4,109.052541,-6.994834,2024-08-16,6
117648,4,109.407154,-6.897604,2024-08-16,6
117651,4,109.407155,-6.897152,2024-08-16,6
117654,4,109.407157,-6.8967,2024-08-16,6
117659,4,109.406254,-6.896244,2024-08-16,6
117660,4,109.406706,-6.896246,2024-08-16,6
117663,4,109.406255,-6.895792,2024-08-16,6
117664,4,109.406708,-6.895794,2024-08-16,6
118406,4,109.052514,-6.99542,2024-08-16,6
118408,4,109.05234,-6.995407,2024-08-16,6
118418,4,109.05253,-6.99523,2024-08-16,6
118419,4,109.052351,-6.995218,2024-08-16,6
118425,4,109.052543,-6.995059,2024-08-16,6
118427,4,109.05236,-6.995045,2024-08-16,6
118440,4,109.052557,-6.994901,2024-08-16,6
118441,4,109.05237,-6.994886,2024-08-16,6
118906,4,109.407241,-6.897579,2024-08-16,6
118907,4,109.407129,-6.89757,2024-08-16,6
118913,4,109.40714,-6.89744,2024-08-16,6
118923,4,109.407265,-6.897402,2024-08-16,6
118925,4,109.407198,-6.897239,2024-08-16,6
118938,4,109.407322,-6.897084,2024-08-16,6
118940,4,109.407213,-6.89707,2024-08-16,6
118960,4,109.407336,-6.89691,2024-08-16,6
118962,4,109.407227,-6.896898,2024-08-16,6
118979,4,109.407349,-6.896746,2024-08-16,6
118981,4,109.407241,-6.896727,2024-08-16,6
118997,4,109.407352,-6.896573,2024-08-16,6
118999,4,109.407243,-6.896562,2024-08-16,6
119009,4,109.407363,-6.896403,2024-08-16,6
119010,4,109.407253,-6.896393,2024-08-16,6
119011,4,109.406987,-6.896323,2024-08-16,6
119012,4,109.406829,-6.896307,2024-08-16,6
119013,4,109.406678,-6.896293,2024-08-16,6
119014,4,109.406508,-6.896276,2024-08-16,6
119019,4,109.406304,-6.896256,2024-08-16,6
119021,4,109.407374,-6.896227,2024-08-16,6
119022,4,109.407261,-6.89622,2024-08-16,6
119023,4,109.406999,-6.89616,2024-08-16,6
119024,4,109.406841,-6.896144,2024-08-16,6
119025,4,109.406692,-6.89613,2024-08-16,6
119026,4,109.406522,-6.896112,2024-08-16,6
119030,4,109.406315,-6.896092,2024-08-16,6
119032,4,109.407385,-6.896061,2024-08-16,6
119033,4,109.407271,-6.89605,2024-08-16,6
119034,4,109.407011,-6.895995,2024-08-16,6
119036,4,109.406852,-6.89598,2024-08-16,6
119038,4,109.406703,-6.895965,2024-08-16,6
119039,4,109.406534,-6.895949,2024-08-16,6
119045,4,109.406326,-6.895928,2024-08-16,6
119046,4,109.407023,-6.895826,2024-08-16,6
119047,4,109.406863,-6.895811,2024-08-16,6
119049,4,109.406713,-6.895798,2024-08-16,6
119053,4,109.406544,-6.895783,2024-08-16,6
119057,4,109.406336,-6.895765,2024-08-16,6
119068,4,109.407034,-6.895654,2024-08-16,6
119069,4,109.406875,-6.895642,2024-08-16,6
119071,4,109.406724,-6.895629,2024-08-16,6
119075,4,109.406549,-6.895616,2024-08-16,6
119080,4,109.40634,-6.895599,2024-08-16,6
119085,4,109.406965,-6.895486,2024-08-16,6
119086,4,109.406736,-6.895468,2024-08-16,6
119089,4,109.406561,-6.895454,2024-08-16,6
119095,4,109.406352,-6.895437,2024-08-16,6
119796,4,109.429086,-6.895031,2024-08-28,3
119798,4,109.052806,-6.994267,2024-08-28,3
119828,4,109.411086,-7.444706,2024-08-28,3
119927,4,109.052995,-6.994384,2024-08-28,3
119931,4,109.052997,-6.993932,2024-08-28,3
119936,4,109.052999,-6.99348,2024-08-28,3
120071,4,109.429155,-6.895835,2024-08-28,3
120074,4,109.428704,-6.895381,2024-08-28,3
120077,4,109.428705,-6.894929,2024-08-28,3
120080,4,109.428707,-6.894477,2024-08-28,3
120099,4,109.380995,-6.873553,2024-08-28,3
120100,4,109.381448,-6.873555,2024-08-28,3
120101,4,109.3819,-6.873556,2024-08-28,3
120855,4,109.052953,-6.994673,2024-08-28,3
120856,4,109.05276,-6.994662,2024-08-28,3
120870,4,109.053009,-6.994484,2024-08-28,3
120871,4,109.052909,-6.994479,2024-08-28,3
120872,4,109.052772,-6.99447,2024-08-28,3
120883,4,109.052976,-6.994258,2024-08-28,3
120884,4,109.052789,-6.994246,2024-08-28,3
120891,4,109.052989,-6.994047,2024-08-28,3
120892,4,109.052803,-6.994036,2024-08-28,3
120907,4,109.052964,-6.993815,2024-08-28,3
120908,4,109.052818,-6.993807,2024-08-28,3
120913,4,109.053022,-6.993582,2024-08-28,3
120914,4,109.052834,-6.993571,2024-08-28,3
120920,4,109.052845,-6.993403,2024-08-28,3
120937,4,109.093542,-6.971421,2024-08-28,3
120950,4,109.093559,-6.971236,2024-08-28,3
120963,4,109.093577,-6.971021,2024-08-28,3
120976,4,109.093598,-6.970797,2024-08-28,3
121464,4,109.428911,-6.895767,2024-08-28,3
121465,4,109.429095,-6.89576,2024-08-28,3
121481,4,109.428486,-6.895606,2024-08-28,3
121483,4,109.428551,-6.895601,2024-08-28,3
121484,4,109.428646,-6.895597,2024-08-28,3
121486,4,109.428752,-6.895592,2024-08-28,3
121487,4,109.428856,-6.895587,2024-08-28,3
121497,4,109.428484,-6.895441,2024-08-28,3
121499,4,109.428547,-6.895435,2024-08-28,3
121501,4,109.428645,-6.895431,2024-08-28,3
121502,4,109.42875,-6.895426,2024-08-28,3
121504,4,109.428861,-6.895421,2024-08-28,3
121512,4,109.428501,-6.895236,2024-08-28,3
121513,4,109.428619,-6.89523,2024-08-28,3
121514,4,109.428748,-6.895227,2024-08-28,3
121515,4,109.42885,-6.895222,2024-08-28,3
121516,4,109.428976,-6.895218,2024-08-28,3
121517,4,109.429123,-6.895211,2024-08-28,3
121528,4,109.4285,-6.895004,2024-08-28,3
121529,4,109.428618,-6.894999,2024-08-28,3
121530,4,109.428746,-6.894998,2024-08-28,3
121531,4,109.428839,-6.894995,2024-08-28,3
121532,4,109.428947,-6.894991,2024-08-28,3
121535,4,109.42852,-6.89482,2024-08-28,3
121536,4,109.428668,-6.894818,2024-08-28,3
121537,4,109.428837,-6.894815,2024-08-28,3
121538,4,109.428975,-6.894813,2024-08-28,3
121539,4,109.429126,-6.894812,2024-08-28,3
121548,4,109.428768,-6.894644,2024-08-28,3
121554,4,109.428526,-6.894502,2024-08-28,3
121555,4,109.428669,-6.894492,2024-08-28,3
121556,4,109.428834,-6.89448,2024-08-28,3
121557,4,109.428968,-6.894473,2024-08-28,3
121558,4,109.42853,-6.894401,2024-08-28,3
121560,4,109.428669,-6.894388,2024-08-28,3
121565,4,109.428836,-6.894374,2024-08-28,3
121566,4,109.428967,-6.894364,2024-08-28,3
121567,4,109.429132,-6.89435,2024-08-28,3
121677,4,109.382157,-6.873711,2024-08-28,3
121678,4,109.381111,-6.873649,2024-08-28,3
121679,4,109.382057,-6.873592,2024-08-28,3
121680,4,109.380852,-6.873628,2024-08-28,3
121681,4,109.381522,-6.873561,2024-08-28,3
121682,4,109.38108,-6.873531,2024-08-28,3
121687,4,109.382057,-6.873482,2024-08-28,3
121689,4,109.381531,-6.873449,2024-08-28,3
121693,4,109.381077,-6.873421,2024-08-28,3
121694,4,109.380853,-6.873438,2024-08-28,3
122122,4,109.381615,-6.873678,2024-08-28,3
122123,4,109.381884,-6.873694,2024-08-28,3
122130,4,109.053055,-6.993827,2024-08-28,3
76104,3,108.985611,-7.153611,2024-08-28,4
76105,3,109.295694,-7.426111,2024-08-28,4
76106,3,109.352639,-7.434611,2024-08-28,4
76109,3,109.413361,-7.426667,2024-08-28,4
76110,3,109.375167,-7.504139,2024-08-28,4
76111,3,109.209417,-7.650194,2024-08-28,4
76112,3,109.295528,-7.649722,2024-08-28,4
76113,3,109.153,-7.613889,2024-08-28,4
76115,3,109.449389,-7.595722,2024-08-28,4
76116,3,109.45025,-7.595639,2024-08-28,4
76579,3,109.48765,-7.716237,2024-08-28,4
76580,3,109.488103,-7.716238,2024-08-28,4
76581,3,109.488557,-7.71624,2024-08-28,4
76582,3,109.48901,-7.716241,2024-08-28,4
76585,3,109.488558,-7.715788,2024-08-28,4
76589,3,109.48856,-7.715336,2024-08-28,4
76590,3,109.489013,-7.715337,2024-08-28,4
76593,3,109.488562,-7.714883,2024-08-28,4
76594,3,109.489015,-7.714885,2024-08-28,4
76595,3,109.208281,-7.650512,2024-08-28,4
76596,3,109.208734,-7.650513,2024-08-28,4
76597,3,109.209188,-7.650515,2024-08-28,4
76598,3,109.209641,-7.650517,2024-08-28,4
76599,3,109.208283,-7.650059,2024-08-28,4
76600,3,109.208736,-7.650061,2024-08-28,4
76601,3,109.209189,-7.650063,2024-08-28,4
76602,3,109.209643,-7.650065,2024-08-28,4
76603,3,109.208285,-7.649607,2024-08-28,4
76604,3,109.208738,-7.649609,2024-08-28,4
76605,3,109.209644,-7.649613,2024-08-28,4
76620,3,109.151795,-7.614561,2024-08-28,4
76624,3,109.15225,-7.614111,2024-08-28,4
76625,3,109.152703,-7.614112,2024-08-28,4
76629,3,109.448652,-7.595832,2024-08-28,4
76630,3,109.449105,-7.595834,2024-08-28,4
76631,3,109.449559,-7.595835,2024-08-28,4
76632,3,109.450012,-7.595837,2024-08-28,4
76633,3,109.450465,-7.595838,2024-08-28,4
76634,3,109.448654,-7.59538,2024-08-28,4
76635,3,109.449107,-7.595381,2024-08-28,4
76636,3,109.44956,-7.595383,2024-08-28,4
76637,3,109.450013,-7.595385,2024-08-28,4
76638,3,109.450466,-7.595386,2024-08-28,4
76639,3,109.448656,-7.594928,2024-08-28,4
76640,3,109.449109,-7.594929,2024-08-28,4
76641,3,109.449562,-7.594931,2024-08-28,4
76642,3,109.450015,-7.594933,2024-08-28,4
76643,3,109.450468,-7.594934,2024-08-28,4
76644,3,109.448657,-7.594476,2024-08-28,4
76645,3,109.44911,-7.594477,2024-08-28,4
76646,3,109.374681,-7.504687,2024-08-28,4
76647,3,109.375134,-7.504689,2024-08-28,4
76648,3,109.375587,-7.504691,2024-08-28,4
76649,3,109.37423,-7.504233,2024-08-28,4
76650,3,109.374683,-7.504235,2024-08-28,4
76651,3,109.375136,-7.504237,2024-08-28,4
76652,3,109.375589,-7.504238,2024-08-28,4
76653,3,109.374685,-7.503783,2024-08-28,4
76654,3,109.375138,-7.503785,2024-08-28,4
76655,3,109.375591,-7.503786,2024-08-28,4
76656,3,109.374686,-7.503331,2024-08-28,4
76657,3,109.352288,-7.435884,2024-08-28,4
76658,3,109.352741,-7.435885,2024-08-28,4
76659,3,109.353194,-7.435887,2024-08-28,4
76660,3,109.353647,-7.435889,2024-08-28,4
76661,3,109.35229,-7.435431,2024-08-28,4
76662,3,109.352743,-7.435433,2024-08-28,4
76663,3,109.353196,-7.435435,2024-08-28,4
76664,3,109.351839,-7.434978,2024-08-28,4
76665,3,109.352292,-7.434979,2024-08-28,4
76666,3,109.352745,-7.434981,2024-08-28,4
76667,3,109.353198,-7.434983,2024-08-28,4
76668,3,109.352746,-7.434529,2024-08-28,4
76669,3,109.2948,-7.427076,2024-08-28,4
76670,3,109.295253,-7.427078,2024-08-28,4
76671,3,109.295706,-7.42708,2024-08-28,4
76672,3,109.294801,-7.426624,2024-08-28,4
76673,3,109.295254,-7.426626,2024-08-28,4
76674,3,109.295707,-7.426628,2024-08-28,4
76675,3,109.294803,-7.426172,2024-08-28,4
76676,3,109.295256,-7.426174,2024-08-28,4
76677,3,109.295709,-7.426176,2024-08-28,4
76680,3,109.412564,-7.426609,2024-08-28,4
76681,3,109.413017,-7.426611,2024-08-28,4
76682,3,109.41347,-7.426612,2024-08-28,4
76684,3,109.294805,-7.42572,2024-08-28,4
76685,3,109.295258,-7.425722,2024-08-28,4
76686,3,109.295711,-7.425724,2024-08-28,4
76689,3,109.413018,-7.426158,2024-08-28,4
76692,3,108.985799,-7.153666,2024-08-28,4
76693,3,108.986251,-7.153668,2024-08-28,4
76694,3,108.985348,-7.153212,2024-08-28,4
76695,3,108.985801,-7.153214,2024-08-28,4
76696,3,108.986253,-7.153216,2024-08-28,4
76697,3,108.985803,-7.152762,2024-08-28,4
76704,3,109.053049,-6.981275,2024-08-28,4
76731,3,108.937078,-6.913432,2024-08-28,4
76735,3,108.937532,-6.912982,2024-08-28,4
76736,3,108.937985,-6.912984,2024-08-28,4
79295,3,109.488097,-7.716453,2024-08-28,4
79297,3,109.488407,-7.716455,2024-08-28,4
79299,3,109.488317,-7.716353,2024-08-28,4
79300,3,109.489262,-7.716273,2024-08-28,4
79301,3,109.487706,-7.716263,2024-08-28,4
79302,3,109.48799,-7.716254,2024-08-28,4
79303,3,109.489176,-7.716232,2024-08-28,4
79304,3,109.489281,-7.716204,2024-08-28,4
79305,3,109.488319,-7.716229,2024-08-28,4
79306,3,109.488844,-7.716321,2024-08-28,4
79307,3,109.489278,-7.716139,2024-08-28,4
79308,3,109.489163,-7.716138,2024-08-28,4
79310,3,109.489273,-7.716068,2024-08-28,4
79311,3,109.487694,-7.716115,2024-08-28,4
79312,3,109.488744,-7.716054,2024-08-28,4
79313,3,109.489145,-7.716038,2024-08-28,4
79314,3,109.489266,-7.715997,2024-08-28,4
79315,3,109.488331,-7.716064,2024-08-28,4
79316,3,109.488656,-7.715982,2024-08-28,4
79317,3,109.487687,-7.715965,2024-08-28,4
79318,3,109.489262,-7.715923,2024-08-28,4
79320,3,109.48901,-7.715938,2024-08-28,4
79322,3,109.48926,-7.715849,2024-08-28,4
79325,3,109.48862,-7.715822,2024-08-28,4
79328,3,109.489257,-7.715744,2024-08-28,4
79330,3,109.488061,-7.715697,2024-08-28,4
79331,3,109.489255,-7.715602,2024-08-28,4
79332,3,109.488566,-7.715672,2024-08-28,4
79335,3,109.488976,-7.715587,2024-08-28,4
79337,3,109.489247,-7.715383,2024-08-28,4
79338,3,109.48888,-7.715424,2024-08-28,4
79340,3,109.488449,-7.715437,2024-08-28,4
79341,3,109.487579,-7.715381,2024-08-28,4
79344,3,109.488858,-7.715285,2024-08-28,4
79345,3,109.489235,-7.715231,2024-08-28,4
79346,3,109.487941,-7.7153,2024-08-28,4
79348,3,109.488219,-7.715111,2024-08-28,4
79354,3,109.488849,-7.714878,2024-08-28,4
79359,3,109.488376,-7.714977,2024-08-28,4
79360,3,109.488566,-7.714856,2024-08-28,4
79361,3,109.488819,-7.714746,2024-08-28,4
79362,3,109.489087,-7.714764,2024-08-28,4
79363,3,109.209315,-7.650687,2024-08-28,4
79364,3,109.209393,-7.650685,2024-08-28,4
79365,3,109.209495,-7.650683,2024-08-28,4
79366,3,109.209614,-7.65068,2024-08-28,4
79367,3,109.20971,-7.650677,2024-08-28,4
79368,3,109.209794,-7.650675,2024-08-28,4
79369,3,109.209882,-7.650673,2024-08-28,4
79370,3,109.209943,-7.650671,2024-08-28,4
79371,3,109.20828,-7.650692,2024-08-28,4
79372,3,109.20834,-7.650689,2024-08-28,4
79373,3,109.208985,-7.650617,2024-08-28,4
79374,3,109.209046,-7.650616,2024-08-28,4
79375,3,109.208485,-7.650599,2024-08-28,4
79376,3,109.208407,-7.650599,2024-08-28,4
79377,3,109.208579,-7.650596,2024-08-28,4
79378,3,109.208335,-7.65055,2024-08-28,4
79379,3,109.208666,-7.650591,2024-08-28,4
79380,3,109.208749,-7.650532,2024-08-28,4
79381,3,109.20887,-7.650584,2024-08-28,4
79382,3,109.208275,-7.650539,2024-08-28,4
79383,3,109.209197,-7.650572,2024-08-28,4
79384,3,109.209139,-7.650572,2024-08-28,4
79385,3,109.20931,-7.650543,2024-08-28,4
79386,3,109.209388,-7.650541,2024-08-28,4
79387,3,109.20949,-7.650539,2024-08-28,4
79388,3,109.209608,-7.650536,2024-08-28,4
79389,3,109.209704,-7.650533,2024-08-28,4
79390,3,109.209788,-7.650533,2024-08-28,4
79391,3,109.209875,-7.650529,2024-08-28,4
79392,3,109.20994,-7.650524,2024-08-28,4
79393,3,109.209481,-7.650322,2024-08-28,4
79394,3,109.208268,-7.650289,2024-08-28,4
79395,3,109.208327,-7.650299,2024-08-28,4
79396,3,109.208396,-7.650297,2024-08-28,4
79397,3,109.208478,-7.650294,2024-08-28,4
79398,3,109.208575,-7.65029,2024-08-28,4
79399,3,109.208663,-7.650284,2024-08-28,4
79400,3,109.208745,-7.650279,2024-08-28,4
79401,3,109.208862,-7.650276,2024-08-28,4
79402,3,109.208974,-7.650307,2024-08-28,4
79403,3,109.209034,-7.650307,2024-08-28,4
79404,3,109.209078,-7.650399,2024-08-28,4
79405,3,109.209128,-7.65026,2024-08-28,4
79406,3,109.209186,-7.650259,2024-08-28,4
79407,3,109.2093,-7.650249,2024-08-28,4
79408,3,109.209377,-7.650245,2024-08-28,4
79409,3,109.209475,-7.650148,2024-08-28,4
79410,3,109.209597,-7.650238,2024-08-28,4
79411,3,109.209692,-7.650229,2024-08-28,4
79412,3,109.209774,-7.650226,2024-08-28,4
79413,3,109.20986,-7.650217,2024-08-28,4
79414,3,109.209933,-7.650208,2024-08-28,4
79415,3,109.208599,-7.650012,2024-08-28,4
79416,3,109.20874,-7.650004,2024-08-28,4
79417,3,109.209163,-7.649942,2024-08-28,4
79418,3,109.209373,-7.649927,2024-08-28,4
79419,3,109.209485,-7.649926,2024-08-28,4
79420,3,109.209635,-7.649919,2024-08-28,4
79421,3,109.209742,-7.649913,2024-08-28,4
79422,3,109.209789,-7.649915,2024-08-28,4
79423,3,109.209835,-7.649905,2024-08-28,4
79424,3,109.208415,-7.649944,2024-08-28,4
79425,3,109.20883,-7.649927,2024-08-28,4
79426,3,109.208958,-7.649922,2024-08-28,4
79427,3,109.208282,-7.649937,2024-08-28,4
79428,3,109.209914,-7.649881,2024-08-28,4
79429,3,109.209272,-7.649781,2024-08-28,4
79430,3,109.208595,-7.649793,2024-08-28,4
79431,3,109.209081,-7.649868,2024-08-28,4
79432,3,109.208283,-7.649667,2024-08-28,4
79433,3,109.209155,-7.649692,2024-08-28,4
79434,3,109.208421,-7.649668,2024-08-28,4
79435,3,109.20979,-7.649679,2024-08-28,4
79436,3,109.208597,-7.649624,2024-08-28,4
79437,3,109.208735,-7.64973,2024-08-28,4
79438,3,109.208823,-7.649651,2024-08-28,4
79439,3,109.208949,-7.649646,2024-08-28,4
79440,3,109.20907,-7.649592,2024-08-28,4
79441,3,109.209151,-7.649561,2024-08-28,4
79442,3,109.209333,-7.649641,2024-08-28,4
79443,3,109.209482,-7.649654,2024-08-28,4
79444,3,109.209373,-7.649525,2024-08-28,4
79445,3,109.209636,-7.649653,2024-08-28,4
79446,3,109.209492,-7.649522,2024-08-28,4
79447,3,109.209915,-7.649623,2024-08-28,4
79448,3,109.209643,-7.649517,2024-08-28,4
79449,3,109.209793,-7.649539,2024-08-28,4
79450,3,109.209917,-7.649504,2024-08-28,4
79519,3,109.15273,-7.61496,2024-08-28,4
79521,3,109.151966,-7.614948,2024-08-28,4
79524,3,109.151675,-7.614732,2024-08-28,4
79525,3,109.152715,-7.614792,2024-08-28,4
79529,3,109.151954,-7.614691,2024-08-28,4
79530,3,109.151666,-7.61458,2024-08-28,4
79535,3,109.151655,-7.614404,2024-08-28,4
79538,3,109.151938,-7.614323,2024-08-28,4
79539,3,109.152216,-7.614225,2024-08-28,4
79542,3,109.152723,-7.614265,2024-08-28,4
79544,3,109.15207,-7.61403,2024-08-28,4
79545,3,109.152479,-7.614026,2024-08-28,4
79546,3,109.152747,-7.614019,2024-08-28,4
79549,3,109.152426,-7.61382,2024-08-28,4
79550,3,109.152732,-7.613814,2024-08-28,4
79555,3,109.15162,-7.613448,2024-08-28,4
79556,3,109.151981,-7.613446,2024-08-28,4
79557,3,109.152343,-7.613444,2024-08-28,4
79558,3,109.152654,-7.613442,2024-08-28,4
79559,3,109.151893,-7.613343,2024-08-28,4
79560,3,109.152333,-7.613334,2024-08-28,4
79561,3,109.152654,-7.613328,2024-08-28,4
79562,3,109.449044,-7.595973,2024-08-28,4
79563,3,109.450091,-7.595984,2024-08-28,4
79564,3,109.450427,-7.595949,2024-08-28,4
79565,3,109.449018,-7.595938,2024-08-28,4
79566,3,109.449141,-7.595946,2024-08-28,4
79567,3,109.450004,-7.595965,2024-08-28,4
79568,3,109.450327,-7.595949,2024-08-28,4
79569,3,109.450136,-7.595908,2024-08-28,4
79570,3,109.450175,-7.59594,2024-08-28,4
79571,3,109.450236,-7.595939,2024-08-28,4
79572,3,109.449021,-7.595877,2024-08-28,4
79573,3,109.448649,-7.595892,2024-08-28,4
79574,3,109.448519,-7.595919,2024-08-28,4
79575,3,109.449278,-7.595859,2024-08-28,4
79576,3,109.450113,-7.595818,2024-08-28,4
79577,3,109.448921,-7.595837,2024-08-28,4
79578,3,109.449894,-7.595872,2024-08-28,4
79579,3,109.449178,-7.595904,2024-08-28,4
79580,3,109.449586,-7.59593,2024-08-28,4
79581,3,109.449273,-7.595788,2024-08-28,4
79582,3,109.448925,-7.595766,2024-08-28,4
79583,3,109.44913,-7.595792,2024-08-28,4
79584,3,109.449272,-7.595727,2024-08-28,4
79585,3,109.448738,-7.595764,2024-08-28,4
79586,3,109.448777,-7.59586,2024-08-28,4
79587,3,109.448454,-7.59573,2024-08-28,4
79588,3,109.448526,-7.595733,2024-08-28,4
79589,3,109.449277,-7.595678,2024-08-28,4
79590,3,109.44959,-7.595826,2024-08-28,4
79591,3,109.449074,-7.595687,2024-08-28,4
79592,3,109.449963,-7.595739,2024-08-28,4
79593,3,109.448922,-7.595662,2024-08-28,4
79594,3,109.449982,-7.595651,2024-08-28,4
79595,3,109.449063,-7.595634,2024-08-28,4
79596,3,109.449591,-7.595739,2024-08-28,4
79597,3,109.449269,-7.595638,2024-08-28,4
79598,3,109.450141,-7.595608,2024-08-28,4
79599,3,109.44874,-7.595672,2024-08-28,4
79600,3,109.450002,-7.595631,2024-08-28,4
79601,3,109.44867,-7.595554,2024-08-28,4
79602,3,109.44892,-7.5956,2024-08-28,4
79603,3,109.448575,-7.595593,2024-08-28,4
79604,3,109.44848,-7.595601,2024-08-28,4
79605,3,109.450558,-7.59572,2024-08-28,4
79606,3,109.449595,-7.595654,2024-08-28,4
79607,3,109.450536,-7.595588,2024-08-28,4
79608,3,109.449054,-7.59557,2024-08-28,4
79609,3,109.448365,-7.595649,2024-08-28,4
79610,3,109.450554,-7.595566,2024-08-28,4
79611,3,109.448816,-7.595611,2024-08-28,4
79612,3,109.450561,-7.595519,2024-08-28,4
79613,3,109.450029,-7.595584,2024-08-28,4
79614,3,109.449611,-7.595543,2024-08-28,4
79615,3,109.450272,-7.595471,2024-08-28,4
79616,3,109.448807,-7.595479,2024-08-28,4
79617,3,109.450229,-7.595552,2024-08-28,4
79618,3,109.450577,-7.595465,2024-08-28,4
79619,3,109.449965,-7.595477,2024-08-28,4
79620,3,109.449562,-7.595468,2024-08-28,4
79621,3,109.448642,-7.595469,2024-08-28,4
79622,3,109.448456,-7.595463,2024-08-28,4
79623,3,109.450223,-7.59538,2024-08-28,4
79624,3,109.448671,-7.595389,2024-08-28,4
79625,3,109.449563,-7.595366,2024-08-28,4
79626,3,109.449182,-7.595513,2024-08-28,4
79627,3,109.448853,-7.595404,2024-08-28,4
79628,3,109.449576,-7.595251,2024-08-28,4
79629,3,109.449968,-7.595375,2024-08-28,4
79630,3,109.448866,-7.595313,2024-08-28,4
79631,3,109.449985,-7.595268,2024-08-28,4
79632,3,109.450046,-7.595246,2024-08-28,4
79633,3,109.450115,-7.59524,2024-08-28,4
79634,3,109.44918,-7.595359,2024-08-28,4
79635,3,109.450273,-7.595344,2024-08-28,4
79636,3,109.450301,-7.595305,2024-08-28,4
79637,3,109.450337,-7.595302,2024-08-28,4
79638,3,109.450371,-7.595286,2024-08-28,4
79639,3,109.450419,-7.595265,2024-08-28,4
79640,3,109.450483,-7.595264,2024-08-28,4
79641,3,109.4483,-7.595265,2024-08-28,4
79642,3,109.450525,-7.595211,2024-08-28,4
79643,3,109.44837,-7.595319,2024-08-28,4
79644,3,109.449861,-7.595118,2024-08-28,4
79645,3,109.449184,-7.595233,2024-08-28,4
79646,3,109.449596,-7.595124,2024-08-28,4
79647,3,109.448642,-7.595081,2024-08-28,4
79648,3,109.450321,-7.595052,2024-08-28,4
79649,3,109.449217,-7.595097,2024-08-28,4
79650,3,109.448916,-7.595048,2024-08-28,4
79651,3,109.448869,-7.595118,2024-08-28,4
79652,3,109.448848,-7.595207,2024-08-28,4
79653,3,109.449605,-7.595025,2024-08-28,4
79654,3,109.448548,-7.59511,2024-08-28,4
79655,3,109.448687,-7.595082,2024-08-28,4
79656,3,109.448661,-7.595264,2024-08-28,4
79657,3,109.448526,-7.595255,2024-08-28,4
79658,3,109.450112,-7.595038,2024-08-28,4
79659,3,109.45015,-7.595043,2024-08-28,4
79660,3,109.449905,-7.59505,2024-08-28,4
79661,3,109.448526,-7.595471,2024-08-28,4
79662,3,109.4502,-7.595071,2024-08-28,4
79663,3,109.450066,-7.595033,2024-08-28,4
79664,3,109.45025,-7.595045,2024-08-28,4
79665,3,109.449996,-7.595039,2024-08-28,4
79666,3,109.448394,-7.595054,2024-08-28,4
79667,3,109.448314,-7.595002,2024-08-28,4
79668,3,109.448295,-7.594996,2024-08-28,4
79669,3,109.449204,-7.594989,2024-08-28,4
79670,3,109.449003,-7.594983,2024-08-28,4
79671,3,109.449602,-7.594934,2024-08-28,4
79672,3,109.449186,-7.594916,2024-08-28,4
79673,3,109.448767,-7.594898,2024-08-28,4
79674,3,109.448469,-7.594896,2024-08-28,4
79675,3,109.449085,-7.594796,2024-08-28,4
79676,3,109.449287,-7.594769,2024-08-28,4
79677,3,109.448868,-7.594894,2024-08-28,4
79678,3,109.449607,-7.594794,2024-08-28,4
79679,3,109.450597,-7.594877,2024-08-28,4
79680,3,109.448916,-7.594727,2024-08-28,4
79681,3,109.448876,-7.594779,2024-08-28,4
79682,3,109.448491,-7.594841,2024-08-28,4
79683,3,109.448682,-7.594779,2024-08-28,4
79684,3,109.448642,-7.594835,2024-08-28,4
79685,3,109.448581,-7.594828,2024-08-28,4
79686,3,109.448311,-7.59481,2024-08-28,4
79687,3,109.448528,-7.594813,2024-08-28,4
79688,3,109.448427,-7.594676,2024-08-28,4
79689,3,109.448403,-7.594744,2024-08-28,4
79690,3,109.44838,-7.594852,2024-08-28,4
79691,3,109.449182,-7.594686,2024-08-28,4
79692,3,109.450543,-7.594888,2024-08-28,4
79693,3,109.448347,-7.594628,2024-08-28,4
79694,3,109.448859,-7.59465,2024-08-28,4
79695,3,109.448373,-7.594616,2024-08-28,4
79696,3,109.450476,-7.594806,2024-08-28,4
79697,3,109.448505,-7.594615,2024-08-28,4
79698,3,109.450396,-7.594834,2024-08-28,4
79699,3,109.450329,-7.594686,2024-08-28,4
79700,3,109.45027,-7.594752,2024-08-28,4
79701,3,109.450188,-7.594728,2024-08-28,4
79702,3,109.450107,-7.594716,2024-08-28,4
79703,3,109.450061,-7.594702,2024-08-28,4
79704,3,109.449967,-7.594715,2024-08-28,4
79705,3,109.449865,-7.594705,2024-08-28,4
79706,3,109.448442,-7.594596,2024-08-28,4
79707,3,109.449667,-7.594594,2024-08-28,4
79708,3,109.449481,-7.594595,2024-08-28,4
79709,3,109.448532,-7.59457,2024-08-28,4
79710,3,109.44921,-7.594555,2024-08-28,4
79711,3,109.448905,-7.594538,2024-08-28,4
79712,3,109.448595,-7.594603,2024-08-28,4
79713,3,109.44875,-7.594505,2024-08-28,4
79714,3,109.448678,-7.594566,2024-08-28,4
79715,3,109.448709,-7.594694,2024-08-28,4
79716,3,109.375327,-7.505047,2024-08-28,4
79717,3,109.375389,-7.505055,2024-08-28,4
79718,3,109.375076,-7.504923,2024-08-28,4
79719,3,109.375244,-7.504951,2024-08-28,4
79720,3,109.375403,-7.50495,2024-08-28,4
79721,3,109.37549,-7.504896,2024-08-28,4
79722,3,109.375106,-7.504791,2024-08-28,4
79723,3,109.375351,-7.504766,2024-08-28,4
79724,3,109.375532,-7.504739,2024-08-28,4
79725,3,109.374899,-7.50477,2024-08-28,4
79726,3,109.374465,-7.504643,2024-08-28,4
79727,3,109.375545,-7.504671,2024-08-28,4
79728,3,109.374539,-7.504648,2024-08-28,4
79729,3,109.37461,-7.504679,2024-08-28,4
79730,3,109.375335,-7.504664,2024-08-28,4
79731,3,109.375096,-7.50468,2024-08-28,4
79732,3,109.375559,-7.504607,2024-08-28,4
79733,3,109.375571,-7.504543,2024-08-28,4
79734,3,109.375316,-7.504545,2024-08-28,4
79735,3,109.374245,-7.504519,2024-08-28,4
79736,3,109.375583,-7.504477,2024-08-28,4
79737,3,109.375308,-7.504464,2024-08-28,4
79738,3,109.375075,-7.504539,2024-08-28,4
79739,3,109.374212,-7.504438,2024-08-28,4
79740,3,109.375603,-7.504412,2024-08-28,4
79741,3,109.37416,-7.504452,2024-08-28,4
79742,3,109.37531,-7.504397,2024-08-28,4
79743,3,109.375607,-7.504349,2024-08-28,4
79744,3,109.375321,-7.504315,2024-08-28,4
79745,3,109.375115,-7.504271,2024-08-28,4
79746,3,109.375628,-7.504283,2024-08-28,4
79747,3,109.375283,-7.504252,2024-08-28,4
79748,3,109.375124,-7.504202,2024-08-28,4
79749,3,109.375626,-7.504216,2024-08-28,4
79750,3,109.375272,-7.50419,2024-08-28,4
79751,3,109.375866,-7.504179,2024-08-28,4
79752,3,109.374228,-7.504286,2024-08-28,4
79753,3,109.375617,-7.504154,2024-08-28,4
79754,3,109.375051,-7.504403,2024-08-28,4
79755,3,109.375035,-7.504238,2024-08-28,4
79756,3,109.375083,-7.504118,2024-08-28,4
79757,3,109.375261,-7.504112,2024-08-28,4
79758,3,109.375881,-7.504103,2024-08-28,4
79759,3,109.3743,-7.504369,2024-08-28,4
79760,3,109.375537,-7.504089,2024-08-28,4
79761,3,109.37576,-7.504067,2024-08-28,4
79762,3,109.374383,-7.504312,2024-08-28,4
79763,3,109.375159,-7.504034,2024-08-28,4
79764,3,109.375897,-7.50401,2024-08-28,4
79765,3,109.375574,-7.503994,2024-08-28,4
79766,3,109.374355,-7.503971,2024-08-28,4
79767,3,109.375477,-7.503931,2024-08-28,4
79768,3,109.375714,-7.503922,2024-08-28,4
79769,3,109.37586,-7.503933,2024-08-28,4
79770,3,109.375268,-7.503977,2024-08-28,4
79771,3,109.375144,-7.50393,2024-08-28,4
79772,3,109.375092,-7.50397,2024-08-28,4
79773,3,109.37503,-7.503962,2024-08-28,4
79774,3,109.374967,-7.503972,2024-08-28,4
79775,3,109.374909,-7.503963,2024-08-28,4
79776,3,109.374387,-7.50395,2024-08-28,4
79777,3,109.374866,-7.504118,2024-08-28,4
79778,3,109.374776,-7.504128,2024-08-28,4
79779,3,109.374742,-7.504387,2024-08-28,4
79780,3,109.374628,-7.504333,2024-08-28,4
79781,3,109.374483,-7.504208,2024-08-28,4
79782,3,109.375908,-7.503821,2024-08-28,4
79783,3,109.375409,-7.503816,2024-08-28,4
79784,3,109.375762,-7.503737,2024-08-28,4
79785,3,109.375656,-7.503807,2024-08-28,4
79786,3,109.375708,-7.503708,2024-08-28,4
79787,3,109.375517,-7.503764,2024-08-28,4
79788,3,109.374502,-7.503704,2024-08-28,4
79789,3,109.37516,-7.50375,2024-08-28,4
79790,3,109.374731,-7.503675,2024-08-28,4
79791,3,109.375269,-7.50371,2024-08-28,4
79792,3,109.375386,-7.503645,2024-08-28,4
79793,3,109.375246,-7.503515,2024-08-28,4
79794,3,109.375101,-7.503623,2024-08-28,4
79795,3,109.37499,-7.503606,2024-08-28,4
79796,3,109.37488,-7.503589,2024-08-28,4
79797,3,109.374821,-7.503452,2024-08-28,4
79798,3,109.374673,-7.503531,2024-08-28,4
79799,3,109.374631,-7.503428,2024-08-28,4
79800,3,109.35245,-7.436383,2024-08-28,4
79801,3,109.352454,-7.436327,2024-08-28,4
79802,3,109.352437,-7.436269,2024-08-28,4
79803,3,109.352789,-7.436253,2024-08-28,4
79804,3,109.352861,-7.436226,2024-08-28,4
79805,3,109.352573,-7.436268,2024-08-28,4
79806,3,109.353041,-7.436154,2024-08-28,4
79807,3,109.352952,-7.43617,2024-08-28,4
79808,3,109.352863,-7.436176,2024-08-28,4
79809,3,109.352786,-7.436185,2024-08-28,4
79810,3,109.352659,-7.436218,2024-08-28,4
79811,3,109.352415,-7.436177,2024-08-28,4
79812,3,109.352275,-7.436132,2024-08-28,4
79813,3,109.352829,-7.436113,2024-08-28,4
79814,3,109.352635,-7.43612,2024-08-28,4
79815,3,109.352596,-7.436015,2024-08-28,4
79816,3,109.352336,-7.436007,2024-08-28,4
79817,3,109.3522,-7.435956,2024-08-28,4
79818,3,109.352819,-7.436008,2024-08-28,4
79819,3,109.352979,-7.436022,2024-08-28,4
79820,3,109.353164,-7.436005,2024-08-28,4
79821,3,109.353379,-7.435934,2024-08-28,4
79822,3,109.353602,-7.435875,2024-08-28,4
79823,3,109.353768,-7.435827,2024-08-28,4
79824,3,109.353225,-7.435853,2024-08-28,4
79825,3,109.352204,-7.435836,2024-08-28,4
79826,3,109.352383,-7.43584,2024-08-28,4
79827,3,109.352568,-7.43584,2024-08-28,4
79828,3,109.352838,-7.435837,2024-08-28,4
79829,3,109.353552,-7.435808,2024-08-28,4
79830,3,109.353747,-7.435781,2024-08-28,4
79831,3,109.353155,-7.435751,2024-08-28,4
79832,3,109.35214,-7.435693,2024-08-28,4
79833,3,109.352352,-7.435696,2024-08-28,4
79834,3,109.352596,-7.435693,2024-08-28,4
79835,3,109.353457,-7.435712,2024-08-28,4
79836,3,109.35286,-7.435691,2024-08-28,4
79837,3,109.353184,-7.435637,2024-08-28,4
79838,3,109.35199,-7.435548,2024-08-28,4
79839,3,109.35212,-7.435583,2024-08-28,4
79840,3,109.352357,-7.435581,2024-08-28,4
79841,3,109.352595,-7.435577,2024-08-28,4
79842,3,109.352854,-7.435574,2024-08-28,4
79843,3,109.353674,-7.435646,2024-08-28,4
79844,3,109.351974,-7.435484,2024-08-28,4
79845,3,109.353133,-7.435536,2024-08-28,4
79846,3,109.35211,-7.435493,2024-08-28,4
79847,3,109.352354,-7.435489,2024-08-28,4
79848,3,109.352594,-7.435485,2024-08-28,4
79849,3,109.352849,-7.435481,2024-08-28,4
79850,3,109.353432,-7.435536,2024-08-28,4
79851,3,109.35195,-7.435406,2024-08-28,4
79852,3,109.352103,-7.435408,2024-08-28,4
79853,3,109.352322,-7.435406,2024-08-28,4
79854,3,109.35259,-7.435403,2024-08-28,4
79855,3,109.352871,-7.435398,2024-08-28,4
79856,3,109.353115,-7.435403,2024-08-28,4
79857,3,109.351934,-7.435337,2024-08-28,4
79858,3,109.352103,-7.435335,2024-08-28,4
79859,3,109.352367,-7.435328,2024-08-28,4
79860,3,109.353409,-7.435367,2024-08-28,4
79861,3,109.353609,-7.435438,2024-08-28,4
79862,3,109.352633,-7.435321,2024-08-28,4
79863,3,109.352867,-7.435314,2024-08-28,4
79864,3,109.353097,-7.435301,2024-08-28,4
79865,3,109.353378,-7.435277,2024-08-28,4
79866,3,109.352185,-7.43527,2024-08-28,4
79867,3,109.35204,-7.435271,2024-08-28,4
79868,3,109.351916,-7.43525,2024-08-28,4
79869,3,109.352039,-7.435217,2024-08-28,4
79870,3,109.352182,-7.435218,2024-08-28,4
79871,3,109.35239,-7.435235,2024-08-28,4
79872,3,109.352638,-7.435226,2024-08-28,4
79873,3,109.352926,-7.435215,2024-08-28,4
79874,3,109.353224,-7.435203,2024-08-28,4
79875,3,109.353441,-7.435197,2024-08-28,4
79876,3,109.3518,-7.435128,2024-08-28,4
79877,3,109.351925,-7.435149,2024-08-28,4
79878,3,109.35214,-7.435142,2024-08-28,4
79879,3,109.352365,-7.435135,2024-08-28,4
79880,3,109.352617,-7.435126,2024-08-28,4
79881,3,109.352882,-7.435116,2024-08-28,4
79882,3,109.353148,-7.435107,2024-08-28,4
79883,3,109.353375,-7.4351,2024-08-28,4
79884,3,109.351782,-7.435055,2024-08-28,4
79885,3,109.351921,-7.435056,2024-08-28,4
79886,3,109.352135,-7.43505,2024-08-28,4
79887,3,109.352359,-7.435043,2024-08-28,4
79888,3,109.352612,-7.435034,2024-08-28,4
79889,3,109.352878,-7.435025,2024-08-28,4
79890,3,109.353143,-7.435017,2024-08-28,4
79891,3,109.353351,-7.435012,2024-08-28,4
79892,3,109.351756,-7.434954,2024-08-28,4
79893,3,109.351919,-7.434954,2024-08-28,4
79894,3,109.352131,-7.434948,2024-08-28,4
79895,3,109.352352,-7.434941,2024-08-28,4
79896,3,109.352605,-7.434933,2024-08-28,4
79897,3,109.352872,-7.434925,2024-08-28,4
79898,3,109.353137,-7.434917,2024-08-28,4
79899,3,109.353324,-7.434915,2024-08-28,4
79900,3,109.351949,-7.434835,2024-08-28,4
79901,3,109.352346,-7.434823,2024-08-28,4
79902,3,109.352599,-7.434816,2024-08-28,4
79903,3,109.352888,-7.434809,2024-08-28,4
79904,3,109.353184,-7.434803,2024-08-28,4
79905,3,109.351983,-7.434725,2024-08-28,4
79906,3,109.352207,-7.434702,2024-08-28,4
79907,3,109.352421,-7.434697,2024-08-28,4
79908,3,109.352628,-7.434692,2024-08-28,4
79909,3,109.352083,-7.434635,2024-08-28,4
79910,3,109.352867,-7.434688,2024-08-28,4
79911,3,109.353134,-7.434684,2024-08-28,4
79912,3,109.35223,-7.434601,2024-08-28,4
79913,3,109.352417,-7.434587,2024-08-28,4
79914,3,109.352625,-7.434582,2024-08-28,4
79915,3,109.352863,-7.434578,2024-08-28,4
79916,3,109.353106,-7.434576,2024-08-28,4
79917,3,109.352418,-7.434509,2024-08-28,4
79918,3,109.352601,-7.434475,2024-08-28,4
79919,3,109.352836,-7.434469,2024-08-28,4
79920,3,109.353069,-7.434471,2024-08-28,4
79921,3,109.352652,-7.434387,2024-08-28,4
79922,3,109.352907,-7.434374,2024-08-28,4
79923,3,109.352809,-7.434319,2024-08-28,4
79924,3,109.352978,-7.434286,2024-08-28,4
79925,3,109.295259,-7.427132,2024-08-28,4
79926,3,109.29507,-7.427128,2024-08-28,4
79927,3,109.295743,-7.427117,2024-08-28,4
79928,3,109.295684,-7.427116,2024-08-28,4
79929,3,109.295569,-7.427112,2024-08-28,4
79930,3,109.295428,-7.427107,2024-08-28,4
79931,3,109.413762,-7.427054,2024-08-28,4
79932,3,109.295332,-7.427104,2024-08-28,4
79933,3,109.294828,-7.427104,2024-08-28,4
79934,3,109.294631,-7.427098,2024-08-28,4
79935,3,109.295111,-7.427049,2024-08-28,4
79936,3,109.413758,-7.427022,2024-08-28,4
79937,3,109.41385,-7.427021,2024-08-28,4
79938,3,109.413775,-7.42699,2024-08-28,4
79939,3,109.295794,-7.427041,2024-08-28,4
79940,3,109.413574,-7.426992,2024-08-28,4
79941,3,109.29563,-7.427001,2024-08-28,4
79942,3,109.295417,-7.426991,2024-08-28,4
79943,3,109.413446,-7.426966,2024-08-28,4
79944,3,109.295142,-7.426975,2024-08-28,4
79945,3,109.413804,-7.426958,2024-08-28,4
79946,3,109.413341,-7.426947,2024-08-28,4
79947,3,109.413269,-7.426937,2024-08-28,4
79948,3,109.413661,-7.42696,2024-08-28,4
79949,3,109.29579,-7.426928,2024-08-28,4
79950,3,109.29472,-7.426957,2024-08-28,4
79951,3,109.413198,-7.426923,2024-08-28,4
79953,3,109.413616,-7.426937,2024-08-28,4
79954,3,109.413128,-7.426912,2024-08-28,4
79955,3,109.295625,-7.426918,2024-08-28,4
79956,3,109.413605,-7.426897,2024-08-28,4
79957,3,109.413832,-7.426914,2024-08-28,4
79959,3,109.41306,-7.4269,2024-08-28,4
79960,3,109.295371,-7.426905,2024-08-28,4
79962,3,109.295142,-7.426894,2024-08-28,4
79963,3,109.413545,-7.426929,2024-08-28,4
79964,3,109.413863,-7.426867,2024-08-28,4
79965,3,109.413736,-7.426877,2024-08-28,4
79967,3,109.413672,-7.426861,2024-08-28,4
79968,3,109.413511,-7.42689,2024-08-28,4
79969,3,109.41364,-7.426847,2024-08-28,4
79970,3,109.413588,-7.426882,2024-08-28,4
79972,3,109.413401,-7.42687,2024-08-28,4
79975,3,109.413276,-7.42685,2024-08-28,4
79976,3,109.413886,-7.426822,2024-08-28,4
79977,3,109.295794,-7.426839,2024-08-28,4
79978,3,109.295365,-7.426831,2024-08-28,4
79979,3,109.295148,-7.426817,2024-08-28,4
79980,3,109.413798,-7.426818,2024-08-28,4
79981,3,109.413729,-7.426801,2024-08-28,4
79984,3,109.41368,-7.426786,2024-08-28,4
79985,3,109.413623,-7.426783,2024-08-28,4
79986,3,109.413571,-7.426797,2024-08-28,4
79988,3,109.295621,-7.426818,2024-08-28,4
79989,3,109.413747,-7.426751,2024-08-28,4
79991,3,109.294711,-7.426818,2024-08-28,4
79993,3,109.294958,-7.426824,2024-08-28,4
79994,3,109.295437,-7.426763,2024-08-28,4
79996,3,109.413437,-7.42677,2024-08-28,4
79997,3,109.295814,-7.426756,2024-08-28,4
79998,3,109.413863,-7.426752,2024-08-28,4
79999,3,109.413036,-7.426799,2024-08-28,4
80000,3,109.295327,-7.426747,2024-08-28,4
80003,3,109.295766,-7.426733,2024-08-28,4
80004,3,109.412937,-7.426797,2024-08-28,4
80005,3,109.413255,-7.426736,2024-08-28,4
80006,3,109.413839,-7.426698,2024-08-28,4
80008,3,109.295145,-7.426728,2024-08-28,4
80009,3,109.413771,-7.426703,2024-08-28,4
80010,3,109.413147,-7.426777,2024-08-28,4
80011,3,109.412827,-7.426771,2024-08-28,4
80013,3,109.413731,-7.426704,2024-08-28,4
80015,3,109.413693,-7.426692,2024-08-28,4
80017,3,109.295529,-7.426695,2024-08-28,4
80018,3,109.413644,-7.426689,2024-08-28,4
80021,3,109.413588,-7.426683,2024-08-28,4
80023,3,109.295015,-7.42665,2024-08-28,4
80024,3,109.294753,-7.42666,2024-08-28,4
80025,3,109.413449,-7.426657,2024-08-28,4
80026,3,109.41329,-7.426622,2024-08-28,4
80027,3,109.294747,-7.426564,2024-08-28,4
80029,3,109.413181,-7.426596,2024-08-28,4
80034,3,109.295166,-7.426611,2024-08-28,4
80038,3,109.413069,-7.426606,2024-08-28,4
80045,3,109.412974,-7.42659,2024-08-28,4
80052,3,109.412909,-7.426559,2024-08-28,4
80054,3,109.412826,-7.426549,2024-08-28,4
80056,3,109.412836,-7.426433,2024-08-28,4
80060,3,109.294905,-7.426488,2024-08-28,4
80065,3,109.294658,-7.426463,2024-08-28,4
80068,3,109.295412,-7.426552,2024-08-28,4
80072,3,109.412608,-7.426631,2024-08-28,4
80079,3,109.413307,-7.42645,2024-08-28,4
80083,3,109.413207,-7.426433,2024-08-28,4
80084,3,109.413087,-7.426404,2024-08-28,4
80085,3,109.295782,-7.426425,2024-08-28,4
80086,3,109.412991,-7.426396,2024-08-28,4
80087,3,109.412927,-7.42638,2024-08-28,4
80088,3,109.295679,-7.426405,2024-08-28,4
80093,3,109.294769,-7.426351,2024-08-28,4
80096,3,109.294562,-7.426311,2024-08-28,4
80097,3,109.412592,-7.426315,2024-08-28,4
80105,3,109.295551,-7.426336,2024-08-28,4
80119,3,109.295366,-7.42629,2024-08-28,4
80120,3,109.29502,-7.426234,2024-08-28,4
80123,3,109.295091,-7.426243,2024-08-28,4
80126,3,109.413303,-7.426253,2024-08-28,4
80127,3,109.294934,-7.426216,2024-08-28,4
80129,3,109.294847,-7.426192,2024-08-28,4
80133,3,109.413179,-7.426236,2024-08-28,4
80141,3,109.295745,-7.426219,2024-08-28,4
80145,3,109.294685,-7.426183,2024-08-28,4
80157,3,109.41311,-7.426201,2024-08-28,4
80158,3,109.413328,-7.42612,2024-08-28,4
80160,3,109.413202,-7.426107,2024-08-28,4
80161,3,109.413029,-7.426187,2024-08-28,4
80164,3,109.41308,-7.426066,2024-08-28,4
80166,3,109.295404,-7.426128,2024-08-28,4
80167,3,109.295214,-7.426185,2024-08-28,4
80168,3,109.295144,-7.426088,2024-08-28,4
80171,3,109.295072,-7.426086,2024-08-28,4
80173,3,109.29481,-7.42608,2024-08-28,4
80174,3,109.294981,-7.42607,2024-08-28,4
80179,3,109.295627,-7.426103,2024-08-28,4
80180,3,109.294653,-7.426052,2024-08-28,4
80181,3,109.295451,-7.426029,2024-08-28,4
80183,3,109.29577,-7.426048,2024-08-28,4
80184,3,109.294567,-7.426015,2024-08-28,4
80185,3,109.295813,-7.425956,2024-08-28,4
80187,3,109.295284,-7.425973,2024-08-28,4
80188,3,109.295617,-7.425969,2024-08-28,4
80189,3,109.29519,-7.425954,2024-08-28,4
80190,3,109.295122,-7.425948,2024-08-28,4
80191,3,109.295026,-7.425928,2024-08-28,4
80192,3,109.29492,-7.425931,2024-08-28,4
80193,3,109.294836,-7.425913,2024-08-28,4
80194,3,109.295491,-7.425905,2024-08-28,4
80195,3,109.294707,-7.425888,2024-08-28,4
80196,3,109.295695,-7.425902,2024-08-28,4
80197,3,109.295325,-7.425859,2024-08-28,4
80198,3,109.295229,-7.425842,2024-08-28,4
80199,3,109.294586,-7.425854,2024-08-28,4
80200,3,109.295163,-7.42583,2024-08-28,4
80201,3,109.295066,-7.425807,2024-08-28,4
80202,3,109.294965,-7.425786,2024-08-28,4
80203,3,109.294879,-7.425773,2024-08-28,4
80204,3,109.294744,-7.425756,2024-08-28,4
80205,3,109.295734,-7.425807,2024-08-28,4
80206,3,109.294601,-7.425734,2024-08-28,4
80207,3,109.295528,-7.425771,2024-08-28,4
80208,3,109.295269,-7.425727,2024-08-28,4
80209,3,109.295366,-7.425731,2024-08-28,4
80210,3,109.295205,-7.425711,2024-08-28,4
80211,3,109.295758,-7.425702,2024-08-28,4
80212,3,109.295579,-7.425688,2024-08-28,4
80213,3,109.2954,-7.425653,2024-08-28,4
80214,3,109.295297,-7.425654,2024-08-28,4
80215,3,109.295234,-7.425645,2024-08-28,4
80216,3,109.295109,-7.425689,2024-08-28,4
80217,3,109.294998,-7.425677,2024-08-28,4
80218,3,109.29491,-7.425672,2024-08-28,4
80219,3,109.294768,-7.425665,2024-08-28,4
80220,3,109.294614,-7.425657,2024-08-28,4
80221,3,108.986093,-7.154212,2024-08-28,4
80222,3,108.985667,-7.154029,2024-08-28,4
80223,3,108.986169,-7.154016,2024-08-28,4
80224,3,108.986255,-7.1539,2024-08-28,4
80225,3,108.985646,-7.153896,2024-08-28,4
80226,3,108.985971,-7.153966,2024-08-28,4
80227,3,108.986037,-7.153851,2024-08-28,4
80228,3,108.986063,-7.153791,2024-08-28,4
80229,3,108.985739,-7.153929,2024-08-28,4
80230,3,108.986353,-7.153765,2024-08-28,4
80231,3,108.98613,-7.153748,2024-08-28,4
80232,3,108.98643,-7.153634,2024-08-28,4
80233,3,108.985792,-7.153733,2024-08-28,4
80234,3,108.985574,-7.153795,2024-08-28,4
80235,3,108.985391,-7.153575,2024-08-28,4
80236,3,108.986458,-7.153569,2024-08-28,4
80237,3,108.986332,-7.153627,2024-08-28,4
80238,3,108.986047,-7.153633,2024-08-28,4
80239,3,108.98532,-7.153536,2024-08-28,4
80240,3,108.986484,-7.153507,2024-08-28,4
80241,3,108.985484,-7.153655,2024-08-28,4
80242,3,108.986153,-7.153666,2024-08-28,4
80243,3,108.985384,-7.153479,2024-08-28,4
80244,3,108.985893,-7.153534,2024-08-28,4
80245,3,108.986518,-7.153408,2024-08-28,4
80246,3,108.986298,-7.153532,2024-08-28,4
80247,3,108.986197,-7.153557,2024-08-28,4
80248,3,108.985704,-7.153414,2024-08-28,4
80249,3,108.98621,-7.153317,2024-08-28,4
80250,3,108.986278,-7.15339,2024-08-28,4
80251,3,108.986361,-7.15331,2024-08-28,4
80252,3,108.985913,-7.153342,2024-08-28,4
80253,3,108.985463,-7.153316,2024-08-28,4
80254,3,108.985877,-7.153176,2024-08-28,4
80255,3,108.98556,-7.153196,2024-08-28,4
80256,3,108.986051,-7.153227,2024-08-28,4
80257,3,108.985939,-7.153057,2024-08-28,4
80258,3,108.985612,-7.153138,2024-08-28,4
80259,3,108.985445,-7.153065,2024-08-28,4
80260,3,108.985661,-7.153087,2024-08-28,4
80261,3,108.986067,-7.153106,2024-08-28,4
80262,3,108.986207,-7.153162,2024-08-28,4
80263,3,108.986639,-7.153084,2024-08-28,4
80264,3,108.986353,-7.153046,2024-08-28,4
80265,3,108.986311,-7.152923,2024-08-28,4
80266,3,108.985702,-7.153033,2024-08-28,4
80267,3,108.985517,-7.152968,2024-08-28,4
80268,3,108.986457,-7.153182,2024-08-28,4
80269,3,108.98654,-7.153132,2024-08-28,4
80270,3,108.986326,-7.152865,2024-08-28,4
80271,3,108.986212,-7.152957,2024-08-28,4
80272,3,108.985752,-7.152949,2024-08-28,4
80273,3,108.985826,-7.152879,2024-08-28,4
80274,3,108.985641,-7.152781,2024-08-28,4
80275,3,108.986086,-7.152803,2024-08-28,4
80276,3,108.985701,-7.152742,2024-08-28,4
80277,3,108.985833,-7.15272,2024-08-28,4
80278,3,108.985961,-7.152841,2024-08-28,4
80279,3,108.985997,-7.15271,2024-08-28,4
80280,3,108.985713,-7.152659,2024-08-28,4
80281,3,108.985864,-7.15259,2024-08-28,4
80282,3,108.985774,-7.152632,2024-08-28,4
80283,3,108.985794,-7.15258,2024-08-28,4
80301,3,109.052719,-6.981945,2024-08-28,4
80302,3,109.052565,-6.981933,2024-08-28,4
80332,3,109.052952,-6.98121,2024-08-28,4
80333,3,109.052634,-6.981189,2024-08-28,4
80515,3,108.937804,-6.913806,2024-08-28,4
80516,3,108.937436,-6.913794,2024-08-28,4
80517,3,108.937144,-6.913785,2024-08-28,4
80518,3,108.936975,-6.913778,2024-08-28,4
80521,3,108.937502,-6.913629,2024-08-28,4
80522,3,108.937225,-6.913616,2024-08-28,4
80523,3,108.936995,-6.913607,2024-08-28,4
80524,3,108.936985,-6.9134,2024-08-28,4
80529,3,108.937216,-6.913372,2024-08-28,4
80534,3,108.937223,-6.913119,2024-08-28,4
80536,3,108.938198,-6.912919,2024-08-28,4
80537,3,108.938014,-6.912914,2024-08-28,4
80538,3,108.937785,-6.91291,2024-08-28,4
80539,3,108.937568,-6.912908,2024-08-28,4
80542,3,108.938194,-6.912731,2024-08-28,4
80543,3,108.938008,-6.912726,2024-08-28,4
80544,3,108.937824,-6.912722,2024-08-28,4
80545,3,108.937691,-6.912717,2024-08-28,4
80546,3,108.937533,-6.912716,2024-08-28,4
80550,3,108.938665,-6.912791,2024-08-28,4
80551,3,109.488023,-7.716088,2024-08-28,4
119777,4,109.391089,-6.871089,2024-08-28,4
119778,4,109.391622,-6.870947,2024-08-28,4
119784,4,109.429444,-6.895214,2024-08-28,4
119794,4,109.381744,-6.87475,2024-08-28,4
119795,4,109.391567,-6.872022,2024-08-28,4
120075,4,109.429609,-6.895384,2024-08-28,4
120076,4,109.430061,-6.895386,2024-08-28,4
120078,4,109.42961,-6.894932,2024-08-28,4
120079,4,109.430063,-6.894934,2024-08-28,4
120092,4,109.382349,-6.874462,2024-08-28,4
120093,4,109.382802,-6.874464,2024-08-28,4
120097,4,109.382351,-6.87401,2024-08-28,4
120098,4,109.382803,-6.874011,2024-08-28,4
120102,4,109.382352,-6.873558,2024-08-28,4
120103,4,109.382805,-6.873559,2024-08-28,4
120104,4,109.3905,-6.872229,2024-08-28,4
120105,4,109.390952,-6.87223,2024-08-28,4
120106,4,109.391405,-6.872232,2024-08-28,4
120107,4,109.391857,-6.872233,2024-08-28,4
120108,4,109.390501,-6.871777,2024-08-28,4
120109,4,109.390954,-6.871778,2024-08-28,4
120110,4,109.391406,-6.87178,2024-08-28,4
120111,4,109.391859,-6.871781,2024-08-28,4
120112,4,109.390051,-6.871323,2024-08-28,4
120113,4,109.390503,-6.871325,2024-08-28,4
120114,4,109.390955,-6.871326,2024-08-28,4
120115,4,109.391408,-6.871328,2024-08-28,4
120116,4,109.390052,-6.870871,2024-08-28,4
120117,4,109.390505,-6.870872,2024-08-28,4
120118,4,109.390957,-6.870874,2024-08-28,4
120119,4,109.391409,-6.870876,2024-08-28,4
120120,4,109.390054,-6.870419,2024-08-28,4
120121,4,109.390506,-6.87042,2024-08-28,4
120122,4,109.390958,-6.870422,2024-08-28,4
120123,4,109.391411,-6.870423,2024-08-28,4
121488,4,109.428964,-6.895582,2024-08-28,4
121489,4,109.429114,-6.895575,2024-08-28,4
121492,4,109.43033,-6.895466,2024-08-28,4
121493,4,109.430135,-6.895461,2024-08-28,4
121495,4,109.42987,-6.895452,2024-08-28,4
121496,4,109.429662,-6.895446,2024-08-28,4
121498,4,109.42947,-6.89544,2024-08-28,4
121505,4,109.428968,-6.895415,2024-08-28,4
121507,4,109.430276,-6.895306,2024-08-28,4
121508,4,109.43009,-6.895302,2024-08-28,4
121509,4,109.429879,-6.895298,2024-08-28,4
121510,4,109.429664,-6.895293,2024-08-28,4
121511,4,109.429472,-6.895286,2024-08-28,4
121518,4,109.430276,-6.895147,2024-08-28,4
121519,4,109.430088,-6.895145,2024-08-28,4
121520,4,109.429876,-6.895144,2024-08-28,4
121521,4,109.429666,-6.89514,2024-08-28,4
121522,4,109.429476,-6.895137,2024-08-28,4
121523,4,109.430274,-6.894986,2024-08-28,4
121524,4,109.430082,-6.894984,2024-08-28,4
121525,4,109.429871,-6.894982,2024-08-28,4
121526,4,109.429663,-6.894979,2024-08-28,4
121527,4,109.429474,-6.894977,2024-08-28,4
121579,4,109.382132,-6.875221,2024-08-28,4
121581,4,109.381873,-6.875192,2024-08-28,4
121583,4,109.381554,-6.875159,2024-08-28,4
121584,4,109.381297,-6.875131,2024-08-28,4
121587,4,109.381119,-6.87511,2024-08-28,4
121614,4,109.383086,-6.874781,2024-08-28,4
121615,4,109.382834,-6.874754,2024-08-28,4
121616,4,109.382498,-6.874728,2024-08-28,4
121617,4,109.382175,-6.874702,2024-08-28,4
121619,4,109.381903,-6.874681,2024-08-28,4
121621,4,109.381622,-6.874655,2024-08-28,4
121622,4,109.381355,-6.87463,2024-08-28,4
121623,4,109.38095,-6.874588,2024-08-28,4
121624,4,109.383062,-6.874505,2024-08-28,4
121626,4,109.382641,-6.874492,2024-08-28,4
121630,4,109.383071,-6.874378,2024-08-28,4
121631,4,109.382818,-6.874371,2024-08-28,4
121633,4,109.382498,-6.874361,2024-08-28,4
121636,4,109.383091,-6.874289,2024-08-28,4
121637,4,109.382835,-6.874285,2024-08-28,4
121639,4,109.382499,-6.874279,2024-08-28,4
121655,4,109.383136,-6.874029,2024-08-28,4
121656,4,109.382902,-6.874018,2024-08-28,4
121657,4,109.38266,-6.874014,2024-08-28,4
121658,4,109.382434,-6.874009,2024-08-28,4
121664,4,109.383116,-6.873873,2024-08-28,4
121665,4,109.382902,-6.87387,2024-08-28,4
121666,4,109.382662,-6.873866,2024-08-28,4
121667,4,109.382437,-6.873862,2024-08-28,4
121683,4,109.383167,-6.873582,2024-08-28,4
121684,4,109.383018,-6.873559,2024-08-28,4
121685,4,109.382756,-6.873558,2024-08-28,4
121686,4,109.382465,-6.873555,2024-08-28,4
121688,4,109.383139,-6.873413,2024-08-28,4
121690,4,109.382461,-6.873411,2024-08-28,4
121691,4,109.382758,-6.873411,2024-08-28,4
121692,4,109.383014,-6.873414,2024-08-28,4
121695,4,109.382741,-6.873335,2024-08-28,4
121696,4,109.38245,-6.873331,2024-08-28,4
121697,4,109.391657,-6.872558,2024-08-28,4
121698,4,109.391138,-6.872574,2024-08-28,4
121699,4,109.391903,-6.872511,2024-08-28,4
121700,4,109.391282,-6.872553,2024-08-28,4
121701,4,109.391577,-6.872495,2024-08-28,4
121702,4,109.391012,-6.872489,2024-08-28,4
121703,4,109.391823,-6.872442,2024-08-28,4
121704,4,109.39127,-6.872433,2024-08-28,4
121705,4,109.392049,-6.872389,2024-08-28,4
121706,4,109.391541,-6.872372,2024-08-28,4
121707,4,109.390941,-6.872366,2024-08-28,4
121708,4,109.391798,-6.872315,2024-08-28,4
121709,4,109.391244,-6.872303,2024-08-28,4
121710,4,109.392036,-6.872261,2024-08-28,4
121711,4,109.39215,-6.872191,2024-08-28,4
121712,4,109.390805,-6.872256,2024-08-28,4
121713,4,109.391516,-6.872244,2024-08-28,4
121714,4,109.39041,-6.872327,2024-08-28,4
121715,4,109.39109,-6.872203,2024-08-28,4
121716,4,109.391773,-6.872189,2024-08-28,4
121717,4,109.390447,-6.872143,2024-08-28,4
121718,4,109.391357,-6.872149,2024-08-28,4
121719,4,109.392013,-6.872136,2024-08-28,4
121720,4,109.39214,-6.872101,2024-08-28,4
121721,4,109.390658,-6.872139,2024-08-28,4
121722,4,109.39086,-6.872103,2024-08-28,4
121723,4,109.391681,-6.872081,2024-08-28,4
121724,4,109.391053,-6.872067,2024-08-28,4
121725,4,109.391982,-6.87202,2024-08-28,4
121726,4,109.390145,-6.872033,2024-08-28,4
121727,4,109.391271,-6.872026,2024-08-28,4
121728,4,109.392128,-6.871985,2024-08-28,4
121729,4,109.390313,-6.872023,2024-08-28,4
121730,4,109.391498,-6.871983,2024-08-28,4
121731,4,109.390484,-6.871992,2024-08-28,4
121732,4,109.390652,-6.87197,2024-08-28,4
121733,4,109.391718,-6.87194,2024-08-28,4
121734,4,109.39196,-6.871894,2024-08-28,4
121735,4,109.392114,-6.871862,2024-08-28,4
121736,4,109.390811,-6.871913,2024-08-28,4
121737,4,109.390968,-6.87189,2024-08-28,4
121738,4,109.390136,-6.871843,2024-08-28,4
121739,4,109.390301,-6.871833,2024-08-28,4
121740,4,109.390467,-6.871802,2024-08-28,4
121741,4,109.390636,-6.871791,2024-08-28,4
121742,4,109.391954,-6.871753,2024-08-28,4
121743,4,109.392091,-6.871724,2024-08-28,4
121744,4,109.39113,-6.871799,2024-08-28,4
121745,4,109.391295,-6.871774,2024-08-28,4
121746,4,109.391452,-6.871755,2024-08-28,4
121747,4,109.390127,-6.871661,2024-08-28,4
121748,4,109.391612,-6.871732,2024-08-28,4
121749,4,109.390287,-6.871651,2024-08-28,4
121750,4,109.391772,-6.871704,2024-08-28,4
121751,4,109.390791,-6.871666,2024-08-28,4
121752,4,109.390453,-6.871624,2024-08-28,4
121753,4,109.39095,-6.871651,2024-08-28,4
121754,4,109.390622,-6.871611,2024-08-28,4
121755,4,109.391935,-6.8716,2024-08-28,4
121756,4,109.392075,-6.87157,2024-08-28,4
121757,4,109.390118,-6.871492,2024-08-28,4
121758,4,109.390277,-6.87148,2024-08-28,4
121759,4,109.391918,-6.871453,2024-08-28,4
121760,4,109.390441,-6.871453,2024-08-28,4
121761,4,109.390609,-6.87144,2024-08-28,4
121762,4,109.392059,-6.871425,2024-08-28,4
121763,4,109.390774,-6.871433,2024-08-28,4
121764,4,109.390933,-6.87142,2024-08-28,4
121765,4,109.391428,-6.871444,2024-08-28,4
121766,4,109.391105,-6.87146,2024-08-28,4
121767,4,109.391586,-6.871432,2024-08-28,4
121768,4,109.39127,-6.871445,2024-08-28,4
121769,4,109.391747,-6.871413,2024-08-28,4
121770,4,109.390109,-6.871314,2024-08-28,4
121771,4,109.390265,-6.871303,2024-08-28,4
121772,4,109.390429,-6.871285,2024-08-28,4
121773,4,109.390597,-6.871272,2024-08-28,4
121774,4,109.390759,-6.871232,2024-08-28,4
121775,4,109.390918,-6.871217,2024-08-28,4
121776,4,109.391408,-6.871187,2024-08-28,4
121777,4,109.391565,-6.871177,2024-08-28,4
121778,4,109.391726,-6.871168,2024-08-28,4
121779,4,109.391084,-6.871183,2024-08-28,4
121780,4,109.391248,-6.871167,2024-08-28,4
121781,4,109.390101,-6.871128,2024-08-28,4
121782,4,109.390255,-6.871117,2024-08-28,4
121783,4,109.390416,-6.871098,2024-08-28,4
121784,4,109.390583,-6.871084,2024-08-28,4
121785,4,109.390744,-6.871024,2024-08-28,4
121786,4,109.390904,-6.871009,2024-08-28,4
121787,4,109.391069,-6.870976,2024-08-28,4
121788,4,109.390092,-6.870952,2024-08-28,4
121789,4,109.390243,-6.870939,2024-08-28,4
121790,4,109.39123,-6.87095,2024-08-28,4
121791,4,109.391389,-6.870963,2024-08-28,4
121792,4,109.390403,-6.870919,2024-08-28,4
121793,4,109.391547,-6.870952,2024-08-28,4
121794,4,109.390569,-6.870906,2024-08-28,4
121795,4,109.391708,-6.870943,2024-08-28,4
121796,4,109.390729,-6.870821,2024-08-28,4
121797,4,109.390889,-6.870805,2024-08-28,4
121798,4,109.391055,-6.870788,2024-08-28,4
121799,4,109.391214,-6.870763,2024-08-28,4
121800,4,109.390082,-6.870749,2024-08-28,4
121801,4,109.390231,-6.870734,2024-08-28,4
121802,4,109.390388,-6.87072,2024-08-28,4
121803,4,109.391368,-6.870719,2024-08-28,4
121804,4,109.390553,-6.870703,2024-08-28,4
121805,4,109.391526,-6.870705,2024-08-28,4
121806,4,109.391687,-6.870692,2024-08-28,4
121807,4,109.390069,-6.870516,2024-08-28,4
121808,4,109.390216,-6.870504,2024-08-28,4
121809,4,109.390373,-6.870496,2024-08-28,4
121810,4,109.390536,-6.870486,2024-08-28,4
121811,4,109.390708,-6.87055,2024-08-28,4
121812,4,109.390867,-6.870535,2024-08-28,4
121813,4,109.391032,-6.870516,2024-08-28,4
121814,4,109.391191,-6.870497,2024-08-28,4
121815,4,109.391342,-6.870445,2024-08-28,4
121816,4,109.3915,-6.870422,2024-08-28,4
121817,4,109.391662,-6.870406,2024-08-28,4
122124,4,109.390193,-6.872225,2024-08-28,4
122125,4,109.390206,-6.872431,2024-08-28,4
122126,4,109.39085,-6.872543,2024-08-28,4
122127,4,109.390426,-6.872544,2024-08-28,4
122128,4,109.390668,-6.872542,2024-08-28,4
122129,4,109.390622,-6.872369,2024-08-28,4
76097,3,108.894417,-6.950028,2024-08-28,5
76100,3,108.937914,-6.913283,2024-08-28,5
76101,3,108.938472,-6.913278,2024-08-28,5
76108,3,109.413472,-7.426417,2024-08-28,5
76683,3,109.413922,-7.426614,2024-08-28,5
76690,3,109.413471,-7.42616,2024-08-28,5
76691,3,109.413924,-7.426162,2024-08-28,5
76711,3,108.894847,-6.950763,2024-08-28,5
76713,3,108.893945,-6.950307,2024-08-28,5
76714,3,108.894397,-6.950309,2024-08-28,5
76715,3,108.894849,-6.950311,2024-08-28,5
76717,3,108.895754,-6.950315,2024-08-28,5
76718,3,108.893947,-6.949855,2024-08-28,5
76719,3,108.894399,-6.949857,2024-08-28,5
76720,3,108.894851,-6.949859,2024-08-28,5
76721,3,108.895304,-6.949861,2024-08-28,5
76723,3,108.894401,-6.949405,2024-08-28,5
76732,3,108.93753,-6.913434,2024-08-28,5
76733,3,108.937983,-6.913436,2024-08-28,5
76734,3,108.93708,-6.91298,2024-08-28,5
80012,3,109.41385,-7.426666,2024-08-28,5
80020,3,109.413858,-7.426641,2024-08-28,5
80022,3,109.413833,-7.426609,2024-08-28,5
80028,3,109.413559,-7.426565,2024-08-28,5
80030,3,109.413941,-7.426561,2024-08-28,5
80031,3,109.41352,-7.426558,2024-08-28,5
80032,3,109.413478,-7.42655,2024-08-28,5
80033,3,109.41391,-7.426553,2024-08-28,5
80035,3,109.413869,-7.426547,2024-08-28,5
80036,3,109.413438,-7.426539,2024-08-28,5
80037,3,109.413398,-7.426532,2024-08-28,5
80039,3,109.413828,-7.426541,2024-08-28,5
80041,3,109.413357,-7.426526,2024-08-28,5
80042,3,109.413789,-7.426536,2024-08-28,5
80044,3,109.413745,-7.426551,2024-08-28,5
80046,3,109.413705,-7.426553,2024-08-28,5
80048,3,109.413677,-7.426547,2024-08-28,5
80049,3,109.413648,-7.426544,2024-08-28,5
80050,3,109.413604,-7.426563,2024-08-28,5
80058,3,109.41392,-7.426456,2024-08-28,5
80059,3,109.413888,-7.426451,2024-08-28,5
80061,3,109.413847,-7.426446,2024-08-28,5
80062,3,109.413808,-7.426439,2024-08-28,5
80064,3,109.413769,-7.426434,2024-08-28,5
80066,3,109.413728,-7.426427,2024-08-28,5
80067,3,109.413699,-7.426423,2024-08-28,5
80070,3,109.41367,-7.426419,2024-08-28,5
80071,3,109.413622,-7.426443,2024-08-28,5
80073,3,109.413582,-7.426441,2024-08-28,5
80075,3,109.413541,-7.426436,2024-08-28,5
80076,3,109.413947,-7.426436,2024-08-28,5
80077,3,109.4135,-7.42643,2024-08-28,5
80080,3,109.413459,-7.426422,2024-08-28,5
80081,3,109.413419,-7.426417,2024-08-28,5
80082,3,109.413377,-7.426413,2024-08-28,5
80089,3,109.413953,-7.426334,2024-08-28,5
80090,3,109.41391,-7.426337,2024-08-28,5
80091,3,109.413869,-7.426331,2024-08-28,5
80092,3,109.41383,-7.426324,2024-08-28,5
80094,3,109.41379,-7.426319,2024-08-28,5
80095,3,109.41375,-7.426312,2024-08-28,5
80098,3,109.413721,-7.426303,2024-08-28,5
80099,3,109.413692,-7.426299,2024-08-28,5
80100,3,109.413651,-7.426294,2024-08-28,5
80101,3,109.41361,-7.426287,2024-08-28,5
80103,3,109.41398,-7.42637,2024-08-28,5
80104,3,109.413569,-7.426281,2024-08-28,5
80109,3,109.413975,-7.426238,2024-08-28,5
80110,3,109.413528,-7.426276,2024-08-28,5
80111,3,109.413487,-7.42627,2024-08-28,5
80112,3,109.41393,-7.426231,2024-08-28,5
80114,3,109.413446,-7.426264,2024-08-28,5
80115,3,109.41389,-7.426224,2024-08-28,5
80116,3,109.413404,-7.426259,2024-08-28,5
80118,3,109.41385,-7.426216,2024-08-28,5
80121,3,109.413811,-7.42621,2024-08-28,5
80124,3,109.41377,-7.426202,2024-08-28,5
80125,3,109.413741,-7.426193,2024-08-28,5
80128,3,109.413712,-7.426188,2024-08-28,5
80131,3,109.413672,-7.426182,2024-08-28,5
80132,3,109.41402,-7.426173,2024-08-28,5
80134,3,109.413987,-7.426171,2024-08-28,5
80135,3,109.413944,-7.426164,2024-08-28,5
80136,3,109.41363,-7.426175,2024-08-28,5
80137,3,109.413903,-7.426159,2024-08-28,5
80138,3,109.413863,-7.426153,2024-08-28,5
80139,3,109.413589,-7.426167,2024-08-28,5
80140,3,109.413823,-7.426147,2024-08-28,5
80142,3,109.413782,-7.426141,2024-08-28,5
80143,3,109.413549,-7.42616,2024-08-28,5
80144,3,109.413751,-7.426137,2024-08-28,5
80146,3,109.413722,-7.426134,2024-08-28,5
80147,3,109.413682,-7.426129,2024-08-28,5
80148,3,109.41364,-7.426123,2024-08-28,5
80149,3,109.413598,-7.426117,2024-08-28,5
80150,3,109.413558,-7.426112,2024-08-28,5
80151,3,109.41351,-7.426145,2024-08-28,5
80152,3,109.413469,-7.42614,2024-08-28,5
80153,3,109.413427,-7.426135,2024-08-28,5
80361,3,108.89546,-6.951113,2024-08-28,5
80368,3,108.895181,-6.950978,2024-08-28,5
80372,3,108.89512,-6.950812,2024-08-28,5
80373,3,108.895664,-6.950769,2024-08-28,5
80375,3,108.894857,-6.950819,2024-08-28,5
80380,3,108.895483,-6.95069,2024-08-28,5
80383,3,108.89459,-6.950686,2024-08-28,5
80384,3,108.895682,-6.950617,2024-08-28,5
80385,3,108.895559,-6.950639,2024-08-28,5
80387,3,108.895233,-6.95058,2024-08-28,5
80390,3,108.895503,-6.950541,2024-08-28,5
80391,3,108.895266,-6.950511,2024-08-28,5
80393,3,108.895737,-6.950521,2024-08-28,5
80394,3,108.894326,-6.950555,2024-08-28,5
80397,3,108.894377,-6.950461,2024-08-28,5
80398,3,108.895294,-6.950452,2024-08-28,5
80400,3,108.894105,-6.950445,2024-08-28,5
80401,3,108.895031,-6.95041,2024-08-28,5
80402,3,108.893779,-6.950404,2024-08-28,5
80403,3,108.895502,-6.950424,2024-08-28,5
80404,3,108.895854,-6.950389,2024-08-28,5
80405,3,108.89415,-6.950354,2024-08-28,5
80406,3,108.895057,-6.950352,2024-08-28,5
80408,3,108.893919,-6.950353,2024-08-28,5
80409,3,108.894424,-6.950364,2024-08-28,5
80410,3,108.894758,-6.950292,2024-08-28,5
80411,3,108.893941,-6.950259,2024-08-28,5
80413,3,108.894469,-6.950246,2024-08-28,5
80414,3,108.894195,-6.95026,2024-08-28,5
80415,3,108.894786,-6.950238,2024-08-28,5
80416,3,108.895628,-6.950299,2024-08-28,5
80417,3,108.894249,-6.95015,2024-08-28,5
80418,3,108.893998,-6.950172,2024-08-28,5
80419,3,108.894409,-6.950142,2024-08-28,5
80421,3,108.895279,-6.95016,2024-08-28,5
80422,3,108.89405,-6.950064,2024-08-28,5
80423,3,108.894439,-6.950091,2024-08-28,5
80424,3,108.893815,-6.950084,2024-08-28,5
80425,3,108.895723,-6.950135,2024-08-28,5
80426,3,108.894087,-6.950004,2024-08-28,5
80427,3,108.895006,-6.950051,2024-08-28,5
80428,3,108.893846,-6.949976,2024-08-28,5
80430,3,108.894477,-6.950005,2024-08-28,5
80431,3,108.894114,-6.949953,2024-08-28,5
80432,3,108.893873,-6.949914,2024-08-28,5
80433,3,108.895354,-6.949987,2024-08-28,5
80434,3,108.895714,-6.949979,2024-08-28,5
80435,3,108.894744,-6.949946,2024-08-28,5
80436,3,108.893901,-6.949863,2024-08-28,5
80437,3,108.895075,-6.949879,2024-08-28,5
80439,3,108.895928,-6.949818,2024-08-28,5
80440,3,108.896034,-6.949771,2024-08-28,5
80441,3,108.894487,-6.949844,2024-08-28,5
80442,3,108.894071,-6.949838,2024-08-28,5
80443,3,108.895268,-6.949802,2024-08-28,5
80444,3,108.895919,-6.949719,2024-08-28,5
80445,3,108.894812,-6.949773,2024-08-28,5
80446,3,108.894249,-6.94975,2024-08-28,5
80447,3,108.895011,-6.9497,2024-08-28,5
80449,3,108.895655,-6.949695,2024-08-28,5
80451,3,108.894032,-6.949666,2024-08-28,5
80452,3,108.894558,-6.949673,2024-08-28,5
80453,3,108.895702,-6.949626,2024-08-28,5
80454,3,108.894808,-6.94962,2024-08-28,5
80457,3,108.894621,-6.949546,2024-08-28,5
80458,3,108.894323,-6.949583,2024-08-28,5
80460,3,108.89536,-6.949562,2024-08-28,5
80461,3,108.894138,-6.949521,2024-08-28,5
80462,3,108.895413,-6.949501,2024-08-28,5
80465,3,108.894402,-6.949459,2024-08-28,5
80466,3,108.895105,-6.949447,2024-08-28,5
80467,3,108.895154,-6.94939,2024-08-28,5
80470,3,108.894961,-6.949307,2024-08-28,5
80471,3,108.894889,-6.949349,2024-08-28,5
80472,3,108.894379,-6.949256,2024-08-28,5
80474,3,108.89469,-6.949264,2024-08-28,5
80475,3,108.894531,-6.949203,2024-08-28,5
80519,3,108.938526,-6.913763,2024-08-28,5
80520,3,108.937982,-6.913649,2024-08-28,5
80525,3,108.938168,-6.913409,2024-08-28,5
80526,3,108.937918,-6.913403,2024-08-28,5
80527,3,108.937744,-6.913395,2024-08-28,5
80528,3,108.93752,-6.913384,2024-08-28,5
80530,3,108.936988,-6.91318,2024-08-28,5
80531,3,108.938159,-6.91314,2024-08-28,5
80532,3,108.937922,-6.913138,2024-08-28,5
80533,3,108.937759,-6.913133,2024-08-28,5
80535,3,108.937532,-6.913126,2024-08-28,5
80540,3,108.937281,-6.912905,2024-08-28,5
80541,3,108.936992,-6.91293,2024-08-28,5
80547,3,108.936921,-6.912704,2024-08-28,5
80548,3,108.937011,-6.912707,2024-08-28,5
80549,3,108.937252,-6.912711,2024-08-28,5
119780,4,109.380958,-6.874142,2024-08-28,5
119781,4,109.381667,-6.874178,2024-08-28,5
119783,4,109.429619,-6.895931,2024-08-28,5
119785,4,109.429517,-6.895706,2024-08-28,5
120060,4,109.428699,-6.896738,2024-08-28,5
120061,4,109.429152,-6.896739,2024-08-28,5
120070,4,109.428702,-6.895833,2024-08-28,5
120072,4,109.429607,-6.895836,2024-08-28,5
120073,4,109.43006,-6.895838,2024-08-28,5
120083,4,109.382346,-6.875366,2024-08-28,5
120084,4,109.382799,-6.875368,2024-08-28,5
120085,4,109.381443,-6.874911,2024-08-28,5
120086,4,109.381895,-6.874913,2024-08-28,5
120087,4,109.382348,-6.874914,2024-08-28,5
120088,4,109.3828,-6.874916,2024-08-28,5
120089,4,109.380992,-6.874457,2024-08-28,5
120090,4,109.381445,-6.874459,2024-08-28,5
120091,4,109.381897,-6.87446,2024-08-28,5
120094,4,109.380994,-6.874005,2024-08-28,5
120095,4,109.381446,-6.874007,2024-08-28,5
120096,4,109.381899,-6.874008,2024-08-28,5
121348,4,109.429148,-6.897034,2024-08-28,5
121349,4,109.428952,-6.897025,2024-08-28,5
121350,4,109.428778,-6.897015,2024-08-28,5
121351,4,109.428651,-6.897005,2024-08-28,5
121352,4,109.428488,-6.896966,2024-08-28,5
121368,4,109.429144,-6.896865,2024-08-28,5
121369,4,109.428963,-6.896861,2024-08-28,5
121370,4,109.428797,-6.89686,2024-08-28,5
121371,4,109.428613,-6.896855,2024-08-28,5
121372,4,109.428491,-6.896857,2024-08-28,5
121389,4,109.429144,-6.89666,2024-08-28,5
121390,4,109.428975,-6.896658,2024-08-28,5
121391,4,109.428791,-6.896655,2024-08-28,5
121392,4,109.428592,-6.896654,2024-08-28,5
121393,4,109.428485,-6.896657,2024-08-28,5
121445,4,109.430331,-6.895931,2024-08-28,5
121446,4,109.430194,-6.895929,2024-08-28,5
121447,4,109.42998,-6.895926,2024-08-28,5
121448,4,109.429756,-6.895922,2024-08-28,5
121449,4,109.429516,-6.895918,2024-08-28,5
121453,4,109.430331,-6.89578,2024-08-28,5
121455,4,109.430194,-6.895777,2024-08-28,5
121456,4,109.42999,-6.895771,2024-08-28,5
121457,4,109.429811,-6.895768,2024-08-28,5
121459,4,109.429646,-6.895765,2024-08-28,5
121460,4,109.429477,-6.895762,2024-08-28,5
121461,4,109.428569,-6.895785,2024-08-28,5
121463,4,109.428755,-6.895776,2024-08-28,5
121466,4,109.430331,-6.89567,2024-08-28,5
121467,4,109.430126,-6.895663,2024-08-28,5
121468,4,109.429852,-6.895654,2024-08-28,5
121470,4,109.429655,-6.895648,2024-08-28,5
121471,4,109.429473,-6.895642,2024-08-28,5
121475,4,109.430334,-6.895591,2024-08-28,5
121477,4,109.430137,-6.895583,2024-08-28,5
121478,4,109.429861,-6.895573,2024-08-28,5
121479,4,109.429657,-6.895566,2024-08-28,5
121482,4,109.429472,-6.89556,2024-08-28,5
121573,4,109.382623,-6.875416,2024-08-28,5
121574,4,109.382781,-6.875371,2024-08-28,5
121575,4,109.382915,-6.875304,2024-08-28,5
121576,4,109.382411,-6.875343,2024-08-28,5
121577,4,109.382695,-6.875283,2024-08-28,5
121578,4,109.38242,-6.875252,2024-08-28,5
121580,4,109.382958,-6.875236,2024-08-28,5
121582,4,109.382552,-6.875196,2024-08-28,5
121585,4,109.382141,-6.875152,2024-08-28,5
121586,4,109.382971,-6.875146,2024-08-28,5
121588,4,109.381918,-6.875128,2024-08-28,5
121589,4,109.380863,-6.875079,2024-08-28,5
121590,4,109.381601,-6.875095,2024-08-28,5
121591,4,109.38256,-6.875102,2024-08-28,5
121592,4,109.382141,-6.875058,2024-08-28,5
121593,4,109.383062,-6.875046,2024-08-28,5
121594,4,109.381899,-6.875033,2024-08-28,5
121595,4,109.381045,-6.875035,2024-08-28,5
121596,4,109.382829,-6.875025,2024-08-28,5
121597,4,109.381676,-6.87501,2024-08-28,5
121598,4,109.381462,-6.874988,2024-08-28,5
121599,4,109.382478,-6.874987,2024-08-28,5
121600,4,109.381189,-6.87496,2024-08-28,5
121601,4,109.38307,-6.874942,2024-08-28,5
121602,4,109.382151,-6.874949,2024-08-28,5
121603,4,109.382834,-6.874919,2024-08-28,5
121604,4,109.381908,-6.874924,2024-08-28,5
121605,4,109.381684,-6.874901,2024-08-28,5
121606,4,109.382489,-6.874883,2024-08-28,5
121607,4,109.381457,-6.874878,2024-08-28,5
121608,4,109.38216,-6.874846,2024-08-28,5
121609,4,109.381916,-6.874821,2024-08-28,5
121610,4,109.381186,-6.874847,2024-08-28,5
121611,4,109.381669,-6.874795,2024-08-28,5
121612,4,109.381374,-6.874764,2024-08-28,5
121613,4,109.380945,-6.874716,2024-08-28,5
121618,4,109.38306,-6.874616,2024-08-28,5
121620,4,109.382651,-6.874601,2024-08-28,5
121625,4,109.382147,-6.874513,2024-08-28,5
121627,4,109.381817,-6.874493,2024-08-28,5
121628,4,109.381483,-6.874467,2024-08-28,5
121629,4,109.381203,-6.874444,2024-08-28,5
121632,4,109.380885,-6.874413,2024-08-28,5
121634,4,109.382152,-6.874358,2024-08-28,5
121635,4,109.381824,-6.874338,2024-08-28,5
121638,4,109.381488,-6.874317,2024-08-28,5
121640,4,109.38121,-6.874298,2024-08-28,5
121641,4,109.380891,-6.874273,2024-08-28,5
121642,4,109.382152,-6.874225,2024-08-28,5
121643,4,109.38183,-6.874206,2024-08-28,5
121644,4,109.381492,-6.874186,2024-08-28,5
121645,4,109.38307,-6.874169,2024-08-28,5
121646,4,109.381148,-6.874165,2024-08-28,5
121647,4,109.382788,-6.874166,2024-08-28,5
121648,4,109.382487,-6.874162,2024-08-28,5
121649,4,109.380825,-6.874141,2024-08-28,5
121650,4,109.382154,-6.874103,2024-08-28,5
121651,4,109.381835,-6.874084,2024-08-28,5
121652,4,109.381494,-6.874064,2024-08-28,5
121653,4,109.381153,-6.874044,2024-08-28,5
121654,4,109.380831,-6.874024,2024-08-28,5
121659,4,109.382156,-6.873985,2024-08-28,5
121660,4,109.381841,-6.873966,2024-08-28,5
121661,4,109.381499,-6.873945,2024-08-28,5
121662,4,109.381156,-6.873926,2024-08-28,5
121663,4,109.380833,-6.87391,2024-08-28,5
121668,4,109.382157,-6.873854,2024-08-28,5
121669,4,109.381847,-6.873836,2024-08-28,5
121670,4,109.381506,-6.873816,2024-08-28,5
121671,4,109.381161,-6.873798,2024-08-28,5
121672,4,109.380838,-6.873781,2024-08-28,5
121673,4,109.383099,-6.873717,2024-08-28,5
121674,4,109.382887,-6.873715,2024-08-28,5
121675,4,109.382665,-6.873713,2024-08-28,5
121676,4,109.382438,-6.87371,2024-08-28,5
76709,3,108.895298,-6.951217,2024-08-28,6
76710,3,108.894395,-6.950761,2024-08-28,6
76712,3,108.8953,-6.950765,2024-08-28,6
76716,3,108.895302,-6.950313,2024-08-28,6
76722,3,108.895756,-6.949863,2024-08-28,6
76724,3,108.894853,-6.949407,2024-08-28,6
80359,3,108.895409,-6.951236,2024-08-28,6
80360,3,108.89504,-6.951135,2024-08-28,6
80362,3,108.895166,-6.951123,2024-08-28,6
80363,3,108.89464,-6.951,2024-08-28,6
80364,3,108.895513,-6.950994,2024-08-28,6
80365,3,108.894749,-6.951003,2024-08-28,6
80366,3,108.894826,-6.950948,2024-08-28,6
80367,3,108.895312,-6.950901,2024-08-28,6
80369,3,108.894399,-6.950895,2024-08-28,6
80370,3,108.894474,-6.950865,2024-08-28,6
80371,3,108.895572,-6.950882,2024-08-28,6
80374,3,108.894541,-6.950804,2024-08-28,6
80376,3,108.894231,-6.950742,2024-08-28,6
80377,3,108.894064,-6.950748,2024-08-28,6
80378,3,108.894908,-6.950713,2024-08-28,6
80379,3,108.895293,-6.950756,2024-08-28,6
80381,3,108.89427,-6.950668,2024-08-28,6
80382,3,108.894024,-6.950634,2024-08-28,6
80386,3,108.894641,-6.950586,2024-08-28,6
80388,3,108.894958,-6.950604,2024-08-28,6
80389,3,108.894057,-6.950557,2024-08-28,6
80392,3,108.893835,-6.950532,2024-08-28,6
80395,3,108.893898,-6.950471,2024-08-28,6
80396,3,108.894999,-6.950477,2024-08-28,6
80399,3,108.894688,-6.950483,2024-08-28,6
80407,3,108.894733,-6.950361,2024-08-28,6
80412,3,108.895159,-6.950283,2024-08-28,6
80420,3,108.894826,-6.950147,2024-08-28,6
80429,3,108.895932,-6.949968,2024-08-28,6
80438,3,108.895647,-6.949851,2024-08-28,6
80448,3,108.895315,-6.949715,2024-08-28,6
80450,3,108.89561,-6.94976,2024-08-28,6
80455,3,108.895052,-6.949608,2024-08-28,6
80456,3,108.895093,-6.94954,2024-08-28,6
80459,3,108.894859,-6.949529,2024-08-28,6
80463,3,108.89488,-6.949449,2024-08-28,6
80464,3,108.894678,-6.949455,2024-08-28,6
80468,3,108.894682,-6.949365,2024-08-28,6
80469,3,108.894447,-6.949362,2024-08-28,6
80473,3,108.894491,-6.949284,2024-08-28,6
119779,4,109.406519,-6.896431,2024-08-28,6
119782,4,109.429472,-6.896186,2024-08-28,6
119788,4,109.052986,-6.995039,2024-08-28,6
119799,4,109.052619,-6.994092,2024-08-28,6
119923,4,109.053444,-6.99529,2024-08-28,6
119924,4,109.053896,-6.995292,2024-08-28,6
119926,4,109.052543,-6.994382,2024-08-28,6
119930,4,109.052544,-6.99393,2024-08-28,6
119935,4,109.052546,-6.993478,2024-08-28,6
120051,4,109.406249,-6.897601,2024-08-28,6
120052,4,109.406702,-6.897602,2024-08-28,6
120054,4,109.406251,-6.897149,2024-08-28,6
120055,4,109.406703,-6.89715,2024-08-28,6
120057,4,109.406252,-6.896696,2024-08-28,6
120058,4,109.406705,-6.896698,2024-08-28,6
120062,4,109.429604,-6.896741,2024-08-28,6
120063,4,109.430057,-6.896742,2024-08-28,6
120066,4,109.429606,-6.896289,2024-08-28,6
120067,4,109.430058,-6.89629,2024-08-28,6
120081,4,109.429612,-6.89448,2024-08-28,6
120082,4,109.430064,-6.894482,2024-08-28,6
120815,4,109.054257,-6.995363,2024-08-28,6
120817,4,109.054117,-6.995335,2024-08-28,6
120819,4,109.053924,-6.995301,2024-08-28,6
120820,4,109.053782,-6.995276,2024-08-28,6
120822,4,109.053615,-6.995246,2024-08-28,6
120825,4,109.053409,-6.99521,2024-08-28,6
120826,4,109.053199,-6.995172,2024-08-28,6
120827,4,109.052976,-6.995135,2024-08-28,6
120829,4,109.054279,-6.995145,2024-08-28,6
120831,4,109.054127,-6.995113,2024-08-28,6
120833,4,109.053873,-6.995082,2024-08-28,6
120834,4,109.053637,-6.995053,2024-08-28,6
120835,4,109.053425,-6.995026,2024-08-28,6
120836,4,109.053223,-6.995001,2024-08-28,6
120838,4,109.052999,-6.994977,2024-08-28,6
120857,4,109.052579,-6.994653,2024-08-28,6
120867,4,109.05259,-6.994493,2024-08-28,6
120879,4,109.052604,-6.994313,2024-08-28,6
120888,4,109.05262,-6.9941,2024-08-28,6
120899,4,109.052635,-6.993886,2024-08-28,6
120900,4,109.052463,-6.993874,2024-08-28,6
120909,4,109.052477,-6.9937,2024-08-28,6
120910,4,109.052366,-6.99368,2024-08-28,6
120911,4,109.052648,-6.993688,2024-08-28,6
120915,4,109.052492,-6.993523,2024-08-28,6
120916,4,109.052379,-6.9935,2024-08-28,6
120917,4,109.05266,-6.993499,2024-08-28,6
120918,4,109.052388,-6.993398,2024-08-28,6
120921,4,109.052668,-6.993368,2024-08-28,6
120922,4,109.052547,-6.993411,2024-08-28,6
121306,4,109.40689,-6.897707,2024-08-28,6
121307,4,109.406701,-6.897694,2024-08-28,6
121308,4,109.40648,-6.897704,2024-08-28,6
121309,4,109.40628,-6.897681,2024-08-28,6
121310,4,109.406905,-6.897592,2024-08-28,6
121313,4,109.406707,-6.897572,2024-08-28,6
121314,4,109.406486,-6.897548,2024-08-28,6
121315,4,109.40629,-6.897527,2024-08-28,6
121316,4,109.406058,-6.897478,2024-08-28,6
121317,4,109.405894,-6.897463,2024-08-28,6
121319,4,109.40692,-6.897435,2024-08-28,6
121320,4,109.406768,-6.897419,2024-08-28,6
121321,4,109.406588,-6.8974,2024-08-28,6
121322,4,109.406023,-6.897359,2024-08-28,6
121323,4,109.406346,-6.897375,2024-08-28,6
121324,4,109.40693,-6.897274,2024-08-28,6
121325,4,109.406077,-6.897244,2024-08-28,6
121326,4,109.406778,-6.89726,2024-08-28,6
121327,4,109.40591,-6.89723,2024-08-28,6
121329,4,109.406596,-6.897242,2024-08-28,6
121331,4,109.406353,-6.897219,2024-08-28,6
121332,4,109.405902,-6.897144,2024-08-28,6
121333,4,109.405905,-6.89709,2024-08-28,6
121334,4,109.406072,-6.897124,2024-08-28,6
121335,4,109.406936,-6.897117,2024-08-28,6
121336,4,109.406774,-6.897102,2024-08-28,6
121337,4,109.405907,-6.89704,2024-08-28,6
121338,4,109.429556,-6.897051,2024-08-28,6
121339,4,109.429779,-6.897047,2024-08-28,6
121340,4,109.429973,-6.897045,2024-08-28,6
121341,4,109.406585,-6.897084,2024-08-28,6
121342,4,109.430168,-6.897004,2024-08-28,6
121344,4,109.430305,-6.897006,2024-08-28,6
121346,4,109.40591,-6.896993,2024-08-28,6
121347,4,109.406353,-6.89706,2024-08-28,6
121353,4,109.406077,-6.897006,2024-08-28,6
121354,4,109.405911,-6.896952,2024-08-28,6
121355,4,109.406946,-6.896961,2024-08-28,6
121356,4,109.406787,-6.896947,2024-08-28,6
121357,4,109.406116,-6.896903,2024-08-28,6
121358,4,109.406599,-6.896928,2024-08-28,6
121359,4,109.429551,-6.896917,2024-08-28,6
121360,4,109.405948,-6.896886,2024-08-28,6
121361,4,109.429775,-6.896916,2024-08-28,6
121362,4,109.429975,-6.896912,2024-08-28,6
121363,4,109.430166,-6.89691,2024-08-28,6
121364,4,109.430305,-6.896906,2024-08-28,6
121366,4,109.406363,-6.896904,2024-08-28,6
121373,4,109.406125,-6.896808,2024-08-28,6
121374,4,109.405955,-6.896789,2024-08-28,6
121375,4,109.406953,-6.896809,2024-08-28,6
121376,4,109.406789,-6.896792,2024-08-28,6
121377,4,109.4066,-6.896773,2024-08-28,6
121378,4,109.406159,-6.896721,2024-08-28,6
121379,4,109.429548,-6.896748,2024-08-28,6
121380,4,109.430229,-6.896745,2024-08-28,6
121381,4,109.429772,-6.896748,2024-08-28,6
121382,4,109.429984,-6.896746,2024-08-28,6
121383,4,109.406368,-6.896749,2024-08-28,6
121385,4,109.405991,-6.896703,2024-08-28,6
121387,4,109.406168,-6.896629,2024-08-28,6
121388,4,109.406964,-6.896656,2024-08-28,6
121394,4,109.406803,-6.896639,2024-08-28,6
121395,4,109.405998,-6.896611,2024-08-28,6
121396,4,109.406615,-6.896618,2024-08-28,6
121397,4,109.406379,-6.896592,2024-08-28,6
121398,4,109.429784,-6.896583,2024-08-28,6
121399,4,109.430257,-6.896581,2024-08-28,6
121400,4,109.429545,-6.896582,2024-08-28,6
121401,4,109.430022,-6.896581,2024-08-28,6
121403,4,109.406175,-6.896537,2024-08-28,6
121405,4,109.406036,-6.896522,2024-08-28,6
121406,4,109.40593,-6.89651,2024-08-28,6
121407,4,109.406816,-6.896485,2024-08-28,6
121408,4,109.406629,-6.896464,2024-08-28,6
121409,4,109.40639,-6.896439,2024-08-28,6
121410,4,109.430024,-6.896416,2024-08-28,6
121411,4,109.429783,-6.896416,2024-08-28,6
121412,4,109.430258,-6.896414,2024-08-28,6
121413,4,109.429543,-6.896413,2024-08-28,6
121420,4,109.430259,-6.896253,2024-08-28,6
121421,4,109.430025,-6.896253,2024-08-28,6
121422,4,109.429784,-6.896251,2024-08-28,6
121423,4,109.42954,-6.896248,2024-08-28,6
121425,4,109.406042,-6.896318,2024-08-28,6
121432,4,109.43026,-6.896093,2024-08-28,6
121433,4,109.430027,-6.896091,2024-08-28,6
121434,4,109.429782,-6.896087,2024-08-28,6
121436,4,109.429535,-6.896083,2024-08-28,6
121440,4,109.406122,-6.89604,2024-08-28,6
121442,4,109.405988,-6.896027,2024-08-28,6
121469,4,109.406139,-6.895752,2024-08-28,6
121472,4,109.406005,-6.895742,2024-08-28,6
121503,4,109.406155,-6.895475,2024-08-28,6
121506,4,109.406021,-6.895462,2024-08-28,6
121533,4,109.430272,-6.894833,2024-08-28,6
121534,4,109.430053,-6.89483,2024-08-28,6
121540,4,109.429829,-6.894826,2024-08-28,6
121541,4,109.429648,-6.894822,2024-08-28,6
121542,4,109.429474,-6.89482,2024-08-28,6
121543,4,109.430055,-6.894688,2024-08-28,6
121544,4,109.429831,-6.894684,2024-08-28,6
121545,4,109.42964,-6.894681,2024-08-28,6
121546,4,109.430271,-6.894686,2024-08-28,6
121547,4,109.429476,-6.894675,2024-08-28,6
121549,4,109.430272,-6.894547,2024-08-28,6
121550,4,109.430056,-6.894544,2024-08-28,6
121551,4,109.429827,-6.894541,2024-08-28,6
121552,4,109.429637,-6.894538,2024-08-28,6
121553,4,109.429466,-6.894536,2024-08-28,6
121559,4,109.430267,-6.894417,2024-08-28,6
121561,4,109.430054,-6.894405,2024-08-28,6
121562,4,109.429824,-6.894401,2024-08-28,6
121563,4,109.429633,-6.894399,2024-08-28,6
121564,4,109.429463,-6.894397,2024-08-28,6
121568,4,109.429472,-6.894289,2024-08-28,6
121569,4,109.43019,-6.894289,2024-08-28,6
121570,4,109.429631,-6.894282,2024-08-28,6
121571,4,109.43005,-6.894288,2024-08-28,6
121572,4,109.429822,-6.894274,2024-08-28,6
122182,4,109.391089,-6.871089,2024-09-09,4
122183,4,109.391622,-6.870947,2024-09-09,4
122200,4,109.391567,-6.872022,2024-09-09,4
122201,4,109.429086,-6.895031,2024-09-09,4
122203,4,109.052806,-6.994267,2024-09-09,4
122233,4,109.411086,-7.444706,2024-09-09,4
122332,4,109.052995,-6.994384,2024-09-09,4
122336,4,109.052997,-6.993932,2024-09-09,4
122341,4,109.052999,-6.99348,2024-09-09,4
122476,4,109.429155,-6.895835,2024-09-09,4
122479,4,109.428704,-6.895381,2024-09-09,4
122482,4,109.428705,-6.894929,2024-09-09,4
122485,4,109.428707,-6.894477,2024-09-09,4
122497,4,109.382349,-6.874462,2024-09-09,4
122498,4,109.382802,-6.874464,2024-09-09,4
122504,4,109.380995,-6.873553,2024-09-09,4
122505,4,109.381448,-6.873555,2024-09-09,4
122506,4,109.3819,-6.873556,2024-09-09,4
122509,4,109.3905,-6.872229,2024-09-09,4
122510,4,109.390952,-6.87223,2024-09-09,4
122511,4,109.391405,-6.872232,2024-09-09,4
122512,4,109.391857,-6.872233,2024-09-09,4
122513,4,109.390501,-6.871777,2024-09-09,4
122514,4,109.390954,-6.871778,2024-09-09,4
122515,4,109.391406,-6.87178,2024-09-09,4
122516,4,109.391859,-6.871781,2024-09-09,4
122517,4,109.390051,-6.871323,2024-09-09,4
122518,4,109.390503,-6.871325,2024-09-09,4
122519,4,109.390955,-6.871326,2024-09-09,4
122520,4,109.391408,-6.871328,2024-09-09,4
122521,4,109.390052,-6.870871,2024-09-09,4
122522,4,109.390505,-6.870872,2024-09-09,4
122523,4,109.390957,-6.870874,2024-09-09,4
122524,4,109.391409,-6.870876,2024-09-09,4
122525,4,109.390054,-6.870419,2024-09-09,4
122526,4,109.390506,-6.87042,2024-09-09,4
122527,4,109.390958,-6.870422,2024-09-09,4
122528,4,109.391411,-6.870423,2024-09-09,4
123260,4,109.052953,-6.994673,2024-09-09,4
123261,4,109.05276,-6.994662,2024-09-09,4
123275,4,109.053009,-6.994484,2024-09-09,4
123276,4,109.052909,-6.994479,2024-09-09,4
123277,4,109.052772,-6.99447,2024-09-09,4
123288,4,109.052976,-6.994258,2024-09-09,4
123289,4,109.052789,-6.994246,2024-09-09,4
123296,4,109.052989,-6.994047,2024-09-09,4
123297,4,109.052803,-6.994036,2024-09-09,4
123312,4,109.052964,-6.993815,2024-09-09,4
123313,4,109.052818,-6.993807,2024-09-09,4
123318,4,109.053022,-6.993582,2024-09-09,4
123319,4,109.052834,-6.993571,2024-09-09,4
123325,4,109.052845,-6.993403,2024-09-09,4
123342,4,109.093542,-6.971421,2024-09-09,4
123355,4,109.093559,-6.971236,2024-09-09,4
123368,4,109.093577,-6.971021,2024-09-09,4
123381,4,109.093598,-6.970797,2024-09-09,4
123869,4,109.428911,-6.895767,2024-09-09,4
123870,4,109.429095,-6.89576,2024-09-09,4
123886,4,109.428486,-6.895606,2024-09-09,4
123888,4,109.428551,-6.895601,2024-09-09,4
123889,4,109.428646,-6.895597,2024-09-09,4
123891,4,109.428752,-6.895592,2024-09-09,4
123892,4,109.428856,-6.895587,2024-09-09,4
123893,4,109.428964,-6.895582,2024-09-09,4
123894,4,109.429114,-6.895575,2024-09-09,4
123902,4,109.428484,-6.895441,2024-09-09,4
123904,4,109.428547,-6.895435,2024-09-09,4
123906,4,109.428645,-6.895431,2024-09-09,4
123907,4,109.42875,-6.895426,2024-09-09,4
123909,4,109.428861,-6.895421,2024-09-09,4
123910,4,109.428968,-6.895415,2024-09-09,4
123917,4,109.428501,-6.895236,2024-09-09,4
123918,4,109.428619,-6.89523,2024-09-09,4
123919,4,109.428748,-6.895227,2024-09-09,4
123920,4,109.42885,-6.895222,2024-09-09,4
123921,4,109.428976,-6.895218,2024-09-09,4
123922,4,109.429123,-6.895211,2024-09-09,4
123933,4,109.4285,-6.895004,2024-09-09,4
123934,4,109.428618,-6.894999,2024-09-09,4
123935,4,109.428746,-6.894998,2024-09-09,4
123936,4,109.428839,-6.894995,2024-09-09,4
123937,4,109.428947,-6.894991,2024-09-09,4
123940,4,109.42852,-6.89482,2024-09-09,4
123941,4,109.428668,-6.894818,2024-09-09,4
123942,4,109.428837,-6.894815,2024-09-09,4
123943,4,109.428975,-6.894813,2024-09-09,4
123944,4,109.429126,-6.894812,2024-09-09,4
123953,4,109.428768,-6.894644,2024-09-09,4
123959,4,109.428526,-6.894502,2024-09-09,4
123960,4,109.428669,-6.894492,2024-09-09,4
123961,4,109.428834,-6.89448,2024-09-09,4
123962,4,109.428968,-6.894473,2024-09-09,4
123963,4,109.42853,-6.894401,2024-09-09,4
123965,4,109.428669,-6.894388,2024-09-09,4
123970,4,109.428836,-6.894374,2024-09-09,4
123971,4,109.428967,-6.894364,2024-09-09,4
123972,4,109.429132,-6.89435,2024-09-09,4
123984,4,109.382132,-6.875221,2024-09-09,4
123986,4,109.381873,-6.875192,2024-09-09,4
123988,4,109.381554,-6.875159,2024-09-09,4
123989,4,109.381297,-6.875131,2024-09-09,4
123992,4,109.381119,-6.87511,2024-09-09,4
124029,4,109.383062,-6.874505,2024-09-09,4
124031,4,109.382641,-6.874492,2024-09-09,4
124035,4,109.383071,-6.874378,2024-09-09,4
124036,4,109.382818,-6.874371,2024-09-09,4
124038,4,109.382498,-6.874361,2024-09-09,4
124041,4,109.383091,-6.874289,2024-09-09,4
124042,4,109.382835,-6.874285,2024-09-09,4
124044,4,109.382499,-6.874279,2024-09-09,4
124082,4,109.382157,-6.873711,2024-09-09,4
124083,4,109.381111,-6.873649,2024-09-09,4
124084,4,109.382057,-6.873592,2024-09-09,4
124085,4,109.380852,-6.873628,2024-09-09,4
124086,4,109.381522,-6.873561,2024-09-09,4
124087,4,109.38108,-6.873531,2024-09-09,4
124092,4,109.382057,-6.873482,2024-09-09,4
124094,4,109.381531,-6.873449,2024-09-09,4
124098,4,109.381077,-6.873421,2024-09-09,4
124099,4,109.380853,-6.873438,2024-09-09,4
124100,4,109.382741,-6.873335,2024-09-09,4
124101,4,109.38245,-6.873331,2024-09-09,4
124102,4,109.391657,-6.872558,2024-09-09,4
124103,4,109.391138,-6.872574,2024-09-09,4
124104,4,109.391903,-6.872511,2024-09-09,4
124105,4,109.391282,-6.872553,2024-09-09,4
124106,4,109.391577,-6.872495,2024-09-09,4
124107,4,109.391012,-6.872489,2024-09-09,4
124108,4,109.391823,-6.872442,2024-09-09,4
124109,4,109.39127,-6.872433,2024-09-09,4
124110,4,109.392049,-6.872389,2024-09-09,4
124111,4,109.391541,-6.872372,2024-09-09,4
124112,4,109.390941,-6.872366,2024-09-09,4
124113,4,109.391798,-6.872315,2024-09-09,4
124114,4,109.391244,-6.872303,2024-09-09,4
124115,4,109.392036,-6.872261,2024-09-09,4
124116,4,109.39215,-6.872191,2024-09-09,4
124117,4,109.390805,-6.872256,2024-09-09,4
124118,4,109.391516,-6.872244,2024-09-09,4
124119,4,109.39041,-6.872327,2024-09-09,4
124120,4,109.39109,-6.872203,2024-09-09,4
124121,4,109.391773,-6.872189,2024-09-09,4
124122,4,109.390447,-6.872143,2024-09-09,4
124123,4,109.391357,-6.872149,2024-09-09,4
124124,4,109.392013,-6.872136,2024-09-09,4
124125,4,109.39214,-6.872101,2024-09-09,4
124126,4,109.390658,-6.872139,2024-09-09,4
124127,4,109.39086,-6.872103,2024-09-09,4
124128,4,109.391681,-6.872081,2024-09-09,4
124129,4,109.391053,-6.872067,2024-09-09,4
124130,4,109.391982,-6.87202,2024-09-09,4
124131,4,109.390145,-6.872033,2024-09-09,4
124132,4,109.391271,-6.872026,2024-09-09,4
124133,4,109.392128,-6.871985,2024-09-09,4
124134,4,109.390313,-6.872023,2024-09-09,4
124135,4,109.391498,-6.871983,2024-09-09,4
124136,4,109.390484,-6.871992,2024-09-09,4
124137,4,109.390652,-6.87197,2024-09-09,4
124138,4,109.391718,-6.87194,2024-09-09,4
124139,4,109.39196,-6.871894,2024-09-09,4
124140,4,109.392114,-6.871862,2024-09-09,4
124141,4,109.390811,-6.871913,2024-09-09,4
124142,4,109.390968,-6.87189,2024-09-09,4
124143,4,109.390136,-6.871843,2024-09-09,4
124144,4,109.390301,-6.871833,2024-09-09,4
124145,4,109.390467,-6.871802,2024-09-09,4
124146,4,109.390636,-6.871791,2024-09-09,4
124147,4,109.391954,-6.871753,2024-09-09,4
124148,4,109.392091,-6.871724,2024-09-09,4
124149,4,109.39113,-6.871799,2024-09-09,4
124150,4,109.391295,-6.871774,2024-09-09,4
124151,4,109.391452,-6.871755,2024-09-09,4
124152,4,109.390127,-6.871661,2024-09-09,4
124153,4,109.391612,-6.871732,2024-09-09,4
124154,4,109.390287,-6.871651,2024-09-09,4
124155,4,109.391772,-6.871704,2024-09-09,4
124156,4,109.390791,-6.871666,2024-09-09,4
124157,4,109.390453,-6.871624,2024-09-09,4
124158,4,109.39095,-6.871651,2024-09-09,4
124159,4,109.390622,-6.871611,2024-09-09,4
124160,4,109.391935,-6.8716,2024-09-09,4
124161,4,109.392075,-6.87157,2024-09-09,4
124162,4,109.390118,-6.871492,2024-09-09,4
124163,4,109.390277,-6.87148,2024-09-09,4
124164,4,109.391918,-6.871453,2024-09-09,4
124165,4,109.390441,-6.871453,2024-09-09,4
124166,4,109.390609,-6.87144,2024-09-09,4
124167,4,109.392059,-6.871425,2024-09-09,4
124168,4,109.390774,-6.871433,2024-09-09,4
124169,4,109.390933,-6.87142,2024-09-09,4
124170,4,109.391428,-6.871444,2024-09-09,4
124171,4,109.391105,-6.87146,2024-09-09,4
124172,4,109.391586,-6.871432,2024-09-09,4
124173,4,109.39127,-6.871445,2024-09-09,4
124174,4,109.391747,-6.871413,2024-09-09,4
124175,4,109.390109,-6.871314,2024-09-09,4
124176,4,109.390265,-6.871303,2024-09-09,4
124177,4,109.390429,-6.871285,2024-09-09,4
124178,4,109.390597,-6.871272,2024-09-09,4
124179,4,109.390759,-6.871232,2024-09-09,4
124180,4,109.390918,-6.871217,2024-09-09,4
124181,4,109.391408,-6.871187,2024-09-09,4
124182,4,109.391565,-6.871177,2024-09-09,4
124183,4,109.391726,-6.871168,2024-09-09,4
124184,4,109.391084,-6.871183,2024-09-09,4
124185,4,109.391248,-6.871167,2024-09-09,4
124186,4,109.390101,-6.871128,2024-09-09,4
124187,4,109.390255,-6.871117,2024-09-09,4
124188,4,109.390416,-6.871098,2024-09-09,4
124189,4,109.390583,-6.871084,2024-09-09,4
124190,4,109.390744,-6.871024,2024-09-09,4
124191,4,109.390904,-6.871009,2024-09-09,4
124192,4,109.391069,-6.870976,2024-09-09,4
124193,4,109.390092,-6.870952,2024-09-09,4
124194,4,109.390243,-6.870939,2024-09-09,4
124195,4,109.39123,-6.87095,2024-09-09,4
124196,4,109.391389,-6.870963,2024-09-09,4
124197,4,109.390403,-6.870919,2024-09-09,4
124198,4,109.391547,-6.870952,2024-09-09,4
124199,4,109.390569,-6.870906,2024-09-09,4
124200,4,109.391708,-6.870943,2024-09-09,4
124201,4,109.390729,-6.870821,2024-09-09,4
124202,4,109.390889,-6.870805,2024-09-09,4
124203,4,109.391055,-6.870788,2024-09-09,4
124204,4,109.391214,-6.870763,2024-09-09,4
124205,4,109.390082,-6.870749,2024-09-09,4
124206,4,109.390231,-6.870734,2024-09-09,4
124207,4,109.390388,-6.87072,2024-09-09,4
124208,4,109.391368,-6.870719,2024-09-09,4
124209,4,109.390553,-6.870703,2024-09-09,4
124210,4,109.391526,-6.870705,2024-09-09,4
124211,4,109.391687,-6.870692,2024-09-09,4
124212,4,109.390069,-6.870516,2024-09-09,4
124213,4,109.390216,-6.870504,2024-09-09,4
124214,4,109.390373,-6.870496,2024-09-09,4
124215,4,109.390536,-6.870486,2024-09-09,4
124216,4,109.390708,-6.87055,2024-09-09,4
124217,4,109.390867,-6.870535,2024-09-09,4
124218,4,109.391032,-6.870516,2024-09-09,4
124219,4,109.391191,-6.870497,2024-09-09,4
124220,4,109.391342,-6.870445,2024-09-09,4
124221,4,109.3915,-6.870422,2024-09-09,4
124222,4,109.391662,-6.870406,2024-09-09,4
124527,4,109.381615,-6.873678,2024-09-09,4
124528,4,109.381884,-6.873694,2024-09-09,4
124529,4,109.390193,-6.872225,2024-09-09,4
124530,4,109.390206,-6.872431,2024-09-09,4
124531,4,109.39085,-6.872543,2024-09-09,4
124532,4,109.390426,-6.872544,2024-09-09,4
124533,4,109.390668,-6.872542,2024-09-09,4
124534,4,109.390622,-6.872369,2024-09-09,4
124535,4,109.053055,-6.993827,2024-09-09,4
122185,4,109.380958,-6.874142,2024-09-09,5
122186,4,109.381667,-6.874178,2024-09-09,5
122189,4,109.429444,-6.895214,2024-09-09,5
122199,4,109.381744,-6.87475,2024-09-09,5
122475,4,109.428702,-6.895833,2024-09-09,5
122480,4,109.429609,-6.895384,2024-09-09,5
122481,4,109.430061,-6.895386,2024-09-09,5
122483,4,109.42961,-6.894932,2024-09-09,5
122484,4,109.430063,-6.894934,2024-09-09,5
122488,4,109.382346,-6.875366,2024-09-09,5
122489,4,109.382799,-6.875368,2024-09-09,5
122490,4,109.381443,-6.874911,2024-09-09,5
122491,4,109.381895,-6.874913,2024-09-09,5
122492,4,109.382348,-6.874914,2024-09-09,5
122493,4,109.3828,-6.874916,2024-09-09,5
122494,4,109.380992,-6.874457,2024-09-09,5
122495,4,109.381445,-6.874459,2024-09-09,5
122496,4,109.381897,-6.87446,2024-09-09,5
122499,4,109.380994,-6.874005,2024-09-09,5
122500,4,109.381446,-6.874007,2024-09-09,5
122501,4,109.381899,-6.874008,2024-09-09,5
122502,4,109.382351,-6.87401,2024-09-09,5
122503,4,109.382803,-6.874011,2024-09-09,5
122507,4,109.382352,-6.873558,2024-09-09,5
122508,4,109.382805,-6.873559,2024-09-09,5
123866,4,109.428569,-6.895785,2024-09-09,5
123868,4,109.428755,-6.895776,2024-09-09,5
123897,4,109.43033,-6.895466,2024-09-09,5
123898,4,109.430135,-6.895461,2024-09-09,5
123900,4,109.42987,-6.895452,2024-09-09,5
123901,4,109.429662,-6.895446,2024-09-09,5
123903,4,109.42947,-6.89544,2024-09-09,5
123912,4,109.430276,-6.895306,2024-09-09,5
123913,4,109.43009,-6.895302,2024-09-09,5
123914,4,109.429879,-6.895298,2024-09-09,5
123915,4,109.429664,-6.895293,2024-09-09,5
123916,4,109.429472,-6.895286,2024-09-09,5
123923,4,109.430276,-6.895147,2024-09-09,5
123924,4,109.430088,-6.895145,2024-09-09,5
123925,4,109.429876,-6.895144,2024-09-09,5
123926,4,109.429666,-6.89514,2024-09-09,5
123927,4,109.429476,-6.895137,2024-09-09,5
123928,4,109.430274,-6.894986,2024-09-09,5
123929,4,109.430082,-6.894984,2024-09-09,5
123930,4,109.429871,-6.894982,2024-09-09,5
123931,4,109.429663,-6.894979,2024-09-09,5
123932,4,109.429474,-6.894977,2024-09-09,5
123978,4,109.382623,-6.875416,2024-09-09,5
123979,4,109.382781,-6.875371,2024-09-09,5
123980,4,109.382915,-6.875304,2024-09-09,5
123981,4,109.382411,-6.875343,2024-09-09,5
123982,4,109.382695,-6.875283,2024-09-09,5
123983,4,109.38242,-6.875252,2024-09-09,5
123985,4,109.382958,-6.875236,2024-09-09,5
123987,4,109.382552,-6.875196,2024-09-09,5
123990,4,109.382141,-6.875152,2024-09-09,5
123991,4,109.382971,-6.875146,2024-09-09,5
123993,4,109.381918,-6.875128,2024-09-09,5
123994,4,109.380863,-6.875079,2024-09-09,5
123995,4,109.381601,-6.875095,2024-09-09,5
123996,4,109.38256,-6.875102,2024-09-09,5
123997,4,109.382141,-6.875058,2024-09-09,5
123998,4,109.383062,-6.875046,2024-09-09,5
123999,4,109.381899,-6.875033,2024-09-09,5
124000,4,109.381045,-6.875035,2024-09-09,5
124001,4,109.382829,-6.875025,2024-09-09,5
124002,4,109.381676,-6.87501,2024-09-09,5
124003,4,109.381462,-6.874988,2024-09-09,5
124004,4,109.382478,-6.874987,2024-09-09,5
124005,4,109.381189,-6.87496,2024-09-09,5
124006,4,109.38307,-6.874942,2024-09-09,5
124007,4,109.382151,-6.874949,2024-09-09,5
124008,4,109.382834,-6.874919,2024-09-09,5
124009,4,109.381908,-6.874924,2024-09-09,5
124010,4,109.381684,-6.874901,2024-09-09,5
124011,4,109.382489,-6.874883,2024-09-09,5
124012,4,109.381457,-6.874878,2024-09-09,5
124013,4,109.38216,-6.874846,2024-09-09,5
124014,4,109.381916,-6.874821,2024-09-09,5
124015,4,109.381186,-6.874847,2024-09-09,5
124016,4,109.381669,-6.874795,2024-09-09,5
124017,4,109.381374,-6.874764,2024-09-09,5
124018,4,109.380945,-6.874716,2024-09-09,5
124019,4,109.383086,-6.874781,2024-09-09,5
124020,4,109.382834,-6.874754,2024-09-09,5
124021,4,109.382498,-6.874728,2024-09-09,5
124022,4,109.382175,-6.874702,2024-09-09,5
124023,4,109.38306,-6.874616,2024-09-09,5
124024,4,109.381903,-6.874681,2024-09-09,5
124025,4,109.382651,-6.874601,2024-09-09,5
124026,4,109.381622,-6.874655,2024-09-09,5
124027,4,109.381355,-6.87463,2024-09-09,5
124028,4,109.38095,-6.874588,2024-09-09,5
124030,4,109.382147,-6.874513,2024-09-09,5
124032,4,109.381817,-6.874493,2024-09-09,5
124033,4,109.381483,-6.874467,2024-09-09,5
124034,4,109.381203,-6.874444,2024-09-09,5
124037,4,109.380885,-6.874413,2024-09-09,5
124039,4,109.382152,-6.874358,2024-09-09,5
124040,4,109.381824,-6.874338,2024-09-09,5
124043,4,109.381488,-6.874317,2024-09-09,5
124045,4,109.38121,-6.874298,2024-09-09,5
124046,4,109.380891,-6.874273,2024-09-09,5
124047,4,109.382152,-6.874225,2024-09-09,5
124048,4,109.38183,-6.874206,2024-09-09,5
124049,4,109.381492,-6.874186,2024-09-09,5
124050,4,109.38307,-6.874169,2024-09-09,5
124051,4,109.381148,-6.874165,2024-09-09,5
124052,4,109.382788,-6.874166,2024-09-09,5
124053,4,109.382487,-6.874162,2024-09-09,5
124054,4,109.380825,-6.874141,2024-09-09,5
124055,4,109.382154,-6.874103,2024-09-09,5
124056,4,109.381835,-6.874084,2024-09-09,5
124057,4,109.381494,-6.874064,2024-09-09,5
124058,4,109.381153,-6.874044,2024-09-09,5
124059,4,109.380831,-6.874024,2024-09-09,5
124060,4,109.383136,-6.874029,2024-09-09,5
124061,4,109.382902,-6.874018,2024-09-09,5
124062,4,109.38266,-6.874014,2024-09-09,5
124063,4,109.382434,-6.874009,2024-09-09,5
124064,4,109.382156,-6.873985,2024-09-09,5
124065,4,109.381841,-6.873966,2024-09-09,5
124066,4,109.381499,-6.873945,2024-09-09,5
124067,4,109.381156,-6.873926,2024-09-09,5
124068,4,109.380833,-6.87391,2024-09-09,5
124069,4,109.383116,-6.873873,2024-09-09,5
124070,4,109.382902,-6.87387,2024-09-09,5
124071,4,109.382662,-6.873866,2024-09-09,5
124072,4,109.382437,-6.873862,2024-09-09,5
124073,4,109.382157,-6.873854,2024-09-09,5
124074,4,109.381847,-6.873836,2024-09-09,5
124075,4,109.381506,-6.873816,2024-09-09,5
124076,4,109.381161,-6.873798,2024-09-09,5
124077,4,109.380838,-6.873781,2024-09-09,5
124078,4,109.383099,-6.873717,2024-09-09,5
124079,4,109.382887,-6.873715,2024-09-09,5
124080,4,109.382665,-6.873713,2024-09-09,5
124081,4,109.382438,-6.87371,2024-09-09,5
124088,4,109.383167,-6.873582,2024-09-09,5
124089,4,109.383018,-6.873559,2024-09-09,5
124090,4,109.382756,-6.873558,2024-09-09,5
124091,4,109.382465,-6.873555,2024-09-09,5
124093,4,109.383139,-6.873413,2024-09-09,5
124095,4,109.382461,-6.873411,2024-09-09,5
124096,4,109.382758,-6.873411,2024-09-09,5
124097,4,109.383014,-6.873414,2024-09-09,5
122188,4,109.429619,-6.895931,2024-09-09,6
122190,4,109.429517,-6.895706,2024-09-09,6
122465,4,109.428699,-6.896738,2024-09-09,6
122466,4,109.429152,-6.896739,2024-09-09,6
122477,4,109.429607,-6.895836,2024-09-09,6
122478,4,109.43006,-6.895838,2024-09-09,6
123753,4,109.429148,-6.897034,2024-09-09,6
123754,4,109.428952,-6.897025,2024-09-09,6
123755,4,109.428778,-6.897015,2024-09-09,6
123756,4,109.428651,-6.897005,2024-09-09,6
123757,4,109.428488,-6.896966,2024-09-09,6
123773,4,109.429144,-6.896865,2024-09-09,6
123774,4,109.428963,-6.896861,2024-09-09,6
123775,4,109.428797,-6.89686,2024-09-09,6
123776,4,109.428613,-6.896855,2024-09-09,6
123777,4,109.428491,-6.896857,2024-09-09,6
123794,4,109.429144,-6.89666,2024-09-09,6
123795,4,109.428975,-6.896658,2024-09-09,6
123796,4,109.428791,-6.896655,2024-09-09,6
123797,4,109.428592,-6.896654,2024-09-09,6
123798,4,109.428485,-6.896657,2024-09-09,6
123850,4,109.430331,-6.895931,2024-09-09,6
123851,4,109.430194,-6.895929,2024-09-09,6
123852,4,109.42998,-6.895926,2024-09-09,6
123853,4,109.429756,-6.895922,2024-09-09,6
123854,4,109.429516,-6.895918,2024-09-09,6
123858,4,109.430331,-6.89578,2024-09-09,6
123860,4,109.430194,-6.895777,2024-09-09,6
123861,4,109.42999,-6.895771,2024-09-09,6
123862,4,109.429811,-6.895768,2024-09-09,6
123864,4,109.429646,-6.895765,2024-09-09,6
123865,4,109.429477,-6.895762,2024-09-09,6
123871,4,109.430331,-6.89567,2024-09-09,6
123872,4,109.430126,-6.895663,2024-09-09,6
123873,4,109.429852,-6.895654,2024-09-09,6
123875,4,109.429655,-6.895648,2024-09-09,6
123876,4,109.429473,-6.895642,2024-09-09,6
123880,4,109.430334,-6.895591,2024-09-09,6
123882,4,109.430137,-6.895583,2024-09-09,6
123883,4,109.429861,-6.895573,2024-09-09,6
123884,4,109.429657,-6.895566,2024-09-09,6
123887,4,109.429472,-6.89556,2024-09-09,6
