no,survei,bujur,lintang,tanggal,fase
103281,3,109.411611,-7.426361,2024-04-06,2
103852,3,109.411658,-7.426606,2024-04-06,2
103853,3,109.412111,-7.426607,2024-04-06,2
103861,3,109.411659,-7.426154,2024-04-06,2
103862,3,109.412112,-7.426155,2024-04-06,2
107126,3,109.411941,-7.426895,2024-04-06,2
107132,3,109.411867,-7.426886,2024-04-06,2
107135,3,109.411796,-7.426877,2024-04-06,2
107140,3,109.411668,-7.426859,2024-04-06,2
107145,3,109.411527,-7.426841,2024-04-06,2
107147,3,109.411431,-7.42683,2024-04-06,2
107148,3,109.411378,-7.426822,2024-04-06,2
107156,3,109.412286,-7.426848,2024-04-06,2
107157,3,109.412224,-7.426842,2024-04-06,2
107161,3,109.412145,-7.42683,2024-04-06,2
107164,3,109.412067,-7.426829,2024-04-06,2
107166,3,109.412014,-7.426814,2024-04-06,2
107169,3,109.411952,-7.426805,2024-04-06,2
107175,3,109.411866,-7.426787,2024-04-06,2
107176,3,109.411772,-7.426775,2024-04-06,2
107181,3,109.411666,-7.426754,2024-04-06,2
107188,3,109.411543,-7.426735,2024-04-06,2
107190,3,109.411449,-7.426719,2024-04-06,2
107193,3,109.411391,-7.426705,2024-04-06,2
107214,3,109.412317,-7.426627,2024-04-06,2
107217,3,109.412258,-7.426623,2024-04-06,2
107221,3,109.412179,-7.426613,2024-04-06,2
107225,3,109.412102,-7.426593,2024-04-06,2
107227,3,109.412022,-7.426591,2024-04-06,2
107229,3,109.41192,-7.426562,2024-04-06,2
107231,3,109.411817,-7.426555,2024-04-06,2
107237,3,109.411701,-7.426534,2024-04-06,2
107243,3,109.411577,-7.426517,2024-04-06,2
107248,3,109.411487,-7.426503,2024-04-06,2
107252,3,109.411421,-7.426478,2024-04-06,2
107276,3,109.412335,-7.426351,2024-04-06,2
107280,3,109.411608,-7.426306,2024-04-06,2
107281,3,109.412236,-7.426337,2024-04-06,2
107282,3,109.411412,-7.42624,2024-04-06,2
107287,3,109.412156,-7.426324,2024-04-06,2
107291,3,109.412074,-7.426318,2024-04-06,2
107296,3,109.411978,-7.426302,2024-04-06,2
107304,3,109.411867,-7.426285,2024-04-06,2
107328,3,109.41163,-7.426173,2024-04-06,2
107329,3,109.412371,-7.426153,2024-04-06,2
107330,3,109.411426,-7.426133,2024-04-06,2
107333,3,109.412267,-7.426138,2024-04-06,2
107336,3,109.412182,-7.426129,2024-04-06,2
107337,3,109.412097,-7.426118,2024-04-06,2
107339,3,109.412006,-7.426108,2024-04-06,2
107343,3,109.411796,-7.426078,2024-04-06,2
107344,3,109.412391,-7.426045,2024-04-06,2
107346,3,109.412269,-7.426031,2024-04-06,2
107349,3,109.412164,-7.426021,2024-04-06,2
107350,3,109.411546,-7.426041,2024-04-06,2
107351,3,109.411441,-7.426021,2024-04-06,2
107352,3,109.412065,-7.426011,2024-04-06,2
107356,3,109.411876,-7.42599,2024-04-06,2
107360,3,109.411588,-7.425957,2024-04-06,2
98752,3,109.411611,-7.426361,2024-04-18,2
99323,3,109.411658,-7.426606,2024-04-18,2
99324,3,109.412111,-7.426607,2024-04-18,2
99332,3,109.411659,-7.426154,2024-04-18,2
99333,3,109.412112,-7.426155,2024-04-18,2
102597,3,109.411941,-7.426895,2024-04-18,2
102603,3,109.411867,-7.426886,2024-04-18,2
102606,3,109.411796,-7.426877,2024-04-18,2
102611,3,109.411668,-7.426859,2024-04-18,2
102616,3,109.411527,-7.426841,2024-04-18,2
102618,3,109.411431,-7.42683,2024-04-18,2
102619,3,109.411378,-7.426822,2024-04-18,2
102627,3,109.412286,-7.426848,2024-04-18,2
102628,3,109.412224,-7.426842,2024-04-18,2
102632,3,109.412145,-7.42683,2024-04-18,2
102635,3,109.412067,-7.426829,2024-04-18,2
102637,3,109.412014,-7.426814,2024-04-18,2
102640,3,109.411952,-7.426805,2024-04-18,2
102646,3,109.411866,-7.426787,2024-04-18,2
102647,3,109.411772,-7.426775,2024-04-18,2
102652,3,109.411666,-7.426754,2024-04-18,2
102659,3,109.411543,-7.426735,2024-04-18,2
102661,3,109.411449,-7.426719,2024-04-18,2
102664,3,109.411391,-7.426705,2024-04-18,2
102685,3,109.412317,-7.426627,2024-04-18,2
102688,3,109.412258,-7.426623,2024-04-18,2
102692,3,109.412179,-7.426613,2024-04-18,2
102696,3,109.412102,-7.426593,2024-04-18,2
102698,3,109.412022,-7.426591,2024-04-18,2
102700,3,109.41192,-7.426562,2024-04-18,2
102702,3,109.411817,-7.426555,2024-04-18,2
102708,3,109.411701,-7.426534,2024-04-18,2
102714,3,109.411577,-7.426517,2024-04-18,2
102719,3,109.411487,-7.426503,2024-04-18,2
102723,3,109.411421,-7.426478,2024-04-18,2
102747,3,109.412335,-7.426351,2024-04-18,2
102751,3,109.411608,-7.426306,2024-04-18,2
102752,3,109.412236,-7.426337,2024-04-18,2
102753,3,109.411412,-7.42624,2024-04-18,2
102758,3,109.412156,-7.426324,2024-04-18,2
102762,3,109.412074,-7.426318,2024-04-18,2
102767,3,109.411978,-7.426302,2024-04-18,2
102775,3,109.411867,-7.426285,2024-04-18,2
102799,3,109.41163,-7.426173,2024-04-18,2
102800,3,109.412371,-7.426153,2024-04-18,2
102801,3,109.411426,-7.426133,2024-04-18,2
102804,3,109.412267,-7.426138,2024-04-18,2
102807,3,109.412182,-7.426129,2024-04-18,2
102808,3,109.412097,-7.426118,2024-04-18,2
102810,3,109.412006,-7.426108,2024-04-18,2
102814,3,109.411796,-7.426078,2024-04-18,2
102815,3,109.412391,-7.426045,2024-04-18,2
102817,3,109.412269,-7.426031,2024-04-18,2
102820,3,109.412164,-7.426021,2024-04-18,2
102821,3,109.411546,-7.426041,2024-04-18,2
102822,3,109.411441,-7.426021,2024-04-18,2
102823,3,109.412065,-7.426011,2024-04-18,2
102827,3,109.411876,-7.42599,2024-04-18,2
102831,3,109.411588,-7.425957,2024-04-18,2
94224,3,109.413472,-7.426417,2024-04-30,1
94799,3,109.413922,-7.426614,2024-04-30,1
94806,3,109.413471,-7.42616,2024-04-30,1
94807,3,109.413924,-7.426162,2024-04-30,1
98128,3,109.41385,-7.426666,2024-04-30,1
98136,3,109.413858,-7.426641,2024-04-30,1
98138,3,109.413833,-7.426609,2024-04-30,1
98144,3,109.413559,-7.426565,2024-04-30,1
98146,3,109.413941,-7.426561,2024-04-30,1
98147,3,109.41352,-7.426558,2024-04-30,1
98148,3,109.413478,-7.42655,2024-04-30,1
98149,3,109.41391,-7.426553,2024-04-30,1
98151,3,109.413869,-7.426547,2024-04-30,1
98152,3,109.413438,-7.426539,2024-04-30,1
98153,3,109.413398,-7.426532,2024-04-30,1
98155,3,109.413828,-7.426541,2024-04-30,1
98157,3,109.413357,-7.426526,2024-04-30,1
98158,3,109.413789,-7.426536,2024-04-30,1
98160,3,109.413745,-7.426551,2024-04-30,1
98162,3,109.413705,-7.426553,2024-04-30,1
98164,3,109.413677,-7.426547,2024-04-30,1
98165,3,109.413648,-7.426544,2024-04-30,1
98166,3,109.413604,-7.426563,2024-04-30,1
98174,3,109.41392,-7.426456,2024-04-30,1
98175,3,109.413888,-7.426451,2024-04-30,1
98177,3,109.413847,-7.426446,2024-04-30,1
98178,3,109.413808,-7.426439,2024-04-30,1
98180,3,109.413769,-7.426434,2024-04-30,1
98182,3,109.413728,-7.426427,2024-04-30,1
98183,3,109.413699,-7.426423,2024-04-30,1
98186,3,109.41367,-7.426419,2024-04-30,1
98187,3,109.413622,-7.426443,2024-04-30,1
98189,3,109.413582,-7.426441,2024-04-30,1
98191,3,109.413541,-7.426436,2024-04-30,1
98192,3,109.413947,-7.426436,2024-04-30,1
98193,3,109.4135,-7.42643,2024-04-30,1
98196,3,109.413459,-7.426422,2024-04-30,1
98197,3,109.413419,-7.426417,2024-04-30,1
98198,3,109.413377,-7.426413,2024-04-30,1
98205,3,109.413953,-7.426334,2024-04-30,1
98206,3,109.41391,-7.426337,2024-04-30,1
98207,3,109.413869,-7.426331,2024-04-30,1
98208,3,109.41383,-7.426324,2024-04-30,1
98210,3,109.41379,-7.426319,2024-04-30,1
98211,3,109.41375,-7.426312,2024-04-30,1
98214,3,109.413721,-7.426303,2024-04-30,1
98215,3,109.413692,-7.426299,2024-04-30,1
98216,3,109.413651,-7.426294,2024-04-30,1
98217,3,109.41361,-7.426287,2024-04-30,1
98219,3,109.41398,-7.42637,2024-04-30,1
98220,3,109.413569,-7.426281,2024-04-30,1
98225,3,109.413975,-7.426238,2024-04-30,1
98226,3,109.413528,-7.426276,2024-04-30,1
98227,3,109.413487,-7.42627,2024-04-30,1
98228,3,109.41393,-7.426231,2024-04-30,1
98230,3,109.413446,-7.426264,2024-04-30,1
98231,3,109.41389,-7.426224,2024-04-30,1
98232,3,109.413404,-7.426259,2024-04-30,1
98234,3,109.41385,-7.426216,2024-04-30,1
98237,3,109.413811,-7.42621,2024-04-30,1
98240,3,109.41377,-7.426202,2024-04-30,1
98241,3,109.413741,-7.426193,2024-04-30,1
98244,3,109.413712,-7.426188,2024-04-30,1
98247,3,109.413672,-7.426182,2024-04-30,1
98248,3,109.41402,-7.426173,2024-04-30,1
98250,3,109.413987,-7.426171,2024-04-30,1
98251,3,109.413944,-7.426164,2024-04-30,1
98252,3,109.41363,-7.426175,2024-04-30,1
98253,3,109.413903,-7.426159,2024-04-30,1
98254,3,109.413863,-7.426153,2024-04-30,1
98255,3,109.413589,-7.426167,2024-04-30,1
98256,3,109.413823,-7.426147,2024-04-30,1
98258,3,109.413782,-7.426141,2024-04-30,1
98259,3,109.413549,-7.42616,2024-04-30,1
98260,3,109.413751,-7.426137,2024-04-30,1
98262,3,109.413722,-7.426134,2024-04-30,1
98263,3,109.413682,-7.426129,2024-04-30,1
98264,3,109.41364,-7.426123,2024-04-30,1
98265,3,109.413598,-7.426117,2024-04-30,1
98266,3,109.413558,-7.426112,2024-04-30,1
98267,3,109.41351,-7.426145,2024-04-30,1
98268,3,109.413469,-7.42614,2024-04-30,1
98269,3,109.413427,-7.426135,2024-04-30,1
94223,3,109.411611,-7.426361,2024-04-30,2
94794,3,109.411658,-7.426606,2024-04-30,2
94795,3,109.412111,-7.426607,2024-04-30,2
94803,3,109.411659,-7.426154,2024-04-30,2
94804,3,109.412112,-7.426155,2024-04-30,2
98068,3,109.411941,-7.426895,2024-04-30,2
98074,3,109.411867,-7.426886,2024-04-30,2
98077,3,109.411796,-7.426877,2024-04-30,2
98082,3,109.411668,-7.426859,2024-04-30,2
98087,3,109.411527,-7.426841,2024-04-30,2
98089,3,109.411431,-7.42683,2024-04-30,2
98090,3,109.411378,-7.426822,2024-04-30,2
98098,3,109.412286,-7.426848,2024-04-30,2
98099,3,109.412224,-7.426842,2024-04-30,2
98103,3,109.412145,-7.42683,2024-04-30,2
98106,3,109.412067,-7.426829,2024-04-30,2
98108,3,109.412014,-7.426814,2024-04-30,2
98111,3,109.411952,-7.426805,2024-04-30,2
98117,3,109.411866,-7.426787,2024-04-30,2
98118,3,109.411772,-7.426775,2024-04-30,2
98123,3,109.411666,-7.426754,2024-04-30,2
98130,3,109.411543,-7.426735,2024-04-30,2
98132,3,109.411449,-7.426719,2024-04-30,2
98135,3,109.411391,-7.426705,2024-04-30,2
98156,3,109.412317,-7.426627,2024-04-30,2
98159,3,109.412258,-7.426623,2024-04-30,2
98163,3,109.412179,-7.426613,2024-04-30,2
98167,3,109.412102,-7.426593,2024-04-30,2
98169,3,109.412022,-7.426591,2024-04-30,2
98171,3,109.41192,-7.426562,2024-04-30,2
98173,3,109.411817,-7.426555,2024-04-30,2
98179,3,109.411701,-7.426534,2024-04-30,2
98185,3,109.411577,-7.426517,2024-04-30,2
98190,3,109.411487,-7.426503,2024-04-30,2
98194,3,109.411421,-7.426478,2024-04-30,2
98218,3,109.412335,-7.426351,2024-04-30,2
98222,3,109.411608,-7.426306,2024-04-30,2
98223,3,109.412236,-7.426337,2024-04-30,2
98224,3,109.411412,-7.42624,2024-04-30,2
98229,3,109.412156,-7.426324,2024-04-30,2
98233,3,109.412074,-7.426318,2024-04-30,2
98238,3,109.411978,-7.426302,2024-04-30,2
98246,3,109.411867,-7.426285,2024-04-30,2
98270,3,109.41163,-7.426173,2024-04-30,2
98271,3,109.412371,-7.426153,2024-04-30,2
98272,3,109.411426,-7.426133,2024-04-30,2
98275,3,109.412267,-7.426138,2024-04-30,2
98278,3,109.412182,-7.426129,2024-04-30,2
98279,3,109.412097,-7.426118,2024-04-30,2
98281,3,109.412006,-7.426108,2024-04-30,2
98285,3,109.411796,-7.426078,2024-04-30,2
98286,3,109.412391,-7.426045,2024-04-30,2
98288,3,109.412269,-7.426031,2024-04-30,2
98291,3,109.412164,-7.426021,2024-04-30,2
98292,3,109.411546,-7.426041,2024-04-30,2
98293,3,109.411441,-7.426021,2024-04-30,2
98294,3,109.412065,-7.426011,2024-04-30,2
98298,3,109.411876,-7.42599,2024-04-30,2
98302,3,109.411588,-7.425957,2024-04-30,2
89695,3,109.413472,-7.426417,2024-05-12,1
90270,3,109.413922,-7.426614,2024-05-12,1
90277,3,109.413471,-7.42616,2024-05-12,1
90278,3,109.413924,-7.426162,2024-05-12,1
93599,3,109.41385,-7.426666,2024-05-12,1
93607,3,109.413858,-7.426641,2024-05-12,1
93609,3,109.413833,-7.426609,2024-05-12,1
93615,3,109.413559,-7.426565,2024-05-12,1
93617,3,109.413941,-7.426561,2024-05-12,1
93618,3,109.41352,-7.426558,2024-05-12,1
93619,3,109.413478,-7.42655,2024-05-12,1
93620,3,109.41391,-7.426553,2024-05-12,1
93622,3,109.413869,-7.426547,2024-05-12,1
93623,3,109.413438,-7.426539,2024-05-12,1
93624,3,109.413398,-7.426532,2024-05-12,1
93626,3,109.413828,-7.426541,2024-05-12,1
93628,3,109.413357,-7.426526,2024-05-12,1
93629,3,109.413789,-7.426536,2024-05-12,1
93631,3,109.413745,-7.426551,2024-05-12,1
93633,3,109.413705,-7.426553,2024-05-12,1
93635,3,109.413677,-7.426547,2024-05-12,1
93636,3,109.413648,-7.426544,2024-05-12,1
93637,3,109.413604,-7.426563,2024-05-12,1
93645,3,109.41392,-7.426456,2024-05-12,1
93646,3,109.413888,-7.426451,2024-05-12,1
93648,3,109.413847,-7.426446,2024-05-12,1
93649,3,109.413808,-7.426439,2024-05-12,1
93651,3,109.413769,-7.426434,2024-05-12,1
93653,3,109.413728,-7.426427,2024-05-12,1
93654,3,109.413699,-7.426423,2024-05-12,1
93657,3,109.41367,-7.426419,2024-05-12,1
93658,3,109.413622,-7.426443,2024-05-12,1
93660,3,109.413582,-7.426441,2024-05-12,1
93662,3,109.413541,-7.426436,2024-05-12,1
93663,3,109.413947,-7.426436,2024-05-12,1
93664,3,109.4135,-7.42643,2024-05-12,1
93667,3,109.413459,-7.426422,2024-05-12,1
93668,3,109.413419,-7.426417,2024-05-12,1
93669,3,109.413377,-7.426413,2024-05-12,1
93676,3,109.413953,-7.426334,2024-05-12,1
93677,3,109.41391,-7.426337,2024-05-12,1
93678,3,109.413869,-7.426331,2024-05-12,1
93679,3,109.41383,-7.426324,2024-05-12,1
93681,3,109.41379,-7.426319,2024-05-12,1
93682,3,109.41375,-7.426312,2024-05-12,1
93685,3,109.413721,-7.426303,2024-05-12,1
93686,3,109.413692,-7.426299,2024-05-12,1
93687,3,109.413651,-7.426294,2024-05-12,1
93688,3,109.41361,-7.426287,2024-05-12,1
93690,3,109.41398,-7.42637,2024-05-12,1
93691,3,109.413569,-7.426281,2024-05-12,1
93696,3,109.413975,-7.426238,2024-05-12,1
93697,3,109.413528,-7.426276,2024-05-12,1
93698,3,109.413487,-7.42627,2024-05-12,1
93699,3,109.41393,-7.426231,2024-05-12,1
93701,3,109.413446,-7.426264,2024-05-12,1
93702,3,109.41389,-7.426224,2024-05-12,1
93703,3,109.413404,-7.426259,2024-05-12,1
93705,3,109.41385,-7.426216,2024-05-12,1
93708,3,109.413811,-7.42621,2024-05-12,1
93711,3,109.41377,-7.426202,2024-05-12,1
93712,3,109.413741,-7.426193,2024-05-12,1
93715,3,109.413712,-7.426188,2024-05-12,1
93718,3,109.413672,-7.426182,2024-05-12,1
93719,3,109.41402,-7.426173,2024-05-12,1
93721,3,109.413987,-7.426171,2024-05-12,1
93722,3,109.413944,-7.426164,2024-05-12,1
93723,3,109.41363,-7.426175,2024-05-12,1
93724,3,109.413903,-7.426159,2024-05-12,1
93725,3,109.413863,-7.426153,2024-05-12,1
93726,3,109.413589,-7.426167,2024-05-12,1
93727,3,109.413823,-7.426147,2024-05-12,1
93729,3,109.413782,-7.426141,2024-05-12,1
93730,3,109.413549,-7.42616,2024-05-12,1
93731,3,109.413751,-7.426137,2024-05-12,1
93733,3,109.413722,-7.426134,2024-05-12,1
93734,3,109.413682,-7.426129,2024-05-12,1
93735,3,109.41364,-7.426123,2024-05-12,1
93736,3,109.413598,-7.426117,2024-05-12,1
93737,3,109.413558,-7.426112,2024-05-12,1
93738,3,109.41351,-7.426145,2024-05-12,1
93739,3,109.413469,-7.42614,2024-05-12,1
93740,3,109.413427,-7.426135,2024-05-12,1
89694,3,109.411611,-7.426361,2024-05-12,2
90265,3,109.411658,-7.426606,2024-05-12,2
90266,3,109.412111,-7.426607,2024-05-12,2
90274,3,109.411659,-7.426154,2024-05-12,2
90275,3,109.412112,-7.426155,2024-05-12,2
93539,3,109.411941,-7.426895,2024-05-12,2
93545,3,109.411867,-7.426886,2024-05-12,2
93548,3,109.411796,-7.426877,2024-05-12,2
93553,3,109.411668,-7.426859,2024-05-12,2
93558,3,109.411527,-7.426841,2024-05-12,2
93560,3,109.411431,-7.42683,2024-05-12,2
93561,3,109.411378,-7.426822,2024-05-12,2
93569,3,109.412286,-7.426848,2024-05-12,2
93570,3,109.412224,-7.426842,2024-05-12,2
93574,3,109.412145,-7.42683,2024-05-12,2
93577,3,109.412067,-7.426829,2024-05-12,2
93579,3,109.412014,-7.426814,2024-05-12,2
93582,3,109.411952,-7.426805,2024-05-12,2
93588,3,109.411866,-7.426787,2024-05-12,2
93589,3,109.411772,-7.426775,2024-05-12,2
93594,3,109.411666,-7.426754,2024-05-12,2
93601,3,109.411543,-7.426735,2024-05-12,2
93603,3,109.411449,-7.426719,2024-05-12,2
93606,3,109.411391,-7.426705,2024-05-12,2
93627,3,109.412317,-7.426627,2024-05-12,2
93630,3,109.412258,-7.426623,2024-05-12,2
93634,3,109.412179,-7.426613,2024-05-12,2
93638,3,109.412102,-7.426593,2024-05-12,2
93640,3,109.412022,-7.426591,2024-05-12,2
93642,3,109.41192,-7.426562,2024-05-12,2
93644,3,109.411817,-7.426555,2024-05-12,2
93650,3,109.411701,-7.426534,2024-05-12,2
93656,3,109.411577,-7.426517,2024-05-12,2
93661,3,109.411487,-7.426503,2024-05-12,2
93665,3,109.411421,-7.426478,2024-05-12,2
93689,3,109.412335,-7.426351,2024-05-12,2
93693,3,109.411608,-7.426306,2024-05-12,2
93694,3,109.412236,-7.426337,2024-05-12,2
93695,3,109.411412,-7.42624,2024-05-12,2
93700,3,109.412156,-7.426324,2024-05-12,2
93704,3,109.412074,-7.426318,2024-05-12,2
93709,3,109.411978,-7.426302,2024-05-12,2
93717,3,109.411867,-7.426285,2024-05-12,2
93741,3,109.41163,-7.426173,2024-05-12,2
93742,3,109.412371,-7.426153,2024-05-12,2
93743,3,109.411426,-7.426133,2024-05-12,2
93746,3,109.412267,-7.426138,2024-05-12,2
93749,3,109.412182,-7.426129,2024-05-12,2
93750,3,109.412097,-7.426118,2024-05-12,2
93752,3,109.412006,-7.426108,2024-05-12,2
93756,3,109.411796,-7.426078,2024-05-12,2
93763,3,109.411546,-7.426041,2024-05-12,2
93764,3,109.411441,-7.426021,2024-05-12,2
93757,3,109.412391,-7.426045,2024-05-12,3
93759,3,109.412269,-7.426031,2024-05-12,3
93762,3,109.412164,-7.426021,2024-05-12,3
93765,3,109.412065,-7.426011,2024-05-12,3
93769,3,109.411876,-7.42599,2024-05-12,3
93773,3,109.411588,-7.425957,2024-05-12,3
85163,3,109.295694,-7.426111,2024-05-14,1
85167,3,109.413361,-7.426667,2024-05-14,1
85173,3,109.449389,-7.595722,2024-05-14,1
85687,3,109.448652,-7.595832,2024-05-14,1
85688,3,109.449105,-7.595834,2024-05-14,1
85689,3,109.449559,-7.595835,2024-05-14,1
85692,3,109.448654,-7.59538,2024-05-14,1
85693,3,109.449107,-7.595381,2024-05-14,1
85694,3,109.44956,-7.595383,2024-05-14,1
85697,3,109.448656,-7.594928,2024-05-14,1
85698,3,109.449109,-7.594929,2024-05-14,1
85699,3,109.449562,-7.594931,2024-05-14,1
85702,3,109.448657,-7.594476,2024-05-14,1
85703,3,109.44911,-7.594477,2024-05-14,1
85727,3,109.2948,-7.427076,2024-05-14,1
85728,3,109.295253,-7.427078,2024-05-14,1
85729,3,109.295706,-7.42708,2024-05-14,1
85730,3,109.294801,-7.426624,2024-05-14,1
85731,3,109.295254,-7.426626,2024-05-14,1
85732,3,109.295707,-7.426628,2024-05-14,1
85733,3,109.294803,-7.426172,2024-05-14,1
85734,3,109.295256,-7.426174,2024-05-14,1
85735,3,109.295709,-7.426176,2024-05-14,1
85738,3,109.412564,-7.426609,2024-05-14,1
85739,3,109.413017,-7.426611,2024-05-14,1
85740,3,109.41347,-7.426612,2024-05-14,1
85742,3,109.294805,-7.42572,2024-05-14,1
85743,3,109.295258,-7.425722,2024-05-14,1
85744,3,109.295711,-7.425724,2024-05-14,1
85747,3,109.413018,-7.426158,2024-05-14,1
88620,3,109.449044,-7.595973,2024-05-14,1
88623,3,109.449018,-7.595938,2024-05-14,1
88624,3,109.449141,-7.595946,2024-05-14,1
88630,3,109.449021,-7.595877,2024-05-14,1
88631,3,109.448649,-7.595892,2024-05-14,1
88632,3,109.448519,-7.595919,2024-05-14,1
88633,3,109.449278,-7.595859,2024-05-14,1
88635,3,109.448921,-7.595837,2024-05-14,1
88637,3,109.449178,-7.595904,2024-05-14,1
88638,3,109.449586,-7.59593,2024-05-14,1
88639,3,109.449273,-7.595788,2024-05-14,1
88640,3,109.448925,-7.595766,2024-05-14,1
88641,3,109.44913,-7.595792,2024-05-14,1
88642,3,109.449272,-7.595727,2024-05-14,1
88643,3,109.448738,-7.595764,2024-05-14,1
88644,3,109.448777,-7.59586,2024-05-14,1
88645,3,109.448454,-7.59573,2024-05-14,1
88646,3,109.448526,-7.595733,2024-05-14,1
88647,3,109.449277,-7.595678,2024-05-14,1
88648,3,109.44959,-7.595826,2024-05-14,1
88649,3,109.449074,-7.595687,2024-05-14,1
88651,3,109.448922,-7.595662,2024-05-14,1
88653,3,109.449063,-7.595634,2024-05-14,1
88654,3,109.449591,-7.595739,2024-05-14,1
88655,3,109.449269,-7.595638,2024-05-14,1
88657,3,109.44874,-7.595672,2024-05-14,1
88659,3,109.44867,-7.595554,2024-05-14,1
88660,3,109.44892,-7.5956,2024-05-14,1
88661,3,109.448575,-7.595593,2024-05-14,1
88662,3,109.44848,-7.595601,2024-05-14,1
88664,3,109.449595,-7.595654,2024-05-14,1
88666,3,109.449054,-7.59557,2024-05-14,1
88667,3,109.448365,-7.595649,2024-05-14,1
88669,3,109.448816,-7.595611,2024-05-14,1
88672,3,109.449611,-7.595543,2024-05-14,1
88674,3,109.448807,-7.595479,2024-05-14,1
88678,3,109.449562,-7.595468,2024-05-14,1
88679,3,109.448642,-7.595469,2024-05-14,1
88680,3,109.448456,-7.595463,2024-05-14,1
88682,3,109.448671,-7.595389,2024-05-14,1
88683,3,109.449563,-7.595366,2024-05-14,1
88684,3,109.449182,-7.595513,2024-05-14,1
88685,3,109.448853,-7.595404,2024-05-14,1
88686,3,109.449576,-7.595251,2024-05-14,1
88688,3,109.448866,-7.595313,2024-05-14,1
88692,3,109.44918,-7.595359,2024-05-14,1
88699,3,109.4483,-7.595265,2024-05-14,1
88701,3,109.44837,-7.595319,2024-05-14,1
88703,3,109.449184,-7.595233,2024-05-14,1
88704,3,109.449596,-7.595124,2024-05-14,1
88705,3,109.448642,-7.595081,2024-05-14,1
88707,3,109.449217,-7.595097,2024-05-14,1
88708,3,109.448916,-7.595048,2024-05-14,1
88709,3,109.448869,-7.595118,2024-05-14,1
88710,3,109.448848,-7.595207,2024-05-14,1
88711,3,109.449605,-7.595025,2024-05-14,1
88712,3,109.448548,-7.59511,2024-05-14,1
88713,3,109.448687,-7.595082,2024-05-14,1
88714,3,109.448661,-7.595264,2024-05-14,1
88715,3,109.448526,-7.595255,2024-05-14,1
88719,3,109.448526,-7.595471,2024-05-14,1
88724,3,109.448394,-7.595054,2024-05-14,1
88725,3,109.448314,-7.595002,2024-05-14,1
88726,3,109.448295,-7.594996,2024-05-14,1
88727,3,109.449204,-7.594989,2024-05-14,1
88728,3,109.449003,-7.594983,2024-05-14,1
88729,3,109.449602,-7.594934,2024-05-14,1
88730,3,109.449186,-7.594916,2024-05-14,1
88731,3,109.448767,-7.594898,2024-05-14,1
88732,3,109.448469,-7.594896,2024-05-14,1
88733,3,109.449085,-7.594796,2024-05-14,1
88734,3,109.449287,-7.594769,2024-05-14,1
88735,3,109.448868,-7.594894,2024-05-14,1
88736,3,109.449607,-7.594794,2024-05-14,1
88738,3,109.448916,-7.594727,2024-05-14,1
88739,3,109.448876,-7.594779,2024-05-14,1
88740,3,109.448491,-7.594841,2024-05-14,1
88741,3,109.448682,-7.594779,2024-05-14,1
88742,3,109.448642,-7.594835,2024-05-14,1
88743,3,109.448581,-7.594828,2024-05-14,1
88744,3,109.448311,-7.59481,2024-05-14,1
88745,3,109.448528,-7.594813,2024-05-14,1
88746,3,109.448427,-7.594676,2024-05-14,1
88747,3,109.448403,-7.594744,2024-05-14,1
88748,3,109.44838,-7.594852,2024-05-14,1
88749,3,109.449182,-7.594686,2024-05-14,1
88751,3,109.448347,-7.594628,2024-05-14,1
88752,3,109.448859,-7.59465,2024-05-14,1
88753,3,109.448373,-7.594616,2024-05-14,1
88755,3,109.448505,-7.594615,2024-05-14,1
88762,3,109.449967,-7.594715,2024-05-14,1
88763,3,109.449865,-7.594705,2024-05-14,1
88764,3,109.448442,-7.594596,2024-05-14,1
88765,3,109.449667,-7.594594,2024-05-14,1
88766,3,109.449481,-7.594595,2024-05-14,1
88767,3,109.448532,-7.59457,2024-05-14,1
88768,3,109.44921,-7.594555,2024-05-14,1
88769,3,109.448905,-7.594538,2024-05-14,1
88770,3,109.448595,-7.594603,2024-05-14,1
88771,3,109.44875,-7.594505,2024-05-14,1
88772,3,109.448678,-7.594566,2024-05-14,1
88773,3,109.448709,-7.594694,2024-05-14,1
88983,3,109.295259,-7.427132,2024-05-14,1
88984,3,109.29507,-7.427128,2024-05-14,1
88985,3,109.295743,-7.427117,2024-05-14,1
88986,3,109.295684,-7.427116,2024-05-14,1
88987,3,109.295569,-7.427112,2024-05-14,1
88988,3,109.295428,-7.427107,2024-05-14,1
88989,3,109.413762,-7.427054,2024-05-14,1
88990,3,109.295332,-7.427104,2024-05-14,1
88991,3,109.294828,-7.427104,2024-05-14,1
88992,3,109.294631,-7.427098,2024-05-14,1
88993,3,109.295111,-7.427049,2024-05-14,1
88994,3,109.413758,-7.427022,2024-05-14,1
88995,3,109.41385,-7.427021,2024-05-14,1
88996,3,109.413775,-7.42699,2024-05-14,1
88997,3,109.295794,-7.427041,2024-05-14,1
88998,3,109.413574,-7.426992,2024-05-14,1
88999,3,109.29563,-7.427001,2024-05-14,1
89000,3,109.295417,-7.426991,2024-05-14,1
89001,3,109.413446,-7.426966,2024-05-14,1
89002,3,109.295142,-7.426975,2024-05-14,1
89003,3,109.413804,-7.426958,2024-05-14,1
89004,3,109.413341,-7.426947,2024-05-14,1
89005,3,109.413269,-7.426937,2024-05-14,1
89006,3,109.413661,-7.42696,2024-05-14,1
89007,3,109.29579,-7.426928,2024-05-14,1
89008,3,109.29472,-7.426957,2024-05-14,1
89009,3,109.413198,-7.426923,2024-05-14,1
89011,3,109.413616,-7.426937,2024-05-14,1
89012,3,109.413128,-7.426912,2024-05-14,1
89013,3,109.295625,-7.426918,2024-05-14,1
89015,3,109.413832,-7.426914,2024-05-14,1
89017,3,109.41306,-7.4269,2024-05-14,1
89018,3,109.295371,-7.426905,2024-05-14,1
89020,3,109.295142,-7.426894,2024-05-14,1
89021,3,109.413545,-7.426929,2024-05-14,1
89022,3,109.413863,-7.426867,2024-05-14,1
89023,3,109.413736,-7.426877,2024-05-14,1
89026,3,109.413511,-7.42689,2024-05-14,1
89027,3,109.41364,-7.426847,2024-05-14,1
89028,3,109.413588,-7.426882,2024-05-14,1
89030,3,109.413401,-7.42687,2024-05-14,1
89033,3,109.413276,-7.42685,2024-05-14,1
89034,3,109.413886,-7.426822,2024-05-14,1
89035,3,109.295794,-7.426839,2024-05-14,1
89036,3,109.295365,-7.426831,2024-05-14,1
89037,3,109.295148,-7.426817,2024-05-14,1
89038,3,109.413798,-7.426818,2024-05-14,1
89039,3,109.413729,-7.426801,2024-05-14,1
89042,3,109.41368,-7.426786,2024-05-14,1
89043,3,109.413623,-7.426783,2024-05-14,1
89044,3,109.413571,-7.426797,2024-05-14,1
89046,3,109.295621,-7.426818,2024-05-14,1
89047,3,109.413747,-7.426751,2024-05-14,1
89049,3,109.294711,-7.426818,2024-05-14,1
89051,3,109.294958,-7.426824,2024-05-14,1
89052,3,109.295437,-7.426763,2024-05-14,1
89054,3,109.413437,-7.42677,2024-05-14,1
89055,3,109.295814,-7.426756,2024-05-14,1
89056,3,109.413863,-7.426752,2024-05-14,1
89057,3,109.413036,-7.426799,2024-05-14,1
89058,3,109.295327,-7.426747,2024-05-14,1
89061,3,109.295766,-7.426733,2024-05-14,1
89062,3,109.412937,-7.426797,2024-05-14,1
89063,3,109.413255,-7.426736,2024-05-14,1
89066,3,109.295145,-7.426728,2024-05-14,1
89067,3,109.413771,-7.426703,2024-05-14,1
89068,3,109.413147,-7.426777,2024-05-14,1
89069,3,109.412827,-7.426771,2024-05-14,1
89071,3,109.413731,-7.426704,2024-05-14,1
89073,3,109.413693,-7.426692,2024-05-14,1
89075,3,109.295529,-7.426695,2024-05-14,1
89076,3,109.413644,-7.426689,2024-05-14,1
89079,3,109.413588,-7.426683,2024-05-14,1
89081,3,109.295015,-7.42665,2024-05-14,1
89082,3,109.294753,-7.42666,2024-05-14,1
89083,3,109.413449,-7.426657,2024-05-14,1
89084,3,109.41329,-7.426622,2024-05-14,1
89085,3,109.294747,-7.426564,2024-05-14,1
89087,3,109.413181,-7.426596,2024-05-14,1
89092,3,109.295166,-7.426611,2024-05-14,1
89096,3,109.413069,-7.426606,2024-05-14,1
89103,3,109.412974,-7.42659,2024-05-14,1
89110,3,109.412909,-7.426559,2024-05-14,1
89112,3,109.412826,-7.426549,2024-05-14,1
89114,3,109.412836,-7.426433,2024-05-14,1
89118,3,109.294905,-7.426488,2024-05-14,1
89123,3,109.294658,-7.426463,2024-05-14,1
89126,3,109.295412,-7.426552,2024-05-14,1
89130,3,109.412608,-7.426631,2024-05-14,1
89137,3,109.413307,-7.42645,2024-05-14,1
89141,3,109.413207,-7.426433,2024-05-14,1
89142,3,109.413087,-7.426404,2024-05-14,1
89143,3,109.295782,-7.426425,2024-05-14,1
89144,3,109.412991,-7.426396,2024-05-14,1
89145,3,109.412927,-7.42638,2024-05-14,1
89146,3,109.295679,-7.426405,2024-05-14,1
89151,3,109.294769,-7.426351,2024-05-14,1
89154,3,109.294562,-7.426311,2024-05-14,1
89155,3,109.412592,-7.426315,2024-05-14,1
89163,3,109.295551,-7.426336,2024-05-14,1
89177,3,109.295366,-7.42629,2024-05-14,1
89178,3,109.29502,-7.426234,2024-05-14,1
89181,3,109.295091,-7.426243,2024-05-14,1
89184,3,109.413303,-7.426253,2024-05-14,1
89185,3,109.294934,-7.426216,2024-05-14,1
89187,3,109.294847,-7.426192,2024-05-14,1
89191,3,109.413179,-7.426236,2024-05-14,1
89199,3,109.295745,-7.426219,2024-05-14,1
89203,3,109.294685,-7.426183,2024-05-14,1
89215,3,109.41311,-7.426201,2024-05-14,1
89216,3,109.413328,-7.42612,2024-05-14,1
89218,3,109.413202,-7.426107,2024-05-14,1
89219,3,109.413029,-7.426187,2024-05-14,1
89222,3,109.41308,-7.426066,2024-05-14,1
89224,3,109.295404,-7.426128,2024-05-14,1
89225,3,109.295214,-7.426185,2024-05-14,1
89226,3,109.295144,-7.426088,2024-05-14,1
89229,3,109.295072,-7.426086,2024-05-14,1
89231,3,109.29481,-7.42608,2024-05-14,1
89232,3,109.294981,-7.42607,2024-05-14,1
89237,3,109.295627,-7.426103,2024-05-14,1
89238,3,109.294653,-7.426052,2024-05-14,1
89239,3,109.295451,-7.426029,2024-05-14,1
89241,3,109.29577,-7.426048,2024-05-14,1
89242,3,109.294567,-7.426015,2024-05-14,1
89243,3,109.295813,-7.425956,2024-05-14,1
89245,3,109.295284,-7.425973,2024-05-14,1
89246,3,109.295617,-7.425969,2024-05-14,1
89247,3,109.29519,-7.425954,2024-05-14,1
89248,3,109.295122,-7.425948,2024-05-14,1
89249,3,109.295026,-7.425928,2024-05-14,1
89250,3,109.29492,-7.425931,2024-05-14,1
89251,3,109.294836,-7.425913,2024-05-14,1
89252,3,109.295491,-7.425905,2024-05-14,1
89253,3,109.294707,-7.425888,2024-05-14,1
89254,3,109.295695,-7.425902,2024-05-14,1
89255,3,109.295325,-7.425859,2024-05-14,1
89256,3,109.295229,-7.425842,2024-05-14,1
89257,3,109.294586,-7.425854,2024-05-14,1
89258,3,109.295163,-7.42583,2024-05-14,1
89259,3,109.295066,-7.425807,2024-05-14,1
89260,3,109.294965,-7.425786,2024-05-14,1
89261,3,109.294879,-7.425773,2024-05-14,1
89262,3,109.294744,-7.425756,2024-05-14,1
89263,3,109.295734,-7.425807,2024-05-14,1
89264,3,109.294601,-7.425734,2024-05-14,1
89265,3,109.295528,-7.425771,2024-05-14,1
89266,3,109.295269,-7.425727,2024-05-14,1
89267,3,109.295366,-7.425731,2024-05-14,1
89268,3,109.295205,-7.425711,2024-05-14,1
89269,3,109.295758,-7.425702,2024-05-14,1
89270,3,109.295579,-7.425688,2024-05-14,1
89271,3,109.2954,-7.425653,2024-05-14,1
89272,3,109.295297,-7.425654,2024-05-14,1
89273,3,109.295234,-7.425645,2024-05-14,1
89274,3,109.295109,-7.425689,2024-05-14,1
89275,3,109.294998,-7.425677,2024-05-14,1
89276,3,109.29491,-7.425672,2024-05-14,1
89277,3,109.294768,-7.425665,2024-05-14,1
89278,3,109.294614,-7.425657,2024-05-14,1
85166,3,109.413472,-7.426417,2024-05-14,2
85741,3,109.413922,-7.426614,2024-05-14,2
85748,3,109.413471,-7.42616,2024-05-14,2
85749,3,109.413924,-7.426162,2024-05-14,2
89070,3,109.41385,-7.426666,2024-05-14,2
89078,3,109.413858,-7.426641,2024-05-14,2
89080,3,109.413833,-7.426609,2024-05-14,2
89086,3,109.413559,-7.426565,2024-05-14,2
89088,3,109.413941,-7.426561,2024-05-14,2
89089,3,109.41352,-7.426558,2024-05-14,2
89090,3,109.413478,-7.42655,2024-05-14,2
89091,3,109.41391,-7.426553,2024-05-14,2
89093,3,109.413869,-7.426547,2024-05-14,2
89094,3,109.413438,-7.426539,2024-05-14,2
89095,3,109.413398,-7.426532,2024-05-14,2
89097,3,109.413828,-7.426541,2024-05-14,2
89099,3,109.413357,-7.426526,2024-05-14,2
89100,3,109.413789,-7.426536,2024-05-14,2
89102,3,109.413745,-7.426551,2024-05-14,2
89104,3,109.413705,-7.426553,2024-05-14,2
89106,3,109.413677,-7.426547,2024-05-14,2
89107,3,109.413648,-7.426544,2024-05-14,2
89108,3,109.413604,-7.426563,2024-05-14,2
89116,3,109.41392,-7.426456,2024-05-14,2
89117,3,109.413888,-7.426451,2024-05-14,2
89119,3,109.413847,-7.426446,2024-05-14,2
89120,3,109.413808,-7.426439,2024-05-14,2
89122,3,109.413769,-7.426434,2024-05-14,2
89124,3,109.413728,-7.426427,2024-05-14,2
89125,3,109.413699,-7.426423,2024-05-14,2
89128,3,109.41367,-7.426419,2024-05-14,2
89129,3,109.413622,-7.426443,2024-05-14,2
89131,3,109.413582,-7.426441,2024-05-14,2
89133,3,109.413541,-7.426436,2024-05-14,2
89134,3,109.413947,-7.426436,2024-05-14,2
89135,3,109.4135,-7.42643,2024-05-14,2
89138,3,109.413459,-7.426422,2024-05-14,2
89139,3,109.413419,-7.426417,2024-05-14,2
89140,3,109.413377,-7.426413,2024-05-14,2
89147,3,109.413953,-7.426334,2024-05-14,2
89148,3,109.41391,-7.426337,2024-05-14,2
89149,3,109.413869,-7.426331,2024-05-14,2
89150,3,109.41383,-7.426324,2024-05-14,2
89152,3,109.41379,-7.426319,2024-05-14,2
89153,3,109.41375,-7.426312,2024-05-14,2
89156,3,109.413721,-7.426303,2024-05-14,2
89157,3,109.413692,-7.426299,2024-05-14,2
89158,3,109.413651,-7.426294,2024-05-14,2
89159,3,109.41361,-7.426287,2024-05-14,2
89161,3,109.41398,-7.42637,2024-05-14,2
89162,3,109.413569,-7.426281,2024-05-14,2
89167,3,109.413975,-7.426238,2024-05-14,2
89168,3,109.413528,-7.426276,2024-05-14,2
89169,3,109.413487,-7.42627,2024-05-14,2
89170,3,109.41393,-7.426231,2024-05-14,2
89172,3,109.413446,-7.426264,2024-05-14,2
89173,3,109.41389,-7.426224,2024-05-14,2
89174,3,109.413404,-7.426259,2024-05-14,2
89176,3,109.41385,-7.426216,2024-05-14,2
89179,3,109.413811,-7.42621,2024-05-14,2
89182,3,109.41377,-7.426202,2024-05-14,2
89183,3,109.413741,-7.426193,2024-05-14,2
89186,3,109.413712,-7.426188,2024-05-14,2
89189,3,109.413672,-7.426182,2024-05-14,2
89190,3,109.41402,-7.426173,2024-05-14,2
89192,3,109.413987,-7.426171,2024-05-14,2
89193,3,109.413944,-7.426164,2024-05-14,2
89194,3,109.41363,-7.426175,2024-05-14,2
89195,3,109.413903,-7.426159,2024-05-14,2
89196,3,109.413863,-7.426153,2024-05-14,2
89197,3,109.413589,-7.426167,2024-05-14,2
89198,3,109.413823,-7.426147,2024-05-14,2
89200,3,109.413782,-7.426141,2024-05-14,2
89201,3,109.413549,-7.42616,2024-05-14,2
89202,3,109.413751,-7.426137,2024-05-14,2
89204,3,109.413722,-7.426134,2024-05-14,2
89205,3,109.413682,-7.426129,2024-05-14,2
89206,3,109.41364,-7.426123,2024-05-14,2
89207,3,109.413598,-7.426117,2024-05-14,2
89208,3,109.413558,-7.426112,2024-05-14,2
89209,3,109.41351,-7.426145,2024-05-14,2
89210,3,109.413469,-7.42614,2024-05-14,2
89211,3,109.413427,-7.426135,2024-05-14,2
85165,3,109.411611,-7.426361,2024-05-14,3
85736,3,109.411658,-7.426606,2024-05-14,3
85737,3,109.412111,-7.426607,2024-05-14,3
85745,3,109.411659,-7.426154,2024-05-14,3
85746,3,109.412112,-7.426155,2024-05-14,3
89010,3,109.411941,-7.426895,2024-05-14,3
89016,3,109.411867,-7.426886,2024-05-14,3
89019,3,109.411796,-7.426877,2024-05-14,3
89024,3,109.411668,-7.426859,2024-05-14,3
89029,3,109.411527,-7.426841,2024-05-14,3
89031,3,109.411431,-7.42683,2024-05-14,3
89032,3,109.411378,-7.426822,2024-05-14,3
89040,3,109.412286,-7.426848,2024-05-14,3
89041,3,109.412224,-7.426842,2024-05-14,3
89045,3,109.412145,-7.42683,2024-05-14,3
89048,3,109.412067,-7.426829,2024-05-14,3
89050,3,109.412014,-7.426814,2024-05-14,3
89053,3,109.411952,-7.426805,2024-05-14,3
89059,3,109.411866,-7.426787,2024-05-14,3
89060,3,109.411772,-7.426775,2024-05-14,3
89065,3,109.411666,-7.426754,2024-05-14,3
89072,3,109.411543,-7.426735,2024-05-14,3
89074,3,109.411449,-7.426719,2024-05-14,3
89077,3,109.411391,-7.426705,2024-05-14,3
89098,3,109.412317,-7.426627,2024-05-14,3
89101,3,109.412258,-7.426623,2024-05-14,3
89105,3,109.412179,-7.426613,2024-05-14,3
89109,3,109.412102,-7.426593,2024-05-14,3
89111,3,109.412022,-7.426591,2024-05-14,3
89113,3,109.41192,-7.426562,2024-05-14,3
89115,3,109.411817,-7.426555,2024-05-14,3
89121,3,109.411701,-7.426534,2024-05-14,3
89127,3,109.411577,-7.426517,2024-05-14,3
89132,3,109.411487,-7.426503,2024-05-14,3
89136,3,109.411421,-7.426478,2024-05-14,3
89160,3,109.412335,-7.426351,2024-05-14,3
89164,3,109.411608,-7.426306,2024-05-14,3
89165,3,109.412236,-7.426337,2024-05-14,3
89166,3,109.411412,-7.42624,2024-05-14,3
89171,3,109.412156,-7.426324,2024-05-14,3
89175,3,109.412074,-7.426318,2024-05-14,3
89180,3,109.411978,-7.426302,2024-05-14,3
89188,3,109.411867,-7.426285,2024-05-14,3
89212,3,109.41163,-7.426173,2024-05-14,3
89213,3,109.412371,-7.426153,2024-05-14,3
89214,3,109.411426,-7.426133,2024-05-14,3
89217,3,109.412267,-7.426138,2024-05-14,3
89220,3,109.412182,-7.426129,2024-05-14,3
89221,3,109.412097,-7.426118,2024-05-14,3
89223,3,109.412006,-7.426108,2024-05-14,3
89227,3,109.411796,-7.426078,2024-05-14,3
89228,3,109.412391,-7.426045,2024-05-14,3
89230,3,109.412269,-7.426031,2024-05-14,3
89233,3,109.412164,-7.426021,2024-05-14,3
89234,3,109.411546,-7.426041,2024-05-14,3
89235,3,109.411441,-7.426021,2024-05-14,3
89236,3,109.412065,-7.426011,2024-05-14,3
89240,3,109.411876,-7.42599,2024-05-14,3
89244,3,109.411588,-7.425957,2024-05-14,3
80635,3,109.352639,-7.434611,2024-06-05,1
80639,3,109.375167,-7.504139,2024-06-05,1
81163,3,109.448654,-7.59538,2024-06-05,1
81164,3,109.449107,-7.595381,2024-06-05,1
81165,3,109.44956,-7.595383,2024-06-05,1
81168,3,109.448656,-7.594928,2024-06-05,1
81169,3,109.449109,-7.594929,2024-06-05,1
81170,3,109.449562,-7.594931,2024-06-05,1
81173,3,109.448657,-7.594476,2024-06-05,1
81174,3,109.44911,-7.594477,2024-06-05,1
81175,3,109.374681,-7.504687,2024-06-05,1
81176,3,109.375134,-7.504689,2024-06-05,1
81177,3,109.375587,-7.504691,2024-06-05,1
81178,3,109.37423,-7.504233,2024-06-05,1
81179,3,109.374683,-7.504235,2024-06-05,1
81180,3,109.375136,-7.504237,2024-06-05,1
81181,3,109.375589,-7.504238,2024-06-05,1
81182,3,109.374685,-7.503783,2024-06-05,1
81183,3,109.375138,-7.503785,2024-06-05,1
81184,3,109.375591,-7.503786,2024-06-05,1
81185,3,109.374686,-7.503331,2024-06-05,1
81186,3,109.352288,-7.435884,2024-06-05,1
81187,3,109.352741,-7.435885,2024-06-05,1
81188,3,109.353194,-7.435887,2024-06-05,1
81189,3,109.353647,-7.435889,2024-06-05,1
81190,3,109.35229,-7.435431,2024-06-05,1
81191,3,109.352743,-7.435433,2024-06-05,1
81192,3,109.353196,-7.435435,2024-06-05,1
81193,3,109.351839,-7.434978,2024-06-05,1
81194,3,109.352292,-7.434979,2024-06-05,1
81195,3,109.352745,-7.434981,2024-06-05,1
81196,3,109.353198,-7.434983,2024-06-05,1
81197,3,109.352746,-7.434529,2024-06-05,1
84107,3,109.449894,-7.595872,2024-06-05,1
84121,3,109.449963,-7.595739,2024-06-05,1
84123,3,109.449982,-7.595651,2024-06-05,1
84137,3,109.449054,-7.59557,2024-06-05,1
84143,3,109.449611,-7.595543,2024-06-05,1
84148,3,109.449965,-7.595477,2024-06-05,1
84149,3,109.449562,-7.595468,2024-06-05,1
84153,3,109.448671,-7.595389,2024-06-05,1
84154,3,109.449563,-7.595366,2024-06-05,1
84155,3,109.449182,-7.595513,2024-06-05,1
84156,3,109.448853,-7.595404,2024-06-05,1
84157,3,109.449576,-7.595251,2024-06-05,1
84158,3,109.449968,-7.595375,2024-06-05,1
84159,3,109.448866,-7.595313,2024-06-05,1
84160,3,109.449985,-7.595268,2024-06-05,1
84163,3,109.44918,-7.595359,2024-06-05,1
84173,3,109.449861,-7.595118,2024-06-05,1
84174,3,109.449184,-7.595233,2024-06-05,1
84175,3,109.449596,-7.595124,2024-06-05,1
84178,3,109.449217,-7.595097,2024-06-05,1
84179,3,109.448916,-7.595048,2024-06-05,1
84180,3,109.448869,-7.595118,2024-06-05,1
84181,3,109.448848,-7.595207,2024-06-05,1
84182,3,109.449605,-7.595025,2024-06-05,1
84183,3,109.448548,-7.59511,2024-06-05,1
84184,3,109.448687,-7.595082,2024-06-05,1
84185,3,109.448661,-7.595264,2024-06-05,1
84186,3,109.448526,-7.595255,2024-06-05,1
84189,3,109.449905,-7.59505,2024-06-05,1
84190,3,109.448526,-7.595471,2024-06-05,1
84194,3,109.449996,-7.595039,2024-06-05,1
84198,3,109.449204,-7.594989,2024-06-05,1
84199,3,109.449003,-7.594983,2024-06-05,1
84200,3,109.449602,-7.594934,2024-06-05,1
84201,3,109.449186,-7.594916,2024-06-05,1
84202,3,109.448767,-7.594898,2024-06-05,1
84203,3,109.448469,-7.594896,2024-06-05,1
84204,3,109.449085,-7.594796,2024-06-05,1
84205,3,109.449287,-7.594769,2024-06-05,1
84206,3,109.448868,-7.594894,2024-06-05,1
84207,3,109.449607,-7.594794,2024-06-05,1
84209,3,109.448916,-7.594727,2024-06-05,1
84210,3,109.448876,-7.594779,2024-06-05,1
84211,3,109.448491,-7.594841,2024-06-05,1
84212,3,109.448682,-7.594779,2024-06-05,1
84213,3,109.448642,-7.594835,2024-06-05,1
84214,3,109.448581,-7.594828,2024-06-05,1
84216,3,109.448528,-7.594813,2024-06-05,1
84220,3,109.449182,-7.594686,2024-06-05,1
84223,3,109.448859,-7.59465,2024-06-05,1
84226,3,109.448505,-7.594615,2024-06-05,1
84233,3,109.449967,-7.594715,2024-06-05,1
84234,3,109.449865,-7.594705,2024-06-05,1
84236,3,109.449667,-7.594594,2024-06-05,1
84237,3,109.449481,-7.594595,2024-06-05,1
84238,3,109.448532,-7.59457,2024-06-05,1
84239,3,109.44921,-7.594555,2024-06-05,1
84240,3,109.448905,-7.594538,2024-06-05,1
84241,3,109.448595,-7.594603,2024-06-05,1
84242,3,109.44875,-7.594505,2024-06-05,1
84243,3,109.448678,-7.594566,2024-06-05,1
84244,3,109.448709,-7.594694,2024-06-05,1
84245,3,109.375327,-7.505047,2024-06-05,1
84246,3,109.375389,-7.505055,2024-06-05,1
84247,3,109.375076,-7.504923,2024-06-05,1
84248,3,109.375244,-7.504951,2024-06-05,1
84249,3,109.375403,-7.50495,2024-06-05,1
84250,3,109.37549,-7.504896,2024-06-05,1
84251,3,109.375106,-7.504791,2024-06-05,1
84252,3,109.375351,-7.504766,2024-06-05,1
84253,3,109.375532,-7.504739,2024-06-05,1
84254,3,109.374899,-7.50477,2024-06-05,1
84255,3,109.374465,-7.504643,2024-06-05,1
84256,3,109.375545,-7.504671,2024-06-05,1
84257,3,109.374539,-7.504648,2024-06-05,1
84258,3,109.37461,-7.504679,2024-06-05,1
84259,3,109.375335,-7.504664,2024-06-05,1
84260,3,109.375096,-7.50468,2024-06-05,1
84261,3,109.375559,-7.504607,2024-06-05,1
84262,3,109.375571,-7.504543,2024-06-05,1
84263,3,109.375316,-7.504545,2024-06-05,1
84264,3,109.374245,-7.504519,2024-06-05,1
84265,3,109.375583,-7.504477,2024-06-05,1
84266,3,109.375308,-7.504464,2024-06-05,1
84267,3,109.375075,-7.504539,2024-06-05,1
84268,3,109.374212,-7.504438,2024-06-05,1
84269,3,109.375603,-7.504412,2024-06-05,1
84270,3,109.37416,-7.504452,2024-06-05,1
84271,3,109.37531,-7.504397,2024-06-05,1
84272,3,109.375607,-7.504349,2024-06-05,1
84273,3,109.375321,-7.504315,2024-06-05,1
84274,3,109.375115,-7.504271,2024-06-05,1
84275,3,109.375628,-7.504283,2024-06-05,1
84276,3,109.375283,-7.504252,2024-06-05,1
84277,3,109.375124,-7.504202,2024-06-05,1
84278,3,109.375626,-7.504216,2024-06-05,1
84279,3,109.375272,-7.50419,2024-06-05,1
84280,3,109.375866,-7.504179,2024-06-05,1
84281,3,109.374228,-7.504286,2024-06-05,1
84282,3,109.375617,-7.504154,2024-06-05,1
84283,3,109.375051,-7.504403,2024-06-05,1
84284,3,109.375035,-7.504238,2024-06-05,1
84285,3,109.375083,-7.504118,2024-06-05,1
84286,3,109.375261,-7.504112,2024-06-05,1
84287,3,109.375881,-7.504103,2024-06-05,1
84288,3,109.3743,-7.504369,2024-06-05,1
84289,3,109.375537,-7.504089,2024-06-05,1
84290,3,109.37576,-7.504067,2024-06-05,1
84291,3,109.374383,-7.504312,2024-06-05,1
84292,3,109.375159,-7.504034,2024-06-05,1
84293,3,109.375897,-7.50401,2024-06-05,1
84294,3,109.375574,-7.503994,2024-06-05,1
84295,3,109.374355,-7.503971,2024-06-05,1
84296,3,109.375477,-7.503931,2024-06-05,1
84297,3,109.375714,-7.503922,2024-06-05,1
84298,3,109.37586,-7.503933,2024-06-05,1
84299,3,109.375268,-7.503977,2024-06-05,1
84300,3,109.375144,-7.50393,2024-06-05,1
84301,3,109.375092,-7.50397,2024-06-05,1
84302,3,109.37503,-7.503962,2024-06-05,1
84303,3,109.374967,-7.503972,2024-06-05,1
84304,3,109.374909,-7.503963,2024-06-05,1
84305,3,109.374387,-7.50395,2024-06-05,1
84306,3,109.374866,-7.504118,2024-06-05,1
84307,3,109.374776,-7.504128,2024-06-05,1
84308,3,109.374742,-7.504387,2024-06-05,1
84309,3,109.374628,-7.504333,2024-06-05,1
84310,3,109.374483,-7.504208,2024-06-05,1
84311,3,109.375908,-7.503821,2024-06-05,1
84312,3,109.375409,-7.503816,2024-06-05,1
84313,3,109.375762,-7.503737,2024-06-05,1
84314,3,109.375656,-7.503807,2024-06-05,1
84315,3,109.375708,-7.503708,2024-06-05,1
84316,3,109.375517,-7.503764,2024-06-05,1
84317,3,109.374502,-7.503704,2024-06-05,1
84318,3,109.37516,-7.50375,2024-06-05,1
84319,3,109.374731,-7.503675,2024-06-05,1
84320,3,109.375269,-7.50371,2024-06-05,1
84321,3,109.375386,-7.503645,2024-06-05,1
84322,3,109.375246,-7.503515,2024-06-05,1
84323,3,109.375101,-7.503623,2024-06-05,1
84324,3,109.37499,-7.503606,2024-06-05,1
84325,3,109.37488,-7.503589,2024-06-05,1
84326,3,109.374821,-7.503452,2024-06-05,1
84327,3,109.374673,-7.503531,2024-06-05,1
84328,3,109.374631,-7.503428,2024-06-05,1
84329,3,109.35245,-7.436383,2024-06-05,1
84330,3,109.352454,-7.436327,2024-06-05,1
84331,3,109.352437,-7.436269,2024-06-05,1
84332,3,109.352789,-7.436253,2024-06-05,1
84333,3,109.352861,-7.436226,2024-06-05,1
84334,3,109.352573,-7.436268,2024-06-05,1
84335,3,109.353041,-7.436154,2024-06-05,1
84336,3,109.352952,-7.43617,2024-06-05,1
84337,3,109.352863,-7.436176,2024-06-05,1
84338,3,109.352786,-7.436185,2024-06-05,1
84339,3,109.352659,-7.436218,2024-06-05,1
84340,3,109.352415,-7.436177,2024-06-05,1
84341,3,109.352275,-7.436132,2024-06-05,1
84342,3,109.352829,-7.436113,2024-06-05,1
84343,3,109.352635,-7.43612,2024-06-05,1
84344,3,109.352596,-7.436015,2024-06-05,1
84345,3,109.352336,-7.436007,2024-06-05,1
84346,3,109.3522,-7.435956,2024-06-05,1
84347,3,109.352819,-7.436008,2024-06-05,1
84348,3,109.352979,-7.436022,2024-06-05,1
84349,3,109.353164,-7.436005,2024-06-05,1
84350,3,109.353379,-7.435934,2024-06-05,1
84351,3,109.353602,-7.435875,2024-06-05,1
84352,3,109.353768,-7.435827,2024-06-05,1
84353,3,109.353225,-7.435853,2024-06-05,1
84354,3,109.352204,-7.435836,2024-06-05,1
84355,3,109.352383,-7.43584,2024-06-05,1
84356,3,109.352568,-7.43584,2024-06-05,1
84357,3,109.352838,-7.435837,2024-06-05,1
84358,3,109.353552,-7.435808,2024-06-05,1
84359,3,109.353747,-7.435781,2024-06-05,1
84360,3,109.353155,-7.435751,2024-06-05,1
84361,3,109.35214,-7.435693,2024-06-05,1
84362,3,109.352352,-7.435696,2024-06-05,1
84363,3,109.352596,-7.435693,2024-06-05,1
84364,3,109.353457,-7.435712,2024-06-05,1
84365,3,109.35286,-7.435691,2024-06-05,1
84366,3,109.353184,-7.435637,2024-06-05,1
84367,3,109.35199,-7.435548,2024-06-05,1
84368,3,109.35212,-7.435583,2024-06-05,1
84369,3,109.352357,-7.435581,2024-06-05,1
84370,3,109.352595,-7.435577,2024-06-05,1
84371,3,109.352854,-7.435574,2024-06-05,1
84372,3,109.353674,-7.435646,2024-06-05,1
84373,3,109.351974,-7.435484,2024-06-05,1
84374,3,109.353133,-7.435536,2024-06-05,1
84375,3,109.35211,-7.435493,2024-06-05,1
84376,3,109.352354,-7.435489,2024-06-05,1
84377,3,109.352594,-7.435485,2024-06-05,1
84378,3,109.352849,-7.435481,2024-06-05,1
84379,3,109.353432,-7.435536,2024-06-05,1
84380,3,109.35195,-7.435406,2024-06-05,1
84381,3,109.352103,-7.435408,2024-06-05,1
84382,3,109.352322,-7.435406,2024-06-05,1
84383,3,109.35259,-7.435403,2024-06-05,1
84384,3,109.352871,-7.435398,2024-06-05,1
84385,3,109.353115,-7.435403,2024-06-05,1
84386,3,109.351934,-7.435337,2024-06-05,1
84387,3,109.352103,-7.435335,2024-06-05,1
84388,3,109.352367,-7.435328,2024-06-05,1
84389,3,109.353409,-7.435367,2024-06-05,1
84390,3,109.353609,-7.435438,2024-06-05,1
84391,3,109.352633,-7.435321,2024-06-05,1
84392,3,109.352867,-7.435314,2024-06-05,1
84393,3,109.353097,-7.435301,2024-06-05,1
84394,3,109.353378,-7.435277,2024-06-05,1
84395,3,109.352185,-7.43527,2024-06-05,1
84396,3,109.35204,-7.435271,2024-06-05,1
84397,3,109.351916,-7.43525,2024-06-05,1
84398,3,109.352039,-7.435217,2024-06-05,1
84399,3,109.352182,-7.435218,2024-06-05,1
84400,3,109.35239,-7.435235,2024-06-05,1
84401,3,109.352638,-7.435226,2024-06-05,1
84402,3,109.352926,-7.435215,2024-06-05,1
84403,3,109.353224,-7.435203,2024-06-05,1
84404,3,109.353441,-7.435197,2024-06-05,1
84405,3,109.3518,-7.435128,2024-06-05,1
84406,3,109.351925,-7.435149,2024-06-05,1
84407,3,109.35214,-7.435142,2024-06-05,1
84408,3,109.352365,-7.435135,2024-06-05,1
84409,3,109.352617,-7.435126,2024-06-05,1
84410,3,109.352882,-7.435116,2024-06-05,1
84411,3,109.353148,-7.435107,2024-06-05,1
84412,3,109.353375,-7.4351,2024-06-05,1
84413,3,109.351782,-7.435055,2024-06-05,1
84414,3,109.351921,-7.435056,2024-06-05,1
84415,3,109.352135,-7.43505,2024-06-05,1
84416,3,109.352359,-7.435043,2024-06-05,1
84417,3,109.352612,-7.435034,2024-06-05,1
84418,3,109.352878,-7.435025,2024-06-05,1
84419,3,109.353143,-7.435017,2024-06-05,1
84420,3,109.353351,-7.435012,2024-06-05,1
84421,3,109.351756,-7.434954,2024-06-05,1
84422,3,109.351919,-7.434954,2024-06-05,1
84423,3,109.352131,-7.434948,2024-06-05,1
84424,3,109.352352,-7.434941,2024-06-05,1
84425,3,109.352605,-7.434933,2024-06-05,1
84426,3,109.352872,-7.434925,2024-06-05,1
84427,3,109.353137,-7.434917,2024-06-05,1
84428,3,109.353324,-7.434915,2024-06-05,1
84429,3,109.351949,-7.434835,2024-06-05,1
84430,3,109.352346,-7.434823,2024-06-05,1
84431,3,109.352599,-7.434816,2024-06-05,1
84432,3,109.352888,-7.434809,2024-06-05,1
84433,3,109.353184,-7.434803,2024-06-05,1
84434,3,109.351983,-7.434725,2024-06-05,1
84435,3,109.352207,-7.434702,2024-06-05,1
84436,3,109.352421,-7.434697,2024-06-05,1
84437,3,109.352628,-7.434692,2024-06-05,1
84438,3,109.352083,-7.434635,2024-06-05,1
84439,3,109.352867,-7.434688,2024-06-05,1
84440,3,109.353134,-7.434684,2024-06-05,1
84441,3,109.35223,-7.434601,2024-06-05,1
84442,3,109.352417,-7.434587,2024-06-05,1
84443,3,109.352625,-7.434582,2024-06-05,1
84444,3,109.352863,-7.434578,2024-06-05,1
84445,3,109.353106,-7.434576,2024-06-05,1
84446,3,109.352418,-7.434509,2024-06-05,1
84447,3,109.352601,-7.434475,2024-06-05,1
84448,3,109.352836,-7.434469,2024-06-05,1
84449,3,109.353069,-7.434471,2024-06-05,1
84450,3,109.352652,-7.434387,2024-06-05,1
84451,3,109.352907,-7.434374,2024-06-05,1
84452,3,109.352809,-7.434319,2024-06-05,1
84453,3,109.352978,-7.434286,2024-06-05,1
84477,3,109.413661,-7.42696,2024-06-05,1
84485,3,109.413605,-7.426897,2024-06-05,1
84494,3,109.413736,-7.426877,2024-06-05,1
84496,3,109.413672,-7.426861,2024-06-05,1
84509,3,109.413798,-7.426818,2024-06-05,1
84527,3,109.413863,-7.426752,2024-06-05,1
84535,3,109.413839,-7.426698,2024-06-05,1
80634,3,109.295694,-7.426111,2024-06-05,2
80637,3,109.413472,-7.426417,2024-06-05,2
80638,3,109.413361,-7.426667,2024-06-05,2
80644,3,109.449389,-7.595722,2024-06-05,2
81158,3,109.448652,-7.595832,2024-06-05,2
81159,3,109.449105,-7.595834,2024-06-05,2
81160,3,109.449559,-7.595835,2024-06-05,2
81198,3,109.2948,-7.427076,2024-06-05,2
81199,3,109.295253,-7.427078,2024-06-05,2
81200,3,109.295706,-7.42708,2024-06-05,2
81201,3,109.294801,-7.426624,2024-06-05,2
81202,3,109.295254,-7.426626,2024-06-05,2
81203,3,109.295707,-7.426628,2024-06-05,2
81204,3,109.294803,-7.426172,2024-06-05,2
81205,3,109.295256,-7.426174,2024-06-05,2
81206,3,109.295709,-7.426176,2024-06-05,2
81209,3,109.412564,-7.426609,2024-06-05,2
81210,3,109.413017,-7.426611,2024-06-05,2
81211,3,109.41347,-7.426612,2024-06-05,2
81212,3,109.413922,-7.426614,2024-06-05,2
81213,3,109.294805,-7.42572,2024-06-05,2
81214,3,109.295258,-7.425722,2024-06-05,2
81215,3,109.295711,-7.425724,2024-06-05,2
81218,3,109.413018,-7.426158,2024-06-05,2
81219,3,109.413471,-7.42616,2024-06-05,2
81220,3,109.413924,-7.426162,2024-06-05,2
84091,3,109.449044,-7.595973,2024-06-05,2
84094,3,109.449018,-7.595938,2024-06-05,2
84095,3,109.449141,-7.595946,2024-06-05,2
84101,3,109.449021,-7.595877,2024-06-05,2
84102,3,109.448649,-7.595892,2024-06-05,2
84103,3,109.448519,-7.595919,2024-06-05,2
84104,3,109.449278,-7.595859,2024-06-05,2
84106,3,109.448921,-7.595837,2024-06-05,2
84108,3,109.449178,-7.595904,2024-06-05,2
84109,3,109.449586,-7.59593,2024-06-05,2
84110,3,109.449273,-7.595788,2024-06-05,2
84111,3,109.448925,-7.595766,2024-06-05,2
84112,3,109.44913,-7.595792,2024-06-05,2
84113,3,109.449272,-7.595727,2024-06-05,2
84114,3,109.448738,-7.595764,2024-06-05,2
84115,3,109.448777,-7.59586,2024-06-05,2
84116,3,109.448454,-7.59573,2024-06-05,2
84117,3,109.448526,-7.595733,2024-06-05,2
84118,3,109.449277,-7.595678,2024-06-05,2
84119,3,109.44959,-7.595826,2024-06-05,2
84120,3,109.449074,-7.595687,2024-06-05,2
84122,3,109.448922,-7.595662,2024-06-05,2
84124,3,109.449063,-7.595634,2024-06-05,2
84125,3,109.449591,-7.595739,2024-06-05,2
84126,3,109.449269,-7.595638,2024-06-05,2
84128,3,109.44874,-7.595672,2024-06-05,2
84130,3,109.44867,-7.595554,2024-06-05,2
84131,3,109.44892,-7.5956,2024-06-05,2
84132,3,109.448575,-7.595593,2024-06-05,2
84133,3,109.44848,-7.595601,2024-06-05,2
84135,3,109.449595,-7.595654,2024-06-05,2
84138,3,109.448365,-7.595649,2024-06-05,2
84140,3,109.448816,-7.595611,2024-06-05,2
84145,3,109.448807,-7.595479,2024-06-05,2
84150,3,109.448642,-7.595469,2024-06-05,2
84151,3,109.448456,-7.595463,2024-06-05,2
84170,3,109.4483,-7.595265,2024-06-05,2
84172,3,109.44837,-7.595319,2024-06-05,2
84176,3,109.448642,-7.595081,2024-06-05,2
84195,3,109.448394,-7.595054,2024-06-05,2
84196,3,109.448314,-7.595002,2024-06-05,2
84197,3,109.448295,-7.594996,2024-06-05,2
84215,3,109.448311,-7.59481,2024-06-05,2
84217,3,109.448427,-7.594676,2024-06-05,2
84218,3,109.448403,-7.594744,2024-06-05,2
84219,3,109.44838,-7.594852,2024-06-05,2
84222,3,109.448347,-7.594628,2024-06-05,2
84224,3,109.448373,-7.594616,2024-06-05,2
84235,3,109.448442,-7.594596,2024-06-05,2
84454,3,109.295259,-7.427132,2024-06-05,2
84455,3,109.29507,-7.427128,2024-06-05,2
84456,3,109.295743,-7.427117,2024-06-05,2
84457,3,109.295684,-7.427116,2024-06-05,2
84458,3,109.295569,-7.427112,2024-06-05,2
84459,3,109.295428,-7.427107,2024-06-05,2
84460,3,109.413762,-7.427054,2024-06-05,2
84461,3,109.295332,-7.427104,2024-06-05,2
84462,3,109.294828,-7.427104,2024-06-05,2
84463,3,109.294631,-7.427098,2024-06-05,2
84464,3,109.295111,-7.427049,2024-06-05,2
84465,3,109.413758,-7.427022,2024-06-05,2
84466,3,109.41385,-7.427021,2024-06-05,2
84467,3,109.413775,-7.42699,2024-06-05,2
84468,3,109.295794,-7.427041,2024-06-05,2
84469,3,109.413574,-7.426992,2024-06-05,2
84470,3,109.29563,-7.427001,2024-06-05,2
84471,3,109.295417,-7.426991,2024-06-05,2
84472,3,109.413446,-7.426966,2024-06-05,2
84473,3,109.295142,-7.426975,2024-06-05,2
84474,3,109.413804,-7.426958,2024-06-05,2
84475,3,109.413341,-7.426947,2024-06-05,2
84476,3,109.413269,-7.426937,2024-06-05,2
84478,3,109.29579,-7.426928,2024-06-05,2
84479,3,109.29472,-7.426957,2024-06-05,2
84480,3,109.413198,-7.426923,2024-06-05,2
84482,3,109.413616,-7.426937,2024-06-05,2
84483,3,109.413128,-7.426912,2024-06-05,2
84484,3,109.295625,-7.426918,2024-06-05,2
84486,3,109.413832,-7.426914,2024-06-05,2
84488,3,109.41306,-7.4269,2024-06-05,2
84489,3,109.295371,-7.426905,2024-06-05,2
84491,3,109.295142,-7.426894,2024-06-05,2
84492,3,109.413545,-7.426929,2024-06-05,2
84493,3,109.413863,-7.426867,2024-06-05,2
84497,3,109.413511,-7.42689,2024-06-05,2
84498,3,109.41364,-7.426847,2024-06-05,2
84499,3,109.413588,-7.426882,2024-06-05,2
84501,3,109.413401,-7.42687,2024-06-05,2
84504,3,109.413276,-7.42685,2024-06-05,2
84505,3,109.413886,-7.426822,2024-06-05,2
84506,3,109.295794,-7.426839,2024-06-05,2
84507,3,109.295365,-7.426831,2024-06-05,2
84508,3,109.295148,-7.426817,2024-06-05,2
84510,3,109.413729,-7.426801,2024-06-05,2
84513,3,109.41368,-7.426786,2024-06-05,2
84514,3,109.413623,-7.426783,2024-06-05,2
84515,3,109.413571,-7.426797,2024-06-05,2
84517,3,109.295621,-7.426818,2024-06-05,2
84518,3,109.413747,-7.426751,2024-06-05,2
84520,3,109.294711,-7.426818,2024-06-05,2
84522,3,109.294958,-7.426824,2024-06-05,2
84523,3,109.295437,-7.426763,2024-06-05,2
84525,3,109.413437,-7.42677,2024-06-05,2
84526,3,109.295814,-7.426756,2024-06-05,2
84528,3,109.413036,-7.426799,2024-06-05,2
84529,3,109.295327,-7.426747,2024-06-05,2
84532,3,109.295766,-7.426733,2024-06-05,2
84533,3,109.412937,-7.426797,2024-06-05,2
84534,3,109.413255,-7.426736,2024-06-05,2
84537,3,109.295145,-7.426728,2024-06-05,2
84538,3,109.413771,-7.426703,2024-06-05,2
84539,3,109.413147,-7.426777,2024-06-05,2
84540,3,109.412827,-7.426771,2024-06-05,2
84541,3,109.41385,-7.426666,2024-06-05,2
84542,3,109.413731,-7.426704,2024-06-05,2
84544,3,109.413693,-7.426692,2024-06-05,2
84546,3,109.295529,-7.426695,2024-06-05,2
84547,3,109.413644,-7.426689,2024-06-05,2
84549,3,109.413858,-7.426641,2024-06-05,2
84550,3,109.413588,-7.426683,2024-06-05,2
84551,3,109.413833,-7.426609,2024-06-05,2
84552,3,109.295015,-7.42665,2024-06-05,2
84553,3,109.294753,-7.42666,2024-06-05,2
84554,3,109.413449,-7.426657,2024-06-05,2
84555,3,109.41329,-7.426622,2024-06-05,2
84556,3,109.294747,-7.426564,2024-06-05,2
84557,3,109.413559,-7.426565,2024-06-05,2
84558,3,109.413181,-7.426596,2024-06-05,2
84559,3,109.413941,-7.426561,2024-06-05,2
84560,3,109.41352,-7.426558,2024-06-05,2
84561,3,109.413478,-7.42655,2024-06-05,2
84562,3,109.41391,-7.426553,2024-06-05,2
84563,3,109.295166,-7.426611,2024-06-05,2
84564,3,109.413869,-7.426547,2024-06-05,2
84565,3,109.413438,-7.426539,2024-06-05,2
84566,3,109.413398,-7.426532,2024-06-05,2
84567,3,109.413069,-7.426606,2024-06-05,2
84568,3,109.413828,-7.426541,2024-06-05,2
84570,3,109.413357,-7.426526,2024-06-05,2
84571,3,109.413789,-7.426536,2024-06-05,2
84573,3,109.413745,-7.426551,2024-06-05,2
84574,3,109.412974,-7.42659,2024-06-05,2
84575,3,109.413705,-7.426553,2024-06-05,2
84577,3,109.413677,-7.426547,2024-06-05,2
84578,3,109.413648,-7.426544,2024-06-05,2
84579,3,109.413604,-7.426563,2024-06-05,2
84581,3,109.412909,-7.426559,2024-06-05,2
84583,3,109.412826,-7.426549,2024-06-05,2
84585,3,109.412836,-7.426433,2024-06-05,2
84587,3,109.41392,-7.426456,2024-06-05,2
84588,3,109.413888,-7.426451,2024-06-05,2
84589,3,109.294905,-7.426488,2024-06-05,2
84590,3,109.413847,-7.426446,2024-06-05,2
84591,3,109.413808,-7.426439,2024-06-05,2
84593,3,109.413769,-7.426434,2024-06-05,2
84594,3,109.294658,-7.426463,2024-06-05,2
84595,3,109.413728,-7.426427,2024-06-05,2
84596,3,109.413699,-7.426423,2024-06-05,2
84597,3,109.295412,-7.426552,2024-06-05,2
84599,3,109.41367,-7.426419,2024-06-05,2
84600,3,109.413622,-7.426443,2024-06-05,2
84601,3,109.412608,-7.426631,2024-06-05,2
84602,3,109.413582,-7.426441,2024-06-05,2
84604,3,109.413541,-7.426436,2024-06-05,2
84605,3,109.413947,-7.426436,2024-06-05,2
84606,3,109.4135,-7.42643,2024-06-05,2
84608,3,109.413307,-7.42645,2024-06-05,2
84609,3,109.413459,-7.426422,2024-06-05,2
84610,3,109.413419,-7.426417,2024-06-05,2
84611,3,109.413377,-7.426413,2024-06-05,2
84612,3,109.413207,-7.426433,2024-06-05,2
84613,3,109.413087,-7.426404,2024-06-05,2
84614,3,109.295782,-7.426425,2024-06-05,2
84615,3,109.412991,-7.426396,2024-06-05,2
84616,3,109.412927,-7.42638,2024-06-05,2
84617,3,109.295679,-7.426405,2024-06-05,2
84618,3,109.413953,-7.426334,2024-06-05,2
84619,3,109.41391,-7.426337,2024-06-05,2
84620,3,109.413869,-7.426331,2024-06-05,2
84621,3,109.41383,-7.426324,2024-06-05,2
84622,3,109.294769,-7.426351,2024-06-05,2
84623,3,109.41379,-7.426319,2024-06-05,2
84624,3,109.41375,-7.426312,2024-06-05,2
84625,3,109.294562,-7.426311,2024-06-05,2
84626,3,109.412592,-7.426315,2024-06-05,2
84627,3,109.413721,-7.426303,2024-06-05,2
84628,3,109.413692,-7.426299,2024-06-05,2
84629,3,109.413651,-7.426294,2024-06-05,2
84630,3,109.41361,-7.426287,2024-06-05,2
84632,3,109.41398,-7.42637,2024-06-05,2
84633,3,109.413569,-7.426281,2024-06-05,2
84634,3,109.295551,-7.426336,2024-06-05,2
84638,3,109.413975,-7.426238,2024-06-05,2
84639,3,109.413528,-7.426276,2024-06-05,2
84640,3,109.413487,-7.42627,2024-06-05,2
84641,3,109.41393,-7.426231,2024-06-05,2
84643,3,109.413446,-7.426264,2024-06-05,2
84644,3,109.41389,-7.426224,2024-06-05,2
84645,3,109.413404,-7.426259,2024-06-05,2
84647,3,109.41385,-7.426216,2024-06-05,2
84648,3,109.295366,-7.42629,2024-06-05,2
84649,3,109.29502,-7.426234,2024-06-05,2
84650,3,109.413811,-7.42621,2024-06-05,2
84652,3,109.295091,-7.426243,2024-06-05,2
84653,3,109.41377,-7.426202,2024-06-05,2
84654,3,109.413741,-7.426193,2024-06-05,2
84655,3,109.413303,-7.426253,2024-06-05,2
84656,3,109.294934,-7.426216,2024-06-05,2
84657,3,109.413712,-7.426188,2024-06-05,2
84658,3,109.294847,-7.426192,2024-06-05,2
84660,3,109.413672,-7.426182,2024-06-05,2
84661,3,109.41402,-7.426173,2024-06-05,2
84662,3,109.413179,-7.426236,2024-06-05,2
84663,3,109.413987,-7.426171,2024-06-05,2
84664,3,109.413944,-7.426164,2024-06-05,2
84665,3,109.41363,-7.426175,2024-06-05,2
84666,3,109.413903,-7.426159,2024-06-05,2
84667,3,109.413863,-7.426153,2024-06-05,2
84668,3,109.413589,-7.426167,2024-06-05,2
84669,3,109.413823,-7.426147,2024-06-05,2
84670,3,109.295745,-7.426219,2024-06-05,2
84671,3,109.413782,-7.426141,2024-06-05,2
84672,3,109.413549,-7.42616,2024-06-05,2
84673,3,109.413751,-7.426137,2024-06-05,2
84674,3,109.294685,-7.426183,2024-06-05,2
84675,3,109.413722,-7.426134,2024-06-05,2
84676,3,109.413682,-7.426129,2024-06-05,2
84677,3,109.41364,-7.426123,2024-06-05,2
84678,3,109.413598,-7.426117,2024-06-05,2
84679,3,109.413558,-7.426112,2024-06-05,2
84680,3,109.41351,-7.426145,2024-06-05,2
84681,3,109.413469,-7.42614,2024-06-05,2
84682,3,109.413427,-7.426135,2024-06-05,2
84686,3,109.41311,-7.426201,2024-06-05,2
84687,3,109.413328,-7.42612,2024-06-05,2
84689,3,109.413202,-7.426107,2024-06-05,2
84690,3,109.413029,-7.426187,2024-06-05,2
84693,3,109.41308,-7.426066,2024-06-05,2
84695,3,109.295404,-7.426128,2024-06-05,2
84696,3,109.295214,-7.426185,2024-06-05,2
84697,3,109.295144,-7.426088,2024-06-05,2
84700,3,109.295072,-7.426086,2024-06-05,2
84702,3,109.29481,-7.42608,2024-06-05,2
84703,3,109.294981,-7.42607,2024-06-05,2
84708,3,109.295627,-7.426103,2024-06-05,2
84709,3,109.294653,-7.426052,2024-06-05,2
84710,3,109.295451,-7.426029,2024-06-05,2
84712,3,109.29577,-7.426048,2024-06-05,2
84713,3,109.294567,-7.426015,2024-06-05,2
84714,3,109.295813,-7.425956,2024-06-05,2
84716,3,109.295284,-7.425973,2024-06-05,2
84717,3,109.295617,-7.425969,2024-06-05,2
84718,3,109.29519,-7.425954,2024-06-05,2
84719,3,109.295122,-7.425948,2024-06-05,2
84720,3,109.295026,-7.425928,2024-06-05,2
84721,3,109.29492,-7.425931,2024-06-05,2
84722,3,109.294836,-7.425913,2024-06-05,2
84723,3,109.295491,-7.425905,2024-06-05,2
84724,3,109.294707,-7.425888,2024-06-05,2
84725,3,109.295695,-7.425902,2024-06-05,2
84726,3,109.295325,-7.425859,2024-06-05,2
84727,3,109.295229,-7.425842,2024-06-05,2
84728,3,109.294586,-7.425854,2024-06-05,2
84729,3,109.295163,-7.42583,2024-06-05,2
84730,3,109.295066,-7.425807,2024-06-05,2
84731,3,109.294965,-7.425786,2024-06-05,2
84732,3,109.294879,-7.425773,2024-06-05,2
84733,3,109.294744,-7.425756,2024-06-05,2
84734,3,109.295734,-7.425807,2024-06-05,2
84735,3,109.294601,-7.425734,2024-06-05,2
84736,3,109.295528,-7.425771,2024-06-05,2
84737,3,109.295269,-7.425727,2024-06-05,2
84738,3,109.295366,-7.425731,2024-06-05,2
84739,3,109.295205,-7.425711,2024-06-05,2
84740,3,109.295758,-7.425702,2024-06-05,2
84741,3,109.295579,-7.425688,2024-06-05,2
84742,3,109.2954,-7.425653,2024-06-05,2
84743,3,109.295297,-7.425654,2024-06-05,2
84744,3,109.295234,-7.425645,2024-06-05,2
84745,3,109.295109,-7.425689,2024-06-05,2
84746,3,109.294998,-7.425677,2024-06-05,2
84747,3,109.29491,-7.425672,2024-06-05,2
84748,3,109.294768,-7.425665,2024-06-05,2
84749,3,109.294614,-7.425657,2024-06-05,2
80636,3,109.411611,-7.426361,2024-06-05,3
81207,3,109.411658,-7.426606,2024-06-05,3
81208,3,109.412111,-7.426607,2024-06-05,3
81216,3,109.411659,-7.426154,2024-06-05,3
81217,3,109.412112,-7.426155,2024-06-05,3
84481,3,109.411941,-7.426895,2024-06-05,3
84487,3,109.411867,-7.426886,2024-06-05,3
84490,3,109.411796,-7.426877,2024-06-05,3
84495,3,109.411668,-7.426859,2024-06-05,3
84500,3,109.411527,-7.426841,2024-06-05,3
84502,3,109.411431,-7.42683,2024-06-05,3
84503,3,109.411378,-7.426822,2024-06-05,3
84511,3,109.412286,-7.426848,2024-06-05,3
84512,3,109.412224,-7.426842,2024-06-05,3
84516,3,109.412145,-7.42683,2024-06-05,3
84519,3,109.412067,-7.426829,2024-06-05,3
84521,3,109.412014,-7.426814,2024-06-05,3
84524,3,109.411952,-7.426805,2024-06-05,3
84530,3,109.411866,-7.426787,2024-06-05,3
84531,3,109.411772,-7.426775,2024-06-05,3
84536,3,109.411666,-7.426754,2024-06-05,3
84543,3,109.411543,-7.426735,2024-06-05,3
84545,3,109.411449,-7.426719,2024-06-05,3
84548,3,109.411391,-7.426705,2024-06-05,3
84569,3,109.412317,-7.426627,2024-06-05,3
84572,3,109.412258,-7.426623,2024-06-05,3
84576,3,109.412179,-7.426613,2024-06-05,3
84580,3,109.412102,-7.426593,2024-06-05,3
84582,3,109.412022,-7.426591,2024-06-05,3
84584,3,109.41192,-7.426562,2024-06-05,3
84586,3,109.411817,-7.426555,2024-06-05,3
84592,3,109.411701,-7.426534,2024-06-05,3
84598,3,109.411577,-7.426517,2024-06-05,3
84603,3,109.411487,-7.426503,2024-06-05,3
84607,3,109.411421,-7.426478,2024-06-05,3
84631,3,109.412335,-7.426351,2024-06-05,3
84635,3,109.411608,-7.426306,2024-06-05,3
84636,3,109.412236,-7.426337,2024-06-05,3
84637,3,109.411412,-7.42624,2024-06-05,3
84642,3,109.412156,-7.426324,2024-06-05,3
84646,3,109.412074,-7.426318,2024-06-05,3
84651,3,109.411978,-7.426302,2024-06-05,3
84659,3,109.411867,-7.426285,2024-06-05,3
84683,3,109.41163,-7.426173,2024-06-05,3
84684,3,109.412371,-7.426153,2024-06-05,3
84685,3,109.411426,-7.426133,2024-06-05,3
84688,3,109.412267,-7.426138,2024-06-05,3
84691,3,109.412182,-7.426129,2024-06-05,3
84692,3,109.412097,-7.426118,2024-06-05,3
84694,3,109.412006,-7.426108,2024-06-05,3
84698,3,109.411796,-7.426078,2024-06-05,3
84705,3,109.411546,-7.426041,2024-06-05,3
84706,3,109.411441,-7.426021,2024-06-05,3
84699,3,109.412391,-7.426045,2024-06-05,4
84701,3,109.412269,-7.426031,2024-06-05,4
84704,3,109.412164,-7.426021,2024-06-05,4
84707,3,109.412065,-7.426011,2024-06-05,4
84711,3,109.411876,-7.42599,2024-06-05,4
84715,3,109.411588,-7.425957,2024-06-05,4
124638,4,109.411086,-7.444706,2024-06-17,1
48931,3,109.295694,-7.426111,2024-06-17,2
48932,3,109.352639,-7.434611,2024-06-17,2
48934,3,109.413472,-7.426417,2024-06-17,2
48935,3,109.413361,-7.426667,2024-06-17,2
48936,3,109.375167,-7.504139,2024-06-17,2
48941,3,109.449389,-7.595722,2024-06-17,2
49455,3,109.448652,-7.595832,2024-06-17,2
49456,3,109.449105,-7.595834,2024-06-17,2
49457,3,109.449559,-7.595835,2024-06-17,2
49460,3,109.448654,-7.59538,2024-06-17,2
49461,3,109.449107,-7.595381,2024-06-17,2
49462,3,109.44956,-7.595383,2024-06-17,2
49465,3,109.448656,-7.594928,2024-06-17,2
49466,3,109.449109,-7.594929,2024-06-17,2
49467,3,109.449562,-7.594931,2024-06-17,2
49470,3,109.448657,-7.594476,2024-06-17,2
49471,3,109.44911,-7.594477,2024-06-17,2
49472,3,109.374681,-7.504687,2024-06-17,2
49473,3,109.375134,-7.504689,2024-06-17,2
49474,3,109.375587,-7.504691,2024-06-17,2
49475,3,109.37423,-7.504233,2024-06-17,2
49476,3,109.374683,-7.504235,2024-06-17,2
49477,3,109.375136,-7.504237,2024-06-17,2
49478,3,109.375589,-7.504238,2024-06-17,2
49479,3,109.374685,-7.503783,2024-06-17,2
49480,3,109.375138,-7.503785,2024-06-17,2
49481,3,109.375591,-7.503786,2024-06-17,2
49482,3,109.374686,-7.503331,2024-06-17,2
49483,3,109.352288,-7.435884,2024-06-17,2
49484,3,109.352741,-7.435885,2024-06-17,2
49485,3,109.353194,-7.435887,2024-06-17,2
49486,3,109.353647,-7.435889,2024-06-17,2
49487,3,109.35229,-7.435431,2024-06-17,2
49488,3,109.352743,-7.435433,2024-06-17,2
49489,3,109.353196,-7.435435,2024-06-17,2
49490,3,109.351839,-7.434978,2024-06-17,2
49491,3,109.352292,-7.434979,2024-06-17,2
49492,3,109.352745,-7.434981,2024-06-17,2
49493,3,109.353198,-7.434983,2024-06-17,2
49494,3,109.352746,-7.434529,2024-06-17,2
49495,3,109.2948,-7.427076,2024-06-17,2
49496,3,109.295253,-7.427078,2024-06-17,2
49497,3,109.295706,-7.42708,2024-06-17,2
49498,3,109.294801,-7.426624,2024-06-17,2
49499,3,109.295254,-7.426626,2024-06-17,2
49500,3,109.295707,-7.426628,2024-06-17,2
49501,3,109.294803,-7.426172,2024-06-17,2
49502,3,109.295256,-7.426174,2024-06-17,2
49503,3,109.295709,-7.426176,2024-06-17,2
49506,3,109.412564,-7.426609,2024-06-17,2
49507,3,109.413017,-7.426611,2024-06-17,2
49508,3,109.41347,-7.426612,2024-06-17,2
49509,3,109.413922,-7.426614,2024-06-17,2
49510,3,109.294805,-7.42572,2024-06-17,2
49511,3,109.295258,-7.425722,2024-06-17,2
49512,3,109.295711,-7.425724,2024-06-17,2
49515,3,109.413018,-7.426158,2024-06-17,2
49516,3,109.413471,-7.42616,2024-06-17,2
49517,3,109.413924,-7.426162,2024-06-17,2
52388,3,109.449044,-7.595973,2024-06-17,2
52391,3,109.449018,-7.595938,2024-06-17,2
52392,3,109.449141,-7.595946,2024-06-17,2
52398,3,109.449021,-7.595877,2024-06-17,2
52399,3,109.448649,-7.595892,2024-06-17,2
52400,3,109.448519,-7.595919,2024-06-17,2
52401,3,109.449278,-7.595859,2024-06-17,2
52403,3,109.448921,-7.595837,2024-06-17,2
52404,3,109.449894,-7.595872,2024-06-17,2
52405,3,109.449178,-7.595904,2024-06-17,2
52406,3,109.449586,-7.59593,2024-06-17,2
52407,3,109.449273,-7.595788,2024-06-17,2
52408,3,109.448925,-7.595766,2024-06-17,2
52409,3,109.44913,-7.595792,2024-06-17,2
52410,3,109.449272,-7.595727,2024-06-17,2
52411,3,109.448738,-7.595764,2024-06-17,2
52412,3,109.448777,-7.59586,2024-06-17,2
52413,3,109.448454,-7.59573,2024-06-17,2
52414,3,109.448526,-7.595733,2024-06-17,2
52415,3,109.449277,-7.595678,2024-06-17,2
52416,3,109.44959,-7.595826,2024-06-17,2
52417,3,109.449074,-7.595687,2024-06-17,2
52418,3,109.449963,-7.595739,2024-06-17,2
52419,3,109.448922,-7.595662,2024-06-17,2
52420,3,109.449982,-7.595651,2024-06-17,2
52421,3,109.449063,-7.595634,2024-06-17,2
52422,3,109.449591,-7.595739,2024-06-17,2
52423,3,109.449269,-7.595638,2024-06-17,2
52425,3,109.44874,-7.595672,2024-06-17,2
52427,3,109.44867,-7.595554,2024-06-17,2
52428,3,109.44892,-7.5956,2024-06-17,2
52429,3,109.448575,-7.595593,2024-06-17,2
52430,3,109.44848,-7.595601,2024-06-17,2
52432,3,109.449595,-7.595654,2024-06-17,2
52434,3,109.449054,-7.59557,2024-06-17,2
52435,3,109.448365,-7.595649,2024-06-17,2
52437,3,109.448816,-7.595611,2024-06-17,2
52440,3,109.449611,-7.595543,2024-06-17,2
52442,3,109.448807,-7.595479,2024-06-17,2
52445,3,109.449965,-7.595477,2024-06-17,2
52446,3,109.449562,-7.595468,2024-06-17,2
52447,3,109.448642,-7.595469,2024-06-17,2
52448,3,109.448456,-7.595463,2024-06-17,2
52450,3,109.448671,-7.595389,2024-06-17,2
52451,3,109.449563,-7.595366,2024-06-17,2
52452,3,109.449182,-7.595513,2024-06-17,2
52453,3,109.448853,-7.595404,2024-06-17,2
52454,3,109.449576,-7.595251,2024-06-17,2
52455,3,109.449968,-7.595375,2024-06-17,2
52456,3,109.448866,-7.595313,2024-06-17,2
52457,3,109.449985,-7.595268,2024-06-17,2
52460,3,109.44918,-7.595359,2024-06-17,2
52467,3,109.4483,-7.595265,2024-06-17,2
52469,3,109.44837,-7.595319,2024-06-17,2
52470,3,109.449861,-7.595118,2024-06-17,2
52471,3,109.449184,-7.595233,2024-06-17,2
52472,3,109.449596,-7.595124,2024-06-17,2
52473,3,109.448642,-7.595081,2024-06-17,2
52475,3,109.449217,-7.595097,2024-06-17,2
52476,3,109.448916,-7.595048,2024-06-17,2
52477,3,109.448869,-7.595118,2024-06-17,2
52478,3,109.448848,-7.595207,2024-06-17,2
52479,3,109.449605,-7.595025,2024-06-17,2
52480,3,109.448548,-7.59511,2024-06-17,2
52481,3,109.448687,-7.595082,2024-06-17,2
52482,3,109.448661,-7.595264,2024-06-17,2
52483,3,109.448526,-7.595255,2024-06-17,2
52486,3,109.449905,-7.59505,2024-06-17,2
52487,3,109.448526,-7.595471,2024-06-17,2
52491,3,109.449996,-7.595039,2024-06-17,2
52492,3,109.448394,-7.595054,2024-06-17,2
52493,3,109.448314,-7.595002,2024-06-17,2
52494,3,109.448295,-7.594996,2024-06-17,2
52495,3,109.449204,-7.594989,2024-06-17,2
52496,3,109.449003,-7.594983,2024-06-17,2
52497,3,109.449602,-7.594934,2024-06-17,2
52498,3,109.449186,-7.594916,2024-06-17,2
52499,3,109.448767,-7.594898,2024-06-17,2
52500,3,109.448469,-7.594896,2024-06-17,2
52501,3,109.449085,-7.594796,2024-06-17,2
52502,3,109.449287,-7.594769,2024-06-17,2
52503,3,109.448868,-7.594894,2024-06-17,2
52504,3,109.449607,-7.594794,2024-06-17,2
52506,3,109.448916,-7.594727,2024-06-17,2
52507,3,109.448876,-7.594779,2024-06-17,2
52508,3,109.448491,-7.594841,2024-06-17,2
52509,3,109.448682,-7.594779,2024-06-17,2
52510,3,109.448642,-7.594835,2024-06-17,2
52511,3,109.448581,-7.594828,2024-06-17,2
52512,3,109.448311,-7.59481,2024-06-17,2
52513,3,109.448528,-7.594813,2024-06-17,2
52514,3,109.448427,-7.594676,2024-06-17,2
52515,3,109.448403,-7.594744,2024-06-17,2
52516,3,109.44838,-7.594852,2024-06-17,2
52517,3,109.449182,-7.594686,2024-06-17,2
52519,3,109.448347,-7.594628,2024-06-17,2
52520,3,109.448859,-7.59465,2024-06-17,2
52521,3,109.448373,-7.594616,2024-06-17,2
52523,3,109.448505,-7.594615,2024-06-17,2
52530,3,109.449967,-7.594715,2024-06-17,2
52531,3,109.449865,-7.594705,2024-06-17,2
52532,3,109.448442,-7.594596,2024-06-17,2
52533,3,109.449667,-7.594594,2024-06-17,2
52534,3,109.449481,-7.594595,2024-06-17,2
52535,3,109.448532,-7.59457,2024-06-17,2
52536,3,109.44921,-7.594555,2024-06-17,2
52537,3,109.448905,-7.594538,2024-06-17,2
52538,3,109.448595,-7.594603,2024-06-17,2
52539,3,109.44875,-7.594505,2024-06-17,2
52540,3,109.448678,-7.594566,2024-06-17,2
52541,3,109.448709,-7.594694,2024-06-17,2
52542,3,109.375327,-7.505047,2024-06-17,2
52543,3,109.375389,-7.505055,2024-06-17,2
52544,3,109.375076,-7.504923,2024-06-17,2
52545,3,109.375244,-7.504951,2024-06-17,2
52546,3,109.375403,-7.50495,2024-06-17,2
52547,3,109.37549,-7.504896,2024-06-17,2
52548,3,109.375106,-7.504791,2024-06-17,2
52549,3,109.375351,-7.504766,2024-06-17,2
52550,3,109.375532,-7.504739,2024-06-17,2
52551,3,109.374899,-7.50477,2024-06-17,2
52552,3,109.374465,-7.504643,2024-06-17,2
52553,3,109.375545,-7.504671,2024-06-17,2
52554,3,109.374539,-7.504648,2024-06-17,2
52555,3,109.37461,-7.504679,2024-06-17,2
52556,3,109.375335,-7.504664,2024-06-17,2
52557,3,109.375096,-7.50468,2024-06-17,2
52558,3,109.375559,-7.504607,2024-06-17,2
52559,3,109.375571,-7.504543,2024-06-17,2
52560,3,109.375316,-7.504545,2024-06-17,2
52561,3,109.374245,-7.504519,2024-06-17,2
52562,3,109.375583,-7.504477,2024-06-17,2
52563,3,109.375308,-7.504464,2024-06-17,2
52564,3,109.375075,-7.504539,2024-06-17,2
52565,3,109.374212,-7.504438,2024-06-17,2
52566,3,109.375603,-7.504412,2024-06-17,2
52567,3,109.37416,-7.504452,2024-06-17,2
52568,3,109.37531,-7.504397,2024-06-17,2
52569,3,109.375607,-7.504349,2024-06-17,2
52570,3,109.375321,-7.504315,2024-06-17,2
52571,3,109.375115,-7.504271,2024-06-17,2
52572,3,109.375628,-7.504283,2024-06-17,2
52573,3,109.375283,-7.504252,2024-06-17,2
52574,3,109.375124,-7.504202,2024-06-17,2
52575,3,109.375626,-7.504216,2024-06-17,2
52576,3,109.375272,-7.50419,2024-06-17,2
52577,3,109.375866,-7.504179,2024-06-17,2
52578,3,109.374228,-7.504286,2024-06-17,2
52579,3,109.375617,-7.504154,2024-06-17,2
52580,3,109.375051,-7.504403,2024-06-17,2
52581,3,109.375035,-7.504238,2024-06-17,2
52582,3,109.375083,-7.504118,2024-06-17,2
52583,3,109.375261,-7.504112,2024-06-17,2
52584,3,109.375881,-7.504103,2024-06-17,2
52585,3,109.3743,-7.504369,2024-06-17,2
52586,3,109.375537,-7.504089,2024-06-17,2
52587,3,109.37576,-7.504067,2024-06-17,2
52588,3,109.374383,-7.504312,2024-06-17,2
52589,3,109.375159,-7.504034,2024-06-17,2
52590,3,109.375897,-7.50401,2024-06-17,2
52591,3,109.375574,-7.503994,2024-06-17,2
52592,3,109.374355,-7.503971,2024-06-17,2
52593,3,109.375477,-7.503931,2024-06-17,2
52594,3,109.375714,-7.503922,2024-06-17,2
52595,3,109.37586,-7.503933,2024-06-17,2
52596,3,109.375268,-7.503977,2024-06-17,2
52597,3,109.375144,-7.50393,2024-06-17,2
52598,3,109.375092,-7.50397,2024-06-17,2
52599,3,109.37503,-7.503962,2024-06-17,2
52600,3,109.374967,-7.503972,2024-06-17,2
52601,3,109.374909,-7.503963,2024-06-17,2
52602,3,109.374387,-7.50395,2024-06-17,2
52603,3,109.374866,-7.504118,2024-06-17,2
52604,3,109.374776,-7.504128,2024-06-17,2
52605,3,109.374742,-7.504387,2024-06-17,2
52606,3,109.374628,-7.504333,2024-06-17,2
52607,3,109.374483,-7.504208,2024-06-17,2
52608,3,109.375908,-7.503821,2024-06-17,2
52609,3,109.375409,-7.503816,2024-06-17,2
52610,3,109.375762,-7.503737,2024-06-17,2
52611,3,109.375656,-7.503807,2024-06-17,2
52612,3,109.375708,-7.503708,2024-06-17,2
52613,3,109.375517,-7.503764,2024-06-17,2
52614,3,109.374502,-7.503704,2024-06-17,2
52615,3,109.37516,-7.50375,2024-06-17,2
52616,3,109.374731,-7.503675,2024-06-17,2
52617,3,109.375269,-7.50371,2024-06-17,2
52618,3,109.375386,-7.503645,2024-06-17,2
52619,3,109.375246,-7.503515,2024-06-17,2
52620,3,109.375101,-7.503623,2024-06-17,2
52621,3,109.37499,-7.503606,2024-06-17,2
52622,3,109.37488,-7.503589,2024-06-17,2
52623,3,109.374821,-7.503452,2024-06-17,2
52624,3,109.374673,-7.503531,2024-06-17,2
52625,3,109.374631,-7.503428,2024-06-17,2
52626,3,109.35245,-7.436383,2024-06-17,2
52627,3,109.352454,-7.436327,2024-06-17,2
52628,3,109.352437,-7.436269,2024-06-17,2
52629,3,109.352789,-7.436253,2024-06-17,2
52630,3,109.352861,-7.436226,2024-06-17,2
52631,3,109.352573,-7.436268,2024-06-17,2
52632,3,109.353041,-7.436154,2024-06-17,2
52633,3,109.352952,-7.43617,2024-06-17,2
52634,3,109.352863,-7.436176,2024-06-17,2
52635,3,109.352786,-7.436185,2024-06-17,2
52636,3,109.352659,-7.436218,2024-06-17,2
52637,3,109.352415,-7.436177,2024-06-17,2
52638,3,109.352275,-7.436132,2024-06-17,2
52639,3,109.352829,-7.436113,2024-06-17,2
52640,3,109.352635,-7.43612,2024-06-17,2
52641,3,109.352596,-7.436015,2024-06-17,2
52642,3,109.352336,-7.436007,2024-06-17,2
52643,3,109.3522,-7.435956,2024-06-17,2
52644,3,109.352819,-7.436008,2024-06-17,2
52645,3,109.352979,-7.436022,2024-06-17,2
52646,3,109.353164,-7.436005,2024-06-17,2
52647,3,109.353379,-7.435934,2024-06-17,2
52648,3,109.353602,-7.435875,2024-06-17,2
52649,3,109.353768,-7.435827,2024-06-17,2
52650,3,109.353225,-7.435853,2024-06-17,2
52651,3,109.352204,-7.435836,2024-06-17,2
52652,3,109.352383,-7.43584,2024-06-17,2
52653,3,109.352568,-7.43584,2024-06-17,2
52654,3,109.352838,-7.435837,2024-06-17,2
52655,3,109.353552,-7.435808,2024-06-17,2
52656,3,109.353747,-7.435781,2024-06-17,2
52657,3,109.353155,-7.435751,2024-06-17,2
52658,3,109.35214,-7.435693,2024-06-17,2
52659,3,109.352352,-7.435696,2024-06-17,2
52660,3,109.352596,-7.435693,2024-06-17,2
52661,3,109.353457,-7.435712,2024-06-17,2
52662,3,109.35286,-7.435691,2024-06-17,2
52663,3,109.353184,-7.435637,2024-06-17,2
52664,3,109.35199,-7.435548,2024-06-17,2
52665,3,109.35212,-7.435583,2024-06-17,2
52666,3,109.352357,-7.435581,2024-06-17,2
52667,3,109.352595,-7.435577,2024-06-17,2
52668,3,109.352854,-7.435574,2024-06-17,2
52669,3,109.353674,-7.435646,2024-06-17,2
52670,3,109.351974,-7.435484,2024-06-17,2
52671,3,109.353133,-7.435536,2024-06-17,2
52672,3,109.35211,-7.435493,2024-06-17,2
52673,3,109.352354,-7.435489,2024-06-17,2
52674,3,109.352594,-7.435485,2024-06-17,2
52675,3,109.352849,-7.435481,2024-06-17,2
52676,3,109.353432,-7.435536,2024-06-17,2
52677,3,109.35195,-7.435406,2024-06-17,2
52678,3,109.352103,-7.435408,2024-06-17,2
52679,3,109.352322,-7.435406,2024-06-17,2
52680,3,109.35259,-7.435403,2024-06-17,2
52681,3,109.352871,-7.435398,2024-06-17,2
52682,3,109.353115,-7.435403,2024-06-17,2
52683,3,109.351934,-7.435337,2024-06-17,2
52684,3,109.352103,-7.435335,2024-06-17,2
52685,3,109.352367,-7.435328,2024-06-17,2
52686,3,109.353409,-7.435367,2024-06-17,2
52687,3,109.353609,-7.435438,2024-06-17,2
52688,3,109.352633,-7.435321,2024-06-17,2
52689,3,109.352867,-7.435314,2024-06-17,2
52690,3,109.353097,-7.435301,2024-06-17,2
52691,3,109.353378,-7.435277,2024-06-17,2
52692,3,109.352185,-7.43527,2024-06-17,2
52693,3,109.35204,-7.435271,2024-06-17,2
52694,3,109.351916,-7.43525,2024-06-17,2
52695,3,109.352039,-7.435217,2024-06-17,2
52696,3,109.352182,-7.435218,2024-06-17,2
52697,3,109.35239,-7.435235,2024-06-17,2
52698,3,109.352638,-7.435226,2024-06-17,2
52699,3,109.352926,-7.435215,2024-06-17,2
52700,3,109.353224,-7.435203,2024-06-17,2
52701,3,109.353441,-7.435197,2024-06-17,2
52702,3,109.3518,-7.435128,2024-06-17,2
52703,3,109.351925,-7.435149,2024-06-17,2
52704,3,109.35214,-7.435142,2024-06-17,2
52705,3,109.352365,-7.435135,2024-06-17,2
52706,3,109.352617,-7.435126,2024-06-17,2
52707,3,109.352882,-7.435116,2024-06-17,2
52708,3,109.353148,-7.435107,2024-06-17,2
52709,3,109.353375,-7.4351,2024-06-17,2
52710,3,109.351782,-7.435055,2024-06-17,2
52711,3,109.351921,-7.435056,2024-06-17,2
52712,3,109.352135,-7.43505,2024-06-17,2
52713,3,109.352359,-7.435043,2024-06-17,2
52714,3,109.352612,-7.435034,2024-06-17,2
52715,3,109.352878,-7.435025,2024-06-17,2
52716,3,109.353143,-7.435017,2024-06-17,2
52717,3,109.353351,-7.435012,2024-06-17,2
52718,3,109.351756,-7.434954,2024-06-17,2
52719,3,109.351919,-7.434954,2024-06-17,2
52720,3,109.352131,-7.434948,2024-06-17,2
52721,3,109.352352,-7.434941,2024-06-17,2
52722,3,109.352605,-7.434933,2024-06-17,2
52723,3,109.352872,-7.434925,2024-06-17,2
52724,3,109.353137,-7.434917,2024-06-17,2
52725,3,109.353324,-7.434915,2024-06-17,2
52726,3,109.351949,-7.434835,2024-06-17,2
52727,3,109.352346,-7.434823,2024-06-17,2
52728,3,109.352599,-7.434816,2024-06-17,2
52729,3,109.352888,-7.434809,2024-06-17,2
52730,3,109.353184,-7.434803,2024-06-17,2
52731,3,109.351983,-7.434725,2024-06-17,2
52732,3,109.352207,-7.434702,2024-06-17,2
52733,3,109.352421,-7.434697,2024-06-17,2
52734,3,109.352628,-7.434692,2024-06-17,2
52735,3,109.352083,-7.434635,2024-06-17,2
52736,3,109.352867,-7.434688,2024-06-17,2
52737,3,109.353134,-7.434684,2024-06-17,2
52738,3,109.35223,-7.434601,2024-06-17,2
52739,3,109.352417,-7.434587,2024-06-17,2
52740,3,109.352625,-7.434582,2024-06-17,2
52741,3,109.352863,-7.434578,2024-06-17,2
52742,3,109.353106,-7.434576,2024-06-17,2
52743,3,109.352418,-7.434509,2024-06-17,2
52744,3,109.352601,-7.434475,2024-06-17,2
52745,3,109.352836,-7.434469,2024-06-17,2
52746,3,109.353069,-7.434471,2024-06-17,2
52747,3,109.352652,-7.434387,2024-06-17,2
52748,3,109.352907,-7.434374,2024-06-17,2
52749,3,109.352809,-7.434319,2024-06-17,2
52750,3,109.352978,-7.434286,2024-06-17,2
52751,3,109.295259,-7.427132,2024-06-17,2
52752,3,109.29507,-7.427128,2024-06-17,2
52753,3,109.295743,-7.427117,2024-06-17,2
52754,3,109.295684,-7.427116,2024-06-17,2
52755,3,109.295569,-7.427112,2024-06-17,2
52756,3,109.295428,-7.427107,2024-06-17,2
52757,3,109.413762,-7.427054,2024-06-17,2
52758,3,109.295332,-7.427104,2024-06-17,2
52759,3,109.294828,-7.427104,2024-06-17,2
52760,3,109.294631,-7.427098,2024-06-17,2
52761,3,109.295111,-7.427049,2024-06-17,2
52762,3,109.413758,-7.427022,2024-06-17,2
52763,3,109.41385,-7.427021,2024-06-17,2
52764,3,109.413775,-7.42699,2024-06-17,2
52765,3,109.295794,-7.427041,2024-06-17,2
52766,3,109.413574,-7.426992,2024-06-17,2
52767,3,109.29563,-7.427001,2024-06-17,2
52768,3,109.295417,-7.426991,2024-06-17,2
52769,3,109.413446,-7.426966,2024-06-17,2
52770,3,109.295142,-7.426975,2024-06-17,2
52771,3,109.413804,-7.426958,2024-06-17,2
52772,3,109.413341,-7.426947,2024-06-17,2
52773,3,109.413269,-7.426937,2024-06-17,2
52774,3,109.413661,-7.42696,2024-06-17,2
52775,3,109.29579,-7.426928,2024-06-17,2
52776,3,109.29472,-7.426957,2024-06-17,2
52777,3,109.413198,-7.426923,2024-06-17,2
52779,3,109.413616,-7.426937,2024-06-17,2
52780,3,109.413128,-7.426912,2024-06-17,2
52781,3,109.295625,-7.426918,2024-06-17,2
52782,3,109.413605,-7.426897,2024-06-17,2
52783,3,109.413832,-7.426914,2024-06-17,2
52785,3,109.41306,-7.4269,2024-06-17,2
52786,3,109.295371,-7.426905,2024-06-17,2
52788,3,109.295142,-7.426894,2024-06-17,2
52789,3,109.413545,-7.426929,2024-06-17,2
52790,3,109.413863,-7.426867,2024-06-17,2
52791,3,109.413736,-7.426877,2024-06-17,2
52793,3,109.413672,-7.426861,2024-06-17,2
52794,3,109.413511,-7.42689,2024-06-17,2
52795,3,109.41364,-7.426847,2024-06-17,2
52796,3,109.413588,-7.426882,2024-06-17,2
52798,3,109.413401,-7.42687,2024-06-17,2
52801,3,109.413276,-7.42685,2024-06-17,2
52802,3,109.413886,-7.426822,2024-06-17,2
52803,3,109.295794,-7.426839,2024-06-17,2
52804,3,109.295365,-7.426831,2024-06-17,2
52805,3,109.295148,-7.426817,2024-06-17,2
52806,3,109.413798,-7.426818,2024-06-17,2
52807,3,109.413729,-7.426801,2024-06-17,2
52810,3,109.41368,-7.426786,2024-06-17,2
52811,3,109.413623,-7.426783,2024-06-17,2
52812,3,109.413571,-7.426797,2024-06-17,2
52814,3,109.295621,-7.426818,2024-06-17,2
52815,3,109.413747,-7.426751,2024-06-17,2
52817,3,109.294711,-7.426818,2024-06-17,2
52819,3,109.294958,-7.426824,2024-06-17,2
52820,3,109.295437,-7.426763,2024-06-17,2
52822,3,109.413437,-7.42677,2024-06-17,2
52823,3,109.295814,-7.426756,2024-06-17,2
52824,3,109.413863,-7.426752,2024-06-17,2
52825,3,109.413036,-7.426799,2024-06-17,2
52826,3,109.295327,-7.426747,2024-06-17,2
52829,3,109.295766,-7.426733,2024-06-17,2
52830,3,109.412937,-7.426797,2024-06-17,2
52831,3,109.413255,-7.426736,2024-06-17,2
52832,3,109.413839,-7.426698,2024-06-17,2
52834,3,109.295145,-7.426728,2024-06-17,2
52835,3,109.413771,-7.426703,2024-06-17,2
52836,3,109.413147,-7.426777,2024-06-17,2
52837,3,109.412827,-7.426771,2024-06-17,2
52838,3,109.41385,-7.426666,2024-06-17,2
52839,3,109.413731,-7.426704,2024-06-17,2
52841,3,109.413693,-7.426692,2024-06-17,2
52843,3,109.295529,-7.426695,2024-06-17,2
52844,3,109.413644,-7.426689,2024-06-17,2
52846,3,109.413858,-7.426641,2024-06-17,2
52847,3,109.413588,-7.426683,2024-06-17,2
52848,3,109.413833,-7.426609,2024-06-17,2
52849,3,109.295015,-7.42665,2024-06-17,2
52850,3,109.294753,-7.42666,2024-06-17,2
52851,3,109.413449,-7.426657,2024-06-17,2
52852,3,109.41329,-7.426622,2024-06-17,2
52853,3,109.294747,-7.426564,2024-06-17,2
52854,3,109.413559,-7.426565,2024-06-17,2
52855,3,109.413181,-7.426596,2024-06-17,2
52856,3,109.413941,-7.426561,2024-06-17,2
52857,3,109.41352,-7.426558,2024-06-17,2
52858,3,109.413478,-7.42655,2024-06-17,2
52859,3,109.41391,-7.426553,2024-06-17,2
52860,3,109.295166,-7.426611,2024-06-17,2
52861,3,109.413869,-7.426547,2024-06-17,2
52862,3,109.413438,-7.426539,2024-06-17,2
52863,3,109.413398,-7.426532,2024-06-17,2
52864,3,109.413069,-7.426606,2024-06-17,2
52865,3,109.413828,-7.426541,2024-06-17,2
52867,3,109.413357,-7.426526,2024-06-17,2
52868,3,109.413789,-7.426536,2024-06-17,2
52870,3,109.413745,-7.426551,2024-06-17,2
52871,3,109.412974,-7.42659,2024-06-17,2
52872,3,109.413705,-7.426553,2024-06-17,2
52874,3,109.413677,-7.426547,2024-06-17,2
52875,3,109.413648,-7.426544,2024-06-17,2
52876,3,109.413604,-7.426563,2024-06-17,2
52878,3,109.412909,-7.426559,2024-06-17,2
52880,3,109.412826,-7.426549,2024-06-17,2
52882,3,109.412836,-7.426433,2024-06-17,2
52884,3,109.41392,-7.426456,2024-06-17,2
52885,3,109.413888,-7.426451,2024-06-17,2
52886,3,109.294905,-7.426488,2024-06-17,2
52887,3,109.413847,-7.426446,2024-06-17,2
52888,3,109.413808,-7.426439,2024-06-17,2
52890,3,109.413769,-7.426434,2024-06-17,2
52891,3,109.294658,-7.426463,2024-06-17,2
52892,3,109.413728,-7.426427,2024-06-17,2
52893,3,109.413699,-7.426423,2024-06-17,2
52894,3,109.295412,-7.426552,2024-06-17,2
52896,3,109.41367,-7.426419,2024-06-17,2
52897,3,109.413622,-7.426443,2024-06-17,2
52898,3,109.412608,-7.426631,2024-06-17,2
52899,3,109.413582,-7.426441,2024-06-17,2
52901,3,109.413541,-7.426436,2024-06-17,2
52902,3,109.413947,-7.426436,2024-06-17,2
52903,3,109.4135,-7.42643,2024-06-17,2
52905,3,109.413307,-7.42645,2024-06-17,2
52906,3,109.413459,-7.426422,2024-06-17,2
52907,3,109.413419,-7.426417,2024-06-17,2
52908,3,109.413377,-7.426413,2024-06-17,2
52909,3,109.413207,-7.426433,2024-06-17,2
52910,3,109.413087,-7.426404,2024-06-17,2
52911,3,109.295782,-7.426425,2024-06-17,2
52912,3,109.412991,-7.426396,2024-06-17,2
52913,3,109.412927,-7.42638,2024-06-17,2
52914,3,109.295679,-7.426405,2024-06-17,2
52915,3,109.413953,-7.426334,2024-06-17,2
52916,3,109.41391,-7.426337,2024-06-17,2
52917,3,109.413869,-7.426331,2024-06-17,2
52918,3,109.41383,-7.426324,2024-06-17,2
52919,3,109.294769,-7.426351,2024-06-17,2
52920,3,109.41379,-7.426319,2024-06-17,2
52921,3,109.41375,-7.426312,2024-06-17,2
52922,3,109.294562,-7.426311,2024-06-17,2
52923,3,109.412592,-7.426315,2024-06-17,2
52924,3,109.413721,-7.426303,2024-06-17,2
52925,3,109.413692,-7.426299,2024-06-17,2
52926,3,109.413651,-7.426294,2024-06-17,2
52927,3,109.41361,-7.426287,2024-06-17,2
52929,3,109.41398,-7.42637,2024-06-17,2
52930,3,109.413569,-7.426281,2024-06-17,2
52931,3,109.295551,-7.426336,2024-06-17,2
52935,3,109.413975,-7.426238,2024-06-17,2
52936,3,109.413528,-7.426276,2024-06-17,2
52937,3,109.413487,-7.42627,2024-06-17,2
52938,3,109.41393,-7.426231,2024-06-17,2
52940,3,109.413446,-7.426264,2024-06-17,2
52941,3,109.41389,-7.426224,2024-06-17,2
52942,3,109.413404,-7.426259,2024-06-17,2
52944,3,109.41385,-7.426216,2024-06-17,2
52945,3,109.295366,-7.42629,2024-06-17,2
52946,3,109.29502,-7.426234,2024-06-17,2
52947,3,109.413811,-7.42621,2024-06-17,2
52949,3,109.295091,-7.426243,2024-06-17,2
52950,3,109.41377,-7.426202,2024-06-17,2
52951,3,109.413741,-7.426193,2024-06-17,2
52952,3,109.413303,-7.426253,2024-06-17,2
52953,3,109.294934,-7.426216,2024-06-17,2
52954,3,109.413712,-7.426188,2024-06-17,2
52955,3,109.294847,-7.426192,2024-06-17,2
52957,3,109.413672,-7.426182,2024-06-17,2
52958,3,109.41402,-7.426173,2024-06-17,2
52959,3,109.413179,-7.426236,2024-06-17,2
52960,3,109.413987,-7.426171,2024-06-17,2
52961,3,109.413944,-7.426164,2024-06-17,2
52962,3,109.41363,-7.426175,2024-06-17,2
52963,3,109.413903,-7.426159,2024-06-17,2
52964,3,109.413863,-7.426153,2024-06-17,2
52965,3,109.413589,-7.426167,2024-06-17,2
52966,3,109.413823,-7.426147,2024-06-17,2
52967,3,109.295745,-7.426219,2024-06-17,2
52968,3,109.413782,-7.426141,2024-06-17,2
52969,3,109.413549,-7.42616,2024-06-17,2
52970,3,109.413751,-7.426137,2024-06-17,2
52971,3,109.294685,-7.426183,2024-06-17,2
52972,3,109.413722,-7.426134,2024-06-17,2
52973,3,109.413682,-7.426129,2024-06-17,2
52974,3,109.41364,-7.426123,2024-06-17,2
52975,3,109.413598,-7.426117,2024-06-17,2
52976,3,109.413558,-7.426112,2024-06-17,2
52977,3,109.41351,-7.426145,2024-06-17,2
52978,3,109.413469,-7.42614,2024-06-17,2
52979,3,109.413427,-7.426135,2024-06-17,2
52983,3,109.41311,-7.426201,2024-06-17,2
52984,3,109.413328,-7.42612,2024-06-17,2
52986,3,109.413202,-7.426107,2024-06-17,2
52987,3,109.413029,-7.426187,2024-06-17,2
52990,3,109.41308,-7.426066,2024-06-17,2
52992,3,109.295404,-7.426128,2024-06-17,2
52993,3,109.295214,-7.426185,2024-06-17,2
52994,3,109.295144,-7.426088,2024-06-17,2
52997,3,109.295072,-7.426086,2024-06-17,2
52999,3,109.29481,-7.42608,2024-06-17,2
53000,3,109.294981,-7.42607,2024-06-17,2
53005,3,109.295627,-7.426103,2024-06-17,2
53006,3,109.294653,-7.426052,2024-06-17,2
53007,3,109.295451,-7.426029,2024-06-17,2
53009,3,109.29577,-7.426048,2024-06-17,2
53010,3,109.294567,-7.426015,2024-06-17,2
53011,3,109.295813,-7.425956,2024-06-17,2
53013,3,109.295284,-7.425973,2024-06-17,2
53014,3,109.295617,-7.425969,2024-06-17,2
53015,3,109.29519,-7.425954,2024-06-17,2
53016,3,109.295122,-7.425948,2024-06-17,2
53017,3,109.295026,-7.425928,2024-06-17,2
53018,3,109.29492,-7.425931,2024-06-17,2
53019,3,109.294836,-7.425913,2024-06-17,2
53020,3,109.295491,-7.425905,2024-06-17,2
53021,3,109.294707,-7.425888,2024-06-17,2
53022,3,109.295695,-7.425902,2024-06-17,2
53023,3,109.295325,-7.425859,2024-06-17,2
53024,3,109.295229,-7.425842,2024-06-17,2
53025,3,109.294586,-7.425854,2024-06-17,2
53026,3,109.295163,-7.42583,2024-06-17,2
53027,3,109.295066,-7.425807,2024-06-17,2
53028,3,109.294965,-7.425786,2024-06-17,2
53029,3,109.294879,-7.425773,2024-06-17,2
53030,3,109.294744,-7.425756,2024-06-17,2
53031,3,109.295734,-7.425807,2024-06-17,2
53032,3,109.294601,-7.425734,2024-06-17,2
53033,3,109.295528,-7.425771,2024-06-17,2
53034,3,109.295269,-7.425727,2024-06-17,2
53035,3,109.295366,-7.425731,2024-06-17,2
53036,3,109.295205,-7.425711,2024-06-17,2
53037,3,109.295758,-7.425702,2024-06-17,2
53038,3,109.295579,-7.425688,2024-06-17,2
53039,3,109.2954,-7.425653,2024-06-17,2
53040,3,109.295297,-7.425654,2024-06-17,2
53041,3,109.295234,-7.425645,2024-06-17,2
53042,3,109.295109,-7.425689,2024-06-17,2
53043,3,109.294998,-7.425677,2024-06-17,2
53044,3,109.29491,-7.425672,2024-06-17,2
53045,3,109.294768,-7.425665,2024-06-17,2
53046,3,109.294614,-7.425657,2024-06-17,2
48933,3,109.411611,-7.426361,2024-06-17,4
49504,3,109.411658,-7.426606,2024-06-17,4
49505,3,109.412111,-7.426607,2024-06-17,4
49513,3,109.411659,-7.426154,2024-06-17,4
49514,3,109.412112,-7.426155,2024-06-17,4
52778,3,109.411941,-7.426895,2024-06-17,4
52784,3,109.411867,-7.426886,2024-06-17,4
52787,3,109.411796,-7.426877,2024-06-17,4
52792,3,109.411668,-7.426859,2024-06-17,4
52797,3,109.411527,-7.426841,2024-06-17,4
52799,3,109.411431,-7.42683,2024-06-17,4
52800,3,109.411378,-7.426822,2024-06-17,4
52808,3,109.412286,-7.426848,2024-06-17,4
52809,3,109.412224,-7.426842,2024-06-17,4
52813,3,109.412145,-7.42683,2024-06-17,4
52816,3,109.412067,-7.426829,2024-06-17,4
52818,3,109.412014,-7.426814,2024-06-17,4
52821,3,109.411952,-7.426805,2024-06-17,4
52827,3,109.411866,-7.426787,2024-06-17,4
52828,3,109.411772,-7.426775,2024-06-17,4
52833,3,109.411666,-7.426754,2024-06-17,4
52840,3,109.411543,-7.426735,2024-06-17,4
52842,3,109.411449,-7.426719,2024-06-17,4
52845,3,109.411391,-7.426705,2024-06-17,4
52866,3,109.412317,-7.426627,2024-06-17,4
52869,3,109.412258,-7.426623,2024-06-17,4
52873,3,109.412179,-7.426613,2024-06-17,4
52877,3,109.412102,-7.426593,2024-06-17,4
52879,3,109.412022,-7.426591,2024-06-17,4
52881,3,109.41192,-7.426562,2024-06-17,4
52883,3,109.411817,-7.426555,2024-06-17,4
52889,3,109.411701,-7.426534,2024-06-17,4
52895,3,109.411577,-7.426517,2024-06-17,4
52900,3,109.411487,-7.426503,2024-06-17,4
52904,3,109.411421,-7.426478,2024-06-17,4
52928,3,109.412335,-7.426351,2024-06-17,4
52932,3,109.411608,-7.426306,2024-06-17,4
52933,3,109.412236,-7.426337,2024-06-17,4
52934,3,109.411412,-7.42624,2024-06-17,4
52939,3,109.412156,-7.426324,2024-06-17,4
52943,3,109.412074,-7.426318,2024-06-17,4
52948,3,109.411978,-7.426302,2024-06-17,4
52956,3,109.411867,-7.426285,2024-06-17,4
52980,3,109.41163,-7.426173,2024-06-17,4
52981,3,109.412371,-7.426153,2024-06-17,4
52982,3,109.411426,-7.426133,2024-06-17,4
52985,3,109.412267,-7.426138,2024-06-17,4
52988,3,109.412182,-7.426129,2024-06-17,4
52989,3,109.412097,-7.426118,2024-06-17,4
52991,3,109.412006,-7.426108,2024-06-17,4
52995,3,109.411796,-7.426078,2024-06-17,4
52996,3,109.412391,-7.426045,2024-06-17,4
52998,3,109.412269,-7.426031,2024-06-17,4
53001,3,109.412164,-7.426021,2024-06-17,4
53002,3,109.411546,-7.426041,2024-06-17,4
53003,3,109.411441,-7.426021,2024-06-17,4
53004,3,109.412065,-7.426011,2024-06-17,4
53008,3,109.411876,-7.42599,2024-06-17,4
53012,3,109.411588,-7.425957,2024-06-17,4
53460,3,109.295694,-7.426111,2024-06-29,2
53461,3,109.352639,-7.434611,2024-06-29,2
53464,3,109.413361,-7.426667,2024-06-29,2
53465,3,109.375167,-7.504139,2024-06-29,2
53470,3,109.449389,-7.595722,2024-06-29,2
53984,3,109.448652,-7.595832,2024-06-29,2
53985,3,109.449105,-7.595834,2024-06-29,2
53986,3,109.449559,-7.595835,2024-06-29,2
53989,3,109.448654,-7.59538,2024-06-29,2
53990,3,109.449107,-7.595381,2024-06-29,2
53991,3,109.44956,-7.595383,2024-06-29,2
53994,3,109.448656,-7.594928,2024-06-29,2
53995,3,109.449109,-7.594929,2024-06-29,2
53996,3,109.449562,-7.594931,2024-06-29,2
53999,3,109.448657,-7.594476,2024-06-29,2
54000,3,109.44911,-7.594477,2024-06-29,2
54001,3,109.374681,-7.504687,2024-06-29,2
54002,3,109.375134,-7.504689,2024-06-29,2
54003,3,109.375587,-7.504691,2024-06-29,2
54004,3,109.37423,-7.504233,2024-06-29,2
54005,3,109.374683,-7.504235,2024-06-29,2
54006,3,109.375136,-7.504237,2024-06-29,2
54007,3,109.375589,-7.504238,2024-06-29,2
54008,3,109.374685,-7.503783,2024-06-29,2
54009,3,109.375138,-7.503785,2024-06-29,2
54010,3,109.375591,-7.503786,2024-06-29,2
54011,3,109.374686,-7.503331,2024-06-29,2
54012,3,109.352288,-7.435884,2024-06-29,2
54013,3,109.352741,-7.435885,2024-06-29,2
54014,3,109.353194,-7.435887,2024-06-29,2
54015,3,109.353647,-7.435889,2024-06-29,2
54016,3,109.35229,-7.435431,2024-06-29,2
54017,3,109.352743,-7.435433,2024-06-29,2
54018,3,109.353196,-7.435435,2024-06-29,2
54019,3,109.351839,-7.434978,2024-06-29,2
54020,3,109.352292,-7.434979,2024-06-29,2
54021,3,109.352745,-7.434981,2024-06-29,2
54022,3,109.353198,-7.434983,2024-06-29,2
54023,3,109.352746,-7.434529,2024-06-29,2
54024,3,109.2948,-7.427076,2024-06-29,2
54025,3,109.295253,-7.427078,2024-06-29,2
54026,3,109.295706,-7.42708,2024-06-29,2
54027,3,109.294801,-7.426624,2024-06-29,2
54028,3,109.295254,-7.426626,2024-06-29,2
54029,3,109.295707,-7.426628,2024-06-29,2
54030,3,109.294803,-7.426172,2024-06-29,2
54031,3,109.295256,-7.426174,2024-06-29,2
54032,3,109.295709,-7.426176,2024-06-29,2
54035,3,109.412564,-7.426609,2024-06-29,2
54036,3,109.413017,-7.426611,2024-06-29,2
54037,3,109.41347,-7.426612,2024-06-29,2
54039,3,109.294805,-7.42572,2024-06-29,2
54040,3,109.295258,-7.425722,2024-06-29,2
54041,3,109.295711,-7.425724,2024-06-29,2
54044,3,109.413018,-7.426158,2024-06-29,2
56917,3,109.449044,-7.595973,2024-06-29,2
56920,3,109.449018,-7.595938,2024-06-29,2
56921,3,109.449141,-7.595946,2024-06-29,2
56927,3,109.449021,-7.595877,2024-06-29,2
56928,3,109.448649,-7.595892,2024-06-29,2
56929,3,109.448519,-7.595919,2024-06-29,2
56930,3,109.449278,-7.595859,2024-06-29,2
56932,3,109.448921,-7.595837,2024-06-29,2
56933,3,109.449894,-7.595872,2024-06-29,2
56934,3,109.449178,-7.595904,2024-06-29,2
56935,3,109.449586,-7.59593,2024-06-29,2
56936,3,109.449273,-7.595788,2024-06-29,2
56937,3,109.448925,-7.595766,2024-06-29,2
56938,3,109.44913,-7.595792,2024-06-29,2
56939,3,109.449272,-7.595727,2024-06-29,2
56940,3,109.448738,-7.595764,2024-06-29,2
56941,3,109.448777,-7.59586,2024-06-29,2
56942,3,109.448454,-7.59573,2024-06-29,2
56943,3,109.448526,-7.595733,2024-06-29,2
56944,3,109.449277,-7.595678,2024-06-29,2
56945,3,109.44959,-7.595826,2024-06-29,2
56946,3,109.449074,-7.595687,2024-06-29,2
56947,3,109.449963,-7.595739,2024-06-29,2
56948,3,109.448922,-7.595662,2024-06-29,2
56949,3,109.449982,-7.595651,2024-06-29,2
56950,3,109.449063,-7.595634,2024-06-29,2
56951,3,109.449591,-7.595739,2024-06-29,2
56952,3,109.449269,-7.595638,2024-06-29,2
56954,3,109.44874,-7.595672,2024-06-29,2
56956,3,109.44867,-7.595554,2024-06-29,2
56957,3,109.44892,-7.5956,2024-06-29,2
56958,3,109.448575,-7.595593,2024-06-29,2
56959,3,109.44848,-7.595601,2024-06-29,2
56961,3,109.449595,-7.595654,2024-06-29,2
56963,3,109.449054,-7.59557,2024-06-29,2
56964,3,109.448365,-7.595649,2024-06-29,2
56966,3,109.448816,-7.595611,2024-06-29,2
56969,3,109.449611,-7.595543,2024-06-29,2
56971,3,109.448807,-7.595479,2024-06-29,2
56974,3,109.449965,-7.595477,2024-06-29,2
56975,3,109.449562,-7.595468,2024-06-29,2
56976,3,109.448642,-7.595469,2024-06-29,2
56977,3,109.448456,-7.595463,2024-06-29,2
56979,3,109.448671,-7.595389,2024-06-29,2
56980,3,109.449563,-7.595366,2024-06-29,2
56981,3,109.449182,-7.595513,2024-06-29,2
56982,3,109.448853,-7.595404,2024-06-29,2
56983,3,109.449576,-7.595251,2024-06-29,2
56984,3,109.449968,-7.595375,2024-06-29,2
56985,3,109.448866,-7.595313,2024-06-29,2
56986,3,109.449985,-7.595268,2024-06-29,2
56989,3,109.44918,-7.595359,2024-06-29,2
56996,3,109.4483,-7.595265,2024-06-29,2
56998,3,109.44837,-7.595319,2024-06-29,2
56999,3,109.449861,-7.595118,2024-06-29,2
57000,3,109.449184,-7.595233,2024-06-29,2
57001,3,109.449596,-7.595124,2024-06-29,2
57002,3,109.448642,-7.595081,2024-06-29,2
57004,3,109.449217,-7.595097,2024-06-29,2
57005,3,109.448916,-7.595048,2024-06-29,2
57006,3,109.448869,-7.595118,2024-06-29,2
57007,3,109.448848,-7.595207,2024-06-29,2
57008,3,109.449605,-7.595025,2024-06-29,2
57009,3,109.448548,-7.59511,2024-06-29,2
57010,3,109.448687,-7.595082,2024-06-29,2
57011,3,109.448661,-7.595264,2024-06-29,2
57012,3,109.448526,-7.595255,2024-06-29,2
57015,3,109.449905,-7.59505,2024-06-29,2
57016,3,109.448526,-7.595471,2024-06-29,2
57020,3,109.449996,-7.595039,2024-06-29,2
57021,3,109.448394,-7.595054,2024-06-29,2
57022,3,109.448314,-7.595002,2024-06-29,2
57023,3,109.448295,-7.594996,2024-06-29,2
57024,3,109.449204,-7.594989,2024-06-29,2
57025,3,109.449003,-7.594983,2024-06-29,2
57026,3,109.449602,-7.594934,2024-06-29,2
57027,3,109.449186,-7.594916,2024-06-29,2
57028,3,109.448767,-7.594898,2024-06-29,2
57029,3,109.448469,-7.594896,2024-06-29,2
57030,3,109.449085,-7.594796,2024-06-29,2
57031,3,109.449287,-7.594769,2024-06-29,2
57032,3,109.448868,-7.594894,2024-06-29,2
57033,3,109.449607,-7.594794,2024-06-29,2
57035,3,109.448916,-7.594727,2024-06-29,2
57036,3,109.448876,-7.594779,2024-06-29,2
57037,3,109.448491,-7.594841,2024-06-29,2
57038,3,109.448682,-7.594779,2024-06-29,2
57039,3,109.448642,-7.594835,2024-06-29,2
57040,3,109.448581,-7.594828,2024-06-29,2
57041,3,109.448311,-7.59481,2024-06-29,2
57042,3,109.448528,-7.594813,2024-06-29,2
57043,3,109.448427,-7.594676,2024-06-29,2
57044,3,109.448403,-7.594744,2024-06-29,2
57045,3,109.44838,-7.594852,2024-06-29,2
57046,3,109.449182,-7.594686,2024-06-29,2
57048,3,109.448347,-7.594628,2024-06-29,2
57049,3,109.448859,-7.59465,2024-06-29,2
57050,3,109.448373,-7.594616,2024-06-29,2
57052,3,109.448505,-7.594615,2024-06-29,2
57059,3,109.449967,-7.594715,2024-06-29,2
57060,3,109.449865,-7.594705,2024-06-29,2
57061,3,109.448442,-7.594596,2024-06-29,2
57062,3,109.449667,-7.594594,2024-06-29,2
57063,3,109.449481,-7.594595,2024-06-29,2
57064,3,109.448532,-7.59457,2024-06-29,2
57065,3,109.44921,-7.594555,2024-06-29,2
57066,3,109.448905,-7.594538,2024-06-29,2
57067,3,109.448595,-7.594603,2024-06-29,2
57068,3,109.44875,-7.594505,2024-06-29,2
57069,3,109.448678,-7.594566,2024-06-29,2
57070,3,109.448709,-7.594694,2024-06-29,2
57071,3,109.375327,-7.505047,2024-06-29,2
57072,3,109.375389,-7.505055,2024-06-29,2
57073,3,109.375076,-7.504923,2024-06-29,2
57074,3,109.375244,-7.504951,2024-06-29,2
57075,3,109.375403,-7.50495,2024-06-29,2
57076,3,109.37549,-7.504896,2024-06-29,2
57077,3,109.375106,-7.504791,2024-06-29,2
57078,3,109.375351,-7.504766,2024-06-29,2
57079,3,109.375532,-7.504739,2024-06-29,2
57080,3,109.374899,-7.50477,2024-06-29,2
57081,3,109.374465,-7.504643,2024-06-29,2
57082,3,109.375545,-7.504671,2024-06-29,2
57083,3,109.374539,-7.504648,2024-06-29,2
57084,3,109.37461,-7.504679,2024-06-29,2
57085,3,109.375335,-7.504664,2024-06-29,2
57086,3,109.375096,-7.50468,2024-06-29,2
57087,3,109.375559,-7.504607,2024-06-29,2
57088,3,109.375571,-7.504543,2024-06-29,2
57089,3,109.375316,-7.504545,2024-06-29,2
57090,3,109.374245,-7.504519,2024-06-29,2
57091,3,109.375583,-7.504477,2024-06-29,2
57092,3,109.375308,-7.504464,2024-06-29,2
57093,3,109.375075,-7.504539,2024-06-29,2
57094,3,109.374212,-7.504438,2024-06-29,2
57095,3,109.375603,-7.504412,2024-06-29,2
57096,3,109.37416,-7.504452,2024-06-29,2
57097,3,109.37531,-7.504397,2024-06-29,2
57098,3,109.375607,-7.504349,2024-06-29,2
57099,3,109.375321,-7.504315,2024-06-29,2
57100,3,109.375115,-7.504271,2024-06-29,2
57101,3,109.375628,-7.504283,2024-06-29,2
57102,3,109.375283,-7.504252,2024-06-29,2
57103,3,109.375124,-7.504202,2024-06-29,2
57104,3,109.375626,-7.504216,2024-06-29,2
57105,3,109.375272,-7.50419,2024-06-29,2
57106,3,109.375866,-7.504179,2024-06-29,2
57107,3,109.374228,-7.504286,2024-06-29,2
57108,3,109.375617,-7.504154,2024-06-29,2
57109,3,109.375051,-7.504403,2024-06-29,2
57110,3,109.375035,-7.504238,2024-06-29,2
57111,3,109.375083,-7.504118,2024-06-29,2
57112,3,109.375261,-7.504112,2024-06-29,2
57113,3,109.375881,-7.504103,2024-06-29,2
57114,3,109.3743,-7.504369,2024-06-29,2
57115,3,109.375537,-7.504089,2024-06-29,2
57116,3,109.37576,-7.504067,2024-06-29,2
57117,3,109.374383,-7.504312,2024-06-29,2
57118,3,109.375159,-7.504034,2024-06-29,2
57119,3,109.375897,-7.50401,2024-06-29,2
57120,3,109.375574,-7.503994,2024-06-29,2
57121,3,109.374355,-7.503971,2024-06-29,2
57122,3,109.375477,-7.503931,2024-06-29,2
57123,3,109.375714,-7.503922,2024-06-29,2
57124,3,109.37586,-7.503933,2024-06-29,2
57125,3,109.375268,-7.503977,2024-06-29,2
57126,3,109.375144,-7.50393,2024-06-29,2
57127,3,109.375092,-7.50397,2024-06-29,2
57128,3,109.37503,-7.503962,2024-06-29,2
57129,3,109.374967,-7.503972,2024-06-29,2
57130,3,109.374909,-7.503963,2024-06-29,2
57131,3,109.374387,-7.50395,2024-06-29,2
57132,3,109.374866,-7.504118,2024-06-29,2
57133,3,109.374776,-7.504128,2024-06-29,2
57134,3,109.374742,-7.504387,2024-06-29,2
57135,3,109.374628,-7.504333,2024-06-29,2
57136,3,109.374483,-7.504208,2024-06-29,2
57137,3,109.375908,-7.503821,2024-06-29,2
57138,3,109.375409,-7.503816,2024-06-29,2
57139,3,109.375762,-7.503737,2024-06-29,2
57140,3,109.375656,-7.503807,2024-06-29,2
57141,3,109.375708,-7.503708,2024-06-29,2
57142,3,109.375517,-7.503764,2024-06-29,2
57143,3,109.374502,-7.503704,2024-06-29,2
57144,3,109.37516,-7.50375,2024-06-29,2
57145,3,109.374731,-7.503675,2024-06-29,2
57146,3,109.375269,-7.50371,2024-06-29,2
57147,3,109.375386,-7.503645,2024-06-29,2
57148,3,109.375246,-7.503515,2024-06-29,2
57149,3,109.375101,-7.503623,2024-06-29,2
57150,3,109.37499,-7.503606,2024-06-29,2
57151,3,109.37488,-7.503589,2024-06-29,2
57152,3,109.374821,-7.503452,2024-06-29,2
57153,3,109.374673,-7.503531,2024-06-29,2
57154,3,109.374631,-7.503428,2024-06-29,2
57155,3,109.35245,-7.436383,2024-06-29,2
57156,3,109.352454,-7.436327,2024-06-29,2
57157,3,109.352437,-7.436269,2024-06-29,2
57158,3,109.352789,-7.436253,2024-06-29,2
57159,3,109.352861,-7.436226,2024-06-29,2
57160,3,109.352573,-7.436268,2024-06-29,2
57161,3,109.353041,-7.436154,2024-06-29,2
57162,3,109.352952,-7.43617,2024-06-29,2
57163,3,109.352863,-7.436176,2024-06-29,2
57164,3,109.352786,-7.436185,2024-06-29,2
57165,3,109.352659,-7.436218,2024-06-29,2
57166,3,109.352415,-7.436177,2024-06-29,2
57167,3,109.352275,-7.436132,2024-06-29,2
57168,3,109.352829,-7.436113,2024-06-29,2
57169,3,109.352635,-7.43612,2024-06-29,2
57170,3,109.352596,-7.436015,2024-06-29,2
57171,3,109.352336,-7.436007,2024-06-29,2
57172,3,109.3522,-7.435956,2024-06-29,2
57173,3,109.352819,-7.436008,2024-06-29,2
57174,3,109.352979,-7.436022,2024-06-29,2
57175,3,109.353164,-7.436005,2024-06-29,2
57176,3,109.353379,-7.435934,2024-06-29,2
57177,3,109.353602,-7.435875,2024-06-29,2
57178,3,109.353768,-7.435827,2024-06-29,2
57179,3,109.353225,-7.435853,2024-06-29,2
57180,3,109.352204,-7.435836,2024-06-29,2
57181,3,109.352383,-7.43584,2024-06-29,2
57182,3,109.352568,-7.43584,2024-06-29,2
57183,3,109.352838,-7.435837,2024-06-29,2
57184,3,109.353552,-7.435808,2024-06-29,2
57185,3,109.353747,-7.435781,2024-06-29,2
57186,3,109.353155,-7.435751,2024-06-29,2
57187,3,109.35214,-7.435693,2024-06-29,2
57188,3,109.352352,-7.435696,2024-06-29,2
57189,3,109.352596,-7.435693,2024-06-29,2
57190,3,109.353457,-7.435712,2024-06-29,2
57191,3,109.35286,-7.435691,2024-06-29,2
57192,3,109.353184,-7.435637,2024-06-29,2
57193,3,109.35199,-7.435548,2024-06-29,2
57194,3,109.35212,-7.435583,2024-06-29,2
57195,3,109.352357,-7.435581,2024-06-29,2
57196,3,109.352595,-7.435577,2024-06-29,2
57197,3,109.352854,-7.435574,2024-06-29,2
57198,3,109.353674,-7.435646,2024-06-29,2
57199,3,109.351974,-7.435484,2024-06-29,2
57200,3,109.353133,-7.435536,2024-06-29,2
57201,3,109.35211,-7.435493,2024-06-29,2
57202,3,109.352354,-7.435489,2024-06-29,2
57203,3,109.352594,-7.435485,2024-06-29,2
57204,3,109.352849,-7.435481,2024-06-29,2
57205,3,109.353432,-7.435536,2024-06-29,2
57206,3,109.35195,-7.435406,2024-06-29,2
57207,3,109.352103,-7.435408,2024-06-29,2
57208,3,109.352322,-7.435406,2024-06-29,2
57209,3,109.35259,-7.435403,2024-06-29,2
57210,3,109.352871,-7.435398,2024-06-29,2
57211,3,109.353115,-7.435403,2024-06-29,2
57212,3,109.351934,-7.435337,2024-06-29,2
57213,3,109.352103,-7.435335,2024-06-29,2
57214,3,109.352367,-7.435328,2024-06-29,2
57215,3,109.353409,-7.435367,2024-06-29,2
57216,3,109.353609,-7.435438,2024-06-29,2
57217,3,109.352633,-7.435321,2024-06-29,2
57218,3,109.352867,-7.435314,2024-06-29,2
57219,3,109.353097,-7.435301,2024-06-29,2
57220,3,109.353378,-7.435277,2024-06-29,2
57221,3,109.352185,-7.43527,2024-06-29,2
57222,3,109.35204,-7.435271,2024-06-29,2
57223,3,109.351916,-7.43525,2024-06-29,2
57224,3,109.352039,-7.435217,2024-06-29,2
57225,3,109.352182,-7.435218,2024-06-29,2
57226,3,109.35239,-7.435235,2024-06-29,2
57227,3,109.352638,-7.435226,2024-06-29,2
57228,3,109.352926,-7.435215,2024-06-29,2
57229,3,109.353224,-7.435203,2024-06-29,2
57230,3,109.353441,-7.435197,2024-06-29,2
57231,3,109.3518,-7.435128,2024-06-29,2
57232,3,109.351925,-7.435149,2024-06-29,2
57233,3,109.35214,-7.435142,2024-06-29,2
57234,3,109.352365,-7.435135,2024-06-29,2
57235,3,109.352617,-7.435126,2024-06-29,2
57236,3,109.352882,-7.435116,2024-06-29,2
57237,3,109.353148,-7.435107,2024-06-29,2
57238,3,109.353375,-7.4351,2024-06-29,2
57239,3,109.351782,-7.435055,2024-06-29,2
57240,3,109.351921,-7.435056,2024-06-29,2
57241,3,109.352135,-7.43505,2024-06-29,2
57242,3,109.352359,-7.435043,2024-06-29,2
57243,3,109.352612,-7.435034,2024-06-29,2
57244,3,109.352878,-7.435025,2024-06-29,2
57245,3,109.353143,-7.435017,2024-06-29,2
57246,3,109.353351,-7.435012,2024-06-29,2
57247,3,109.351756,-7.434954,2024-06-29,2
57248,3,109.351919,-7.434954,2024-06-29,2
57249,3,109.352131,-7.434948,2024-06-29,2
57250,3,109.352352,-7.434941,2024-06-29,2
57251,3,109.352605,-7.434933,2024-06-29,2
57252,3,109.352872,-7.434925,2024-06-29,2
57253,3,109.353137,-7.434917,2024-06-29,2
57254,3,109.353324,-7.434915,2024-06-29,2
57255,3,109.351949,-7.434835,2024-06-29,2
57256,3,109.352346,-7.434823,2024-06-29,2
57257,3,109.352599,-7.434816,2024-06-29,2
57258,3,109.352888,-7.434809,2024-06-29,2
57259,3,109.353184,-7.434803,2024-06-29,2
57260,3,109.351983,-7.434725,2024-06-29,2
57261,3,109.352207,-7.434702,2024-06-29,2
57262,3,109.352421,-7.434697,2024-06-29,2
57263,3,109.352628,-7.434692,2024-06-29,2
57264,3,109.352083,-7.434635,2024-06-29,2
57265,3,109.352867,-7.434688,2024-06-29,2
57266,3,109.353134,-7.434684,2024-06-29,2
57267,3,109.35223,-7.434601,2024-06-29,2
57268,3,109.352417,-7.434587,2024-06-29,2
57269,3,109.352625,-7.434582,2024-06-29,2
57270,3,109.352863,-7.434578,2024-06-29,2
57271,3,109.353106,-7.434576,2024-06-29,2
57272,3,109.352418,-7.434509,2024-06-29,2
57273,3,109.352601,-7.434475,2024-06-29,2
57274,3,109.352836,-7.434469,2024-06-29,2
57275,3,109.353069,-7.434471,2024-06-29,2
57276,3,109.352652,-7.434387,2024-06-29,2
57277,3,109.352907,-7.434374,2024-06-29,2
57278,3,109.352809,-7.434319,2024-06-29,2
57279,3,109.352978,-7.434286,2024-06-29,2
57280,3,109.295259,-7.427132,2024-06-29,2
57281,3,109.29507,-7.427128,2024-06-29,2
57282,3,109.295743,-7.427117,2024-06-29,2
57283,3,109.295684,-7.427116,2024-06-29,2
57284,3,109.295569,-7.427112,2024-06-29,2
57285,3,109.295428,-7.427107,2024-06-29,2
57286,3,109.413762,-7.427054,2024-06-29,2
57287,3,109.295332,-7.427104,2024-06-29,2
57288,3,109.294828,-7.427104,2024-06-29,2
57289,3,109.294631,-7.427098,2024-06-29,2
57290,3,109.295111,-7.427049,2024-06-29,2
57291,3,109.413758,-7.427022,2024-06-29,2
57292,3,109.41385,-7.427021,2024-06-29,2
57293,3,109.413775,-7.42699,2024-06-29,2
57294,3,109.295794,-7.427041,2024-06-29,2
57295,3,109.413574,-7.426992,2024-06-29,2
57296,3,109.29563,-7.427001,2024-06-29,2
57297,3,109.295417,-7.426991,2024-06-29,2
57298,3,109.413446,-7.426966,2024-06-29,2
57299,3,109.295142,-7.426975,2024-06-29,2
57300,3,109.413804,-7.426958,2024-06-29,2
57301,3,109.413341,-7.426947,2024-06-29,2
57302,3,109.413269,-7.426937,2024-06-29,2
57303,3,109.413661,-7.42696,2024-06-29,2
57304,3,109.29579,-7.426928,2024-06-29,2
57305,3,109.29472,-7.426957,2024-06-29,2
57306,3,109.413198,-7.426923,2024-06-29,2
57308,3,109.413616,-7.426937,2024-06-29,2
57309,3,109.413128,-7.426912,2024-06-29,2
57310,3,109.295625,-7.426918,2024-06-29,2
57311,3,109.413605,-7.426897,2024-06-29,2
57312,3,109.413832,-7.426914,2024-06-29,2
57314,3,109.41306,-7.4269,2024-06-29,2
57315,3,109.295371,-7.426905,2024-06-29,2
57317,3,109.295142,-7.426894,2024-06-29,2
57318,3,109.413545,-7.426929,2024-06-29,2
57319,3,109.413863,-7.426867,2024-06-29,2
57320,3,109.413736,-7.426877,2024-06-29,2
57322,3,109.413672,-7.426861,2024-06-29,2
57323,3,109.413511,-7.42689,2024-06-29,2
57324,3,109.41364,-7.426847,2024-06-29,2
57325,3,109.413588,-7.426882,2024-06-29,2
57327,3,109.413401,-7.42687,2024-06-29,2
57330,3,109.413276,-7.42685,2024-06-29,2
57331,3,109.413886,-7.426822,2024-06-29,2
57332,3,109.295794,-7.426839,2024-06-29,2
57333,3,109.295365,-7.426831,2024-06-29,2
57334,3,109.295148,-7.426817,2024-06-29,2
57335,3,109.413798,-7.426818,2024-06-29,2
57336,3,109.413729,-7.426801,2024-06-29,2
57339,3,109.41368,-7.426786,2024-06-29,2
57340,3,109.413623,-7.426783,2024-06-29,2
57341,3,109.413571,-7.426797,2024-06-29,2
57343,3,109.295621,-7.426818,2024-06-29,2
57344,3,109.413747,-7.426751,2024-06-29,2
57346,3,109.294711,-7.426818,2024-06-29,2
57348,3,109.294958,-7.426824,2024-06-29,2
57349,3,109.295437,-7.426763,2024-06-29,2
57351,3,109.413437,-7.42677,2024-06-29,2
57352,3,109.295814,-7.426756,2024-06-29,2
57353,3,109.413863,-7.426752,2024-06-29,2
57354,3,109.413036,-7.426799,2024-06-29,2
57355,3,109.295327,-7.426747,2024-06-29,2
57358,3,109.295766,-7.426733,2024-06-29,2
57359,3,109.412937,-7.426797,2024-06-29,2
57360,3,109.413255,-7.426736,2024-06-29,2
57361,3,109.413839,-7.426698,2024-06-29,2
57363,3,109.295145,-7.426728,2024-06-29,2
57364,3,109.413771,-7.426703,2024-06-29,2
57365,3,109.413147,-7.426777,2024-06-29,2
57366,3,109.412827,-7.426771,2024-06-29,2
57368,3,109.413731,-7.426704,2024-06-29,2
57370,3,109.413693,-7.426692,2024-06-29,2
57372,3,109.295529,-7.426695,2024-06-29,2
57373,3,109.413644,-7.426689,2024-06-29,2
57376,3,109.413588,-7.426683,2024-06-29,2
57378,3,109.295015,-7.42665,2024-06-29,2
57379,3,109.294753,-7.42666,2024-06-29,2
57380,3,109.413449,-7.426657,2024-06-29,2
57381,3,109.41329,-7.426622,2024-06-29,2
57382,3,109.294747,-7.426564,2024-06-29,2
57384,3,109.413181,-7.426596,2024-06-29,2
57389,3,109.295166,-7.426611,2024-06-29,2
57393,3,109.413069,-7.426606,2024-06-29,2
57400,3,109.412974,-7.42659,2024-06-29,2
57407,3,109.412909,-7.426559,2024-06-29,2
57409,3,109.412826,-7.426549,2024-06-29,2
57411,3,109.412836,-7.426433,2024-06-29,2
57415,3,109.294905,-7.426488,2024-06-29,2
57420,3,109.294658,-7.426463,2024-06-29,2
57423,3,109.295412,-7.426552,2024-06-29,2
57427,3,109.412608,-7.426631,2024-06-29,2
57434,3,109.413307,-7.42645,2024-06-29,2
57438,3,109.413207,-7.426433,2024-06-29,2
57439,3,109.413087,-7.426404,2024-06-29,2
57440,3,109.295782,-7.426425,2024-06-29,2
57441,3,109.412991,-7.426396,2024-06-29,2
57442,3,109.412927,-7.42638,2024-06-29,2
57443,3,109.295679,-7.426405,2024-06-29,2
57448,3,109.294769,-7.426351,2024-06-29,2
57451,3,109.294562,-7.426311,2024-06-29,2
57452,3,109.412592,-7.426315,2024-06-29,2
57460,3,109.295551,-7.426336,2024-06-29,2
57474,3,109.295366,-7.42629,2024-06-29,2
57475,3,109.29502,-7.426234,2024-06-29,2
57478,3,109.295091,-7.426243,2024-06-29,2
57481,3,109.413303,-7.426253,2024-06-29,2
57482,3,109.294934,-7.426216,2024-06-29,2
57484,3,109.294847,-7.426192,2024-06-29,2
57488,3,109.413179,-7.426236,2024-06-29,2
57496,3,109.295745,-7.426219,2024-06-29,2
57500,3,109.294685,-7.426183,2024-06-29,2
57512,3,109.41311,-7.426201,2024-06-29,2
57513,3,109.413328,-7.42612,2024-06-29,2
57515,3,109.413202,-7.426107,2024-06-29,2
57516,3,109.413029,-7.426187,2024-06-29,2
57519,3,109.41308,-7.426066,2024-06-29,2
57521,3,109.295404,-7.426128,2024-06-29,2
57522,3,109.295214,-7.426185,2024-06-29,2
57523,3,109.295144,-7.426088,2024-06-29,2
57526,3,109.295072,-7.426086,2024-06-29,2
57528,3,109.29481,-7.42608,2024-06-29,2
57529,3,109.294981,-7.42607,2024-06-29,2
57534,3,109.295627,-7.426103,2024-06-29,2
57535,3,109.294653,-7.426052,2024-06-29,2
57536,3,109.295451,-7.426029,2024-06-29,2
57538,3,109.29577,-7.426048,2024-06-29,2
57539,3,109.294567,-7.426015,2024-06-29,2
57540,3,109.295813,-7.425956,2024-06-29,2
57542,3,109.295284,-7.425973,2024-06-29,2
57543,3,109.295617,-7.425969,2024-06-29,2
57544,3,109.29519,-7.425954,2024-06-29,2
57545,3,109.295122,-7.425948,2024-06-29,2
57546,3,109.295026,-7.425928,2024-06-29,2
57547,3,109.29492,-7.425931,2024-06-29,2
57548,3,109.294836,-7.425913,2024-06-29,2
57549,3,109.295491,-7.425905,2024-06-29,2
57550,3,109.294707,-7.425888,2024-06-29,2
57551,3,109.295695,-7.425902,2024-06-29,2
57552,3,109.295325,-7.425859,2024-06-29,2
57553,3,109.295229,-7.425842,2024-06-29,2
57554,3,109.294586,-7.425854,2024-06-29,2
57555,3,109.295163,-7.42583,2024-06-29,2
57556,3,109.295066,-7.425807,2024-06-29,2
57557,3,109.294965,-7.425786,2024-06-29,2
57558,3,109.294879,-7.425773,2024-06-29,2
57559,3,109.294744,-7.425756,2024-06-29,2
57560,3,109.295734,-7.425807,2024-06-29,2
57561,3,109.294601,-7.425734,2024-06-29,2
57562,3,109.295528,-7.425771,2024-06-29,2
57563,3,109.295269,-7.425727,2024-06-29,2
57564,3,109.295366,-7.425731,2024-06-29,2
57565,3,109.295205,-7.425711,2024-06-29,2
57566,3,109.295758,-7.425702,2024-06-29,2
57567,3,109.295579,-7.425688,2024-06-29,2
57568,3,109.2954,-7.425653,2024-06-29,2
57569,3,109.295297,-7.425654,2024-06-29,2
57570,3,109.295234,-7.425645,2024-06-29,2
57571,3,109.295109,-7.425689,2024-06-29,2
57572,3,109.294998,-7.425677,2024-06-29,2
57573,3,109.29491,-7.425672,2024-06-29,2
57574,3,109.294768,-7.425665,2024-06-29,2
57575,3,109.294614,-7.425657,2024-06-29,2
53463,3,109.413472,-7.426417,2024-06-29,3
54038,3,109.413922,-7.426614,2024-06-29,3
54045,3,109.413471,-7.42616,2024-06-29,3
54046,3,109.413924,-7.426162,2024-06-29,3
57367,3,109.41385,-7.426666,2024-06-29,3
57375,3,109.413858,-7.426641,2024-06-29,3
57377,3,109.413833,-7.426609,2024-06-29,3
57383,3,109.413559,-7.426565,2024-06-29,3
57385,3,109.413941,-7.426561,2024-06-29,3
57386,3,109.41352,-7.426558,2024-06-29,3
57387,3,109.413478,-7.42655,2024-06-29,3
57388,3,109.41391,-7.426553,2024-06-29,3
57390,3,109.413869,-7.426547,2024-06-29,3
57391,3,109.413438,-7.426539,2024-06-29,3
57392,3,109.413398,-7.426532,2024-06-29,3
57394,3,109.413828,-7.426541,2024-06-29,3
57396,3,109.413357,-7.426526,2024-06-29,3
57397,3,109.413789,-7.426536,2024-06-29,3
57399,3,109.413745,-7.426551,2024-06-29,3
57401,3,109.413705,-7.426553,2024-06-29,3
57403,3,109.413677,-7.426547,2024-06-29,3
57404,3,109.413648,-7.426544,2024-06-29,3
57405,3,109.413604,-7.426563,2024-06-29,3
57413,3,109.41392,-7.426456,2024-06-29,3
57414,3,109.413888,-7.426451,2024-06-29,3
57416,3,109.413847,-7.426446,2024-06-29,3
57417,3,109.413808,-7.426439,2024-06-29,3
57419,3,109.413769,-7.426434,2024-06-29,3
57421,3,109.413728,-7.426427,2024-06-29,3
57422,3,109.413699,-7.426423,2024-06-29,3
57425,3,109.41367,-7.426419,2024-06-29,3
57426,3,109.413622,-7.426443,2024-06-29,3
57428,3,109.413582,-7.426441,2024-06-29,3
57430,3,109.413541,-7.426436,2024-06-29,3
57431,3,109.413947,-7.426436,2024-06-29,3
57432,3,109.4135,-7.42643,2024-06-29,3
57435,3,109.413459,-7.426422,2024-06-29,3
57436,3,109.413419,-7.426417,2024-06-29,3
57437,3,109.413377,-7.426413,2024-06-29,3
57444,3,109.413953,-7.426334,2024-06-29,3
57445,3,109.41391,-7.426337,2024-06-29,3
57446,3,109.413869,-7.426331,2024-06-29,3
57447,3,109.41383,-7.426324,2024-06-29,3
57449,3,109.41379,-7.426319,2024-06-29,3
57450,3,109.41375,-7.426312,2024-06-29,3
57453,3,109.413721,-7.426303,2024-06-29,3
57454,3,109.413692,-7.426299,2024-06-29,3
57455,3,109.413651,-7.426294,2024-06-29,3
57456,3,109.41361,-7.426287,2024-06-29,3
57458,3,109.41398,-7.42637,2024-06-29,3
57459,3,109.413569,-7.426281,2024-06-29,3
57464,3,109.413975,-7.426238,2024-06-29,3
57465,3,109.413528,-7.426276,2024-06-29,3
57466,3,109.413487,-7.42627,2024-06-29,3
57467,3,109.41393,-7.426231,2024-06-29,3
57469,3,109.413446,-7.426264,2024-06-29,3
57470,3,109.41389,-7.426224,2024-06-29,3
57471,3,109.413404,-7.426259,2024-06-29,3
57473,3,109.41385,-7.426216,2024-06-29,3
57476,3,109.413811,-7.42621,2024-06-29,3
57479,3,109.41377,-7.426202,2024-06-29,3
57480,3,109.413741,-7.426193,2024-06-29,3
57483,3,109.413712,-7.426188,2024-06-29,3
57486,3,109.413672,-7.426182,2024-06-29,3
57487,3,109.41402,-7.426173,2024-06-29,3
57489,3,109.413987,-7.426171,2024-06-29,3
57490,3,109.413944,-7.426164,2024-06-29,3
57491,3,109.41363,-7.426175,2024-06-29,3
57492,3,109.413903,-7.426159,2024-06-29,3
57493,3,109.413863,-7.426153,2024-06-29,3
57494,3,109.413589,-7.426167,2024-06-29,3
57495,3,109.413823,-7.426147,2024-06-29,3
57497,3,109.413782,-7.426141,2024-06-29,3
57498,3,109.413549,-7.42616,2024-06-29,3
57499,3,109.413751,-7.426137,2024-06-29,3
57501,3,109.413722,-7.426134,2024-06-29,3
57502,3,109.413682,-7.426129,2024-06-29,3
57503,3,109.41364,-7.426123,2024-06-29,3
57504,3,109.413598,-7.426117,2024-06-29,3
57505,3,109.413558,-7.426112,2024-06-29,3
57506,3,109.41351,-7.426145,2024-06-29,3
57507,3,109.413469,-7.42614,2024-06-29,3
57508,3,109.413427,-7.426135,2024-06-29,3
53462,3,109.411611,-7.426361,2024-06-29,4
54033,3,109.411658,-7.426606,2024-06-29,4
54034,3,109.412111,-7.426607,2024-06-29,4
54042,3,109.411659,-7.426154,2024-06-29,4
54043,3,109.412112,-7.426155,2024-06-29,4
57307,3,109.411941,-7.426895,2024-06-29,4
57313,3,109.411867,-7.426886,2024-06-29,4
57316,3,109.411796,-7.426877,2024-06-29,4
57321,3,109.411668,-7.426859,2024-06-29,4
57326,3,109.411527,-7.426841,2024-06-29,4
57328,3,109.411431,-7.42683,2024-06-29,4
57329,3,109.411378,-7.426822,2024-06-29,4
57337,3,109.412286,-7.426848,2024-06-29,4
57338,3,109.412224,-7.426842,2024-06-29,4
57342,3,109.412145,-7.42683,2024-06-29,4
57345,3,109.412067,-7.426829,2024-06-29,4
57347,3,109.412014,-7.426814,2024-06-29,4
57350,3,109.411952,-7.426805,2024-06-29,4
57356,3,109.411866,-7.426787,2024-06-29,4
57357,3,109.411772,-7.426775,2024-06-29,4
57362,3,109.411666,-7.426754,2024-06-29,4
57369,3,109.411543,-7.426735,2024-06-29,4
57371,3,109.411449,-7.426719,2024-06-29,4
57374,3,109.411391,-7.426705,2024-06-29,4
57395,3,109.412317,-7.426627,2024-06-29,4
57398,3,109.412258,-7.426623,2024-06-29,4
57402,3,109.412179,-7.426613,2024-06-29,4
57406,3,109.412102,-7.426593,2024-06-29,4
57408,3,109.412022,-7.426591,2024-06-29,4
57410,3,109.41192,-7.426562,2024-06-29,4
57412,3,109.411817,-7.426555,2024-06-29,4
57418,3,109.411701,-7.426534,2024-06-29,4
57424,3,109.411577,-7.426517,2024-06-29,4
57429,3,109.411487,-7.426503,2024-06-29,4
57433,3,109.411421,-7.426478,2024-06-29,4
57457,3,109.412335,-7.426351,2024-06-29,4
57461,3,109.411608,-7.426306,2024-06-29,4
57462,3,109.412236,-7.426337,2024-06-29,4
57463,3,109.411412,-7.42624,2024-06-29,4
57468,3,109.412156,-7.426324,2024-06-29,4
57472,3,109.412074,-7.426318,2024-06-29,4
57477,3,109.411978,-7.426302,2024-06-29,4
57485,3,109.411867,-7.426285,2024-06-29,4
57509,3,109.41163,-7.426173,2024-06-29,4
57510,3,109.412371,-7.426153,2024-06-29,4
57511,3,109.411426,-7.426133,2024-06-29,4
57514,3,109.412267,-7.426138,2024-06-29,4
57517,3,109.412182,-7.426129,2024-06-29,4
57518,3,109.412097,-7.426118,2024-06-29,4
57520,3,109.412006,-7.426108,2024-06-29,4
57524,3,109.411796,-7.426078,2024-06-29,4
57525,3,109.412391,-7.426045,2024-06-29,4
57527,3,109.412269,-7.426031,2024-06-29,4
57530,3,109.412164,-7.426021,2024-06-29,4
57531,3,109.411546,-7.426041,2024-06-29,4
57532,3,109.411441,-7.426021,2024-06-29,4
57533,3,109.412065,-7.426011,2024-06-29,4
57537,3,109.411876,-7.42599,2024-06-29,4
57541,3,109.411588,-7.425957,2024-06-29,4
107803,4,109.411086,-7.444706,2024-06-29,2
57989,3,109.295694,-7.426111,2024-07-11,2
57990,3,109.352639,-7.434611,2024-07-11,2
57993,3,109.413361,-7.426667,2024-07-11,2
57994,3,109.375167,-7.504139,2024-07-11,2
58518,3,109.448654,-7.59538,2024-07-11,2
58519,3,109.449107,-7.595381,2024-07-11,2
58520,3,109.44956,-7.595383,2024-07-11,2
58523,3,109.448656,-7.594928,2024-07-11,2
58524,3,109.449109,-7.594929,2024-07-11,2
58525,3,109.449562,-7.594931,2024-07-11,2
58528,3,109.448657,-7.594476,2024-07-11,2
58529,3,109.44911,-7.594477,2024-07-11,2
58530,3,109.374681,-7.504687,2024-07-11,2
58531,3,109.375134,-7.504689,2024-07-11,2
58532,3,109.375587,-7.504691,2024-07-11,2
58533,3,109.37423,-7.504233,2024-07-11,2
58534,3,109.374683,-7.504235,2024-07-11,2
58535,3,109.375136,-7.504237,2024-07-11,2
58536,3,109.375589,-7.504238,2024-07-11,2
58537,3,109.374685,-7.503783,2024-07-11,2
58538,3,109.375138,-7.503785,2024-07-11,2
58539,3,109.375591,-7.503786,2024-07-11,2
58540,3,109.374686,-7.503331,2024-07-11,2
58541,3,109.352288,-7.435884,2024-07-11,2
58542,3,109.352741,-7.435885,2024-07-11,2
58543,3,109.353194,-7.435887,2024-07-11,2
58544,3,109.353647,-7.435889,2024-07-11,2
58545,3,109.35229,-7.435431,2024-07-11,2
58546,3,109.352743,-7.435433,2024-07-11,2
58547,3,109.353196,-7.435435,2024-07-11,2
58548,3,109.351839,-7.434978,2024-07-11,2
58549,3,109.352292,-7.434979,2024-07-11,2
58550,3,109.352745,-7.434981,2024-07-11,2
58551,3,109.353198,-7.434983,2024-07-11,2
58552,3,109.352746,-7.434529,2024-07-11,2
58553,3,109.2948,-7.427076,2024-07-11,2
58554,3,109.295253,-7.427078,2024-07-11,2
58555,3,109.295706,-7.42708,2024-07-11,2
58556,3,109.294801,-7.426624,2024-07-11,2
58557,3,109.295254,-7.426626,2024-07-11,2
58558,3,109.295707,-7.426628,2024-07-11,2
58559,3,109.294803,-7.426172,2024-07-11,2
58561,3,109.295709,-7.426176,2024-07-11,2
58564,3,109.412564,-7.426609,2024-07-11,2
58565,3,109.413017,-7.426611,2024-07-11,2
58566,3,109.41347,-7.426612,2024-07-11,2
58568,3,109.294805,-7.42572,2024-07-11,2
58569,3,109.295258,-7.425722,2024-07-11,2
58570,3,109.295711,-7.425724,2024-07-11,2
58573,3,109.413018,-7.426158,2024-07-11,2
61462,3,109.449894,-7.595872,2024-07-11,2
61476,3,109.449963,-7.595739,2024-07-11,2
61478,3,109.449982,-7.595651,2024-07-11,2
61492,3,109.449054,-7.59557,2024-07-11,2
61498,3,109.449611,-7.595543,2024-07-11,2
61503,3,109.449965,-7.595477,2024-07-11,2
61504,3,109.449562,-7.595468,2024-07-11,2
61508,3,109.448671,-7.595389,2024-07-11,2
61509,3,109.449563,-7.595366,2024-07-11,2
61510,3,109.449182,-7.595513,2024-07-11,2
61511,3,109.448853,-7.595404,2024-07-11,2
61512,3,109.449576,-7.595251,2024-07-11,2
61513,3,109.449968,-7.595375,2024-07-11,2
61514,3,109.448866,-7.595313,2024-07-11,2
61515,3,109.449985,-7.595268,2024-07-11,2
61518,3,109.44918,-7.595359,2024-07-11,2
61528,3,109.449861,-7.595118,2024-07-11,2
61529,3,109.449184,-7.595233,2024-07-11,2
61530,3,109.449596,-7.595124,2024-07-11,2
61533,3,109.449217,-7.595097,2024-07-11,2
61534,3,109.448916,-7.595048,2024-07-11,2
61535,3,109.448869,-7.595118,2024-07-11,2
61536,3,109.448848,-7.595207,2024-07-11,2
61537,3,109.449605,-7.595025,2024-07-11,2
61538,3,109.448548,-7.59511,2024-07-11,2
61539,3,109.448687,-7.595082,2024-07-11,2
61540,3,109.448661,-7.595264,2024-07-11,2
61541,3,109.448526,-7.595255,2024-07-11,2
61544,3,109.449905,-7.59505,2024-07-11,2
61545,3,109.448526,-7.595471,2024-07-11,2
61549,3,109.449996,-7.595039,2024-07-11,2
61553,3,109.449204,-7.594989,2024-07-11,2
61554,3,109.449003,-7.594983,2024-07-11,2
61555,3,109.449602,-7.594934,2024-07-11,2
61556,3,109.449186,-7.594916,2024-07-11,2
61557,3,109.448767,-7.594898,2024-07-11,2
61558,3,109.448469,-7.594896,2024-07-11,2
61559,3,109.449085,-7.594796,2024-07-11,2
61560,3,109.449287,-7.594769,2024-07-11,2
61561,3,109.448868,-7.594894,2024-07-11,2
61562,3,109.449607,-7.594794,2024-07-11,2
61564,3,109.448916,-7.594727,2024-07-11,2
61565,3,109.448876,-7.594779,2024-07-11,2
61566,3,109.448491,-7.594841,2024-07-11,2
61567,3,109.448682,-7.594779,2024-07-11,2
61568,3,109.448642,-7.594835,2024-07-11,2
61569,3,109.448581,-7.594828,2024-07-11,2
61571,3,109.448528,-7.594813,2024-07-11,2
61575,3,109.449182,-7.594686,2024-07-11,2
61578,3,109.448859,-7.59465,2024-07-11,2
61581,3,109.448505,-7.594615,2024-07-11,2
61588,3,109.449967,-7.594715,2024-07-11,2
61589,3,109.449865,-7.594705,2024-07-11,2
61591,3,109.449667,-7.594594,2024-07-11,2
61592,3,109.449481,-7.594595,2024-07-11,2
61593,3,109.448532,-7.59457,2024-07-11,2
61594,3,109.44921,-7.594555,2024-07-11,2
61595,3,109.448905,-7.594538,2024-07-11,2
61596,3,109.448595,-7.594603,2024-07-11,2
61597,3,109.44875,-7.594505,2024-07-11,2
61598,3,109.448678,-7.594566,2024-07-11,2
61599,3,109.448709,-7.594694,2024-07-11,2
61600,3,109.375327,-7.505047,2024-07-11,2
61601,3,109.375389,-7.505055,2024-07-11,2
61602,3,109.375076,-7.504923,2024-07-11,2
61603,3,109.375244,-7.504951,2024-07-11,2
61604,3,109.375403,-7.50495,2024-07-11,2
61605,3,109.37549,-7.504896,2024-07-11,2
61606,3,109.375106,-7.504791,2024-07-11,2
61607,3,109.375351,-7.504766,2024-07-11,2
61608,3,109.375532,-7.504739,2024-07-11,2
61609,3,109.374899,-7.50477,2024-07-11,2
61610,3,109.374465,-7.504643,2024-07-11,2
61611,3,109.375545,-7.504671,2024-07-11,2
61612,3,109.374539,-7.504648,2024-07-11,2
61613,3,109.37461,-7.504679,2024-07-11,2
61614,3,109.375335,-7.504664,2024-07-11,2
61615,3,109.375096,-7.50468,2024-07-11,2
61616,3,109.375559,-7.504607,2024-07-11,2
61617,3,109.375571,-7.504543,2024-07-11,2
61618,3,109.375316,-7.504545,2024-07-11,2
61619,3,109.374245,-7.504519,2024-07-11,2
61620,3,109.375583,-7.504477,2024-07-11,2
61621,3,109.375308,-7.504464,2024-07-11,2
61622,3,109.375075,-7.504539,2024-07-11,2
61623,3,109.374212,-7.504438,2024-07-11,2
61624,3,109.375603,-7.504412,2024-07-11,2
61625,3,109.37416,-7.504452,2024-07-11,2
61626,3,109.37531,-7.504397,2024-07-11,2
61627,3,109.375607,-7.504349,2024-07-11,2
61628,3,109.375321,-7.504315,2024-07-11,2
61629,3,109.375115,-7.504271,2024-07-11,2
61630,3,109.375628,-7.504283,2024-07-11,2
61631,3,109.375283,-7.504252,2024-07-11,2
61632,3,109.375124,-7.504202,2024-07-11,2
61633,3,109.375626,-7.504216,2024-07-11,2
61634,3,109.375272,-7.50419,2024-07-11,2
61635,3,109.375866,-7.504179,2024-07-11,2
61636,3,109.374228,-7.504286,2024-07-11,2
61637,3,109.375617,-7.504154,2024-07-11,2
61638,3,109.375051,-7.504403,2024-07-11,2
61639,3,109.375035,-7.504238,2024-07-11,2
61640,3,109.375083,-7.504118,2024-07-11,2
61641,3,109.375261,-7.504112,2024-07-11,2
61642,3,109.375881,-7.504103,2024-07-11,2
61643,3,109.3743,-7.504369,2024-07-11,2
61644,3,109.375537,-7.504089,2024-07-11,2
61645,3,109.37576,-7.504067,2024-07-11,2
61646,3,109.374383,-7.504312,2024-07-11,2
61647,3,109.375159,-7.504034,2024-07-11,2
61648,3,109.375897,-7.50401,2024-07-11,2
61649,3,109.375574,-7.503994,2024-07-11,2
61650,3,109.374355,-7.503971,2024-07-11,2
61651,3,109.375477,-7.503931,2024-07-11,2
61652,3,109.375714,-7.503922,2024-07-11,2
61653,3,109.37586,-7.503933,2024-07-11,2
61654,3,109.375268,-7.503977,2024-07-11,2
61655,3,109.375144,-7.50393,2024-07-11,2
61656,3,109.375092,-7.50397,2024-07-11,2
61657,3,109.37503,-7.503962,2024-07-11,2
61658,3,109.374967,-7.503972,2024-07-11,2
61659,3,109.374909,-7.503963,2024-07-11,2
61660,3,109.374387,-7.50395,2024-07-11,2
61661,3,109.374866,-7.504118,2024-07-11,2
61662,3,109.374776,-7.504128,2024-07-11,2
61663,3,109.374742,-7.504387,2024-07-11,2
61664,3,109.374628,-7.504333,2024-07-11,2
61665,3,109.374483,-7.504208,2024-07-11,2
61666,3,109.375908,-7.503821,2024-07-11,2
61667,3,109.375409,-7.503816,2024-07-11,2
61668,3,109.375762,-7.503737,2024-07-11,2
61669,3,109.375656,-7.503807,2024-07-11,2
61670,3,109.375708,-7.503708,2024-07-11,2
61671,3,109.375517,-7.503764,2024-07-11,2
61672,3,109.374502,-7.503704,2024-07-11,2
61673,3,109.37516,-7.50375,2024-07-11,2
61674,3,109.374731,-7.503675,2024-07-11,2
61675,3,109.375269,-7.50371,2024-07-11,2
61676,3,109.375386,-7.503645,2024-07-11,2
61677,3,109.375246,-7.503515,2024-07-11,2
61678,3,109.375101,-7.503623,2024-07-11,2
61679,3,109.37499,-7.503606,2024-07-11,2
61680,3,109.37488,-7.503589,2024-07-11,2
61681,3,109.374821,-7.503452,2024-07-11,2
61682,3,109.374673,-7.503531,2024-07-11,2
61683,3,109.374631,-7.503428,2024-07-11,2
61684,3,109.35245,-7.436383,2024-07-11,2
61685,3,109.352454,-7.436327,2024-07-11,2
61686,3,109.352437,-7.436269,2024-07-11,2
61687,3,109.352789,-7.436253,2024-07-11,2
61688,3,109.352861,-7.436226,2024-07-11,2
61689,3,109.352573,-7.436268,2024-07-11,2
61690,3,109.353041,-7.436154,2024-07-11,2
61691,3,109.352952,-7.43617,2024-07-11,2
61692,3,109.352863,-7.436176,2024-07-11,2
61693,3,109.352786,-7.436185,2024-07-11,2
61694,3,109.352659,-7.436218,2024-07-11,2
61695,3,109.352415,-7.436177,2024-07-11,2
61696,3,109.352275,-7.436132,2024-07-11,2
61697,3,109.352829,-7.436113,2024-07-11,2
61698,3,109.352635,-7.43612,2024-07-11,2
61699,3,109.352596,-7.436015,2024-07-11,2
61700,3,109.352336,-7.436007,2024-07-11,2
61701,3,109.3522,-7.435956,2024-07-11,2
61702,3,109.352819,-7.436008,2024-07-11,2
61703,3,109.352979,-7.436022,2024-07-11,2
61704,3,109.353164,-7.436005,2024-07-11,2
61705,3,109.353379,-7.435934,2024-07-11,2
61706,3,109.353602,-7.435875,2024-07-11,2
61707,3,109.353768,-7.435827,2024-07-11,2
61708,3,109.353225,-7.435853,2024-07-11,2
61709,3,109.352204,-7.435836,2024-07-11,2
61710,3,109.352383,-7.43584,2024-07-11,2
61711,3,109.352568,-7.43584,2024-07-11,2
61712,3,109.352838,-7.435837,2024-07-11,2
61713,3,109.353552,-7.435808,2024-07-11,2
61714,3,109.353747,-7.435781,2024-07-11,2
61715,3,109.353155,-7.435751,2024-07-11,2
61716,3,109.35214,-7.435693,2024-07-11,2
61717,3,109.352352,-7.435696,2024-07-11,2
61718,3,109.352596,-7.435693,2024-07-11,2
61719,3,109.353457,-7.435712,2024-07-11,2
61720,3,109.35286,-7.435691,2024-07-11,2
61721,3,109.353184,-7.435637,2024-07-11,2
61722,3,109.35199,-7.435548,2024-07-11,2
61723,3,109.35212,-7.435583,2024-07-11,2
61724,3,109.352357,-7.435581,2024-07-11,2
61725,3,109.352595,-7.435577,2024-07-11,2
61726,3,109.352854,-7.435574,2024-07-11,2
61727,3,109.353674,-7.435646,2024-07-11,2
61728,3,109.351974,-7.435484,2024-07-11,2
61729,3,109.353133,-7.435536,2024-07-11,2
61730,3,109.35211,-7.435493,2024-07-11,2
61731,3,109.352354,-7.435489,2024-07-11,2
61732,3,109.352594,-7.435485,2024-07-11,2
61733,3,109.352849,-7.435481,2024-07-11,2
61734,3,109.353432,-7.435536,2024-07-11,2
61735,3,109.35195,-7.435406,2024-07-11,2
61736,3,109.352103,-7.435408,2024-07-11,2
61737,3,109.352322,-7.435406,2024-07-11,2
61738,3,109.35259,-7.435403,2024-07-11,2
61739,3,109.352871,-7.435398,2024-07-11,2
61740,3,109.353115,-7.435403,2024-07-11,2
61741,3,109.351934,-7.435337,2024-07-11,2
61742,3,109.352103,-7.435335,2024-07-11,2
61743,3,109.352367,-7.435328,2024-07-11,2
61744,3,109.353409,-7.435367,2024-07-11,2
61745,3,109.353609,-7.435438,2024-07-11,2
61746,3,109.352633,-7.435321,2024-07-11,2
61747,3,109.352867,-7.435314,2024-07-11,2
61748,3,109.353097,-7.435301,2024-07-11,2
61749,3,109.353378,-7.435277,2024-07-11,2
61750,3,109.352185,-7.43527,2024-07-11,2
61751,3,109.35204,-7.435271,2024-07-11,2
61752,3,109.351916,-7.43525,2024-07-11,2
61753,3,109.352039,-7.435217,2024-07-11,2
61754,3,109.352182,-7.435218,2024-07-11,2
61755,3,109.35239,-7.435235,2024-07-11,2
61756,3,109.352638,-7.435226,2024-07-11,2
61757,3,109.352926,-7.435215,2024-07-11,2
61758,3,109.353224,-7.435203,2024-07-11,2
61759,3,109.353441,-7.435197,2024-07-11,2
61760,3,109.3518,-7.435128,2024-07-11,2
61761,3,109.351925,-7.435149,2024-07-11,2
61762,3,109.35214,-7.435142,2024-07-11,2
61763,3,109.352365,-7.435135,2024-07-11,2
61764,3,109.352617,-7.435126,2024-07-11,2
61765,3,109.352882,-7.435116,2024-07-11,2
61766,3,109.353148,-7.435107,2024-07-11,2
61767,3,109.353375,-7.4351,2024-07-11,2
61768,3,109.351782,-7.435055,2024-07-11,2
61769,3,109.351921,-7.435056,2024-07-11,2
61770,3,109.352135,-7.43505,2024-07-11,2
61771,3,109.352359,-7.435043,2024-07-11,2
61772,3,109.352612,-7.435034,2024-07-11,2
61773,3,109.352878,-7.435025,2024-07-11,2
61774,3,109.353143,-7.435017,2024-07-11,2
61775,3,109.353351,-7.435012,2024-07-11,2
61776,3,109.351756,-7.434954,2024-07-11,2
61777,3,109.351919,-7.434954,2024-07-11,2
61778,3,109.352131,-7.434948,2024-07-11,2
61779,3,109.352352,-7.434941,2024-07-11,2
61780,3,109.352605,-7.434933,2024-07-11,2
61781,3,109.352872,-7.434925,2024-07-11,2
61782,3,109.353137,-7.434917,2024-07-11,2
61783,3,109.353324,-7.434915,2024-07-11,2
61784,3,109.351949,-7.434835,2024-07-11,2
61785,3,109.352346,-7.434823,2024-07-11,2
61786,3,109.352599,-7.434816,2024-07-11,2
61787,3,109.352888,-7.434809,2024-07-11,2
61788,3,109.353184,-7.434803,2024-07-11,2
61789,3,109.351983,-7.434725,2024-07-11,2
61790,3,109.352207,-7.434702,2024-07-11,2
61791,3,109.352421,-7.434697,2024-07-11,2
61792,3,109.352628,-7.434692,2024-07-11,2
61793,3,109.352083,-7.434635,2024-07-11,2
61794,3,109.352867,-7.434688,2024-07-11,2
61795,3,109.353134,-7.434684,2024-07-11,2
61796,3,109.35223,-7.434601,2024-07-11,2
61797,3,109.352417,-7.434587,2024-07-11,2
61798,3,109.352625,-7.434582,2024-07-11,2
61799,3,109.352863,-7.434578,2024-07-11,2
61800,3,109.353106,-7.434576,2024-07-11,2
61801,3,109.352418,-7.434509,2024-07-11,2
61802,3,109.352601,-7.434475,2024-07-11,2
61803,3,109.352836,-7.434469,2024-07-11,2
61804,3,109.353069,-7.434471,2024-07-11,2
61805,3,109.352652,-7.434387,2024-07-11,2
61806,3,109.352907,-7.434374,2024-07-11,2
61807,3,109.352809,-7.434319,2024-07-11,2
61808,3,109.352978,-7.434286,2024-07-11,2
61809,3,109.295259,-7.427132,2024-07-11,2
61810,3,109.29507,-7.427128,2024-07-11,2
61811,3,109.295743,-7.427117,2024-07-11,2
61812,3,109.295684,-7.427116,2024-07-11,2
61813,3,109.295569,-7.427112,2024-07-11,2
61814,3,109.295428,-7.427107,2024-07-11,2
61815,3,109.413762,-7.427054,2024-07-11,2
61816,3,109.295332,-7.427104,2024-07-11,2
61817,3,109.294828,-7.427104,2024-07-11,2
61818,3,109.294631,-7.427098,2024-07-11,2
61819,3,109.295111,-7.427049,2024-07-11,2
61820,3,109.413758,-7.427022,2024-07-11,2
61821,3,109.41385,-7.427021,2024-07-11,2
61822,3,109.413775,-7.42699,2024-07-11,2
61823,3,109.295794,-7.427041,2024-07-11,2
61824,3,109.413574,-7.426992,2024-07-11,2
61825,3,109.29563,-7.427001,2024-07-11,2
61826,3,109.295417,-7.426991,2024-07-11,2
61827,3,109.413446,-7.426966,2024-07-11,2
61828,3,109.295142,-7.426975,2024-07-11,2
61829,3,109.413804,-7.426958,2024-07-11,2
61830,3,109.413341,-7.426947,2024-07-11,2
61831,3,109.413269,-7.426937,2024-07-11,2
61832,3,109.413661,-7.42696,2024-07-11,2
61833,3,109.29579,-7.426928,2024-07-11,2
61834,3,109.29472,-7.426957,2024-07-11,2
61835,3,109.413198,-7.426923,2024-07-11,2
61837,3,109.413616,-7.426937,2024-07-11,2
61838,3,109.413128,-7.426912,2024-07-11,2
61839,3,109.295625,-7.426918,2024-07-11,2
61840,3,109.413605,-7.426897,2024-07-11,2
61841,3,109.413832,-7.426914,2024-07-11,2
61843,3,109.41306,-7.4269,2024-07-11,2
61844,3,109.295371,-7.426905,2024-07-11,2
61846,3,109.295142,-7.426894,2024-07-11,2
61847,3,109.413545,-7.426929,2024-07-11,2
61848,3,109.413863,-7.426867,2024-07-11,2
61849,3,109.413736,-7.426877,2024-07-11,2
61851,3,109.413672,-7.426861,2024-07-11,2
61852,3,109.413511,-7.42689,2024-07-11,2
61853,3,109.41364,-7.426847,2024-07-11,2
61854,3,109.413588,-7.426882,2024-07-11,2
61856,3,109.413401,-7.42687,2024-07-11,2
61859,3,109.413276,-7.42685,2024-07-11,2
61860,3,109.413886,-7.426822,2024-07-11,2
61861,3,109.295794,-7.426839,2024-07-11,2
61862,3,109.295365,-7.426831,2024-07-11,2
61863,3,109.295148,-7.426817,2024-07-11,2
61864,3,109.413798,-7.426818,2024-07-11,2
61865,3,109.413729,-7.426801,2024-07-11,2
61868,3,109.41368,-7.426786,2024-07-11,2
61869,3,109.413623,-7.426783,2024-07-11,2
61870,3,109.413571,-7.426797,2024-07-11,2
61872,3,109.295621,-7.426818,2024-07-11,2
61873,3,109.413747,-7.426751,2024-07-11,2
61875,3,109.294711,-7.426818,2024-07-11,2
61877,3,109.294958,-7.426824,2024-07-11,2
61878,3,109.295437,-7.426763,2024-07-11,2
61880,3,109.413437,-7.42677,2024-07-11,2
61881,3,109.295814,-7.426756,2024-07-11,2
61882,3,109.413863,-7.426752,2024-07-11,2
61883,3,109.413036,-7.426799,2024-07-11,2
61884,3,109.295327,-7.426747,2024-07-11,2
61887,3,109.295766,-7.426733,2024-07-11,2
61888,3,109.412937,-7.426797,2024-07-11,2
61889,3,109.413255,-7.426736,2024-07-11,2
61890,3,109.413839,-7.426698,2024-07-11,2
61892,3,109.295145,-7.426728,2024-07-11,2
61893,3,109.413771,-7.426703,2024-07-11,2
61894,3,109.413147,-7.426777,2024-07-11,2
61895,3,109.412827,-7.426771,2024-07-11,2
61897,3,109.413731,-7.426704,2024-07-11,2
61899,3,109.413693,-7.426692,2024-07-11,2
61901,3,109.295529,-7.426695,2024-07-11,2
61902,3,109.413644,-7.426689,2024-07-11,2
61905,3,109.413588,-7.426683,2024-07-11,2
61907,3,109.295015,-7.42665,2024-07-11,2
61908,3,109.294753,-7.42666,2024-07-11,2
61909,3,109.413449,-7.426657,2024-07-11,2
61910,3,109.41329,-7.426622,2024-07-11,2
61911,3,109.294747,-7.426564,2024-07-11,2
61913,3,109.413181,-7.426596,2024-07-11,2
61918,3,109.295166,-7.426611,2024-07-11,2
61922,3,109.413069,-7.426606,2024-07-11,2
61929,3,109.412974,-7.42659,2024-07-11,2
61936,3,109.412909,-7.426559,2024-07-11,2
61938,3,109.412826,-7.426549,2024-07-11,2
61940,3,109.412836,-7.426433,2024-07-11,2
61944,3,109.294905,-7.426488,2024-07-11,2
61949,3,109.294658,-7.426463,2024-07-11,2
61952,3,109.295412,-7.426552,2024-07-11,2
61956,3,109.412608,-7.426631,2024-07-11,2
61963,3,109.413307,-7.42645,2024-07-11,2
61967,3,109.413207,-7.426433,2024-07-11,2
61968,3,109.413087,-7.426404,2024-07-11,2
61969,3,109.295782,-7.426425,2024-07-11,2
61970,3,109.412991,-7.426396,2024-07-11,2
61971,3,109.412927,-7.42638,2024-07-11,2
61972,3,109.295679,-7.426405,2024-07-11,2
61977,3,109.294769,-7.426351,2024-07-11,2
61980,3,109.294562,-7.426311,2024-07-11,2
61981,3,109.412592,-7.426315,2024-07-11,2
61989,3,109.295551,-7.426336,2024-07-11,2
62003,3,109.295366,-7.42629,2024-07-11,2
62007,3,109.295091,-7.426243,2024-07-11,2
62010,3,109.413303,-7.426253,2024-07-11,2
62011,3,109.294934,-7.426216,2024-07-11,2
62013,3,109.294847,-7.426192,2024-07-11,2
62017,3,109.413179,-7.426236,2024-07-11,2
62025,3,109.295745,-7.426219,2024-07-11,2
62029,3,109.294685,-7.426183,2024-07-11,2
62041,3,109.41311,-7.426201,2024-07-11,2
62042,3,109.413328,-7.42612,2024-07-11,2
62044,3,109.413202,-7.426107,2024-07-11,2
62045,3,109.413029,-7.426187,2024-07-11,2
62048,3,109.41308,-7.426066,2024-07-11,2
62050,3,109.295404,-7.426128,2024-07-11,2
62052,3,109.295144,-7.426088,2024-07-11,2
62057,3,109.29481,-7.42608,2024-07-11,2
62058,3,109.294981,-7.42607,2024-07-11,2
62063,3,109.295627,-7.426103,2024-07-11,2
62064,3,109.294653,-7.426052,2024-07-11,2
62065,3,109.295451,-7.426029,2024-07-11,2
62067,3,109.29577,-7.426048,2024-07-11,2
62068,3,109.294567,-7.426015,2024-07-11,2
62069,3,109.295813,-7.425956,2024-07-11,2
62072,3,109.295617,-7.425969,2024-07-11,2
62073,3,109.29519,-7.425954,2024-07-11,2
62075,3,109.295026,-7.425928,2024-07-11,2
62076,3,109.29492,-7.425931,2024-07-11,2
62077,3,109.294836,-7.425913,2024-07-11,2
62078,3,109.295491,-7.425905,2024-07-11,2
62079,3,109.294707,-7.425888,2024-07-11,2
62080,3,109.295695,-7.425902,2024-07-11,2
62082,3,109.295229,-7.425842,2024-07-11,2
62083,3,109.294586,-7.425854,2024-07-11,2
62085,3,109.295066,-7.425807,2024-07-11,2
62086,3,109.294965,-7.425786,2024-07-11,2
62087,3,109.294879,-7.425773,2024-07-11,2
62088,3,109.294744,-7.425756,2024-07-11,2
62089,3,109.295734,-7.425807,2024-07-11,2
62090,3,109.294601,-7.425734,2024-07-11,2
62091,3,109.295528,-7.425771,2024-07-11,2
62092,3,109.295269,-7.425727,2024-07-11,2
62096,3,109.295579,-7.425688,2024-07-11,2
62098,3,109.295297,-7.425654,2024-07-11,2
62100,3,109.295109,-7.425689,2024-07-11,2
62101,3,109.294998,-7.425677,2024-07-11,2
62102,3,109.29491,-7.425672,2024-07-11,2
62103,3,109.294768,-7.425665,2024-07-11,2
62104,3,109.294614,-7.425657,2024-07-11,2
110208,4,109.411086,-7.444706,2024-07-11,2
57992,3,109.413472,-7.426417,2024-07-11,3
57999,3,109.449389,-7.595722,2024-07-11,3
58513,3,109.448652,-7.595832,2024-07-11,3
58514,3,109.449105,-7.595834,2024-07-11,3
58515,3,109.449559,-7.595835,2024-07-11,3
58560,3,109.295256,-7.426174,2024-07-11,3
58567,3,109.413922,-7.426614,2024-07-11,3
58574,3,109.413471,-7.42616,2024-07-11,3
58575,3,109.413924,-7.426162,2024-07-11,3
61446,3,109.449044,-7.595973,2024-07-11,3
61449,3,109.449018,-7.595938,2024-07-11,3
61450,3,109.449141,-7.595946,2024-07-11,3
61456,3,109.449021,-7.595877,2024-07-11,3
61457,3,109.448649,-7.595892,2024-07-11,3
61458,3,109.448519,-7.595919,2024-07-11,3
61459,3,109.449278,-7.595859,2024-07-11,3
61461,3,109.448921,-7.595837,2024-07-11,3
61463,3,109.449178,-7.595904,2024-07-11,3
61464,3,109.449586,-7.59593,2024-07-11,3
61465,3,109.449273,-7.595788,2024-07-11,3
61466,3,109.448925,-7.595766,2024-07-11,3
61467,3,109.44913,-7.595792,2024-07-11,3
61468,3,109.449272,-7.595727,2024-07-11,3
61469,3,109.448738,-7.595764,2024-07-11,3
61470,3,109.448777,-7.59586,2024-07-11,3
61471,3,109.448454,-7.59573,2024-07-11,3
61472,3,109.448526,-7.595733,2024-07-11,3
61473,3,109.449277,-7.595678,2024-07-11,3
61474,3,109.44959,-7.595826,2024-07-11,3
61475,3,109.449074,-7.595687,2024-07-11,3
61477,3,109.448922,-7.595662,2024-07-11,3
61479,3,109.449063,-7.595634,2024-07-11,3
61480,3,109.449591,-7.595739,2024-07-11,3
61481,3,109.449269,-7.595638,2024-07-11,3
61483,3,109.44874,-7.595672,2024-07-11,3
61485,3,109.44867,-7.595554,2024-07-11,3
61486,3,109.44892,-7.5956,2024-07-11,3
61487,3,109.448575,-7.595593,2024-07-11,3
61488,3,109.44848,-7.595601,2024-07-11,3
61490,3,109.449595,-7.595654,2024-07-11,3
61493,3,109.448365,-7.595649,2024-07-11,3
61495,3,109.448816,-7.595611,2024-07-11,3
61500,3,109.448807,-7.595479,2024-07-11,3
61505,3,109.448642,-7.595469,2024-07-11,3
61506,3,109.448456,-7.595463,2024-07-11,3
61525,3,109.4483,-7.595265,2024-07-11,3
61527,3,109.44837,-7.595319,2024-07-11,3
61531,3,109.448642,-7.595081,2024-07-11,3
61550,3,109.448394,-7.595054,2024-07-11,3
61551,3,109.448314,-7.595002,2024-07-11,3
61552,3,109.448295,-7.594996,2024-07-11,3
61570,3,109.448311,-7.59481,2024-07-11,3
61572,3,109.448427,-7.594676,2024-07-11,3
61573,3,109.448403,-7.594744,2024-07-11,3
61574,3,109.44838,-7.594852,2024-07-11,3
61577,3,109.448347,-7.594628,2024-07-11,3
61579,3,109.448373,-7.594616,2024-07-11,3
61590,3,109.448442,-7.594596,2024-07-11,3
61896,3,109.41385,-7.426666,2024-07-11,3
61904,3,109.413858,-7.426641,2024-07-11,3
61906,3,109.413833,-7.426609,2024-07-11,3
61912,3,109.413559,-7.426565,2024-07-11,3
61914,3,109.413941,-7.426561,2024-07-11,3
61915,3,109.41352,-7.426558,2024-07-11,3
61916,3,109.413478,-7.42655,2024-07-11,3
61917,3,109.41391,-7.426553,2024-07-11,3
61919,3,109.413869,-7.426547,2024-07-11,3
61920,3,109.413438,-7.426539,2024-07-11,3
61921,3,109.413398,-7.426532,2024-07-11,3
61923,3,109.413828,-7.426541,2024-07-11,3
61925,3,109.413357,-7.426526,2024-07-11,3
61926,3,109.413789,-7.426536,2024-07-11,3
61928,3,109.413745,-7.426551,2024-07-11,3
61930,3,109.413705,-7.426553,2024-07-11,3
61932,3,109.413677,-7.426547,2024-07-11,3
61933,3,109.413648,-7.426544,2024-07-11,3
61934,3,109.413604,-7.426563,2024-07-11,3
61942,3,109.41392,-7.426456,2024-07-11,3
61943,3,109.413888,-7.426451,2024-07-11,3
61945,3,109.413847,-7.426446,2024-07-11,3
61946,3,109.413808,-7.426439,2024-07-11,3
61948,3,109.413769,-7.426434,2024-07-11,3
61950,3,109.413728,-7.426427,2024-07-11,3
61951,3,109.413699,-7.426423,2024-07-11,3
61954,3,109.41367,-7.426419,2024-07-11,3
61955,3,109.413622,-7.426443,2024-07-11,3
61957,3,109.413582,-7.426441,2024-07-11,3
61959,3,109.413541,-7.426436,2024-07-11,3
61960,3,109.413947,-7.426436,2024-07-11,3
61961,3,109.4135,-7.42643,2024-07-11,3
61964,3,109.413459,-7.426422,2024-07-11,3
61965,3,109.413419,-7.426417,2024-07-11,3
61966,3,109.413377,-7.426413,2024-07-11,3
61973,3,109.413953,-7.426334,2024-07-11,3
61974,3,109.41391,-7.426337,2024-07-11,3
61975,3,109.413869,-7.426331,2024-07-11,3
61976,3,109.41383,-7.426324,2024-07-11,3
61978,3,109.41379,-7.426319,2024-07-11,3
61979,3,109.41375,-7.426312,2024-07-11,3
61982,3,109.413721,-7.426303,2024-07-11,3
61983,3,109.413692,-7.426299,2024-07-11,3
61984,3,109.413651,-7.426294,2024-07-11,3
61985,3,109.41361,-7.426287,2024-07-11,3
61987,3,109.41398,-7.42637,2024-07-11,3
61988,3,109.413569,-7.426281,2024-07-11,3
61993,3,109.413975,-7.426238,2024-07-11,3
61994,3,109.413528,-7.426276,2024-07-11,3
61995,3,109.413487,-7.42627,2024-07-11,3
61996,3,109.41393,-7.426231,2024-07-11,3
61998,3,109.413446,-7.426264,2024-07-11,3
61999,3,109.41389,-7.426224,2024-07-11,3
62000,3,109.413404,-7.426259,2024-07-11,3
62002,3,109.41385,-7.426216,2024-07-11,3
62004,3,109.29502,-7.426234,2024-07-11,3
62005,3,109.413811,-7.42621,2024-07-11,3
62008,3,109.41377,-7.426202,2024-07-11,3
62009,3,109.413741,-7.426193,2024-07-11,3
62012,3,109.413712,-7.426188,2024-07-11,3
62015,3,109.413672,-7.426182,2024-07-11,3
62016,3,109.41402,-7.426173,2024-07-11,3
62018,3,109.413987,-7.426171,2024-07-11,3
62019,3,109.413944,-7.426164,2024-07-11,3
62020,3,109.41363,-7.426175,2024-07-11,3
62021,3,109.413903,-7.426159,2024-07-11,3
62022,3,109.413863,-7.426153,2024-07-11,3
62023,3,109.413589,-7.426167,2024-07-11,3
62024,3,109.413823,-7.426147,2024-07-11,3
62026,3,109.413782,-7.426141,2024-07-11,3
62027,3,109.413549,-7.42616,2024-07-11,3
62028,3,109.413751,-7.426137,2024-07-11,3
62030,3,109.413722,-7.426134,2024-07-11,3
62031,3,109.413682,-7.426129,2024-07-11,3
62032,3,109.41364,-7.426123,2024-07-11,3
62033,3,109.413598,-7.426117,2024-07-11,3
62034,3,109.413558,-7.426112,2024-07-11,3
62035,3,109.41351,-7.426145,2024-07-11,3
62036,3,109.413469,-7.42614,2024-07-11,3
62037,3,109.413427,-7.426135,2024-07-11,3
62051,3,109.295214,-7.426185,2024-07-11,3
62055,3,109.295072,-7.426086,2024-07-11,3
62071,3,109.295284,-7.425973,2024-07-11,3
62074,3,109.295122,-7.425948,2024-07-11,3
62081,3,109.295325,-7.425859,2024-07-11,3
62084,3,109.295163,-7.42583,2024-07-11,3
62093,3,109.295366,-7.425731,2024-07-11,3
62094,3,109.295205,-7.425711,2024-07-11,3
62095,3,109.295758,-7.425702,2024-07-11,3
62097,3,109.2954,-7.425653,2024-07-11,3
62099,3,109.295234,-7.425645,2024-07-11,3
57991,3,109.411611,-7.426361,2024-07-11,5
58562,3,109.411658,-7.426606,2024-07-11,5
58563,3,109.412111,-7.426607,2024-07-11,5
58571,3,109.411659,-7.426154,2024-07-11,5
58572,3,109.412112,-7.426155,2024-07-11,5
61836,3,109.411941,-7.426895,2024-07-11,5
61842,3,109.411867,-7.426886,2024-07-11,5
61845,3,109.411796,-7.426877,2024-07-11,5
61850,3,109.411668,-7.426859,2024-07-11,5
61855,3,109.411527,-7.426841,2024-07-11,5
61857,3,109.411431,-7.42683,2024-07-11,5
61858,3,109.411378,-7.426822,2024-07-11,5
61866,3,109.412286,-7.426848,2024-07-11,5
61867,3,109.412224,-7.426842,2024-07-11,5
61871,3,109.412145,-7.42683,2024-07-11,5
61874,3,109.412067,-7.426829,2024-07-11,5
61876,3,109.412014,-7.426814,2024-07-11,5
61879,3,109.411952,-7.426805,2024-07-11,5
61885,3,109.411866,-7.426787,2024-07-11,5
61886,3,109.411772,-7.426775,2024-07-11,5
61891,3,109.411666,-7.426754,2024-07-11,5
61898,3,109.411543,-7.426735,2024-07-11,5
61900,3,109.411449,-7.426719,2024-07-11,5
61903,3,109.411391,-7.426705,2024-07-11,5
61924,3,109.412317,-7.426627,2024-07-11,5
61927,3,109.412258,-7.426623,2024-07-11,5
61931,3,109.412179,-7.426613,2024-07-11,5
61935,3,109.412102,-7.426593,2024-07-11,5
61937,3,109.412022,-7.426591,2024-07-11,5
61939,3,109.41192,-7.426562,2024-07-11,5
61941,3,109.411817,-7.426555,2024-07-11,5
61947,3,109.411701,-7.426534,2024-07-11,5
61953,3,109.411577,-7.426517,2024-07-11,5
61958,3,109.411487,-7.426503,2024-07-11,5
61962,3,109.411421,-7.426478,2024-07-11,5
61986,3,109.412335,-7.426351,2024-07-11,5
61990,3,109.411608,-7.426306,2024-07-11,5
61991,3,109.412236,-7.426337,2024-07-11,5
61992,3,109.411412,-7.42624,2024-07-11,5
61997,3,109.412156,-7.426324,2024-07-11,5
62001,3,109.412074,-7.426318,2024-07-11,5
62006,3,109.411978,-7.426302,2024-07-11,5
62014,3,109.411867,-7.426285,2024-07-11,5
62038,3,109.41163,-7.426173,2024-07-11,5
62039,3,109.412371,-7.426153,2024-07-11,5
62040,3,109.411426,-7.426133,2024-07-11,5
62043,3,109.412267,-7.426138,2024-07-11,5
62046,3,109.412182,-7.426129,2024-07-11,5
62047,3,109.412097,-7.426118,2024-07-11,5
62049,3,109.412006,-7.426108,2024-07-11,5
62053,3,109.411796,-7.426078,2024-07-11,5
62054,3,109.412391,-7.426045,2024-07-11,5
62056,3,109.412269,-7.426031,2024-07-11,5
62059,3,109.412164,-7.426021,2024-07-11,5
62060,3,109.411546,-7.426041,2024-07-11,5
62061,3,109.411441,-7.426021,2024-07-11,5
62062,3,109.412065,-7.426011,2024-07-11,5
62066,3,109.411876,-7.42599,2024-07-11,5
62070,3,109.411588,-7.425957,2024-07-11,5
65991,3,109.449894,-7.595872,2024-07-11,2
66005,3,109.449963,-7.595739,2024-07-11,2
66007,3,109.449982,-7.595651,2024-07-11,2
66032,3,109.449965,-7.595477,2024-07-11,2
66042,3,109.449968,-7.595375,2024-07-11,2
66044,3,109.449985,-7.595268,2024-07-11,2
66057,3,109.449861,-7.595118,2024-07-11,2
66073,3,109.449905,-7.59505,2024-07-11,2
66078,3,109.449996,-7.595039,2024-07-11,2
112613,4,109.411086,-7.444706,2024-07-23,2
62518,3,109.295694,-7.426111,2024-07-11,3
62519,3,109.352639,-7.434611,2024-07-11,3
62522,3,109.413361,-7.426667,2024-07-11,3
62523,3,109.375167,-7.504139,2024-07-11,3
62528,3,109.449389,-7.595722,2024-07-11,3
63042,3,109.448652,-7.595832,2024-07-11,3
63043,3,109.449105,-7.595834,2024-07-11,3
63044,3,109.449559,-7.595835,2024-07-11,3
63047,3,109.448654,-7.59538,2024-07-11,3
63048,3,109.449107,-7.595381,2024-07-11,3
63049,3,109.44956,-7.595383,2024-07-11,3
63052,3,109.448656,-7.594928,2024-07-11,3
63053,3,109.449109,-7.594929,2024-07-11,3
63054,3,109.449562,-7.594931,2024-07-11,3
63057,3,109.448657,-7.594476,2024-07-11,3
63058,3,109.44911,-7.594477,2024-07-11,3
63059,3,109.374681,-7.504687,2024-07-11,3
63060,3,109.375134,-7.504689,2024-07-11,3
63061,3,109.375587,-7.504691,2024-07-11,3
63062,3,109.37423,-7.504233,2024-07-11,3
63063,3,109.374683,-7.504235,2024-07-11,3
63064,3,109.375136,-7.504237,2024-07-11,3
63065,3,109.375589,-7.504238,2024-07-11,3
63066,3,109.374685,-7.503783,2024-07-11,3
63067,3,109.375138,-7.503785,2024-07-11,3
63068,3,109.375591,-7.503786,2024-07-11,3
63069,3,109.374686,-7.503331,2024-07-11,3
63070,3,109.352288,-7.435884,2024-07-11,3
63071,3,109.352741,-7.435885,2024-07-11,3
63072,3,109.353194,-7.435887,2024-07-11,3
63073,3,109.353647,-7.435889,2024-07-11,3
63074,3,109.35229,-7.435431,2024-07-11,3
63075,3,109.352743,-7.435433,2024-07-11,3
63076,3,109.353196,-7.435435,2024-07-11,3
63077,3,109.351839,-7.434978,2024-07-11,3
63078,3,109.352292,-7.434979,2024-07-11,3
63079,3,109.352745,-7.434981,2024-07-11,3
63080,3,109.353198,-7.434983,2024-07-11,3
63081,3,109.352746,-7.434529,2024-07-11,3
63082,3,109.2948,-7.427076,2024-07-11,3
63083,3,109.295253,-7.427078,2024-07-11,3
63084,3,109.295706,-7.42708,2024-07-11,3
63085,3,109.294801,-7.426624,2024-07-11,3
63086,3,109.295254,-7.426626,2024-07-11,3
63087,3,109.295707,-7.426628,2024-07-11,3
63088,3,109.294803,-7.426172,2024-07-11,3
63089,3,109.295256,-7.426174,2024-07-11,3
63090,3,109.295709,-7.426176,2024-07-11,3
63093,3,109.412564,-7.426609,2024-07-11,3
63094,3,109.413017,-7.426611,2024-07-11,3
63095,3,109.41347,-7.426612,2024-07-11,3
63097,3,109.294805,-7.42572,2024-07-11,3
63098,3,109.295258,-7.425722,2024-07-11,3
63099,3,109.295711,-7.425724,2024-07-11,3
63102,3,109.413018,-7.426158,2024-07-11,3
65975,3,109.449044,-7.595973,2024-07-11,3
65978,3,109.449018,-7.595938,2024-07-11,3
65979,3,109.449141,-7.595946,2024-07-11,3
65985,3,109.449021,-7.595877,2024-07-11,3
65986,3,109.448649,-7.595892,2024-07-11,3
65987,3,109.448519,-7.595919,2024-07-11,3
65988,3,109.449278,-7.595859,2024-07-11,3
65990,3,109.448921,-7.595837,2024-07-11,3
65992,3,109.449178,-7.595904,2024-07-11,3
65993,3,109.449586,-7.59593,2024-07-11,3
65994,3,109.449273,-7.595788,2024-07-11,3
65995,3,109.448925,-7.595766,2024-07-11,3
65996,3,109.44913,-7.595792,2024-07-11,3
65997,3,109.449272,-7.595727,2024-07-11,3
65998,3,109.448738,-7.595764,2024-07-11,3
65999,3,109.448777,-7.59586,2024-07-11,3
66000,3,109.448454,-7.59573,2024-07-11,3
66001,3,109.448526,-7.595733,2024-07-11,3
66002,3,109.449277,-7.595678,2024-07-11,3
66003,3,109.44959,-7.595826,2024-07-11,3
66004,3,109.449074,-7.595687,2024-07-11,3
66006,3,109.448922,-7.595662,2024-07-11,3
66008,3,109.449063,-7.595634,2024-07-11,3
66009,3,109.449591,-7.595739,2024-07-11,3
66010,3,109.449269,-7.595638,2024-07-11,3
66012,3,109.44874,-7.595672,2024-07-11,3
66014,3,109.44867,-7.595554,2024-07-11,3
66015,3,109.44892,-7.5956,2024-07-11,3
66016,3,109.448575,-7.595593,2024-07-11,3
66017,3,109.44848,-7.595601,2024-07-11,3
66019,3,109.449595,-7.595654,2024-07-11,3
66021,3,109.449054,-7.59557,2024-07-11,3
66022,3,109.448365,-7.595649,2024-07-11,3
66024,3,109.448816,-7.595611,2024-07-11,3
66027,3,109.449611,-7.595543,2024-07-11,3
66029,3,109.448807,-7.595479,2024-07-11,3
66033,3,109.449562,-7.595468,2024-07-11,3
66034,3,109.448642,-7.595469,2024-07-11,3
66035,3,109.448456,-7.595463,2024-07-11,3
66037,3,109.448671,-7.595389,2024-07-11,3
66038,3,109.449563,-7.595366,2024-07-11,3
66039,3,109.449182,-7.595513,2024-07-11,3
66040,3,109.448853,-7.595404,2024-07-11,3
66041,3,109.449576,-7.595251,2024-07-11,3
66043,3,109.448866,-7.595313,2024-07-11,3
66047,3,109.44918,-7.595359,2024-07-11,3
66054,3,109.4483,-7.595265,2024-07-11,3
66056,3,109.44837,-7.595319,2024-07-11,3
66058,3,109.449184,-7.595233,2024-07-11,3
66059,3,109.449596,-7.595124,2024-07-11,3
66060,3,109.448642,-7.595081,2024-07-11,3
66062,3,109.449217,-7.595097,2024-07-11,3
66063,3,109.448916,-7.595048,2024-07-11,3
66064,3,109.448869,-7.595118,2024-07-11,3
66065,3,109.448848,-7.595207,2024-07-11,3
66066,3,109.449605,-7.595025,2024-07-11,3
66067,3,109.448548,-7.59511,2024-07-11,3
66068,3,109.448687,-7.595082,2024-07-11,3
66069,3,109.448661,-7.595264,2024-07-11,3
66070,3,109.448526,-7.595255,2024-07-11,3
66074,3,109.448526,-7.595471,2024-07-11,3
66079,3,109.448394,-7.595054,2024-07-11,3
66080,3,109.448314,-7.595002,2024-07-11,3
66081,3,109.448295,-7.594996,2024-07-11,3
66082,3,109.449204,-7.594989,2024-07-11,3
66083,3,109.449003,-7.594983,2024-07-11,3
66084,3,109.449602,-7.594934,2024-07-11,3
66085,3,109.449186,-7.594916,2024-07-11,3
66086,3,109.448767,-7.594898,2024-07-11,3
66087,3,109.448469,-7.594896,2024-07-11,3
66088,3,109.449085,-7.594796,2024-07-11,3
66089,3,109.449287,-7.594769,2024-07-11,3
66090,3,109.448868,-7.594894,2024-07-11,3
66091,3,109.449607,-7.594794,2024-07-11,3
66093,3,109.448916,-7.594727,2024-07-11,3
66094,3,109.448876,-7.594779,2024-07-11,3
66095,3,109.448491,-7.594841,2024-07-11,3
66096,3,109.448682,-7.594779,2024-07-11,3
66097,3,109.448642,-7.594835,2024-07-11,3
66098,3,109.448581,-7.594828,2024-07-11,3
66099,3,109.448311,-7.59481,2024-07-11,3
66100,3,109.448528,-7.594813,2024-07-11,3
66101,3,109.448427,-7.594676,2024-07-11,3
66102,3,109.448403,-7.594744,2024-07-11,3
66103,3,109.44838,-7.594852,2024-07-11,3
66104,3,109.449182,-7.594686,2024-07-11,3
66106,3,109.448347,-7.594628,2024-07-11,3
66107,3,109.448859,-7.59465,2024-07-11,3
66108,3,109.448373,-7.594616,2024-07-11,3
66110,3,109.448505,-7.594615,2024-07-11,3
66117,3,109.449967,-7.594715,2024-07-11,3
66118,3,109.449865,-7.594705,2024-07-11,3
66119,3,109.448442,-7.594596,2024-07-11,3
66120,3,109.449667,-7.594594,2024-07-11,3
66121,3,109.449481,-7.594595,2024-07-11,3
66122,3,109.448532,-7.59457,2024-07-11,3
66123,3,109.44921,-7.594555,2024-07-11,3
66124,3,109.448905,-7.594538,2024-07-11,3
66125,3,109.448595,-7.594603,2024-07-11,3
66126,3,109.44875,-7.594505,2024-07-11,3
66127,3,109.448678,-7.594566,2024-07-11,3
66128,3,109.448709,-7.594694,2024-07-11,3
66129,3,109.375327,-7.505047,2024-07-11,3
66130,3,109.375389,-7.505055,2024-07-11,3
66131,3,109.375076,-7.504923,2024-07-11,3
66132,3,109.375244,-7.504951,2024-07-11,3
66133,3,109.375403,-7.50495,2024-07-11,3
66134,3,109.37549,-7.504896,2024-07-11,3
66135,3,109.375106,-7.504791,2024-07-11,3
66136,3,109.375351,-7.504766,2024-07-11,3
66137,3,109.375532,-7.504739,2024-07-11,3
66138,3,109.374899,-7.50477,2024-07-11,3
66139,3,109.374465,-7.504643,2024-07-11,3
66140,3,109.375545,-7.504671,2024-07-11,3
66141,3,109.374539,-7.504648,2024-07-11,3
66142,3,109.37461,-7.504679,2024-07-11,3
66143,3,109.375335,-7.504664,2024-07-11,3
66144,3,109.375096,-7.50468,2024-07-11,3
66145,3,109.375559,-7.504607,2024-07-11,3
66146,3,109.375571,-7.504543,2024-07-11,3
66147,3,109.375316,-7.504545,2024-07-11,3
66148,3,109.374245,-7.504519,2024-07-11,3
66149,3,109.375583,-7.504477,2024-07-11,3
66150,3,109.375308,-7.504464,2024-07-11,3
66151,3,109.375075,-7.504539,2024-07-11,3
66152,3,109.374212,-7.504438,2024-07-11,3
66153,3,109.375603,-7.504412,2024-07-11,3
66154,3,109.37416,-7.504452,2024-07-11,3
66155,3,109.37531,-7.504397,2024-07-11,3
66156,3,109.375607,-7.504349,2024-07-11,3
66157,3,109.375321,-7.504315,2024-07-11,3
66158,3,109.375115,-7.504271,2024-07-11,3
66159,3,109.375628,-7.504283,2024-07-11,3
66160,3,109.375283,-7.504252,2024-07-11,3
66161,3,109.375124,-7.504202,2024-07-11,3
66162,3,109.375626,-7.504216,2024-07-11,3
66163,3,109.375272,-7.50419,2024-07-11,3
66164,3,109.375866,-7.504179,2024-07-11,3
66165,3,109.374228,-7.504286,2024-07-11,3
66166,3,109.375617,-7.504154,2024-07-11,3
66167,3,109.375051,-7.504403,2024-07-11,3
66168,3,109.375035,-7.504238,2024-07-11,3
66169,3,109.375083,-7.504118,2024-07-11,3
66170,3,109.375261,-7.504112,2024-07-11,3
66171,3,109.375881,-7.504103,2024-07-11,3
66172,3,109.3743,-7.504369,2024-07-11,3
66173,3,109.375537,-7.504089,2024-07-11,3
66174,3,109.37576,-7.504067,2024-07-11,3
66175,3,109.374383,-7.504312,2024-07-11,3
66176,3,109.375159,-7.504034,2024-07-11,3
66177,3,109.375897,-7.50401,2024-07-11,3
66178,3,109.375574,-7.503994,2024-07-11,3
66179,3,109.374355,-7.503971,2024-07-11,3
66180,3,109.375477,-7.503931,2024-07-11,3
66181,3,109.375714,-7.503922,2024-07-11,3
66182,3,109.37586,-7.503933,2024-07-11,3
66183,3,109.375268,-7.503977,2024-07-11,3
66184,3,109.375144,-7.50393,2024-07-11,3
66185,3,109.375092,-7.50397,2024-07-11,3
66186,3,109.37503,-7.503962,2024-07-11,3
66187,3,109.374967,-7.503972,2024-07-11,3
66188,3,109.374909,-7.503963,2024-07-11,3
66189,3,109.374387,-7.50395,2024-07-11,3
66190,3,109.374866,-7.504118,2024-07-11,3
66191,3,109.374776,-7.504128,2024-07-11,3
66192,3,109.374742,-7.504387,2024-07-11,3
66193,3,109.374628,-7.504333,2024-07-11,3
66194,3,109.374483,-7.504208,2024-07-11,3
66195,3,109.375908,-7.503821,2024-07-11,3
66196,3,109.375409,-7.503816,2024-07-11,3
66197,3,109.375762,-7.503737,2024-07-11,3
66198,3,109.375656,-7.503807,2024-07-11,3
66199,3,109.375708,-7.503708,2024-07-11,3
66200,3,109.375517,-7.503764,2024-07-11,3
66201,3,109.374502,-7.503704,2024-07-11,3
66202,3,109.37516,-7.50375,2024-07-11,3
66203,3,109.374731,-7.503675,2024-07-11,3
66204,3,109.375269,-7.50371,2024-07-11,3
66205,3,109.375386,-7.503645,2024-07-11,3
66206,3,109.375246,-7.503515,2024-07-11,3
66207,3,109.375101,-7.503623,2024-07-11,3
66208,3,109.37499,-7.503606,2024-07-11,3
66209,3,109.37488,-7.503589,2024-07-11,3
66210,3,109.374821,-7.503452,2024-07-11,3
66211,3,109.374673,-7.503531,2024-07-11,3
66212,3,109.374631,-7.503428,2024-07-11,3
66213,3,109.35245,-7.436383,2024-07-11,3
66214,3,109.352454,-7.436327,2024-07-11,3
66215,3,109.352437,-7.436269,2024-07-11,3
66216,3,109.352789,-7.436253,2024-07-11,3
66217,3,109.352861,-7.436226,2024-07-11,3
66218,3,109.352573,-7.436268,2024-07-11,3
66219,3,109.353041,-7.436154,2024-07-11,3
66220,3,109.352952,-7.43617,2024-07-11,3
66221,3,109.352863,-7.436176,2024-07-11,3
66222,3,109.352786,-7.436185,2024-07-11,3
66223,3,109.352659,-7.436218,2024-07-11,3
66224,3,109.352415,-7.436177,2024-07-11,3
66225,3,109.352275,-7.436132,2024-07-11,3
66226,3,109.352829,-7.436113,2024-07-11,3
66227,3,109.352635,-7.43612,2024-07-11,3
66228,3,109.352596,-7.436015,2024-07-11,3
66229,3,109.352336,-7.436007,2024-07-11,3
66230,3,109.3522,-7.435956,2024-07-11,3
66231,3,109.352819,-7.436008,2024-07-11,3
66232,3,109.352979,-7.436022,2024-07-11,3
66233,3,109.353164,-7.436005,2024-07-11,3
66234,3,109.353379,-7.435934,2024-07-11,3
66235,3,109.353602,-7.435875,2024-07-11,3
66236,3,109.353768,-7.435827,2024-07-11,3
66237,3,109.353225,-7.435853,2024-07-11,3
66238,3,109.352204,-7.435836,2024-07-11,3
66239,3,109.352383,-7.43584,2024-07-11,3
66240,3,109.352568,-7.43584,2024-07-11,3
66241,3,109.352838,-7.435837,2024-07-11,3
66242,3,109.353552,-7.435808,2024-07-11,3
66243,3,109.353747,-7.435781,2024-07-11,3
66244,3,109.353155,-7.435751,2024-07-11,3
66245,3,109.35214,-7.435693,2024-07-11,3
66246,3,109.352352,-7.435696,2024-07-11,3
66247,3,109.352596,-7.435693,2024-07-11,3
66248,3,109.353457,-7.435712,2024-07-11,3
66249,3,109.35286,-7.435691,2024-07-11,3
66250,3,109.353184,-7.435637,2024-07-11,3
66251,3,109.35199,-7.435548,2024-07-11,3
66252,3,109.35212,-7.435583,2024-07-11,3
66253,3,109.352357,-7.435581,2024-07-11,3
66254,3,109.352595,-7.435577,2024-07-11,3
66255,3,109.352854,-7.435574,2024-07-11,3
66256,3,109.353674,-7.435646,2024-07-11,3
66257,3,109.351974,-7.435484,2024-07-11,3
66258,3,109.353133,-7.435536,2024-07-11,3
66259,3,109.35211,-7.435493,2024-07-11,3
66260,3,109.352354,-7.435489,2024-07-11,3
66261,3,109.352594,-7.435485,2024-07-11,3
66262,3,109.352849,-7.435481,2024-07-11,3
66263,3,109.353432,-7.435536,2024-07-11,3
66264,3,109.35195,-7.435406,2024-07-11,3
66265,3,109.352103,-7.435408,2024-07-11,3
66266,3,109.352322,-7.435406,2024-07-11,3
66267,3,109.35259,-7.435403,2024-07-11,3
66268,3,109.352871,-7.435398,2024-07-11,3
66269,3,109.353115,-7.435403,2024-07-11,3
66270,3,109.351934,-7.435337,2024-07-11,3
66271,3,109.352103,-7.435335,2024-07-11,3
66272,3,109.352367,-7.435328,2024-07-11,3
66273,3,109.353409,-7.435367,2024-07-11,3
66274,3,109.353609,-7.435438,2024-07-11,3
66275,3,109.352633,-7.435321,2024-07-11,3
66276,3,109.352867,-7.435314,2024-07-11,3
66277,3,109.353097,-7.435301,2024-07-11,3
66278,3,109.353378,-7.435277,2024-07-11,3
66279,3,109.352185,-7.43527,2024-07-11,3
66280,3,109.35204,-7.435271,2024-07-11,3
66281,3,109.351916,-7.43525,2024-07-11,3
66282,3,109.352039,-7.435217,2024-07-11,3
66283,3,109.352182,-7.435218,2024-07-11,3
66284,3,109.35239,-7.435235,2024-07-11,3
66285,3,109.352638,-7.435226,2024-07-11,3
66286,3,109.352926,-7.435215,2024-07-11,3
66287,3,109.353224,-7.435203,2024-07-11,3
66288,3,109.353441,-7.435197,2024-07-11,3
66289,3,109.3518,-7.435128,2024-07-11,3
66290,3,109.351925,-7.435149,2024-07-11,3
66291,3,109.35214,-7.435142,2024-07-11,3
66292,3,109.352365,-7.435135,2024-07-11,3
66293,3,109.352617,-7.435126,2024-07-11,3
66294,3,109.352882,-7.435116,2024-07-11,3
66295,3,109.353148,-7.435107,2024-07-11,3
66296,3,109.353375,-7.4351,2024-07-11,3
66297,3,109.351782,-7.435055,2024-07-11,3
66298,3,109.351921,-7.435056,2024-07-11,3
66299,3,109.352135,-7.43505,2024-07-11,3
66300,3,109.352359,-7.435043,2024-07-11,3
66301,3,109.352612,-7.435034,2024-07-11,3
66302,3,109.352878,-7.435025,2024-07-11,3
66303,3,109.353143,-7.435017,2024-07-11,3
66304,3,109.353351,-7.435012,2024-07-11,3
66305,3,109.351756,-7.434954,2024-07-11,3
66306,3,109.351919,-7.434954,2024-07-11,3
66307,3,109.352131,-7.434948,2024-07-11,3
66308,3,109.352352,-7.434941,2024-07-11,3
66309,3,109.352605,-7.434933,2024-07-11,3
66310,3,109.352872,-7.434925,2024-07-11,3
66311,3,109.353137,-7.434917,2024-07-11,3
66312,3,109.353324,-7.434915,2024-07-11,3
66313,3,109.351949,-7.434835,2024-07-11,3
66314,3,109.352346,-7.434823,2024-07-11,3
66315,3,109.352599,-7.434816,2024-07-11,3
66316,3,109.352888,-7.434809,2024-07-11,3
66317,3,109.353184,-7.434803,2024-07-11,3
66318,3,109.351983,-7.434725,2024-07-11,3
66319,3,109.352207,-7.434702,2024-07-11,3
66320,3,109.352421,-7.434697,2024-07-11,3
66321,3,109.352628,-7.434692,2024-07-11,3
66322,3,109.352083,-7.434635,2024-07-11,3
66323,3,109.352867,-7.434688,2024-07-11,3
66324,3,109.353134,-7.434684,2024-07-11,3
66325,3,109.35223,-7.434601,2024-07-11,3
66326,3,109.352417,-7.434587,2024-07-11,3
66327,3,109.352625,-7.434582,2024-07-11,3
66328,3,109.352863,-7.434578,2024-07-11,3
66329,3,109.353106,-7.434576,2024-07-11,3
66330,3,109.352418,-7.434509,2024-07-11,3
66331,3,109.352601,-7.434475,2024-07-11,3
66332,3,109.352836,-7.434469,2024-07-11,3
66333,3,109.353069,-7.434471,2024-07-11,3
66334,3,109.352652,-7.434387,2024-07-11,3
66335,3,109.352907,-7.434374,2024-07-11,3
66336,3,109.352809,-7.434319,2024-07-11,3
66337,3,109.352978,-7.434286,2024-07-11,3
66338,3,109.295259,-7.427132,2024-07-11,3
66339,3,109.29507,-7.427128,2024-07-11,3
66340,3,109.295743,-7.427117,2024-07-11,3
66341,3,109.295684,-7.427116,2024-07-11,3
66342,3,109.295569,-7.427112,2024-07-11,3
66343,3,109.295428,-7.427107,2024-07-11,3
66344,3,109.413762,-7.427054,2024-07-11,3
66345,3,109.295332,-7.427104,2024-07-11,3
66346,3,109.294828,-7.427104,2024-07-11,3
66347,3,109.294631,-7.427098,2024-07-11,3
66348,3,109.295111,-7.427049,2024-07-11,3
66349,3,109.413758,-7.427022,2024-07-11,3
66350,3,109.41385,-7.427021,2024-07-11,3
66351,3,109.413775,-7.42699,2024-07-11,3
66352,3,109.295794,-7.427041,2024-07-11,3
66353,3,109.413574,-7.426992,2024-07-11,3
66354,3,109.29563,-7.427001,2024-07-11,3
66355,3,109.295417,-7.426991,2024-07-11,3
66356,3,109.413446,-7.426966,2024-07-11,3
66357,3,109.295142,-7.426975,2024-07-11,3
66358,3,109.413804,-7.426958,2024-07-11,3
66359,3,109.413341,-7.426947,2024-07-11,3
66360,3,109.413269,-7.426937,2024-07-11,3
66361,3,109.413661,-7.42696,2024-07-11,3
66362,3,109.29579,-7.426928,2024-07-11,3
66363,3,109.29472,-7.426957,2024-07-11,3
66364,3,109.413198,-7.426923,2024-07-11,3
66366,3,109.413616,-7.426937,2024-07-11,3
66367,3,109.413128,-7.426912,2024-07-11,3
66368,3,109.295625,-7.426918,2024-07-11,3
66369,3,109.413605,-7.426897,2024-07-11,3
66370,3,109.413832,-7.426914,2024-07-11,3
66372,3,109.41306,-7.4269,2024-07-11,3
66373,3,109.295371,-7.426905,2024-07-11,3
66375,3,109.295142,-7.426894,2024-07-11,3
66376,3,109.413545,-7.426929,2024-07-11,3
66377,3,109.413863,-7.426867,2024-07-11,3
66378,3,109.413736,-7.426877,2024-07-11,3
66380,3,109.413672,-7.426861,2024-07-11,3
66381,3,109.413511,-7.42689,2024-07-11,3
66382,3,109.41364,-7.426847,2024-07-11,3
66383,3,109.413588,-7.426882,2024-07-11,3
66385,3,109.413401,-7.42687,2024-07-11,3
66388,3,109.413276,-7.42685,2024-07-11,3
66389,3,109.413886,-7.426822,2024-07-11,3
66390,3,109.295794,-7.426839,2024-07-11,3
66391,3,109.295365,-7.426831,2024-07-11,3
66392,3,109.295148,-7.426817,2024-07-11,3
66393,3,109.413798,-7.426818,2024-07-11,3
66394,3,109.413729,-7.426801,2024-07-11,3
66397,3,109.41368,-7.426786,2024-07-11,3
66398,3,109.413623,-7.426783,2024-07-11,3
66399,3,109.413571,-7.426797,2024-07-11,3
66401,3,109.295621,-7.426818,2024-07-11,3
66402,3,109.413747,-7.426751,2024-07-11,3
66404,3,109.294711,-7.426818,2024-07-11,3
66406,3,109.294958,-7.426824,2024-07-11,3
66407,3,109.295437,-7.426763,2024-07-11,3
66409,3,109.413437,-7.42677,2024-07-11,3
66410,3,109.295814,-7.426756,2024-07-11,3
66411,3,109.413863,-7.426752,2024-07-11,3
66412,3,109.413036,-7.426799,2024-07-11,3
66413,3,109.295327,-7.426747,2024-07-11,3
66416,3,109.295766,-7.426733,2024-07-11,3
66417,3,109.412937,-7.426797,2024-07-11,3
66418,3,109.413255,-7.426736,2024-07-11,3
66419,3,109.413839,-7.426698,2024-07-11,3
66421,3,109.295145,-7.426728,2024-07-11,3
66422,3,109.413771,-7.426703,2024-07-11,3
66423,3,109.413147,-7.426777,2024-07-11,3
66424,3,109.412827,-7.426771,2024-07-11,3
66426,3,109.413731,-7.426704,2024-07-11,3
66428,3,109.413693,-7.426692,2024-07-11,3
66430,3,109.295529,-7.426695,2024-07-11,3
66431,3,109.413644,-7.426689,2024-07-11,3
66434,3,109.413588,-7.426683,2024-07-11,3
66436,3,109.295015,-7.42665,2024-07-11,3
66437,3,109.294753,-7.42666,2024-07-11,3
66438,3,109.413449,-7.426657,2024-07-11,3
66439,3,109.41329,-7.426622,2024-07-11,3
66440,3,109.294747,-7.426564,2024-07-11,3
66442,3,109.413181,-7.426596,2024-07-11,3
66447,3,109.295166,-7.426611,2024-07-11,3
66451,3,109.413069,-7.426606,2024-07-11,3
66458,3,109.412974,-7.42659,2024-07-11,3
66465,3,109.412909,-7.426559,2024-07-11,3
66467,3,109.412826,-7.426549,2024-07-11,3
66469,3,109.412836,-7.426433,2024-07-11,3
66473,3,109.294905,-7.426488,2024-07-11,3
66478,3,109.294658,-7.426463,2024-07-11,3
66481,3,109.295412,-7.426552,2024-07-11,3
66485,3,109.412608,-7.426631,2024-07-11,3
66492,3,109.413307,-7.42645,2024-07-11,3
66496,3,109.413207,-7.426433,2024-07-11,3
66497,3,109.413087,-7.426404,2024-07-11,3
66498,3,109.295782,-7.426425,2024-07-11,3
66499,3,109.412991,-7.426396,2024-07-11,3
66500,3,109.412927,-7.42638,2024-07-11,3
66501,3,109.295679,-7.426405,2024-07-11,3
66506,3,109.294769,-7.426351,2024-07-11,3
66509,3,109.294562,-7.426311,2024-07-11,3
66510,3,109.412592,-7.426315,2024-07-11,3
66518,3,109.295551,-7.426336,2024-07-11,3
66532,3,109.295366,-7.42629,2024-07-11,3
66533,3,109.29502,-7.426234,2024-07-11,3
66536,3,109.295091,-7.426243,2024-07-11,3
66539,3,109.413303,-7.426253,2024-07-11,3
66540,3,109.294934,-7.426216,2024-07-11,3
66542,3,109.294847,-7.426192,2024-07-11,3
66546,3,109.413179,-7.426236,2024-07-11,3
66554,3,109.295745,-7.426219,2024-07-11,3
66558,3,109.294685,-7.426183,2024-07-11,3
66570,3,109.41311,-7.426201,2024-07-11,3
66571,3,109.413328,-7.42612,2024-07-11,3
66573,3,109.413202,-7.426107,2024-07-11,3
66574,3,109.413029,-7.426187,2024-07-11,3
66577,3,109.41308,-7.426066,2024-07-11,3
66579,3,109.295404,-7.426128,2024-07-11,3
66580,3,109.295214,-7.426185,2024-07-11,3
66581,3,109.295144,-7.426088,2024-07-11,3
66584,3,109.295072,-7.426086,2024-07-11,3
66586,3,109.29481,-7.42608,2024-07-11,3
66587,3,109.294981,-7.42607,2024-07-11,3
66592,3,109.295627,-7.426103,2024-07-11,3
66593,3,109.294653,-7.426052,2024-07-11,3
66594,3,109.295451,-7.426029,2024-07-11,3
66596,3,109.29577,-7.426048,2024-07-11,3
66597,3,109.294567,-7.426015,2024-07-11,3
66598,3,109.295813,-7.425956,2024-07-11,3
66600,3,109.295284,-7.425973,2024-07-11,3
66601,3,109.295617,-7.425969,2024-07-11,3
66602,3,109.29519,-7.425954,2024-07-11,3
66603,3,109.295122,-7.425948,2024-07-11,3
66604,3,109.295026,-7.425928,2024-07-11,3
66605,3,109.29492,-7.425931,2024-07-11,3
66606,3,109.294836,-7.425913,2024-07-11,3
66607,3,109.295491,-7.425905,2024-07-11,3
66608,3,109.294707,-7.425888,2024-07-11,3
66609,3,109.295695,-7.425902,2024-07-11,3
66610,3,109.295325,-7.425859,2024-07-11,3
66611,3,109.295229,-7.425842,2024-07-11,3
66612,3,109.294586,-7.425854,2024-07-11,3
66613,3,109.295163,-7.42583,2024-07-11,3
66614,3,109.295066,-7.425807,2024-07-11,3
66615,3,109.294965,-7.425786,2024-07-11,3
66616,3,109.294879,-7.425773,2024-07-11,3
66617,3,109.294744,-7.425756,2024-07-11,3
66618,3,109.295734,-7.425807,2024-07-11,3
66619,3,109.294601,-7.425734,2024-07-11,3
66620,3,109.295528,-7.425771,2024-07-11,3
66621,3,109.295269,-7.425727,2024-07-11,3
66622,3,109.295366,-7.425731,2024-07-11,3
66623,3,109.295205,-7.425711,2024-07-11,3
66624,3,109.295758,-7.425702,2024-07-11,3
66625,3,109.295579,-7.425688,2024-07-11,3
66626,3,109.2954,-7.425653,2024-07-11,3
66627,3,109.295297,-7.425654,2024-07-11,3
66628,3,109.295234,-7.425645,2024-07-11,3
66629,3,109.295109,-7.425689,2024-07-11,3
66630,3,109.294998,-7.425677,2024-07-11,3
66631,3,109.29491,-7.425672,2024-07-11,3
66632,3,109.294768,-7.425665,2024-07-11,3
66633,3,109.294614,-7.425657,2024-07-11,3
62521,3,109.413472,-7.426417,2024-07-11,4
63096,3,109.413922,-7.426614,2024-07-11,4
63103,3,109.413471,-7.42616,2024-07-11,4
63104,3,109.413924,-7.426162,2024-07-11,4
66425,3,109.41385,-7.426666,2024-07-11,4
66433,3,109.413858,-7.426641,2024-07-11,4
66435,3,109.413833,-7.426609,2024-07-11,4
66441,3,109.413559,-7.426565,2024-07-11,4
66443,3,109.413941,-7.426561,2024-07-11,4
66444,3,109.41352,-7.426558,2024-07-11,4
66445,3,109.413478,-7.42655,2024-07-11,4
66446,3,109.41391,-7.426553,2024-07-11,4
66448,3,109.413869,-7.426547,2024-07-11,4
66449,3,109.413438,-7.426539,2024-07-11,4
66450,3,109.413398,-7.426532,2024-07-11,4
66452,3,109.413828,-7.426541,2024-07-11,4
66454,3,109.413357,-7.426526,2024-07-11,4
66455,3,109.413789,-7.426536,2024-07-11,4
66457,3,109.413745,-7.426551,2024-07-11,4
66459,3,109.413705,-7.426553,2024-07-11,4
66461,3,109.413677,-7.426547,2024-07-11,4
66462,3,109.413648,-7.426544,2024-07-11,4
66463,3,109.413604,-7.426563,2024-07-11,4
66471,3,109.41392,-7.426456,2024-07-11,4
66472,3,109.413888,-7.426451,2024-07-11,4
66474,3,109.413847,-7.426446,2024-07-11,4
66475,3,109.413808,-7.426439,2024-07-11,4
66477,3,109.413769,-7.426434,2024-07-11,4
66479,3,109.413728,-7.426427,2024-07-11,4
66480,3,109.413699,-7.426423,2024-07-11,4
66483,3,109.41367,-7.426419,2024-07-11,4
66484,3,109.413622,-7.426443,2024-07-11,4
66486,3,109.413582,-7.426441,2024-07-11,4
66488,3,109.413541,-7.426436,2024-07-11,4
66489,3,109.413947,-7.426436,2024-07-11,4
66490,3,109.4135,-7.42643,2024-07-11,4
66493,3,109.413459,-7.426422,2024-07-11,4
66494,3,109.413419,-7.426417,2024-07-11,4
66495,3,109.413377,-7.426413,2024-07-11,4
66502,3,109.413953,-7.426334,2024-07-11,4
66503,3,109.41391,-7.426337,2024-07-11,4
66504,3,109.413869,-7.426331,2024-07-11,4
66505,3,109.41383,-7.426324,2024-07-11,4
66507,3,109.41379,-7.426319,2024-07-11,4
66508,3,109.41375,-7.426312,2024-07-11,4
66511,3,109.413721,-7.426303,2024-07-11,4
66512,3,109.413692,-7.426299,2024-07-11,4
66513,3,109.413651,-7.426294,2024-07-11,4
66514,3,109.41361,-7.426287,2024-07-11,4
66516,3,109.41398,-7.42637,2024-07-11,4
66517,3,109.413569,-7.426281,2024-07-11,4
66522,3,109.413975,-7.426238,2024-07-11,4
66523,3,109.413528,-7.426276,2024-07-11,4
66524,3,109.413487,-7.42627,2024-07-11,4
66525,3,109.41393,-7.426231,2024-07-11,4
66527,3,109.413446,-7.426264,2024-07-11,4
66528,3,109.41389,-7.426224,2024-07-11,4
66529,3,109.413404,-7.426259,2024-07-11,4
66531,3,109.41385,-7.426216,2024-07-11,4
66534,3,109.413811,-7.42621,2024-07-11,4
66537,3,109.41377,-7.426202,2024-07-11,4
66538,3,109.413741,-7.426193,2024-07-11,4
66541,3,109.413712,-7.426188,2024-07-11,4
66544,3,109.413672,-7.426182,2024-07-11,4
66545,3,109.41402,-7.426173,2024-07-11,4
66547,3,109.413987,-7.426171,2024-07-11,4
66548,3,109.413944,-7.426164,2024-07-11,4
66549,3,109.41363,-7.426175,2024-07-11,4
66550,3,109.413903,-7.426159,2024-07-11,4
66551,3,109.413863,-7.426153,2024-07-11,4
66552,3,109.413589,-7.426167,2024-07-11,4
66553,3,109.413823,-7.426147,2024-07-11,4
66555,3,109.413782,-7.426141,2024-07-11,4
66556,3,109.413549,-7.42616,2024-07-11,4
66557,3,109.413751,-7.426137,2024-07-11,4
66559,3,109.413722,-7.426134,2024-07-11,4
66560,3,109.413682,-7.426129,2024-07-11,4
66561,3,109.41364,-7.426123,2024-07-11,4
66562,3,109.413598,-7.426117,2024-07-11,4
66563,3,109.413558,-7.426112,2024-07-11,4
66564,3,109.41351,-7.426145,2024-07-11,4
66565,3,109.413469,-7.42614,2024-07-11,4
66566,3,109.413427,-7.426135,2024-07-11,4
62520,3,109.411611,-7.426361,2024-07-11,5
63091,3,109.411658,-7.426606,2024-07-11,5
63092,3,109.412111,-7.426607,2024-07-11,5
63100,3,109.411659,-7.426154,2024-07-11,5
63101,3,109.412112,-7.426155,2024-07-11,5
66365,3,109.411941,-7.426895,2024-07-11,5
66371,3,109.411867,-7.426886,2024-07-11,5
66374,3,109.411796,-7.426877,2024-07-11,5
66379,3,109.411668,-7.426859,2024-07-11,5
66384,3,109.411527,-7.426841,2024-07-11,5
66386,3,109.411431,-7.42683,2024-07-11,5
66387,3,109.411378,-7.426822,2024-07-11,5
66395,3,109.412286,-7.426848,2024-07-11,5
66396,3,109.412224,-7.426842,2024-07-11,5
66400,3,109.412145,-7.42683,2024-07-11,5
66403,3,109.412067,-7.426829,2024-07-11,5
66405,3,109.412014,-7.426814,2024-07-11,5
66408,3,109.411952,-7.426805,2024-07-11,5
66414,3,109.411866,-7.426787,2024-07-11,5
66415,3,109.411772,-7.426775,2024-07-11,5
66420,3,109.411666,-7.426754,2024-07-11,5
66427,3,109.411543,-7.426735,2024-07-11,5
66429,3,109.411449,-7.426719,2024-07-11,5
66432,3,109.411391,-7.426705,2024-07-11,5
66453,3,109.412317,-7.426627,2024-07-11,5
66456,3,109.412258,-7.426623,2024-07-11,5
66460,3,109.412179,-7.426613,2024-07-11,5
66464,3,109.412102,-7.426593,2024-07-11,5
66466,3,109.412022,-7.426591,2024-07-11,5
66468,3,109.41192,-7.426562,2024-07-11,5
66470,3,109.411817,-7.426555,2024-07-11,5
66476,3,109.411701,-7.426534,2024-07-11,5
66482,3,109.411577,-7.426517,2024-07-11,5
66487,3,109.411487,-7.426503,2024-07-11,5
66491,3,109.411421,-7.426478,2024-07-11,5
66515,3,109.412335,-7.426351,2024-07-11,5
66519,3,109.411608,-7.426306,2024-07-11,5
66520,3,109.412236,-7.426337,2024-07-11,5
66521,3,109.411412,-7.42624,2024-07-11,5
66526,3,109.412156,-7.426324,2024-07-11,5
66530,3,109.412074,-7.426318,2024-07-11,5
66535,3,109.411978,-7.426302,2024-07-11,5
66543,3,109.411867,-7.426285,2024-07-11,5
66567,3,109.41163,-7.426173,2024-07-11,5
66568,3,109.412371,-7.426153,2024-07-11,5
66569,3,109.411426,-7.426133,2024-07-11,5
66572,3,109.412267,-7.426138,2024-07-11,5
66575,3,109.412182,-7.426129,2024-07-11,5
66576,3,109.412097,-7.426118,2024-07-11,5
66578,3,109.412006,-7.426108,2024-07-11,5
66582,3,109.411796,-7.426078,2024-07-11,5
66583,3,109.412391,-7.426045,2024-07-11,5
66585,3,109.412269,-7.426031,2024-07-11,5
66588,3,109.412164,-7.426021,2024-07-11,5
66589,3,109.411546,-7.426041,2024-07-11,5
66590,3,109.411441,-7.426021,2024-07-11,5
66591,3,109.412065,-7.426011,2024-07-11,5
66595,3,109.411876,-7.42599,2024-07-11,5
66599,3,109.411588,-7.425957,2024-07-11,5
115018,4,109.411086,-7.444706,2024-08-04,2
67047,3,109.295694,-7.426111,2024-08-04,3
67048,3,109.352639,-7.434611,2024-08-04,3
67051,3,109.413361,-7.426667,2024-08-04,3
67052,3,109.375167,-7.504139,2024-08-04,3
67576,3,109.448654,-7.59538,2024-08-04,3
67577,3,109.449107,-7.595381,2024-08-04,3
67578,3,109.44956,-7.595383,2024-08-04,3
67581,3,109.448656,-7.594928,2024-08-04,3
67582,3,109.449109,-7.594929,2024-08-04,3
67583,3,109.449562,-7.594931,2024-08-04,3
67586,3,109.448657,-7.594476,2024-08-04,3
67587,3,109.44911,-7.594477,2024-08-04,3
67588,3,109.374681,-7.504687,2024-08-04,3
67589,3,109.375134,-7.504689,2024-08-04,3
67590,3,109.375587,-7.504691,2024-08-04,3
67591,3,109.37423,-7.504233,2024-08-04,3
67592,3,109.374683,-7.504235,2024-08-04,3
67593,3,109.375136,-7.504237,2024-08-04,3
67594,3,109.375589,-7.504238,2024-08-04,3
67595,3,109.374685,-7.503783,2024-08-04,3
67596,3,109.375138,-7.503785,2024-08-04,3
67597,3,109.375591,-7.503786,2024-08-04,3
67598,3,109.374686,-7.503331,2024-08-04,3
67599,3,109.352288,-7.435884,2024-08-04,3
67600,3,109.352741,-7.435885,2024-08-04,3
67601,3,109.353194,-7.435887,2024-08-04,3
67602,3,109.353647,-7.435889,2024-08-04,3
67603,3,109.35229,-7.435431,2024-08-04,3
67604,3,109.352743,-7.435433,2024-08-04,3
67605,3,109.353196,-7.435435,2024-08-04,3
67606,3,109.351839,-7.434978,2024-08-04,3
67607,3,109.352292,-7.434979,2024-08-04,3
67608,3,109.352745,-7.434981,2024-08-04,3
67609,3,109.353198,-7.434983,2024-08-04,3
67610,3,109.352746,-7.434529,2024-08-04,3
67611,3,109.2948,-7.427076,2024-08-04,3
67612,3,109.295253,-7.427078,2024-08-04,3
67613,3,109.295706,-7.42708,2024-08-04,3
67614,3,109.294801,-7.426624,2024-08-04,3
67615,3,109.295254,-7.426626,2024-08-04,3
67616,3,109.295707,-7.426628,2024-08-04,3
67617,3,109.294803,-7.426172,2024-08-04,3
67619,3,109.295709,-7.426176,2024-08-04,3
67622,3,109.412564,-7.426609,2024-08-04,3
67623,3,109.413017,-7.426611,2024-08-04,3
67624,3,109.41347,-7.426612,2024-08-04,3
67626,3,109.294805,-7.42572,2024-08-04,3
67627,3,109.295258,-7.425722,2024-08-04,3
67628,3,109.295711,-7.425724,2024-08-04,3
67631,3,109.413018,-7.426158,2024-08-04,3
70520,3,109.449894,-7.595872,2024-08-04,3
70534,3,109.449963,-7.595739,2024-08-04,3
70536,3,109.449982,-7.595651,2024-08-04,3
70550,3,109.449054,-7.59557,2024-08-04,3
70556,3,109.449611,-7.595543,2024-08-04,3
70561,3,109.449965,-7.595477,2024-08-04,3
70562,3,109.449562,-7.595468,2024-08-04,3
70566,3,109.448671,-7.595389,2024-08-04,3
70567,3,109.449563,-7.595366,2024-08-04,3
70568,3,109.449182,-7.595513,2024-08-04,3
70569,3,109.448853,-7.595404,2024-08-04,3
70570,3,109.449576,-7.595251,2024-08-04,3
70571,3,109.449968,-7.595375,2024-08-04,3
70572,3,109.448866,-7.595313,2024-08-04,3
70573,3,109.449985,-7.595268,2024-08-04,3
70576,3,109.44918,-7.595359,2024-08-04,3
70586,3,109.449861,-7.595118,2024-08-04,3
70587,3,109.449184,-7.595233,2024-08-04,3
70588,3,109.449596,-7.595124,2024-08-04,3
70591,3,109.449217,-7.595097,2024-08-04,3
70592,3,109.448916,-7.595048,2024-08-04,3
70593,3,109.448869,-7.595118,2024-08-04,3
70594,3,109.448848,-7.595207,2024-08-04,3
70595,3,109.449605,-7.595025,2024-08-04,3
70596,3,109.448548,-7.59511,2024-08-04,3
70597,3,109.448687,-7.595082,2024-08-04,3
70598,3,109.448661,-7.595264,2024-08-04,3
70599,3,109.448526,-7.595255,2024-08-04,3
70602,3,109.449905,-7.59505,2024-08-04,3
70603,3,109.448526,-7.595471,2024-08-04,3
70607,3,109.449996,-7.595039,2024-08-04,3
70611,3,109.449204,-7.594989,2024-08-04,3
70612,3,109.449003,-7.594983,2024-08-04,3
70613,3,109.449602,-7.594934,2024-08-04,3
70614,3,109.449186,-7.594916,2024-08-04,3
70615,3,109.448767,-7.594898,2024-08-04,3
70616,3,109.448469,-7.594896,2024-08-04,3
70617,3,109.449085,-7.594796,2024-08-04,3
70618,3,109.449287,-7.594769,2024-08-04,3
70619,3,109.448868,-7.594894,2024-08-04,3
70620,3,109.449607,-7.594794,2024-08-04,3
70622,3,109.448916,-7.594727,2024-08-04,3
70623,3,109.448876,-7.594779,2024-08-04,3
70624,3,109.448491,-7.594841,2024-08-04,3
70625,3,109.448682,-7.594779,2024-08-04,3
70626,3,109.448642,-7.594835,2024-08-04,3
70627,3,109.448581,-7.594828,2024-08-04,3
70629,3,109.448528,-7.594813,2024-08-04,3
70633,3,109.449182,-7.594686,2024-08-04,3
70636,3,109.448859,-7.59465,2024-08-04,3
70639,3,109.448505,-7.594615,2024-08-04,3
70646,3,109.449967,-7.594715,2024-08-04,3
70647,3,109.449865,-7.594705,2024-08-04,3
70649,3,109.449667,-7.594594,2024-08-04,3
70650,3,109.449481,-7.594595,2024-08-04,3
70651,3,109.448532,-7.59457,2024-08-04,3
70652,3,109.44921,-7.594555,2024-08-04,3
70653,3,109.448905,-7.594538,2024-08-04,3
70654,3,109.448595,-7.594603,2024-08-04,3
70655,3,109.44875,-7.594505,2024-08-04,3
70656,3,109.448678,-7.594566,2024-08-04,3
70657,3,109.448709,-7.594694,2024-08-04,3
70658,3,109.375327,-7.505047,2024-08-04,3
70659,3,109.375389,-7.505055,2024-08-04,3
70660,3,109.375076,-7.504923,2024-08-04,3
70661,3,109.375244,-7.504951,2024-08-04,3
70662,3,109.375403,-7.50495,2024-08-04,3
70663,3,109.37549,-7.504896,2024-08-04,3
70664,3,109.375106,-7.504791,2024-08-04,3
70665,3,109.375351,-7.504766,2024-08-04,3
70666,3,109.375532,-7.504739,2024-08-04,3
70667,3,109.374899,-7.50477,2024-08-04,3
70668,3,109.374465,-7.504643,2024-08-04,3
70669,3,109.375545,-7.504671,2024-08-04,3
70670,3,109.374539,-7.504648,2024-08-04,3
70671,3,109.37461,-7.504679,2024-08-04,3
70672,3,109.375335,-7.504664,2024-08-04,3
70673,3,109.375096,-7.50468,2024-08-04,3
70674,3,109.375559,-7.504607,2024-08-04,3
70675,3,109.375571,-7.504543,2024-08-04,3
70676,3,109.375316,-7.504545,2024-08-04,3
70677,3,109.374245,-7.504519,2024-08-04,3
70678,3,109.375583,-7.504477,2024-08-04,3
70679,3,109.375308,-7.504464,2024-08-04,3
70680,3,109.375075,-7.504539,2024-08-04,3
70681,3,109.374212,-7.504438,2024-08-04,3
70682,3,109.375603,-7.504412,2024-08-04,3
70683,3,109.37416,-7.504452,2024-08-04,3
70684,3,109.37531,-7.504397,2024-08-04,3
70685,3,109.375607,-7.504349,2024-08-04,3
70686,3,109.375321,-7.504315,2024-08-04,3
70687,3,109.375115,-7.504271,2024-08-04,3
70688,3,109.375628,-7.504283,2024-08-04,3
70689,3,109.375283,-7.504252,2024-08-04,3
70690,3,109.375124,-7.504202,2024-08-04,3
70691,3,109.375626,-7.504216,2024-08-04,3
70692,3,109.375272,-7.50419,2024-08-04,3
70693,3,109.375866,-7.504179,2024-08-04,3
70694,3,109.374228,-7.504286,2024-08-04,3
70695,3,109.375617,-7.504154,2024-08-04,3
70696,3,109.375051,-7.504403,2024-08-04,3
70697,3,109.375035,-7.504238,2024-08-04,3
70698,3,109.375083,-7.504118,2024-08-04,3
70699,3,109.375261,-7.504112,2024-08-04,3
70700,3,109.375881,-7.504103,2024-08-04,3
70701,3,109.3743,-7.504369,2024-08-04,3
70702,3,109.375537,-7.504089,2024-08-04,3
70703,3,109.37576,-7.504067,2024-08-04,3
70704,3,109.374383,-7.504312,2024-08-04,3
70705,3,109.375159,-7.504034,2024-08-04,3
70706,3,109.375897,-7.50401,2024-08-04,3
70707,3,109.375574,-7.503994,2024-08-04,3
70708,3,109.374355,-7.503971,2024-08-04,3
70709,3,109.375477,-7.503931,2024-08-04,3
70710,3,109.375714,-7.503922,2024-08-04,3
70711,3,109.37586,-7.503933,2024-08-04,3
70712,3,109.375268,-7.503977,2024-08-04,3
70713,3,109.375144,-7.50393,2024-08-04,3
70714,3,109.375092,-7.50397,2024-08-04,3
70715,3,109.37503,-7.503962,2024-08-04,3
70716,3,109.374967,-7.503972,2024-08-04,3
70717,3,109.374909,-7.503963,2024-08-04,3
70718,3,109.374387,-7.50395,2024-08-04,3
70719,3,109.374866,-7.504118,2024-08-04,3
70720,3,109.374776,-7.504128,2024-08-04,3
70721,3,109.374742,-7.504387,2024-08-04,3
70722,3,109.374628,-7.504333,2024-08-04,3
70723,3,109.374483,-7.504208,2024-08-04,3
70724,3,109.375908,-7.503821,2024-08-04,3
70725,3,109.375409,-7.503816,2024-08-04,3
70726,3,109.375762,-7.503737,2024-08-04,3
70727,3,109.375656,-7.503807,2024-08-04,3
70728,3,109.375708,-7.503708,2024-08-04,3
70729,3,109.375517,-7.503764,2024-08-04,3
70730,3,109.374502,-7.503704,2024-08-04,3
70731,3,109.37516,-7.50375,2024-08-04,3
70732,3,109.374731,-7.503675,2024-08-04,3
70733,3,109.375269,-7.50371,2024-08-04,3
70734,3,109.375386,-7.503645,2024-08-04,3
70735,3,109.375246,-7.503515,2024-08-04,3
70736,3,109.375101,-7.503623,2024-08-04,3
70737,3,109.37499,-7.503606,2024-08-04,3
70738,3,109.37488,-7.503589,2024-08-04,3
70739,3,109.374821,-7.503452,2024-08-04,3
70740,3,109.374673,-7.503531,2024-08-04,3
70741,3,109.374631,-7.503428,2024-08-04,3
70742,3,109.35245,-7.436383,2024-08-04,3
70743,3,109.352454,-7.436327,2024-08-04,3
70744,3,109.352437,-7.436269,2024-08-04,3
70745,3,109.352789,-7.436253,2024-08-04,3
70746,3,109.352861,-7.436226,2024-08-04,3
70747,3,109.352573,-7.436268,2024-08-04,3
70748,3,109.353041,-7.436154,2024-08-04,3
70749,3,109.352952,-7.43617,2024-08-04,3
70750,3,109.352863,-7.436176,2024-08-04,3
70751,3,109.352786,-7.436185,2024-08-04,3
70752,3,109.352659,-7.436218,2024-08-04,3
70753,3,109.352415,-7.436177,2024-08-04,3
70754,3,109.352275,-7.436132,2024-08-04,3
70755,3,109.352829,-7.436113,2024-08-04,3
70756,3,109.352635,-7.43612,2024-08-04,3
70757,3,109.352596,-7.436015,2024-08-04,3
70758,3,109.352336,-7.436007,2024-08-04,3
70759,3,109.3522,-7.435956,2024-08-04,3
70760,3,109.352819,-7.436008,2024-08-04,3
70761,3,109.352979,-7.436022,2024-08-04,3
70762,3,109.353164,-7.436005,2024-08-04,3
70763,3,109.353379,-7.435934,2024-08-04,3
70764,3,109.353602,-7.435875,2024-08-04,3
70765,3,109.353768,-7.435827,2024-08-04,3
70766,3,109.353225,-7.435853,2024-08-04,3
70767,3,109.352204,-7.435836,2024-08-04,3
70768,3,109.352383,-7.43584,2024-08-04,3
70769,3,109.352568,-7.43584,2024-08-04,3
70770,3,109.352838,-7.435837,2024-08-04,3
70771,3,109.353552,-7.435808,2024-08-04,3
70772,3,109.353747,-7.435781,2024-08-04,3
70773,3,109.353155,-7.435751,2024-08-04,3
70774,3,109.35214,-7.435693,2024-08-04,3
70775,3,109.352352,-7.435696,2024-08-04,3
70776,3,109.352596,-7.435693,2024-08-04,3
70777,3,109.353457,-7.435712,2024-08-04,3
70778,3,109.35286,-7.435691,2024-08-04,3
70779,3,109.353184,-7.435637,2024-08-04,3
70780,3,109.35199,-7.435548,2024-08-04,3
70781,3,109.35212,-7.435583,2024-08-04,3
70782,3,109.352357,-7.435581,2024-08-04,3
70783,3,109.352595,-7.435577,2024-08-04,3
70784,3,109.352854,-7.435574,2024-08-04,3
70785,3,109.353674,-7.435646,2024-08-04,3
70786,3,109.351974,-7.435484,2024-08-04,3
70787,3,109.353133,-7.435536,2024-08-04,3
70788,3,109.35211,-7.435493,2024-08-04,3
70789,3,109.352354,-7.435489,2024-08-04,3
70790,3,109.352594,-7.435485,2024-08-04,3
70791,3,109.352849,-7.435481,2024-08-04,3
70792,3,109.353432,-7.435536,2024-08-04,3
70793,3,109.35195,-7.435406,2024-08-04,3
70794,3,109.352103,-7.435408,2024-08-04,3
70795,3,109.352322,-7.435406,2024-08-04,3
70796,3,109.35259,-7.435403,2024-08-04,3
70797,3,109.352871,-7.435398,2024-08-04,3
70798,3,109.353115,-7.435403,2024-08-04,3
70799,3,109.351934,-7.435337,2024-08-04,3
70800,3,109.352103,-7.435335,2024-08-04,3
70801,3,109.352367,-7.435328,2024-08-04,3
70802,3,109.353409,-7.435367,2024-08-04,3
70803,3,109.353609,-7.435438,2024-08-04,3
70804,3,109.352633,-7.435321,2024-08-04,3
70805,3,109.352867,-7.435314,2024-08-04,3
70806,3,109.353097,-7.435301,2024-08-04,3
70807,3,109.353378,-7.435277,2024-08-04,3
70808,3,109.352185,-7.43527,2024-08-04,3
70809,3,109.35204,-7.435271,2024-08-04,3
70810,3,109.351916,-7.43525,2024-08-04,3
70811,3,109.352039,-7.435217,2024-08-04,3
70812,3,109.352182,-7.435218,2024-08-04,3
70813,3,109.35239,-7.435235,2024-08-04,3
70814,3,109.352638,-7.435226,2024-08-04,3
70815,3,109.352926,-7.435215,2024-08-04,3
70816,3,109.353224,-7.435203,2024-08-04,3
70817,3,109.353441,-7.435197,2024-08-04,3
70818,3,109.3518,-7.435128,2024-08-04,3
70819,3,109.351925,-7.435149,2024-08-04,3
70820,3,109.35214,-7.435142,2024-08-04,3
70821,3,109.352365,-7.435135,2024-08-04,3
70822,3,109.352617,-7.435126,2024-08-04,3
70823,3,109.352882,-7.435116,2024-08-04,3
70824,3,109.353148,-7.435107,2024-08-04,3
70825,3,109.353375,-7.4351,2024-08-04,3
70826,3,109.351782,-7.435055,2024-08-04,3
70827,3,109.351921,-7.435056,2024-08-04,3
70828,3,109.352135,-7.43505,2024-08-04,3
70829,3,109.352359,-7.435043,2024-08-04,3
70830,3,109.352612,-7.435034,2024-08-04,3
70831,3,109.352878,-7.435025,2024-08-04,3
70832,3,109.353143,-7.435017,2024-08-04,3
70833,3,109.353351,-7.435012,2024-08-04,3
70834,3,109.351756,-7.434954,2024-08-04,3
70835,3,109.351919,-7.434954,2024-08-04,3
70836,3,109.352131,-7.434948,2024-08-04,3
70837,3,109.352352,-7.434941,2024-08-04,3
70838,3,109.352605,-7.434933,2024-08-04,3
70839,3,109.352872,-7.434925,2024-08-04,3
70840,3,109.353137,-7.434917,2024-08-04,3
70841,3,109.353324,-7.434915,2024-08-04,3
70842,3,109.351949,-7.434835,2024-08-04,3
70843,3,109.352346,-7.434823,2024-08-04,3
70844,3,109.352599,-7.434816,2024-08-04,3
70845,3,109.352888,-7.434809,2024-08-04,3
70846,3,109.353184,-7.434803,2024-08-04,3
70847,3,109.351983,-7.434725,2024-08-04,3
70848,3,109.352207,-7.434702,2024-08-04,3
70849,3,109.352421,-7.434697,2024-08-04,3
70850,3,109.352628,-7.434692,2024-08-04,3
70851,3,109.352083,-7.434635,2024-08-04,3
70852,3,109.352867,-7.434688,2024-08-04,3
70853,3,109.353134,-7.434684,2024-08-04,3
70854,3,109.35223,-7.434601,2024-08-04,3
70855,3,109.352417,-7.434587,2024-08-04,3
70856,3,109.352625,-7.434582,2024-08-04,3
70857,3,109.352863,-7.434578,2024-08-04,3
70858,3,109.353106,-7.434576,2024-08-04,3
70859,3,109.352418,-7.434509,2024-08-04,3
70860,3,109.352601,-7.434475,2024-08-04,3
70861,3,109.352836,-7.434469,2024-08-04,3
70862,3,109.353069,-7.434471,2024-08-04,3
70863,3,109.352652,-7.434387,2024-08-04,3
70864,3,109.352907,-7.434374,2024-08-04,3
70865,3,109.352809,-7.434319,2024-08-04,3
70866,3,109.352978,-7.434286,2024-08-04,3
70867,3,109.295259,-7.427132,2024-08-04,3
70868,3,109.29507,-7.427128,2024-08-04,3
70869,3,109.295743,-7.427117,2024-08-04,3
70870,3,109.295684,-7.427116,2024-08-04,3
70871,3,109.295569,-7.427112,2024-08-04,3
70872,3,109.295428,-7.427107,2024-08-04,3
70873,3,109.413762,-7.427054,2024-08-04,3
70874,3,109.295332,-7.427104,2024-08-04,3
70875,3,109.294828,-7.427104,2024-08-04,3
70876,3,109.294631,-7.427098,2024-08-04,3
70877,3,109.295111,-7.427049,2024-08-04,3
70878,3,109.413758,-7.427022,2024-08-04,3
70879,3,109.41385,-7.427021,2024-08-04,3
70880,3,109.413775,-7.42699,2024-08-04,3
70881,3,109.295794,-7.427041,2024-08-04,3
70882,3,109.413574,-7.426992,2024-08-04,3
70883,3,109.29563,-7.427001,2024-08-04,3
70884,3,109.295417,-7.426991,2024-08-04,3
70885,3,109.413446,-7.426966,2024-08-04,3
70886,3,109.295142,-7.426975,2024-08-04,3
70887,3,109.413804,-7.426958,2024-08-04,3
70888,3,109.413341,-7.426947,2024-08-04,3
70889,3,109.413269,-7.426937,2024-08-04,3
70890,3,109.413661,-7.42696,2024-08-04,3
70891,3,109.29579,-7.426928,2024-08-04,3
70892,3,109.29472,-7.426957,2024-08-04,3
70893,3,109.413198,-7.426923,2024-08-04,3
70895,3,109.413616,-7.426937,2024-08-04,3
70896,3,109.413128,-7.426912,2024-08-04,3
70897,3,109.295625,-7.426918,2024-08-04,3
70898,3,109.413605,-7.426897,2024-08-04,3
70899,3,109.413832,-7.426914,2024-08-04,3
70901,3,109.41306,-7.4269,2024-08-04,3
70902,3,109.295371,-7.426905,2024-08-04,3
70904,3,109.295142,-7.426894,2024-08-04,3
70905,3,109.413545,-7.426929,2024-08-04,3
70906,3,109.413863,-7.426867,2024-08-04,3
70907,3,109.413736,-7.426877,2024-08-04,3
70909,3,109.413672,-7.426861,2024-08-04,3
70910,3,109.413511,-7.42689,2024-08-04,3
70911,3,109.41364,-7.426847,2024-08-04,3
70912,3,109.413588,-7.426882,2024-08-04,3
70914,3,109.413401,-7.42687,2024-08-04,3
70917,3,109.413276,-7.42685,2024-08-04,3
70918,3,109.413886,-7.426822,2024-08-04,3
70919,3,109.295794,-7.426839,2024-08-04,3
70920,3,109.295365,-7.426831,2024-08-04,3
70921,3,109.295148,-7.426817,2024-08-04,3
70922,3,109.413798,-7.426818,2024-08-04,3
70923,3,109.413729,-7.426801,2024-08-04,3
70926,3,109.41368,-7.426786,2024-08-04,3
70927,3,109.413623,-7.426783,2024-08-04,3
70928,3,109.413571,-7.426797,2024-08-04,3
70930,3,109.295621,-7.426818,2024-08-04,3
70931,3,109.413747,-7.426751,2024-08-04,3
70933,3,109.294711,-7.426818,2024-08-04,3
70935,3,109.294958,-7.426824,2024-08-04,3
70936,3,109.295437,-7.426763,2024-08-04,3
70938,3,109.413437,-7.42677,2024-08-04,3
70939,3,109.295814,-7.426756,2024-08-04,3
70940,3,109.413863,-7.426752,2024-08-04,3
70941,3,109.413036,-7.426799,2024-08-04,3
70942,3,109.295327,-7.426747,2024-08-04,3
70945,3,109.295766,-7.426733,2024-08-04,3
70946,3,109.412937,-7.426797,2024-08-04,3
70947,3,109.413255,-7.426736,2024-08-04,3
70948,3,109.413839,-7.426698,2024-08-04,3
70950,3,109.295145,-7.426728,2024-08-04,3
70951,3,109.413771,-7.426703,2024-08-04,3
70952,3,109.413147,-7.426777,2024-08-04,3
70953,3,109.412827,-7.426771,2024-08-04,3
70955,3,109.413731,-7.426704,2024-08-04,3
70957,3,109.413693,-7.426692,2024-08-04,3
70959,3,109.295529,-7.426695,2024-08-04,3
70960,3,109.413644,-7.426689,2024-08-04,3
70963,3,109.413588,-7.426683,2024-08-04,3
70965,3,109.295015,-7.42665,2024-08-04,3
70966,3,109.294753,-7.42666,2024-08-04,3
70967,3,109.413449,-7.426657,2024-08-04,3
70968,3,109.41329,-7.426622,2024-08-04,3
70969,3,109.294747,-7.426564,2024-08-04,3
70971,3,109.413181,-7.426596,2024-08-04,3
70976,3,109.295166,-7.426611,2024-08-04,3
70980,3,109.413069,-7.426606,2024-08-04,3
70987,3,109.412974,-7.42659,2024-08-04,3
70994,3,109.412909,-7.426559,2024-08-04,3
70996,3,109.412826,-7.426549,2024-08-04,3
70998,3,109.412836,-7.426433,2024-08-04,3
71002,3,109.294905,-7.426488,2024-08-04,3
71007,3,109.294658,-7.426463,2024-08-04,3
71010,3,109.295412,-7.426552,2024-08-04,3
71014,3,109.412608,-7.426631,2024-08-04,3
71021,3,109.413307,-7.42645,2024-08-04,3
71025,3,109.413207,-7.426433,2024-08-04,3
71026,3,109.413087,-7.426404,2024-08-04,3
71027,3,109.295782,-7.426425,2024-08-04,3
71028,3,109.412991,-7.426396,2024-08-04,3
71029,3,109.412927,-7.42638,2024-08-04,3
71030,3,109.295679,-7.426405,2024-08-04,3
71035,3,109.294769,-7.426351,2024-08-04,3
71038,3,109.294562,-7.426311,2024-08-04,3
71039,3,109.412592,-7.426315,2024-08-04,3
71047,3,109.295551,-7.426336,2024-08-04,3
71061,3,109.295366,-7.42629,2024-08-04,3
71065,3,109.295091,-7.426243,2024-08-04,3
71068,3,109.413303,-7.426253,2024-08-04,3
71069,3,109.294934,-7.426216,2024-08-04,3
71071,3,109.294847,-7.426192,2024-08-04,3
71075,3,109.413179,-7.426236,2024-08-04,3
71083,3,109.295745,-7.426219,2024-08-04,3
71087,3,109.294685,-7.426183,2024-08-04,3
71099,3,109.41311,-7.426201,2024-08-04,3
71100,3,109.413328,-7.42612,2024-08-04,3
71102,3,109.413202,-7.426107,2024-08-04,3
71103,3,109.413029,-7.426187,2024-08-04,3
71106,3,109.41308,-7.426066,2024-08-04,3
71108,3,109.295404,-7.426128,2024-08-04,3
71110,3,109.295144,-7.426088,2024-08-04,3
71115,3,109.29481,-7.42608,2024-08-04,3
71116,3,109.294981,-7.42607,2024-08-04,3
71121,3,109.295627,-7.426103,2024-08-04,3
71122,3,109.294653,-7.426052,2024-08-04,3
71123,3,109.295451,-7.426029,2024-08-04,3
71125,3,109.29577,-7.426048,2024-08-04,3
71126,3,109.294567,-7.426015,2024-08-04,3
71127,3,109.295813,-7.425956,2024-08-04,3
71130,3,109.295617,-7.425969,2024-08-04,3
71131,3,109.29519,-7.425954,2024-08-04,3
71133,3,109.295026,-7.425928,2024-08-04,3
71134,3,109.29492,-7.425931,2024-08-04,3
71135,3,109.294836,-7.425913,2024-08-04,3
71136,3,109.295491,-7.425905,2024-08-04,3
71137,3,109.294707,-7.425888,2024-08-04,3
71138,3,109.295695,-7.425902,2024-08-04,3
71140,3,109.295229,-7.425842,2024-08-04,3
71141,3,109.294586,-7.425854,2024-08-04,3
71143,3,109.295066,-7.425807,2024-08-04,3
71144,3,109.294965,-7.425786,2024-08-04,3
71145,3,109.294879,-7.425773,2024-08-04,3
71146,3,109.294744,-7.425756,2024-08-04,3
71147,3,109.295734,-7.425807,2024-08-04,3
71148,3,109.294601,-7.425734,2024-08-04,3
71149,3,109.295528,-7.425771,2024-08-04,3
71150,3,109.295269,-7.425727,2024-08-04,3
71154,3,109.295579,-7.425688,2024-08-04,3
71156,3,109.295297,-7.425654,2024-08-04,3
71158,3,109.295109,-7.425689,2024-08-04,3
71159,3,109.294998,-7.425677,2024-08-04,3
71160,3,109.29491,-7.425672,2024-08-04,3
71161,3,109.294768,-7.425665,2024-08-04,3
71162,3,109.294614,-7.425657,2024-08-04,3
67050,3,109.413472,-7.426417,2024-08-04,4
67057,3,109.449389,-7.595722,2024-08-04,4
67571,3,109.448652,-7.595832,2024-08-04,4
67572,3,109.449105,-7.595834,2024-08-04,4
67573,3,109.449559,-7.595835,2024-08-04,4
67618,3,109.295256,-7.426174,2024-08-04,4
67625,3,109.413922,-7.426614,2024-08-04,4
67632,3,109.413471,-7.42616,2024-08-04,4
67633,3,109.413924,-7.426162,2024-08-04,4
70504,3,109.449044,-7.595973,2024-08-04,4
70507,3,109.449018,-7.595938,2024-08-04,4
70508,3,109.449141,-7.595946,2024-08-04,4
70514,3,109.449021,-7.595877,2024-08-04,4
70515,3,109.448649,-7.595892,2024-08-04,4
70516,3,109.448519,-7.595919,2024-08-04,4
70517,3,109.449278,-7.595859,2024-08-04,4
70519,3,109.448921,-7.595837,2024-08-04,4
70521,3,109.449178,-7.595904,2024-08-04,4
70522,3,109.449586,-7.59593,2024-08-04,4
70523,3,109.449273,-7.595788,2024-08-04,4
70524,3,109.448925,-7.595766,2024-08-04,4
70525,3,109.44913,-7.595792,2024-08-04,4
70526,3,109.449272,-7.595727,2024-08-04,4
70527,3,109.448738,-7.595764,2024-08-04,4
70528,3,109.448777,-7.59586,2024-08-04,4
70529,3,109.448454,-7.59573,2024-08-04,4
70530,3,109.448526,-7.595733,2024-08-04,4
70531,3,109.449277,-7.595678,2024-08-04,4
70532,3,109.44959,-7.595826,2024-08-04,4
70533,3,109.449074,-7.595687,2024-08-04,4
70535,3,109.448922,-7.595662,2024-08-04,4
70537,3,109.449063,-7.595634,2024-08-04,4
70538,3,109.449591,-7.595739,2024-08-04,4
70539,3,109.449269,-7.595638,2024-08-04,4
70541,3,109.44874,-7.595672,2024-08-04,4
70543,3,109.44867,-7.595554,2024-08-04,4
70544,3,109.44892,-7.5956,2024-08-04,4
70545,3,109.448575,-7.595593,2024-08-04,4
70546,3,109.44848,-7.595601,2024-08-04,4
70548,3,109.449595,-7.595654,2024-08-04,4
70551,3,109.448365,-7.595649,2024-08-04,4
70553,3,109.448816,-7.595611,2024-08-04,4
70558,3,109.448807,-7.595479,2024-08-04,4
70563,3,109.448642,-7.595469,2024-08-04,4
70564,3,109.448456,-7.595463,2024-08-04,4
70583,3,109.4483,-7.595265,2024-08-04,4
70585,3,109.44837,-7.595319,2024-08-04,4
70589,3,109.448642,-7.595081,2024-08-04,4
70608,3,109.448394,-7.595054,2024-08-04,4
70609,3,109.448314,-7.595002,2024-08-04,4
70610,3,109.448295,-7.594996,2024-08-04,4
70628,3,109.448311,-7.59481,2024-08-04,4
70630,3,109.448427,-7.594676,2024-08-04,4
70631,3,109.448403,-7.594744,2024-08-04,4
70632,3,109.44838,-7.594852,2024-08-04,4
70635,3,109.448347,-7.594628,2024-08-04,4
70637,3,109.448373,-7.594616,2024-08-04,4
70648,3,109.448442,-7.594596,2024-08-04,4
70954,3,109.41385,-7.426666,2024-08-04,4
70962,3,109.413858,-7.426641,2024-08-04,4
70964,3,109.413833,-7.426609,2024-08-04,4
70970,3,109.413559,-7.426565,2024-08-04,4
70972,3,109.413941,-7.426561,2024-08-04,4
70973,3,109.41352,-7.426558,2024-08-04,4
70974,3,109.413478,-7.42655,2024-08-04,4
70975,3,109.41391,-7.426553,2024-08-04,4
70977,3,109.413869,-7.426547,2024-08-04,4
70978,3,109.413438,-7.426539,2024-08-04,4
70979,3,109.413398,-7.426532,2024-08-04,4
70981,3,109.413828,-7.426541,2024-08-04,4
70983,3,109.413357,-7.426526,2024-08-04,4
70984,3,109.413789,-7.426536,2024-08-04,4
70986,3,109.413745,-7.426551,2024-08-04,4
70988,3,109.413705,-7.426553,2024-08-04,4
70990,3,109.413677,-7.426547,2024-08-04,4
70991,3,109.413648,-7.426544,2024-08-04,4
70992,3,109.413604,-7.426563,2024-08-04,4
71000,3,109.41392,-7.426456,2024-08-04,4
71001,3,109.413888,-7.426451,2024-08-04,4
71003,3,109.413847,-7.426446,2024-08-04,4
71004,3,109.413808,-7.426439,2024-08-04,4
71006,3,109.413769,-7.426434,2024-08-04,4
71008,3,109.413728,-7.426427,2024-08-04,4
71009,3,109.413699,-7.426423,2024-08-04,4
71012,3,109.41367,-7.426419,2024-08-04,4
71013,3,109.413622,-7.426443,2024-08-04,4
71015,3,109.413582,-7.426441,2024-08-04,4
71017,3,109.413541,-7.426436,2024-08-04,4
71018,3,109.413947,-7.426436,2024-08-04,4
71019,3,109.4135,-7.42643,2024-08-04,4
71022,3,109.413459,-7.426422,2024-08-04,4
71023,3,109.413419,-7.426417,2024-08-04,4
71024,3,109.413377,-7.426413,2024-08-04,4
71031,3,109.413953,-7.426334,2024-08-04,4
71032,3,109.41391,-7.426337,2024-08-04,4
71033,3,109.413869,-7.426331,2024-08-04,4
71034,3,109.41383,-7.426324,2024-08-04,4
71036,3,109.41379,-7.426319,2024-08-04,4
71037,3,109.41375,-7.426312,2024-08-04,4
71040,3,109.413721,-7.426303,2024-08-04,4
71041,3,109.413692,-7.426299,2024-08-04,4
71042,3,109.413651,-7.426294,2024-08-04,4
71043,3,109.41361,-7.426287,2024-08-04,4
71045,3,109.41398,-7.42637,2024-08-04,4
71046,3,109.413569,-7.426281,2024-08-04,4
71051,3,109.413975,-7.426238,2024-08-04,4
71052,3,109.413528,-7.426276,2024-08-04,4
71053,3,109.413487,-7.42627,2024-08-04,4
71054,3,109.41393,-7.426231,2024-08-04,4
71056,3,109.413446,-7.426264,2024-08-04,4
71057,3,109.41389,-7.426224,2024-08-04,4
71058,3,109.413404,-7.426259,2024-08-04,4
71060,3,109.41385,-7.426216,2024-08-04,4
71062,3,109.29502,-7.426234,2024-08-04,4
71063,3,109.413811,-7.42621,2024-08-04,4
71066,3,109.41377,-7.426202,2024-08-04,4
71067,3,109.413741,-7.426193,2024-08-04,4
71070,3,109.413712,-7.426188,2024-08-04,4
71073,3,109.413672,-7.426182,2024-08-04,4
71074,3,109.41402,-7.426173,2024-08-04,4
71076,3,109.413987,-7.426171,2024-08-04,4
71077,3,109.413944,-7.426164,2024-08-04,4
71078,3,109.41363,-7.426175,2024-08-04,4
71079,3,109.413903,-7.426159,2024-08-04,4
71080,3,109.413863,-7.426153,2024-08-04,4
71081,3,109.413589,-7.426167,2024-08-04,4
71082,3,109.413823,-7.426147,2024-08-04,4
71084,3,109.413782,-7.426141,2024-08-04,4
71085,3,109.413549,-7.42616,2024-08-04,4
71086,3,109.413751,-7.426137,2024-08-04,4
71088,3,109.413722,-7.426134,2024-08-04,4
71089,3,109.413682,-7.426129,2024-08-04,4
71090,3,109.41364,-7.426123,2024-08-04,4
71091,3,109.413598,-7.426117,2024-08-04,4
71092,3,109.413558,-7.426112,2024-08-04,4
71093,3,109.41351,-7.426145,2024-08-04,4
71094,3,109.413469,-7.42614,2024-08-04,4
71095,3,109.413427,-7.426135,2024-08-04,4
71109,3,109.295214,-7.426185,2024-08-04,4
71113,3,109.295072,-7.426086,2024-08-04,4
71129,3,109.295284,-7.425973,2024-08-04,4
71132,3,109.295122,-7.425948,2024-08-04,4
71139,3,109.295325,-7.425859,2024-08-04,4
71142,3,109.295163,-7.42583,2024-08-04,4
71151,3,109.295366,-7.425731,2024-08-04,4
71152,3,109.295205,-7.425711,2024-08-04,4
71153,3,109.295758,-7.425702,2024-08-04,4
71155,3,109.2954,-7.425653,2024-08-04,4
71157,3,109.295234,-7.425645,2024-08-04,4
67049,3,109.411611,-7.426361,2024-08-04,6
67620,3,109.411658,-7.426606,2024-08-04,6
67621,3,109.412111,-7.426607,2024-08-04,6
67629,3,109.411659,-7.426154,2024-08-04,6
67630,3,109.412112,-7.426155,2024-08-04,6
70894,3,109.411941,-7.426895,2024-08-04,6
70900,3,109.411867,-7.426886,2024-08-04,6
70903,3,109.411796,-7.426877,2024-08-04,6
70908,3,109.411668,-7.426859,2024-08-04,6
70913,3,109.411527,-7.426841,2024-08-04,6
70915,3,109.411431,-7.42683,2024-08-04,6
70916,3,109.411378,-7.426822,2024-08-04,6
70924,3,109.412286,-7.426848,2024-08-04,6
70925,3,109.412224,-7.426842,2024-08-04,6
70929,3,109.412145,-7.42683,2024-08-04,6
70932,3,109.412067,-7.426829,2024-08-04,6
70934,3,109.412014,-7.426814,2024-08-04,6
70937,3,109.411952,-7.426805,2024-08-04,6
70943,3,109.411866,-7.426787,2024-08-04,6
70944,3,109.411772,-7.426775,2024-08-04,6
70949,3,109.411666,-7.426754,2024-08-04,6
70956,3,109.411543,-7.426735,2024-08-04,6
70958,3,109.411449,-7.426719,2024-08-04,6
70961,3,109.411391,-7.426705,2024-08-04,6
70982,3,109.412317,-7.426627,2024-08-04,6
70985,3,109.412258,-7.426623,2024-08-04,6
70989,3,109.412179,-7.426613,2024-08-04,6
70993,3,109.412102,-7.426593,2024-08-04,6
70995,3,109.412022,-7.426591,2024-08-04,6
70997,3,109.41192,-7.426562,2024-08-04,6
70999,3,109.411817,-7.426555,2024-08-04,6
71005,3,109.411701,-7.426534,2024-08-04,6
71011,3,109.411577,-7.426517,2024-08-04,6
71016,3,109.411487,-7.426503,2024-08-04,6
71020,3,109.411421,-7.426478,2024-08-04,6
71044,3,109.412335,-7.426351,2024-08-04,6
71048,3,109.411608,-7.426306,2024-08-04,6
71049,3,109.412236,-7.426337,2024-08-04,6
71050,3,109.411412,-7.42624,2024-08-04,6
71055,3,109.412156,-7.426324,2024-08-04,6
71059,3,109.412074,-7.426318,2024-08-04,6
71064,3,109.411978,-7.426302,2024-08-04,6
71072,3,109.411867,-7.426285,2024-08-04,6
71096,3,109.41163,-7.426173,2024-08-04,6
71097,3,109.412371,-7.426153,2024-08-04,6
71098,3,109.411426,-7.426133,2024-08-04,6
71101,3,109.412267,-7.426138,2024-08-04,6
71104,3,109.412182,-7.426129,2024-08-04,6
71105,3,109.412097,-7.426118,2024-08-04,6
71107,3,109.412006,-7.426108,2024-08-04,6
71111,3,109.411796,-7.426078,2024-08-04,6
71112,3,109.412391,-7.426045,2024-08-04,6
71114,3,109.412269,-7.426031,2024-08-04,6
71117,3,109.412164,-7.426021,2024-08-04,6
71118,3,109.411546,-7.426041,2024-08-04,6
71119,3,109.411441,-7.426021,2024-08-04,6
71120,3,109.412065,-7.426011,2024-08-04,6
71124,3,109.411876,-7.42599,2024-08-04,6
71128,3,109.411588,-7.425957,2024-08-04,6
117423,4,109.411086,-7.444706,2024-08-16,3
71576,3,109.295694,-7.426111,2024-08-16,4
71577,3,109.352639,-7.434611,2024-08-16,4
71580,3,109.413361,-7.426667,2024-08-16,4
71581,3,109.375167,-7.504139,2024-08-16,4
71586,3,109.449389,-7.595722,2024-08-16,4
72100,3,109.448652,-7.595832,2024-08-16,4
72101,3,109.449105,-7.595834,2024-08-16,4
72102,3,109.449559,-7.595835,2024-08-16,4
72105,3,109.448654,-7.59538,2024-08-16,4
72106,3,109.449107,-7.595381,2024-08-16,4
72107,3,109.44956,-7.595383,2024-08-16,4
72110,3,109.448656,-7.594928,2024-08-16,4
72111,3,109.449109,-7.594929,2024-08-16,4
72112,3,109.449562,-7.594931,2024-08-16,4
72115,3,109.448657,-7.594476,2024-08-16,4
72116,3,109.44911,-7.594477,2024-08-16,4
72117,3,109.374681,-7.504687,2024-08-16,4
72118,3,109.375134,-7.504689,2024-08-16,4
72119,3,109.375587,-7.504691,2024-08-16,4
72120,3,109.37423,-7.504233,2024-08-16,4
72121,3,109.374683,-7.504235,2024-08-16,4
72122,3,109.375136,-7.504237,2024-08-16,4
72123,3,109.375589,-7.504238,2024-08-16,4
72124,3,109.374685,-7.503783,2024-08-16,4
72125,3,109.375138,-7.503785,2024-08-16,4
72126,3,109.375591,-7.503786,2024-08-16,4
72127,3,109.374686,-7.503331,2024-08-16,4
72128,3,109.352288,-7.435884,2024-08-16,4
72129,3,109.352741,-7.435885,2024-08-16,4
72130,3,109.353194,-7.435887,2024-08-16,4
72131,3,109.353647,-7.435889,2024-08-16,4
72132,3,109.35229,-7.435431,2024-08-16,4
72133,3,109.352743,-7.435433,2024-08-16,4
72134,3,109.353196,-7.435435,2024-08-16,4
72135,3,109.351839,-7.434978,2024-08-16,4
72136,3,109.352292,-7.434979,2024-08-16,4
72137,3,109.352745,-7.434981,2024-08-16,4
72138,3,109.353198,-7.434983,2024-08-16,4
72139,3,109.352746,-7.434529,2024-08-16,4
72140,3,109.2948,-7.427076,2024-08-16,4
72141,3,109.295253,-7.427078,2024-08-16,4
72142,3,109.295706,-7.42708,2024-08-16,4
72143,3,109.294801,-7.426624,2024-08-16,4
72144,3,109.295254,-7.426626,2024-08-16,4
72145,3,109.295707,-7.426628,2024-08-16,4
72146,3,109.294803,-7.426172,2024-08-16,4
72147,3,109.295256,-7.426174,2024-08-16,4
72148,3,109.295709,-7.426176,2024-08-16,4
72151,3,109.412564,-7.426609,2024-08-16,4
72152,3,109.413017,-7.426611,2024-08-16,4
72153,3,109.41347,-7.426612,2024-08-16,4
72155,3,109.294805,-7.42572,2024-08-16,4
72156,3,109.295258,-7.425722,2024-08-16,4
72157,3,109.295711,-7.425724,2024-08-16,4
72160,3,109.413018,-7.426158,2024-08-16,4
75033,3,109.449044,-7.595973,2024-08-16,4
75036,3,109.449018,-7.595938,2024-08-16,4
75037,3,109.449141,-7.595946,2024-08-16,4
75043,3,109.449021,-7.595877,2024-08-16,4
75044,3,109.448649,-7.595892,2024-08-16,4
75045,3,109.448519,-7.595919,2024-08-16,4
75046,3,109.449278,-7.595859,2024-08-16,4
75048,3,109.448921,-7.595837,2024-08-16,4
75049,3,109.449894,-7.595872,2024-08-16,4
75050,3,109.449178,-7.595904,2024-08-16,4
75051,3,109.449586,-7.59593,2024-08-16,4
75052,3,109.449273,-7.595788,2024-08-16,4
75053,3,109.448925,-7.595766,2024-08-16,4
75054,3,109.44913,-7.595792,2024-08-16,4
75055,3,109.449272,-7.595727,2024-08-16,4
75056,3,109.448738,-7.595764,2024-08-16,4
75057,3,109.448777,-7.59586,2024-08-16,4
75058,3,109.448454,-7.59573,2024-08-16,4
75059,3,109.448526,-7.595733,2024-08-16,4
75060,3,109.449277,-7.595678,2024-08-16,4
75061,3,109.44959,-7.595826,2024-08-16,4
75062,3,109.449074,-7.595687,2024-08-16,4
75063,3,109.449963,-7.595739,2024-08-16,4
75064,3,109.448922,-7.595662,2024-08-16,4
75065,3,109.449982,-7.595651,2024-08-16,4
75066,3,109.449063,-7.595634,2024-08-16,4
75067,3,109.449591,-7.595739,2024-08-16,4
75068,3,109.449269,-7.595638,2024-08-16,4
75070,3,109.44874,-7.595672,2024-08-16,4
75072,3,109.44867,-7.595554,2024-08-16,4
75073,3,109.44892,-7.5956,2024-08-16,4
75074,3,109.448575,-7.595593,2024-08-16,4
75075,3,109.44848,-7.595601,2024-08-16,4
75077,3,109.449595,-7.595654,2024-08-16,4
75079,3,109.449054,-7.59557,2024-08-16,4
75080,3,109.448365,-7.595649,2024-08-16,4
75082,3,109.448816,-7.595611,2024-08-16,4
75085,3,109.449611,-7.595543,2024-08-16,4
75087,3,109.448807,-7.595479,2024-08-16,4
75090,3,109.449965,-7.595477,2024-08-16,4
75091,3,109.449562,-7.595468,2024-08-16,4
75092,3,109.448642,-7.595469,2024-08-16,4
75093,3,109.448456,-7.595463,2024-08-16,4
75095,3,109.448671,-7.595389,2024-08-16,4
75096,3,109.449563,-7.595366,2024-08-16,4
75097,3,109.449182,-7.595513,2024-08-16,4
75098,3,109.448853,-7.595404,2024-08-16,4
75099,3,109.449576,-7.595251,2024-08-16,4
75100,3,109.449968,-7.595375,2024-08-16,4
75101,3,109.448866,-7.595313,2024-08-16,4
75102,3,109.449985,-7.595268,2024-08-16,4
75105,3,109.44918,-7.595359,2024-08-16,4
75112,3,109.4483,-7.595265,2024-08-16,4
75114,3,109.44837,-7.595319,2024-08-16,4
75115,3,109.449861,-7.595118,2024-08-16,4
75116,3,109.449184,-7.595233,2024-08-16,4
75117,3,109.449596,-7.595124,2024-08-16,4
75118,3,109.448642,-7.595081,2024-08-16,4
75120,3,109.449217,-7.595097,2024-08-16,4
75121,3,109.448916,-7.595048,2024-08-16,4
75122,3,109.448869,-7.595118,2024-08-16,4
75123,3,109.448848,-7.595207,2024-08-16,4
75124,3,109.449605,-7.595025,2024-08-16,4
75125,3,109.448548,-7.59511,2024-08-16,4
75126,3,109.448687,-7.595082,2024-08-16,4
75127,3,109.448661,-7.595264,2024-08-16,4
75128,3,109.448526,-7.595255,2024-08-16,4
75131,3,109.449905,-7.59505,2024-08-16,4
75132,3,109.448526,-7.595471,2024-08-16,4
75136,3,109.449996,-7.595039,2024-08-16,4
75137,3,109.448394,-7.595054,2024-08-16,4
75138,3,109.448314,-7.595002,2024-08-16,4
75139,3,109.448295,-7.594996,2024-08-16,4
75140,3,109.449204,-7.594989,2024-08-16,4
75141,3,109.449003,-7.594983,2024-08-16,4
75142,3,109.449602,-7.594934,2024-08-16,4
75143,3,109.449186,-7.594916,2024-08-16,4
75144,3,109.448767,-7.594898,2024-08-16,4
75145,3,109.448469,-7.594896,2024-08-16,4
75146,3,109.449085,-7.594796,2024-08-16,4
75147,3,109.449287,-7.594769,2024-08-16,4
75148,3,109.448868,-7.594894,2024-08-16,4
75149,3,109.449607,-7.594794,2024-08-16,4
75151,3,109.448916,-7.594727,2024-08-16,4
75152,3,109.448876,-7.594779,2024-08-16,4
75153,3,109.448491,-7.594841,2024-08-16,4
75154,3,109.448682,-7.594779,2024-08-16,4
75155,3,109.448642,-7.594835,2024-08-16,4
75156,3,109.448581,-7.594828,2024-08-16,4
75157,3,109.448311,-7.59481,2024-08-16,4
75158,3,109.448528,-7.594813,2024-08-16,4
75159,3,109.448427,-7.594676,2024-08-16,4
75160,3,109.448403,-7.594744,2024-08-16,4
75161,3,109.44838,-7.594852,2024-08-16,4
75162,3,109.449182,-7.594686,2024-08-16,4
75164,3,109.448347,-7.594628,2024-08-16,4
75165,3,109.448859,-7.59465,2024-08-16,4
75166,3,109.448373,-7.594616,2024-08-16,4
75168,3,109.448505,-7.594615,2024-08-16,4
75175,3,109.449967,-7.594715,2024-08-16,4
75176,3,109.449865,-7.594705,2024-08-16,4
75177,3,109.448442,-7.594596,2024-08-16,4
75178,3,109.449667,-7.594594,2024-08-16,4
75179,3,109.449481,-7.594595,2024-08-16,4
75180,3,109.448532,-7.59457,2024-08-16,4
75181,3,109.44921,-7.594555,2024-08-16,4
75182,3,109.448905,-7.594538,2024-08-16,4
75183,3,109.448595,-7.594603,2024-08-16,4
75184,3,109.44875,-7.594505,2024-08-16,4
75185,3,109.448678,-7.594566,2024-08-16,4
75186,3,109.448709,-7.594694,2024-08-16,4
75187,3,109.375327,-7.505047,2024-08-16,4
75188,3,109.375389,-7.505055,2024-08-16,4
75189,3,109.375076,-7.504923,2024-08-16,4
75190,3,109.375244,-7.504951,2024-08-16,4
75191,3,109.375403,-7.50495,2024-08-16,4
75192,3,109.37549,-7.504896,2024-08-16,4
75193,3,109.375106,-7.504791,2024-08-16,4
75194,3,109.375351,-7.504766,2024-08-16,4
75195,3,109.375532,-7.504739,2024-08-16,4
75196,3,109.374899,-7.50477,2024-08-16,4
75197,3,109.374465,-7.504643,2024-08-16,4
75198,3,109.375545,-7.504671,2024-08-16,4
75199,3,109.374539,-7.504648,2024-08-16,4
75200,3,109.37461,-7.504679,2024-08-16,4
75201,3,109.375335,-7.504664,2024-08-16,4
75202,3,109.375096,-7.50468,2024-08-16,4
75203,3,109.375559,-7.504607,2024-08-16,4
75204,3,109.375571,-7.504543,2024-08-16,4
75205,3,109.375316,-7.504545,2024-08-16,4
75206,3,109.374245,-7.504519,2024-08-16,4
75207,3,109.375583,-7.504477,2024-08-16,4
75208,3,109.375308,-7.504464,2024-08-16,4
75209,3,109.375075,-7.504539,2024-08-16,4
75210,3,109.374212,-7.504438,2024-08-16,4
75211,3,109.375603,-7.504412,2024-08-16,4
75212,3,109.37416,-7.504452,2024-08-16,4
75213,3,109.37531,-7.504397,2024-08-16,4
75214,3,109.375607,-7.504349,2024-08-16,4
75215,3,109.375321,-7.504315,2024-08-16,4
75216,3,109.375115,-7.504271,2024-08-16,4
75217,3,109.375628,-7.504283,2024-08-16,4
75218,3,109.375283,-7.504252,2024-08-16,4
75219,3,109.375124,-7.504202,2024-08-16,4
75220,3,109.375626,-7.504216,2024-08-16,4
75221,3,109.375272,-7.50419,2024-08-16,4
75222,3,109.375866,-7.504179,2024-08-16,4
75223,3,109.374228,-7.504286,2024-08-16,4
75224,3,109.375617,-7.504154,2024-08-16,4
75225,3,109.375051,-7.504403,2024-08-16,4
75226,3,109.375035,-7.504238,2024-08-16,4
75227,3,109.375083,-7.504118,2024-08-16,4
75228,3,109.375261,-7.504112,2024-08-16,4
75229,3,109.375881,-7.504103,2024-08-16,4
75230,3,109.3743,-7.504369,2024-08-16,4
75231,3,109.375537,-7.504089,2024-08-16,4
75232,3,109.37576,-7.504067,2024-08-16,4
75233,3,109.374383,-7.504312,2024-08-16,4
75234,3,109.375159,-7.504034,2024-08-16,4
75235,3,109.375897,-7.50401,2024-08-16,4
75236,3,109.375574,-7.503994,2024-08-16,4
75237,3,109.374355,-7.503971,2024-08-16,4
75238,3,109.375477,-7.503931,2024-08-16,4
75239,3,109.375714,-7.503922,2024-08-16,4
75240,3,109.37586,-7.503933,2024-08-16,4
75241,3,109.375268,-7.503977,2024-08-16,4
75242,3,109.375144,-7.50393,2024-08-16,4
75243,3,109.375092,-7.50397,2024-08-16,4
75244,3,109.37503,-7.503962,2024-08-16,4
75245,3,109.374967,-7.503972,2024-08-16,4
75246,3,109.374909,-7.503963,2024-08-16,4
75247,3,109.374387,-7.50395,2024-08-16,4
75248,3,109.374866,-7.504118,2024-08-16,4
75249,3,109.374776,-7.504128,2024-08-16,4
75250,3,109.374742,-7.504387,2024-08-16,4
75251,3,109.374628,-7.504333,2024-08-16,4
75252,3,109.374483,-7.504208,2024-08-16,4
75253,3,109.375908,-7.503821,2024-08-16,4
75254,3,109.375409,-7.503816,2024-08-16,4
75255,3,109.375762,-7.503737,2024-08-16,4
75256,3,109.375656,-7.503807,2024-08-16,4
75257,3,109.375708,-7.503708,2024-08-16,4
75258,3,109.375517,-7.503764,2024-08-16,4
75259,3,109.374502,-7.503704,2024-08-16,4
75260,3,109.37516,-7.50375,2024-08-16,4
75261,3,109.374731,-7.503675,2024-08-16,4
75262,3,109.375269,-7.50371,2024-08-16,4
75263,3,109.375386,-7.503645,2024-08-16,4
75264,3,109.375246,-7.503515,2024-08-16,4
75265,3,109.375101,-7.503623,2024-08-16,4
75266,3,109.37499,-7.503606,2024-08-16,4
75267,3,109.37488,-7.503589,2024-08-16,4
75268,3,109.374821,-7.503452,2024-08-16,4
75269,3,109.374673,-7.503531,2024-08-16,4
75270,3,109.374631,-7.503428,2024-08-16,4
75271,3,109.35245,-7.436383,2024-08-16,4
75272,3,109.352454,-7.436327,2024-08-16,4
75273,3,109.352437,-7.436269,2024-08-16,4
75274,3,109.352789,-7.436253,2024-08-16,4
75275,3,109.352861,-7.436226,2024-08-16,4
75276,3,109.352573,-7.436268,2024-08-16,4
75277,3,109.353041,-7.436154,2024-08-16,4
75278,3,109.352952,-7.43617,2024-08-16,4
75279,3,109.352863,-7.436176,2024-08-16,4
75280,3,109.352786,-7.436185,2024-08-16,4
75281,3,109.352659,-7.436218,2024-08-16,4
75282,3,109.352415,-7.436177,2024-08-16,4
75283,3,109.352275,-7.436132,2024-08-16,4
75284,3,109.352829,-7.436113,2024-08-16,4
75285,3,109.352635,-7.43612,2024-08-16,4
75286,3,109.352596,-7.436015,2024-08-16,4
75287,3,109.352336,-7.436007,2024-08-16,4
75288,3,109.3522,-7.435956,2024-08-16,4
75289,3,109.352819,-7.436008,2024-08-16,4
75290,3,109.352979,-7.436022,2024-08-16,4
75291,3,109.353164,-7.436005,2024-08-16,4
75292,3,109.353379,-7.435934,2024-08-16,4
75293,3,109.353602,-7.435875,2024-08-16,4
75294,3,109.353768,-7.435827,2024-08-16,4
75295,3,109.353225,-7.435853,2024-08-16,4
75296,3,109.352204,-7.435836,2024-08-16,4
75297,3,109.352383,-7.43584,2024-08-16,4
75298,3,109.352568,-7.43584,2024-08-16,4
75299,3,109.352838,-7.435837,2024-08-16,4
75300,3,109.353552,-7.435808,2024-08-16,4
75301,3,109.353747,-7.435781,2024-08-16,4
75302,3,109.353155,-7.435751,2024-08-16,4
75303,3,109.35214,-7.435693,2024-08-16,4
75304,3,109.352352,-7.435696,2024-08-16,4
75305,3,109.352596,-7.435693,2024-08-16,4
75306,3,109.353457,-7.435712,2024-08-16,4
75307,3,109.35286,-7.435691,2024-08-16,4
75308,3,109.353184,-7.435637,2024-08-16,4
75309,3,109.35199,-7.435548,2024-08-16,4
75310,3,109.35212,-7.435583,2024-08-16,4
75311,3,109.352357,-7.435581,2024-08-16,4
75312,3,109.352595,-7.435577,2024-08-16,4
75313,3,109.352854,-7.435574,2024-08-16,4
75314,3,109.353674,-7.435646,2024-08-16,4
75315,3,109.351974,-7.435484,2024-08-16,4
75316,3,109.353133,-7.435536,2024-08-16,4
75317,3,109.35211,-7.435493,2024-08-16,4
75318,3,109.352354,-7.435489,2024-08-16,4
75319,3,109.352594,-7.435485,2024-08-16,4
75320,3,109.352849,-7.435481,2024-08-16,4
75321,3,109.353432,-7.435536,2024-08-16,4
75322,3,109.35195,-7.435406,2024-08-16,4
75323,3,109.352103,-7.435408,2024-08-16,4
75324,3,109.352322,-7.435406,2024-08-16,4
75325,3,109.35259,-7.435403,2024-08-16,4
75326,3,109.352871,-7.435398,2024-08-16,4
75327,3,109.353115,-7.435403,2024-08-16,4
75328,3,109.351934,-7.435337,2024-08-16,4
75329,3,109.352103,-7.435335,2024-08-16,4
75330,3,109.352367,-7.435328,2024-08-16,4
75331,3,109.353409,-7.435367,2024-08-16,4
75332,3,109.353609,-7.435438,2024-08-16,4
75333,3,109.352633,-7.435321,2024-08-16,4
75334,3,109.352867,-7.435314,2024-08-16,4
75335,3,109.353097,-7.435301,2024-08-16,4
75336,3,109.353378,-7.435277,2024-08-16,4
75337,3,109.352185,-7.43527,2024-08-16,4
75338,3,109.35204,-7.435271,2024-08-16,4
75339,3,109.351916,-7.43525,2024-08-16,4
75340,3,109.352039,-7.435217,2024-08-16,4
75341,3,109.352182,-7.435218,2024-08-16,4
75342,3,109.35239,-7.435235,2024-08-16,4
75343,3,109.352638,-7.435226,2024-08-16,4
75344,3,109.352926,-7.435215,2024-08-16,4
75345,3,109.353224,-7.435203,2024-08-16,4
75346,3,109.353441,-7.435197,2024-08-16,4
75347,3,109.3518,-7.435128,2024-08-16,4
75348,3,109.351925,-7.435149,2024-08-16,4
75349,3,109.35214,-7.435142,2024-08-16,4
75350,3,109.352365,-7.435135,2024-08-16,4
75351,3,109.352617,-7.435126,2024-08-16,4
75352,3,109.352882,-7.435116,2024-08-16,4
75353,3,109.353148,-7.435107,2024-08-16,4
75354,3,109.353375,-7.4351,2024-08-16,4
75355,3,109.351782,-7.435055,2024-08-16,4
75356,3,109.351921,-7.435056,2024-08-16,4
75357,3,109.352135,-7.43505,2024-08-16,4
75358,3,109.352359,-7.435043,2024-08-16,4
75359,3,109.352612,-7.435034,2024-08-16,4
75360,3,109.352878,-7.435025,2024-08-16,4
75361,3,109.353143,-7.435017,2024-08-16,4
75362,3,109.353351,-7.435012,2024-08-16,4
75363,3,109.351756,-7.434954,2024-08-16,4
75364,3,109.351919,-7.434954,2024-08-16,4
75365,3,109.352131,-7.434948,2024-08-16,4
75366,3,109.352352,-7.434941,2024-08-16,4
75367,3,109.352605,-7.434933,2024-08-16,4
75368,3,109.352872,-7.434925,2024-08-16,4
75369,3,109.353137,-7.434917,2024-08-16,4
75370,3,109.353324,-7.434915,2024-08-16,4
75371,3,109.351949,-7.434835,2024-08-16,4
75372,3,109.352346,-7.434823,2024-08-16,4
75373,3,109.352599,-7.434816,2024-08-16,4
75374,3,109.352888,-7.434809,2024-08-16,4
75375,3,109.353184,-7.434803,2024-08-16,4
75376,3,109.351983,-7.434725,2024-08-16,4
75377,3,109.352207,-7.434702,2024-08-16,4
75378,3,109.352421,-7.434697,2024-08-16,4
75379,3,109.352628,-7.434692,2024-08-16,4
75380,3,109.352083,-7.434635,2024-08-16,4
75381,3,109.352867,-7.434688,2024-08-16,4
75382,3,109.353134,-7.434684,2024-08-16,4
75383,3,109.35223,-7.434601,2024-08-16,4
75384,3,109.352417,-7.434587,2024-08-16,4
75385,3,109.352625,-7.434582,2024-08-16,4
75386,3,109.352863,-7.434578,2024-08-16,4
75387,3,109.353106,-7.434576,2024-08-16,4
75388,3,109.352418,-7.434509,2024-08-16,4
75389,3,109.352601,-7.434475,2024-08-16,4
75390,3,109.352836,-7.434469,2024-08-16,4
75391,3,109.353069,-7.434471,2024-08-16,4
75392,3,109.352652,-7.434387,2024-08-16,4
75393,3,109.352907,-7.434374,2024-08-16,4
75394,3,109.352809,-7.434319,2024-08-16,4
75395,3,109.352978,-7.434286,2024-08-16,4
75396,3,109.295259,-7.427132,2024-08-16,4
75397,3,109.29507,-7.427128,2024-08-16,4
75398,3,109.295743,-7.427117,2024-08-16,4
75399,3,109.295684,-7.427116,2024-08-16,4
75400,3,109.295569,-7.427112,2024-08-16,4
75401,3,109.295428,-7.427107,2024-08-16,4
75402,3,109.413762,-7.427054,2024-08-16,4
75403,3,109.295332,-7.427104,2024-08-16,4
75404,3,109.294828,-7.427104,2024-08-16,4
75405,3,109.294631,-7.427098,2024-08-16,4
75406,3,109.295111,-7.427049,2024-08-16,4
75407,3,109.413758,-7.427022,2024-08-16,4
75408,3,109.41385,-7.427021,2024-08-16,4
75409,3,109.413775,-7.42699,2024-08-16,4
75410,3,109.295794,-7.427041,2024-08-16,4
75411,3,109.413574,-7.426992,2024-08-16,4
75412,3,109.29563,-7.427001,2024-08-16,4
75413,3,109.295417,-7.426991,2024-08-16,4
75414,3,109.413446,-7.426966,2024-08-16,4
75415,3,109.295142,-7.426975,2024-08-16,4
75416,3,109.413804,-7.426958,2024-08-16,4
75417,3,109.413341,-7.426947,2024-08-16,4
75418,3,109.413269,-7.426937,2024-08-16,4
75419,3,109.413661,-7.42696,2024-08-16,4
75420,3,109.29579,-7.426928,2024-08-16,4
75421,3,109.29472,-7.426957,2024-08-16,4
75422,3,109.413198,-7.426923,2024-08-16,4
75424,3,109.413616,-7.426937,2024-08-16,4
75425,3,109.413128,-7.426912,2024-08-16,4
75426,3,109.295625,-7.426918,2024-08-16,4
75427,3,109.413605,-7.426897,2024-08-16,4
75428,3,109.413832,-7.426914,2024-08-16,4
75430,3,109.41306,-7.4269,2024-08-16,4
75431,3,109.295371,-7.426905,2024-08-16,4
75433,3,109.295142,-7.426894,2024-08-16,4
75434,3,109.413545,-7.426929,2024-08-16,4
75435,3,109.413863,-7.426867,2024-08-16,4
75436,3,109.413736,-7.426877,2024-08-16,4
75438,3,109.413672,-7.426861,2024-08-16,4
75439,3,109.413511,-7.42689,2024-08-16,4
75440,3,109.41364,-7.426847,2024-08-16,4
75441,3,109.413588,-7.426882,2024-08-16,4
75443,3,109.413401,-7.42687,2024-08-16,4
75446,3,109.413276,-7.42685,2024-08-16,4
75447,3,109.413886,-7.426822,2024-08-16,4
75448,3,109.295794,-7.426839,2024-08-16,4
75449,3,109.295365,-7.426831,2024-08-16,4
75450,3,109.295148,-7.426817,2024-08-16,4
75451,3,109.413798,-7.426818,2024-08-16,4
75452,3,109.413729,-7.426801,2024-08-16,4
75455,3,109.41368,-7.426786,2024-08-16,4
75456,3,109.413623,-7.426783,2024-08-16,4
75457,3,109.413571,-7.426797,2024-08-16,4
75459,3,109.295621,-7.426818,2024-08-16,4
75460,3,109.413747,-7.426751,2024-08-16,4
75462,3,109.294711,-7.426818,2024-08-16,4
75464,3,109.294958,-7.426824,2024-08-16,4
75465,3,109.295437,-7.426763,2024-08-16,4
75467,3,109.413437,-7.42677,2024-08-16,4
75468,3,109.295814,-7.426756,2024-08-16,4
75469,3,109.413863,-7.426752,2024-08-16,4
75470,3,109.413036,-7.426799,2024-08-16,4
75471,3,109.295327,-7.426747,2024-08-16,4
75474,3,109.295766,-7.426733,2024-08-16,4
75475,3,109.412937,-7.426797,2024-08-16,4
75476,3,109.413255,-7.426736,2024-08-16,4
75477,3,109.413839,-7.426698,2024-08-16,4
75479,3,109.295145,-7.426728,2024-08-16,4
75480,3,109.413771,-7.426703,2024-08-16,4
75481,3,109.413147,-7.426777,2024-08-16,4
75482,3,109.412827,-7.426771,2024-08-16,4
75484,3,109.413731,-7.426704,2024-08-16,4
75486,3,109.413693,-7.426692,2024-08-16,4
75488,3,109.295529,-7.426695,2024-08-16,4
75489,3,109.413644,-7.426689,2024-08-16,4
75492,3,109.413588,-7.426683,2024-08-16,4
75494,3,109.295015,-7.42665,2024-08-16,4
75495,3,109.294753,-7.42666,2024-08-16,4
75496,3,109.413449,-7.426657,2024-08-16,4
75497,3,109.41329,-7.426622,2024-08-16,4
75498,3,109.294747,-7.426564,2024-08-16,4
75500,3,109.413181,-7.426596,2024-08-16,4
75505,3,109.295166,-7.426611,2024-08-16,4
75509,3,109.413069,-7.426606,2024-08-16,4
75516,3,109.412974,-7.42659,2024-08-16,4
75523,3,109.412909,-7.426559,2024-08-16,4
75525,3,109.412826,-7.426549,2024-08-16,4
75527,3,109.412836,-7.426433,2024-08-16,4
75531,3,109.294905,-7.426488,2024-08-16,4
75536,3,109.294658,-7.426463,2024-08-16,4
75539,3,109.295412,-7.426552,2024-08-16,4
75543,3,109.412608,-7.426631,2024-08-16,4
75550,3,109.413307,-7.42645,2024-08-16,4
75554,3,109.413207,-7.426433,2024-08-16,4
75555,3,109.413087,-7.426404,2024-08-16,4
75556,3,109.295782,-7.426425,2024-08-16,4
75557,3,109.412991,-7.426396,2024-08-16,4
75558,3,109.412927,-7.42638,2024-08-16,4
75559,3,109.295679,-7.426405,2024-08-16,4
75564,3,109.294769,-7.426351,2024-08-16,4
75567,3,109.294562,-7.426311,2024-08-16,4
75568,3,109.412592,-7.426315,2024-08-16,4
75576,3,109.295551,-7.426336,2024-08-16,4
75590,3,109.295366,-7.42629,2024-08-16,4
75591,3,109.29502,-7.426234,2024-08-16,4
75594,3,109.295091,-7.426243,2024-08-16,4
75597,3,109.413303,-7.426253,2024-08-16,4
75598,3,109.294934,-7.426216,2024-08-16,4
75600,3,109.294847,-7.426192,2024-08-16,4
75604,3,109.413179,-7.426236,2024-08-16,4
75612,3,109.295745,-7.426219,2024-08-16,4
75616,3,109.294685,-7.426183,2024-08-16,4
75628,3,109.41311,-7.426201,2024-08-16,4
75629,3,109.413328,-7.42612,2024-08-16,4
75631,3,109.413202,-7.426107,2024-08-16,4
75632,3,109.413029,-7.426187,2024-08-16,4
75635,3,109.41308,-7.426066,2024-08-16,4
75637,3,109.295404,-7.426128,2024-08-16,4
75638,3,109.295214,-7.426185,2024-08-16,4
75639,3,109.295144,-7.426088,2024-08-16,4
75642,3,109.295072,-7.426086,2024-08-16,4
75644,3,109.29481,-7.42608,2024-08-16,4
75645,3,109.294981,-7.42607,2024-08-16,4
75650,3,109.295627,-7.426103,2024-08-16,4
75651,3,109.294653,-7.426052,2024-08-16,4
75652,3,109.295451,-7.426029,2024-08-16,4
75654,3,109.29577,-7.426048,2024-08-16,4
75655,3,109.294567,-7.426015,2024-08-16,4
75656,3,109.295813,-7.425956,2024-08-16,4
75658,3,109.295284,-7.425973,2024-08-16,4
75659,3,109.295617,-7.425969,2024-08-16,4
75660,3,109.29519,-7.425954,2024-08-16,4
75661,3,109.295122,-7.425948,2024-08-16,4
75662,3,109.295026,-7.425928,2024-08-16,4
75663,3,109.29492,-7.425931,2024-08-16,4
75664,3,109.294836,-7.425913,2024-08-16,4
75665,3,109.295491,-7.425905,2024-08-16,4
75666,3,109.294707,-7.425888,2024-08-16,4
75667,3,109.295695,-7.425902,2024-08-16,4
75668,3,109.295325,-7.425859,2024-08-16,4
75669,3,109.295229,-7.425842,2024-08-16,4
75670,3,109.294586,-7.425854,2024-08-16,4
75671,3,109.295163,-7.42583,2024-08-16,4
75672,3,109.295066,-7.425807,2024-08-16,4
75673,3,109.294965,-7.425786,2024-08-16,4
75674,3,109.294879,-7.425773,2024-08-16,4
75675,3,109.294744,-7.425756,2024-08-16,4
75676,3,109.295734,-7.425807,2024-08-16,4
75677,3,109.294601,-7.425734,2024-08-16,4
75678,3,109.295528,-7.425771,2024-08-16,4
75679,3,109.295269,-7.425727,2024-08-16,4
75680,3,109.295366,-7.425731,2024-08-16,4
75681,3,109.295205,-7.425711,2024-08-16,4
75682,3,109.295758,-7.425702,2024-08-16,4
75683,3,109.295579,-7.425688,2024-08-16,4
75684,3,109.2954,-7.425653,2024-08-16,4
75685,3,109.295297,-7.425654,2024-08-16,4
75686,3,109.295234,-7.425645,2024-08-16,4
75687,3,109.295109,-7.425689,2024-08-16,4
75688,3,109.294998,-7.425677,2024-08-16,4
75689,3,109.29491,-7.425672,2024-08-16,4
75690,3,109.294768,-7.425665,2024-08-16,4
75691,3,109.294614,-7.425657,2024-08-16,4
71579,3,109.413472,-7.426417,2024-08-16,5
72154,3,109.413922,-7.426614,2024-08-16,5
72161,3,109.413471,-7.42616,2024-08-16,5
72162,3,109.413924,-7.426162,2024-08-16,5
75483,3,109.41385,-7.426666,2024-08-16,5
75491,3,109.413858,-7.426641,2024-08-16,5
75493,3,109.413833,-7.426609,2024-08-16,5
75499,3,109.413559,-7.426565,2024-08-16,5
75501,3,109.413941,-7.426561,2024-08-16,5
75502,3,109.41352,-7.426558,2024-08-16,5
75503,3,109.413478,-7.42655,2024-08-16,5
75504,3,109.41391,-7.426553,2024-08-16,5
75506,3,109.413869,-7.426547,2024-08-16,5
75507,3,109.413438,-7.426539,2024-08-16,5
75508,3,109.413398,-7.426532,2024-08-16,5
75510,3,109.413828,-7.426541,2024-08-16,5
75512,3,109.413357,-7.426526,2024-08-16,5
75513,3,109.413789,-7.426536,2024-08-16,5
75515,3,109.413745,-7.426551,2024-08-16,5
75517,3,109.413705,-7.426553,2024-08-16,5
75519,3,109.413677,-7.426547,2024-08-16,5
75520,3,109.413648,-7.426544,2024-08-16,5
75521,3,109.413604,-7.426563,2024-08-16,5
75529,3,109.41392,-7.426456,2024-08-16,5
75530,3,109.413888,-7.426451,2024-08-16,5
75532,3,109.413847,-7.426446,2024-08-16,5
75533,3,109.413808,-7.426439,2024-08-16,5
75535,3,109.413769,-7.426434,2024-08-16,5
75537,3,109.413728,-7.426427,2024-08-16,5
75538,3,109.413699,-7.426423,2024-08-16,5
75541,3,109.41367,-7.426419,2024-08-16,5
75542,3,109.413622,-7.426443,2024-08-16,5
75544,3,109.413582,-7.426441,2024-08-16,5
75546,3,109.413541,-7.426436,2024-08-16,5
75547,3,109.413947,-7.426436,2024-08-16,5
75548,3,109.4135,-7.42643,2024-08-16,5
75551,3,109.413459,-7.426422,2024-08-16,5
75552,3,109.413419,-7.426417,2024-08-16,5
75553,3,109.413377,-7.426413,2024-08-16,5
75560,3,109.413953,-7.426334,2024-08-16,5
75561,3,109.41391,-7.426337,2024-08-16,5
75562,3,109.413869,-7.426331,2024-08-16,5
75563,3,109.41383,-7.426324,2024-08-16,5
75565,3,109.41379,-7.426319,2024-08-16,5
75566,3,109.41375,-7.426312,2024-08-16,5
75569,3,109.413721,-7.426303,2024-08-16,5
75570,3,109.413692,-7.426299,2024-08-16,5
75571,3,109.413651,-7.426294,2024-08-16,5
75572,3,109.41361,-7.426287,2024-08-16,5
75574,3,109.41398,-7.42637,2024-08-16,5
75575,3,109.413569,-7.426281,2024-08-16,5
75580,3,109.413975,-7.426238,2024-08-16,5
75581,3,109.413528,-7.426276,2024-08-16,5
75582,3,109.413487,-7.42627,2024-08-16,5
75583,3,109.41393,-7.426231,2024-08-16,5
75585,3,109.413446,-7.426264,2024-08-16,5
75586,3,109.41389,-7.426224,2024-08-16,5
75587,3,109.413404,-7.426259,2024-08-16,5
75589,3,109.41385,-7.426216,2024-08-16,5
75592,3,109.413811,-7.42621,2024-08-16,5
75595,3,109.41377,-7.426202,2024-08-16,5
75596,3,109.413741,-7.426193,2024-08-16,5
75599,3,109.413712,-7.426188,2024-08-16,5
75602,3,109.413672,-7.426182,2024-08-16,5
75603,3,109.41402,-7.426173,2024-08-16,5
75605,3,109.413987,-7.426171,2024-08-16,5
75606,3,109.413944,-7.426164,2024-08-16,5
75607,3,109.41363,-7.426175,2024-08-16,5
75608,3,109.413903,-7.426159,2024-08-16,5
75609,3,109.413863,-7.426153,2024-08-16,5
75610,3,109.413589,-7.426167,2024-08-16,5
75611,3,109.413823,-7.426147,2024-08-16,5
75613,3,109.413782,-7.426141,2024-08-16,5
75614,3,109.413549,-7.42616,2024-08-16,5
75615,3,109.413751,-7.426137,2024-08-16,5
75617,3,109.413722,-7.426134,2024-08-16,5
75618,3,109.413682,-7.426129,2024-08-16,5
75619,3,109.41364,-7.426123,2024-08-16,5
75620,3,109.413598,-7.426117,2024-08-16,5
75621,3,109.413558,-7.426112,2024-08-16,5
75622,3,109.41351,-7.426145,2024-08-16,5
75623,3,109.413469,-7.42614,2024-08-16,5
75624,3,109.413427,-7.426135,2024-08-16,5
119828,4,109.411086,-7.444706,2024-08-28,3
76105,3,109.295694,-7.426111,2024-08-28,4
76106,3,109.352639,-7.434611,2024-08-28,4
76109,3,109.413361,-7.426667,2024-08-28,4
76110,3,109.375167,-7.504139,2024-08-28,4
76115,3,109.449389,-7.595722,2024-08-28,4
76629,3,109.448652,-7.595832,2024-08-28,4
76630,3,109.449105,-7.595834,2024-08-28,4
76631,3,109.449559,-7.595835,2024-08-28,4
76634,3,109.448654,-7.59538,2024-08-28,4
76635,3,109.449107,-7.595381,2024-08-28,4
76636,3,109.44956,-7.595383,2024-08-28,4
76639,3,109.448656,-7.594928,2024-08-28,4
76640,3,109.449109,-7.594929,2024-08-28,4
76641,3,109.449562,-7.594931,2024-08-28,4
76644,3,109.448657,-7.594476,2024-08-28,4
76645,3,109.44911,-7.594477,2024-08-28,4
76646,3,109.374681,-7.504687,2024-08-28,4
76647,3,109.375134,-7.504689,2024-08-28,4
76648,3,109.375587,-7.504691,2024-08-28,4
76649,3,109.37423,-7.504233,2024-08-28,4
76650,3,109.374683,-7.504235,2024-08-28,4
76651,3,109.375136,-7.504237,2024-08-28,4
76652,3,109.375589,-7.504238,2024-08-28,4
76653,3,109.374685,-7.503783,2024-08-28,4
76654,3,109.375138,-7.503785,2024-08-28,4
76655,3,109.375591,-7.503786,2024-08-28,4
76656,3,109.374686,-7.503331,2024-08-28,4
76657,3,109.352288,-7.435884,2024-08-28,4
76658,3,109.352741,-7.435885,2024-08-28,4
76659,3,109.353194,-7.435887,2024-08-28,4
76660,3,109.353647,-7.435889,2024-08-28,4
76661,3,109.35229,-7.435431,2024-08-28,4
76662,3,109.352743,-7.435433,2024-08-28,4
76663,3,109.353196,-7.435435,2024-08-28,4
76664,3,109.351839,-7.434978,2024-08-28,4
76665,3,109.352292,-7.434979,2024-08-28,4
76666,3,109.352745,-7.434981,2024-08-28,4
76667,3,109.353198,-7.434983,2024-08-28,4
76668,3,109.352746,-7.434529,2024-08-28,4
76669,3,109.2948,-7.427076,2024-08-28,4
76670,3,109.295253,-7.427078,2024-08-28,4
76671,3,109.295706,-7.42708,2024-08-28,4
76672,3,109.294801,-7.426624,2024-08-28,4
76673,3,109.295254,-7.426626,2024-08-28,4
76674,3,109.295707,-7.426628,2024-08-28,4
76675,3,109.294803,-7.426172,2024-08-28,4
76676,3,109.295256,-7.426174,2024-08-28,4
76677,3,109.295709,-7.426176,2024-08-28,4
76680,3,109.412564,-7.426609,2024-08-28,4
76681,3,109.413017,-7.426611,2024-08-28,4
76682,3,109.41347,-7.426612,2024-08-28,4
76684,3,109.294805,-7.42572,2024-08-28,4
76685,3,109.295258,-7.425722,2024-08-28,4
76686,3,109.295711,-7.425724,2024-08-28,4
76689,3,109.413018,-7.426158,2024-08-28,4
79562,3,109.449044,-7.595973,2024-08-28,4
79565,3,109.449018,-7.595938,2024-08-28,4
79566,3,109.449141,-7.595946,2024-08-28,4
79572,3,109.449021,-7.595877,2024-08-28,4
79573,3,109.448649,-7.595892,2024-08-28,4
79574,3,109.448519,-7.595919,2024-08-28,4
79575,3,109.449278,-7.595859,2024-08-28,4
79577,3,109.448921,-7.595837,2024-08-28,4
79578,3,109.449894,-7.595872,2024-08-28,4
79579,3,109.449178,-7.595904,2024-08-28,4
79580,3,109.449586,-7.59593,2024-08-28,4
79581,3,109.449273,-7.595788,2024-08-28,4
79582,3,109.448925,-7.595766,2024-08-28,4
79583,3,109.44913,-7.595792,2024-08-28,4
79584,3,109.449272,-7.595727,2024-08-28,4
79585,3,109.448738,-7.595764,2024-08-28,4
79586,3,109.448777,-7.59586,2024-08-28,4
79587,3,109.448454,-7.59573,2024-08-28,4
79588,3,109.448526,-7.595733,2024-08-28,4
79589,3,109.449277,-7.595678,2024-08-28,4
79590,3,109.44959,-7.595826,2024-08-28,4
79591,3,109.449074,-7.595687,2024-08-28,4
79592,3,109.449963,-7.595739,2024-08-28,4
79593,3,109.448922,-7.595662,2024-08-28,4
79594,3,109.449982,-7.595651,2024-08-28,4
79595,3,109.449063,-7.595634,2024-08-28,4
79596,3,109.449591,-7.595739,2024-08-28,4
79597,3,109.449269,-7.595638,2024-08-28,4
79599,3,109.44874,-7.595672,2024-08-28,4
79601,3,109.44867,-7.595554,2024-08-28,4
79602,3,109.44892,-7.5956,2024-08-28,4
79603,3,109.448575,-7.595593,2024-08-28,4
79604,3,109.44848,-7.595601,2024-08-28,4
79606,3,109.449595,-7.595654,2024-08-28,4
79608,3,109.449054,-7.59557,2024-08-28,4
79609,3,109.448365,-7.595649,2024-08-28,4
79611,3,109.448816,-7.595611,2024-08-28,4
79614,3,109.449611,-7.595543,2024-08-28,4
79616,3,109.448807,-7.595479,2024-08-28,4
79619,3,109.449965,-7.595477,2024-08-28,4
79620,3,109.449562,-7.595468,2024-08-28,4
79621,3,109.448642,-7.595469,2024-08-28,4
79622,3,109.448456,-7.595463,2024-08-28,4
79624,3,109.448671,-7.595389,2024-08-28,4
79625,3,109.449563,-7.595366,2024-08-28,4
79626,3,109.449182,-7.595513,2024-08-28,4
79627,3,109.448853,-7.595404,2024-08-28,4
79628,3,109.449576,-7.595251,2024-08-28,4
79629,3,109.449968,-7.595375,2024-08-28,4
79630,3,109.448866,-7.595313,2024-08-28,4
79631,3,109.449985,-7.595268,2024-08-28,4
79634,3,109.44918,-7.595359,2024-08-28,4
79641,3,109.4483,-7.595265,2024-08-28,4
79643,3,109.44837,-7.595319,2024-08-28,4
79644,3,109.449861,-7.595118,2024-08-28,4
79645,3,109.449184,-7.595233,2024-08-28,4
79646,3,109.449596,-7.595124,2024-08-28,4
79647,3,109.448642,-7.595081,2024-08-28,4
79649,3,109.449217,-7.595097,2024-08-28,4
79650,3,109.448916,-7.595048,2024-08-28,4
79651,3,109.448869,-7.595118,2024-08-28,4
79652,3,109.448848,-7.595207,2024-08-28,4
79653,3,109.449605,-7.595025,2024-08-28,4
79654,3,109.448548,-7.59511,2024-08-28,4
79655,3,109.448687,-7.595082,2024-08-28,4
79656,3,109.448661,-7.595264,2024-08-28,4
79657,3,109.448526,-7.595255,2024-08-28,4
79660,3,109.449905,-7.59505,2024-08-28,4
79661,3,109.448526,-7.595471,2024-08-28,4
79665,3,109.449996,-7.595039,2024-08-28,4
79666,3,109.448394,-7.595054,2024-08-28,4
79667,3,109.448314,-7.595002,2024-08-28,4
79668,3,109.448295,-7.594996,2024-08-28,4
79669,3,109.449204,-7.594989,2024-08-28,4
79670,3,109.449003,-7.594983,2024-08-28,4
79671,3,109.449602,-7.594934,2024-08-28,4
79672,3,109.449186,-7.594916,2024-08-28,4
79673,3,109.448767,-7.594898,2024-08-28,4
79674,3,109.448469,-7.594896,2024-08-28,4
79675,3,109.449085,-7.594796,2024-08-28,4
79676,3,109.449287,-7.594769,2024-08-28,4
79677,3,109.448868,-7.594894,2024-08-28,4
79678,3,109.449607,-7.594794,2024-08-28,4
79680,3,109.448916,-7.594727,2024-08-28,4
79681,3,109.448876,-7.594779,2024-08-28,4
79682,3,109.448491,-7.594841,2024-08-28,4
79683,3,109.448682,-7.594779,2024-08-28,4
79684,3,109.448642,-7.594835,2024-08-28,4
79685,3,109.448581,-7.594828,2024-08-28,4
79686,3,109.448311,-7.59481,2024-08-28,4
79687,3,109.448528,-7.594813,2024-08-28,4
79688,3,109.448427,-7.594676,2024-08-28,4
79689,3,109.448403,-7.594744,2024-08-28,4
79690,3,109.44838,-7.594852,2024-08-28,4
79691,3,109.449182,-7.594686,2024-08-28,4
79693,3,109.448347,-7.594628,2024-08-28,4
79694,3,109.448859,-7.59465,2024-08-28,4
79695,3,109.448373,-7.594616,2024-08-28,4
79697,3,109.448505,-7.594615,2024-08-28,4
79704,3,109.449967,-7.594715,2024-08-28,4
79705,3,109.449865,-7.594705,2024-08-28,4
79706,3,109.448442,-7.594596,2024-08-28,4
79707,3,109.449667,-7.594594,2024-08-28,4
79708,3,109.449481,-7.594595,2024-08-28,4
79709,3,109.448532,-7.59457,2024-08-28,4
79710,3,109.44921,-7.594555,2024-08-28,4
79711,3,109.448905,-7.594538,2024-08-28,4
79712,3,109.448595,-7.594603,2024-08-28,4
79713,3,109.44875,-7.594505,2024-08-28,4
79714,3,109.448678,-7.594566,2024-08-28,4
79715,3,109.448709,-7.594694,2024-08-28,4
79716,3,109.375327,-7.505047,2024-08-28,4
79717,3,109.375389,-7.505055,2024-08-28,4
79718,3,109.375076,-7.504923,2024-08-28,4
79719,3,109.375244,-7.504951,2024-08-28,4
79720,3,109.375403,-7.50495,2024-08-28,4
79721,3,109.37549,-7.504896,2024-08-28,4
79722,3,109.375106,-7.504791,2024-08-28,4
79723,3,109.375351,-7.504766,2024-08-28,4
79724,3,109.375532,-7.504739,2024-08-28,4
79725,3,109.374899,-7.50477,2024-08-28,4
79726,3,109.374465,-7.504643,2024-08-28,4
79727,3,109.375545,-7.504671,2024-08-28,4
79728,3,109.374539,-7.504648,2024-08-28,4
79729,3,109.37461,-7.504679,2024-08-28,4
79730,3,109.375335,-7.504664,2024-08-28,4
79731,3,109.375096,-7.50468,2024-08-28,4
79732,3,109.375559,-7.504607,2024-08-28,4
79733,3,109.375571,-7.504543,2024-08-28,4
79734,3,109.375316,-7.504545,2024-08-28,4
79735,3,109.374245,-7.504519,2024-08-28,4
79736,3,109.375583,-7.504477,2024-08-28,4
79737,3,109.375308,-7.504464,2024-08-28,4
79738,3,109.375075,-7.504539,2024-08-28,4
79739,3,109.374212,-7.504438,2024-08-28,4
79740,3,109.375603,-7.504412,2024-08-28,4
79741,3,109.37416,-7.504452,2024-08-28,4
79742,3,109.37531,-7.504397,2024-08-28,4
79743,3,109.375607,-7.504349,2024-08-28,4
79744,3,109.375321,-7.504315,2024-08-28,4
79745,3,109.375115,-7.504271,2024-08-28,4
79746,3,109.375628,-7.504283,2024-08-28,4
79747,3,109.375283,-7.504252,2024-08-28,4
79748,3,109.375124,-7.504202,2024-08-28,4
79749,3,109.375626,-7.504216,2024-08-28,4
79750,3,109.375272,-7.50419,2024-08-28,4
79751,3,109.375866,-7.504179,2024-08-28,4
79752,3,109.374228,-7.504286,2024-08-28,4
79753,3,109.375617,-7.504154,2024-08-28,4
79754,3,109.375051,-7.504403,2024-08-28,4
79755,3,109.375035,-7.504238,2024-08-28,4
79756,3,109.375083,-7.504118,2024-08-28,4
79757,3,109.375261,-7.504112,2024-08-28,4
79758,3,109.375881,-7.504103,2024-08-28,4
79759,3,109.3743,-7.504369,2024-08-28,4
79760,3,109.375537,-7.504089,2024-08-28,4
79761,3,109.37576,-7.504067,2024-08-28,4
79762,3,109.374383,-7.504312,2024-08-28,4
79763,3,109.375159,-7.504034,2024-08-28,4
79764,3,109.375897,-7.50401,2024-08-28,4
79765,3,109.375574,-7.503994,2024-08-28,4
79766,3,109.374355,-7.503971,2024-08-28,4
79767,3,109.375477,-7.503931,2024-08-28,4
79768,3,109.375714,-7.503922,2024-08-28,4
79769,3,109.37586,-7.503933,2024-08-28,4
79770,3,109.375268,-7.503977,2024-08-28,4
79771,3,109.375144,-7.50393,2024-08-28,4
79772,3,109.375092,-7.50397,2024-08-28,4
79773,3,109.37503,-7.503962,2024-08-28,4
79774,3,109.374967,-7.503972,2024-08-28,4
79775,3,109.374909,-7.503963,2024-08-28,4
79776,3,109.374387,-7.50395,2024-08-28,4
79777,3,109.374866,-7.504118,2024-08-28,4
79778,3,109.374776,-7.504128,2024-08-28,4
79779,3,109.374742,-7.504387,2024-08-28,4
79780,3,109.374628,-7.504333,2024-08-28,4
79781,3,109.374483,-7.504208,2024-08-28,4
79782,3,109.375908,-7.503821,2024-08-28,4
79783,3,109.375409,-7.503816,2024-08-28,4
79784,3,109.375762,-7.503737,2024-08-28,4
79785,3,109.375656,-7.503807,2024-08-28,4
79786,3,109.375708,-7.503708,2024-08-28,4
79787,3,109.375517,-7.503764,2024-08-28,4
79788,3,109.374502,-7.503704,2024-08-28,4
79789,3,109.37516,-7.50375,2024-08-28,4
79790,3,109.374731,-7.503675,2024-08-28,4
79791,3,109.375269,-7.50371,2024-08-28,4
79792,3,109.375386,-7.503645,2024-08-28,4
79793,3,109.375246,-7.503515,2024-08-28,4
79794,3,109.375101,-7.503623,2024-08-28,4
79795,3,109.37499,-7.503606,2024-08-28,4
79796,3,109.37488,-7.503589,2024-08-28,4
79797,3,109.374821,-7.503452,2024-08-28,4
79798,3,109.374673,-7.503531,2024-08-28,4
79799,3,109.374631,-7.503428,2024-08-28,4
79800,3,109.35245,-7.436383,2024-08-28,4
79801,3,109.352454,-7.436327,2024-08-28,4
79802,3,109.352437,-7.436269,2024-08-28,4
79803,3,109.352789,-7.436253,2024-08-28,4
79804,3,109.352861,-7.436226,2024-08-28,4
79805,3,109.352573,-7.436268,2024-08-28,4
79806,3,109.353041,-7.436154,2024-08-28,4
79807,3,109.352952,-7.43617,2024-08-28,4
79808,3,109.352863,-7.436176,2024-08-28,4
79809,3,109.352786,-7.436185,2024-08-28,4
79810,3,109.352659,-7.436218,2024-08-28,4
79811,3,109.352415,-7.436177,2024-08-28,4
79812,3,109.352275,-7.436132,2024-08-28,4
79813,3,109.352829,-7.436113,2024-08-28,4
79814,3,109.352635,-7.43612,2024-08-28,4
79815,3,109.352596,-7.436015,2024-08-28,4
79816,3,109.352336,-7.436007,2024-08-28,4
79817,3,109.3522,-7.435956,2024-08-28,4
79818,3,109.352819,-7.436008,2024-08-28,4
79819,3,109.352979,-7.436022,2024-08-28,4
79820,3,109.353164,-7.436005,2024-08-28,4
79821,3,109.353379,-7.435934,2024-08-28,4
79822,3,109.353602,-7.435875,2024-08-28,4
79823,3,109.353768,-7.435827,2024-08-28,4
79824,3,109.353225,-7.435853,2024-08-28,4
79825,3,109.352204,-7.435836,2024-08-28,4
79826,3,109.352383,-7.43584,2024-08-28,4
79827,3,109.352568,-7.43584,2024-08-28,4
79828,3,109.352838,-7.435837,2024-08-28,4
79829,3,109.353552,-7.435808,2024-08-28,4
79830,3,109.353747,-7.435781,2024-08-28,4
79831,3,109.353155,-7.435751,2024-08-28,4
79832,3,109.35214,-7.435693,2024-08-28,4
79833,3,109.352352,-7.435696,2024-08-28,4
79834,3,109.352596,-7.435693,2024-08-28,4
79835,3,109.353457,-7.435712,2024-08-28,4
79836,3,109.35286,-7.435691,2024-08-28,4
79837,3,109.353184,-7.435637,2024-08-28,4
79838,3,109.35199,-7.435548,2024-08-28,4
79839,3,109.35212,-7.435583,2024-08-28,4
79840,3,109.352357,-7.435581,2024-08-28,4
79841,3,109.352595,-7.435577,2024-08-28,4
79842,3,109.352854,-7.435574,2024-08-28,4
79843,3,109.353674,-7.435646,2024-08-28,4
79844,3,109.351974,-7.435484,2024-08-28,4
79845,3,109.353133,-7.435536,2024-08-28,4
79846,3,109.35211,-7.435493,2024-08-28,4
79847,3,109.352354,-7.435489,2024-08-28,4
79848,3,109.352594,-7.435485,2024-08-28,4
79849,3,109.352849,-7.435481,2024-08-28,4
79850,3,109.353432,-7.435536,2024-08-28,4
79851,3,109.35195,-7.435406,2024-08-28,4
79852,3,109.352103,-7.435408,2024-08-28,4
79853,3,109.352322,-7.435406,2024-08-28,4
79854,3,109.35259,-7.435403,2024-08-28,4
79855,3,109.352871,-7.435398,2024-08-28,4
79856,3,109.353115,-7.435403,2024-08-28,4
79857,3,109.351934,-7.435337,2024-08-28,4
79858,3,109.352103,-7.435335,2024-08-28,4
79859,3,109.352367,-7.435328,2024-08-28,4
79860,3,109.353409,-7.435367,2024-08-28,4
79861,3,109.353609,-7.435438,2024-08-28,4
79862,3,109.352633,-7.435321,2024-08-28,4
79863,3,109.352867,-7.435314,2024-08-28,4
79864,3,109.353097,-7.435301,2024-08-28,4
79865,3,109.353378,-7.435277,2024-08-28,4
79866,3,109.352185,-7.43527,2024-08-28,4
79867,3,109.35204,-7.435271,2024-08-28,4
79868,3,109.351916,-7.43525,2024-08-28,4
79869,3,109.352039,-7.435217,2024-08-28,4
79870,3,109.352182,-7.435218,2024-08-28,4
79871,3,109.35239,-7.435235,2024-08-28,4
79872,3,109.352638,-7.435226,2024-08-28,4
79873,3,109.352926,-7.435215,2024-08-28,4
79874,3,109.353224,-7.435203,2024-08-28,4
79875,3,109.353441,-7.435197,2024-08-28,4
79876,3,109.3518,-7.435128,2024-08-28,4
79877,3,109.351925,-7.435149,2024-08-28,4
79878,3,109.35214,-7.435142,2024-08-28,4
79879,3,109.352365,-7.435135,2024-08-28,4
79880,3,109.352617,-7.435126,2024-08-28,4
79881,3,109.352882,-7.435116,2024-08-28,4
79882,3,109.353148,-7.435107,2024-08-28,4
79883,3,109.353375,-7.4351,2024-08-28,4
79884,3,109.351782,-7.435055,2024-08-28,4
79885,3,109.351921,-7.435056,2024-08-28,4
79886,3,109.352135,-7.43505,2024-08-28,4
79887,3,109.352359,-7.435043,2024-08-28,4
79888,3,109.352612,-7.435034,2024-08-28,4
79889,3,109.352878,-7.435025,2024-08-28,4
79890,3,109.353143,-7.435017,2024-08-28,4
79891,3,109.353351,-7.435012,2024-08-28,4
79892,3,109.351756,-7.434954,2024-08-28,4
79893,3,109.351919,-7.434954,2024-08-28,4
79894,3,109.352131,-7.434948,2024-08-28,4
79895,3,109.352352,-7.434941,2024-08-28,4
79896,3,109.352605,-7.434933,2024-08-28,4
79897,3,109.352872,-7.434925,2024-08-28,4
79898,3,109.353137,-7.434917,2024-08-28,4
79899,3,109.353324,-7.434915,2024-08-28,4
79900,3,109.351949,-7.434835,2024-08-28,4
79901,3,109.352346,-7.434823,2024-08-28,4
79902,3,109.352599,-7.434816,2024-08-28,4
79903,3,109.352888,-7.434809,2024-08-28,4
79904,3,109.353184,-7.434803,2024-08-28,4
79905,3,109.351983,-7.434725,2024-08-28,4
79906,3,109.352207,-7.434702,2024-08-28,4
79907,3,109.352421,-7.434697,2024-08-28,4
79908,3,109.352628,-7.434692,2024-08-28,4
79909,3,109.352083,-7.434635,2024-08-28,4
79910,3,109.352867,-7.434688,2024-08-28,4
79911,3,109.353134,-7.434684,2024-08-28,4
79912,3,109.35223,-7.434601,2024-08-28,4
79913,3,109.352417,-7.434587,2024-08-28,4
79914,3,109.352625,-7.434582,2024-08-28,4
79915,3,109.352863,-7.434578,2024-08-28,4
79916,3,109.353106,-7.434576,2024-08-28,4
79917,3,109.352418,-7.434509,2024-08-28,4
79918,3,109.352601,-7.434475,2024-08-28,4
79919,3,109.352836,-7.434469,2024-08-28,4
79920,3,109.353069,-7.434471,2024-08-28,4
79921,3,109.352652,-7.434387,2024-08-28,4
79922,3,109.352907,-7.434374,2024-08-28,4
79923,3,109.352809,-7.434319,2024-08-28,4
79924,3,109.352978,-7.434286,2024-08-28,4
79925,3,109.295259,-7.427132,2024-08-28,4
79926,3,109.29507,-7.427128,2024-08-28,4
79927,3,109.295743,-7.427117,2024-08-28,4
79928,3,109.295684,-7.427116,2024-08-28,4
79929,3,109.295569,-7.427112,2024-08-28,4
79930,3,109.295428,-7.427107,2024-08-28,4
79931,3,109.413762,-7.427054,2024-08-28,4
79932,3,109.295332,-7.427104,2024-08-28,4
79933,3,109.294828,-7.427104,2024-08-28,4
79934,3,109.294631,-7.427098,2024-08-28,4
79935,3,109.295111,-7.427049,2024-08-28,4
79936,3,109.413758,-7.427022,2024-08-28,4
79937,3,109.41385,-7.427021,2024-08-28,4
79938,3,109.413775,-7.42699,2024-08-28,4
79939,3,109.295794,-7.427041,2024-08-28,4
79940,3,109.413574,-7.426992,2024-08-28,4
79941,3,109.29563,-7.427001,2024-08-28,4
79942,3,109.295417,-7.426991,2024-08-28,4
79943,3,109.413446,-7.426966,2024-08-28,4
79944,3,109.295142,-7.426975,2024-08-28,4
79945,3,109.413804,-7.426958,2024-08-28,4
79946,3,109.413341,-7.426947,2024-08-28,4
79947,3,109.413269,-7.426937,2024-08-28,4
79948,3,109.413661,-7.42696,2024-08-28,4
79949,3,109.29579,-7.426928,2024-08-28,4
79950,3,109.29472,-7.426957,2024-08-28,4
79951,3,109.413198,-7.426923,2024-08-28,4
79953,3,109.413616,-7.426937,2024-08-28,4
79954,3,109.413128,-7.426912,2024-08-28,4
79955,3,109.295625,-7.426918,2024-08-28,4
79956,3,109.413605,-7.426897,2024-08-28,4
79957,3,109.413832,-7.426914,2024-08-28,4
79959,3,109.41306,-7.4269,2024-08-28,4
79960,3,109.295371,-7.426905,2024-08-28,4
79962,3,109.295142,-7.426894,2024-08-28,4
79963,3,109.413545,-7.426929,2024-08-28,4
79964,3,109.413863,-7.426867,2024-08-28,4
79965,3,109.413736,-7.426877,2024-08-28,4
79967,3,109.413672,-7.426861,2024-08-28,4
79968,3,109.413511,-7.42689,2024-08-28,4
79969,3,109.41364,-7.426847,2024-08-28,4
79970,3,109.413588,-7.426882,2024-08-28,4
79972,3,109.413401,-7.42687,2024-08-28,4
79975,3,109.413276,-7.42685,2024-08-28,4
79976,3,109.413886,-7.426822,2024-08-28,4
79977,3,109.295794,-7.426839,2024-08-28,4
79978,3,109.295365,-7.426831,2024-08-28,4
79979,3,109.295148,-7.426817,2024-08-28,4
79980,3,109.413798,-7.426818,2024-08-28,4
79981,3,109.413729,-7.426801,2024-08-28,4
79984,3,109.41368,-7.426786,2024-08-28,4
79985,3,109.413623,-7.426783,2024-08-28,4
79986,3,109.413571,-7.426797,2024-08-28,4
79988,3,109.295621,-7.426818,2024-08-28,4
79989,3,109.413747,-7.426751,2024-08-28,4
79991,3,109.294711,-7.426818,2024-08-28,4
79993,3,109.294958,-7.426824,2024-08-28,4
79994,3,109.295437,-7.426763,2024-08-28,4
79996,3,109.413437,-7.42677,2024-08-28,4
79997,3,109.295814,-7.426756,2024-08-28,4
79998,3,109.413863,-7.426752,2024-08-28,4
79999,3,109.413036,-7.426799,2024-08-28,4
80000,3,109.295327,-7.426747,2024-08-28,4
80003,3,109.295766,-7.426733,2024-08-28,4
80004,3,109.412937,-7.426797,2024-08-28,4
80005,3,109.413255,-7.426736,2024-08-28,4
80006,3,109.413839,-7.426698,2024-08-28,4
80008,3,109.295145,-7.426728,2024-08-28,4
80009,3,109.413771,-7.426703,2024-08-28,4
80010,3,109.413147,-7.426777,2024-08-28,4
80011,3,109.412827,-7.426771,2024-08-28,4
80013,3,109.413731,-7.426704,2024-08-28,4
80015,3,109.413693,-7.426692,2024-08-28,4
80017,3,109.295529,-7.426695,2024-08-28,4
80018,3,109.413644,-7.426689,2024-08-28,4
80021,3,109.413588,-7.426683,2024-08-28,4
80023,3,109.295015,-7.42665,2024-08-28,4
80024,3,109.294753,-7.42666,2024-08-28,4
80025,3,109.413449,-7.426657,2024-08-28,4
80026,3,109.41329,-7.426622,2024-08-28,4
80027,3,109.294747,-7.426564,2024-08-28,4
80029,3,109.413181,-7.426596,2024-08-28,4
80034,3,109.295166,-7.426611,2024-08-28,4
80038,3,109.413069,-7.426606,2024-08-28,4
80045,3,109.412974,-7.42659,2024-08-28,4
80052,3,109.412909,-7.426559,2024-08-28,4
80054,3,109.412826,-7.426549,2024-08-28,4
80056,3,109.412836,-7.426433,2024-08-28,4
80060,3,109.294905,-7.426488,2024-08-28,4
80065,3,109.294658,-7.426463,2024-08-28,4
80068,3,109.295412,-7.426552,2024-08-28,4
80072,3,109.412608,-7.426631,2024-08-28,4
80079,3,109.413307,-7.42645,2024-08-28,4
80083,3,109.413207,-7.426433,2024-08-28,4
80084,3,109.413087,-7.426404,2024-08-28,4
80085,3,109.295782,-7.426425,2024-08-28,4
80086,3,109.412991,-7.426396,2024-08-28,4
80087,3,109.412927,-7.42638,2024-08-28,4
80088,3,109.295679,-7.426405,2024-08-28,4
80093,3,109.294769,-7.426351,2024-08-28,4
80096,3,109.294562,-7.426311,2024-08-28,4
80097,3,109.412592,-7.426315,2024-08-28,4
80105,3,109.295551,-7.426336,2024-08-28,4
80119,3,109.295366,-7.42629,2024-08-28,4
80120,3,109.29502,-7.426234,2024-08-28,4
80123,3,109.295091,-7.426243,2024-08-28,4
80126,3,109.413303,-7.426253,2024-08-28,4
80127,3,109.294934,-7.426216,2024-08-28,4
80129,3,109.294847,-7.426192,2024-08-28,4
80133,3,109.413179,-7.426236,2024-08-28,4
80141,3,109.295745,-7.426219,2024-08-28,4
80145,3,109.294685,-7.426183,2024-08-28,4
80157,3,109.41311,-7.426201,2024-08-28,4
80158,3,109.413328,-7.42612,2024-08-28,4
80160,3,109.413202,-7.426107,2024-08-28,4
80161,3,109.413029,-7.426187,2024-08-28,4
80164,3,109.41308,-7.426066,2024-08-28,4
80166,3,109.295404,-7.426128,2024-08-28,4
80167,3,109.295214,-7.426185,2024-08-28,4
80168,3,109.295144,-7.426088,2024-08-28,4
80171,3,109.295072,-7.426086,2024-08-28,4
80173,3,109.29481,-7.42608,2024-08-28,4
80174,3,109.294981,-7.42607,2024-08-28,4
80179,3,109.295627,-7.426103,2024-08-28,4
80180,3,109.294653,-7.426052,2024-08-28,4
80181,3,109.295451,-7.426029,2024-08-28,4
80183,3,109.29577,-7.426048,2024-08-28,4
80184,3,109.294567,-7.426015,2024-08-28,4
80185,3,109.295813,-7.425956,2024-08-28,4
80187,3,109.295284,-7.425973,2024-08-28,4
80188,3,109.295617,-7.425969,2024-08-28,4
80189,3,109.29519,-7.425954,2024-08-28,4
80190,3,109.295122,-7.425948,2024-08-28,4
80191,3,109.295026,-7.425928,2024-08-28,4
80192,3,109.29492,-7.425931,2024-08-28,4
80193,3,109.294836,-7.425913,2024-08-28,4
80194,3,109.295491,-7.425905,2024-08-28,4
80195,3,109.294707,-7.425888,2024-08-28,4
80196,3,109.295695,-7.425902,2024-08-28,4
80197,3,109.295325,-7.425859,2024-08-28,4
80198,3,109.295229,-7.425842,2024-08-28,4
80199,3,109.294586,-7.425854,2024-08-28,4
80200,3,109.295163,-7.42583,2024-08-28,4
80201,3,109.295066,-7.425807,2024-08-28,4
80202,3,109.294965,-7.425786,2024-08-28,4
80203,3,109.294879,-7.425773,2024-08-28,4
80204,3,109.294744,-7.425756,2024-08-28,4
80205,3,109.295734,-7.425807,2024-08-28,4
80206,3,109.294601,-7.425734,2024-08-28,4
80207,3,109.295528,-7.425771,2024-08-28,4
80208,3,109.295269,-7.425727,2024-08-28,4
80209,3,109.295366,-7.425731,2024-08-28,4
80210,3,109.295205,-7.425711,2024-08-28,4
80211,3,109.295758,-7.425702,2024-08-28,4
80212,3,109.295579,-7.425688,2024-08-28,4
80213,3,109.2954,-7.425653,2024-08-28,4
80214,3,109.295297,-7.425654,2024-08-28,4
80215,3,109.295234,-7.425645,2024-08-28,4
80216,3,109.295109,-7.425689,2024-08-28,4
80217,3,109.294998,-7.425677,2024-08-28,4
80218,3,109.29491,-7.425672,2024-08-28,4
80219,3,109.294768,-7.425665,2024-08-28,4
80220,3,109.294614,-7.425657,2024-08-28,4
76108,3,109.413472,-7.426417,2024-08-28,5
76683,3,109.413922,-7.426614,2024-08-28,5
76690,3,109.413471,-7.42616,2024-08-28,5
76691,3,109.413924,-7.426162,2024-08-28,5
80012,3,109.41385,-7.426666,2024-08-28,5
80020,3,109.413858,-7.426641,2024-08-28,5
80022,3,109.413833,-7.426609,2024-08-28,5
80028,3,109.413559,-7.426565,2024-08-28,5
80030,3,109.413941,-7.426561,2024-08-28,5
80031,3,109.41352,-7.426558,2024-08-28,5
80032,3,109.413478,-7.42655,2024-08-28,5
80033,3,109.41391,-7.426553,2024-08-28,5
80035,3,109.413869,-7.426547,2024-08-28,5
80036,3,109.413438,-7.426539,2024-08-28,5
80037,3,109.413398,-7.426532,2024-08-28,5
80039,3,109.413828,-7.426541,2024-08-28,5
80041,3,109.413357,-7.426526,2024-08-28,5
80042,3,109.413789,-7.426536,2024-08-28,5
80044,3,109.413745,-7.426551,2024-08-28,5
80046,3,109.413705,-7.426553,2024-08-28,5
80048,3,109.413677,-7.426547,2024-08-28,5
80049,3,109.413648,-7.426544,2024-08-28,5
80050,3,109.413604,-7.426563,2024-08-28,5
80058,3,109.41392,-7.426456,2024-08-28,5
80059,3,109.413888,-7.426451,2024-08-28,5
80061,3,109.413847,-7.426446,2024-08-28,5
80062,3,109.413808,-7.426439,2024-08-28,5
80064,3,109.413769,-7.426434,2024-08-28,5
80066,3,109.413728,-7.426427,2024-08-28,5
80067,3,109.413699,-7.426423,2024-08-28,5
80070,3,109.41367,-7.426419,2024-08-28,5
80071,3,109.413622,-7.426443,2024-08-28,5
80073,3,109.413582,-7.426441,2024-08-28,5
80075,3,109.413541,-7.426436,2024-08-28,5
80076,3,109.413947,-7.426436,2024-08-28,5
80077,3,109.4135,-7.42643,2024-08-28,5
80080,3,109.413459,-7.426422,2024-08-28,5
80081,3,109.413419,-7.426417,2024-08-28,5
80082,3,109.413377,-7.426413,2024-08-28,5
80089,3,109.413953,-7.426334,2024-08-28,5
80090,3,109.41391,-7.426337,2024-08-28,5
80091,3,109.413869,-7.426331,2024-08-28,5
80092,3,109.41383,-7.426324,2024-08-28,5
80094,3,109.41379,-7.426319,2024-08-28,5
80095,3,109.41375,-7.426312,2024-08-28,5
80098,3,109.413721,-7.426303,2024-08-28,5
80099,3,109.413692,-7.426299,2024-08-28,5
80100,3,109.413651,-7.426294,2024-08-28,5
80101,3,109.41361,-7.426287,2024-08-28,5
80103,3,109.41398,-7.42637,2024-08-28,5
80104,3,109.413569,-7.426281,2024-08-28,5
80109,3,109.413975,-7.426238,2024-08-28,5
80110,3,109.413528,-7.426276,2024-08-28,5
80111,3,109.413487,-7.42627,2024-08-28,5
80112,3,109.41393,-7.426231,2024-08-28,5
80114,3,109.413446,-7.426264,2024-08-28,5
80115,3,109.41389,-7.426224,2024-08-28,5
80116,3,109.413404,-7.426259,2024-08-28,5
80118,3,109.41385,-7.426216,2024-08-28,5
80121,3,109.413811,-7.42621,2024-08-28,5
80124,3,109.41377,-7.426202,2024-08-28,5
80125,3,109.413741,-7.426193,2024-08-28,5
80128,3,109.413712,-7.426188,2024-08-28,5
80131,3,109.413672,-7.426182,2024-08-28,5
80132,3,109.41402,-7.426173,2024-08-28,5
80134,3,109.413987,-7.426171,2024-08-28,5
80135,3,109.413944,-7.426164,2024-08-28,5
80136,3,109.41363,-7.426175,2024-08-28,5
80137,3,109.413903,-7.426159,2024-08-28,5
80138,3,109.413863,-7.426153,2024-08-28,5
80139,3,109.413589,-7.426167,2024-08-28,5
80140,3,109.413823,-7.426147,2024-08-28,5
80142,3,109.413782,-7.426141,2024-08-28,5
80143,3,109.413549,-7.42616,2024-08-28,5
80144,3,109.413751,-7.426137,2024-08-28,5
80146,3,109.413722,-7.426134,2024-08-28,5
80147,3,109.413682,-7.426129,2024-08-28,5
80148,3,109.41364,-7.426123,2024-08-28,5
80149,3,109.413598,-7.426117,2024-08-28,5
80150,3,109.413558,-7.426112,2024-08-28,5
80151,3,109.41351,-7.426145,2024-08-28,5
80152,3,109.413469,-7.42614,2024-08-28,5
80153,3,109.413427,-7.426135,2024-08-28,5
122233,4,109.411086,-7.444706,2024-09-09,4
