lokasi,region,utm,bujur,lintang,tanggal,fase,sumber
10_Lemahmukti,Karawang,32748,107.463959,-6.260439,3/18/2024,1,Drone (rice field)
10_Lemahmukti,Karawang,32748,107.464081,-6.260284,3/18/2024,1,Drone (rice field)
10_Lemahmukti,Karawang,32748,107.463608,-6.260762,3/18/2024,1,Drone (rice field)
10_Lemahmukti,Karawang,32748,107.461742,-6.261511,3/18/2024,1,Drone (50x50)
10_Lemahmukti,Karawang,32748,107.463209,-6.260423,3/18/2024,1,Drone (rice field)
10_Lemahmukti,Karawang,32748,107.461745,-6.261454,3/18/2024,1,Drone (rice field)
4_Rengasdengklok03,Karawang,32748,107.347952,-6.150237,3/16/2024,2,Drone (50x50)
4_Rengasdengklok03,Karawang,32748,107.348304,-6.149165,3/16/2024,2,Drone (50x50)
4_Rengasdengklok03,Karawang,32748,107.348031,-6.148752,3/16/2024,2,Drone (50x50)
10_Lemahmukti,Karawang,32748,107.464278,-6.261881,3/18/2024,1,Drone (rice field)
10_Lemahmukti,Karawang,32748,107.463608,-6.261039,3/18/2024,1,Drone (rice field)
4_Rengasdengklok03,Karawang,32748,107.349051,-6.149273,3/16/2024,2,Drone (50x50)
4_Rengasdengklok03,Karawang,32748,107.348589,-6.149647,3/16/2024,1,Drone (50x50)
2_Rengasdengklok01,Karawang,32748,107.339343,-6.148883,3/16/2024,2,Drone (50x50)
10_Lemahmukti,Karawang,32748,107.462644,-6.261055,3/18/2024,1,Drone (50x50)
10_Lemahmukti,Karawang,32748,107.464289,-6.260304,3/18/2024,1,Drone (rice field)
2_Rengasdengklok01,Karawang,32748,107.340122,-6.148209,3/16/2024,2,Drone (50x50)
10_Lemahmukti,Karawang,32748,107.464246,-6.260791,3/18/2024,1,Drone (rice field)
4_Rengasdengklok03,Karawang,32748,107.348794,-6.149948,3/16/2024,1,Field Survey
4_Rengasdengklok03,Karawang,32748,107.348812,-6.150045,3/16/2024,1,Drone (50x50)
10 Lemahmukti,Karawang,32748,107.4588,-6.260475,3/18/2024,6,Drone (50x50)
4_Rengasdengklok03,Karawang,32748,107.348338,-6.149046,3/16/2024,2,Field Survey
10_Lemahmukti,Karawang,32748,107.463998,-6.261049,3/18/2024,1,Drone (50x50)
10_Lemahmukti,Karawang,32748,107.46252,-6.261669,3/18/2024,1,Drone (rice field)
10_Lemahmukti,Karawang,32748,107.462476,-6.261354,3/18/2024,1,Drone (rice field)
10_Lemahmukti,Karawang,32748,107.463803,-6.261977,3/18/2024,1,Drone (rice field)
2_Rengasdengklok01,Karawang,32748,107.338148,-6.148008,3/16/2024,2,Drone (50x50)
10_Lemahmukti,Karawang,32748,107.462343,-6.261039,3/18/2024,1,Drone (rice field)
10_Lemahmukti,Karawang,32748,107.463565,-6.261759,3/18/2024,1,Drone (rice field)
10_Lemahmukti,Karawang,32748,107.462465,-6.26103,3/18/2024,1,Drone (rice field)
2_Rengasdengklok01,Karawang,32748,107.340206,-6.148178,3/16/2024,2,Field Survey
10_Lemahmukti,Karawang,32748,107.464448,-6.260595,3/18/2024,1,Drone (50x50)
10_Lemahmukti,Karawang,32748,107.464464,-6.260593,3/18/2024,1,Drone (rice field)
10_Lemahmukti,Karawang,32748,107.464031,-6.261849,3/18/2024,1,Drone (rice field)
2_Rengasdengklok01,Karawang,32748,107.339759,-6.149084,3/16/2024,2,Field Survey
10_Lemahmukti,Karawang,32748,107.462767,-6.261304,3/18/2024,1,Drone (rice field)
10_Lemahmukti,Karawang,32748,107.461753,-6.260838,3/18/2024,1,Drone (rice field)
10_Lemahmukti,Karawang,32748,107.463547,-6.261051,3/18/2024,1,Drone (50x50)
13_Jatibarang1,Cirebon,32749,108.324748,-6.401688,3/19/2024,2,Drone (rice field)
12_Jatibarang2,Cirebon,32749,108.323012,-6.404416,3/19/2024,2,Drone (rice field)
4_Rengasdengklok03,Karawang,32748,107.347977,-6.149918,3/16/2024,2,Drone (50x50)
10_Lemahmukti,Karawang,32748,107.463093,-6.260601,3/18/2024,1,Drone (50x50)
10_Lemahmukti,Karawang,32748,107.463837,-6.261812,3/18/2024,1,Drone (rice field)
2_Rengasdengklok01,Karawang,32748,107.339886,-6.147872,3/16/2024,2,Drone (50x50)
12_Jatibarang2,Cirebon,32749,108.322828,-6.404283,3/19/2024,2,Drone (rice field)
4_Rengasdengklok03,Karawang,32748,107.3489,-6.149702,3/16/2024,1,Drone (50x50)
2_Rengasdengklok01,Karawang,32748,107.339307,-6.149086,3/16/2024,2,Field Survey
2_Rengasdengklok01,Karawang,32748,107.339325,-6.149078,3/16/2024,2,Drone (50x50)
10_Lemahmukti,Karawang,32748,107.463865,-6.260261,3/18/2024,1,Drone (rice field)
4_Rengasdengklok03,Karawang,32748,107.347891,-6.149952,3/16/2024,2,Field Survey
10_Lemahmukti,Karawang,32748,107.461738,-6.260607,3/18/2024,1,Drone (50x50)
10_Lemahmukti,Karawang,32748,107.461745,-6.260572,3/18/2024,1,Drone (rice field)
4_Rengasdengklok03,Karawang,32748,107.347893,-6.150404,3/16/2024,2,Field Survey
10_Lemahmukti,Karawang,32748,107.463095,-6.261053,3/18/2024,1,Drone (50x50)
10_Lemahmukti,Karawang,32748,107.463208,-6.261019,3/18/2024,1,Drone (rice field)
2_Rengasdengklok01,Karawang,32748,107.339355,-6.148639,3/16/2024,2,Drone (50x50)
10_Lemahmukti,Karawang,32748,107.464,-6.261501,3/18/2024,1,Drone (50x50)
10_Lemahmukti,Karawang,32748,107.464097,-6.261365,3/18/2024,1,Drone (rice field)
10_Lemahmukti,Karawang,32748,107.461997,-6.260784,3/18/2024,1,Drone (rice field)
13_Jatibarang1,Cirebon,32749,108.323996,-6.401257,3/19/2024,2,Drone (rice field)
13_Jatibarang1,Cirebon,32749,108.324036,-6.40122,3/19/2024,2,Drone (rice field)
10 Lemahmukti,Karawang,32748,107.461297,-6.261269,3/18/2024,6,Drone (50x50)
10_Lemahmukti,Karawang,32748,107.46447,-6.261435,3/18/2024,1,Drone (rice field)
9_Lemahmulya,Karawang,32748,107.402469,-6.332817,3/18/2024,4,Drone (rice field)
19_DongkalSukasari,Cirebon,32749,108.270483,-6.383102,3/19/2024,2,Drone (rice field)
10_Lemahmukti,Karawang,32748,107.462968,-6.260232,3/18/2024,1,Drone (rice field)
2_Rengasdengklok01,Karawang,32748,107.337191,-6.148452,3/16/2024,2,Drone (50x50)
10_Lemahmukti,Karawang,32748,107.464003,-6.261952,3/18/2024,1,Drone (50x50)
2_Rengasdengklok01,Karawang,32748,107.338652,-6.148226,3/16/2024,2,Drone (50x50)
2_Rengasdengklok01,Karawang,32748,107.339367,-6.148395,3/16/2024,2,Drone (50x50)
4_Rengasdengklok03,Karawang,32748,107.349454,-6.150089,3/16/2024,1,Drone (50x50)
4_Rengasdengklok03,Karawang,32748,107.347986,-6.149111,3/16/2024,2,Drone (50x50)
2_Rengasdengklok01,Karawang,32748,107.340155,-6.147902,3/16/2024,2,Drone (50x50)
2_Rengasdengklok01,Karawang,32748,107.338675,-6.147804,3/16/2024,2,Drone (50x50)
10_Lemahmukti,Karawang,32748,107.464135,-6.260532,3/18/2024,1,Drone (rice field)
4_Rengasdengklok03,Karawang,32748,107.348014,-6.14955,3/16/2024,2,Drone (50x50)
10_Lemahmukti,Karawang,32748,107.462908,-6.26045,3/18/2024,1,Drone (rice field)
10_Lemahmukti,Karawang,32748,107.462194,-6.261509,3/18/2024,1,Drone (50x50)
10_Lemahmukti,Karawang,32748,107.462212,-6.261441,3/18/2024,1,Drone (rice field)
10_Lemahmukti,Karawang,32748,107.464069,-6.261577,3/18/2024,1,Drone (rice field)
2_Rengasdengklok01,Karawang,32748,107.338402,-6.148638,3/16/2024,2,Field Survey
10_Lemahmukti,Karawang,32748,107.463208,-6.260749,3/18/2024,1,Drone (rice field)
10_Lemahmukti,Karawang,32748,107.462303,-6.261928,3/18/2024,1,Drone (rice field)
10_Lemahmukti,Karawang,32748,107.461779,-6.261797,3/18/2024,1,Drone (rice field)
10_Lemahmukti,Karawang,32748,107.464155,-6.260846,3/18/2024,1,Drone (rice field)
10_Lemahmukti,Karawang,32748,107.464545,-6.260908,3/18/2024,1,Drone (rice field)
2_Rengasdengklok01,Karawang,32748,107.336935,-6.148441,3/16/2024,2,Drone (50x50)
10_Lemahmukti,Karawang,32748,107.463545,-6.260599,3/18/2024,1,Drone (50x50)
2_Rengasdengklok01,Karawang,32748,107.337559,-6.147997,3/16/2024,2,Drone (50x50)
10_Lemahmukti,Karawang,32748,107.464454,-6.26195,3/18/2024,1,Drone (50x50)
2_Rengasdengklok01,Karawang,32748,107.336929,-6.148773,3/16/2024,2,Drone (50x50)
4_Rengasdengklok03,Karawang,32748,107.34977,-6.149258,3/16/2024,2,Drone (50x50)
4_Rengasdengklok03,Karawang,32748,107.349798,-6.148671,3/16/2024,1,Drone (50x50)
4_Rengasdengklok03,Karawang,32748,107.34919,-6.14974,3/16/2024,1,Drone (50x50)
12_Jatibarang2,Cirebon,32749,108.323113,-6.404424,3/19/2024,2,Drone (rice field)
2_Rengasdengklok01,Karawang,32748,107.340427,-6.147938,3/16/2024,2,Drone (50x50)
10_Lemahmukti,Karawang,32748,107.462911,-6.261017,3/18/2024,1,Drone (rice field)
13_Jatibarang1,Cirebon,32749,108.323492,-6.400969,3/19/2024,2,Drone (rice field)
4_Rengasdengklok03,Karawang,32748,107.349419,-6.150269,3/16/2024,2,Drone (50x50)
10_Lemahmukti,Karawang,32748,107.463995,-6.261997,3/18/2024,1,Drone (rice field)
2_Rengasdengklok01,Karawang,32748,107.337046,-6.148192,3/16/2024,2,Field Survey
2_Rengasdengklok01,Karawang,32748,107.338852,-6.148184,3/16/2024,2,Field Survey
4_Rengasdengklok03,Karawang,32748,107.350127,-6.148868,3/16/2024,2,Drone (50x50)
10_Lemahmukti,Karawang,32748,107.463864,-6.261546,3/18/2024,1,Drone (rice field)
2_Rengasdengklok01,Karawang,32748,107.340379,-6.148755,3/16/2024,2,Drone (50x50)
10_Lemahmukti,Karawang,32748,107.464011,-6.261121,3/18/2024,1,Drone (rice field)
10_Lemahmukti,Karawang,32748,107.462931,-6.260753,3/18/2024,1,Drone (rice field)
2_Rengasdengklok01,Karawang,32748,107.338155,-6.147802,3/16/2024,2,Drone (50x50)
12_Jatibarang2,Cirebon,32749,108.323263,-6.404916,3/19/2024,2,Drone (rice field)
13_Jatibarang1,Cirebon,32749,108.324898,-6.401252,3/19/2024,2,Drone (rice field)
2_Rengasdengklok01,Karawang,32748,107.337178,-6.14906,3/16/2024,2,Drone (50x50)
10_Lemahmukti,Karawang,32748,107.463266,-6.261282,3/18/2024,1,Drone (rice field)
4_Rengasdengklok03,Karawang,32748,107.349615,-6.148654,3/16/2024,1,Drone (50x50)
2_Rengasdengklok01,Karawang,32748,107.337913,-6.147801,3/16/2024,2,Drone (50x50)
2_Rengasdengklok01,Karawang,32748,107.340567,-6.149112,3/16/2024,2,Drone (50x50)
10_Lemahmukti,Karawang,32748,107.463549,-6.261503,3/18/2024,1,Drone (50x50)
4_Rengasdengklok03,Karawang,32748,107.349087,-6.150153,3/16/2024,1,Drone (50x50)
4_Rengasdengklok03,Karawang,32748,107.349508,-6.149759,3/16/2024,1,Drone (50x50)
13_Jatibarang1,Cirebon,32749,108.323887,-6.400464,3/19/2024,2,Drone (rice field)
2_Rengasdengklok01,Karawang,32748,107.339303,-6.148182,3/16/2024,2,Field Survey
2 Rengasdengklok1,Karawang,32748,107.337861,-6.149389,3/16/2024,2,Field Survey
10_Lemahmukti,Karawang,32748,107.461982,-6.260535,3/18/2024,1,Drone (rice field)
2_Rengasdengklok01,Karawang,32748,107.340363,-6.148972,3/16/2024,2,Drone (50x50)
10_Lemahmukti,Karawang,32748,107.463654,-6.260261,3/18/2024,1,Drone (rice field)
2_Rengasdengklok01,Karawang,32748,107.336251,-6.149032,3/16/2024,2,Drone (50x50)
4_Rengasdengklok03,Karawang,32748,107.34941,-6.149315,3/16/2024,2,Drone (50x50)
2_Rengasdengklok01,Karawang,32748,107.337499,-6.148642,3/16/2024,2,Field Survey
3_Rengasdengklok02,Karawang,32748,107.339033,-6.152024,3/16/2024,2,Drone (50x50)
2_Rengasdengklok01,Karawang,32748,107.338372,-6.148873,3/16/2024,2,Drone (50x50)
13_Jatibarang1,Cirebon,32749,108.324557,-6.401649,3/19/2024,2,Drone (rice field)
2_Rengasdengklok01,Karawang,32748,107.337951,-6.14864,3/16/2024,2,Field Survey
19_DongkalSukasari,Cirebon,32749,108.270615,-6.383085,3/19/2024,2,Drone (rice field)
4_Rengasdengklok03,Karawang,32748,107.348298,-6.149593,3/16/2024,2,Drone (50x50)
10_Lemahmukti,Karawang,32748,107.464282,-6.260562,3/18/2024,1,Drone (rice field)
13_Jatibarang1,Cirebon,32749,108.324901,-6.401703,3/19/2024,2,Drone (rice field)
10_Lemahmukti,Karawang,32748,107.464565,-6.260734,3/18/2024,1,Drone (rice field)
2_Rengasdengklok01,Karawang,32748,107.340612,-6.148767,3/16/2024,2,Drone (50x50)
10_Lemahmukti,Karawang,32748,107.462633,-6.260478,3/18/2024,1,Drone (rice field)
10_Lemahmukti,Karawang,32748,107.461753,-6.260303,3/18/2024,1,Drone (rice field)
12_Jatibarang2,Cirebon,32749,108.323102,-6.404055,3/19/2024,2,Drone (rice field)
2_Rengasdengklok01,Karawang,32748,107.340421,-6.148261,3/16/2024,2,Drone (50x50)
14 Jatimulya,Indramayu,32748,107.832917,-6.378083,3/20/2024,2,Drone (rice field)
10 Lemahmukti,Karawang,32748,107.456361,-6.256167,3/20/2024,1,Drone (rice field)
10_Lemahmukti,Karawang,32748,107.463866,-6.260506,3/18/2024,1,Drone (rice field)
4_Rengasdengklok03,Karawang,32748,107.347889,-6.1495,3/16/2024,2,Field Survey
4_Rengasdengklok03,Karawang,32748,107.349516,-6.14889,3/16/2024,2,Drone (50x50)
10_Lemahmukti,Karawang,32748,107.462646,-6.261507,3/18/2024,1,Drone (50x50)
12_Jatibarang2,Cirebon,32749,108.323639,-6.403717,3/19/2024,2,Drone (rice field)
2_Rengasdengklok01,Karawang,32748,107.339305,-6.148634,3/16/2024,2,Field Survey
4_Rengasdengklok03,Karawang,32748,107.349426,-6.148639,3/16/2024,1,Drone (50x50)
10_Lemahmukti,Karawang,32748,107.462667,-6.260761,3/18/2024,1,Drone (rice field)
10_Lemahmukti,Karawang,32748,107.461922,-6.261407,3/18/2024,1,Drone (rice field)
4_Rengasdengklok03,Karawang,32748,107.347887,-6.149048,3/16/2024,2,Field Survey
14_Jatimulya,Indramayu,32748,107.832196,-6.379361,3/20/2024,2,Drone (rice field)
14_Jatimulya,Indramayu,32748,107.832177,-6.379344,3/20/2024,2,Drone (rice field)
2_Rengasdengklok01,Karawang,32748,107.340613,-6.148299,3/16/2024,2,Drone (50x50)
9 Lemahmulya,Karawang,32748,107.402142,-6.333461,3/18/2024,3,Drone (50x50)
9_Lemahmulya,Karawang,32748,107.402071,-6.333403,3/18/2024,4,Drone (rice field)
20_Kroya1,Cirebon,32749,108.075042,-6.481896,3/19/2024,3,Drone (rice field)
19_DongkalSukasari,Cirebon,32749,108.270989,-6.382917,3/19/2024,2,Drone (rice field)
10_Lemahmukti,Karawang,32748,107.463585,-6.261506,3/18/2024,1,Drone (rice field)
15 Kroya,Cirebon,32749,108.071667,-6.452111,3/19/2024,2,Drone (rice field)
2_Rengasdengklok01,Karawang,32748,107.336938,-6.148178,3/16/2024,2,Drone (50x50)
4_Rengasdengklok03,Karawang,32748,107.348187,-6.150234,3/16/2024,2,Drone (50x50)
10_Lemahmukti,Karawang,32748,107.464323,-6.261619,3/18/2024,1,Drone (rice field)
12_Jatibarang2,Cirebon,32749,108.324303,-6.404603,3/19/2024,2,Drone (rice field)
4_Rengasdengklok03,Karawang,32748,107.34834,-6.149498,3/16/2024,2,Field Survey
4_Rengasdengklok03,Karawang,32748,107.348792,-6.149496,3/16/2024,1,Field Survey
10_Lemahmukti,Karawang,32748,107.46388,-6.261333,3/18/2024,1,Drone (rice field)
4_Rengasdengklok03,Karawang,32748,107.35003,-6.149314,3/16/2024,2,Drone (50x50)
10_Lemahmukti,Karawang,32748,107.46201,-6.26105,3/18/2024,1,Drone (rice field)
2_Rengasdengklok01,Karawang,32748,107.33888,-6.148391,3/16/2024,2,Drone (50x50)
2_Rengasdengklok01,Karawang,32748,107.339398,-6.147798,3/16/2024,2,Drone (50x50)
10 Lemahmukti,Karawang,32748,107.459472,-6.260778,3/18/2024,2,Drone (50x50)
2_Rengasdengklok01,Karawang,32748,107.339075,-6.14907,3/16/2024,2,Drone (50x50)
13_Jatibarang1,Cirebon,32749,108.323876,-6.40185,3/19/2024,2,Drone (rice field)
4_Rengasdengklok03,Karawang,32748,107.348509,-6.150015,3/16/2024,1,Drone (50x50)
5_Rengasdengklok04,Karawang,32748,107.344203,-6.211888,3/16/2024,4,Field Survey
9 Lemahmulya,Karawang,32748,107.400889,-6.334028,3/18/2024,3,Drone (50x50)
6_Ciranggon1,Karawang,32748,107.362072,-6.292249,3/18/2024,2,Drone (50x50)
10_Lemahmukti,Karawang,32748,107.462179,-6.261248,3/18/2024,1,Drone (rice field)
10_Lemahmukti,Karawang,32748,107.464509,-6.261266,3/18/2024,1,Drone (rice field)
13_Jatibarang1,Cirebon,32749,108.323541,-6.400809,3/19/2024,2,Drone (rice field)
10_Lemahmukti,Karawang,32748,107.463551,-6.261955,3/18/2024,1,Drone (50x50)
10_Lemahmukti,Karawang,32748,107.463539,-6.26195,3/18/2024,1,Drone (rice field)
2_Rengasdengklok01,Karawang,32748,107.336567,-6.149042,3/16/2024,2,Drone (50x50)
10_Lemahmukti,Karawang,32748,107.46174,-6.261059,3/18/2024,1,Drone (50x50)
10_Lemahmukti,Karawang,32748,107.461757,-6.261053,3/18/2024,1,Drone (rice field)
9_Lemahmulya,Karawang,32748,107.402205,-6.332532,3/18/2024,4,Drone (rice field)
19_DongkalSukasari,Cirebon,32749,108.27181,-6.382561,3/19/2024,2,Drone (rice field)
4_Rengasdengklok03,Karawang,32748,107.350004,-6.148752,3/16/2024,2,Drone (50x50)
10_Lemahmukti,Karawang,32748,107.462552,-6.261905,3/18/2024,1,Drone (rice field)
10_Lemahmukti,Karawang,32748,107.461814,-6.26197,3/18/2024,1,Drone (rice field)
2_Rengasdengklok01,Karawang,32748,107.34066,-6.148628,3/16/2024,2,Field Survey
13_Jatibarang1,Cirebon,32749,108.325138,-6.401238,3/19/2024,2,Drone (rice field)
13_Jatibarang1,Cirebon,32749,108.324305,-6.4016,3/19/2024,2,Drone (rice field)
2_Rengasdengklok01,Karawang,32748,107.340345,-6.149107,3/16/2024,2,Drone (50x50)
4_Rengasdengklok03,Karawang,32748,107.349837,-6.149,3/16/2024,2,Drone (50x50)
4_Rengasdengklok03,Karawang,32748,107.348742,-6.150313,3/16/2024,1,Drone (50x50)
2_Rengasdengklok01,Karawang,32748,107.338412,-6.147803,3/16/2024,2,Drone (50x50)
12_Jatibarang2,Cirebon,32749,108.323479,-6.404445,3/19/2024,2,Drone (rice field)
13_Jatibarang1,Cirebon,32749,108.323999,-6.401709,3/19/2024,2,Drone (rice field)
19_DongkalSukasari,Cirebon,32749,108.270926,-6.382025,3/19/2024,2,Drone (rice field)
9_Lemahmulya,Karawang,32748,107.401877,-6.333361,3/18/2024,4,Drone (rice field)
2_Rengasdengklok01,Karawang,32748,107.339166,-6.14781,3/16/2024,2,Drone (50x50)
13_Jatibarang1,Cirebon,32749,108.324017,-6.401879,3/19/2024,2,Drone (rice field)
4_Rengasdengklok03,Karawang,32748,107.348673,-6.149213,3/16/2024,2,Drone (50x50)
10_Lemahmukti,Karawang,32748,107.464557,-6.261573,3/18/2024,1,Drone (rice field)
2_Rengasdengklok01,Karawang,32748,107.336649,-6.147782,3/16/2024,2,Drone (50x50)
2_Rengasdengklok01,Karawang,32748,107.339095,-6.148878,3/16/2024,2,Drone (50x50)
2_Rengasdengklok01,Karawang,32748,107.337642,-6.149076,3/16/2024,2,Drone (50x50)
12_Jatibarang2,Cirebon,32749,108.323879,-6.403556,3/19/2024,2,Drone (rice field)
2_Rengasdengklok01,Karawang,32748,107.339544,-6.149085,3/16/2024,2,Drone (50x50)
19_DongkalSukasari,Cirebon,32749,108.27174,-6.383401,3/19/2024,2,Drone (rice field)
13_Jatibarang1,Cirebon,32749,108.32427,-6.400667,3/19/2024,2,Drone (rice field)
13_Jatibarang1,Cirebon,32749,108.324509,-6.402003,3/19/2024,2,Drone (rice field)
10_Lemahmukti,Karawang,32748,107.463203,-6.261563,3/18/2024,1,Drone (rice field)
4_Rengasdengklok03,Karawang,32748,107.349693,-6.14904,3/16/2024,2,Field Survey
4_Rengasdengklok03,Karawang,32748,107.348439,-6.15035,3/16/2024,1,Drone (50x50)
2_Rengasdengklok01,Karawang,32748,107.338854,-6.148636,3/16/2024,2,Field Survey
2_Rengasdengklok01,Karawang,32748,107.338861,-6.148637,3/16/2024,2,Drone (50x50)
10_Lemahmukti,Karawang,32748,107.464431,-6.26086,3/18/2024,1,Drone (rice field)
3_Rengasdengklok02,Karawang,32748,107.339771,-6.151795,3/16/2024,2,Field Survey
3_Rengasdengklok02,Karawang,32748,107.33978,-6.151835,3/16/2024,2,Drone (50x50)
10_Lemahmukti,Karawang,32748,107.464452,-6.261498,3/18/2024,1,Drone (50x50)
2_Rengasdengklok01,Karawang,32748,107.340612,-6.148554,3/16/2024,2,Drone (50x50)
12_Jatibarang2,Cirebon,32749,108.323514,-6.404979,3/19/2024,2,Drone (rice field)
2_Rengasdengklok01,Karawang,32748,107.337573,-6.147808,3/16/2024,2,Drone (50x50)
20_Kroya1,Cirebon,32749,108.075119,-6.483019,3/19/2024,4,Drone (rice field)
13_Jatibarang1,Cirebon,32749,108.325073,-6.401576,3/19/2024,2,Drone (rice field)
2_Rengasdengklok01,Karawang,32748,107.338139,-6.148263,3/16/2024,2,Drone (50x50)
13_Jatibarang1,Cirebon,32749,108.32472,-6.4014,3/19/2024,2,Drone (rice field)
2_Rengasdengklok01,Karawang,32748,107.337426,-6.148802,3/16/2024,2,Drone (50x50)
13_Jatibarang1,Cirebon,32749,108.323958,-6.400582,3/19/2024,2,Drone (rice field)
20_Kroya1,Cirebon,32749,108.075189,-6.481991,3/19/2024,3,Drone (rice field)
10_Lemahmukti,Karawang,32748,107.463489,-6.260469,3/18/2024,1,Drone (rice field)
2_Rengasdengklok01,Karawang,32748,107.337889,-6.148832,3/16/2024,2,Drone (50x50)
2_Rengasdengklok01,Karawang,32748,107.337444,-6.14822,3/16/2024,2,Drone (50x50)
10_Lemahmukti,Karawang,32748,107.463595,-6.261293,3/18/2024,1,Drone (rice field)
13_Jatibarang1,Cirebon,32749,108.323014,-6.40192,3/19/2024,2,Drone (rice field)
4_Rengasdengklok03,Karawang,32748,107.348796,-6.1504,3/16/2024,1,Field Survey
10_Lemahmukti,Karawang,32748,107.464424,-6.260421,3/18/2024,1,Drone (rice field)
2_Rengasdengklok01,Karawang,32748,107.338619,-6.148875,3/16/2024,2,Drone (50x50)
14_Jatimulya,Indramayu,32748,107.832645,-6.378906,3/20/2024,2,Drone (rice field)
12_Jatibarang2,Cirebon,32749,108.324468,-6.404415,3/19/2024,2,Drone (rice field)
2_Rengasdengklok01,Karawang,32748,107.339757,-6.148632,3/16/2024,2,Field Survey
2_Rengasdengklok01,Karawang,32748,107.339124,-6.148392,3/16/2024,2,Drone (50x50)
2_Rengasdengklok01,Karawang,32748,107.339793,-6.148981,3/16/2024,2,Drone (50x50)
10_Lemahmukti,Karawang,32748,107.4628,-6.261605,3/18/2024,1,Drone (rice field)
3_Rengasdengklok02,Karawang,32748,107.338273,-6.152507,3/16/2024,2,Drone (50x50)
10_Lemahmukti,Karawang,32748,107.461983,-6.261756,3/18/2024,1,Drone (rice field)
13_Jatibarang1,Cirebon,32749,108.32365,-6.402413,3/19/2024,2,Drone (rice field)
10_Lemahmukti,Karawang,32748,107.46372,-6.260229,3/18/2024,1,Drone (rice field)
13_Jatibarang1,Cirebon,32749,108.323739,-6.401036,3/19/2024,2,Drone (rice field)
2_Rengasdengklok01,Karawang,32748,107.337193,-6.148187,3/16/2024,2,Drone (50x50)
10_Lemahmukti,Karawang,32748,107.462325,-6.260506,3/18/2024,1,Drone (rice field)
3_Rengasdengklok02,Karawang,32748,107.339336,-6.152793,3/16/2024,2,Drone (50x50)
13_Jatibarang1,Cirebon,32749,108.324441,-6.401099,3/19/2024,2,Drone (rice field)
4_Rengasdengklok03,Karawang,32748,107.349794,-6.14878,3/16/2024,2,Drone (50x50)
13 Jatibarang1,Cirebon,32749,108.324444,-6.401889,3/19/2024,2,Drone (rice field)
19_DongkalSukasari,Cirebon,32749,108.270609,-6.383384,3/19/2024,2,Drone (rice field)
2_Rengasdengklok01,Karawang,32748,107.339596,-6.148395,3/16/2024,2,Drone (50x50)
10_Lemahmukti,Karawang,32748,107.461745,-6.261963,3/18/2024,1,Drone (50x50)
10_Lemahmukti,Karawang,32748,107.461687,-6.261942,3/18/2024,1,Drone (rice field)
10_Lemahmukti,Karawang,32748,107.46219,-6.260605,3/18/2024,1,Drone (50x50)
13_Jatibarang1,Cirebon,32749,108.323096,-6.401715,3/19/2024,2,Drone (rice field)
10_Lemahmukti,Karawang,32748,107.46453,-6.261114,3/18/2024,1,Drone (rice field)
14_Jatimulya,Indramayu,32748,107.833503,-6.379031,3/20/2024,2,Drone (rice field)
2_Rengasdengklok01,Karawang,32748,107.340606,-6.148081,3/16/2024,2,Drone (50x50)
10_Lemahmukti,Karawang,32748,107.461693,-6.261986,3/18/2024,1,Drone (rice field)
12_Jatibarang2,Cirebon,32749,108.323111,-6.403973,3/19/2024,2,Drone (rice field)
10_Lemahmukti,Karawang,32748,107.463877,-6.260724,3/18/2024,1,Drone (rice field)
2_Rengasdengklok01,Karawang,32748,107.336598,-6.149098,3/16/2024,2,Field Survey
14 Jatimulya,Indramayu,32748,107.835667,-6.380472,3/20/2024,2,Drone (rice field)
10_Lemahmukti,Karawang,32748,107.463097,-6.261505,3/18/2024,1,Drone (50x50)
13_Jatibarang1,Cirebon,32749,108.323339,-6.401542,3/19/2024,2,Drone (rice field)
9_Lemahmulya,Karawang,32748,107.401563,-6.33277,3/18/2024,4,Drone (rice field)
10_Lemahmukti,Karawang,32748,107.463996,-6.260597,3/18/2024,1,Drone (50x50)
10_Lemahmukti,Karawang,32748,107.462033,-6.261952,3/18/2024,1,Drone (rice field)
3_Rengasdengklok02,Karawang,32748,107.339423,-6.152047,3/16/2024,2,Drone (50x50)
2_Rengasdengklok01,Karawang,32748,107.340053,-6.148989,3/16/2024,2,Drone (50x50)
13_Jatibarang1,Cirebon,32749,108.324546,-6.400444,3/19/2024,2,Drone (rice field)
2_Rengasdengklok01,Karawang,32748,107.338845,-6.148874,3/16/2024,2,Drone (50x50)
19_DongkalSukasari,Cirebon,32749,108.270917,-6.382307,3/19/2024,2,Drone (rice field)
2_Rengasdengklok01,Karawang,32748,107.339382,-6.148055,3/16/2024,2,Drone (50x50)
10_Lemahmukti,Karawang,32748,107.464289,-6.261402,3/18/2024,1,Drone (rice field)
2_Rengasdengklok01,Karawang,32748,107.33986,-6.148201,3/16/2024,2,Drone (50x50)
10_Lemahmukti,Karawang,32748,107.462192,-6.261057,3/18/2024,1,Drone (50x50)
13_Jatibarang1,Cirebon,32749,108.323281,-6.401712,3/19/2024,2,Drone (rice field)
13_Jatibarang1,Cirebon,32749,108.32557,-6.40092,3/19/2024,2,Drone (rice field)
6_Ciranggon1,Karawang,32748,107.362074,-6.292701,3/18/2024,2,Drone (50x50)
10_Lemahmukti,Karawang,32748,107.462351,-6.260772,3/18/2024,1,Drone (rice field)
12_Jatibarang2,Cirebon,32749,108.322918,-6.403703,3/19/2024,2,Drone (rice field)
14 Jatimulya,Indramayu,32748,107.831944,-6.378611,3/20/2024,2,Drone (rice field)
14_Jatimulya,Indramayu,32748,107.831924,-6.378608,3/20/2024,2,Drone (rice field)
2_Rengasdengklok01,Karawang,32748,107.337185,-6.148787,3/16/2024,2,Drone (50x50)
10_Lemahmukti,Karawang,32748,107.462641,-6.260603,3/18/2024,1,Drone (50x50)
12_Jatibarang2,Cirebon,32749,108.324925,-6.405316,3/19/2024,2,Drone (rice field)
2_Rengasdengklok01,Karawang,32748,107.337436,-6.148463,3/16/2024,2,Drone (50x50)
4_Rengasdengklok03,Karawang,32748,107.349243,-6.149494,3/16/2024,2,Field Survey
5_Rengasdengklok04,Karawang,32748,107.344054,-6.212374,3/16/2024,3,Field Survey
4_Rengasdengklok03,Karawang,32748,107.348235,-6.14994,3/16/2024,2,Drone (50x50)
2_Rengasdengklok01,Karawang,32748,107.339109,-6.148637,3/16/2024,2,Drone (50x50)
9_Lemahmulya,Karawang,32748,107.402457,-6.332737,3/18/2024,4,Drone (50x50)
13_Jatibarang1,Cirebon,32749,108.324729,-6.400468,3/19/2024,2,Drone (rice field)
4_Rengasdengklok03,Karawang,32748,107.348344,-6.150402,3/16/2024,1,Field Survey
10_Lemahmukti,Karawang,32748,107.461968,-6.260314,3/18/2024,1,Drone (rice field)
13_Jatibarang1,Cirebon,32749,108.325356,-6.402152,3/19/2024,2,Drone (rice field)
13_Jatibarang1,Cirebon,32749,108.325353,-6.402169,3/19/2024,2,Drone (rice field)
18_Kiarasari,Indramayu,32748,107.885706,-6.435268,3/20/2024,4,Drone (rice field)
5_Rengasdengklok04,Karawang,32748,107.344099,-6.211885,3/16/2024,4,Field Survey
4_Rengasdengklok03,Karawang,32748,107.348342,-6.14995,3/16/2024,2,Field Survey
10_Lemahmukti,Karawang,32748,107.462196,-6.261961,3/18/2024,1,Drone (50x50)
4_Rengasdengklok03,Karawang,32748,107.348364,-6.14878,3/16/2024,2,Drone (50x50)
18_Kiarasari,Indramayu,32748,107.885794,-6.43508,3/20/2024,4,Drone (rice field)
4_Rengasdengklok03,Karawang,32748,107.348135,-6.150639,3/16/2024,2,Drone (50x50)
8_Ciranggon3,Karawang,32748,107.359712,-6.294465,3/18/2024,2,Drone (50x50)
2_Rengasdengklok01,Karawang,32748,107.340397,-6.148541,3/16/2024,2,Drone (50x50)
9_Lemahmulya,Karawang,32748,107.402001,-6.331836,3/18/2024,4,Drone (50x50)
17_Sukamandi2,Indramayu,32748,107.605921,-6.361565,3/20/2024,2,Drone (rice field)
2_Rengasdengklok01,Karawang,32748,107.336145,-6.148648,3/16/2024,2,Field Survey
12_Jatibarang2,Cirebon,32749,108.323399,-6.403818,3/19/2024,2,Drone (rice field)
13_Jatibarang1,Cirebon,32749,108.324447,-6.401255,3/19/2024,2,Drone (rice field)
19_DongkalSukasari,Cirebon,32749,108.27171,-6.383633,3/19/2024,2,Drone (rice field)
13_Jatibarang1,Cirebon,32749,108.323553,-6.402615,3/19/2024,2,Drone (rice field)
2_Rengasdengklok01,Karawang,32748,107.336627,-6.147925,3/16/2024,2,Drone (50x50)
13_Jatibarang1,Cirebon,32749,108.324461,-6.402356,3/19/2024,2,Drone (rice field)
2_Rengasdengklok01,Karawang,32748,107.339824,-6.148624,3/16/2024,2,Drone (50x50)
13_Jatibarang1,Cirebon,32749,108.324453,-6.402158,3/19/2024,2,Drone (rice field)
12_Jatibarang2,Cirebon,32749,108.324257,-6.403595,3/19/2024,2,Drone (rice field)
19_DongkalSukasari,Cirebon,32749,108.270629,-6.382959,3/19/2024,2,Drone (rice field)
12_Jatibarang2,Cirebon,32749,108.324806,-6.404756,3/19/2024,2,Drone (rice field)
2_Rengasdengklok01,Karawang,32748,107.339949,-6.147757,3/16/2024,2,Drone (50x50)
20_Kroya1,Cirebon,32749,108.075307,-6.482199,3/19/2024,4,Drone (rice field)
11_Indramayu,Cirebon,32749,108.302726,-6.328746,3/19/2024,5,Drone (rice field)
19_DongkalSukasari,Cirebon,32749,108.271635,-6.383053,3/19/2024,2,Drone (rice field)
14_Jatimulya,Indramayu,32748,107.832139,-6.378246,3/20/2024,2,Drone (rice field)
14_Jatimulya,Indramayu,32748,107.833117,-6.378242,3/20/2024,2,Drone (rice field)
13_Jatibarang1,Cirebon,32749,108.32445,-6.401706,3/19/2024,2,Drone (rice field)
9_Lemahmulya,Karawang,32748,107.402014,-6.33232,3/18/2024,4,Drone (rice field)
2_Rengasdengklok01,Karawang,32748,107.338404,-6.14909,3/16/2024,2,Field Survey
2_Rengasdengklok01,Karawang,32748,107.33836,-6.14906,3/16/2024,2,Drone (50x50)
2_Rengasdengklok01,Karawang,32748,107.337416,-6.149068,3/16/2024,2,Drone (50x50)
12_Jatibarang2,Cirebon,32749,108.323669,-6.405506,3/19/2024,2,Drone (rice field)
2_Rengasdengklok01,Karawang,32748,107.33705,-6.149096,3/16/2024,2,Field Survey
11_Indramayu,Cirebon,32749,108.304567,-6.327777,3/19/2024,5,Drone (rice field)
13_Jatibarang1,Cirebon,32749,108.323697,-6.400756,3/19/2024,2,Drone (rice field)
6_Ciranggon1,Karawang,32748,107.363168,-6.292441,3/18/2024,2,Drone (rice field)
10_Lemahmukti,Karawang,32748,107.462696,-6.261023,3/18/2024,1,Drone (rice field)
11_Indramayu,Cirebon,32749,108.304395,-6.328913,3/19/2024,5,Drone (rice field)
19_DongkalSukasari,Cirebon,32749,108.270958,-6.383405,3/19/2024,2,Drone (rice field)
4_Rengasdengklok03,Karawang,32748,107.348747,-6.148804,3/16/2024,2,Drone (50x50)
2_Rengasdengklok01,Karawang,32748,107.336596,-6.148646,3/16/2024,2,Field Survey
2_Rengasdengklok01,Karawang,32748,107.336565,-6.148646,3/16/2024,2,Drone (50x50)
2_Rengasdengklok01,Karawang,32748,107.33791,-6.148002,3/16/2024,2,Drone (50x50)
2_Rengasdengklok01,Karawang,32748,107.338383,-6.148552,3/16/2024,2,Drone (50x50)
12_Jatibarang2,Cirebon,32749,108.32401,-6.403515,3/19/2024,2,Drone (rice field)
12_Jatibarang2,Cirebon,32749,108.323108,-6.403521,3/19/2024,2,Drone (rice field)
2_Rengasdengklok01,Karawang,32748,107.34061,-6.147957,3/16/2024,2,Drone (50x50)
2_Rengasdengklok01,Karawang,32748,107.336916,-6.14779,3/16/2024,2,Drone (50x50)
2_Rengasdengklok01,Karawang,32748,107.336922,-6.14905,3/16/2024,2,Drone (50x50)
10_Lemahmukti,Karawang,32748,107.462621,-6.260277,3/18/2024,1,Drone (rice field)
20_Kroya1,Cirebon,32749,108.075283,-6.481851,3/19/2024,3,Drone (rice field)
12_Jatibarang2,Cirebon,32749,108.325091,-6.404398,3/19/2024,2,Drone (rice field)
2_Rengasdengklok01,Karawang,32748,107.336256,-6.148833,3/16/2024,2,Drone (50x50)
,Karawang,32748,107.346028,-6.166972,3/17/2024,2,Drone (50x50)
,Karawang,32748,107.346028,-6.166972,3/20/2024,2,Drone (rice field)
8_Ciranggon3,Karawang,32748,107.360152,-6.294803,3/18/2024,2,Drone (50x50)
6_Ciranggon1,Karawang,32748,107.362149,-6.292396,3/18/2024,2,Drone (rice field)
20_Kroya1,Cirebon,32749,108.075286,-6.482302,3/19/2024,4,Drone (rice field)
10 Lemahmukti,Karawang,32748,107.461583,-6.257889,3/20/2024,1,Drone (rice field)
10_Lemahmukti,Karawang,32748,107.464366,-6.261096,3/18/2024,1,Drone (rice field)
20_Kroya1,Cirebon,32749,108.075453,-6.481448,3/19/2024,3,Drone (rice field)
13_Jatibarang1,Cirebon,32749,108.323754,-6.400536,3/19/2024,2,Drone (rice field)
10_Lemahmukti,Karawang,32748,107.464527,-6.26183,3/18/2024,1,Drone (rice field)
12_Jatibarang2,Cirebon,32749,108.324099,-6.405219,3/19/2024,2,Drone (rice field)
12_Jatibarang2,Cirebon,32749,108.324065,-6.403586,3/19/2024,2,Drone (rice field)
20_Kroya1,Cirebon,32749,108.07498,-6.482246,3/19/2024,3,Drone (rice field)
12_Jatibarang2,Cirebon,32749,108.323562,-6.40397,3/19/2024,2,Drone (rice field)
12_Jatibarang2,Cirebon,32749,108.323568,-6.404873,3/19/2024,2,Drone (rice field)
17_Sukamandi2,Indramayu,32748,107.606156,-6.361349,3/20/2024,2,Drone (rice field)
10_Lemahmukti,Karawang,32748,107.463599,-6.260394,3/18/2024,1,Drone (rice field)
20_Kroya1,Cirebon,32749,108.076206,-6.481324,3/19/2024,4,Drone (rice field)
13_Jatibarang1,Cirebon,32749,108.323459,-6.402443,3/19/2024,2,Drone (rice field)
13_Jatibarang1,Cirebon,32749,108.325694,-6.400567,3/19/2024,2,Drone (rice field)
2_Rengasdengklok01,Karawang,32748,107.336245,-6.148631,3/16/2024,2,Drone (50x50)
14 Jatimulya,Indramayu,32748,107.835889,-6.378417,3/20/2024,2,Drone (rice field)
12_Jatibarang2,Cirebon,32749,108.32439,-6.405492,3/19/2024,2,Drone (rice field)
12_Jatibarang2,Cirebon,32749,108.322897,-6.403528,3/19/2024,2,Drone (rice field)
2_Rengasdengklok01,Karawang,32748,107.339629,-6.147796,3/16/2024,2,Drone (50x50)
18_Kiarasari,Indramayu,32748,107.885692,-6.434996,3/20/2024,4,Drone (rice field)
4_Rengasdengklok03,Karawang,32748,107.348139,-6.150498,3/16/2024,2,Drone (50x50)
12_Jatibarang2,Cirebon,32749,108.323116,-6.404876,3/19/2024,2,Drone (rice field)
20_Kroya1,Cirebon,32749,108.07544,-6.48172,3/19/2024,3,Drone (rice field)
17_Sukamandi2,Indramayu,32748,107.606295,-6.361124,3/20/2024,2,Drone (rice field)
19_DongkalSukasari,Cirebon,32749,108.271066,-6.383083,3/19/2024,2,Drone (rice field)
19_DongkalSukasari,Cirebon,32749,108.270986,-6.383127,3/19/2024,2,Drone (rice field)
2_Rengasdengklok01,Karawang,32748,107.339562,-6.14889,3/16/2024,2,Drone (50x50)
9_Lemahmulya,Karawang,32748,107.402399,-6.333051,3/18/2024,4,Drone (rice field)
10_Lemahmukti,Karawang,32748,107.464192,-6.261096,3/18/2024,1,Drone (rice field)
2_Rengasdengklok01,Karawang,32748,107.336566,-6.148843,3/16/2024,2,Drone (50x50)
10_Lemahmukti,Karawang,32748,107.462256,-6.261712,3/18/2024,1,Drone (rice field)
9_Lemahmulya,Karawang,32748,107.401555,-6.333194,3/18/2024,4,Drone (50x50)
20_Kroya1,Cirebon,32749,108.075273,-6.481633,3/19/2024,3,Drone (rice field)
3_Rengasdengklok02,Karawang,32748,107.338704,-6.151625,3/16/2024,2,Drone (50x50)
2_Rengasdengklok01,Karawang,32748,107.338641,-6.148446,3/16/2024,2,Drone (50x50)
,Karawang,32748,107.360139,-6.218361,3/17/2024,2,Drone (50x50)
12_Jatibarang2,Cirebon,32749,108.323202,-6.403518,3/19/2024,2,Drone (rice field)
,Karawang,32748,107.360139,-6.218361,3/20/2024,2,Drone (rice field)
,Indramayu,32748,107.793389,-6.369139,3/20/2024,3,Drone (rice field)
4_Rengasdengklok03,Karawang,32748,107.34872,-6.150466,3/16/2024,2,Drone (50x50)
14_Jatimulya,Indramayu,32748,107.832191,-6.378457,3/20/2024,2,Drone (rice field)
17_Sukamandi2,Indramayu,32748,107.607573,-6.361355,3/20/2024,2,Drone (rice field)
3_Rengasdengklok02,Karawang,32748,107.339055,-6.151774,3/16/2024,2,Drone (50x50)
13_Jatibarang1,Cirebon,32749,108.323386,-6.401356,3/19/2024,2,Drone (rice field)
9_Lemahmulya,Karawang,32748,107.401278,-6.332739,3/18/2024,4,Drone (rice field)
2_Rengasdengklok01,Karawang,32748,107.337497,-6.14819,3/16/2024,2,Field Survey
14_Jatimulya,Indramayu,32748,107.831915,-6.379304,3/20/2024,2,Drone (rice field)
2_Rengasdengklok01,Karawang,32748,107.340616,-6.147815,3/16/2024,2,Drone (50x50)
19 Dongkal Sukasari,Cirebon,32749,108.273917,-6.385167,3/19/2024,3,Drone (rice field)
3_Rengasdengklok02,Karawang,32748,107.338572,-6.152753,3/16/2024,2,Drone (50x50)
12 Jatibarang2,Cirebon,32749,108.323917,-6.403639,3/19/2024,2,Drone (rice field)
2_Rengasdengklok01,Karawang,32748,107.337501,-6.149094,3/16/2024,2,Field Survey
2_Rengasdengklok01,Karawang,32748,107.336568,-6.148429,3/16/2024,2,Drone (50x50)
13_Jatibarang1,Cirebon,32749,108.32419,-6.40236,3/19/2024,2,Drone (rice field)
13_Jatibarang1,Cirebon,32749,108.325382,-6.401812,3/19/2024,2,Drone (rice field)
13_Jatibarang1,Cirebon,32749,108.324358,-6.400448,3/19/2024,2,Drone (rice field)
14_Jatimulya,Indramayu,32748,107.832613,-6.379002,3/20/2024,2,Drone (rice field)
13_Jatibarang1,Cirebon,32749,108.324004,-6.402612,3/19/2024,2,Drone (rice field)
2_Rengasdengklok01,Karawang,32748,107.336444,-6.147774,3/16/2024,2,Drone (50x50)
17 Sukamandi2,Indramayu,32748,107.608569,-6.36075,3/20/2024,3,Drone (rice field)
,Karawang,32748,107.431722,-6.201472,3/17/2024,6,Drone (50x50)
15 Kroya,Cirebon,32749,108.072917,-6.4545,3/19/2024,2,Drone (rice field)
15 Kroya,Cirebon,32749,108.072917,-6.4545,3/19/2024,2,Drone (rice field)
12_Jatibarang2,Cirebon,32749,108.323025,-6.403532,3/19/2024,2,Drone (rice field)
2_Rengasdengklok01,Karawang,32748,107.340083,-6.148635,3/16/2024,2,Drone (50x50)
10_Lemahmukti,Karawang,32748,107.46445,-6.261046,3/18/2024,1,Drone (50x50)
10_Lemahmukti,Karawang,32748,107.464425,-6.261036,3/18/2024,1,Drone (rice field)
19_DongkalSukasari,Cirebon,32749,108.270631,-6.38284,3/19/2024,2,Drone (rice field)
4_Rengasdengklok03,Karawang,32748,107.347927,-6.150528,3/16/2024,2,Drone (50x50)
13_Jatibarang1,Cirebon,32749,108.324067,-6.401568,3/19/2024,2,Drone (rice field)
9_Lemahmulya,Karawang,32748,107.401441,-6.333378,3/18/2024,4,Drone (rice field)
2_Rengasdengklok01,Karawang,32748,107.34021,-6.149082,3/16/2024,2,Field Survey
11_Indramayu,Cirebon,32749,108.302759,-6.327337,3/19/2024,5,Drone (rice field)
2_Rengasdengklok01,Karawang,32748,107.338117,-6.14885,3/16/2024,2,Drone (50x50)
4_Rengasdengklok03,Karawang,32748,107.349052,-6.150373,3/16/2024,2,Drone (50x50)
13_Jatibarang1,Cirebon,32749,108.32458,-6.40064,3/19/2024,2,Drone (rice field)
19_DongkalSukasari,Cirebon,32749,108.270646,-6.38238,3/19/2024,2,Drone (rice field)
5_Rengasdengklok04,Karawang,32748,107.344196,-6.212096,3/16/2024,4,Field Survey
13_Jatibarang1,Cirebon,32749,108.324246,-6.40198,3/19/2024,2,Drone (rice field)
6_Ciranggon1,Karawang,32748,107.362478,-6.293374,3/18/2024,2,Drone (rice field)
4_Rengasdengklok03,Karawang,32748,107.349144,-6.148837,3/16/2024,2,Drone (50x50)
13_Jatibarang1,Cirebon,32749,108.323244,-6.401969,3/19/2024,2,Drone (rice field)
12_Jatibarang2,Cirebon,32749,108.324028,-6.404318,3/19/2024,2,Drone (rice field)
9_Lemahmulya,Karawang,32748,107.401558,-6.333645,3/18/2024,3,Drone (50x50)
2_Rengasdengklok01,Karawang,32748,107.337048,-6.148644,3/16/2024,2,Field Survey
12_Jatibarang2,Cirebon,32749,108.324922,-6.404864,3/19/2024,2,Drone (rice field)
2_Rengasdengklok01,Karawang,32748,107.338663,-6.147986,3/16/2024,2,Drone (50x50)
9_Lemahmulya,Karawang,32748,107.40269,-6.332507,3/18/2024,3,Drone (rice field)
14_Jatimulya,Indramayu,32748,107.833551,-6.379353,3/20/2024,2,Drone (rice field)
5_Rengasdengklok04,Karawang,32748,107.343092,-6.212229,3/16/2024,4,Field Survey
12_Jatibarang2,Cirebon,32749,108.324013,-6.403967,3/19/2024,2,Drone (rice field)
9_Lemahmulya,Karawang,32748,107.40167,-6.33336,3/18/2024,4,Drone (rice field)
12_Jatibarang2,Cirebon,32749,108.323297,-6.404284,3/19/2024,2,Drone (rice field)
13_Jatibarang1,Cirebon,32749,108.323446,-6.401152,3/19/2024,2,Drone (rice field)
8_Ciranggon3,Karawang,32748,107.360276,-6.294517,3/18/2024,2,Drone (50x50)
19_DongkalSukasari,Cirebon,32749,108.271517,-6.38308,3/19/2024,2,Drone (rice field)
13_Jatibarang1,Cirebon,32749,108.324154,-6.40089,3/19/2024,2,Drone (rice field)
13_Jatibarang1,Cirebon,32749,108.324809,-6.400788,3/19/2024,2,Drone (rice field)
2_Rengasdengklok01,Karawang,32748,107.338101,-6.149093,3/16/2024,2,Drone (50x50)
13_Jatibarang1,Cirebon,32749,108.324444,-6.400803,3/19/2024,2,Drone (rice field)
12_Jatibarang2,Cirebon,32749,108.325165,-6.40403,3/19/2024,2,Drone (rice field)
11_Indramayu,Cirebon,32749,108.304076,-6.328904,3/19/2024,5,Drone (rice field)
8_Ciranggon3,Karawang,32748,107.360692,-6.29421,3/18/2024,2,Drone (50x50)
9_Lemahmulya,Karawang,32748,107.400977,-6.33371,3/18/2024,3,Drone (rice field)
9_Lemahmulya,Karawang,32748,107.402366,-6.333687,3/18/2024,3,Drone (rice field)
11_Indramayu,Cirebon,32749,108.302316,-6.328694,3/19/2024,5,Drone (rice field)
12_Jatibarang2,Cirebon,32749,108.324919,-6.404412,3/19/2024,2,Drone (rice field)
13_Jatibarang1,Cirebon,32749,108.324693,-6.40204,3/19/2024,2,Drone (rice field)
13_Jatibarang1,Cirebon,32749,108.323716,-6.401815,3/19/2024,2,Drone (rice field)
17_Sukamandi2,Indramayu,32748,107.60647,-6.361442,3/20/2024,2,Drone (rice field)
8_Ciranggon3,Karawang,32748,107.35972,-6.294214,3/18/2024,2,Drone (50x50)
14_Jatimulya,Indramayu,32748,107.832206,-6.378623,3/20/2024,2,Drone (rice field)
4_Rengasdengklok03,Karawang,32748,107.349695,-6.149492,3/16/2024,2,Field Survey
4_Rengasdengklok03,Karawang,32748,107.349705,-6.149484,3/16/2024,2,Drone (50x50)
6_Ciranggon1,Karawang,32748,107.362146,-6.293372,3/18/2024,2,Drone (rice field)
17_Sukamandi2,Indramayu,32748,107.607926,-6.362084,3/20/2024,2,Drone (rice field)
13_Jatibarang1,Cirebon,32749,108.324002,-6.402161,3/19/2024,2,Drone (rice field)
19_DongkalSukasari,Cirebon,32749,108.271565,-6.382762,3/19/2024,2,Drone (rice field)
13_Jatibarang1,Cirebon,32749,108.325801,-6.401246,3/19/2024,2,Drone (rice field)
16_Sukamandi1,Indramayu,32748,107.631322,-6.365819,3/20/2024,6,Drone (rice field)
19_DongkalSukasari,Cirebon,32749,108.271485,-6.382472,3/19/2024,2,Drone (rice field)
17_Sukamandi2,Indramayu,32748,107.606577,-6.360641,3/20/2024,2,Drone (rice field)
19_DongkalSukasari,Cirebon,32749,108.270609,-6.382182,3/19/2024,2,Drone (rice field)
19_DongkalSukasari,Cirebon,32749,108.270579,-6.382205,3/19/2024,2,Drone (rice field)
6_Ciranggon1,Karawang,32748,107.362149,-6.292684,3/18/2024,2,Drone (rice field)
4_Rengasdengklok03,Karawang,32748,107.350063,-6.149052,3/16/2024,2,Drone (50x50)
13_Jatibarang1,Cirebon,32749,108.32535,-6.401249,3/19/2024,2,Drone (rice field)
2_Rengasdengklok01,Karawang,32748,107.338924,-6.14781,3/16/2024,2,Drone (50x50)
6_Ciranggon1,Karawang,32748,107.36216,-6.292233,3/18/2024,2,Drone (rice field)
12_Jatibarang2,Cirebon,32749,108.325021,-6.405285,3/19/2024,2,Drone (rice field)
12_Jatibarang2,Cirebon,32749,108.322989,-6.404728,3/19/2024,2,Drone (rice field)
15_Kroya,Cirebon,32749,108.072951,-6.45465,3/19/2024,2,Drone (rice field)
19_DongkalSukasari,Cirebon,32749,108.270612,-6.382634,3/19/2024,2,Drone (rice field)
11_Indramayu,Cirebon,32749,108.301416,-6.329152,3/19/2024,5,Drone (rice field)
19_DongkalSukasari,Cirebon,32749,108.27106,-6.382179,3/19/2024,2,Drone (rice field)
12_Jatibarang2,Cirebon,32749,108.323908,-6.404112,3/19/2024,2,Drone (rice field)
15_Kroya,Cirebon,32749,108.071959,-6.45477,3/19/2024,2,Drone (rice field)
11_Indramayu,Cirebon,32749,108.303219,-6.328689,3/19/2024,5,Drone (rice field)
15_Kroya,Cirebon,32749,108.071924,-6.45478,3/19/2024,2,Drone (rice field)
4_Rengasdengklok03,Karawang,32748,107.349245,-6.149946,3/16/2024,1,Field Survey
11_Indramayu,Cirebon,32749,108.302767,-6.328691,3/19/2024,5,Drone (rice field)
3_Rengasdengklok02,Karawang,32748,107.33842,-6.152705,3/16/2024,2,Field Survey
6_Ciranggon1,Karawang,32748,107.362155,-6.292875,3/18/2024,2,Drone (rice field)
20_Kroya1,Cirebon,32749,108.076155,-6.482906,3/19/2024,3,Drone (rice field)
2_Rengasdengklok01,Karawang,32748,107.336273,-6.148402,3/16/2024,2,Drone (50x50)
12_Jatibarang2,Cirebon,32749,108.323032,-6.403866,3/19/2024,2,Drone (rice field)
5_Rengasdengklok04,Karawang,32748,107.343873,-6.21181,3/16/2024,4,Field Survey
12_Jatibarang2,Cirebon,32749,108.324465,-6.403964,3/19/2024,2,Drone (rice field)
9_Lemahmulya,Karawang,32748,107.402348,-6.333367,3/18/2024,3,Drone (rice field)
9_Lemahmulya,Karawang,32748,107.401106,-6.333648,3/18/2024,3,Drone (50x50)
15_Kroya,Cirebon,32749,108.072862,-6.454765,3/19/2024,2,Drone (rice field)
2_Rengasdengklok01,Karawang,32748,107.337901,-6.14825,3/16/2024,2,Drone (50x50)
13_Jatibarang1,Cirebon,32749,108.325471,-6.401397,3/19/2024,2,Drone (rice field)
14_Jatimulya,Indramayu,32748,107.833014,-6.377936,3/20/2024,2,Drone (rice field)
9_Lemahmulya,Karawang,32748,107.400399,-6.333629,3/18/2024,3,Drone (rice field)
12_Jatibarang2,Cirebon,32749,108.32509,-6.405107,3/19/2024,2,Drone (rice field)
10 Lemahmukti,Karawang,32748,107.460694,-6.259972,3/20/2024,1,Drone (rice field)
3_Rengasdengklok02,Karawang,32748,107.339752,-6.152366,3/16/2024,2,Drone (50x50)
16 Sukamandi1,Indramayu,32748,107.631083,-6.365472,3/20/2024,6,Drone (rice field)
16 Sukamandi1,Indramayu,32748,107.631083,-6.3655,3/20/2024,6,Drone (rice field)
9_Lemahmulya,Karawang,32748,107.401553,-6.332742,3/18/2024,4,Drone (50x50)
13_Jatibarang1,Cirebon,32749,108.325798,-6.400794,3/19/2024,2,Drone (rice field)
2_Rengasdengklok01,Karawang,32748,107.338405,-6.147985,3/16/2024,2,Drone (50x50)
10_Lemahmukti,Karawang,32748,107.462833,-6.261887,3/18/2024,1,Drone (rice field)
12_Jatibarang2,Cirebon,32749,108.323299,-6.405441,3/19/2024,2,Drone (rice field)
17_Sukamandi2,Indramayu,32748,107.607009,-6.361947,3/20/2024,2,Drone (rice field)
18_Kiarasari,Indramayu,32748,107.884901,-6.434967,3/20/2024,4,Drone (rice field)
20_Kroya1,Cirebon,32749,108.075667,-6.481815,3/19/2024,4,Drone (rice field)
12_Jatibarang2,Cirebon,32749,108.322905,-6.405015,3/19/2024,2,Drone (rice field)
14_Jatimulya,Indramayu,32748,107.833394,-6.379349,3/20/2024,2,Drone (rice field)
11_Indramayu,Cirebon,32749,108.302313,-6.328243,3/19/2024,5,Drone (rice field)
15_Kroya,Cirebon,32749,108.072408,-6.454316,3/19/2024,2,Drone (rice field)
20_Kroya1,Cirebon,32749,108.0759,-6.482433,3/19/2024,3,Drone (rice field)
2_Rengasdengklok01,Karawang,32748,107.33863,-6.14865,3/16/2024,2,Drone (50x50)
11_Indramayu,Cirebon,32749,108.30231,-6.327791,3/19/2024,5,Drone (rice field)
20_Kroya1,Cirebon,32749,108.076184,-6.481393,3/19/2024,4,Drone (rice field)
13_Jatibarang1,Cirebon,32749,108.32497,-6.400506,3/19/2024,2,Drone (rice field)
13_Jatibarang1,Cirebon,32749,108.323778,-6.402498,3/19/2024,2,Drone (rice field)
3_Rengasdengklok02,Karawang,32748,107.339773,-6.152247,3/16/2024,2,Field Survey
8_Ciranggon3,Karawang,32748,107.359824,-6.294519,3/18/2024,2,Drone (50x50)
12_Jatibarang2,Cirebon,32749,108.324935,-6.405442,3/19/2024,2,Drone (rice field)
13_Jatibarang1,Cirebon,32749,108.324305,-6.400535,3/19/2024,2,Drone (rice field)
17_Sukamandi2,Indramayu,32748,107.60706,-6.361071,3/20/2024,2,Drone (rice field)
13 Jatibarang1,Cirebon,32749,108.320361,-6.402972,3/19/2024,3,Drone (rice field)
19_DongkalSukasari,Cirebon,32749,108.271153,-6.382675,3/19/2024,2,Drone (rice field)
2_Rengasdengklok01,Karawang,32748,107.339755,-6.14818,3/16/2024,2,Field Survey
19_DongkalSukasari,Cirebon,32749,108.271812,-6.382464,3/19/2024,2,Drone (rice field)
17_Sukamandi2,Indramayu,32748,107.606744,-6.36067,3/20/2024,2,Drone (rice field)
14_Jatimulya,Indramayu,32748,107.833092,-6.378,3/20/2024,2,Drone (rice field)
17_Sukamandi2,Indramayu,32748,107.606828,-6.360978,3/20/2024,2,Drone (rice field)
11_Indramayu,Cirebon,32749,108.300683,-6.329273,3/19/2024,5,Drone (rice field)
5_Rengasdengklok04,Karawang,32748,107.343608,-6.211655,3/16/2024,4,Drone (50x50)
2_Rengasdengklok01,Karawang,32748,107.337663,-6.148479,3/16/2024,2,Drone (50x50)
12_Jatibarang2,Cirebon,32749,108.324772,-6.405519,3/19/2024,2,Drone (rice field)
2_Rengasdengklok01,Karawang,32748,107.338898,-6.148069,3/16/2024,2,Drone (50x50)
20 Kroya1,Cirebon,32749,108.075806,-6.482167,3/19/2024,4,Drone (rice field)
13_Jatibarang1,Cirebon,32749,108.325353,-6.4017,3/19/2024,2,Drone (rice field)
15_Kroya,Cirebon,32749,108.071976,-6.454088,3/19/2024,2,Drone (rice field)
13_Jatibarang1,Cirebon,32749,108.325108,-6.402517,3/19/2024,2,Drone (rice field)
9_Lemahmulya,Karawang,32748,107.401434,-6.332476,3/18/2024,4,Drone (rice field)
9_Lemahmulya,Karawang,32748,107.401946,-6.331744,3/18/2024,4,Drone (rice field)
2_Rengasdengklok01,Karawang,32748,107.337653,-6.148819,3/16/2024,2,Drone (50x50)
9_Lemahmulya,Karawang,32748,107.402003,-6.332288,3/18/2024,4,Drone (50x50)
17_Sukamandi2,Indramayu,32748,107.60798,-6.361864,3/20/2024,2,Drone (rice field)
2_Rengasdengklok01,Karawang,32748,107.34019,-6.148631,3/16/2024,2,Field Survey
19_DongkalSukasari,Cirebon,32749,108.271089,-6.382507,3/19/2024,2,Drone (rice field)
13_Jatibarang1,Cirebon,32749,108.324424,-6.402648,3/19/2024,2,Drone (rice field)
12 Jatibarang2,Cirebon,32749,108.323417,-6.404075,3/19/2024,2,Drone (rice field)
11_Indramayu,Cirebon,32749,108.302308,-6.32734,3/19/2024,5,Drone (rice field)
15_Kroya,Cirebon,32749,108.072597,-6.454365,3/19/2024,2,Drone (rice field)
17 Sukamandi2,Indramayu,32748,107.611556,-6.361722,3/20/2024,2,Drone (rice field)
14_Jatimulya,Indramayu,32748,107.832643,-6.378455,3/20/2024,2,Drone (rice field)
2_Rengasdengklok01,Karawang,32748,107.3384,-6.148186,3/16/2024,2,Field Survey
2_Rengasdengklok01,Karawang,32748,107.338395,-6.148224,3/16/2024,2,Drone (50x50)
13_Jatibarang1,Cirebon,32749,108.323673,-6.402635,3/19/2024,2,Drone (rice field)
12_Jatibarang2,Cirebon,32749,108.324022,-6.405321,3/19/2024,2,Drone (rice field)
17_Sukamandi2,Indramayu,32748,107.605975,-6.362196,3/20/2024,2,Drone (rice field)
9_Lemahmulya,Karawang,32748,107.401689,-6.332596,3/18/2024,4,Drone (rice field)
2_Rengasdengklok01,Karawang,32748,107.337672,-6.148235,3/16/2024,2,Drone (50x50)
18_Kiarasari,Indramayu,32748,107.885353,-6.436889,3/20/2024,4,Drone (rice field)
8_Ciranggon3,Karawang,32748,107.359285,-6.294213,3/18/2024,2,Drone (50x50)
12_Jatibarang2,Cirebon,32749,108.325082,-6.405188,3/19/2024,2,Drone (rice field)
6_Ciranggon1,Karawang,32748,107.363168,-6.292258,3/18/2024,2,Drone (rice field)
9_Lemahmulya,Karawang,32748,107.402059,-6.333756,3/18/2024,3,Drone (rice field)
12_Jatibarang2,Cirebon,32749,108.32398,-6.403872,3/19/2024,2,Drone (rice field)
2_Rengasdengklok01,Karawang,32748,107.336594,-6.148194,3/16/2024,2,Field Survey
2_Rengasdengklok01,Karawang,32748,107.336562,-6.148164,3/16/2024,2,Drone (50x50)
5_Rengasdengklok04,Karawang,32748,107.343504,-6.211994,3/16/2024,4,Field Survey
17_Sukamandi2,Indramayu,32748,107.607198,-6.361119,3/20/2024,2,Drone (rice field)
2_Rengasdengklok01,Karawang,32748,107.339618,-6.148048,3/16/2024,2,Drone (50x50)
2_Rengasdengklok01,Karawang,32748,107.336897,-6.147942,3/16/2024,2,Drone (50x50)
13_Jatibarang1,Cirebon,32749,108.323121,-6.402279,3/19/2024,2,Drone (rice field)
10_Lemahmukti,Karawang,32748,107.462074,-6.260221,3/18/2024,1,Drone (rice field)
19_DongkalSukasari,Cirebon,32749,108.270529,-6.382084,3/19/2024,2,Drone (rice field)
14_Jatimulya,Indramayu,32748,107.833021,-6.379361,3/20/2024,2,Drone (rice field)
13_Jatibarang1,Cirebon,32749,108.322986,-6.402195,3/19/2024,2,Drone (rice field)
9_Lemahmulya,Karawang,32748,107.402069,-6.332161,3/18/2024,4,Drone (rice field)
11_Indramayu,Cirebon,32749,108.304642,-6.327054,3/19/2024,5,Drone (rice field)
4_Rengasdengklok03,Karawang,32748,107.35,-6.14955,3/16/2024,2,Drone (50x50)
20_Kroya1,Cirebon,32749,108.07579,-6.481394,3/19/2024,4,Drone (rice field)
2_Rengasdengklok01,Karawang,32748,107.337186,-6.147956,3/16/2024,2,Drone (50x50)
12_Jatibarang2,Cirebon,32749,108.323565,-6.404421,3/19/2024,2,Drone (rice field)
13_Jatibarang1,Cirebon,32749,108.324896,-6.4008,3/19/2024,2,Drone (rice field)
13_Jatibarang1,Cirebon,32749,108.324954,-6.400848,3/19/2024,2,Drone (rice field)
19_DongkalSukasari,Cirebon,32749,108.270762,-6.382713,3/19/2024,2,Drone (rice field)
14_Jatimulya,Indramayu,32748,107.833265,-6.3783,3/20/2024,2,Drone (rice field)
16_Sukamandi1,Indramayu,32748,107.633765,-6.365124,3/20/2024,6,Drone (rice field)
15_Kroya,Cirebon,32749,108.071956,-6.454319,3/19/2024,2,Drone (rice field)
15_Kroya,Cirebon,32749,108.071961,-6.454341,3/19/2024,2,Drone (rice field)
20_Kroya1,Cirebon,32749,108.075067,-6.482499,3/19/2024,4,Drone (rice field)
15_Kroya,Cirebon,32749,108.072096,-6.454091,3/19/2024,2,Drone (rice field)
12_Jatibarang2,Cirebon,32749,108.323103,-6.405418,3/19/2024,2,Drone (rice field)
12_Jatibarang2,Cirebon,32749,108.323815,-6.40379,3/19/2024,2,Drone (rice field)
2_Rengasdengklok01,Karawang,32748,107.33914,-6.148067,3/16/2024,2,Drone (50x50)
11_Indramayu,Cirebon,32749,108.301333,-6.329081,3/19/2024,5,Drone (rice field)
11_Indramayu,Cirebon,32749,108.302177,-6.327169,3/19/2024,5,Drone (rice field)
20_Kroya1,Cirebon,32749,108.074885,-6.48222,3/19/2024,3,Drone (rice field)
12_Jatibarang2,Cirebon,32749,108.323801,-6.404476,3/19/2024,2,Drone (rice field)
11_Indramayu,Cirebon,32749,108.301972,-6.328175,3/19/2024,5,Drone (rice field)
17 Sukamandi2,Indramayu,32748,107.603611,-6.3675,3/20/2024,3,Drone (rice field)
18_Kiarasari,Indramayu,32748,107.884096,-6.436522,3/20/2024,4,Drone (rice field)
12_Jatibarang2,Cirebon,32749,108.322895,-6.405485,3/19/2024,2,Drone (rice field)
20_Kroya1,Cirebon,32749,108.076093,-6.483063,3/19/2024,3,Drone (rice field)
3_Rengasdengklok02,Karawang,32748,107.339007,-6.152277,3/16/2024,2,Drone (50x50)
9_Lemahmulya,Karawang,32748,107.40213,-6.334031,3/18/2024,3,Drone (rice field)
13_Jatibarang1,Cirebon,32749,108.324848,-6.401201,3/19/2024,2,Drone (rice field)
16_Sukamandi1,Indramayu,32748,107.633655,-6.365269,3/20/2024,6,Drone (rice field)
13_Jatibarang1,Cirebon,32749,108.325221,-6.402219,3/19/2024,2,Drone (rice field)
16_Sukamandi1,Indramayu,32748,107.63072,-6.365753,3/20/2024,6,Drone (rice field)
9_Lemahmulya,Karawang,32748,107.402195,-6.33275,3/18/2024,4,Drone (rice field)
12_Jatibarang2,Cirebon,32749,108.323556,-6.40408,3/19/2024,2,Drone (rice field)
11_Indramayu,Cirebon,32749,108.303202,-6.329449,3/19/2024,4,Drone (rice field)
17_Sukamandi2,Indramayu,32748,107.606602,-6.362069,3/20/2024,2,Drone (rice field)
17_Sukamandi2,Indramayu,32748,107.606684,-6.361845,3/20/2024,2,Drone (rice field)
2_Rengasdengklok01,Karawang,32748,107.336288,-6.148136,3/16/2024,2,Drone (50x50)
2_Rengasdengklok01,Karawang,32748,107.340602,-6.14898,3/16/2024,2,Drone (50x50)
16_Sukamandi1,Indramayu,32748,107.632966,-6.365959,3/20/2024,6,Drone (rice field)
2_Rengasdengklok01,Karawang,32748,107.340455,-6.147795,3/16/2024,2,Drone (50x50)
6_Ciranggon1,Karawang,32748,107.362854,-6.293373,3/18/2024,2,Drone (rice field)
12_Jatibarang2,Cirebon,32749,108.325178,-6.404717,3/19/2024,2,Drone (rice field)
2_Rengasdengklok01,Karawang,32748,107.340185,-6.147774,3/16/2024,2,Drone (50x50)
11_Indramayu,Cirebon,32749,108.302319,-6.329146,3/19/2024,5,Drone (rice field)
20_Kroya1,Cirebon,32749,108.075193,-6.482326,3/19/2024,4,Drone (rice field)
12_Jatibarang2,Cirebon,32749,108.324673,-6.405075,3/19/2024,2,Drone (rice field)
17_Sukamandi2,Indramayu,32748,107.607293,-6.360582,3/20/2024,2,Drone (rice field)
19_DongkalSukasari,Cirebon,32749,108.271729,-6.381915,3/19/2024,2,Drone (rice field)
4_Rengasdengklok03,Karawang,32748,107.34925,-6.148626,3/16/2024,1,Drone (50x50)
13_Jatibarang1,Cirebon,32749,108.324456,-6.402609,3/19/2024,2,Drone (rice field)
17_Sukamandi2,Indramayu,32748,107.607681,-6.360577,3/20/2024,2,Drone (rice field)
17_Sukamandi2,Indramayu,32748,107.606749,-6.361573,3/20/2024,2,Drone (rice field)
11_Indramayu,Cirebon,32749,108.302305,-6.326888,3/19/2024,5,Drone (rice field)
13_Jatibarang1,Cirebon,32749,108.323924,-6.401541,3/19/2024,2,Drone (rice field)
17_Sukamandi2,Indramayu,32748,107.607472,-6.362571,3/20/2024,2,Drone (rice field)
17_Sukamandi2,Indramayu,32748,107.605965,-6.361175,3/20/2024,2,Drone (rice field)
2_Rengasdengklok01,Karawang,32748,107.33958,-6.148641,3/16/2024,2,Drone (50x50)
11_Indramayu,Cirebon,32749,108.301865,-6.328697,3/19/2024,5,Drone (rice field)
17 Sukamandi2,Indramayu,32748,107.612194,-6.360528,3/20/2024,2,Drone (rice field)
6_Ciranggon1,Karawang,32748,107.362911,-6.292827,3/18/2024,2,Drone (rice field)
12_Jatibarang2,Cirebon,32749,108.324015,-6.405416,3/19/2024,2,Drone (rice field)
14_Jatimulya,Indramayu,32748,107.833546,-6.37845,3/20/2024,2,Drone (rice field)
15_Kroya,Cirebon,32749,108.07186,-6.454534,3/19/2024,2,Drone (rice field)
19_DongkalSukasari,Cirebon,32749,108.271353,-6.383429,3/19/2024,2,Drone (rice field)
17_Sukamandi2,Indramayu,32748,107.606293,-6.360672,3/20/2024,2,Drone (rice field)
14_Jatimulya,Indramayu,32748,107.833476,-6.378444,3/20/2024,2,Drone (rice field)
,Indramayu,32748,107.7935,-6.366889,3/20/2024,4,Drone (rice field)
2_Rengasdengklok01,Karawang,32748,107.338133,-6.148508,3/16/2024,2,Drone (50x50)
11_Indramayu,Cirebon,32749,108.303659,-6.326879,3/19/2024,5,Drone (rice field)
3_Rengasdengklok02,Karawang,32748,107.339393,-6.15232,3/16/2024,2,Drone (50x50)
17_Sukamandi2,Indramayu,32748,107.606786,-6.361532,3/20/2024,2,Drone (rice field)
13_Jatibarang1,Cirebon,32749,108.323919,-6.402491,3/19/2024,2,Drone (rice field)
13_Jatibarang1,Cirebon,32749,108.32572,-6.401413,3/19/2024,2,Drone (rice field)
11_Indramayu,Cirebon,32749,108.302088,-6.329344,3/19/2024,5,Drone (rice field)
20_Kroya1,Cirebon,32749,108.076385,-6.481926,3/19/2024,4,Drone (rice field)
20_Kroya1,Cirebon,32749,108.076357,-6.481903,3/19/2024,4,Drone (rice field)
18_Kiarasari,Indramayu,32748,107.88525,-6.436907,3/20/2024,4,Drone (rice field)
4_Rengasdengklok03,Karawang,32748,107.347937,-6.150688,3/16/2024,2,Drone (50x50)
2_Rengasdengklok01,Karawang,32748,107.338607,-6.149064,3/16/2024,2,Drone (50x50)
17_Sukamandi2,Indramayu,32748,107.606352,-6.362644,3/20/2024,2,Drone (rice field)
10_Lemahmukti,Karawang,32748,107.462648,-6.261959,3/18/2024,1,Drone (50x50)
14_Jatimulya,Indramayu,32748,107.832739,-6.377923,3/20/2024,2,Drone (rice field)
11_Indramayu,Cirebon,32749,108.304573,-6.32868,3/19/2024,5,Drone (rice field)
20_Kroya1,Cirebon,32749,108.075402,-6.482472,3/19/2024,4,Drone (rice field)
14_Jatimulya,Indramayu,32748,107.831923,-6.377945,3/20/2024,2,Drone (rice field)
19_DongkalSukasari,Cirebon,32749,108.271476,-6.382569,3/19/2024,2,Drone (rice field)
16_Sukamandi1,Indramayu,32748,107.632792,-6.36558,3/20/2024,6,Drone (rice field)
14 Jatimulya,Indramayu,32748,107.833692,-6.378833,3/20/2024,2,Drone (rice field)
16_Sukamandi1,Indramayu,32748,107.633006,-6.365946,3/20/2024,6,Drone (rice field)
16_Sukamandi1,Indramayu,32748,107.63208,-6.365754,3/20/2024,6,Drone (rice field)
11_Indramayu,Cirebon,32749,108.30453,-6.327989,3/19/2024,5,Drone (rice field)
2_Rengasdengklok01,Karawang,32748,107.337953,-6.149092,3/16/2024,2,Field Survey
9_Lemahmulya,Karawang,32748,107.401319,-6.333961,3/18/2024,3,Drone (rice field)
9_Lemahmulya,Karawang,32748,107.401952,-6.331905,3/18/2024,4,Drone (rice field)
11_Indramayu,Cirebon,32749,108.303222,-6.32914,3/19/2024,5,Drone (rice field)
12_Jatibarang2,Cirebon,32749,108.3246,-6.403711,3/19/2024,2,Drone (rice field)
20_Kroya1,Cirebon,32749,108.07533,-6.481391,3/19/2024,3,Drone (rice field)
17_Sukamandi2,Indramayu,32748,107.607065,-6.362621,3/20/2024,2,Drone (rice field)
20_Kroya1,Cirebon,32749,108.075638,-6.481507,3/19/2024,4,Drone (rice field)
3_Rengasdengklok02,Karawang,32748,107.339321,-6.152249,3/16/2024,2,Field Survey
9_Lemahmulya,Karawang,32748,107.401779,-6.332339,3/18/2024,4,Drone (rice field)
12_Jatibarang2,Cirebon,32749,108.324555,-6.40536,3/19/2024,2,Drone (rice field)
19_DongkalSukasari,Cirebon,32749,108.271517,-6.382344,3/19/2024,2,Drone (rice field)
14_Jatimulya,Indramayu,32748,107.833548,-6.378901,3/20/2024,2,Drone (rice field)
17_Sukamandi2,Indramayu,32748,107.607657,-6.362473,3/20/2024,2,Drone (rice field)
12_Jatibarang2,Cirebon,32749,108.324016,-6.404418,3/19/2024,2,Drone (rice field)
11_Indramayu,Cirebon,32749,108.302294,-6.326787,3/19/2024,5,Drone (rice field)
15_Kroya,Cirebon,32749,108.072124,-6.454857,3/19/2024,2,Drone (rice field)
2_Rengasdengklok01,Karawang,32748,107.337949,-6.148188,3/16/2024,2,Field Survey
11_Indramayu,Cirebon,32749,108.304564,-6.327325,3/19/2024,5,Drone (rice field)
18_Kiarasari,Indramayu,32748,107.885543,-6.435083,3/20/2024,4,Drone (rice field)
18_Kiarasari,Indramayu,32748,107.885802,-6.436435,3/20/2024,4,Drone (rice field)
13_Jatibarang1,Cirebon,32749,108.324694,-6.401145,3/19/2024,2,Drone (rice field)
18_Kiarasari,Indramayu,32748,107.884863,-6.435898,3/20/2024,4,Drone (rice field)
13_Jatibarang1,Cirebon,32749,108.324605,-6.402645,3/19/2024,2,Drone (rice field)
15_Kroya,Cirebon,32749,108.072077,-6.454325,3/19/2024,2,Drone (rice field)
10_Lemahmukti,Karawang,32748,107.463099,-6.261957,3/18/2024,1,Drone (50x50)
17_Sukamandi2,Indramayu,32748,107.607088,-6.360555,3/20/2024,2,Drone (rice field)
,Karawang,32748,107.367472,-6.310444,3/18/2024,3,Drone (50x50)
14_Jatimulya,Indramayu,32748,107.832629,-6.378642,3/20/2024,2,Drone (rice field)
18_Kiarasari,Indramayu,32748,107.883939,-6.435856,3/20/2024,4,Drone (rice field)
20_Kroya1,Cirebon,32749,108.076256,-6.481517,3/19/2024,4,Drone (rice field)
13_Jatibarang1,Cirebon,32749,108.325853,-6.400955,3/19/2024,2,Drone (rice field)
14_Jatimulya,Indramayu,32748,107.832648,-6.379358,3/20/2024,2,Drone (rice field)
15_Kroya,Cirebon,32749,108.071854,-6.453944,3/19/2024,2,Drone (rice field)
9_Lemahmulya,Karawang,32748,107.40052,-6.332699,3/18/2024,2,Drone (rice field)
9_Lemahmulya,Karawang,32748,107.401513,-6.333705,3/18/2024,3,Drone (rice field)
20_Kroya1,Cirebon,32749,108.07646,-6.482501,3/19/2024,4,Drone (rice field)
9_Lemahmulya,Karawang,32748,107.401102,-6.332744,3/18/2024,4,Drone (50x50)
11_Indramayu,Cirebon,32749,108.30321,-6.327334,3/19/2024,5,Drone (rice field)
19_DongkalSukasari,Cirebon,32749,108.27149,-6.381907,3/19/2024,2,Drone (rice field)
18_Kiarasari,Indramayu,32748,107.883996,-6.436445,3/20/2024,4,Drone (rice field)
20 Kroya1,Cirebon,32749,108.076861,-6.481639,3/19/2024,4,Drone (rice field)
4 Rengasdengklok3,Karawang,32748,107.349583,-6.150242,3/16/2024,1,Field Survey
19 Dongkal Sukasari,Cirebon,32749,108.2815,-6.385528,3/17/2024,2,Drone (50x50)
20_Kroya1,Cirebon,32749,108.074832,-6.481853,3/19/2024,3,Drone (rice field)
20_Kroya1,Cirebon,32749,108.075791,-6.482055,3/19/2024,4,Drone (rice field)
8_Ciranggon3,Karawang,32748,107.359826,-6.294971,3/18/2024,2,Drone (50x50)
20_Kroya1,Cirebon,32749,108.075735,-6.481848,3/19/2024,4,Drone (rice field)
12_Jatibarang2,Cirebon,32749,108.322914,-6.405368,3/19/2024,2,Drone (rice field)
13_Jatibarang1,Cirebon,32749,108.324146,-6.402672,3/19/2024,2,Drone (rice field)
13_Jatibarang1,Cirebon,32749,108.323793,-6.401517,3/19/2024,2,Drone (rice field)
14_Jatimulya,Indramayu,32748,107.832811,-6.377737,3/20/2024,2,Drone (rice field)
3_Rengasdengklok02,Karawang,32748,107.338524,-6.151773,3/16/2024,2,Drone (50x50)
13_Jatibarang1,Cirebon,32749,108.323965,-6.402209,3/19/2024,2,Drone (rice field)
12_Jatibarang2,Cirebon,32749,108.32351,-6.405474,3/19/2024,2,Drone (rice field)
12_Jatibarang2,Cirebon,32749,108.324127,-6.404001,3/19/2024,2,Drone (rice field)
17_Sukamandi2,Indramayu,32748,107.606784,-6.360669,3/20/2024,2,Drone (rice field)
14_Jatimulya,Indramayu,32748,107.831917,-6.378964,3/20/2024,2,Drone (rice field)
11_Indramayu,Cirebon,32749,108.303213,-6.327785,3/19/2024,5,Drone (rice field)
20_Kroya1,Cirebon,32749,108.076399,-6.481379,3/19/2024,4,Drone (rice field)
4_Rengasdengklok03,Karawang,32748,107.349241,-6.149042,3/16/2024,2,Field Survey
6_Ciranggon1,Karawang,32748,107.362528,-6.293151,3/18/2024,2,Drone (50x50)
5_Rengasdengklok04,Karawang,32748,107.344018,-6.211499,3/16/2024,4,Drone (50x50)
9_Lemahmulya,Karawang,32748,107.401161,-6.333397,3/18/2024,4,Drone (rice field)
11_Indramayu,Cirebon,32749,108.302115,-6.327437,3/19/2024,5,Drone (rice field)
14_Jatimulya,Indramayu,32748,107.833099,-6.379356,3/20/2024,2,Drone (rice field)
15_Kroya,Cirebon,32749,108.073168,-6.454676,3/19/2024,2,Drone (rice field)
12_Jatibarang2,Cirebon,32749,108.322774,-6.405309,3/19/2024,2,Drone (rice field)
3_Rengasdengklok02,Karawang,32748,107.33887,-6.152251,3/16/2024,2,Field Survey
11 Indramayu,Cirebon,32749,108.306319,-6.327083,3/19/2024,5,Drone (rice field)
12_Jatibarang2,Cirebon,32749,108.324444,-6.404178,3/19/2024,2,Drone (rice field)
13_Jatibarang1,Cirebon,32749,108.324641,-6.402385,3/19/2024,2,Drone (rice field)
9_Lemahmulya,Karawang,32748,107.40276,-6.33214,3/18/2024,2,Drone (rice field)
20_Kroya1,Cirebon,32749,108.07606,-6.481387,3/19/2024,4,Drone (rice field)
13_Jatibarang1,Cirebon,32749,108.323084,-6.402499,3/19/2024,2,Drone (rice field)
11_Indramayu,Cirebon,32749,108.303482,-6.327862,3/19/2024,5,Drone (rice field)
17_Sukamandi2,Indramayu,32748,107.607196,-6.360668,3/20/2024,2,Drone (rice field)
20_Kroya1,Cirebon,32749,108.074983,-6.482743,3/19/2024,4,Drone (rice field)
15 Kroya,Cirebon,32749,108.072361,-6.454528,3/19/2024,3,Drone (rice field)
20_Kroya1,Cirebon,32749,108.075732,-6.481396,3/19/2024,4,Drone (rice field)
11_Indramayu,Cirebon,32749,108.301862,-6.328246,3/19/2024,5,Drone (rice field)
9_Lemahmulya,Karawang,32748,107.401754,-6.332048,3/18/2024,4,Drone (rice field)
12_Jatibarang2,Cirebon,32749,108.323691,-6.404275,3/19/2024,2,Drone (rice field)
7_Ciranggon2,Karawang,32748,107.362443,-6.291502,3/18/2024,4,Drone (50x50)
6_Ciranggon1,Karawang,32748,107.362414,-6.292406,3/18/2024,2,Drone (rice field)
20_Kroya1,Cirebon,32749,108.076187,-6.481845,3/19/2024,4,Drone (rice field)
20_Kroya1,Cirebon,32749,108.075199,-6.481488,3/19/2024,4,Drone (rice field)
18_Kiarasari,Indramayu,32748,107.885799,-6.435983,3/20/2024,4,Drone (rice field)
18_Kiarasari,Indramayu,32748,107.884896,-6.435988,3/20/2024,4,Drone (rice field)
15_Kroya,Cirebon,32749,108.072859,-6.454313,3/19/2024,2,Drone (rice field)
15_Kroya,Cirebon,32749,108.073006,-6.4542,3/19/2024,2,Drone (rice field)
17_Sukamandi2,Indramayu,32748,107.607437,-6.360497,3/20/2024,2,Drone (rice field)
11_Indramayu,Cirebon,32749,108.303225,-6.329592,3/19/2024,4,Drone (rice field)
11_Indramayu,Cirebon,32749,108.303796,-6.329511,3/19/2024,5,Drone (rice field)
19_DongkalSukasari,Cirebon,32749,108.271571,-6.382028,3/19/2024,2,Drone (rice field)
6_Ciranggon1,Karawang,32748,107.362411,-6.292673,3/18/2024,2,Drone (rice field)
14_Jatimulya,Indramayu,32748,107.832597,-6.379356,3/20/2024,2,Drone (rice field)
6_Ciranggon1,Karawang,32748,107.362524,-6.292247,3/18/2024,2,Drone (50x50)
9_Lemahmulya,Karawang,32748,107.401551,-6.33229,3/18/2024,4,Drone (50x50)
9_Lemahmulya,Karawang,32748,107.401586,-6.332247,3/18/2024,4,Drone (rice field)
17_Sukamandi2,Indramayu,32748,107.60646,-6.362507,3/20/2024,2,Drone (rice field)
15_Kroya,Cirebon,32749,108.07183,-6.454149,3/19/2024,2,Drone (rice field)
15_Kroya,Cirebon,32749,108.071901,-6.454139,3/19/2024,2,Drone (rice field)
16_Sukamandi1,Indramayu,32748,107.633489,-6.364825,3/20/2024,6,Drone (rice field)
15_Kroya,Cirebon,32749,108.071737,-6.454879,3/19/2024,2,Drone (rice field)
13_Jatibarang1,Cirebon,32749,108.32478,-6.402546,3/19/2024,2,Drone (rice field)
3_Rengasdengklok02,Karawang,32748,107.338488,-6.151996,3/16/2024,2,Drone (50x50)
2_Rengasdengklok01,Karawang,32748,107.337196,-6.147797,3/16/2024,2,Drone (50x50)
7_Ciranggon2,Karawang,32748,107.361619,-6.291799,3/18/2024,4,Drone (50x50)
7_Ciranggon2,Karawang,32748,107.361667,-6.291716,3/18/2024,4,Drone (50x50)
15_Kroya,Cirebon,32749,108.071934,-6.454221,3/19/2024,2,Drone (rice field)
16_Sukamandi1,Indramayu,32748,107.630656,-6.365486,3/20/2024,6,Drone (rice field)
2_Rengasdengklok01,Karawang,32748,107.337875,-6.149085,3/16/2024,2,Drone (50x50)
17_Sukamandi2,Indramayu,32748,107.607652,-6.361569,3/20/2024,2,Drone (rice field)
18_Kiarasari,Indramayu,32748,107.885689,-6.435586,3/20/2024,4,Drone (rice field)
17_Sukamandi2,Indramayu,32748,107.606333,-6.360644,3/20/2024,2,Drone (rice field)
6 Ciranggon1,Karawang,32748,107.362278,-6.292864,3/18/2024,2,Drone (50x50)
3_Rengasdengklok02,Karawang,32748,107.339017,-6.151617,3/16/2024,2,Drone (50x50)
20_Kroya1,Cirebon,32749,108.076264,-6.481847,3/19/2024,4,Drone (rice field)
12_Jatibarang2,Cirebon,32749,108.324473,-6.405318,3/19/2024,2,Drone (rice field)
17_Sukamandi2,Indramayu,32748,107.606751,-6.362025,3/20/2024,2,Drone (rice field)
11_Indramayu,Cirebon,32749,108.303595,-6.326989,3/19/2024,5,Drone (rice field)
17_Sukamandi2,Indramayu,32748,107.607602,-6.362375,3/20/2024,2,Drone (rice field)
,Karawang,32748,107.356861,-6.29425,3/17/2024,6,Drone (50x50)
7_Ciranggon2,Karawang,32748,107.362446,-6.291155,3/18/2024,4,Drone (50x50)
3_Rengasdengklok02,Karawang,32748,107.339323,-6.152701,3/16/2024,2,Field Survey
11_Indramayu,Cirebon,32749,108.303673,-6.329137,3/19/2024,5,Drone (rice field)
13_Jatibarang1,Cirebon,32749,108.323656,-6.40203,3/19/2024,2,Drone (rice field)
2_Rengasdengklok01,Karawang,32748,107.338856,-6.149088,3/16/2024,2,Field Survey
2_Rengasdengklok01,Karawang,32748,107.338825,-6.149064,3/16/2024,2,Drone (50x50)
15_Kroya,Cirebon,32749,108.072588,-6.455296,3/19/2024,2,Drone (rice field)
11_Indramayu,Cirebon,32749,108.303958,-6.326823,3/19/2024,5,Drone (rice field)
14_Jatimulya,Indramayu,32748,107.832769,-6.378261,3/20/2024,2,Drone (rice field)
14_Jatimulya,Indramayu,32748,107.832158,-6.377939,3/20/2024,2,Drone (rice field)
3_Rengasdengklok02,Karawang,32748,107.338075,-6.151983,3/16/2024,2,Drone (50x50)
19_DongkalSukasari,Cirebon,32749,108.271069,-6.383534,3/19/2024,2,Drone (rice field)
20_Kroya1,Cirebon,32749,108.075917,-6.481535,3/19/2024,4,Drone (rice field)
8_Ciranggon3,Karawang,32748,107.359807,-6.294927,3/18/2024,2,Drone (50x50)
20_Kroya1,Cirebon,32749,108.075846,-6.482991,3/19/2024,3,Drone (rice field)
5_Rengasdengklok04,Karawang,32748,107.343042,-6.212506,3/16/2024,4,Field Survey
11_Indramayu,Cirebon,32749,108.301176,-6.329432,3/19/2024,5,Drone (rice field)
16_Sukamandi1,Indramayu,32748,107.630899,-6.365642,3/20/2024,6,Drone (rice field)
16_Sukamandi1,Indramayu,32748,107.631101,-6.365885,3/20/2024,6,Drone (rice field)
17_Sukamandi2,Indramayu,32748,107.607685,-6.362203,3/20/2024,2,Drone (rice field)
13_Jatibarang1,Cirebon,32749,108.323099,-6.402166,3/19/2024,2,Drone (rice field)
13_Jatibarang1,Cirebon,32749,108.323166,-6.402135,3/19/2024,2,Drone (rice field)
15 Kroya,Cirebon,32749,108.070389,-6.455194,3/19/2024,2,Drone (rice field)
16_Sukamandi1,Indramayu,32748,107.633541,-6.365085,3/20/2024,6,Drone (rice field)
11_Indramayu,Cirebon,32749,108.300962,-6.328703,3/19/2024,5,Drone (rice field)
13_Jatibarang1,Cirebon,32749,108.325012,-6.401879,3/19/2024,2,Drone (rice field)
8_Ciranggon3,Karawang,32748,107.359373,-6.294521,3/18/2024,2,Drone (50x50)
9_Lemahmulya,Karawang,32748,107.401233,-6.333724,3/18/2024,3,Drone (rice field)
12_Jatibarang2,Cirebon,32749,108.323756,-6.405063,3/19/2024,2,Drone (rice field)
18_Kiarasari,Indramayu,32748,107.885797,-6.435531,3/20/2024,4,Drone (rice field)
19_DongkalSukasari,Cirebon,32749,108.271512,-6.382177,3/19/2024,2,Drone (rice field)
19_DongkalSukasari,Cirebon,32749,108.271442,-6.382189,3/19/2024,2,Drone (rice field)
14_Jatimulya,Indramayu,32748,107.83264,-6.378003,3/20/2024,2,Drone (rice field)
18_Kiarasari,Indramayu,32748,107.88565,-6.436915,3/20/2024,4,Drone (rice field)
17_Sukamandi2,Indramayu,32748,107.606105,-6.360629,3/20/2024,2,Drone (rice field)
20_Kroya1,Cirebon,32749,108.074917,-6.482966,3/19/2024,4,Drone (rice field)
16_Sukamandi1,Indramayu,32748,107.631241,-6.363515,3/20/2024,6,Drone (rice field)
6_Ciranggon1,Karawang,32748,107.362526,-6.292699,3/18/2024,2,Drone (50x50)
15_Kroya,Cirebon,32749,108.071861,-6.454401,3/19/2024,2,Drone (rice field)
19_DongkalSukasari,Cirebon,32749,108.270696,-6.382551,3/19/2024,2,Drone (rice field)
3_Rengasdengklok02,Karawang,32748,107.338975,-6.152549,3/16/2024,2,Drone (50x50)
17 Sukamandi2,Indramayu,32748,107.609056,-6.362889,3/19/2024,2,Drone (rice field)
13_Jatibarang1,Cirebon,32749,108.323544,-6.40126,3/19/2024,2,Drone (rice field)
17 Sukamandi2,Indramayu,32748,107.609056,-6.362889,3/20/2024,3,Drone (rice field)
11_Indramayu,Cirebon,32749,108.301859,-6.327794,3/19/2024,5,Drone (rice field)
15_Kroya,Cirebon,32749,108.072885,-6.454909,3/19/2024,2,Drone (rice field)
15_Kroya,Cirebon,32749,108.071952,-6.45455,3/19/2024,2,Drone (rice field)
18_Kiarasari,Indramayu,32748,107.884346,-6.435879,3/20/2024,4,Drone (rice field)
16_Sukamandi1,Indramayu,32748,107.632661,-6.365389,3/20/2024,6,Drone (rice field)
6_Ciranggon1,Karawang,32748,107.362674,-6.292247,3/18/2024,2,Drone (rice field)
12_Jatibarang2,Cirebon,32749,108.32511,-6.405021,3/19/2024,2,Drone (rice field)
12_Jatibarang2,Cirebon,32749,108.32419,-6.404937,3/19/2024,2,Drone (rice field)
3_Rengasdengklok02,Karawang,32748,107.339744,-6.152616,3/16/2024,2,Drone (50x50)
2_Rengasdengklok01,Karawang,32748,107.337898,-6.148492,3/16/2024,2,Drone (50x50)
8_Ciranggon3,Karawang,32748,107.359274,-6.294708,3/18/2024,2,Drone (50x50)
18_Kiarasari,Indramayu,32748,107.885343,-6.435082,3/20/2024,4,Drone (rice field)
17_Sukamandi2,Indramayu,32748,107.606297,-6.361576,3/20/2024,2,Drone (rice field)
19_DongkalSukasari,Cirebon,32749,108.27121,-6.382955,3/19/2024,2,Drone (rice field)
11_Indramayu,Cirebon,32749,108.303361,-6.328793,3/19/2024,5,Drone (rice field)
16_Sukamandi1,Indramayu,32748,107.630776,-6.365874,3/20/2024,6,Drone (rice field)
5_Rengasdengklok04,Karawang,32748,107.343883,-6.212584,3/16/2024,4,Field Survey
19_DongkalSukasari,Cirebon,32749,108.271063,-6.382631,3/19/2024,2,Drone (rice field)
18_Kiarasari,Indramayu,32748,107.885608,-6.43712,3/20/2024,4,Drone (rice field)
5_Rengasdengklok04,Karawang,32748,107.343648,-6.211887,3/16/2024,4,Field Survey
12_Jatibarang2,Cirebon,32749,108.323119,-6.405327,3/19/2024,2,Drone (rice field)
8_Ciranggon3,Karawang,32748,107.360498,-6.294412,3/18/2024,2,Drone (50x50)
18_Kiarasari,Indramayu,32748,107.884078,-6.43709,3/20/2024,4,Drone (rice field)
11_Indramayu,Cirebon,32749,108.304116,-6.32778,3/19/2024,5,Drone (rice field)
18_Kiarasari,Indramayu,32748,107.885805,-6.436887,3/20/2024,4,Drone (rice field)
3_Rengasdengklok02,Karawang,32748,107.338195,-6.152739,3/16/2024,2,Drone (50x50)
9_Lemahmulya,Karawang,32748,107.401956,-6.332985,3/18/2024,4,Drone (rice field)
11_Indramayu,Cirebon,32749,108.304182,-6.329541,3/19/2024,5,Drone (rice field)
,Indramayu,32748,107.792861,-6.368972,3/20/2024,3,Drone (rice field)
5_Rengasdengklok04,Karawang,32748,107.343923,-6.211605,3/16/2024,4,Drone (50x50)
17_Sukamandi2,Indramayu,32748,107.6063,-6.362028,3/20/2024,2,Drone (rice field)
17_Sukamandi2,Indramayu,32748,107.606293,-6.361975,3/20/2024,2,Drone (rice field)
20_Kroya1,Cirebon,32749,108.076859,-6.482362,3/19/2024,4,Drone (rice field)
9_Lemahmulya,Karawang,32748,107.402155,-6.333049,3/18/2024,4,Drone (rice field)
16_Sukamandi1,Indramayu,32748,107.631612,-6.365966,3/20/2024,6,Drone (rice field)
16_Sukamandi1,Indramayu,32748,107.63386,-6.364147,3/20/2024,6,Drone (rice field)
13_Jatibarang1,Cirebon,32749,108.323102,-6.402618,3/19/2024,2,Drone (rice field)
6_Ciranggon1,Karawang,32748,107.362153,-6.293161,3/18/2024,2,Drone (rice field)
10_Lemahmukti,Karawang,32748,107.462361,-6.260247,3/18/2024,1,Drone (rice field)
20_Kroya1,Cirebon,32749,108.075738,-6.482299,3/19/2024,4,Drone (rice field)
16_Sukamandi1,Indramayu,32748,107.632591,-6.364768,3/20/2024,6,Drone (rice field)
16_Sukamandi1,Indramayu,32748,107.631687,-6.363604,3/20/2024,6,Drone (rice field)
15_Kroya,Cirebon,32749,108.071798,-6.454699,3/19/2024,2,Drone (rice field)
20_Kroya1,Cirebon,32749,108.075117,-6.482835,3/19/2024,4,Drone (rice field)
13_Jatibarang1,Cirebon,32749,108.323282,-6.40228,3/19/2024,2,Drone (rice field)
18_Kiarasari,Indramayu,32748,107.885275,-6.435569,3/20/2024,4,Drone (rice field)
,Karawang,32748,107.352861,-6.152889,3/17/2024,2,Drone (50x50)
13_Jatibarang1,Cirebon,32749,108.325306,-6.400596,3/19/2024,2,Drone (rice field)
15 Kroya,Cirebon,32749,108.072417,-6.454028,3/19/2024,3,Drone (rice field)
3_Rengasdengklok02,Karawang,32748,107.338416,-6.151801,3/16/2024,2,Field Survey
11_Indramayu,Cirebon,32749,108.304019,-6.329531,3/19/2024,4,Drone (rice field)
15 Kroya,Cirebon,32749,108.071306,-6.454278,3/19/2024,2,Drone (rice field)
16_Sukamandi1,Indramayu,32748,107.632183,-6.365047,3/20/2024,6,Drone (rice field)
5_Rengasdengklok04,Karawang,32748,107.343825,-6.212023,3/16/2024,4,Field Survey
9_Lemahmulya,Karawang,32748,107.402011,-6.334095,3/18/2024,3,Drone (50x50)
5 Rengasdengklok4,Karawang,32748,107.343944,-6.211694,3/16/2024,4,Field Survey
3_Rengasdengklok02,Karawang,32748,107.33936,-6.152609,3/16/2024,2,Drone (50x50)
6_Ciranggon1,Karawang,32748,107.362904,-6.292657,3/18/2024,2,Drone (rice field)
11_Indramayu,Cirebon,32749,108.304274,-6.327235,3/19/2024,5,Drone (rice field)
19_DongkalSukasari,Cirebon,32749,108.271515,-6.382628,3/19/2024,2,Drone (rice field)
14_Jatimulya,Indramayu,32748,107.833312,-6.378655,3/20/2024,2,Drone (rice field)
17_Sukamandi2,Indramayu,32748,107.60767,-6.360961,3/20/2024,2,Drone (rice field)
9_Lemahmulya,Karawang,32748,107.402327,-6.333989,3/18/2024,3,Drone (rice field)
9_Lemahmulya,Karawang,32748,107.402818,-6.332006,3/18/2024,3,Drone (rice field)
12_Jatibarang2,Cirebon,32749,108.323388,-6.403458,3/19/2024,2,Drone (rice field)
9_Lemahmulya,Karawang,32748,107.401355,-6.333073,3/18/2024,4,Drone (rice field)
6_Ciranggon1,Karawang,32748,107.363171,-6.29281,3/18/2024,2,Drone (rice field)
12_Jatibarang2,Cirebon,32749,108.323178,-6.403648,3/19/2024,2,Drone (rice field)
18_Kiarasari,Indramayu,32748,107.885309,-6.435239,3/20/2024,4,Drone (rice field)
17_Sukamandi2,Indramayu,32748,107.606961,-6.361275,3/20/2024,2,Drone (rice field)
11 Indramayu,Cirebon,32749,108.304139,-6.326806,3/19/2024,5,Drone (rice field)
16_Sukamandi1,Indramayu,32748,107.63208,-6.36313,3/20/2024,6,Drone (rice field)
5_Rengasdengklok04,Karawang,32748,107.343214,-6.212555,3/16/2024,4,Field Survey
9_Lemahmulya,Karawang,32748,107.402007,-6.333191,3/18/2024,4,Drone (50x50)
8_Ciranggon3,Karawang,32748,107.359375,-6.294973,3/18/2024,2,Drone (50x50)
17_Sukamandi2,Indramayu,32748,107.607205,-6.362475,3/20/2024,2,Drone (rice field)
17_Sukamandi2,Indramayu,32748,107.607153,-6.362465,3/20/2024,2,Drone (rice field)
12_Jatibarang2,Cirebon,32749,108.324832,-6.404308,3/19/2024,2,Drone (rice field)
17_Sukamandi2,Indramayu,32748,107.607648,-6.360665,3/20/2024,2,Drone (rice field)
3_Rengasdengklok02,Karawang,32748,107.338632,-6.152258,3/16/2024,2,Drone (50x50)
12_Jatibarang2,Cirebon,32749,108.323571,-6.405324,3/19/2024,2,Drone (rice field)
16_Sukamandi1,Indramayu,32748,107.632953,-6.363248,3/20/2024,6,Drone (rice field)
16_Sukamandi1,Indramayu,32748,107.63273,-6.365871,3/20/2024,6,Drone (rice field)
16_Sukamandi1,Indramayu,32748,107.632529,-6.365193,3/20/2024,6,Drone (rice field)
6_Ciranggon1,Karawang,32748,107.362416,-6.292851,3/18/2024,2,Drone (rice field)
14_Jatimulya,Indramayu,32748,107.831916,-6.378238,3/20/2024,2,Drone (rice field)
16_Sukamandi1,Indramayu,32748,107.633267,-6.36581,3/20/2024,6,Drone (rice field)
17_Sukamandi2,Indramayu,32748,107.605941,-6.361393,3/20/2024,2,Drone (rice field)
9_Lemahmulya,Karawang,32748,107.400498,-6.333396,3/18/2024,4,Drone (rice field)
20_Kroya1,Cirebon,32749,108.075246,-6.48306,3/19/2024,4,Drone (rice field)
9_Lemahmulya,Karawang,32748,107.401671,-6.333036,3/18/2024,4,Drone (rice field)
17_Sukamandi2,Indramayu,32748,107.60692,-6.362173,3/20/2024,2,Drone (rice field)
18_Kiarasari,Indramayu,32748,107.884746,-6.436561,3/20/2024,4,Drone (rice field)
16_Sukamandi1,Indramayu,32748,107.630693,-6.365614,3/20/2024,6,Drone (rice field)
9_Lemahmulya,Karawang,32748,107.400681,-6.333421,3/18/2024,4,Drone (rice field)
11_Indramayu,Cirebon,32749,108.304113,-6.327328,3/19/2024,5,Drone (rice field)
7_Ciranggon2,Karawang,32748,107.361514,-6.291105,3/18/2024,4,Drone (50x50)
11_Indramayu,Cirebon,32749,108.304323,-6.326848,3/19/2024,5,Drone (rice field)
2_Rengasdengklok01,Karawang,32748,107.340445,-6.148071,3/16/2024,2,Drone (50x50)
20_Kroya1,Cirebon,32749,108.076399,-6.48204,3/19/2024,4,Drone (rice field)
17_Sukamandi2,Indramayu,32748,107.606754,-6.362477,3/20/2024,2,Drone (rice field)
16_Sukamandi1,Indramayu,32748,107.632911,-6.365756,3/20/2024,6,Drone (rice field)
20_Kroya1,Cirebon,32749,108.076778,-6.482461,3/19/2024,4,Drone (rice field)
20_Kroya1,Cirebon,32749,108.076256,-6.482678,3/19/2024,3,Drone (rice field)
17_Sukamandi2,Indramayu,32748,107.606747,-6.361122,3/20/2024,2,Drone (rice field)
18_Kiarasari,Indramayu,32748,107.884411,-6.437096,3/20/2024,4,Drone (rice field)
10 Lemahmukti,Karawang,32748,107.455917,-6.257694,3/20/2024,1,Drone (rice field)
16_Sukamandi1,Indramayu,32748,107.63116,-6.365968,3/20/2024,6,Drone (rice field)
3_Rengasdengklok02,Karawang,32748,107.339766,-6.152126,3/16/2024,2,Drone (50x50)
12_Jatibarang2,Cirebon,32749,108.325142,-6.404847,3/19/2024,2,Drone (rice field)
19_DongkalSukasari,Cirebon,32749,108.270617,-6.383537,3/19/2024,2,Drone (rice field)
5_Rengasdengklok04,Karawang,32748,107.343198,-6.212341,3/16/2024,4,Field Survey
10_Lemahmukti,Karawang,32748,107.463213,-6.261865,3/18/2024,1,Drone (rice field)
12_Jatibarang2,Cirebon,32749,108.32447,-6.404867,3/19/2024,2,Drone (rice field)
3_Rengasdengklok02,Karawang,32748,107.338949,-6.152764,3/16/2024,2,Drone (50x50)
17_Sukamandi2,Indramayu,32748,107.607203,-6.362023,3/20/2024,2,Drone (rice field)
14_Jatimulya,Indramayu,32748,107.83244,-6.378261,3/20/2024,2,Drone (rice field)
2_Rengasdengklok01,Karawang,32748,107.336416,-6.147915,3/16/2024,2,Drone (50x50)
9_Lemahmulya,Karawang,32748,107.402461,-6.333641,3/18/2024,3,Drone (50x50)
20_Kroya1,Cirebon,32749,108.076622,-6.482069,3/19/2024,4,Drone (rice field)
20_Kroya1,Cirebon,32749,108.074736,-6.482803,3/19/2024,3,Drone (rice field)
20_Kroya1,Cirebon,32749,108.075051,-6.481714,3/19/2024,3,Drone (rice field)
,Indramayu,32748,107.793222,-6.368917,3/20/2024,3,Drone (rice field)
14_Jatimulya,Indramayu,32748,107.832189,-6.378005,3/20/2024,2,Drone (rice field)
9_Lemahmulya,Karawang,32748,107.401105,-6.333925,3/18/2024,3,Drone (rice field)
11_Indramayu,Cirebon,32749,108.303909,-6.327186,3/19/2024,5,Drone (rice field)
7_Ciranggon2,Karawang,32748,107.361901,-6.291725,3/18/2024,4,Drone (50x50)
15_Kroya,Cirebon,32749,108.072692,-6.453957,3/19/2024,2,Drone (rice field)
12_Jatibarang2,Cirebon,32749,108.323937,-6.404605,3/19/2024,2,Drone (rice field)
15_Kroya,Cirebon,32749,108.072242,-6.454333,3/19/2024,2,Drone (rice field)
14_Jatimulya,Indramayu,32748,107.832194,-6.378909,3/20/2024,2,Drone (rice field)
14_Jatimulya,Indramayu,32748,107.833038,-6.378644,3/20/2024,2,Drone (rice field)
3_Rengasdengklok02,Karawang,32748,107.338868,-6.151799,3/16/2024,2,Field Survey
19 Dongkal Sukasari,Cirebon,32749,108.272972,-6.384842,3/19/2024,2,Drone (rice field)
18 Kiarasari,Indramayu,32748,107.884292,-6.436278,3/20/2024,4,Drone (rice field)
18_Kiarasari,Indramayu,32748,107.884002,-6.435183,3/20/2024,4,Drone (rice field)
9_Lemahmulya,Karawang,32748,107.401927,-6.332691,3/18/2024,4,Drone (rice field)
20_Kroya1,Cirebon,32749,108.074837,-6.482757,3/19/2024,3,Drone (rice field)
20_Kroya1,Cirebon,32749,108.074872,-6.482693,3/19/2024,3,Drone (rice field)
15_Kroya,Cirebon,32749,108.072572,-6.454609,3/19/2024,2,Drone (rice field)
15_Kroya,Cirebon,32749,108.071908,-6.454019,3/19/2024,2,Drone (rice field)
15_Kroya,Cirebon,32749,108.071835,-6.454026,3/19/2024,2,Drone (rice field)
20_Kroya1,Cirebon,32749,108.076856,-6.481328,3/19/2024,4,Drone (rice field)
19_DongkalSukasari,Cirebon,32749,108.27181,-6.382334,3/19/2024,2,Drone (rice field)
17_Sukamandi2,Indramayu,32748,107.60765,-6.361117,3/20/2024,2,Drone (rice field)
11_Indramayu,Cirebon,32749,108.30419,-6.327949,3/19/2024,5,Drone (rice field)
20_Kroya1,Cirebon,32749,108.07565,-6.482215,3/19/2024,4,Drone (rice field)
15_Kroya,Cirebon,32749,108.071682,-6.45524,3/19/2024,2,Drone (rice field)
18_Kiarasari,Indramayu,32748,107.883519,-6.436971,3/20/2024,4,Drone (rice field)
9_Lemahmulya,Karawang,32748,107.402166,-6.331979,3/18/2024,4,Drone (rice field)
11_Indramayu,Cirebon,32749,108.301856,-6.327343,3/19/2024,5,Drone (rice field)
6_Ciranggon1,Karawang,32748,107.362491,-6.293151,3/18/2024,2,Drone (rice field)
11_Indramayu,Cirebon,32749,108.304561,-6.326874,3/19/2024,5,Drone (rice field)
13_Jatibarang1,Cirebon,32749,108.324857,-6.402521,3/19/2024,2,Drone (rice field)
17_Sukamandi2,Indramayu,32748,107.606045,-6.361771,3/20/2024,2,Drone (rice field)
17_Sukamandi2,Indramayu,32748,107.607655,-6.362021,3/20/2024,2,Drone (rice field)
18_Kiarasari,Indramayu,32748,107.88444,-6.435087,3/20/2024,4,Drone (rice field)
20_Kroya1,Cirebon,32749,108.076641,-6.482294,3/19/2024,4,Drone (rice field)
3_Rengasdengklok02,Karawang,32748,107.339319,-6.151797,3/16/2024,2,Field Survey
6_Ciranggon1,Karawang,32748,107.362077,-6.293153,3/18/2024,2,Drone (50x50)
9_Lemahmulya,Karawang,32748,107.400738,-6.333685,3/18/2024,3,Drone (rice field)
5_Rengasdengklok04,Karawang,32748,107.343871,-6.212349,3/16/2024,4,Field Survey
3_Rengasdengklok02,Karawang,32748,107.338075,-6.152436,3/16/2024,2,Drone (50x50)
8_Ciranggon3,Karawang,32748,107.359262,-6.294923,3/18/2024,2,Drone (50x50)
20_Kroya1,Cirebon,32749,108.075434,-6.482071,3/19/2024,4,Drone (rice field)
18_Kiarasari,Indramayu,32748,107.884873,-6.435555,3/20/2024,4,Drone (rice field)
3_Rengasdengklok02,Karawang,32748,107.338603,-6.15253,3/16/2024,2,Drone (50x50)
6_Ciranggon1,Karawang,32748,107.362424,-6.292241,3/18/2024,2,Drone (rice field)
13_Jatibarang1,Cirebon,32749,108.324837,-6.402169,3/19/2024,2,Drone (rice field)
16_Sukamandi1,Indramayu,32748,107.631008,-6.364028,3/20/2024,6,Drone (rice field)
17_Sukamandi2,Indramayu,32748,107.606848,-6.362373,3/20/2024,2,Drone (rice field)
7_Ciranggon2,Karawang,32748,107.362045,-6.290934,3/18/2024,4,Drone (50x50)
13_Jatibarang1,Cirebon,32749,108.325136,-6.40225,3/19/2024,2,Drone (rice field)
13_Jatibarang1,Cirebon,32749,108.325064,-6.402257,3/19/2024,2,Drone (rice field)
17_Sukamandi2,Indramayu,32748,107.607805,-6.361743,3/20/2024,2,Drone (rice field)
9 Lemahmulya,Karawang,32748,107.402017,-6.334339,3/18/2024,4,Drone (50x50)
11_Indramayu,Cirebon,32749,108.304119,-6.328231,3/19/2024,5,Drone (rice field)
15_Kroya,Cirebon,32749,108.07187,-6.454342,3/19/2024,2,Drone (rice field)
9 Lemahmulya,Karawang,32748,107.401653,-6.332333,3/18/2024,4,Drone (50x50)
7_Ciranggon2,Karawang,32748,107.362522,-6.291795,3/18/2024,4,Drone (50x50)
11_Indramayu,Cirebon,32749,108.30367,-6.328686,3/19/2024,5,Drone (rice field)
16_Sukamandi1,Indramayu,32748,107.630885,-6.364405,3/20/2024,6,Drone (rice field)
5_Rengasdengklok04,Karawang,32748,107.344101,-6.212337,3/16/2024,3,Field Survey
9_Lemahmulya,Karawang,32748,107.401708,-6.331825,3/18/2024,4,Drone (rice field)
13_Jatibarang1,Cirebon,32749,108.323624,-6.402171,3/19/2024,2,Drone (rice field)
16_Sukamandi1,Indramayu,32748,107.63296,-6.364603,3/20/2024,6,Drone (rice field)
17_Sukamandi2,Indramayu,32748,107.606091,-6.362588,3/20/2024,2,Drone (rice field)
17_Sukamandi2,Indramayu,32748,107.60696,-6.360708,3/20/2024,2,Drone (rice field)
11_Indramayu,Cirebon,32749,108.303664,-6.327783,3/19/2024,5,Drone (rice field)
7_Ciranggon2,Karawang,32748,107.361966,-6.291135,3/18/2024,4,Drone (50x50)
12_Jatibarang2,Cirebon,32749,108.324019,-6.40487,3/19/2024,2,Drone (rice field)
18_Kiarasari,Indramayu,32748,107.885345,-6.435534,3/20/2024,4,Drone (rice field)
4_Rengasdengklok03,Karawang,32748,107.34879,-6.149044,3/16/2024,2,Field Survey
9_Lemahmulya,Karawang,32748,107.402005,-6.33274,3/18/2024,4,Drone (50x50)
9_Lemahmulya,Karawang,32748,107.402009,-6.333643,3/18/2024,3,Drone (50x50)
16_Sukamandi1,Indramayu,32748,107.632061,-6.365512,3/20/2024,6,Drone (rice field)
17_Sukamandi2,Indramayu,32748,107.606221,-6.360928,3/20/2024,2,Drone (rice field)
7_Ciranggon2,Karawang,32748,107.362068,-6.291345,3/18/2024,4,Drone (50x50)
11_Indramayu,Cirebon,32749,108.304124,-6.329134,3/19/2024,5,Drone (rice field)
15_Kroya,Cirebon,32749,108.072052,-6.455136,3/19/2024,2,Drone (rice field)
11_Indramayu,Cirebon,32749,108.304121,-6.328683,3/19/2024,5,Drone (rice field)
16_Sukamandi1,Indramayu,32748,107.631158,-6.365516,3/20/2024,6,Drone (rice field)
9_Lemahmulya,Karawang,32748,107.400773,-6.332941,3/18/2024,4,Drone (rice field)
14 Jatimulya,Indramayu,32748,107.832556,-6.380528,3/20/2024,2,Drone (rice field)
15_Kroya,Cirebon,32749,108.072923,-6.455168,3/19/2024,2,Drone (rice field)
17_Sukamandi2,Indramayu,32748,107.606761,-6.362573,3/20/2024,2,Drone (rice field)
9_Lemahmulya,Karawang,32748,107.401104,-6.333196,3/18/2024,4,Drone (50x50)
20_Kroya1,Cirebon,32749,108.07483,-6.481664,3/19/2024,3,Drone (rice field)
16_Sukamandi1,Indramayu,32748,107.630706,-6.365519,3/20/2024,6,Drone (rice field)
17_Sukamandi2,Indramayu,32748,107.606302,-6.362479,3/20/2024,2,Drone (rice field)
7 Ciranggon2,Karawang,32748,107.361825,-6.291192,3/18/2024,4,Drone (50x50)
15_Kroya,Cirebon,32749,108.072865,-6.455217,3/19/2024,2,Drone (rice field)
3_Rengasdengklok02,Karawang,32748,107.339448,-6.151786,3/16/2024,2,Drone (50x50)
18_Kiarasari,Indramayu,32748,107.884894,-6.435537,3/20/2024,4,Drone (rice field)
17_Sukamandi2,Indramayu,32748,107.607393,-6.361849,3/20/2024,2,Drone (rice field)
12_Jatibarang2,Cirebon,32749,108.324913,-6.403509,3/19/2024,2,Drone (rice field)
16_Sukamandi1,Indramayu,32748,107.632037,-6.363627,3/20/2024,6,Drone (rice field)
16_Sukamandi1,Indramayu,32748,107.633483,-6.365923,3/20/2024,6,Drone (rice field)
17_Sukamandi2,Indramayu,32748,107.606222,-6.362185,3/20/2024,2,Drone (rice field)
5_Rengasdengklok04,Karawang,32748,107.34328,-6.211934,3/16/2024,4,Field Survey
9_Lemahmulya,Karawang,32748,107.401833,-6.333976,3/18/2024,3,Drone (rice field)
20_Kroya1,Cirebon,32749,108.076972,-6.482293,3/19/2024,4,Drone (rice field)
11_Indramayu,Cirebon,32749,108.303524,-6.329484,3/19/2024,4,Drone (rice field)
18_Kiarasari,Indramayu,32748,107.885336,-6.434976,3/20/2024,4,Drone (rice field)
16_Sukamandi1,Indramayu,32748,107.631665,-6.363864,3/20/2024,6,Drone (rice field)
3_Rengasdengklok02,Karawang,32748,107.338872,-6.152703,3/16/2024,2,Field Survey
15_Kroya,Cirebon,32749,108.072676,-6.455191,3/19/2024,6,Drone (rice field)
14_Jatimulya,Indramayu,32748,107.833097,-6.378904,3/20/2024,2,Drone (rice field)
8_Ciranggon3,Karawang,32748,107.359509,-6.294925,3/18/2024,2,Drone (50x50)
15_Kroya,Cirebon,32749,108.073112,-6.454898,3/19/2024,2,Drone (rice field)
16_Sukamandi1,Indramayu,32748,107.63235,-6.364927,3/20/2024,6,Drone (rice field)
13_Jatibarang1,Cirebon,32749,108.324173,-6.400501,3/19/2024,2,Drone (rice field)
11_Indramayu,Cirebon,32749,108.303821,-6.327905,3/19/2024,5,Drone (rice field)
20 Kroya1,Cirebon,32749,108.081167,-6.480944,3/19/2024,3,Drone (rice field)
12_Jatibarang2,Cirebon,32749,108.32512,-6.404924,3/19/2024,2,Drone (rice field)
18_Kiarasari,Indramayu,32748,107.885697,-6.436256,3/20/2024,4,Drone (rice field)
20_Kroya1,Cirebon,32749,108.076446,-6.481806,3/19/2024,4,Drone (rice field)
16_Sukamandi1,Indramayu,32748,107.631078,-6.363607,3/20/2024,6,Drone (rice field)
15_Kroya,Cirebon,32749,108.072273,-6.454105,3/19/2024,2,Drone (rice field)
20_Kroya1,Cirebon,32749,108.07709,-6.48184,3/19/2024,4,Drone (rice field)
16_Sukamandi1,Indramayu,32748,107.632964,-6.365507,3/20/2024,6,Drone (rice field)
16_Sukamandi1,Indramayu,32748,107.631442,-6.363324,3/20/2024,6,Drone (rice field)
16_Sukamandi1,Indramayu,32748,107.633411,-6.364601,3/20/2024,6,Drone (rice field)
11_Indramayu,Cirebon,32749,108.301545,-6.329472,3/19/2024,5,Drone (rice field)
20_Kroya1,Cirebon,32749,108.075281,-6.481399,3/19/2024,4,Drone (rice field)
16_Sukamandi1,Indramayu,32748,107.633719,-6.364952,3/20/2024,6,Drone (rice field)
7_Ciranggon2,Karawang,32748,107.361718,-6.291124,3/18/2024,4,Drone (50x50)
13_Jatibarang1,Cirebon,32749,108.325347,-6.400797,3/19/2024,2,Drone (rice field)
20_Kroya1,Cirebon,32749,108.074937,-6.481454,3/19/2024,4,Drone (rice field)
13_Jatibarang1,Cirebon,32749,108.32382,-6.402218,3/19/2024,2,Drone (rice field)
13_Jatibarang1,Cirebon,32749,108.324904,-6.402155,3/19/2024,2,Drone (rice field)
13_Jatibarang1,Cirebon,32749,108.324912,-6.402177,3/19/2024,2,Drone (rice field)
11_Indramayu,Cirebon,32749,108.301678,-6.329192,3/19/2024,5,Drone (rice field)
18_Kiarasari,Indramayu,32748,107.88445,-6.436894,3/20/2024,4,Drone (rice field)
17_Sukamandi2,Indramayu,32748,107.607712,-6.361974,3/20/2024,2,Drone (rice field)
11_Indramayu,Cirebon,32749,108.300965,-6.329155,3/19/2024,5,Drone (rice field)
20_Kroya1,Cirebon,32749,108.07476,-6.482017,3/19/2024,3,Drone (rice field)
16_Sukamandi1,Indramayu,32748,107.6316,-6.363707,3/20/2024,6,Drone (rice field)
17_Sukamandi2,Indramayu,32748,107.60662,-6.361012,3/20/2024,2,Drone (rice field)
6_Ciranggon1,Karawang,32748,107.362978,-6.292697,3/18/2024,2,Drone (50x50)
9_Lemahmulya,Karawang,32748,107.402491,-6.332229,3/18/2024,2,Drone (rice field)
15_Kroya,Cirebon,32749,108.073195,-6.454447,3/19/2024,2,Drone (rice field)
9_Lemahmulya,Karawang,32748,107.402151,-6.331778,3/18/2024,4,Drone (rice field)
16_Sukamandi1,Indramayu,32748,107.633416,-6.365505,3/20/2024,6,Drone (rice field)
9_Lemahmulya,Karawang,32748,107.400518,-6.333601,3/18/2024,3,Drone (rice field)
7_Ciranggon2,Karawang,32748,107.362177,-6.291481,3/18/2024,4,Drone (50x50)
11_Indramayu,Cirebon,32749,108.303709,-6.328841,3/19/2024,5,Drone (rice field)
6_Ciranggon1,Karawang,32748,107.363166,-6.292654,3/18/2024,2,Drone (rice field)
20_Kroya1,Cirebon,32749,108.075523,-6.482347,3/19/2024,4,Drone (rice field)
13_Jatibarang1,Cirebon,32749,108.324973,-6.402277,3/19/2024,2,Drone (rice field)
8_Ciranggon3,Karawang,32748,107.359708,-6.294713,3/18/2024,2,Drone (50x50)
7_Ciranggon2,Karawang,32748,107.361932,-6.291465,3/18/2024,4,Drone (50x50)
6_Ciranggon1,Karawang,32748,107.36315,-6.293148,3/18/2024,2,Drone (rice field)
8_Ciranggon3,Karawang,32748,107.360493,-6.294213,3/18/2024,2,Drone (50x50)
15_Kroya,Cirebon,32749,108.072992,-6.454415,3/19/2024,2,Drone (rice field)
13_Jatibarang1,Cirebon,32749,108.325214,-6.400924,3/19/2024,2,Drone (rice field)
7_Ciranggon2,Karawang,32748,107.36207,-6.291797,3/18/2024,4,Drone (50x50)
7_Ciranggon2,Karawang,32748,107.362147,-6.291737,3/18/2024,4,Drone (50x50)
6_Ciranggon1,Karawang,32748,107.362917,-6.292252,3/18/2024,2,Drone (rice field)
9_Lemahmulya,Karawang,32748,107.401579,-6.333986,3/18/2024,3,Drone (rice field)
16_Sukamandi1,Indramayu,32748,107.630857,-6.365244,3/20/2024,6,Drone (rice field)
17_Sukamandi2,Indramayu,32748,107.606539,-6.362277,3/20/2024,2,Drone (rice field)
9_Lemahmulya,Karawang,32748,107.402455,-6.332286,3/18/2024,2,Drone (50x50)
15_Kroya,Cirebon,32749,108.071962,-6.455222,3/19/2024,2,Drone (rice field)
15_Kroya,Cirebon,32749,108.071858,-6.454261,3/19/2024,2,Drone (rice field)
12_Jatibarang2,Cirebon,32749,108.324827,-6.403474,3/19/2024,2,Drone (rice field)
11_Indramayu,Cirebon,32749,108.302715,-6.329398,3/19/2024,5,Drone (rice field)
17_Sukamandi2,Indramayu,32748,107.607122,-6.361627,3/20/2024,2,Drone (rice field)
17_Sukamandi2,Indramayu,32748,107.606365,-6.361754,3/20/2024,2,Drone (rice field)
20_Kroya1,Cirebon,32749,108.07698,-6.481827,3/19/2024,4,Drone (rice field)
13_Jatibarang1,Cirebon,32749,108.323688,-6.40122,3/19/2024,2,Drone (rice field)
6_Ciranggon1,Karawang,32748,107.362663,-6.292417,3/18/2024,2,Drone (rice field)
11_Indramayu,Cirebon,32749,108.303676,-6.329589,3/19/2024,5,Drone (rice field)
20_Kroya1,Cirebon,32749,108.076879,-6.481918,3/19/2024,4,Drone (rice field)
20_Kroya1,Cirebon,32749,108.076607,-6.481607,3/19/2024,4,Drone (rice field)
16_Sukamandi1,Indramayu,32748,107.632817,-6.36462,3/20/2024,6,Drone (rice field)
16_Sukamandi1,Indramayu,32748,107.632955,-6.3637,3/20/2024,6,Drone (rice field)
15_Kroya,Cirebon,32749,108.072244,-6.454569,3/19/2024,2,Drone (rice field)
16_Sukamandi1,Indramayu,32748,107.631925,-6.363452,3/20/2024,6,Drone (rice field)
16_Sukamandi1,Indramayu,32748,107.633708,-6.365778,3/20/2024,6,Drone (rice field)
5_Rengasdengklok04,Karawang,32748,107.34363,-6.212307,3/16/2024,4,Field Survey
20_Kroya1,Cirebon,32749,108.074744,-6.482204,3/19/2024,3,Drone (rice field)
3_Rengasdengklok02,Karawang,32748,107.338291,-6.152239,3/16/2024,2,Drone (50x50)
,Indramayu,32748,107.804667,-6.379528,3/18/2024,2,Drone (50x50)
8_Ciranggon3,Karawang,32748,107.360166,-6.294464,3/18/2024,2,Drone (50x50)
17_Sukamandi2,Indramayu,32748,107.607309,-6.362062,3/20/2024,2,Drone (rice field)
20_Kroya1,Cirebon,32749,108.075069,-6.481393,3/19/2024,4,Drone (rice field)
16_Sukamandi1,Indramayu,32748,107.632357,-6.365309,3/20/2024,6,Drone (rice field)
,Indramayu,32748,107.793694,-6.367594,3/20/2024,4,Drone (rice field)
16_Sukamandi1,Indramayu,32748,107.633276,-6.365517,3/20/2024,6,Drone (rice field)
9 Lemahmulya,Karawang,32748,107.401222,-6.333056,3/18/2024,4,Drone (50x50)
20_Kroya1,Cirebon,32749,108.077007,-6.481706,3/19/2024,4,Drone (rice field)
13_Jatibarang1,Cirebon,32749,108.324136,-6.400631,3/19/2024,2,Drone (rice field)
18_Kiarasari,Indramayu,32748,107.88535,-6.436437,3/20/2024,4,Drone (rice field)
18_Kiarasari,Indramayu,32748,107.885289,-6.435913,3/20/2024,4,Drone (rice field)
6_Ciranggon1,Karawang,32748,107.362976,-6.292245,3/18/2024,2,Drone (50x50)
16_Sukamandi1,Indramayu,32748,107.631602,-6.364158,3/20/2024,6,Drone (rice field)
16_Sukamandi1,Indramayu,32748,107.631571,-6.36412,3/20/2024,6,Drone (rice field)
9_Lemahmulya,Karawang,32748,107.401027,-6.332825,3/18/2024,4,Drone (rice field)
12 Jatibarang2,Cirebon,32749,108.321917,-6.404944,3/19/2024,2,Drone (rice field)
6_Ciranggon1,Karawang,32748,107.36298,-6.293149,3/18/2024,2,Drone (50x50)
8_Ciranggon3,Karawang,32748,107.359277,-6.294461,3/18/2024,2,Drone (50x50)
20_Kroya1,Cirebon,32749,108.076124,-6.481673,3/19/2024,4,Drone (rice field)
18_Kiarasari,Indramayu,32748,107.885263,-6.436574,3/20/2024,4,Drone (rice field)
11_Indramayu,Cirebon,32749,108.303667,-6.328234,3/19/2024,5,Drone (rice field)
14_Jatimulya,Indramayu,32748,107.833023,-6.379005,3/20/2024,2,Drone (rice field)
16_Sukamandi1,Indramayu,32748,107.632291,-6.365623,3/20/2024,6,Drone (rice field)
20_Kroya1,Cirebon,32749,108.076192,-6.482748,3/19/2024,3,Drone (rice field)
9_Lemahmulya,Karawang,32748,107.402249,-6.332303,3/18/2024,4,Drone (rice field)
16_Sukamandi1,Indramayu,32748,107.630808,-6.364158,3/20/2024,6,Drone (rice field)
13_Jatibarang1,Cirebon,32749,108.32355,-6.402164,3/19/2024,2,Drone (rice field)
,Karawang,32748,107.399167,-6.332222,3/18/2024,2,Drone (50x50)
9_Lemahmulya,Karawang,32748,107.400407,-6.333355,3/18/2024,4,Drone (rice field)
16_Sukamandi1,Indramayu,32748,107.633789,-6.364545,3/20/2024,6,Drone (rice field)
5_Rengasdengklok04,Karawang,32748,107.343196,-6.211889,3/16/2024,4,Field Survey
16_Sukamandi1,Indramayu,32748,107.631516,-6.365704,3/20/2024,6,Drone (rice field)
18_Kiarasari,Indramayu,32748,107.885408,-6.436253,3/20/2024,4,Drone (rice field)
14_Jatimulya,Indramayu,32748,107.832467,-6.377939,3/20/2024,2,Drone (rice field)
17_Sukamandi2,Indramayu,32748,107.607193,-6.3608,3/20/2024,2,Drone (rice field)
20 Kroya1,Cirebon,32749,108.076083,-6.4825,3/19/2024,3,Drone (rice field)
13_Jatibarang1,Cirebon,32749,108.324907,-6.402606,3/19/2024,2,Drone (rice field)
15_Kroya,Cirebon,32749,108.071776,-6.455255,3/19/2024,2,Drone (rice field)
16_Sukamandi1,Indramayu,32748,107.631553,-6.36369,3/20/2024,6,Drone (rice field)
13_Jatibarang1,Cirebon,32749,108.323889,-6.402674,3/19/2024,2,Drone (rice field)
16_Sukamandi1,Indramayu,32748,107.632049,-6.363253,3/20/2024,6,Drone (rice field)
16_Sukamandi1,Indramayu,32748,107.631605,-6.36461,3/20/2024,6,Drone (rice field)
11 Indramayu,Cirebon,32749,108.302778,-6.324528,3/19/2024,5,Drone (rice field)
,Indramayu,32748,107.793892,-6.367856,3/20/2024,3,Drone (rice field)
18_Kiarasari,Indramayu,32748,107.884891,-6.435085,3/20/2024,4,Drone (rice field)
17_Sukamandi2,Indramayu,32748,107.606726,-6.361193,3/20/2024,2,Drone (rice field)
18_Kiarasari,Indramayu,32748,107.88496,-6.436571,3/20/2024,4,Drone (rice field)
18_Kiarasari,Indramayu,32748,107.884014,-6.435519,3/20/2024,4,Drone (rice field)
3_Rengasdengklok02,Karawang,32748,107.339775,-6.152699,3/16/2024,2,Field Survey
17_Sukamandi2,Indramayu,32748,107.607485,-6.361629,3/20/2024,2,Drone (rice field)
16_Sukamandi1,Indramayu,32748,107.63251,-6.365058,3/20/2024,6,Drone (rice field)
18_Kiarasari,Indramayu,32748,107.885698,-6.435923,3/20/2024,4,Drone (rice field)
16_Sukamandi1,Indramayu,32748,107.633585,-6.36559,3/20/2024,6,Drone (rice field)
18_Kiarasari,Indramayu,32748,107.884404,-6.436872,3/20/2024,4,Drone (rice field)
16_Sukamandi1,Indramayu,32748,107.630696,-6.365382,3/20/2024,6,Drone (rice field)
16_Sukamandi1,Indramayu,32748,107.631406,-6.364488,3/20/2024,6,Drone (rice field)
7_Ciranggon2,Karawang,32748,107.362426,-6.291752,3/18/2024,4,Drone (50x50)
12_Jatibarang2,Cirebon,32749,108.324462,-6.403512,3/19/2024,2,Drone (rice field)
16_Sukamandi1,Indramayu,32748,107.631797,-6.363779,3/20/2024,6,Drone (rice field)
11_Indramayu,Cirebon,32749,108.30457,-6.328228,3/19/2024,5,Drone (rice field)
16_Sukamandi1,Indramayu,32748,107.632611,-6.365697,3/20/2024,6,Drone (rice field)
19_DongkalSukasari,Cirebon,32749,108.271806,-6.382177,3/19/2024,2,Drone (rice field)
16_Sukamandi1,Indramayu,32748,107.632099,-6.365322,3/20/2024,6,Drone (rice field)
8_Ciranggon3,Karawang,32748,107.360278,-6.294969,3/18/2024,2,Drone (50x50)
17_Sukamandi2,Indramayu,32748,107.607201,-6.361571,3/20/2024,2,Drone (rice field)
9_Lemahmulya,Karawang,32748,107.400904,-6.333407,3/18/2024,4,Drone (rice field)
15_Kroya,Cirebon,32749,108.072644,-6.454144,3/19/2024,3,Drone (rice field)
20_Kroya1,Cirebon,32749,108.075553,-6.482809,3/19/2024,3,Drone (rice field)
20_Kroya1,Cirebon,32749,108.076533,-6.481709,3/19/2024,4,Drone (rice field)
16_Sukamandi1,Indramayu,32748,107.631148,-6.363709,3/20/2024,6,Drone (rice field)
20_Kroya1,Cirebon,32749,108.077109,-6.482065,3/19/2024,4,Drone (rice field)
16_Sukamandi1,Indramayu,32748,107.632506,-6.364154,3/20/2024,6,Drone (rice field)
20_Kroya1,Cirebon,32749,108.075636,-6.483055,3/19/2024,4,Drone (rice field)
16_Sukamandi1,Indramayu,32748,107.632945,-6.364917,3/20/2024,6,Drone (rice field)
5_Rengasdengklok04,Karawang,32748,107.34314,-6.211582,3/16/2024,4,Drone (50x50)
20_Kroya1,Cirebon,32749,108.075966,-6.481859,3/19/2024,4,Drone (rice field)
18_Kiarasari,Indramayu,32748,107.88395,-6.434941,3/20/2024,4,Drone (rice field)
17_Sukamandi2,Indramayu,32748,107.606031,-6.36086,3/20/2024,2,Drone (rice field)
3_Rengasdengklok02,Karawang,32748,107.338418,-6.152253,3/16/2024,2,Field Survey
15_Kroya,Cirebon,32749,108.07241,-6.454768,3/19/2024,2,Drone (rice field)
11_Indramayu,Cirebon,32749,108.300883,-6.329,3/19/2024,5,Drone (rice field)
16_Sukamandi1,Indramayu,32748,107.631151,-6.364161,3/20/2024,6,Drone (rice field)
20_Kroya1,Cirebon,32749,108.076336,-6.482145,3/19/2024,4,Drone (rice field)
16_Sukamandi1,Indramayu,32748,107.631155,-6.365064,3/20/2024,6,Drone (rice field)
16_Sukamandi1,Indramayu,32748,107.632641,-6.364352,3/20/2024,6,Drone (rice field)
18_Kiarasari,Indramayu,32748,107.884849,-6.436233,3/20/2024,4,Drone (rice field)
18_Kiarasari,Indramayu,32748,107.884486,-6.435201,3/20/2024,4,Drone (rice field)
16_Sukamandi1,Indramayu,32748,107.631197,-6.36309,3/20/2024,6,Drone (rice field)
18_Kiarasari,Indramayu,32748,107.88438,-6.434928,3/20/2024,4,Drone (rice field)
12_Jatibarang2,Cirebon,32749,108.324916,-6.403961,3/19/2024,2,Drone (rice field)
16_Sukamandi1,Indramayu,32748,107.631651,-6.364032,3/20/2024,6,Drone (rice field)
18_Kiarasari,Indramayu,32748,107.884453,-6.436212,3/20/2024,4,Drone (rice field)
5_Rengasdengklok04,Karawang,32748,107.343334,-6.212363,3/16/2024,4,Field Survey
18_Kiarasari,Indramayu,32748,107.885348,-6.435986,3/20/2024,4,Drone (rice field)
6_Ciranggon1,Karawang,32748,107.362912,-6.29243,3/18/2024,2,Drone (rice field)
16_Sukamandi1,Indramayu,32748,107.632063,-6.365963,3/20/2024,6,Drone (rice field)
20_Kroya1,Cirebon,32749,108.074735,-6.482436,3/19/2024,3,Drone (rice field)
8_Ciranggon3,Karawang,32748,107.360695,-6.294404,3/18/2024,2,Drone (50x50)
14_Jatimulya,Indramayu,32748,107.833094,-6.378452,3/20/2024,2,Drone (rice field)
16_Sukamandi1,Indramayu,32748,107.632847,-6.365266,3/20/2024,6,Drone (rice field)
13_Jatibarang1,Cirebon,32749,108.325579,-6.401784,3/19/2024,2,Drone (rice field)
16_Sukamandi1,Indramayu,32748,107.631677,-6.36595,3/20/2024,6,Drone (rice field)
17_Sukamandi2,Indramayu,32748,107.607238,-6.362246,3/20/2024,2,Drone (rice field)
20_Kroya1,Cirebon,32749,108.076779,-6.481418,3/19/2024,4,Drone (rice field)
15_Kroya,Cirebon,32749,108.072043,-6.454549,3/19/2024,2,Drone (rice field)
15_Kroya,Cirebon,32749,108.071888,-6.454956,3/19/2024,2,Drone (rice field)
16_Sukamandi1,Indramayu,32748,107.632052,-6.363704,3/20/2024,6,Drone (rice field)
5_Rengasdengklok04,Karawang,32748,107.344272,-6.212404,3/16/2024,3,Field Survey
4_Rengasdengklok03,Karawang,32748,107.348412,-6.150556,3/16/2024,2,Drone (50x50)
6_Ciranggon1,Karawang,32748,107.363154,-6.29337,3/18/2024,2,Drone (rice field)
19_DongkalSukasari,Cirebon,32749,108.27152,-6.383531,3/19/2024,2,Drone (rice field)
16_Sukamandi1,Indramayu,32748,107.632962,-6.365055,3/20/2024,6,Drone (rice field)
14_Jatimulya,Indramayu,32748,107.832193,-6.378982,3/20/2024,2,Drone (rice field)
18 Kiarasari,Indramayu,32748,107.884178,-6.435675,3/20/2024,4,Drone (rice field)
9_Lemahmulya,Karawang,32748,107.400654,-6.33365,3/18/2024,3,Drone (50x50)
20_Kroya1,Cirebon,32749,108.074835,-6.482305,3/19/2024,3,Drone (rice field)
16_Sukamandi1,Indramayu,32748,107.6317,-6.365586,3/20/2024,6,Drone (rice field)
16_Sukamandi1,Indramayu,32748,107.633161,-6.365335,3/20/2024,6,Drone (rice field)
7_Ciranggon2,Karawang,32748,107.36252,-6.291343,3/18/2024,4,Drone (50x50)
16_Sukamandi1,Indramayu,32748,107.633418,-6.365957,3/20/2024,6,Drone (rice field)
20_Kroya1,Cirebon,32749,108.077092,-6.482291,3/19/2024,4,Drone (rice field)
16_Sukamandi1,Indramayu,32748,107.632508,-6.364606,3/20/2024,6,Drone (rice field)
20_Kroya1,Cirebon,32749,108.077018,-6.481562,3/19/2024,4,Drone (rice field)
5_Rengasdengklok04,Karawang,32748,107.34368,-6.212567,3/16/2024,4,Field Survey
7_Ciranggon2,Karawang,32748,107.361696,-6.291448,3/18/2024,4,Drone (50x50)
15_Kroya,Cirebon,32749,108.071722,-6.455037,3/19/2024,2,Drone (rice field)
17_Sukamandi2,Indramayu,32748,107.606148,-6.362414,3/20/2024,2,Drone (rice field)
20_Kroya1,Cirebon,32749,108.07527,-6.482637,3/19/2024,4,Drone (rice field)
6_Ciranggon1,Karawang,32748,107.362654,-6.292835,3/18/2024,2,Drone (rice field)
16_Sukamandi1,Indramayu,32748,107.630791,-6.365535,3/20/2024,6,Drone (rice field)
17_Sukamandi2,Indramayu,32748,107.607898,-6.360731,3/20/2024,2,Drone (rice field)
9_Lemahmulya,Karawang,32748,107.401084,-6.333115,3/18/2024,4,Drone (rice field)
11_Indramayu,Cirebon,32749,108.30296,-6.327607,3/19/2024,5,Drone (rice field)
,Karawang,32748,107.461172,-6.3275,3/18/2024,1,Drone (50x50)
16_Sukamandi1,Indramayu,32748,107.632501,-6.36325,3/20/2024,6,Drone (rice field)
11_Indramayu,Cirebon,32749,108.302765,-6.32824,3/19/2024,5,Drone (rice field)
20_Kroya1,Cirebon,32749,108.074736,-6.482288,3/19/2024,3,Drone (rice field)
,Indramayu,32748,107.670528,-6.326139,3/19/2024,5,Drone (rice field)
15_Kroya,Cirebon,32749,108.072386,-6.455157,3/19/2024,2,Drone (rice field)
5_Rengasdengklok04,Karawang,32748,107.343374,-6.21162,3/16/2024,4,Drone (50x50)
11_Indramayu,Cirebon,32749,108.303661,-6.327331,3/19/2024,5,Drone (rice field)
20_Kroya1,Cirebon,32749,108.076904,-6.48209,3/19/2024,4,Drone (rice field)
16_Sukamandi1,Indramayu,32748,107.632515,-6.365961,3/20/2024,6,Drone (rice field)
16_Sukamandi1,Indramayu,32748,107.632519,-6.365954,3/20/2024,6,Drone (rice field)
18_Kiarasari,Indramayu,32748,107.884899,-6.43644,3/20/2024,4,Drone (rice field)
5_Rengasdengklok04,Karawang,32748,107.34365,-6.212339,3/16/2024,4,Field Survey
11_Indramayu,Cirebon,32749,108.30411,-6.326877,3/19/2024,5,Drone (rice field)
9_Lemahmulya,Karawang,32748,107.401776,-6.333692,3/18/2024,3,Drone (rice field)
18_Kiarasari,Indramayu,32748,107.883544,-6.437065,3/20/2024,4,Drone (rice field)
17_Sukamandi2,Indramayu,32748,107.606443,-6.360953,3/20/2024,2,Drone (rice field)
15_Kroya,Cirebon,32749,108.071701,-6.455139,3/19/2024,2,Drone (rice field)
11_Indramayu,Cirebon,32749,108.301868,-6.329149,3/19/2024,5,Drone (rice field)
16_Sukamandi1,Indramayu,32748,107.630762,-6.365306,3/20/2024,6,Drone (rice field)
16_Sukamandi1,Indramayu,32748,107.632631,-6.363438,3/20/2024,6,Drone (rice field)
8_Ciranggon3,Karawang,32748,107.360165,-6.294223,3/18/2024,2,Drone (50x50)
16_Sukamandi1,Indramayu,32748,107.631891,-6.365461,3/20/2024,6,Drone (rice field)
,Karawang,32748,107.372306,-6.184194,3/17/2024,6,Drone (50x50)
,Karawang,32748,107.372306,-6.184194,3/20/2024,6,Drone (rice field)
18_Kiarasari,Indramayu,32748,107.884447,-6.436443,3/20/2024,4,Drone (rice field)
16_Sukamandi1,Indramayu,32748,107.633658,-6.363681,3/20/2024,6,Drone (rice field)
5_Rengasdengklok04,Karawang,32748,107.343094,-6.211855,3/16/2024,4,Field Survey
,Indramayu,32748,107.668464,-6.327472,3/20/2024,4,Drone (rice field)
14_Jatimulya,Indramayu,32748,107.833302,-6.379017,3/20/2024,2,Drone (rice field)
11 Indramayu,Cirebon,32749,108.302944,-6.323917,3/19/2024,4,Drone (rice field)
7_Ciranggon2,Karawang,32748,107.362205,-6.291141,3/18/2024,4,Drone (50x50)
18_Kiarasari,Indramayu,32748,107.883993,-6.435993,3/20/2024,4,Drone (rice field)
20_Kroya1,Cirebon,32749,108.076635,-6.481391,3/19/2024,4,Drone (rice field)
16_Sukamandi1,Indramayu,32748,107.632503,-6.363702,3/20/2024,6,Drone (rice field)
18_Kiarasari,Indramayu,32748,107.883988,-6.43509,3/20/2024,4,Drone (rice field)
16_Sukamandi1,Indramayu,32748,107.631563,-6.364395,3/20/2024,6,Drone (rice field)
20_Kroya1,Cirebon,32749,108.076682,-6.481508,3/19/2024,4,Drone (rice field)
16_Sukamandi1,Indramayu,32748,107.633143,-6.36507,3/20/2024,6,Drone (rice field)
17_Sukamandi2,Indramayu,32748,107.60775,-6.362625,3/20/2024,2,Drone (rice field)
16_Sukamandi1,Indramayu,32748,107.633223,-6.364719,3/20/2024,6,Drone (rice field)
16_Sukamandi1,Indramayu,32748,107.631141,-6.36423,3/20/2024,6,Drone (rice field)
6_Ciranggon1,Karawang,32748,107.362843,-6.293154,3/18/2024,2,Drone (rice field)
20_Kroya1,Cirebon,32749,108.075365,-6.482957,3/19/2024,4,Drone (rice field)
15_Kroya,Cirebon,32749,108.072116,-6.455272,3/19/2024,2,Drone (rice field)
11_Indramayu,Cirebon,32749,108.302762,-6.327788,3/19/2024,5,Drone (rice field)
18_Kiarasari,Indramayu,32748,107.884459,-6.436538,3/20/2024,4,Drone (rice field)
5_Rengasdengklok04,Karawang,32748,107.344284,-6.211536,3/16/2024,4,Field Survey
15_Kroya,Cirebon,32749,108.072143,-6.454556,3/19/2024,2,Drone (rice field)
16_Sukamandi1,Indramayu,32748,107.631886,-6.365875,3/20/2024,6,Drone (rice field)
18_Kiarasari,Indramayu,32748,107.884445,-6.435991,3/20/2024,4,Drone (rice field)
16_Sukamandi1,Indramayu,32748,107.631939,-6.364676,3/20/2024,6,Drone (rice field)
16_Sukamandi1,Indramayu,32748,107.632717,-6.365068,3/20/2024,6,Drone (rice field)
16_Sukamandi1,Indramayu,32748,107.632059,-6.36506,3/20/2024,6,Drone (rice field)
20_Kroya1,Cirebon,32749,108.074735,-6.482573,3/19/2024,3,Drone (rice field)
16_Sukamandi1,Indramayu,32748,107.631305,-6.363997,3/20/2024,6,Drone (rice field)
16_Sukamandi1,Indramayu,32748,107.631713,-6.363079,3/20/2024,6,Drone (rice field)
16_Sukamandi1,Indramayu,32748,107.632387,-6.36434,3/20/2024,6,Drone (rice field)
20_Kroya1,Cirebon,32749,108.07574,-6.482751,3/19/2024,3,Drone (rice field)
15_Kroya,Cirebon,32749,108.072413,-6.455219,3/19/2024,2,Drone (rice field)
18_Kiarasari,Indramayu,32748,107.883998,-6.436897,3/20/2024,4,Drone (rice field)
16_Sukamandi1,Indramayu,32748,107.631328,-6.365441,3/20/2024,6,Drone (rice field)
15_Kroya,Cirebon,32749,108.071796,-6.455123,3/19/2024,2,Drone (rice field)
20_Kroya1,Cirebon,32749,108.07696,-6.481391,3/19/2024,4,Drone (rice field)
18_Kiarasari,Indramayu,32748,107.884442,-6.435539,3/20/2024,4,Drone (rice field)
18_Kiarasari,Indramayu,32748,107.884457,-6.435538,3/20/2024,4,Drone (rice field)
17_Sukamandi2,Indramayu,32748,107.607961,-6.362291,3/20/2024,2,Drone (rice field)
6_Ciranggon1,Karawang,32748,107.362653,-6.292662,3/18/2024,2,Drone (rice field)
16_Sukamandi1,Indramayu,32748,107.632144,-6.363974,3/20/2024,6,Drone (rice field)
17_Sukamandi2,Indramayu,32748,107.607936,-6.362356,3/20/2024,2,Drone (rice field)
16_Sukamandi1,Indramayu,32748,107.630972,-6.365427,3/20/2024,6,Drone (rice field)
20_Kroya1,Cirebon,32749,108.077114,-6.481678,3/19/2024,4,Drone (rice field)
16_Sukamandi1,Indramayu,32748,107.633413,-6.365053,3/20/2024,6,Drone (rice field)
16_Sukamandi1,Indramayu,32748,107.632104,-6.364557,3/20/2024,6,Drone (rice field)
16_Sukamandi1,Indramayu,32748,107.630884,-6.365487,3/20/2024,6,Drone (rice field)
16_Sukamandi1,Indramayu,32748,107.633482,-6.364546,3/20/2024,6,Drone (rice field)
18_Kiarasari,Indramayu,32748,107.884913,-6.435224,3/20/2024,4,Drone (rice field)
20_Kroya1,Cirebon,32749,108.075289,-6.482754,3/19/2024,4,Drone (rice field)
16_Sukamandi1,Indramayu,32748,107.630717,-6.364261,3/20/2024,6,Drone (rice field)
16_Sukamandi1,Indramayu,32748,107.632291,-6.365882,3/20/2024,6,Drone (rice field)
20_Kroya1,Cirebon,32749,108.076189,-6.482297,3/19/2024,4,Drone (rice field)
20_Kroya1,Cirebon,32749,108.075722,-6.482621,3/19/2024,3,Drone (rice field)
9_Lemahmulya,Karawang,32748,107.400652,-6.333198,3/18/2024,4,Drone (50x50)
18_Kiarasari,Indramayu,32748,107.884082,-6.436197,3/20/2024,4,Drone (rice field)
17_Sukamandi2,Indramayu,32748,107.607926,-6.362482,3/20/2024,2,Drone (rice field)
17_Sukamandi2,Indramayu,32748,107.607851,-6.362486,3/20/2024,2,Drone (rice field)
16_Sukamandi1,Indramayu,32748,107.630701,-6.364615,3/20/2024,6,Drone (rice field)
18_Kiarasari,Indramayu,32748,107.883991,-6.435542,3/20/2024,4,Drone (rice field)
16_Sukamandi1,Indramayu,32748,107.632513,-6.365509,3/20/2024,6,Drone (rice field)
16_Sukamandi1,Indramayu,32748,107.632485,-6.365504,3/20/2024,6,Drone (rice field)
20_Kroya1,Cirebon,32749,108.077052,-6.481455,3/19/2024,4,Drone (rice field)
16_Sukamandi1,Indramayu,32748,107.633348,-6.363212,3/20/2024,6,Drone (rice field)
16_Sukamandi1,Indramayu,32748,107.631857,-6.364159,3/20/2024,6,Drone (rice field)
16_Sukamandi1,Indramayu,32748,107.632056,-6.364608,3/20/2024,6,Drone (rice field)
16_Sukamandi1,Indramayu,32748,107.631598,-6.363255,3/20/2024,6,Drone (rice field)
16_Sukamandi1,Indramayu,32748,107.630861,-6.363769,3/20/2024,6,Drone (rice field)
16_Sukamandi1,Indramayu,32748,107.633409,-6.364149,3/20/2024,6,Drone (rice field)
18_Kiarasari,Indramayu,32748,107.884057,-6.43686,3/20/2024,4,Drone (rice field)
16_Sukamandi1,Indramayu,32748,107.631582,-6.363112,3/20/2024,6,Drone (rice field)
16 Sukamandi1,Indramayu,32748,107.629444,-6.365389,3/20/2024,6,Drone (rice field)
11 Indramayu,Cirebon,32749,108.302778,-6.330278,3/19/2024,4,Drone (rice field)
16_Sukamandi1,Indramayu,32748,107.633131,-6.364124,3/20/2024,6,Drone (rice field)
20_Kroya1,Cirebon,32749,108.076644,-6.482746,3/19/2024,4,Drone (rice field)
20_Kroya1,Cirebon,32749,108.076638,-6.481842,3/19/2024,4,Drone (rice field)
16_Sukamandi1,Indramayu,32748,107.630786,-6.364933,3/20/2024,6,Drone (rice field)
16_Sukamandi1,Indramayu,32748,107.630951,-6.363282,3/20/2024,6,Drone (rice field)
,Karawang,32748,107.345611,-6.169111,3/17/2024,3,Drone (50x50)
,Karawang,32748,107.345611,-6.169111,3/20/2024,3,Drone (rice field)
9_Lemahmulya,Karawang,32748,107.400748,-6.333161,3/18/2024,4,Drone (rice field)
16_Sukamandi1,Indramayu,32748,107.631441,-6.365117,3/20/2024,6,Drone (rice field)
5_Rengasdengklok04,Karawang,32748,107.34425,-6.211692,3/16/2024,4,Field Survey
16_Sukamandi1,Indramayu,32748,107.631146,-6.363257,3/20/2024,6,Drone (rice field)
16_Sukamandi1,Indramayu,32748,107.631913,-6.365031,3/20/2024,6,Drone (rice field)
16_Sukamandi1,Indramayu,32748,107.631706,-6.363295,3/20/2024,6,Drone (rice field)
5_Rengasdengklok04,Karawang,32748,107.343471,-6.212598,3/16/2024,4,Field Survey
15_Kroya,Cirebon,32749,108.072532,-6.454874,3/19/2024,2,Drone (rice field)
16_Sukamandi1,Indramayu,32748,107.631609,-6.365514,3/20/2024,6,Drone (rice field)
18_Kiarasari,Indramayu,32748,107.884839,-6.436895,3/20/2024,4,Drone (rice field)
16_Sukamandi1,Indramayu,32748,107.630704,-6.365067,3/20/2024,6,Drone (rice field)
16_Sukamandi1,Indramayu,32748,107.631153,-6.364613,3/20/2024,6,Drone (rice field)
3_Rengasdengklok02,Karawang,32748,107.339731,-6.152792,3/16/2024,2,Drone (50x50)
16_Sukamandi1,Indramayu,32748,107.633404,-6.363246,3/20/2024,6,Drone (rice field)
16_Sukamandi1,Indramayu,32748,107.631094,-6.363179,3/20/2024,6,Drone (rice field)
16_Sukamandi1,Indramayu,32748,107.633012,-6.365161,3/20/2024,6,Drone (rice field)
16_Sukamandi1,Indramayu,32748,107.631704,-6.365169,3/20/2024,6,Drone (rice field)
12_Jatibarang2,Cirebon,32749,108.324997,-6.403835,3/19/2024,2,Drone (rice field)
18_Kiarasari,Indramayu,32748,107.885676,-6.436594,3/20/2024,4,Drone (rice field)
16_Sukamandi1,Indramayu,32748,107.632957,-6.364152,3/20/2024,6,Drone (rice field)
20_Kroya1,Cirebon,32749,108.074829,-6.481402,3/19/2024,4,Drone (rice field)
18_Kiarasari,Indramayu,32748,107.885206,-6.436246,3/20/2024,4,Drone (rice field)
16_Sukamandi1,Indramayu,32748,107.63073,-6.3645,3/20/2024,6,Drone (rice field)
16_Sukamandi1,Indramayu,32748,107.631115,-6.364677,3/20/2024,6,Drone (rice field)
18_Kiarasari,Indramayu,32748,107.884901,-6.436892,3/20/2024,4,Drone (rice field)
16_Sukamandi1,Indramayu,32748,107.633858,-6.363695,3/20/2024,6,Drone (rice field)
16_Sukamandi1,Indramayu,32748,107.631858,-6.363206,3/20/2024,6,Drone (rice field)
18_Kiarasari,Indramayu,32748,107.885013,-6.437106,3/20/2024,4,Drone (rice field)
16_Sukamandi1,Indramayu,32748,107.633691,-6.364405,3/20/2024,6,Drone (rice field)
7_Ciranggon2,Karawang,32748,107.361617,-6.291347,3/18/2024,4,Drone (50x50)
16_Sukamandi1,Indramayu,32748,107.633407,-6.363697,3/20/2024,6,Drone (rice field)
16_Sukamandi1,Indramayu,32748,107.631362,-6.364923,3/20/2024,6,Drone (rice field)
16_Sukamandi1,Indramayu,32748,107.631607,-6.365062,3/20/2024,6,Drone (rice field)
16_Sukamandi1,Indramayu,32748,107.632054,-6.364156,3/20/2024,6,Drone (rice field)
17_Rawamerta,Karawang,32748,107.342794,-6.214843,4/27/2024,1,Drone (rice field)
17_Rawamerta,Karawang,32748,107.34248,-6.214676,4/27/2024,1,Drone (rice field)
6_Babawangan1,Karawang,32748,107.466607,-6.233531,4/27/2024,2,Drone (rice field)
6_Babawangan1,Karawang,32748,107.464567,-6.233514,4/27/2024,2,Drone (rice field)
9_Sukamandi,Indramayu,32748,107.641568,-6.355036,4/28/2024,1,Drone (rice field)
6_Babawangan1,Karawang,32748,107.465527,-6.233786,4/27/2024,2,Drone (50x50)
6_Babawangan1,Karawang,32748,107.465467,-6.233853,4/27/2024,2,Drone (rice field)
21_Sumurgede,Karawang,32748,107.495731,-6.193892,4/27/2024,2,Drone (rice field)
6_Babawangan1,Karawang,32748,107.464622,-6.233338,4/27/2024,2,Drone (50x50)
21_Sumurgede,Karawang,32748,107.495929,-6.194262,4/27/2024,2,Drone (rice field)
6_Babawangan1,Karawang,32748,107.465074,-6.233336,4/27/2024,2,Drone (50x50)
7_Babawangan2,Karawang,32748,107.468363,-6.234982,4/27/2024,2,Drone (50x50)
6_Babawangan1,Karawang,32748,107.465931,-6.233172,4/27/2024,2,Drone (rice field)
6_Babawangan1,Karawang,32748,107.465461,-6.234356,4/27/2024,2,Drone (rice field)
6_Babawangan1,Karawang,32748,107.465154,-6.233528,4/27/2024,2,Drone (rice field)
7_Babawangan2,Karawang,32748,107.467186,-6.234382,4/27/2024,2,Drone (rice field)
6_Babawangan1,Karawang,32748,107.466545,-6.233191,4/27/2024,2,Drone (rice field)
9_Sukamandi,Indramayu,32748,107.641693,-6.355193,4/28/2024,1,Drone (rice field)
7_Babawangan2,Karawang,32748,107.466892,-6.234109,4/27/2024,2,Drone (rice field)
6_Babawangan1,Karawang,32748,107.465894,-6.233286,4/27/2024,2,Drone (rice field)
18_Lemahmukti,Karawang,32748,107.461279,-6.259473,4/27/2024,2,Drone (rice field)
6_Babawangan1,Karawang,32748,107.465979,-6.233784,4/27/2024,2,Drone (50x50)
7_Babawangan2,Karawang,32748,107.468285,-6.234252,4/27/2024,2,Drone (rice field)
21_Sumurgede,Karawang,32748,107.495711,-6.192791,4/27/2024,2,Drone (rice field)
7_Babawangan2,Karawang,32748,107.466886,-6.234683,4/27/2024,2,Drone (50x50)
6_Babawangan1,Karawang,32748,107.466085,-6.234432,4/27/2024,2,Drone (50x50)
21_Sumurgede,Karawang,32748,107.495887,-6.194714,4/27/2024,2,Drone (rice field)
6_Babawangan1,Karawang,32748,107.464624,-6.23379,4/27/2024,2,Drone (50x50)
6_Babawangan1,Karawang,32748,107.46456,-6.233822,4/27/2024,2,Drone (rice field)
21_Sumurgede,Karawang,32748,107.49588,-6.194054,4/27/2024,2,Drone (rice field)
6_Babawangan1,Karawang,32748,107.466268,-6.233892,4/27/2024,2,Drone (rice field)
7_Babawangan2,Karawang,32748,107.468178,-6.233939,4/27/2024,2,Drone (rice field)
7_Babawangan2,Karawang,32748,107.467696,-6.235218,4/27/2024,2,Drone (50x50)
17_Rawamerta,Karawang,32748,107.343825,-6.214997,4/27/2024,1,Drone (rice field)
17_Rawamerta,Karawang,32748,107.342606,-6.214461,4/27/2024,1,Drone (50x50)
21_Sumurgede,Karawang,32748,107.494851,-6.194086,4/27/2024,2,Drone (rice field)
7_Babawangan2,Karawang,32748,107.467338,-6.234681,4/27/2024,2,Drone (50x50)
6_Babawangan1,Karawang,32748,107.465644,-6.232669,4/27/2024,2,Drone (50x50)
7_Babawangan2,Karawang,32748,107.467325,-6.234873,4/27/2024,2,Drone (50x50)
9_Sukamandi,Indramayu,32748,107.640438,-6.354935,4/28/2024,1,Drone (rice field)
7_Babawangan2,Karawang,32748,107.467232,-6.235425,4/27/2024,2,Drone (50x50)
7_Babawangan2,Karawang,32748,107.467582,-6.235473,4/27/2024,2,Drone (50x50)
18_Lemahmukti,Karawang,32748,107.462035,-6.25956,4/27/2024,2,Drone (50x50)
18_Lemahmukti,Karawang,32748,107.461589,-6.259247,4/27/2024,2,Drone (rice field)
6_Babawangan1,Karawang,32748,107.464626,-6.234242,4/27/2024,2,Drone (50x50)
18_Lemahmukti,Karawang,32748,107.461855,-6.259542,4/27/2024,2,Drone (rice field)
7_Babawangan2,Karawang,32748,107.467358,-6.234681,4/27/2024,2,Drone (50x50)
6_Babawangan1,Karawang,32748,107.464712,-6.233253,4/27/2024,2,Drone (rice field)
7_Babawangan2,Karawang,32748,107.46734,-6.235133,4/27/2024,2,Drone (50x50)
7_Babawangan2,Karawang,32748,107.467286,-6.235131,4/27/2024,2,Drone (50x50)
18_Lemahmukti,Karawang,32748,107.46141,-6.260038,4/27/2024,2,Drone (rice field)
6_Babawangan1,Karawang,32748,107.464548,-6.234006,4/27/2024,2,Drone (rice field)
9. Sukamandi,Indramayu,32748,107.641333,-6.355111,4/28/2024,1,Drone (rice field)
6_Babawangan1,Karawang,32748,107.466293,-6.233588,4/27/2024,2,Drone (rice field)
9_Sukamandi,Indramayu,32748,107.640669,-6.35515,4/28/2024,1,Drone (rice field)
7_Babawangan2,Karawang,32748,107.468691,-6.234223,4/27/2024,2,Drone (50x50)
7_Babawangan2,Karawang,32748,107.468669,-6.234293,4/27/2024,2,Drone (rice field)
17_Rawamerta,Karawang,32748,107.343632,-6.214588,4/27/2024,1,Drone (rice field)
6_Babawangan1,Karawang,32748,107.464848,-6.234285,4/27/2024,2,Drone (rice field)
7_Babawangan2,Karawang,32748,107.468468,-6.233974,4/27/2024,2,Drone (rice field)
7_Babawangan2,Karawang,32748,107.468838,-6.235085,4/27/2024,2,Drone (50x50)
6_Babawangan1,Karawang,32748,107.466335,-6.233166,4/27/2024,2,Drone (rice field)
18_Lemahmukti,Karawang,32748,107.461299,-6.258538,4/27/2024,2,Drone (rice field)
7_Babawangan2,Karawang,32748,107.468111,-6.234773,4/27/2024,2,Drone (50x50)
9_Sukamandi,Indramayu,32748,107.640441,-6.355387,4/28/2024,1,Drone (rice field)
7_Babawangan2,Karawang,32748,107.468088,-6.234937,4/27/2024,2,Drone (50x50)
6_Babawangan1,Karawang,32748,107.466546,-6.233763,4/27/2024,2,Drone (rice field)
9_Sukamandi,Indramayu,32748,107.641339,-6.354479,4/28/2024,1,Drone (rice field)
6_Babawangan1,Karawang,32748,107.464839,-6.234544,4/27/2024,2,Drone (50x50)
4_Kutajaya,Karawang,32748,107.347905,-6.150373,4/26/2024,3,Drone (50x50)
21_Sumurgede,Karawang,32748,107.494001,-6.192725,4/27/2024,2,Drone (rice field)
21_Sumurgede,Karawang,32748,107.495599,-6.194782,4/27/2024,2,Drone (50x50)
21_Sumurgede,Karawang,32748,107.495597,-6.194742,4/27/2024,2,Drone (rice field)
7_Babawangan2,Karawang,32748,107.468382,-6.234816,4/27/2024,2,Drone (50x50)
21_Sumurgede,Karawang,32748,107.494969,-6.193085,4/27/2024,2,Drone (rice field)
18_Lemahmukti,Karawang,32748,107.456136,-6.256094,4/27/2024,2,Drone (50x50)
17_Rawamerta,Karawang,32748,107.342155,-6.214463,4/27/2024,1,Drone (50x50)
21_Sumurgede,Karawang,32748,107.494503,-6.192684,4/27/2024,2,Drone (rice field)
21_Sumurgede,Karawang,32748,107.495421,-6.193529,4/27/2024,2,Drone (rice field)
6_Babawangan1,Karawang,32748,107.464394,-6.233665,4/27/2024,2,Drone (rice field)
9_Sukamandi,Indramayu,32748,107.639989,-6.355389,4/28/2024,1,Drone (rice field)
4_Kutajaya,Karawang,32748,107.348527,-6.15105,4/26/2024,3,Drone (50x50)
21_Sumurgede,Karawang,32748,107.495141,-6.193428,4/27/2024,2,Drone (50x50)
6_Babawangan1,Karawang,32748,107.46558,-6.233156,4/27/2024,2,Drone (rice field)
21_Sumurgede,Karawang,32748,107.495596,-6.193693,4/27/2024,2,Drone (rice field)
4_Kutajaya,Karawang,32748,107.34819,-6.149357,4/26/2024,3,Drone (50x50)
6_Babawangan1,Karawang,32748,107.465144,-6.23455,4/27/2024,2,Drone (50x50)
21_Sumurgede,Karawang,32748,107.493337,-6.193888,4/27/2024,2,Drone (50x50)
21_Sumurgede,Karawang,32748,107.493446,-6.194191,4/27/2024,2,Drone (rice field)
9_Sukamandi,Indramayu,32748,107.640989,-6.354868,4/28/2024,1,Drone (rice field)
9_Sukamandi,Indramayu,32748,107.640174,-6.35558,4/28/2024,1,Drone (rice field)
7_Babawangan2,Karawang,32748,107.46737,-6.234147,4/27/2024,2,Drone (rice field)
6_Babawangan1,Karawang,32748,107.464372,-6.234223,4/27/2024,2,Drone (rice field)
21_Sumurgede,Karawang,32748,107.495556,-6.193333,4/27/2024,2,Drone (50x50)
9_Sukamandi,Indramayu,32748,107.640355,-6.35482,4/28/2024,1,Drone (rice field)
7_Babawangan2,Karawang,32748,107.467764,-6.234192,4/27/2024,2,Drone (rice field)
21_Sumurgede,Karawang,32748,107.494685,-6.192526,4/27/2024,2,Drone (50x50)
6_Babawangan1,Karawang,32748,107.465151,-6.234067,4/27/2024,2,Drone (rice field)
21_Sumurgede,Karawang,32748,107.494101,-6.194501,4/27/2024,2,Drone (rice field)
6_Babawangan1,Karawang,32748,107.465457,-6.234715,4/27/2024,2,Drone (50x50)
6_Babawangan1,Karawang,32748,107.466311,-6.233295,4/27/2024,2,Drone (rice field)
21_Sumurgede,Karawang,32748,107.493391,-6.194769,4/27/2024,2,Drone (rice field)
9_Sukamandi,Indramayu,32748,107.640372,-6.35541,4/28/2024,1,Drone (rice field)
17_Rawamerta,Karawang,32748,107.341933,-6.214557,4/27/2024,1,Drone (rice field)
18_Lemahmukti,Karawang,32748,107.461132,-6.259565,4/27/2024,2,Drone (50x50)
7_Babawangan2,Karawang,32748,107.468239,-6.234225,4/27/2024,2,Drone (50x50)
21_Sumurgede,Karawang,32748,107.494635,-6.193883,4/27/2024,2,Drone (rice field)
21_Sumurgede,Karawang,32748,107.494454,-6.193193,4/27/2024,2,Drone (rice field)
7_Babawangan2,Karawang,32748,107.467077,-6.234108,4/27/2024,2,Drone (rice field)
18_Lemahmukti,Karawang,32748,107.460809,-6.260419,4/27/2024,2,Drone (rice field)
21_Sumurgede,Karawang,32748,107.495774,-6.194897,4/27/2024,2,Drone (rice field)
21_Sumurgede,Karawang,32748,107.494234,-6.192529,4/27/2024,2,Drone (50x50)
21_Sumurgede,Karawang,32748,107.495966,-6.192851,4/27/2024,2,Drone (rice field)
21_Sumurgede,Karawang,32748,107.495593,-6.193426,4/27/2024,2,Drone (50x50)
6_Babawangan1,Karawang,32748,107.466428,-6.23333,4/27/2024,2,Drone (50x50)
6_Babawangan1,Karawang,32748,107.467503,-6.235,4/27/2024,2,Drone (50x50)
18_Lemahmukti,Karawang,32748,107.462113,-6.259867,4/27/2024,2,Drone (rice field)
21_Sumurgede,Karawang,32748,107.493483,-6.194937,4/27/2024,2,Drone (rice field)
21_Sumurgede,Karawang,32748,107.493616,-6.194008,4/27/2024,2,Drone (rice field)
7_Babawangan2,Karawang,32748,107.467325,-6.233864,4/27/2024,2,Drone (rice field)
17_Rawamerta,Karawang,32748,107.34246,-6.213964,4/27/2024,1,Drone (rice field)
18_Lemahmukti,Karawang,32748,107.461674,-6.26055,4/27/2024,2,Drone (rice field)
18_Lemahmukti,Karawang,32748,107.461246,-6.258913,4/27/2024,2,Drone (rice field)
19_Ciranggon1,Karawang,32748,107.361242,-6.292766,4/27/2024,4,Drone (rice field)
17_Rawamerta,Karawang,32748,107.342608,-6.214913,4/27/2024,1,Drone (50x50)
6_Babawangan1,Karawang,32748,107.464536,-6.23426,4/27/2024,2,Drone (rice field)
18_Lemahmukti,Karawang,32748,107.462033,-6.259109,4/27/2024,2,Drone (50x50)
18_Lemahmukti,Karawang,32748,107.46121,-6.259726,4/27/2024,2,Drone (rice field)
17_Rawamerta,Karawang,32748,107.343511,-6.214909,4/27/2024,1,Drone (50x50)
17_Rawamerta,Karawang,32748,107.343521,-6.214965,4/27/2024,1,Drone (rice field)
9. Sukamandi,Indramayu,32748,107.640114,-6.355703,4/28/2024,1,Drone (rice field)
9_Sukamandi,Indramayu,32748,107.640892,-6.355385,4/28/2024,1,Drone (rice field)
9_Sukamandi,Indramayu,32748,107.641793,-6.354928,4/28/2024,1,Drone (rice field)
7_Babawangan2,Karawang,32748,107.468584,-6.235435,4/27/2024,2,Drone (50x50)
4_Kutajaya,Karawang,32748,107.348436,-6.15038,4/26/2024,2,Drone (50x50)
9_Sukamandi,Indramayu,32748,107.641146,-6.354334,4/28/2024,1,Drone (rice field)
7_Babawangan2,Karawang,32748,107.467792,-6.235131,4/27/2024,2,Drone (50x50)
21_Sumurgede,Karawang,32748,107.494198,-6.192569,4/27/2024,2,Drone (rice field)
9_Sukamandi,Indramayu,32748,107.640532,-6.354998,4/28/2024,1,Drone (rice field)
18_Lemahmukti,Karawang,32748,107.461352,-6.258322,4/27/2024,2,Drone (rice field)
7_Babawangan2,Karawang,32748,107.468791,-6.235281,4/27/2024,2,Drone (50x50)
6_Babawangan1,Karawang,32748,107.465474,-6.233542,4/27/2024,2,Drone (rice field)
6_Babawangan1,Karawang,32748,107.465078,-6.23424,4/27/2024,2,Drone (50x50)
18_Lemahmukti,Karawang,32748,107.462037,-6.260012,4/27/2024,2,Drone (50x50)
6_Babawangan1,Karawang,32748,107.465783,-6.234394,4/27/2024,2,Drone (rice field)
27_Sukamelang2,Cirebon,32749,108.074958,-6.452804,4/29/2024,6,Drone (rice field)
27_Sukamelang2,Cirebon,32749,108.074884,-6.452821,4/29/2024,6,Drone (rice field)
9_Sukamandi,Indramayu,32748,107.640141,-6.355338,4/28/2024,1,Drone (rice field)
12_Jatimulya,Indramayu,32748,107.832192,-6.37751,4/28/2024,4,Drone (rice field)
21_Sumurgede,Karawang,32748,107.495804,-6.194499,4/27/2024,2,Drone (rice field)
9_Sukamandi,Indramayu,32748,107.641682,-6.354621,4/28/2024,1,Drone (rice field)
7_Babawangan2,Karawang,32748,107.468237,-6.233773,4/27/2024,2,Drone (50x50)
6_Babawangan1,Karawang,32748,107.464869,-6.233839,4/27/2024,2,Drone (rice field)
7_Babawangan2,Karawang,32748,107.467334,-6.233777,4/27/2024,2,Drone (50x50)
21_Sumurgede,Karawang,32748,107.495198,-6.193318,4/27/2024,2,Drone (rice field)
19_Ciranggon1,Karawang,32748,107.360876,-6.292785,4/27/2024,4,Drone (rice field)
9_Sukamandi,Indramayu,32748,107.640443,-6.355839,4/28/2024,1,Drone (rice field)
18_Lemahmukti,Karawang,32748,107.462857,-6.259114,4/27/2024,2,Drone (rice field)
6_Babawangan1,Karawang,32748,107.465892,-6.233565,4/27/2024,2,Drone (rice field)
9_Sukamandi,Indramayu,32748,107.640749,-6.354609,4/28/2024,1,Drone (rice field)
18_Lemahmukti,Karawang,32748,107.46258,-6.25841,4/27/2024,2,Drone (rice field)
6_Babawangan1,Karawang,32748,107.46515,-6.233837,4/27/2024,2,Drone (rice field)
17_Rawamerta,Karawang,32748,107.344057,-6.214677,4/27/2024,1,Drone (rice field)
6_Babawangan1,Karawang,32748,107.466578,-6.233333,4/27/2024,2,Drone (rice field)
21_Sumurgede,Karawang,32748,107.493341,-6.194792,4/27/2024,2,Drone (50x50)
7_Babawangan2,Karawang,32748,107.468684,-6.23486,4/27/2024,2,Drone (50x50)
21_Sumurgede,Karawang,32748,107.495143,-6.19388,4/27/2024,2,Drone (50x50)
21_Sumurgede,Karawang,32748,107.495105,-6.193827,4/27/2024,2,Drone (rice field)
9_Sukamandi,Indramayu,32748,107.64094,-6.356259,4/28/2024,1,Drone (rice field)
6_Babawangan1,Karawang,32748,107.465981,-6.234236,4/27/2024,2,Drone (50x50)
9_Sukamandi,Indramayu,32748,107.641342,-6.35493,4/28/2024,1,Drone (rice field)
6_Babawangan1,Karawang,32748,107.466237,-6.234157,4/27/2024,2,Drone (rice field)
17_Rawamerta,Karawang,32748,107.342525,-6.214469,4/27/2024,1,Drone (rice field)
6_Babawangan1,Karawang,32748,107.465868,-6.234136,4/27/2024,2,Drone (rice field)
7_Babawangan2,Karawang,32748,107.468241,-6.234677,4/27/2024,2,Drone (50x50)
6_Babawangan1,Karawang,32748,107.465977,-6.233332,4/27/2024,2,Drone (50x50)
7_Babawangan2,Karawang,32748,107.468507,-6.233711,4/27/2024,2,Drone (rice field)
18_Lemahmukti,Karawang,32748,107.461498,-6.258929,4/27/2024,2,Drone (rice field)
9_Sukamandi,Indramayu,32748,107.642093,-6.355321,4/28/2024,1,Drone (rice field)
27_Sukamelang2,Cirebon,32749,108.074507,-6.452807,4/29/2024,6,Drone (rice field)
27_Sukamelang2,Cirebon,32749,108.074483,-6.452829,4/29/2024,6,Drone (rice field)
7_Babawangan2,Karawang,32748,107.467789,-6.234679,4/27/2024,2,Drone (50x50)
7_Babawangan2,Karawang,32748,107.467766,-6.234754,4/27/2024,2,Drone (50x50)
18_Lemahmukti,Karawang,32748,107.46213,-6.259575,4/27/2024,2,Drone (rice field)
21_Sumurgede,Karawang,32748,107.495034,-6.19426,4/27/2024,2,Drone (rice field)
7_Babawangan2,Karawang,32748,107.468021,-6.235367,4/27/2024,2,Drone (50x50)
18_Lemahmukti,Karawang,32748,107.462611,-6.259557,4/27/2024,2,Drone (rice field)
17_Rawamerta,Karawang,32748,107.341831,-6.215031,4/27/2024,1,Drone (rice field)
9_Sukamandi,Indramayu,32748,107.642013,-6.354908,4/28/2024,1,Drone (rice field)
7_Babawangan2,Karawang,32748,107.467004,-6.234618,4/27/2024,2,Drone (50x50)
21_Sumurgede,Karawang,32748,107.495591,-6.192974,4/27/2024,2,Drone (50x50)
21_Sumurgede,Karawang,32748,107.495145,-6.194332,4/27/2024,2,Drone (50x50)
20_Sindangkerta,Karawang,32748,107.344282,-6.212421,4/27/2024,5,Drone (rice field)
17_Rawamerta,Karawang,32748,107.342212,-6.214282,4/27/2024,1,Drone (rice field)
9_Sukamandi,Indramayu,32748,107.641433,-6.354841,4/28/2024,1,Drone (rice field)
7_Babawangan2,Karawang,32748,107.468695,-6.235127,4/27/2024,2,Drone (50x50)
9_Sukamandi,Indramayu,32748,107.642,-6.354781,4/28/2024,1,Drone (rice field)
7_Babawangan2,Karawang,32748,107.466979,-6.235347,4/27/2024,2,Drone (50x50)
9_Sukamandi,Indramayu,32748,107.641148,-6.354726,4/28/2024,1,Drone (rice field)
7_Babawangan2,Karawang,32748,107.467336,-6.234229,4/27/2024,2,Drone (50x50)
6_Babawangan1,Karawang,32748,107.465764,-6.234545,4/27/2024,2,Drone (50x50)
18_Lemahmukti,Karawang,32748,107.462759,-6.258464,4/27/2024,2,Drone (rice field)
21_Sumurgede,Karawang,32748,107.495025,-6.192641,4/27/2024,2,Drone (rice field)
21_Sumurgede,Karawang,32748,107.493791,-6.194338,4/27/2024,2,Drone (50x50)
7_Babawangan2,Karawang,32748,107.468255,-6.234543,4/27/2024,2,Drone (50x50)
7_Babawangan2,Karawang,32748,107.467101,-6.233678,4/27/2024,2,Drone (rice field)
6_Babawangan1,Karawang,32748,107.466431,-6.233782,4/27/2024,2,Drone (50x50)
21_Sumurgede,Karawang,32748,107.494411,-6.193662,4/27/2024,2,Drone (rice field)
7_Babawangan2,Karawang,32748,107.467785,-6.233775,4/27/2024,2,Drone (50x50)
9_Sukamandi,Indramayu,32748,107.639987,-6.354937,4/28/2024,1,Drone (rice field)
17_Rawamerta,Karawang,32748,107.342269,-6.215795,4/27/2024,6,Drone (rice field)
7_Babawangan2,Karawang,32748,107.468844,-6.234124,4/27/2024,2,Drone (rice field)
9_Sukamandi,Indramayu,32748,107.641023,-6.355905,4/28/2024,1,Drone (rice field)
21_Sumurgede,Karawang,32748,107.494752,-6.192894,4/27/2024,2,Drone (rice field)
22_Sindang-Indramayu,Cirebon,32749,108.305322,-6.328082,4/29/2024,6,Drone (rice field)
7_Babawangan2,Karawang,32748,107.467787,-6.234227,4/27/2024,2,Drone (50x50)
17_Rawamerta,Karawang,32748,107.34244,-6.214884,4/27/2024,1,Drone (rice field)
9_Sukamandi,Indramayu,32748,107.640457,-6.355737,4/28/2024,1,Drone (rice field)
27_Sukamelang2,Cirebon,32749,108.076531,-6.45407,4/29/2024,4,Drone (rice field)
9_Sukamandi,Indramayu,32748,107.6409,-6.355273,4/28/2024,1,Drone (rice field)
18_Lemahmukti,Karawang,32748,107.462766,-6.258647,4/27/2024,2,Drone (rice field)
17_Rawamerta,Karawang,32748,107.342306,-6.213861,4/27/2024,1,Drone (50x50)
21_Sumurgede,Karawang,32748,107.495931,-6.19367,4/27/2024,2,Drone (rice field)
6_Babawangan1,Karawang,32748,107.464878,-6.233523,4/27/2024,2,Drone (rice field)
16_Tambakjati,Indramayu,32748,107.600684,-6.336914,4/28/2024,6,Drone (rice field)
6_Babawangan1,Karawang,32748,107.464382,-6.233808,4/27/2024,2,Drone (rice field)
4_Kutajaya,Karawang,32748,107.349546,-6.149803,4/26/2024,2,Drone (50x50)
4_Kutajaya,Karawang,32748,107.349515,-6.149789,4/26/2024,2,Drone (50x50)
7_Babawangan2,Karawang,32748,107.468627,-6.235255,4/27/2024,2,Drone (50x50)
18_Lemahmukti,Karawang,32748,107.462169,-6.259298,4/27/2024,2,Drone (rice field)
17_Rawamerta,Karawang,32748,107.342571,-6.214253,4/27/2024,1,Drone (rice field)
7_Babawangan2,Karawang,32748,107.468057,-6.235145,4/27/2024,2,Drone (50x50)
27_Sukamelang2,Cirebon,32749,108.074898,-6.453858,4/29/2024,6,Drone (rice field)
6_Babawangan1,Karawang,32748,107.465147,-6.234323,4/27/2024,2,Drone (rice field)
6_Babawangan1,Karawang,32748,107.464628,-6.234694,4/27/2024,2,Drone (50x50)
21_Sumurgede,Karawang,32748,107.49527,-6.192524,4/27/2024,2,Drone (rice field)
21_Sumurgede,Karawang,32748,107.495139,-6.192976,4/27/2024,2,Drone (50x50)
18_Lemahmukti,Karawang,32748,107.462799,-6.260431,4/27/2024,2,Drone (rice field)
18_Lemahmukti,Karawang,32748,107.461772,-6.259813,4/27/2024,2,Drone (rice field)
26_Sukamelang1,Cirebon,32749,108.069908,-6.455687,4/29/2024,4,Drone (rice field)
27_Sukamelang2,Cirebon,32749,108.07419,-6.453417,4/29/2024,6,Drone (rice field)
18_Lemahmukti,Karawang,32748,107.461735,-6.258953,4/27/2024,2,Drone (rice field)
18_Lemahmukti,Karawang,32748,107.462376,-6.258398,4/27/2024,2,Drone (rice field)
20_Sindangkerta,Karawang,32748,107.344403,-6.212194,4/27/2024,6,Drone (50x50)
9_Sukamandi,Indramayu,32748,107.640888,-6.354481,4/28/2024,1,Drone (rice field)
18_Lemahmukti,Karawang,32748,107.462054,-6.260161,4/27/2024,2,Drone (rice field)
18_Lemahmukti,Karawang,32748,107.461481,-6.257928,4/27/2024,2,Drone (50x50)
18_Lemahmukti,Karawang,32748,107.462736,-6.259076,4/27/2024,2,Drone (rice field)
21_Sumurgede,Karawang,32748,107.495597,-6.19433,4/27/2024,2,Drone (50x50)
21_Sumurgede,Karawang,32748,107.495632,-6.19433,4/27/2024,2,Drone (rice field)
6_Babawangan1,Karawang,32748,107.465532,-6.23469,4/27/2024,2,Drone (50x50)
9_Sukamandi,Indramayu,32748,107.640909,-6.354475,4/28/2024,1,Drone (rice field)
22_Sindang-Indramayu,Cirebon,32749,108.305308,-6.327929,4/29/2024,6,Drone (rice field)
7_Babawangan2,Karawang,32748,107.467736,-6.234948,4/27/2024,2,Drone (50x50)
7_Babawangan2,Karawang,32748,107.46777,-6.233906,4/27/2024,2,Drone (rice field)
7_Babawangan2,Karawang,32748,107.468693,-6.234675,4/27/2024,2,Drone (50x50)
21_Sumurgede,Karawang,32748,107.493328,-6.193991,4/27/2024,2,Drone (rice field)
9_Sukamandi,Indramayu,32748,107.641957,-6.35473,4/28/2024,1,Drone (rice field)
22_Sindang-Indramayu,Cirebon,32749,108.305316,-6.327179,4/29/2024,6,Drone (rice field)
7_Babawangan2,Karawang,32748,107.468755,-6.235423,4/27/2024,2,Drone (50x50)
19_Ciranggon1,Karawang,32748,107.360573,-6.29347,4/27/2024,4,Drone (50x50)
9_Sukamandi,Indramayu,32748,107.640765,-6.35607,4/28/2024,1,Drone (rice field)
21_Sumurgede,Karawang,32748,107.493785,-6.192983,4/27/2024,2,Drone (50x50)
21_Sumurgede,Karawang,32748,107.493841,-6.192933,4/27/2024,2,Drone (rice field)
21_Sumurgede,Karawang,32748,107.493787,-6.193434,4/27/2024,2,Drone (50x50)
18_Lemahmukti,Karawang,32748,107.461355,-6.260288,4/27/2024,2,Drone (rice field)
9_Sukamandi,Indramayu,32748,107.641885,-6.354755,4/28/2024,1,Drone (rice field)
28_Lohbener2,Cirebon,32749,108.323733,-6.400857,4/29/2024,4,Drone (rice field)
7_Babawangan2,Karawang,32748,107.468658,-6.23503,4/27/2024,2,Drone (50x50)
6_Babawangan1,Karawang,32748,107.465875,-6.233875,4/27/2024,2,Drone (rice field)
12_Jatimulya,Indramayu,32748,107.833326,-6.377489,4/28/2024,3,Drone (rice field)
18_Lemahmukti,Karawang,32748,107.461582,-6.259111,4/27/2024,2,Drone (50x50)
21_Sumurgede,Karawang,32748,107.493335,-6.193437,4/27/2024,2,Drone (50x50)
9_Sukamandi,Indramayu,32748,107.640326,-6.35585,4/28/2024,1,Drone (rice field)
15._Gempolsari2,Indramayu,32748,107.609341,-6.360713,4/28/2024,4,Drone (rice field)
18_Lemahmukti,Karawang,32748,107.461986,-6.260391,4/27/2024,2,Drone (rice field)
17_Rawamerta,Karawang,32748,107.34187,-6.214763,4/27/2024,1,Drone (rice field)
17_Rawamerta,Karawang,32748,107.342157,-6.214915,4/27/2024,1,Drone (50x50)
18_Lemahmukti,Karawang,32748,107.461131,-6.25831,4/27/2024,2,Drone (rice field)
17_Rawamerta,Karawang,32748,107.344064,-6.214482,4/27/2024,1,Drone (rice field)
18_Lemahmukti,Karawang,32748,107.461776,-6.258608,4/27/2024,2,Drone (rice field)
6_Babawangan1,Karawang,32748,107.465069,-6.233249,4/27/2024,2,Drone (rice field)
18_Lemahmukti,Karawang,32748,107.461549,-6.259505,4/27/2024,2,Drone (rice field)
17_Rawamerta,Karawang,32748,107.342148,-6.214599,4/27/2024,1,Drone (rice field)
8_Ciranggon2,Karawang,32748,107.358775,-6.295286,4/27/2024,4,Drone (50x50)
18_Lemahmukti,Karawang,32748,107.461136,-6.260469,4/27/2024,2,Drone (50x50)
18_Lemahmukti,Karawang,32748,107.461119,-6.260479,4/27/2024,2,Drone (rice field)
17_Rawamerta,Karawang,32748,107.342885,-6.21443,4/27/2024,1,Drone (rice field)
7_Babawangan2,Karawang,32748,107.466954,-6.235055,4/27/2024,2,Drone (50x50)
18_Lemahmukti,Karawang,32748,107.46281,-6.259338,4/27/2024,2,Drone (rice field)
27_Sukamelang2,Cirebon,32749,108.074509,-6.453259,4/29/2024,3,Drone (rice field)
6_Babawangan1,Karawang,32748,107.465141,-6.23471,4/27/2024,2,Drone (50x50)
18_Lemahmukti,Karawang,32748,107.461895,-6.259274,4/27/2024,2,Drone (rice field)
7_Babawangan2,Karawang,32748,107.466884,-6.234231,4/27/2024,2,Drone (50x50)
9_Sukamandi,Indramayu,32748,107.641176,-6.356068,4/28/2024,1,Drone (rice field)
17_Rawamerta,Karawang,32748,107.343277,-6.214529,4/27/2024,1,Drone (rice field)
6_Babawangan1,Karawang,32748,107.465076,-6.233788,4/27/2024,2,Drone (50x50)
6_Babawangan1,Karawang,32748,107.465468,-6.2341,4/27/2024,2,Drone (rice field)
7_Babawangan2,Karawang,32748,107.468688,-6.233771,4/27/2024,2,Drone (50x50)
18_Lemahmukti,Karawang,32748,107.462876,-6.25928,4/27/2024,2,Drone (rice field)
15._Gempolsari2,Indramayu,32748,107.608514,-6.360847,4/28/2024,4,Drone (rice field)
9_Sukamandi,Indramayu,32748,107.641949,-6.3552,4/28/2024,1,Drone (rice field)
9_Sukamandi,Indramayu,32748,107.641824,-6.355565,4/28/2024,1,Drone (rice field)
18_Lemahmukti,Karawang,32748,107.462392,-6.258853,4/27/2024,2,Drone (rice field)
21_Sumurgede,Karawang,32748,107.495461,-6.194166,4/27/2024,2,Drone (rice field)
18_Lemahmukti,Karawang,32748,107.461584,-6.259563,4/27/2024,2,Drone (50x50)
19_Ciranggon1,Karawang,32748,107.360492,-6.293489,4/27/2024,4,Drone (rice field)
19_Ciranggon1,Karawang,32748,107.360843,-6.294033,4/27/2024,4,Drone (rice field)
17_Rawamerta,Karawang,32748,107.343509,-6.214457,4/27/2024,1,Drone (50x50)
18_Lemahmukti,Karawang,32748,107.461969,-6.258975,4/27/2024,2,Drone (rice field)
18_Lemahmukti,Karawang,32748,107.462528,-6.258821,4/27/2024,2,Drone (rice field)
17_Rawamerta,Karawang,32748,107.342153,-6.214011,4/27/2024,1,Drone (50x50)
7_Babawangan2,Karawang,32748,107.468697,-6.233758,4/27/2024,2,Drone (rice field)
21_Sumurgede,Karawang,32748,107.494785,-6.192546,4/27/2024,2,Drone (rice field)
6_Babawangan1,Karawang,32748,107.465462,-6.234558,4/27/2024,2,Drone (50x50)
18_Lemahmukti,Karawang,32748,107.462357,-6.258997,4/27/2024,2,Drone (rice field)
17_Rawamerta,Karawang,32748,107.342946,-6.215927,4/27/2024,6,Drone (rice field)
17_Rawamerta,Karawang,32748,107.34309,-6.215247,4/27/2024,1,Drone (rice field)
18_Lemahmukti,Karawang,32748,107.46098,-6.259211,4/27/2024,2,Drone (rice field)
27_Sukamelang2,Cirebon,32749,108.074961,-6.453256,4/29/2024,6,Drone (rice field)
27_Sukamelang2,Cirebon,32749,108.074904,-6.453314,4/29/2024,6,Drone (rice field)
20_Sindangkerta,Karawang,32748,107.344222,-6.2119,4/27/2024,6,Drone (rice field)
18_Lemahmukti,Karawang,32748,107.461637,-6.258351,4/27/2024,2,Drone (rice field)
18_Lemahmukti,Karawang,32748,107.460589,-6.259813,4/27/2024,2,Drone (rice field)
21_Sumurgede,Karawang,32748,107.494886,-6.19362,4/27/2024,2,Drone (rice field)
18_Lemahmukti,Karawang,32748,107.462155,-6.258379,4/27/2024,2,Drone (rice field)
9_Sukamandi,Indramayu,32748,107.641389,-6.354512,4/28/2024,1,Drone (rice field)
16_Tambakjati,Indramayu,32748,107.598872,-6.337957,4/28/2024,5,Drone (rice field)
10_Gampolsari,Indramayu,32748,107.609043,-6.363245,4/28/2024,5,Drone (rice field)
6_Babawangan1,Karawang,32748,107.46508,-6.234692,4/27/2024,2,Drone (50x50)
21_Sumurgede,Karawang,32748,107.494236,-6.19298,4/27/2024,2,Drone (50x50)
21_Sumurgede,Karawang,32748,107.49423,-6.192971,4/27/2024,2,Drone (rice field)
16_Tambakjati,Indramayu,32748,107.600564,-6.337317,4/28/2024,6,Drone (rice field)
17_Rawamerta,Karawang,32748,107.343884,-6.214629,4/27/2024,1,Drone (rice field)
18_Lemahmukti,Karawang,32748,107.461579,-6.258659,4/27/2024,2,Drone (50x50)
20_Sindangkerta,Karawang,32748,107.343497,-6.211746,4/27/2024,6,Drone (50x50)
21_Sumurgede,Karawang,32748,107.493275,-6.194223,4/27/2024,2,Drone (rice field)
21_Sumurgede,Karawang,32748,107.49578,-6.193162,4/27/2024,2,Drone (rice field)
6_Babawangan1,Karawang,32748,107.464866,-6.234039,4/27/2024,2,Drone (rice field)
18_Lemahmukti,Karawang,32748,107.462321,-6.258578,4/27/2024,2,Drone (rice field)
18_Lemahmukti,Karawang,32748,107.46113,-6.259113,4/27/2024,2,Drone (50x50)
17_Rawamerta,Karawang,32748,107.343006,-6.214115,4/27/2024,1,Drone (rice field)
29_Lohbener1,Cirebon,32749,108.324898,-6.405267,4/29/2024,4,Drone (rice field)
21_Sumurgede,Karawang,32748,107.495236,-6.192815,4/27/2024,2,Drone (rice field)
7_Babawangan2,Karawang,32748,107.467361,-6.23365,4/27/2024,2,Drone (rice field)
17_Rawamerta,Karawang,32748,107.342206,-6.213954,4/27/2024,1,Drone (rice field)
16_Tambakjati,Indramayu,32748,107.599252,-6.337521,4/28/2024,5,Drone (rice field)
21_Sumurgede,Karawang,32748,107.495595,-6.193878,4/27/2024,2,Drone (50x50)
9_Sukamandi,Indramayu,32748,107.640614,-6.355511,4/28/2024,1,Drone (rice field)
4_Kutajaya,Karawang,32748,107.338786,-6.14985,4/26/2024,3,Field Survey
21_Sumurgede,Karawang,32748,107.495137,-6.192524,4/27/2024,2,Drone (50x50)
7_Babawangan2,Karawang,32748,107.468243,-6.235129,4/27/2024,2,Drone (50x50)
6_Babawangan1,Karawang,32748,107.466016,-6.234581,4/27/2024,2,Drone (50x50)
21_Sumurgede,Karawang,32748,107.495289,-6.194003,4/27/2024,2,Drone (rice field)
18_Lemahmukti,Karawang,32748,107.460879,-6.259674,4/27/2024,2,Drone (rice field)
16_Tambakjati,Indramayu,32748,107.599736,-6.339825,4/28/2024,5,Drone (rice field)
9_Sukamandi,Indramayu,32748,107.641864,-6.354632,4/28/2024,1,Drone (rice field)
16_Tambakjati,Indramayu,32748,107.598987,-6.33801,4/28/2024,5,Drone (rice field)
18_Lemahmukti,Karawang,32748,107.460685,-6.260471,4/27/2024,2,Drone (50x50)
17_Rawamerta,Karawang,32748,107.343963,-6.214907,4/27/2024,1,Drone (50x50)
17_Rawamerta,Karawang,32748,107.343994,-6.214924,4/27/2024,1,Drone (rice field)
18_Lemahmukti,Karawang,32748,107.461806,-6.260833,4/27/2024,2,Drone (50x50)
27_Sukamelang2,Cirebon,32749,108.075864,-6.45325,4/29/2024,4,Drone (rice field)
18_Lemahmukti,Karawang,32748,107.462489,-6.26001,4/27/2024,2,Drone (50x50)
12_Jatimulya,Indramayu,32748,107.832621,-6.378953,4/28/2024,4,Drone (rice field)
11_Mulyasari,Indramayu,32748,107.792701,-6.368592,4/28/2024,6,Drone (rice field)
18_Lemahmukti,Karawang,32748,107.462879,-6.258686,4/27/2024,2,Drone (rice field)
9_Sukamandi,Indramayu,32748,107.641179,-6.355073,4/28/2024,1,Drone (rice field)
21_Sumurgede,Karawang,32748,107.495588,-6.192522,4/27/2024,2,Drone (50x50)
18_Lemahmukti,Karawang,32748,107.462558,-6.258621,4/27/2024,2,Drone (rice field)
17_Rawamerta,Karawang,32748,107.342258,-6.215117,4/27/2024,1,Drone (rice field)
9. Sukamandi,Indramayu,32748,107.64225,-6.356258,4/28/2024,1,Drone (rice field)
20_Sindangkerta,Karawang,32748,107.343044,-6.211296,4/27/2024,6,Drone (50x50)
26_Sukamelang1,Cirebon,32749,108.070639,-6.45505,4/29/2024,4,Drone (rice field)
18_Lemahmukti,Karawang,32748,107.462628,-6.259314,4/27/2024,2,Drone (rice field)
21_Sumurgede,Karawang,32748,107.494692,-6.193882,4/27/2024,2,Drone (50x50)
6_Babawangan1,Karawang,32748,107.465814,-6.233875,4/27/2024,2,Drone (50x50)
21_Sumurgede,Karawang,32748,107.493886,-6.193347,4/27/2024,2,Drone (rice field)
9_Sukamandi,Indramayu,32748,107.640486,-6.356024,4/28/2024,1,Drone (rice field)
26_Sukamelang1,Cirebon,32749,108.070008,-6.455544,4/29/2024,4,Drone (rice field)
21_Sumurgede,Karawang,32748,107.49469,-6.19343,4/27/2024,2,Drone (50x50)
21_Sumurgede,Karawang,32748,107.494677,-6.193389,4/27/2024,2,Drone (rice field)
21_Sumurgede,Karawang,32748,107.493853,-6.194246,4/27/2024,2,Drone (rice field)
27_Sukamelang2,Cirebon,32749,108.074906,-6.454088,4/29/2024,6,Drone (rice field)
17_Rawamerta,Karawang,32748,107.343461,-6.215301,4/27/2024,1,Drone (rice field)
16_Tambakjati,Indramayu,32748,107.601239,-6.337561,4/28/2024,6,Drone (rice field)
29_Lohbener1,Cirebon,32749,108.323957,-6.403875,4/29/2024,4,Drone (rice field)
27_Sukamelang2,Cirebon,32749,108.075861,-6.452799,4/29/2024,4,Drone (rice field)
7_Babawangan2,Karawang,32748,107.468337,-6.2352,4/27/2024,2,Drone (50x50)
21_Sumurgede,Karawang,32748,107.494688,-6.192978,4/27/2024,2,Drone (50x50)
9_Sukamandi,Indramayu,32748,107.639957,-6.355924,4/28/2024,1,Drone (rice field)
29_Lohbener1,Cirebon,32749,108.324088,-6.40406,4/29/2024,4,Drone (rice field)
18_Lemahmukti,Karawang,32748,107.462747,-6.258874,4/27/2024,2,Drone (rice field)
4_Kutajaya,Karawang,32748,107.348163,-6.150385,4/26/2024,3,Drone (50x50)
18_Lemahmukti,Karawang,32748,107.461154,-6.259989,4/27/2024,2,Drone (rice field)
12_Jatimulya,Indramayu,32748,107.833376,-6.377557,4/28/2024,3,Drone (rice field)
21_Sumurgede,Karawang,32748,107.493333,-6.192985,4/27/2024,2,Drone (50x50)
17_Rawamerta,Karawang,32748,107.343149,-6.214912,4/27/2024,1,Drone (rice field)
24_Sindangkerta_indramayu1,Cirebon,32749,108.272735,-6.385188,4/29/2024,4,Drone (rice field)
4_Kutajaya,Karawang,32748,107.348194,-6.150261,4/26/2024,3,Drone (50x50)
7_Babawangan2,Karawang,32748,107.466989,-6.234809,4/27/2024,2,Drone (50x50)
21_Sumurgede,Karawang,32748,107.495887,-6.193383,4/27/2024,2,Drone (rice field)
22_Sindang-Indramayu,Cirebon,32749,108.30646,-6.327981,4/29/2024,6,Drone (rice field)
21_Sumurgede,Karawang,32748,107.493584,-6.195046,4/27/2024,2,Drone (rice field)
16_Tambakjati,Indramayu,32748,107.599124,-6.337654,4/28/2024,5,Drone (rice field)
21_Sumurgede,Karawang,32748,107.49413,-6.193912,4/27/2024,2,Drone (rice field)
6_Babawangan1,Karawang,32748,107.465525,-6.233334,4/27/2024,2,Drone (50x50)
21_Sumurgede,Karawang,32748,107.494169,-6.194689,4/27/2024,2,Drone (50x50)
17_Rawamerta,Karawang,32748,107.343961,-6.214455,4/27/2024,1,Drone (50x50)
17_Rawamerta,Karawang,32748,107.342184,-6.216174,4/27/2024,6,Drone (rice field)
17_Rawamerta,Karawang,32748,107.34397,-6.214442,4/27/2024,1,Drone (rice field)
7_Babawangan2,Karawang,32748,107.466888,-6.235135,4/27/2024,2,Drone (50x50)
21_Sumurgede,Karawang,32748,107.493328,-6.193596,4/27/2024,2,Drone (rice field)
7_Babawangan2,Karawang,32748,107.467003,-6.233863,4/27/2024,2,Drone (rice field)
8_Ciranggon2,Karawang,32748,107.357599,-6.29428,4/27/2024,4,Drone (50x50)
9_Sukamandi,Indramayu,32748,107.641795,-6.35538,4/28/2024,1,Drone (rice field)
15._Gempolsari2,Indramayu,32748,107.60737,-6.360586,4/28/2024,4,Drone (rice field)
17_Rawamerta,Karawang,32748,107.342163,-6.216271,4/27/2024,6,Drone (50x50)
17_Rawamerta,Karawang,32748,107.342604,-6.214009,4/27/2024,1,Drone (50x50)
18_Lemahmukti,Karawang,32748,107.462628,-6.259121,4/27/2024,2,Drone (rice field)
15._Gempolsari2,Indramayu,32748,107.607969,-6.359738,4/28/2024,4,Drone (rice field)
21_Sumurgede,Karawang,32748,107.493339,-6.19434,4/27/2024,2,Drone (50x50)
21_Sumurgede,Karawang,32748,107.493347,-6.194368,4/27/2024,2,Drone (rice field)
15._Gempolsari2,Indramayu,32748,107.607843,-6.360868,4/28/2024,4,Drone (rice field)
17_Rawamerta,Karawang,32748,107.342386,-6.2169,4/27/2024,6,Drone (rice field)
9_Sukamandi,Indramayu,32748,107.639594,-6.35547,4/28/2024,1,Drone (rice field)
18_Lemahmukti,Karawang,32748,107.455456,-6.258036,4/27/2024,2,Drone (50x50)
10_Gampolsari,Indramayu,32748,107.607965,-6.363685,4/28/2024,4,Drone (rice field)
19_Ciranggon1,Karawang,32748,107.360489,-6.29379,4/27/2024,4,Drone (rice field)
29_Lohbener1,Cirebon,32749,108.324323,-6.405178,4/29/2024,4,Drone (rice field)
24_Sindangkerta_indramayu1,Cirebon,32749,108.272954,-6.385332,4/29/2024,4,Drone (rice field)
17_Rawamerta,Karawang,32748,107.341989,-6.214363,4/27/2024,1,Drone (rice field)
8_Ciranggon2,Karawang,32748,107.357587,-6.295228,4/27/2024,5,Drone (50x50)
8_Ciranggon2,Karawang,32748,107.360406,-6.294291,4/27/2024,4,Drone (50x50)
27_Sukamelang2,Cirebon,32749,108.074204,-6.452831,4/29/2024,6,Drone (rice field)
25_Sindangkerta_Indramayu2,Cirebon,32749,108.276016,-6.383378,4/29/2024,3,Drone (rice field)
6_Babawangan1,Karawang,32748,107.46437,-6.234036,4/27/2024,2,Drone (rice field)
21_Sumurgede,Karawang,32748,107.495484,-6.192591,4/27/2024,2,Drone (rice field)
18_Lemahmukti,Karawang,32748,107.462223,-6.259041,4/27/2024,2,Drone (rice field)
17_Rawamerta,Karawang,32748,107.342165,-6.216723,4/27/2024,6,Drone (50x50)
6_Babawangan1,Karawang,32748,107.464835,-6.234713,4/27/2024,2,Drone (50x50)
17_Rawamerta,Karawang,32748,107.34256,-6.217334,4/27/2024,6,Drone (rice field)
24_Sindangkerta_indramayu1,Cirebon,32749,108.273118,-6.385066,4/29/2024,4,Drone (rice field)
18_Lemahmukti,Karawang,32748,107.462485,-6.259106,4/27/2024,2,Drone (50x50)
18_Lemahmukti,Karawang,32748,107.461547,-6.258574,4/27/2024,2,Drone (rice field)
19_Ciranggon1,Karawang,32748,107.360511,-6.292362,4/27/2024,4,Drone (rice field)
26_Sukamelang1,Cirebon,32749,108.070911,-6.455539,4/29/2024,4,Drone (rice field)
27_Sukamelang2,Cirebon,32749,108.07541,-6.452801,4/29/2024,4,Drone (rice field)
6_Babawangan1,Karawang,32748,107.464557,-6.234704,4/27/2024,2,Drone (50x50)
9_Sukamandi,Indramayu,32748,107.640269,-6.355691,4/28/2024,1,Drone (rice field)
9_Sukamandi,Indramayu,32748,107.639715,-6.355646,4/28/2024,1,Drone (rice field)
4_Kutajaya,Karawang,32748,107.349192,-6.149773,4/26/2024,2,Drone (50x50)
27_Sukamelang2,Cirebon,32749,108.074602,-6.454039,4/29/2024,3,Drone (rice field)
21_Sumurgede,Karawang,32748,107.495175,-6.194458,4/27/2024,2,Drone (rice field)
11_Mulyasari,Indramayu,32748,107.793004,-6.368752,4/28/2024,6,Drone (rice field)
11_Mulyasari,Indramayu,32748,107.795408,-6.368126,4/28/2024,5,Drone (rice field)
4_Kutajaya,Karawang,32748,107.348511,-6.150963,4/26/2024,3,Drone (50x50)
8_Ciranggon2,Karawang,32748,107.357828,-6.295238,4/27/2024,5,Drone (rice field)
10_Gampolsari,Indramayu,32748,107.609024,-6.363847,4/28/2024,4,Drone (rice field)
18_Lemahmukti,Karawang,32748,107.462045,-6.258627,4/27/2024,2,Drone (rice field)
28_Lohbener2,Cirebon,32749,108.323651,-6.401172,4/29/2024,4,Drone (rice field)
21_Sumurgede,Karawang,32748,107.493693,-6.19312,4/27/2024,2,Drone (rice field)
28_Lohbener2,Cirebon,32749,108.324726,-6.401647,4/29/2024,4,Drone (rice field)
18_Lemahmukti,Karawang,32748,107.461586,-6.260015,4/27/2024,2,Drone (50x50)
7_Babawangan2,Karawang,32748,107.466874,-6.234331,4/27/2024,2,Drone (rice field)
17_Rawamerta,Karawang,32748,107.342467,-6.21739,4/27/2024,1,Drone (rice field)
9_Sukamandi,Indramayu,32748,107.639991,-6.355841,4/28/2024,1,Drone (rice field)
4_Kutajaya,Karawang,32748,107.348091,-6.151025,4/26/2024,3,Drone (50x50)
7_Babawangan2,Karawang,32748,107.467729,-6.234465,4/27/2024,2,Drone (rice field)
27_Sukamelang2,Cirebon,32749,108.075412,-6.453253,4/29/2024,4,Drone (rice field)
18_Lemahmukti,Karawang,32748,107.462031,-6.258657,4/27/2024,2,Drone (50x50)
18_Lemahmukti,Karawang,32748,107.461967,-6.258704,4/27/2024,2,Drone (rice field)
17_Rawamerta,Karawang,32748,107.341707,-6.215369,4/27/2024,6,Drone (50x50)
17_Rawamerta,Karawang,32748,107.341682,-6.215379,4/27/2024,6,Drone (rice field)
9_Sukamandi,Indramayu,32748,107.640141,-6.356396,4/28/2024,1,Drone (rice field)
22_Sindang-Indramayu,Cirebon,32749,108.304417,-6.327636,4/29/2024,6,Drone (rice field)
26_Sukamelang1,Cirebon,32749,108.07089,-6.453878,4/29/2024,4,Drone (rice field)
27_Sukamelang2,Cirebon,32749,108.074964,-6.453707,4/29/2024,6,Drone (rice field)
7_Babawangan2,Karawang,32748,107.468828,-6.234329,4/27/2024,2,Drone (rice field)
7_Babawangan2,Karawang,32748,107.468707,-6.233993,4/27/2024,2,Drone (rice field)
10_Gampolsari,Indramayu,32748,107.607804,-6.362235,4/28/2024,4,Drone (rice field)
4_Kutajaya,Karawang,32748,107.34774,-6.149811,4/26/2024,3,Drone (50x50)
7_Babawangan2,Karawang,32748,107.468699,-6.234603,4/27/2024,2,Drone (50x50)
8_Ciranggon2,Karawang,32748,107.359676,-6.29483,4/27/2024,4,Drone (50x50)
21_Sumurgede,Karawang,32748,107.493782,-6.192531,4/27/2024,2,Drone (50x50)
7_Babawangan2,Karawang,32748,107.4682,-6.233695,4/27/2024,2,Drone (rice field)
9_Sukamandi,Indramayu,32748,107.639979,-6.355124,4/28/2024,1,Drone (rice field)
12_Jatimulya,Indramayu,32748,107.832148,-6.3782,4/28/2024,4,Drone (rice field)
19_Ciranggon1,Karawang,32748,107.361806,-6.292867,4/27/2024,4,Drone (50x50)
8_Ciranggon2,Karawang,32748,107.360401,-6.2944,4/27/2024,4,Drone (50x50)
21_Sumurgede,Karawang,32748,107.493338,-6.193339,4/27/2024,2,Drone (rice field)
29_Lohbener1,Cirebon,32749,108.324171,-6.404941,4/29/2024,4,Drone (rice field)
9_Sukamandi,Indramayu,32748,107.641093,-6.355484,4/28/2024,1,Drone (rice field)
27_Sukamelang2,Cirebon,32749,108.074034,-6.453548,4/29/2024,6,Drone (rice field)
28_Lohbener2,Cirebon,32749,108.325163,-6.402239,4/29/2024,4,Drone (rice field)
18_Lemahmukti,Karawang,32748,107.46166,-6.260355,4/27/2024,2,Drone (rice field)
12_Jatimulya,Indramayu,32748,107.833432,-6.378225,4/28/2024,4,Drone (rice field)
25_Sindangkerta_Indramayu2,Cirebon,32749,108.27685,-6.385012,4/29/2024,4,Drone (rice field)
10_Gampolsari,Indramayu,32748,107.608952,-6.362719,4/28/2024,4,Drone (rice field)
16_Tambakjati,Indramayu,32748,107.600776,-6.336034,4/28/2024,6,Drone (rice field)
18_Lemahmukti,Karawang,32748,107.461409,-6.260518,4/27/2024,2,Drone (rice field)
21_Sumurgede,Karawang,32748,107.493743,-6.195117,4/27/2024,2,Drone (rice field)
18_Lemahmukti,Karawang,32748,107.462636,-6.260355,4/27/2024,2,Drone (rice field)
9_Sukamandi,Indramayu,32748,107.640616,-6.355903,4/28/2024,1,Drone (rice field)
15._Gempolsari2,Indramayu,32748,107.608333,-6.360278,4/28/2024,4,Drone (rice field)
10_Gampolsari,Indramayu,32748,107.608598,-6.362731,4/28/2024,5,Drone (rice field)
28_Lohbener2,Cirebon,32749,108.324614,-6.402351,4/29/2024,4,Drone (rice field)
29_Lohbener1,Cirebon,32749,108.32432,-6.404726,4/29/2024,4,Drone (rice field)
8_Ciranggon2,Karawang,32748,107.357669,-6.295326,4/27/2024,5,Drone (50x50)
21_Sumurgede,Karawang,32748,107.493535,-6.192583,4/27/2024,2,Drone (rice field)
29_Lohbener1,Cirebon,32749,108.323622,-6.403897,4/29/2024,3,Drone (rice field)
19_Ciranggon1,Karawang,32748,107.360543,-6.292167,4/27/2024,4,Drone (rice field)
12_Jatimulya,Indramayu,32748,107.833215,-6.377458,4/28/2024,3,Drone (rice field)
10_Gampolsari,Indramayu,32748,107.608832,-6.36387,4/28/2024,5,Drone (rice field)
9_Sukamandi,Indramayu,32748,107.640861,-6.356174,4/28/2024,1,Drone (rice field)
8. Ciranggon2,Karawang,32748,107.357819,-6.295167,4/27/2024,5,Drone (50x50)
18_Lemahmukti,Karawang,32748,107.461321,-6.259225,4/27/2024,2,Drone (rice field)
21_Sumurgede,Karawang,32748,107.494283,-6.194202,4/27/2024,2,Drone (rice field)
29_Lohbener1,Cirebon,32749,108.323322,-6.404752,4/29/2024,4,Drone (rice field)
6_Babawangan1,Karawang,32748,107.464523,-6.234535,4/27/2024,2,Drone (50x50)
27_Sukamelang2,Cirebon,32749,108.075315,-6.454034,4/29/2024,4,Drone (rice field)
17_Rawamerta,Karawang,32748,107.342107,-6.214811,4/27/2024,1,Drone (rice field)
21_Sumurgede,Karawang,32748,107.494342,-6.19474,4/27/2024,2,Drone (rice field)
26_Sukamelang1,Cirebon,32749,108.070494,-6.455194,4/29/2024,4,Drone (rice field)
21_Sumurgede,Karawang,32748,107.494238,-6.193432,4/27/2024,2,Drone (50x50)
27_Sukamelang2,Cirebon,32749,108.074403,-6.453335,4/29/2024,3,Drone (rice field)
29_Lohbener1,Cirebon,32749,108.324283,-6.404606,4/29/2024,4,Drone (rice field)
19_Ciranggon1,Karawang,32748,107.361169,-6.294026,4/27/2024,4,Drone (rice field)
,Indramayu,32748,107.629667,-6.364861,4/28/2024,6,Drone (rice field)
26_Sukamelang1,Cirebon,32749,108.070451,-6.454186,4/29/2024,4,Drone (rice field)
20_Sindangkerta,Karawang,32748,107.344209,-6.212111,4/27/2024,6,Drone (rice field)
10_Gampolsari,Indramayu,32748,107.608469,-6.363089,4/28/2024,5,Drone (rice field)
16_Tambakjati,Indramayu,32748,107.59885,-6.33771,4/28/2024,5,Drone (rice field)
15._Gempolsari2,Indramayu,32748,107.608398,-6.360068,4/28/2024,4,Drone (rice field)
24_Sindangkerta_indramayu1,Cirebon,32749,108.273123,-6.384909,4/29/2024,4,Drone (rice field)
4_Kutajaya,Karawang,32748,107.349701,-6.149517,4/26/2024,3,Drone (50x50)
19_Ciranggon1,Karawang,32748,107.361926,-6.293012,4/27/2024,4,Drone (50x50)
18_Lemahmukti,Karawang,32748,107.460936,-6.259432,4/27/2024,2,Drone (rice field)
16_Tambakjati,Indramayu,32748,107.600344,-6.338278,4/28/2024,6,Drone (rice field)
16_Tambakjati,Indramayu,32748,107.600344,-6.338278,4/28/2024,6,Drone (rice field)
10_Gampolsari,Indramayu,32748,107.608093,-6.362106,4/28/2024,4,Drone (rice field)
27_Sukamelang2,Cirebon,32749,108.07406,-6.453713,4/29/2024,6,Drone (rice field)
27_Sukamelang2,Cirebon,32749,108.07549,-6.4528,4/29/2024,4,Drone (rice field)
22_Sindang-Indramayu,Cirebon,32749,108.305679,-6.32795,4/29/2024,6,Drone (rice field)
28_Lohbener2,Cirebon,32749,108.323608,-6.402406,4/29/2024,4,Drone (rice field)
21_Sumurgede,Karawang,32748,107.493728,-6.192637,4/27/2024,2,Drone (rice field)
12_Jatimulya,Indramayu,32748,107.835394,-6.378583,4/28/2024,3,Drone (rice field)
9_Sukamandi,Indramayu,32748,107.639537,-6.355391,4/28/2024,1,Drone (rice field)
9_Sukamandi,Indramayu,32748,107.639549,-6.355314,4/28/2024,1,Drone (rice field)
15._Gempolsari2,Indramayu,32748,107.608984,-6.360794,4/28/2024,4,Drone (rice field)
9_Sukamandi,Indramayu,32748,107.640897,-6.356288,4/28/2024,1,Drone (rice field)
9_Sukamandi,Indramayu,32748,107.640637,-6.356192,4/28/2024,1,Drone (rice field)
27_Sukamelang2,Cirebon,32749,108.075701,-6.453813,4/29/2024,4,Drone (rice field)
16_Tambakjati,Indramayu,32748,107.600605,-6.337063,4/28/2024,6,Drone (rice field)
27_Sukamelang2,Cirebon,32749,108.075634,-6.453553,4/29/2024,4,Drone (rice field)
29_Lohbener1,Cirebon,32749,108.32379,-6.403795,4/29/2024,4,Drone (rice field)
8_Ciranggon2,Karawang,32748,107.35778,-6.295069,4/27/2024,4,Drone (50x50)
16_Tambakjati,Indramayu,32748,107.600794,-6.336532,4/28/2024,6,Drone (rice field)
17_Rawamerta,Karawang,32748,107.34306,-6.214911,4/27/2024,1,Drone (50x50)
4_Kutajaya,Karawang,32748,107.347742,-6.150263,4/26/2024,3,Drone (50x50)
10_Gampolsari,Indramayu,32748,107.607969,-6.362056,4/28/2024,4,Drone (rice field)
22_Sindang-Indramayu,Cirebon,32749,108.304981,-6.32791,4/29/2024,6,Drone (rice field)
15._Gempolsari2,Indramayu,32748,107.609302,-6.360063,4/28/2024,4,Drone (rice field)
26_Sukamelang1,Cirebon,32749,108.070707,-6.453871,4/29/2024,4,Drone (rice field)
21_Sumurgede,Karawang,32748,107.493412,-6.193794,4/27/2024,2,Drone (rice field)
16_Tambakjati,Indramayu,32748,107.600967,-6.338283,4/28/2024,6,Drone (rice field)
4_Kutajaya,Karawang,32748,107.349582,-6.148657,4/26/2024,2,Drone (50x50)
8_Ciranggon2,Karawang,32748,107.357871,-6.29529,4/27/2024,5,Drone (50x50)
9_Sukamandi,Indramayu,32748,107.640804,-6.356369,4/28/2024,1,Drone (rice field)
12_Jatimulya,Indramayu,32748,107.831774,-6.37891,4/28/2024,4,Drone (rice field)
29_Lohbener1,Cirebon,32749,108.323936,-6.403694,4/29/2024,4,Drone (rice field)
19_Ciranggon1,Karawang,32748,107.361021,-6.292564,4/27/2024,4,Drone (50x50)
18_Lemahmukti,Karawang,32748,107.462483,-6.258655,4/27/2024,2,Drone (50x50)
21_Sumurgede,Karawang,32748,107.494193,-6.193453,4/27/2024,2,Drone (rice field)
26_Sukamelang1,Cirebon,32749,108.070989,-6.4551,4/29/2024,4,Drone (rice field)
4_Kutajaya,Karawang,32748,107.338614,-6.150586,4/26/2024,3,Field Survey
4_Kutajaya,Karawang,32748,107.349054,-6.149311,4/26/2024,3,Drone (50x50)
17_Rawamerta,Karawang,32748,107.343062,-6.215363,4/27/2024,1,Drone (50x50)
21_Sumurgede,Karawang,32748,107.493922,-6.193689,4/27/2024,2,Drone (rice field)
26_Sukamelang1,Cirebon,32749,108.07016,-6.455753,4/29/2024,4,Drone (rice field)
25_Sindangkerta_Indramayu2,Cirebon,32749,108.276786,-6.383356,4/29/2024,4,Drone (rice field)
21_Sumurgede,Karawang,32748,107.493918,-6.194686,4/27/2024,2,Drone (rice field)
18_Lemahmukti,Karawang,32748,107.460972,-6.258481,4/27/2024,2,Drone (rice field)
19_Ciranggon1,Karawang,32748,107.360567,-6.292114,4/27/2024,4,Drone (50x50)
19_Ciranggon1,Karawang,32748,107.362148,-6.294041,4/27/2024,4,Drone (rice field)
19_Ciranggon1,Karawang,32748,107.361254,-6.292344,4/27/2024,4,Drone (rice field)
26_Sukamelang1,Cirebon,32749,108.070288,-6.454999,4/29/2024,4,Drone (rice field)
28_Lohbener2,Cirebon,32749,108.323585,-6.401375,4/29/2024,3,Drone (rice field)
8_Ciranggon2,Karawang,32748,107.359727,-6.294207,4/27/2024,4,Drone (50x50)
15._Gempolsari2,Indramayu,32748,107.609221,-6.360873,4/28/2024,4,Drone (rice field)
27_Sukamelang2,Cirebon,32749,108.076315,-6.453248,4/29/2024,4,Drone (rice field)
26_Sukamelang1,Cirebon,32749,108.071068,-6.454324,4/29/2024,4,Drone (rice field)
17_Rawamerta,Karawang,32748,107.342758,-6.214041,4/27/2024,1,Drone (rice field)
8_Ciranggon2,Karawang,32748,107.359515,-6.294954,4/27/2024,4,Drone (50x50)
22_Sindang-Indramayu,Cirebon,32749,108.302656,-6.330278,4/29/2024,6,Drone (rice field)
18_Lemahmukti,Karawang,32748,107.462361,-6.259317,4/27/2024,2,Drone (rice field)
23_Kroya,Cirebon,32749,108.079937,-6.479684,4/29/2024,5,Drone (rice field)
17_Rawamerta,Karawang,32748,107.343226,-6.216376,4/27/2024,6,Drone (rice field)
8_Ciranggon2,Karawang,32748,107.35873,-6.295463,4/27/2024,4,Drone (50x50)
11_Mulyasari,Indramayu,32748,107.792696,-6.367688,4/28/2024,6,Drone (rice field)
26_Sukamelang1,Cirebon,32749,108.070848,-6.455451,4/29/2024,4,Drone (rice field)
17_Rawamerta,Karawang,32748,107.342864,-6.216315,4/27/2024,6,Drone (rice field)
29_Lohbener1,Cirebon,32749,108.324774,-6.405175,4/29/2024,4,Drone (rice field)
17_Rawamerta,Karawang,32748,107.343058,-6.214459,4/27/2024,1,Drone (50x50)
18_Lemahmukti,Karawang,32748,107.462536,-6.259381,4/27/2024,2,Drone (rice field)
15._Gempolsari2,Indramayu,32748,107.608848,-6.359614,4/28/2024,4,Drone (rice field)
26_Sukamelang1,Cirebon,32749,108.070908,-6.455087,4/29/2024,4,Drone (rice field)
4_Kutajaya,Karawang,32748,107.34899,-6.15083,4/26/2024,2,Drone (50x50)
17_Rawamerta,Karawang,32748,107.342734,-6.215194,4/27/2024,1,Drone (rice field)
21_Sumurgede,Karawang,32748,107.493518,-6.192897,4/27/2024,2,Drone (rice field)
10_Gampolsari,Indramayu,32748,107.609128,-6.362993,4/28/2024,5,Drone (rice field)
24_Sindangkerta_indramayu1,Cirebon,32749,108.272638,-6.38532,4/29/2024,4,Drone (rice field)
4_Kutajaya,Karawang,32748,107.347724,-6.15022,4/26/2024,3,Drone (50x50)
4_Kutajaya,Karawang,32748,107.34772,-6.149926,4/26/2024,3,Drone (50x50)
18_Lemahmukti,Karawang,32748,107.461134,-6.260017,4/27/2024,2,Drone (50x50)
17_Rawamerta,Karawang,32748,107.343513,-6.215361,4/27/2024,1,Drone (50x50)
9_Sukamandi,Indramayu,32748,107.63977,-6.355293,4/28/2024,1,Drone (rice field)
21_Sumurgede,Karawang,32748,107.495348,-6.194623,4/27/2024,2,Drone (rice field)
17_Rawamerta,Karawang,32748,107.342329,-6.215493,4/27/2024,6,Drone (rice field)
10_Gampolsari,Indramayu,32748,107.608414,-6.363231,4/28/2024,5,Drone (rice field)
15._Gempolsari2,Indramayu,32748,107.607574,-6.360772,4/28/2024,4,Drone (rice field)
27_Sukamelang2,Cirebon,32749,108.074966,-6.454159,4/29/2024,6,Drone (rice field)
28_Lohbener2,Cirebon,32749,108.323703,-6.400987,4/29/2024,4,Drone (rice field)
7_Babawangan2,Karawang,32748,107.468303,-6.235405,4/27/2024,2,Drone (50x50)
9_Sukamandi,Indramayu,32748,107.639624,-6.355968,4/28/2024,1,Drone (rice field)
17_Rawamerta,Karawang,32748,107.343066,-6.216267,4/27/2024,6,Drone (50x50)
18_Lemahmukti,Karawang,32748,107.462879,-6.258915,4/27/2024,2,Drone (rice field)
15._Gempolsari2,Indramayu,32748,107.609215,-6.36075,4/28/2024,4,Drone (rice field)
22_Sindang-Indramayu,Cirebon,32749,108.304871,-6.328085,4/29/2024,6,Drone (rice field)
18_Lemahmukti,Karawang,32748,107.462491,-6.260462,4/27/2024,2,Drone (50x50)
21_Sumurgede,Karawang,32748,107.493671,-6.194433,4/27/2024,2,Drone (rice field)
15._Gempolsari2,Indramayu,32748,107.607868,-6.359186,4/28/2024,4,Drone (rice field)
4_Kutajaya,Karawang,32748,107.349093,-6.149353,4/26/2024,3,Drone (50x50)
9_Sukamandi,Indramayu,32748,107.639837,-6.355785,4/28/2024,1,Drone (rice field)
20_Sindangkerta,Karawang,32748,107.343431,-6.212258,4/27/2024,6,Drone (50x50)
16_Tambakjati,Indramayu,32748,107.600153,-6.337065,4/28/2024,6,Drone (rice field)
27_Sukamelang2,Cirebon,32749,108.074904,-6.453602,4/29/2024,6,Drone (rice field)
27_Sukamelang2,Cirebon,32749,108.075808,-6.453127,4/29/2024,4,Drone (rice field)
23_Kroya,Cirebon,32749,108.079643,-6.480779,4/29/2024,6,Drone (rice field)
18_Lemahmukti,Karawang,32748,107.461806,-6.261528,4/27/2024,2,Drone (50x50)
10_Gampolsari,Indramayu,32748,107.609508,-6.363167,4/28/2024,4,Drone (rice field)
19_Ciranggon1,Karawang,32748,107.361185,-6.293761,4/27/2024,4,Drone (rice field)
12_Jatimulya,Indramayu,32748,107.832809,-6.377464,4/28/2024,4,Drone (rice field)
27_Sukamelang2,Cirebon,32749,108.075786,-6.45292,4/29/2024,4,Drone (rice field)
20_Sindangkerta,Karawang,32748,107.344292,-6.212253,4/27/2024,5,Drone (50x50)
6_Babawangan1,Karawang,32748,107.465983,-6.234687,4/27/2024,2,Drone (50x50)
8_Ciranggon2,Karawang,32748,107.358923,-6.295287,4/27/2024,4,Drone (50x50)
19_Ciranggon1,Karawang,32748,107.360488,-6.292546,4/27/2024,4,Drone (rice field)
16_Tambakjati,Indramayu,32748,107.599702,-6.337067,4/28/2024,6,Drone (rice field)
10. Gampolsari,Indramayu,32748,107.606111,-6.361667,4/28/2024,4,Drone (rice field)
15._Gempolsari2,Indramayu,32748,107.609297,-6.35916,4/28/2024,4,Drone (rice field)
9_Sukamandi,Indramayu,32748,107.639994,-6.356293,4/28/2024,1,Drone (rice field)
19_Ciranggon1,Karawang,32748,107.360571,-6.293018,4/27/2024,4,Drone (50x50)
6_Babawangan1,Karawang,32748,107.466461,-6.234019,4/27/2024,2,Drone (rice field)
21_Sumurgede,Karawang,32748,107.49377,-6.193822,4/27/2024,2,Drone (rice field)
25_Sindangkerta_Indramayu2,Cirebon,32749,108.275884,-6.383362,4/29/2024,3,Drone (rice field)
27_Sukamelang2,Cirebon,32749,108.074922,-6.454382,4/29/2024,4,Drone (rice field)
15._Gempolsari2,Indramayu,32748,107.609296,-6.359228,4/28/2024,4,Drone (rice field)
4_Kutajaya,Karawang,32748,107.348586,-6.149676,4/26/2024,2,Drone (50x50)
27_Sukamelang2,Cirebon,32749,108.074617,-6.453259,4/29/2024,3,Drone (rice field)
12_Jatimulya,Indramayu,32748,107.831801,-6.377074,4/28/2024,4,Drone (rice field)
12_Jatimulya,Indramayu,32748,107.832174,-6.377848,4/28/2024,3,Drone (rice field)
25_Sindangkerta_Indramayu2,Cirebon,32749,108.277249,-6.38516,4/29/2024,4,Drone (rice field)
15._Gempolsari2,Indramayu,32748,107.607493,-6.359621,4/28/2024,4,Drone (rice field)
15._Gempolsari2,Indramayu,32748,107.60735,-6.360696,4/28/2024,4,Drone (rice field)
15._Gempolsari2,Indramayu,32748,107.607535,-6.359595,4/28/2024,4,Drone (rice field)
15._Gempolsari2,Indramayu,32748,107.607306,-6.360114,4/28/2024,4,Drone (rice field)
18_Lemahmukti,Karawang,32748,107.46204,-6.260464,4/27/2024,2,Drone (50x50)
24_Sindangkerta_indramayu1,Cirebon,32749,108.272744,-6.385056,4/29/2024,4,Drone (rice field)
22_Sindang-Indramayu,Cirebon,32749,108.30509,-6.327019,4/29/2024,6,Drone (rice field)
28_Lohbener2,Cirebon,32749,108.324414,-6.401833,4/29/2024,4,Drone (rice field)
22_Sindang-Indramayu,Cirebon,32749,108.306676,-6.328073,4/29/2024,6,Drone (rice field)
6_Babawangan1,Karawang,32748,107.46545,-6.233258,4/27/2024,2,Drone (rice field)
4_Kutajaya,Karawang,32748,107.349085,-6.150185,4/26/2024,2,Drone (50x50)
18_Lemahmukti,Karawang,32748,107.461469,-6.259767,4/27/2024,2,Drone (rice field)
26_Sukamelang1,Cirebon,32749,108.071354,-6.454181,4/29/2024,4,Drone (rice field)
26_Sukamelang1,Cirebon,32749,108.070827,-6.455855,4/29/2024,5,Drone (rice field)
21_Sumurgede,Karawang,32748,107.493298,-6.193008,4/27/2024,2,Drone (rice field)
10_Gampolsari,Indramayu,32748,107.609445,-6.362862,4/28/2024,4,Drone (rice field)
18_Lemahmukti,Karawang,32748,107.462487,-6.259558,4/27/2024,2,Drone (50x50)
11_Mulyasari,Indramayu,32748,107.793942,-6.368078,4/28/2024,6,Drone (rice field)
27_Sukamelang2,Cirebon,32749,108.075298,-6.453267,4/29/2024,4,Drone (rice field)
18_Lemahmukti,Karawang,32748,107.462345,-6.260531,4/27/2024,2,Drone (rice field)
4_Kutajaya,Karawang,32748,107.348299,-6.149623,4/26/2024,3,Drone (50x50)
17_Rawamerta,Karawang,32748,107.341327,-6.21677,4/27/2024,6,Drone (rice field)
10_Gampolsari,Indramayu,32748,107.60799,-6.363653,4/28/2024,4,Drone (rice field)
16_Tambakjati,Indramayu,32748,107.599348,-6.337736,4/28/2024,5,Drone (rice field)
19_Ciranggon1,Karawang,32748,107.36238,-6.293462,4/27/2024,4,Drone (50x50)
10_Gampolsari,Indramayu,32748,107.608939,-6.363551,4/28/2024,5,Drone (rice field)
27_Sukamelang2,Cirebon,32749,108.074058,-6.453261,4/29/2024,6,Drone (rice field)
27_Sukamelang2,Cirebon,32749,108.074038,-6.453263,4/29/2024,6,Drone (rice field)
16_Tambakjati,Indramayu,32748,107.599438,-6.336842,4/28/2024,6,Drone (rice field)
24_Sindangkerta,Cirebon,32749,108.273861,-6.385167,4/29/2024,4,Drone (rice field)
4_Kutajaya,Karawang,32748,107.348088,-6.149203,4/26/2024,3,Drone (50x50)
21_Sumurgede,Karawang,32748,107.494432,-6.194347,4/27/2024,2,Drone (rice field)
11_Mulyasari,Indramayu,32748,107.794954,-6.367676,4/28/2024,6,Drone (rice field)
28_Lohbener2,Cirebon,32749,108.323461,-6.401119,4/29/2024,4,Drone (rice field)
9_Sukamandi,Indramayu,32748,107.63954,-6.355843,4/28/2024,1,Drone (rice field)
10_Gampolsari,Indramayu,32748,107.609611,-6.362947,4/28/2024,4,Drone (rice field)
9_Sukamandi,Indramayu,32748,107.639503,-6.355833,4/28/2024,1,Drone (rice field)
29_Lohbener1,Cirebon,32749,108.323886,-6.404117,4/29/2024,4,Drone (rice field)
20_Sindangkerta,Karawang,32748,107.34333,-6.212371,4/27/2024,6,Drone (rice field)
15._Gempolsari2,Indramayu,32748,107.609006,-6.359143,4/28/2024,4,Drone (rice field)
16_Tambakjati,Indramayu,32748,107.600169,-6.33765,4/28/2024,5,Drone (rice field)
16_Tambakjati,Indramayu,32748,107.600607,-6.337515,4/28/2024,6,Drone (rice field)
29_Lohbener1,Cirebon,32749,108.325219,-6.404661,4/29/2024,4,Drone (rice field)
18_Lemahmukti,Karawang,32748,107.461716,-6.260098,4/27/2024,2,Drone (rice field)
18_Lemahmukti,Karawang,32748,107.460676,-6.258663,4/27/2024,2,Drone (50x50)
26_Sukamelang1,Cirebon,32749,108.07021,-6.454696,4/29/2024,4,Drone (rice field)
29_Lohbener1,Cirebon,32749,108.325045,-6.405001,4/29/2024,4,Drone (rice field)
29_Lohbener1,Cirebon,32749,108.324536,-6.4053,4/29/2024,4,Drone (rice field)
25_Sindangkerta_Indramayu2,Cirebon,32749,108.275872,-6.384061,4/29/2024,4,Drone (rice field)
18_Lemahmukti,Karawang,32748,107.462816,-6.259534,4/27/2024,2,Drone (rice field)
29_Lohbener1,Cirebon,32749,108.324768,-6.404272,4/29/2024,4,Drone (rice field)
12_Jatimulya,Indramayu,32748,107.832041,-6.378316,4/28/2024,4,Drone (rice field)
21_Sumurgede,Karawang,32748,107.494167,-6.194922,4/27/2024,2,Drone (rice field)
21_Sumurgede,Karawang,32748,107.493387,-6.192758,4/27/2024,2,Drone (rice field)
29_Lohbener1,Cirebon,32749,108.325329,-6.403601,4/29/2024,4,Drone (rice field)
19_Ciranggon1,Karawang,32748,107.362156,-6.293509,4/27/2024,4,Drone (rice field)
25_Sindangkerta_Indramayu2,Cirebon,32749,108.276346,-6.385165,4/29/2024,4,Drone (rice field)
10_Gampolsari,Indramayu,32748,107.608861,-6.362325,4/28/2024,4,Drone (rice field)
25_Sindangkerta_Indramayu2,Cirebon,32749,108.276372,-6.384987,4/29/2024,4,Drone (rice field)
18_Lemahmukti,Karawang,32748,107.462641,-6.260506,4/27/2024,2,Drone (rice field)
17_Rawamerta,Karawang,32748,107.341715,-6.217177,4/27/2024,1,Drone (50x50)
17_Rawamerta,Karawang,32748,107.341701,-6.217189,4/27/2024,1,Drone (rice field)
24_Sindangkerta_indramayu1,Cirebon,32749,108.273708,-6.384433,4/29/2024,4,Drone (rice field)
12_Jatimulya,Indramayu,32748,107.832038,-6.377865,4/28/2024,3,Drone (rice field)
4_Kutajaya,Karawang,32748,107.348641,-6.149355,4/26/2024,3,Drone (50x50)
16_Tambakjati,Indramayu,32748,107.600018,-6.33619,4/28/2024,6,Drone (rice field)
11_Mulyasari,Indramayu,32748,107.793152,-6.36859,4/28/2024,6,Drone (rice field)
9_Sukamandi,Indramayu,32748,107.64164,-6.355481,4/28/2024,1,Drone (rice field)
10_Gampolsari,Indramayu,32748,107.608412,-6.362779,4/28/2024,5,Drone (rice field)
15._Gempolsari2,Indramayu,32748,107.608275,-6.359833,4/28/2024,4,Drone (rice field)
28_Lohbener2,Cirebon,32749,108.323774,-6.402257,4/29/2024,4,Drone (rice field)
17_Rawamerta,Karawang,32748,107.343011,-6.215609,4/27/2024,6,Drone (rice field)
12_Jatimulya,Indramayu,32748,107.83261,-6.377286,4/28/2024,4,Drone (rice field)
19_Ciranggon1,Karawang,32748,107.360894,-6.292146,4/27/2024,4,Drone (rice field)
17_Rawamerta,Karawang,32748,107.343753,-6.215329,4/27/2024,1,Drone (rice field)
24_Sindangkerta_indramayu1,Cirebon,32749,108.27273,-6.384285,4/29/2024,4,Drone (rice field)
10_Gampolsari,Indramayu,32748,107.607823,-6.362053,4/28/2024,4,Drone (rice field)
16_Tambakjati,Indramayu,32748,107.599895,-6.338287,4/28/2024,5,Drone (rice field)
12_Jatimulya,Indramayu,32748,107.831438,-6.377481,4/28/2024,3,Drone (rice field)
28_Lohbener2,Cirebon,32749,108.324095,-6.402529,4/29/2024,4,Drone (rice field)
9_Sukamandi,Indramayu,32748,107.640832,-6.355712,4/28/2024,1,Drone (rice field)
16_Tambakjati,Indramayu,32748,107.600549,-6.338024,4/28/2024,6,Drone (rice field)
27_Sukamelang2,Cirebon,32749,108.074902,-6.453001,4/29/2024,6,Drone (rice field)
17_Rawamerta,Karawang,32748,107.341981,-6.21543,4/27/2024,6,Drone (rice field)
17_Rawamerta,Karawang,32748,107.342353,-6.21704,4/27/2024,6,Drone (rice field)
24_Sindangkerta_indramayu1,Cirebon,32749,108.272923,-6.385686,4/29/2024,4,Drone (rice field)
19_Ciranggon1,Karawang,32748,107.362143,-6.292872,4/27/2024,4,Drone (rice field)
17_Rawamerta,Karawang,32748,107.341919,-6.215732,4/27/2024,6,Drone (rice field)
20_Sindangkerta,Karawang,32748,107.343129,-6.212758,4/27/2024,6,Drone (rice field)
18_Lemahmukti,Karawang,32748,107.462341,-6.259603,4/27/2024,2,Drone (rice field)
17_Rawamerta,Karawang,32748,107.343535,-6.216007,4/27/2024,6,Drone (rice field)
28_Lohbener2,Cirebon,32749,108.323403,-6.402474,4/29/2024,4,Drone (rice field)
4_Kutajaya,Karawang,32748,107.348674,-6.149246,4/26/2024,3,Drone (50x50)
21_Sumurgede,Karawang,32748,107.49424,-6.193884,4/27/2024,2,Drone (50x50)
25_Sindangkerta_Indramayu2,Cirebon,32749,108.275892,-6.384717,4/29/2024,3,Drone (rice field)
10_Gampolsari,Indramayu,32748,107.608866,-6.363229,4/28/2024,4,Drone (rice field)
26_Sukamelang1,Cirebon,32749,108.071024,-6.455406,4/29/2024,4,Drone (rice field)
18_Lemahmukti,Karawang,32748,107.46262,-6.259802,4/27/2024,2,Drone (rice field)
10_Gampolsari,Indramayu,32748,107.609381,-6.363046,4/28/2024,4,Drone (rice field)
28_Lohbener2,Cirebon,32749,108.323848,-6.401568,4/29/2024,4,Drone (rice field)
4_Kutajaya,Karawang,32748,107.349838,-6.149031,4/26/2024,3,Drone (50x50)
19_Ciranggon1,Karawang,32748,107.360883,-6.292556,4/27/2024,4,Drone (rice field)
23_Kroya,Cirebon,32749,108.081895,-6.479862,4/29/2024,6,Drone (rice field)
28_Lohbener2,Cirebon,32749,108.324115,-6.400909,4/29/2024,4,Drone (rice field)
21_Sumurgede,Karawang,32748,107.494026,-6.193198,4/27/2024,2,Drone (rice field)
23_Kroya,Cirebon,32749,108.079357,-6.481496,4/29/2024,6,Drone (rice field)
28_Lohbener2,Cirebon,32749,108.323896,-6.401497,4/29/2024,4,Drone (rice field)
24_Sindangkerta_indramayu1,Cirebon,32749,108.272749,-6.384903,4/29/2024,4,Drone (rice field)
8_Ciranggon2,Karawang,32748,107.36013,-6.29528,4/27/2024,4,Drone (50x50)
15._Gempolsari2,Indramayu,32748,107.608401,-6.36052,4/28/2024,4,Drone (rice field)
16_Tambakjati,Indramayu,32748,107.601107,-6.336307,4/28/2024,6,Drone (rice field)
26_Sukamelang1,Cirebon,32749,108.070456,-6.45509,4/29/2024,4,Drone (rice field)
8_Ciranggon2,Karawang,32748,107.357775,-6.294903,4/27/2024,4,Drone (50x50)
20_Sindangkerta,Karawang,32748,107.344253,-6.211699,4/27/2024,6,Drone (rice field)
29_Lohbener1,Cirebon,32749,108.323869,-6.404729,4/29/2024,4,Drone (rice field)
11_Mulyasari,Indramayu,32748,107.7936,-6.368339,4/28/2024,6,Drone (rice field)
27_Sukamelang2,Cirebon,32749,108.0762,-6.45338,4/29/2024,4,Drone (rice field)
25_Sindangkerta_Indramayu2,Cirebon,32749,108.276103,-6.38426,4/29/2024,4,Drone (rice field)
16_Tambakjati,Indramayu,32748,107.600744,-6.338371,4/28/2024,6,Drone (rice field)
10_Gampolsari,Indramayu,32748,107.609204,-6.362784,4/28/2024,5,Drone (rice field)
29_Lohbener1,Cirebon,32749,108.325355,-6.404401,4/29/2024,4,Drone (rice field)
9_Sukamandi,Indramayu,32748,107.64073,-6.356291,4/28/2024,1,Drone (rice field)
25_Sindangkerta_Indramayu2,Cirebon,32749,108.275657,-6.38478,4/29/2024,4,Drone (rice field)
11_Mulyasari,Indramayu,32748,107.793436,-6.367921,4/28/2024,6,Drone (rice field)
16_Tambakjati,Indramayu,32748,107.599668,-6.338191,4/28/2024,5,Drone (rice field)
11_Mulyasari,Indramayu,32748,107.794956,-6.368128,4/28/2024,5,Drone (rice field)
16_Tambakjati,Indramayu,32748,107.599255,-6.337973,4/28/2024,5,Drone (rice field)
10_Gampolsari,Indramayu,32748,107.607549,-6.3626,4/28/2024,4,Drone (rice field)
19_Ciranggon1,Karawang,32748,107.361535,-6.29377,4/27/2024,4,Drone (rice field)
21_Sumurgede,Karawang,32748,107.494056,-6.19375,4/27/2024,2,Drone (50x50)
17_Rawamerta,Karawang,32748,107.342161,-6.215819,4/27/2024,6,Drone (50x50)
19_Ciranggon1,Karawang,32748,107.360569,-6.292566,4/27/2024,4,Drone (50x50)
19_Ciranggon1,Karawang,32748,107.361868,-6.292374,4/27/2024,4,Drone (rice field)
28_Lohbener2,Cirebon,32749,108.32353,-6.40095,4/29/2024,4,Drone (rice field)
21_Sumurgede,Karawang,32748,107.493731,-6.193503,4/27/2024,2,Drone (rice field)
9_Sukamandi,Indramayu,32748,107.641284,-6.355675,4/28/2024,1,Drone (rice field)
29_Lohbener1,Cirebon,32749,108.323417,-6.404732,4/29/2024,4,Drone (rice field)
26_Sukamelang1,Cirebon,32749,108.071335,-6.453892,4/29/2024,4,Drone (rice field)
19_Ciranggon1,Karawang,32748,107.361253,-6.292122,4/27/2024,4,Drone (rice field)
18_Lemahmukti,Karawang,32748,107.461101,-6.260227,4/27/2024,2,Drone (rice field)
17_Rawamerta,Karawang,32748,107.342691,-6.217114,4/27/2024,6,Drone (rice field)
21_Sumurgede,Karawang,32748,107.494276,-6.193803,4/27/2024,2,Drone (rice field)
10_Gampolsari,Indramayu,32748,107.60797,-6.362293,4/28/2024,4,Drone (rice field)
9_Sukamandi,Indramayu,32748,107.64012,-6.356104,4/28/2024,1,Drone (rice field)
24_Sindangkerta_indramayu1,Cirebon,32749,108.273635,-6.384731,4/29/2024,4,Drone (rice field)
18_Lemahmukti,Karawang,32748,107.462004,-6.260549,4/27/2024,2,Drone (rice field)
25_Sindangkerta_Indramayu2,Cirebon,32749,108.275941,-6.384422,4/29/2024,4,Drone (rice field)
4_Kutajaya,Karawang,32748,107.349542,-6.148899,4/26/2024,3,Drone (50x50)
4_Kutajaya,Karawang,32748,107.348764,-6.148901,4/26/2024,3,Drone (50x50)
4_Kutajaya,Karawang,32748,107.349512,-6.148924,4/26/2024,3,Drone (50x50)
28_Lohbener2,Cirebon,32749,108.324435,-6.402323,4/29/2024,4,Drone (rice field)
22_Sindang-Indramayu,Cirebon,32749,108.305416,-6.32706,4/29/2024,6,Drone (rice field)
19_Ciranggon1,Karawang,32748,107.362374,-6.292106,4/27/2024,4,Drone (50x50)
21_Sumurgede,Karawang,32748,107.494242,-6.194336,4/27/2024,2,Drone (50x50)
11_Mulyasari,Indramayu,32748,107.793606,-6.369039,4/28/2024,6,Drone (rice field)
20_Sindangkerta,Karawang,32748,107.344037,-6.210996,4/27/2024,6,Drone (rice field)
23_Kroya,Cirebon,32749,108.080826,-6.480732,4/29/2024,6,Drone (rice field)
4_Kutajaya,Karawang,32748,107.347695,-6.149556,4/26/2024,3,Drone (50x50)
21_Sumurgede,Karawang,32748,107.494245,-6.194788,4/27/2024,2,Drone (50x50)
24_Sindangkerta_indramayu1,Cirebon,32749,108.272166,-6.384001,4/29/2024,4,Drone (rice field)
26_Sukamelang1,Cirebon,32749,108.071239,-6.454829,4/29/2024,4,Drone (rice field)
25_Sindangkerta_Indramayu2,Cirebon,32749,108.275655,-6.384673,4/29/2024,3,Drone (rice field)
16_Tambakjati,Indramayu,32748,107.600149,-6.336161,4/28/2024,6,Drone (rice field)
24_Sindangkerta_indramayu1,Cirebon,32749,108.273187,-6.385186,4/29/2024,4,Drone (rice field)
26_Sukamelang1,Cirebon,32749,108.070326,-6.45401,4/29/2024,4,Drone (rice field)
19_Ciranggon1,Karawang,32748,107.361846,-6.292897,4/27/2024,4,Drone (rice field)
12_Jatimulya,Indramayu,32748,107.832947,-6.378763,4/28/2024,4,Drone (rice field)
22_Sindang-Indramayu,Cirebon,32749,108.303642,-6.32697,4/29/2024,6,Drone (rice field)
21_Sumurgede,Karawang,32748,107.494896,-6.194401,4/27/2024,2,Drone (rice field)
25_Sindangkerta_Indramayu2,Cirebon,32749,108.276155,-6.384562,4/29/2024,3,Drone (rice field)
19_Ciranggon1,Karawang,32748,107.361027,-6.29392,4/27/2024,4,Drone (50x50)
21_Sumurgede,Karawang,32748,107.494581,-6.194496,4/27/2024,2,Drone (rice field)
12_Jatimulya,Indramayu,32748,107.831592,-6.378771,4/28/2024,4,Drone (rice field)
4_Kutajaya,Karawang,32748,107.347942,-6.149945,4/26/2024,3,Drone (50x50)
8_Ciranggon2,Karawang,32748,107.359674,-6.294378,4/27/2024,4,Drone (50x50)
16_Tambakjati,Indramayu,32748,107.599697,-6.336164,4/28/2024,6,Drone (rice field)
27_Sukamelang2,Cirebon,32749,108.07599,-6.45354,4/29/2024,4,Drone (rice field)
8_Ciranggon2,Karawang,32748,107.360128,-6.294828,4/27/2024,4,Drone (50x50)
8_Ciranggon2,Karawang,32748,107.360161,-6.294805,4/27/2024,4,Drone (50x50)
29_Lohbener1,Cirebon,32749,108.323863,-6.403826,4/29/2024,4,Drone (rice field)
25_Sindangkerta_Indramayu2,Cirebon,32749,108.276701,-6.384359,4/29/2024,4,Drone (rice field)
19_Ciranggon1,Karawang,32748,107.362382,-6.293914,4/27/2024,4,Drone (50x50)
17_Rawamerta,Karawang,32748,107.342159,-6.215367,4/27/2024,6,Drone (50x50)
21_Sumurgede,Karawang,32748,107.495453,-6.193055,4/27/2024,2,Drone (rice field)
26_Sukamelang1,Cirebon,32749,108.071121,-6.455491,4/29/2024,4,Drone (rice field)
22_Sindang-Indramayu,Cirebon,32749,108.305773,-6.328079,4/29/2024,6,Drone (rice field)
19_Ciranggon1,Karawang,32748,107.360545,-6.294027,4/27/2024,4,Drone (rice field)
26_Sukamelang1,Cirebon,32749,108.070569,-6.455401,4/29/2024,4,Drone (rice field)
11_Mulyasari,Indramayu,32748,107.795439,-6.368156,4/28/2024,5,Drone (rice field)
21_Sumurgede,Karawang,32748,107.494694,-6.194334,4/27/2024,2,Drone (50x50)
26_Sukamelang1,Cirebon,32749,108.071189,-6.454347,4/29/2024,4,Drone (rice field)
21_Sumurgede,Karawang,32748,107.495604,-6.194991,4/27/2024,2,Drone (rice field)
10_Gampolsari,Indramayu,32748,107.608679,-6.363489,4/28/2024,4,Drone (rice field)
4_Kutajaya,Karawang,32748,107.349148,-6.148882,4/26/2024,3,Drone (50x50)
19_Ciranggon1,Karawang,32748,107.36193,-6.293916,4/27/2024,4,Drone (50x50)
10_Gampolsari,Indramayu,32748,107.608354,-6.363408,4/28/2024,5,Drone (rice field)
16_Tambakjati,Indramayu,32748,107.600566,-6.335854,4/28/2024,6,Drone (rice field)
28_Lohbener2,Cirebon,32749,108.323394,-6.40112,4/29/2024,4,Drone (rice field)
4_Kutajaya,Karawang,32748,107.349853,-6.148822,4/26/2024,3,Drone (50x50)
6_Babawangan1,Karawang,32748,107.465829,-6.234697,4/27/2024,2,Drone (50x50)
12_Jatimulya,Indramayu,32748,107.832942,-6.37786,4/28/2024,3,Drone (rice field)
11_Mulyasari,Indramayu,32748,107.792569,-6.368737,4/28/2024,6,Drone (rice field)
11. Mulyasari,Indramayu,32748,107.794554,-6.368002,4/28/2024,5,Drone (rice field)
9_Sukamandi,Indramayu,32748,107.641445,-6.355846,4/28/2024,1,Drone (rice field)
26_Sukamelang1,Cirebon,32749,108.069927,-6.454648,4/29/2024,4,Drone (rice field)
27_Sukamelang2,Cirebon,32749,108.074717,-6.454486,4/29/2024,4,Drone (rice field)
24_Sindangkerta_indramayu1,Cirebon,32749,108.272284,-6.385191,4/29/2024,4,Drone (rice field)
8. Ciranggon2,Karawang,32748,107.356889,-6.292486,4/27/2024,4,Drone (50x50)
18_Lemahmukti,Karawang,32748,107.46238,-6.259914,4/27/2024,2,Drone (rice field)
15._Gempolsari2,Indramayu,32748,107.607942,-6.359167,4/28/2024,4,Drone (rice field)
11_Mulyasari,Indramayu,32748,107.793639,-6.366888,4/28/2024,6,Drone (rice field)
28_Lohbener2,Cirebon,32749,108.324751,-6.401563,4/29/2024,4,Drone (rice field)
19_Ciranggon1,Karawang,32748,107.362376,-6.292558,4/27/2024,4,Drone (50x50)
8_Ciranggon2,Karawang,32748,107.358097,-6.295249,4/27/2024,5,Drone (50x50)
17_Rawamerta,Karawang,32748,107.341919,-6.217256,4/27/2024,1,Drone (rice field)
12_Jatimulya,Indramayu,32748,107.831774,-6.378184,4/28/2024,4,Drone (rice field)
28_Lohbener2,Cirebon,32749,108.324697,-6.401355,4/29/2024,4,Drone (rice field)
19_Ciranggon1,Karawang,32748,107.362455,-6.293809,4/27/2024,4,Drone (rice field)
15._Gempolsari2,Indramayu,32748,107.608624,-6.359343,4/28/2024,4,Drone (rice field)
16_Tambakjati,Indramayu,32748,107.601288,-6.336196,4/28/2024,6,Drone (rice field)
29_Lohbener1,Cirebon,32749,108.325424,-6.404234,4/29/2024,4,Drone (rice field)
28_Lohbener2,Cirebon,32749,108.325091,-6.401191,4/29/2024,4,Drone (rice field)
22_Sindang-Indramayu,Cirebon,32749,108.30653,-6.32719,4/29/2024,6,Drone (rice field)
18_Lemahmukti,Karawang,32748,107.461823,-6.258355,4/27/2024,2,Drone (rice field)
16_Tambakjati,Indramayu,32748,107.599462,-6.338102,4/28/2024,5,Drone (rice field)
19_Ciranggon1,Karawang,32748,107.361025,-6.293468,4/27/2024,4,Drone (50x50)
16_Tambakjati,Indramayu,32748,107.600298,-6.337215,4/28/2024,6,Drone (rice field)
20_Sindangkerta,Karawang,32748,107.34305,-6.212651,4/27/2024,6,Drone (50x50)
22_Sindang-Indramayu,Cirebon,32749,108.303965,-6.327639,4/29/2024,6,Drone (rice field)
18_Lemahmukti,Karawang,32748,107.462083,-6.258498,4/27/2024,2,Drone (rice field)
21_Sumurgede,Karawang,32748,107.493481,-6.193211,4/27/2024,2,Drone (rice field)
11_Mulyasari,Indramayu,32748,107.79292,-6.367354,4/28/2024,6,Drone (rice field)
16_Tambakjati,Indramayu,32748,107.599801,-6.33787,4/28/2024,5,Drone (rice field)
29_Lohbener1,Cirebon,32749,108.325593,-6.403925,4/29/2024,4,Drone (rice field)
4_Kutajaya,Karawang,32748,107.348192,-6.149809,4/26/2024,3,Drone (50x50)
21_Sumurgede,Karawang,32748,107.494053,-6.193585,4/27/2024,2,Drone (rice field)
16_Tambakjati,Indramayu,32748,107.600766,-6.336229,4/28/2024,6,Drone (rice field)
28_Lohbener2,Cirebon,32749,108.323851,-6.40202,4/29/2024,4,Drone (rice field)
28_Lohbener2,Cirebon,32749,108.324995,-6.40184,4/29/2024,4,Drone (rice field)
11_Mulyasari,Indramayu,32748,107.794053,-6.368133,4/28/2024,6,Drone (rice field)
15._Gempolsari2,Indramayu,32748,107.608845,-6.359162,4/28/2024,4,Drone (rice field)
20_Sindangkerta,Karawang,32748,107.343499,-6.212198,4/27/2024,6,Drone (50x50)
18_Lemahmukti,Karawang,32748,107.460841,-6.260169,4/27/2024,2,Drone (rice field)
4_Kutajaya,Karawang,32748,107.347738,-6.149359,4/26/2024,3,Drone (50x50)
12_Jatimulya,Indramayu,32748,107.832487,-6.37741,4/28/2024,4,Drone (rice field)
19_Ciranggon1,Karawang,32748,107.361585,-6.292695,4/27/2024,4,Drone (rice field)
15._Gempolsari2,Indramayu,32748,107.608528,-6.359059,4/28/2024,4,Drone (rice field)
22_Sindang-Indramayu,Cirebon,32749,108.306763,-6.327915,4/29/2024,6,Drone (rice field)
16_Tambakjati,Indramayu,32748,107.601506,-6.336606,4/28/2024,6,Drone (rice field)
22_Sindang-Indramayu,Cirebon,32749,108.306072,-6.327973,4/29/2024,6,Drone (rice field)
17_Rawamerta,Karawang,32748,107.342711,-6.217458,4/27/2024,1,Drone (rice field)
15._Gempolsari2,Indramayu,32748,107.608787,-6.359862,4/28/2024,4,Drone (rice field)
28_Lohbener2,Cirebon,32749,108.325205,-6.402011,4/29/2024,4,Drone (rice field)
8_Ciranggon2,Karawang,32748,107.359322,-6.295294,4/27/2024,4,Drone (50x50)
10_Gampolsari,Indramayu,32748,107.609504,-6.362414,4/28/2024,4,Drone (rice field)
4_Kutajaya,Karawang,32748,107.349994,-6.148897,4/26/2024,3,Drone (50x50)
19_Ciranggon1,Karawang,32748,107.360575,-6.293922,4/27/2024,4,Drone (50x50)
26_Sukamelang1,Cirebon,32749,108.070002,-6.454641,4/29/2024,4,Drone (rice field)
26_Sukamelang1,Cirebon,32749,108.07169,-6.454843,4/29/2024,4,Drone (rice field)
,Indramayu,32748,107.668303,-6.32625,4/28/2024,6,Drone (rice field)
19_Ciranggon1,Karawang,32748,107.360899,-6.292352,4/27/2024,4,Drone (rice field)
11_Mulyasari,Indramayu,32748,107.793012,-6.368396,4/28/2024,6,Drone (rice field)
16_Tambakjati,Indramayu,32748,107.599991,-6.335901,4/28/2024,6,Drone (rice field)
19_Ciranggon1,Karawang,32748,107.362425,-6.294038,4/27/2024,4,Drone (rice field)
12_Jatimulya,Indramayu,32748,107.833611,-6.378833,4/28/2024,4,Drone (rice field)
9_Sukamandi,Indramayu,32748,107.641346,-6.355834,4/28/2024,1,Drone (rice field)
10_Gampolsari,Indramayu,32748,107.60918,-6.362515,4/28/2024,4,Drone (rice field)
28_Lohbener2,Cirebon,32749,108.324748,-6.401111,4/29/2024,4,Drone (rice field)
28_Lohbener2,Cirebon,32749,108.324858,-6.401057,4/29/2024,4,Drone (rice field)
22_Sindang-Indramayu,Cirebon,32749,108.304541,-6.327878,4/29/2024,6,Drone (rice field)
21_Sumurgede,Karawang,32748,107.494713,-6.194228,4/27/2024,2,Drone (rice field)
10_Gampolsari,Indramayu,32748,107.607509,-6.362784,4/28/2024,4,Drone (rice field)
27_Sukamelang2,Cirebon,32749,108.074392,-6.454022,4/29/2024,3,Drone (rice field)
15._Gempolsari2,Indramayu,32748,107.609441,-6.36049,4/28/2024,4,Drone (rice field)
26_Sukamelang1,Cirebon,32749,108.069836,-6.454527,4/29/2024,4,Drone (rice field)
16_Tambakjati,Indramayu,32748,107.600908,-6.337446,4/28/2024,6,Drone (rice field)
26_Sukamelang1,Cirebon,32749,108.07085,-6.455689,4/29/2024,4,Drone (rice field)
29_Lohbener1,Cirebon,32749,108.323672,-6.404281,4/29/2024,4,Drone (rice field)
26_Sukamelang1,Cirebon,32749,108.07042,-6.454227,4/29/2024,4,Drone (rice field)
11_Mulyasari,Indramayu,32748,107.794509,-6.369034,4/28/2024,6,Drone (rice field)
17_Rawamerta,Karawang,32748,107.342977,-6.217164,4/27/2024,6,Drone (rice field)
9_Sukamandi,Indramayu,32748,107.639736,-6.356117,4/28/2024,1,Drone (rice field)
25_Sindangkerta_Indramayu2,Cirebon,32749,108.275665,-6.384938,4/29/2024,4,Drone (rice field)
8_Ciranggon2,Karawang,32748,107.358002,-6.295407,4/27/2024,5,Drone (50x50)
11. Mulyasari,Indramayu,32748,107.793417,-6.367083,4/28/2024,6,Drone (rice field)
12_Jatimulya,Indramayu,32748,107.832607,-6.379221,4/28/2024,4,Drone (rice field)
4_Kutajaya,Karawang,32748,107.347909,-6.150732,4/26/2024,2,Drone (50x50)
,Indramayu,32748,107.603056,-6.233611,4/27/2024,2,Drone (50x50)
19_Ciranggon1,Karawang,32748,107.361819,-6.294035,4/27/2024,4,Drone (rice field)
16_Tambakjati,Indramayu,32748,107.599944,-6.335758,4/28/2024,5,Drone (rice field)
12_Jatimulya,Indramayu,32748,107.83249,-6.377862,4/28/2024,3,Drone (rice field)
12_Jatimulya,Indramayu,32748,107.832477,-6.377868,4/28/2024,3,Drone (rice field)
22_Sindang-Indramayu,Cirebon,32749,108.304868,-6.327633,4/29/2024,6,Drone (rice field)
26_Sukamelang1,Cirebon,32749,108.071122,-6.454576,4/29/2024,4,Drone (rice field)
15._Gempolsari2,Indramayu,32748,107.607949,-6.360522,4/28/2024,4,Drone (rice field)
4_Kutajaya,Karawang,32748,107.34925,-6.150167,4/26/2024,2,Field Survey
4_Kutajaya,Karawang,32748,107.349099,-6.150709,4/26/2024,2,Drone (50x50)
4_Kutajaya,Karawang,32748,107.348798,-6.15048,4/26/2024,2,Drone (50x50)
16_Tambakjati,Indramayu,32748,107.600609,-6.337966,4/28/2024,6,Drone (rice field)
19_Ciranggon1,Karawang,32748,107.361019,-6.292112,4/27/2024,4,Drone (50x50)
15._Gempolsari2,Indramayu,32748,107.608922,-6.360904,4/28/2024,4,Drone (rice field)
4_Kutajaya,Karawang,32748,107.347991,-6.149581,4/26/2024,3,Drone (50x50)
10_Gampolsari,Indramayu,32748,107.609566,-6.362561,4/28/2024,4,Drone (rice field)
12_Jatimulya,Indramayu,32748,107.833126,-6.378201,4/28/2024,3,Drone (rice field)
15._Gempolsari2,Indramayu,32748,107.607614,-6.359383,4/28/2024,4,Drone (rice field)
20_Sindangkerta,Karawang,32748,107.343622,-6.21231,4/27/2024,6,Drone (rice field)
15._Gempolsari2,Indramayu,32748,107.607497,-6.360524,4/28/2024,4,Drone (rice field)
29_Lohbener1,Cirebon,32749,108.324569,-6.403711,4/29/2024,4,Drone (rice field)
27_Sukamelang2,Cirebon,32749,108.075818,-6.453538,4/29/2024,4,Drone (rice field)
8_Ciranggon2,Karawang,32748,107.358323,-6.295288,4/27/2024,4,Drone (50x50)
8_Ciranggon2,Karawang,32748,107.358369,-6.295261,4/27/2024,4,Drone (50x50)
19_Ciranggon1,Karawang,32748,107.361205,-6.293467,4/27/2024,4,Drone (rice field)
10_Gampolsari,Indramayu,32748,107.607958,-6.362329,4/28/2024,4,Drone (rice field)
15._Gempolsari2,Indramayu,32748,107.608945,-6.360554,4/28/2024,4,Drone (rice field)
16_Tambakjati,Indramayu,32748,107.601163,-6.336638,4/28/2024,6,Drone (rice field)
28_Lohbener2,Cirebon,32749,108.32404,-6.401524,4/29/2024,4,Drone (rice field)
16_Tambakjati,Indramayu,32748,107.599939,-6.337538,4/28/2024,5,Drone (rice field)
12_Jatimulya,Indramayu,32748,107.831395,-6.377808,4/28/2024,4,Drone (rice field)
19_Ciranggon1,Karawang,32748,107.360317,-6.293257,4/27/2024,4,Drone (rice field)
11_Mulyasari,Indramayu,32748,107.794504,-6.36813,4/28/2024,6,Drone (rice field)
27_Sukamelang2,Cirebon,32749,108.076003,-6.453089,4/29/2024,4,Drone (rice field)
17_Rawamerta,Karawang,32748,107.342735,-6.216951,4/27/2024,6,Drone (rice field)
15._Gempolsari2,Indramayu,32748,107.60885,-6.360066,4/28/2024,4,Drone (rice field)
15._Gempolsari2,Indramayu,32748,107.609452,-6.359626,4/28/2024,4,Drone (rice field)
15._Gempolsari2,Indramayu,32748,107.608104,-6.360734,4/28/2024,4,Drone (rice field)
15._Gempolsari2,Indramayu,32748,107.608534,-6.359671,4/28/2024,4,Drone (rice field)
24_Sindangkerta_indramayu1,Cirebon,32749,108.273638,-6.385183,4/29/2024,4,Drone (rice field)
25_Sindangkerta_Indramayu2,Cirebon,32749,108.276798,-6.385163,4/29/2024,4,Drone (rice field)
20_Sindangkerta,Karawang,32748,107.343498,-6.212012,4/27/2024,6,Drone (rice field)
16_Tambakjati,Indramayu,32748,107.600233,-6.336356,4/28/2024,5,Drone (rice field)
12_Jatimulya,Indramayu,32748,107.833474,-6.378613,4/28/2024,4,Drone (rice field)
27_Sukamelang2,Cirebon,32749,108.074067,-6.452851,4/29/2024,6,Drone (rice field)
29_Lohbener1,Cirebon,32749,108.325291,-6.403912,4/29/2024,4,Drone (rice field)
16_Tambakjati,Indramayu,32748,107.601059,-6.337512,4/28/2024,6,Drone (rice field)
10_Gampolsari,Indramayu,32748,107.608094,-6.36192,4/28/2024,4,Drone (rice field)
16_Tambakjati,Indramayu,32748,107.599249,-6.336785,4/28/2024,6,Drone (rice field)
28_Lohbener2,Cirebon,32749,108.32422,-6.401946,4/29/2024,4,Drone (rice field)
8_Ciranggon2,Karawang,32748,107.358321,-6.294836,4/27/2024,4,Drone (50x50)
10. Gampolsari,Indramayu,32748,107.608078,-6.362814,4/28/2024,2,Drone (rice field)
28_Lohbener2,Cirebon,32749,108.324302,-6.402017,4/29/2024,4,Drone (rice field)
24_Sindangkerta,Cirebon,32749,108.272967,-6.384806,4/29/2024,4,Drone (rice field)
11. Mulyasari,Indramayu,32748,107.792222,-6.370186,4/28/2024,6,Drone (rice field)
22_Sindang-Indramayu,Cirebon,32749,108.303968,-6.328091,4/29/2024,6,Drone (rice field)
8_Ciranggon2,Karawang,32748,107.35757,-6.294579,4/27/2024,4,Drone (50x50)
28_Lohbener2,Cirebon,32749,108.324578,-6.40253,4/29/2024,4,Drone (rice field)
12_Jatimulya,Indramayu,32748,107.831789,-6.3774,4/28/2024,4,Drone (rice field)
8_Ciranggon2,Karawang,32748,107.359165,-6.294956,4/27/2024,4,Drone (50x50)
10_Gampolsari,Indramayu,32748,107.608072,-6.363336,4/28/2024,4,Drone (rice field)
25_Sindangkerta_Indramayu2,Cirebon,32749,108.275559,-6.383709,4/29/2024,4,Drone (rice field)
27_Sukamelang2,Cirebon,32749,108.075604,-6.452923,4/29/2024,4,Drone (rice field)
24_Sindangkerta_indramayu1,Cirebon,32749,108.273435,-6.385683,4/29/2024,4,Drone (rice field)
8_Ciranggon2,Karawang,32748,107.359811,-6.29494,4/27/2024,4,Drone (50x50)
26_Sukamelang1,Cirebon,32749,108.071263,-6.454596,4/29/2024,4,Drone (rice field)
26_Sukamelang1,Cirebon,32749,108.071097,-6.453886,4/29/2024,4,Drone (rice field)
19_Ciranggon1,Karawang,32748,107.362153,-6.293804,4/27/2024,4,Drone (rice field)
16_Tambakjati,Indramayu,32748,107.599704,-6.337519,4/28/2024,5,Drone (rice field)
15._Gempolsari2,Indramayu,32748,107.608811,-6.360802,4/28/2024,4,Drone (rice field)
16_Tambakjati,Indramayu,32748,107.599724,-6.337439,4/28/2024,5,Drone (rice field)
16_Tambakjati,Indramayu,32748,107.600392,-6.335959,4/28/2024,6,Drone (rice field)
15._Gempolsari2,Indramayu,32748,107.608469,-6.359884,4/28/2024,4,Drone (rice field)
10_Gampolsari,Indramayu,32748,107.608614,-6.363836,4/28/2024,5,Drone (rice field)
26_Sukamelang1,Cirebon,32749,108.070903,-6.454184,4/29/2024,4,Drone (rice field)
17_Rawamerta,Karawang,32748,107.341376,-6.216401,4/27/2024,6,Drone (rice field)
20_Sindangkerta,Karawang,32748,107.34338,-6.211553,4/27/2024,6,Drone (rice field)
16_Tambakjati,Indramayu,32748,107.600156,-6.337517,4/28/2024,5,Drone (rice field)
15._Gempolsari2,Indramayu,32748,107.608852,-6.360518,4/28/2024,4,Drone (rice field)
15._Gempolsari2,Indramayu,32748,107.607491,-6.359169,4/28/2024,4,Drone (rice field)
15._Gempolsari2,Indramayu,32748,107.609138,-6.359961,4/28/2024,4,Drone (rice field)
15._Gempolsari2,Indramayu,32748,107.607531,-6.359152,4/28/2024,4,Drone (rice field)
27_Sukamelang2,Cirebon,32749,108.075625,-6.454429,4/29/2024,4,Drone (rice field)
4_Kutajaya,Karawang,32748,107.34946,-6.15012,4/26/2024,2,Drone (50x50)
12_Jatimulya,Indramayu,32748,107.832043,-6.378768,4/28/2024,4,Drone (rice field)
4_Kutajaya,Karawang,32748,107.348742,-6.150341,4/26/2024,2,Drone (50x50)
19_Ciranggon1,Karawang,32748,107.362378,-6.29301,4/27/2024,4,Drone (50x50)
12_Jatimulya,Indramayu,32748,107.83275,-6.377878,4/28/2024,3,Drone (rice field)
23_Kroya,Cirebon,32749,108.081845,-6.479913,4/29/2024,6,Drone (rice field)
26_Sukamelang1,Cirebon,32749,108.070802,-6.454776,4/29/2024,4,Drone (rice field)
15._Gempolsari2,Indramayu,32748,107.609379,-6.360069,4/28/2024,4,Drone (rice field)
23_Kroya,Cirebon,32749,108.081799,-6.480228,4/29/2024,6,Drone (rice field)
17_Rawamerta,Karawang,32748,107.343064,-6.215815,4/27/2024,6,Drone (50x50)
24_Sindangkerta_indramayu1,Cirebon,32749,108.272733,-6.384737,4/29/2024,4,Drone (rice field)
23_Kroya,Cirebon,32749,108.078961,-6.481326,4/29/2024,6,Drone (rice field)
24_Sindangkerta_indramayu1,Cirebon,32749,108.271843,-6.385007,4/29/2024,4,Drone (rice field)
23_Kroya,Cirebon,32749,108.079585,-6.481466,4/29/2024,6,Drone (rice field)
8_Ciranggon2,Karawang,32748,107.359195,-6.294463,4/27/2024,4,Drone (50x50)
19_Ciranggon1,Karawang,32748,107.361574,-6.293171,4/27/2024,4,Drone (rice field)
26_Sukamelang1,Cirebon,32749,108.070914,-6.454097,4/29/2024,4,Drone (rice field)
4_Kutajaya,Karawang,32748,107.350053,-6.14911,4/26/2024,3,Drone (50x50)
12_Jatimulya,Indramayu,32748,107.832944,-6.378311,4/28/2024,3,Drone (rice field)
29_Lohbener1,Cirebon,32749,108.323866,-6.404278,4/29/2024,4,Drone (rice field)
27_Sukamelang2,Cirebon,32749,108.075293,-6.452936,4/29/2024,4,Drone (rice field)
17_Rawamerta,Karawang,32748,107.342665,-6.215548,4/27/2024,6,Drone (rice field)
23_Kroya,Cirebon,32749,108.079659,-6.481322,4/29/2024,6,Drone (rice field)
28_Lohbener2,Cirebon,32749,108.324305,-6.402469,4/29/2024,4,Drone (rice field)
24_Sindangkerta_indramayu1,Cirebon,32749,108.272738,-6.38564,4/29/2024,4,Drone (rice field)
24_Sindangkerta_indramayu1,Cirebon,32749,108.273513,-6.385075,4/29/2024,4,Drone (rice field)
16_Tambakjati,Indramayu,32748,107.599291,-6.337226,4/28/2024,5,Drone (rice field)
12_Jatimulya,Indramayu,32748,107.832036,-6.377413,4/28/2024,4,Drone (rice field)
16_Tambakjati,Indramayu,32748,107.599711,-6.336964,4/28/2024,6,Drone (rice field)
17_Rawamerta,Karawang,32748,107.342244,-6.217255,4/27/2024,6,Drone (rice field)
11_Mulyasari,Indramayu,32748,107.794939,-6.368878,4/28/2024,6,Drone (rice field)
22_Sindang-Indramayu,Cirebon,32749,108.303836,-6.327829,4/29/2024,6,Drone (rice field)
15._Gempolsari2,Indramayu,32748,107.607747,-6.360029,4/28/2024,4,Drone (rice field)
29_Lohbener1,Cirebon,32749,108.320406,-6.402956,4/29/2024,4,Drone (rice field)
29_Lohbener1,Cirebon,32749,108.323319,-6.404496,4/29/2024,4,Drone (rice field)
24_Sindangkerta_indramayu1,Cirebon,32749,108.273516,-6.384913,4/29/2024,4,Drone (rice field)
8_Ciranggon2,Karawang,32748,107.357891,-6.294038,4/27/2024,4,Drone (50x50)
19_Ciranggon1,Karawang,32748,107.361244,-6.292562,4/27/2024,4,Drone (rice field)
19_Ciranggon1,Karawang,32748,107.361834,-6.293786,4/27/2024,4,Drone (rice field)
29_Lohbener1,Cirebon,32749,108.325223,-6.404721,4/29/2024,4,Drone (rice field)
23_Kroya,Cirebon,32749,108.080879,-6.480454,4/29/2024,6,Drone (rice field)
16_Tambakjati,Indramayu,32748,107.599212,-6.338088,4/28/2024,5,Drone (rice field)
16_Tambakjati,Indramayu,32748,107.599915,-6.33649,4/28/2024,6,Drone (rice field)
29_Lohbener1,Cirebon,32749,108.323461,-6.404456,4/29/2024,3,Drone (rice field)
4_Kutajaya,Karawang,32748,107.348811,-6.150073,4/26/2024,2,Drone (50x50)
10_Gampolsari,Indramayu,32748,107.608864,-6.362777,4/28/2024,4,Drone (rice field)
24_Sindangkerta_indramayu1,Cirebon,32749,108.273441,-6.385342,4/29/2024,4,Drone (rice field)
11_Mulyasari,Indramayu,32748,107.79259,-6.368504,4/28/2024,6,Drone (rice field)
26_Sukamelang1,Cirebon,32749,108.070996,-6.455598,4/29/2024,4,Drone (rice field)
27_Sukamelang2,Cirebon,32749,108.074045,-6.453,4/29/2024,6,Drone (rice field)
8_Ciranggon2,Karawang,32748,107.358204,-6.295004,4/27/2024,4,Drone (50x50)
17_Rawamerta,Karawang,32748,107.342059,-6.217287,4/27/2024,1,Drone (rice field)
27_Sukamelang2,Cirebon,32749,108.076012,-6.452851,4/29/2024,4,Drone (rice field)
12_Jatimulya,Indramayu,32748,107.831587,-6.377867,4/28/2024,4,Drone (rice field)
20_Sindangkerta,Karawang,32748,107.344175,-6.212321,4/27/2024,6,Drone (rice field)
29_Lohbener1,Cirebon,32749,108.323772,-6.404948,4/29/2024,4,Drone (rice field)
4_Kutajaya,Karawang,32748,107.349091,-6.148901,4/26/2024,3,Drone (50x50)
17_Rawamerta,Karawang,32748,107.342612,-6.215817,4/27/2024,6,Drone (50x50)
17_Rawamerta,Karawang,32748,107.342599,-6.215859,4/27/2024,6,Drone (rice field)
10_Gampolsari,Indramayu,32748,107.609596,-6.362702,4/28/2024,4,Drone (rice field)
10_Gampolsari,Indramayu,32748,107.607688,-6.362397,4/28/2024,4,Drone (rice field)
12_Jatimulya,Indramayu,32748,107.831505,-6.37718,4/28/2024,3,Drone (rice field)
27_Sukamelang2,Cirebon,32749,108.076235,-6.452871,4/29/2024,4,Drone (rice field)
27_Sukamelang2,Cirebon,32749,108.076318,-6.453699,4/29/2024,4,Drone (rice field)
23_Kroya,Cirebon,32749,108.079369,-6.481837,4/29/2024,6,Drone (rice field)
20_Sindangkerta,Karawang,32748,107.343212,-6.212604,4/27/2024,6,Drone (rice field)
15._Gempolsari2,Indramayu,32748,107.607495,-6.360073,4/28/2024,4,Drone (rice field)
27_Sukamelang2,Cirebon,32749,108.075415,-6.453705,4/29/2024,4,Drone (rice field)
15._Gempolsari2,Indramayu,32748,107.608319,-6.359265,4/28/2024,4,Drone (rice field)
27_Sukamelang2,Cirebon,32749,108.075975,-6.453973,4/29/2024,4,Drone (rice field)
12_Jatimulya,Indramayu,32748,107.835881,-6.378439,4/28/2024,4,Drone (rice field)
11_Mulyasari,Indramayu,32748,107.795474,-6.367534,4/28/2024,6,Drone (rice field)
29_Lohbener1,Cirebon,32749,108.323414,-6.404281,4/29/2024,3,Drone (rice field)
8_Ciranggon2,Karawang,32748,107.360167,-6.294214,4/27/2024,4,Drone (50x50)
20_Sindangkerta,Karawang,32748,107.342918,-6.212535,4/27/2024,6,Drone (rice field)
12_Jatimulya,Indramayu,32748,107.831584,-6.377415,4/28/2024,4,Drone (rice field)
16_Tambakjati,Indramayu,32748,107.600629,-6.338582,4/28/2024,6,Drone (rice field)
23_Kroya,Cirebon,32749,108.080549,-6.481225,4/29/2024,6,Drone (rice field)
27_Sukamelang2,Cirebon,32749,108.074512,-6.45371,4/29/2024,3,Drone (rice field)
23_Kroya,Cirebon,32749,108.080781,-6.481491,4/29/2024,6,Drone (rice field)
4_Kutajaya,Karawang,32748,107.348639,-6.148903,4/26/2024,3,Drone (50x50)
17_Rawamerta,Karawang,32748,107.341711,-6.216273,4/27/2024,6,Drone (50x50)
8_Ciranggon2,Karawang,32748,107.359733,-6.294032,4/27/2024,4,Drone (50x50)
28_Lohbener2,Cirebon,32749,108.3243,-6.401566,4/29/2024,4,Drone (rice field)
28_Lohbener2,Cirebon,32749,108.324277,-6.401561,4/29/2024,4,Drone (rice field)
12_Jatimulya,Indramayu,32748,107.832203,-6.378931,4/28/2024,4,Drone (rice field)
8_Ciranggon2,Karawang,32748,107.359717,-6.294466,4/27/2024,4,Drone (50x50)
15._Gempolsari2,Indramayu,32748,107.609244,-6.359544,4/28/2024,4,Drone (rice field)
15._Gempolsari2,Indramayu,32748,107.608714,-6.359089,4/28/2024,4,Drone (rice field)
16_Tambakjati,Indramayu,32748,107.600412,-6.336821,4/28/2024,6,Drone (rice field)
8_Ciranggon2,Karawang,32748,107.359224,-6.294038,4/27/2024,4,Drone (50x50)
8_Ciranggon2,Karawang,32748,107.360108,-6.294034,4/27/2024,4,Drone (50x50)
19_Ciranggon1,Karawang,32748,107.362423,-6.292148,4/27/2024,4,Drone (rice field)
9_Sukamandi,Indramayu,32748,107.640895,-6.355836,4/28/2024,1,Drone (rice field)
18_Lemahmukti,Karawang,32748,107.459472,-6.260861,4/27/2024,3,Drone (50x50)
11_Mulyasari,Indramayu,32748,107.795302,-6.368474,4/28/2024,6,Drone (rice field)
22_Sindang-Indramayu,Cirebon,32749,108.302861,-6.324444,4/29/2024,6,Drone (rice field)
29_Lohbener1,Cirebon,32749,108.324311,-6.403372,4/29/2024,4,Drone (rice field)
23_Kroya,Cirebon,32749,108.080534,-6.479964,4/29/2024,6,Drone (rice field)
19_Ciranggon1,Karawang,32748,107.36084,-6.293771,4/27/2024,4,Drone (rice field)
26_Sukamelang1,Cirebon,32749,108.071214,-6.455536,4/29/2024,4,Drone (rice field)
19_Ciranggon1,Karawang,32748,107.360483,-6.292802,4/27/2024,4,Drone (rice field)
11_Mulyasari,Indramayu,32748,107.794507,-6.368582,4/28/2024,6,Drone (rice field)
10_Gampolsari,Indramayu,32748,107.60886,-6.362222,4/28/2024,4,Drone (rice field)
29_Lohbener1,Cirebon,32749,108.324763,-6.403369,4/29/2024,4,Drone (rice field)
10_Gampolsari,Indramayu,32748,107.609318,-6.363226,4/28/2024,4,Drone (rice field)
8_Ciranggon2,Karawang,32748,107.357867,-6.294386,4/27/2024,4,Drone (50x50)
10_Gampolsari,Indramayu,32748,107.609315,-6.362774,4/28/2024,5,Drone (rice field)
11_Mulyasari,Indramayu,32748,107.79439,-6.367798,4/28/2024,5,Drone (rice field)
12_Jatimulya,Indramayu,32748,107.833024,-6.377894,4/28/2024,3,Drone (rice field)
11_Mulyasari,Indramayu,32748,107.793145,-6.367234,4/28/2024,6,Drone (rice field)
4_Kutajaya,Karawang,32748,107.349097,-6.150257,4/26/2024,2,Drone (50x50)
23_Kroya,Cirebon,32749,108.080458,-6.479617,4/29/2024,5,Drone (rice field)
12_Jatimulya,Indramayu,32748,107.833273,-6.378258,4/28/2024,3,Drone (rice field)
12_Jatimulya,Indramayu,32748,107.832534,-6.377536,4/28/2024,4,Drone (rice field)
8_Ciranggon2,Karawang,32748,107.358601,-6.295271,4/27/2024,4,Drone (50x50)
10_Gampolsari,Indramayu,32748,107.60841,-6.362327,4/28/2024,4,Drone (rice field)
10_Gampolsari,Indramayu,32748,107.608441,-6.362323,4/28/2024,4,Drone (rice field)
28_Lohbener2,Cirebon,32749,108.323988,-6.401838,4/29/2024,4,Drone (rice field)
8_Ciranggon2,Karawang,32748,107.357833,-6.294213,4/27/2024,4,Drone (50x50)
15._Gempolsari2,Indramayu,32748,107.608346,-6.359613,4/28/2024,4,Drone (rice field)
24_Sindangkerta_indramayu1,Cirebon,32749,108.273707,-6.384673,4/29/2024,4,Drone (rice field)
21_Sumurgede,Karawang,32748,107.493789,-6.193886,4/27/2024,2,Drone (50x50)
20_Sindangkerta,Karawang,32748,107.343993,-6.211198,4/27/2024,6,Drone (rice field)
21_Sumurgede,Karawang,32748,107.495451,-6.194894,4/27/2024,2,Drone (rice field)
12_Jatimulya,Indramayu,32748,107.833319,-6.37861,4/28/2024,4,Drone (rice field)
24_Sindangkerta_indramayu1,Cirebon,32749,108.273575,-6.38413,4/29/2024,4,Drone (rice field)
20_Sindangkerta,Karawang,32748,107.343424,-6.211114,4/27/2024,6,Drone (rice field)
24_Sindangkerta_indramayu1,Cirebon,32749,108.272287,-6.385643,4/29/2024,4,Drone (rice field)
20_Sindangkerta,Karawang,32748,107.343611,-6.211607,4/27/2024,6,Drone (rice field)
15._Gempolsari2,Indramayu,32748,107.608725,-6.360263,4/28/2024,4,Drone (rice field)
22_Sindang-Indramayu,Cirebon,32749,108.306673,-6.327622,4/29/2024,6,Drone (rice field)
22_Sindang-Indramayu,Cirebon,32749,108.305313,-6.326727,4/29/2024,6,Drone (rice field)
28_Lohbener2,Cirebon,32749,108.324435,-6.401011,4/29/2024,4,Drone (rice field)
24_Sindangkerta_indramayu1,Cirebon,32749,108.272731,-6.384355,4/29/2024,4,Drone (rice field)
23_Kroya,Cirebon,32749,108.080057,-6.480346,4/29/2024,5,Drone (rice field)
27_Sukamelang2,Cirebon,32749,108.076534,-6.453097,4/29/2024,4,Drone (rice field)
28_Lohbener2,Cirebon,32749,108.324344,-6.401296,4/29/2024,4,Drone (rice field)
11_Mulyasari,Indramayu,32748,107.794958,-6.36858,4/28/2024,6,Drone (rice field)
29_Lohbener1,Cirebon,32749,108.324926,-6.40348,4/29/2024,4,Drone (rice field)
15._Gempolsari2,Indramayu,32748,107.607368,-6.35983,4/28/2024,4,Drone (rice field)
15._Gempolsari2,Indramayu,32748,107.608046,-6.359518,4/28/2024,4,Drone (rice field)
16_Tambakjati,Indramayu,32748,107.600051,-6.335837,4/28/2024,5,Drone (rice field)
29_Lohbener1,Cirebon,32749,108.323585,-6.40405,4/29/2024,3,Drone (rice field)
16_Tambakjati,Indramayu,32748,107.6006,-6.336159,4/28/2024,6,Drone (rice field)
9_Sukamandi,Indramayu,32748,107.640585,-6.356513,4/28/2024,1,Drone (rice field)
8_Ciranggon2,Karawang,32748,107.359226,-6.295284,4/27/2024,4,Drone (50x50)
12_Jatimulya,Indramayu,32748,107.833032,-6.378958,4/28/2024,4,Drone (rice field)
26_Sukamelang1,Cirebon,32749,108.070704,-6.454046,4/29/2024,4,Drone (rice field)
18_Lemahmukti,Karawang,32748,107.461128,-6.258661,4/27/2024,2,Drone (50x50)
17_Rawamerta,Karawang,32748,107.343068,-6.216719,4/27/2024,6,Drone (50x50)
11_Mulyasari,Indramayu,32748,107.794875,-6.367967,4/28/2024,5,Drone (rice field)
27_Sukamelang2,Cirebon,32749,108.074333,-6.453972,4/29/2024,3,Drone (rice field)
8_Ciranggon2,Karawang,32748,107.360126,-6.294376,4/27/2024,4,Drone (50x50)
8_Ciranggon2,Karawang,32748,107.36017,-6.294463,4/27/2024,4,Drone (50x50)
20_Sindangkerta,Karawang,32748,107.342857,-6.211386,4/27/2024,6,Drone (rice field)
21_Sumurgede,Karawang,32748,107.494725,-6.194629,4/27/2024,2,Drone (rice field)
29_Lohbener1,Cirebon,32749,108.324766,-6.40382,4/29/2024,4,Drone (rice field)
29_Lohbener1,Cirebon,32749,108.324317,-6.404275,4/29/2024,4,Drone (rice field)
24_Sindangkerta_indramayu1,Cirebon,32749,108.272647,-6.383921,4/29/2024,4,Drone (rice field)
4_Kutajaya,Karawang,32748,107.348411,-6.14893,4/26/2024,3,Drone (50x50)
8_Ciranggon2,Karawang,32748,107.358559,-6.295446,4/27/2024,4,Drone (50x50)
22_Sindang-Indramayu,Cirebon,32749,108.303511,-6.32719,4/29/2024,6,Drone (rice field)
26_Sukamelang1,Cirebon,32749,108.071141,-6.454103,4/29/2024,4,Drone (rice field)
27_Sukamelang2,Cirebon,32749,108.075617,-6.453239,4/29/2024,4,Drone (rice field)
17_Rawamerta,Karawang,32748,107.343114,-6.216718,4/27/2024,6,Drone (rice field)
25_Sindangkerta_Indramayu2,Cirebon,32749,108.276335,-6.383359,4/29/2024,4,Drone (rice field)
25_Sindangkerta_Indramayu2,Cirebon,32749,108.276341,-6.383359,4/29/2024,4,Drone (rice field)
25_Sindangkerta_Indramayu2,Cirebon,32749,108.277214,-6.384236,4/29/2024,4,Drone (rice field)
16_Tambakjati,Indramayu,32748,107.599632,-6.336366,4/28/2024,6,Drone (rice field)
27_Sukamelang2,Cirebon,32749,108.074049,-6.454423,4/29/2024,4,Drone (rice field)
28_Lohbener2,Cirebon,32749,108.32401,-6.401173,4/29/2024,3,Drone (rice field)
17_Rawamerta,Karawang,32748,107.342018,-6.216974,4/27/2024,6,Drone (rice field)
23_Kroya,Cirebon,32749,108.080674,-6.479783,4/29/2024,6,Drone (rice field)
24_Sindangkerta_indramayu1,Cirebon,32749,108.272295,-6.384656,4/29/2024,4,Drone (rice field)
4_Kutajaya,Karawang,32748,107.348643,-6.149807,4/26/2024,2,Drone (50x50)
4_Kutajaya,Karawang,32748,107.348904,-6.149732,4/26/2024,2,Drone (50x50)
19_Ciranggon1,Karawang,32748,107.362415,-6.292669,4/27/2024,4,Drone (rice field)
16_Tambakjati,Indramayu,32748,107.598946,-6.337447,4/28/2024,5,Drone (rice field)
15._Gempolsari2,Indramayu,32748,107.609215,-6.360499,4/28/2024,4,Drone (rice field)
12_Jatimulya,Indramayu,32748,107.832889,-6.377972,4/28/2024,3,Drone (rice field)
15._Gempolsari2,Indramayu,32748,107.608347,-6.360149,4/28/2024,4,Drone (rice field)
27_Sukamelang2,Cirebon,32749,108.076213,-6.454453,4/29/2024,4,Drone (rice field)
12_Jatimulya,Indramayu,32748,107.831442,-6.379155,4/28/2024,4,Drone (rice field)
27_Sukamelang2,Cirebon,32749,108.076402,-6.453672,4/29/2024,4,Drone (rice field)
24_Sindangkerta_indramayu1,Cirebon,32749,108.272278,-6.384288,4/29/2024,4,Drone (rice field)
26_Sukamelang1,Cirebon,32749,108.070215,-6.455347,4/29/2024,4,Drone (rice field)
24_Sindangkerta_indramayu1,Cirebon,32749,108.272296,-6.38432,4/29/2024,4,Drone (rice field)
,Indramayu,32748,107.631083,-6.365472,4/28/2024,6,Drone (rice field)
23_Kroya,Cirebon,32749,108.080552,-6.480657,4/29/2024,6,Drone (rice field)
27_Sukamelang2,Cirebon,32749,108.074193,-6.452998,4/29/2024,6,Drone (rice field)
29_Lohbener1,Cirebon,32749,108.32385,-6.403561,4/29/2024,4,Drone (rice field)
10_Gampolsari,Indramayu,32748,107.608868,-6.36368,4/28/2024,5,Drone (rice field)
15._Gempolsari2,Indramayu,32748,107.607944,-6.359618,4/28/2024,4,Drone (rice field)
11_Mulyasari,Indramayu,32748,107.793456,-6.367089,4/28/2024,6,Drone (rice field)
10_Gampolsari,Indramayu,32748,107.608711,-6.36217,4/28/2024,4,Drone (rice field)
27_Sukamelang2,Cirebon,32749,108.075418,-6.454156,4/29/2024,4,Drone (rice field)
21_Sumurgede,Karawang,32748,107.494499,-6.194027,4/27/2024,2,Drone (rice field)
26_Sukamelang1,Cirebon,32749,108.071306,-6.454278,4/29/2024,4,Drone (rice field)
22_Sindang-Indramayu,Cirebon,32749,108.304199,-6.327859,4/29/2024,6,Drone (rice field)
11_Mulyasari,Indramayu,32748,107.793242,-6.367446,4/28/2024,6,Drone (rice field)
19_Ciranggon1,Karawang,32748,107.362147,-6.292391,4/27/2024,4,Drone (rice field)
28_Lohbener2,Cirebon,32749,108.323765,-6.401478,4/29/2024,3,Drone (rice field)
4_Kutajaya,Karawang,32748,107.348235,-6.149971,4/26/2024,3,Drone (50x50)
16_Tambakjati,Indramayu,32748,107.599593,-6.337774,4/28/2024,5,Drone (rice field)
25_Sindangkerta_Indramayu2,Cirebon,32749,108.276789,-6.383808,4/29/2024,4,Drone (rice field)
22_Sindang-Indramayu,Cirebon,32749,108.303517,-6.328094,4/29/2024,6,Drone (rice field)
19_Ciranggon1,Karawang,32748,107.361581,-6.292919,4/27/2024,4,Drone (rice field)
29_Lohbener1,Cirebon,32749,108.323872,-6.405181,4/29/2024,4,Drone (rice field)
22_Sindang-Indramayu,Cirebon,32749,108.305768,-6.327176,4/29/2024,6,Drone (rice field)
25_Sindangkerta_Indramayu2,Cirebon,32749,108.276334,-6.384235,4/29/2024,4,Drone (rice field)
22_Sindang-Indramayu,Cirebon,32749,108.30578,-6.327108,4/29/2024,6,Drone (rice field)
24_Sindangkerta_indramayu1,Cirebon,32749,108.272735,-6.38466,4/29/2024,4,Drone (rice field)
25_Sindangkerta_Indramayu2,Cirebon,32749,108.277592,-6.383496,4/29/2024,4,Drone (rice field)
17_Rawamerta,Karawang,32748,107.34307,-6.217171,4/27/2024,6,Drone (50x50)
10_Gampolsari,Indramayu,32748,107.608293,-6.362293,4/28/2024,4,Drone (rice field)
29_Lohbener1,Cirebon,32749,108.324097,-6.405183,4/29/2024,4,Drone (rice field)
20_Sindangkerta,Karawang,32748,107.343869,-6.211814,4/27/2024,6,Drone (rice field)
25_Sindangkerta_Indramayu2,Cirebon,32749,108.276341,-6.384262,4/29/2024,4,Drone (rice field)
20_Sindangkerta,Karawang,32748,107.343389,-6.212803,4/27/2024,6,Drone (rice field)
20_Sindangkerta,Karawang,32748,107.344,-6.212689,4/27/2024,6,Drone (rice field)
27_Sukamelang2,Cirebon,32749,108.075698,-6.45413,4/29/2024,4,Drone (rice field)
28_Lohbener2,Cirebon,32749,108.324403,-6.402523,4/29/2024,4,Drone (rice field)
18_Lemahmukti,Karawang,32748,107.46072,-6.258421,4/27/2024,2,Drone (rice field)
10_Gampolsari,Indramayu,32748,107.60879,-6.363177,4/28/2024,4,Drone (rice field)
24_Sindangkerta_indramayu1,Cirebon,32749,108.273121,-6.384387,4/29/2024,4,Drone (rice field)
4_Kutajaya,Karawang,32748,107.349996,-6.149349,4/26/2024,3,Drone (50x50)
20_Sindangkerta,Karawang,32748,107.344399,-6.21129,4/27/2024,6,Drone (50x50)
19_Ciranggon1,Karawang,32748,107.362418,-6.292402,4/27/2024,4,Drone (rice field)
15._Gempolsari2,Indramayu,32748,107.608396,-6.359616,4/28/2024,4,Drone (rice field)
16_Tambakjati,Indramayu,32748,107.598801,-6.337524,4/28/2024,5,Drone (rice field)
10_Gampolsari,Indramayu,32748,107.608315,-6.362654,4/28/2024,4,Drone (rice field)
25_Sindangkerta_Indramayu2,Cirebon,32749,108.277544,-6.384605,4/29/2024,4,Drone (rice field)
23_Kroya,Cirebon,32749,108.080332,-6.479723,4/29/2024,6,Drone (rice field)
29_Lohbener1,Cirebon,32749,108.325217,-6.403817,4/29/2024,4,Drone (rice field)
28_Lohbener2,Cirebon,32749,108.323425,-6.401332,4/29/2024,4,Drone (rice field)
10_Gampolsari,Indramayu,32748,107.609244,-6.363387,4/28/2024,4,Drone (rice field)
27_Sukamelang2,Cirebon,32749,108.075867,-6.453702,4/29/2024,4,Drone (rice field)
11_Mulyasari,Indramayu,32748,107.793084,-6.368177,4/28/2024,6,Drone (rice field)
16_Tambakjati,Indramayu,32748,107.600024,-6.337101,4/28/2024,6,Drone (rice field)
23_Kroya,Cirebon,32749,108.080541,-6.47987,4/29/2024,6,Drone (rice field)
23_Kroya,Cirebon,32749,108.081434,-6.481357,4/29/2024,6,Drone (rice field)
16_Tambakjati,Indramayu,32748,107.60048,-6.336439,4/28/2024,6,Drone (rice field)
27_Sukamelang2,Cirebon,32749,108.074501,-6.452999,4/29/2024,3,Drone (rice field)
29_Lohbener1,Cirebon,32749,108.325096,-6.404375,4/29/2024,4,Drone (rice field)
8_Ciranggon2,Karawang,32748,107.358743,-6.294037,4/27/2024,4,Drone (50x50)
28_Lohbener2,Cirebon,32749,108.324696,-6.40102,4/29/2024,4,Drone (rice field)
4_Kutajaya,Karawang,32748,107.348645,-6.150259,4/26/2024,2,Drone (50x50)
11_Mulyasari,Indramayu,32748,107.795157,-6.367658,4/28/2024,6,Drone (rice field)
20_Sindangkerta,Karawang,32748,107.344401,-6.211742,4/27/2024,6,Drone (50x50)
26_Sukamelang1,Cirebon,32749,108.070459,-6.455541,4/29/2024,4,Drone (rice field)
19_Ciranggon1,Karawang,32748,107.361849,-6.293494,4/27/2024,4,Drone (rice field)
27_Sukamelang2,Cirebon,32749,108.074286,-6.454458,4/29/2024,4,Drone (rice field)
19_Ciranggon1,Karawang,32748,107.362419,-6.292846,4/27/2024,4,Drone (rice field)
12_Jatimulya,Indramayu,32748,107.832653,-6.380375,4/28/2024,4,Drone (rice field)
11_Mulyasari,Indramayu,32748,107.793604,-6.368587,4/28/2024,6,Drone (rice field)
11_Mulyasari,Indramayu,32748,107.793528,-6.368551,4/28/2024,6,Drone (rice field)
29_Lohbener1,Cirebon,32749,108.325446,-6.404106,4/29/2024,4,Drone (rice field)
25_Sindangkerta_Indramayu2,Cirebon,32749,108.275574,-6.383887,4/29/2024,4,Drone (rice field)
25_Sindangkerta_Indramayu2,Cirebon,32749,108.276368,-6.383801,4/29/2024,4,Drone (rice field)
4_Kutajaya,Karawang,32748,107.349095,-6.149805,4/26/2024,2,Drone (50x50)
19_Ciranggon1,Karawang,32748,107.362139,-6.293161,4/27/2024,4,Drone (rice field)
9_Sukamandi,Indramayu,32748,107.640256,-6.356536,4/28/2024,1,Drone (rice field)
23_Kroya,Cirebon,32749,108.080426,-6.480151,4/29/2024,6,Drone (rice field)
10_Gampolsari,Indramayu,32748,107.607796,-6.363584,4/28/2024,4,Drone (rice field)
23_Kroya,Cirebon,32749,108.08015,-6.480928,4/29/2024,6,Drone (rice field)
10_Gampolsari,Indramayu,32748,107.607581,-6.363505,4/28/2024,4,Drone (rice field)
10_Gampolsari,Indramayu,32748,107.608801,-6.362425,4/28/2024,4,Drone (rice field)
28_Lohbener2,Cirebon,32749,108.323365,-6.401697,4/29/2024,4,Drone (rice field)
8_Ciranggon2,Karawang,32748,107.357869,-6.294838,4/27/2024,4,Drone (50x50)
17_Rawamerta,Karawang,32748,107.3421,-6.216855,4/27/2024,6,Drone (rice field)
16_Tambakjati,Indramayu,32748,107.600394,-6.338483,4/28/2024,6,Drone (rice field)
27_Sukamelang2,Cirebon,32749,108.075306,-6.453652,4/29/2024,4,Drone (rice field)
11_Mulyasari,Indramayu,32748,107.794216,-6.369413,4/28/2024,6,Drone (rice field)
19_Ciranggon1,Karawang,32748,107.36258,-6.292176,4/27/2024,4,Drone (rice field)
11_Mulyasari,Indramayu,32748,107.792722,-6.367815,4/28/2024,6,Drone (rice field)
24_Sindangkerta_indramayu1,Cirebon,32749,108.272281,-6.38474,4/29/2024,4,Drone (rice field)
26_Sukamelang1,Cirebon,32749,108.071461,-6.454405,4/29/2024,4,Drone (rice field)
15._Gempolsari2,Indramayu,32748,107.607598,-6.360401,4/28/2024,4,Drone (rice field)
25_Sindangkerta_Indramayu2,Cirebon,32749,108.277489,-6.385001,4/29/2024,4,Drone (rice field)
8_Ciranggon2,Karawang,32748,107.358254,-6.294473,4/27/2024,4,Drone (50x50)
23_Kroya,Cirebon,32749,108.081222,-6.480617,4/29/2024,6,Drone (rice field)
8_Ciranggon2,Karawang,32748,107.358232,-6.294742,4/27/2024,4,Drone (50x50)
17_Rawamerta,Karawang,32748,107.341881,-6.216823,4/27/2024,6,Drone (rice field)
23_Kroya,Cirebon,32749,108.079836,-6.481386,4/29/2024,6,Drone (rice field)
26_Sukamelang1,Cirebon,32749,108.071502,-6.453885,4/29/2024,4,Drone (rice field)
17_Rawamerta,Karawang,32748,107.343515,-6.215813,4/27/2024,6,Drone (50x50)
12_Jatimulya,Indramayu,32748,107.832495,-6.378766,4/28/2024,4,Drone (rice field)
23_Kroya,Cirebon,32749,108.08016,-6.481406,4/29/2024,6,Drone (rice field)
29_Lohbener1,Cirebon,32749,108.324979,-6.403823,4/29/2024,4,Drone (rice field)
17_Rawamerta,Karawang,32748,107.341261,-6.216727,4/27/2024,6,Drone (50x50)
19_Ciranggon1,Karawang,32748,107.360718,-6.293032,4/27/2024,4,Drone (rice field)
20_Sindangkerta,Karawang,32748,107.343818,-6.212034,4/27/2024,6,Drone (rice field)
12_Jatimulya,Indramayu,32748,107.832449,-6.378217,4/28/2024,4,Drone (rice field)
27_Sukamelang2,Cirebon,32749,108.075808,-6.453339,4/29/2024,4,Drone (rice field)
20_Sindangkerta,Karawang,32748,107.343475,-6.212698,4/27/2024,6,Drone (rice field)
11_Mulyasari,Indramayu,32748,107.794745,-6.367517,4/28/2024,6,Drone (rice field)
22_Sindang-Indramayu,Cirebon,32749,108.305319,-6.327631,4/29/2024,6,Drone (rice field)
8_Ciranggon2,Karawang,32748,107.357798,-6.294714,4/27/2024,4,Drone (50x50)
16_Tambakjati,Indramayu,32748,107.601508,-6.337058,4/28/2024,6,Drone (rice field)
16_Tambakjati,Indramayu,32748,107.601757,-6.336807,4/28/2024,6,Drone (rice field)
27_Sukamelang2,Cirebon,32749,108.072417,-6.454033,4/29/2024,4,Drone (rice field)
29_Lohbener1,Cirebon,32749,108.324314,-6.403823,4/29/2024,4,Drone (rice field)
16_Tambakjati,Indramayu,32748,107.599506,-6.337321,4/28/2024,5,Drone (rice field)
27_Sukamelang2,Cirebon,32749,108.074397,-6.453709,4/29/2024,3,Drone (rice field)
8. Ciranggon2,Karawang,32748,107.359722,-6.294722,4/27/2024,4,Drone (50x50)
8_Ciranggon2,Karawang,32748,107.359718,-6.294714,4/27/2024,4,Drone (50x50)
11_Mulyasari,Indramayu,32748,107.792813,-6.367629,4/28/2024,6,Drone (rice field)
23_Kroya,Cirebon,32749,108.080552,-6.481677,4/29/2024,6,Drone (rice field)
23_Kroya,Cirebon,32749,108.08163,-6.480678,4/29/2024,6,Drone (rice field)
20_Sindangkerta,Karawang,32748,107.343949,-6.211744,4/27/2024,6,Drone (50x50)
10_Gampolsari,Indramayu,32748,107.607511,-6.363235,4/28/2024,4,Drone (rice field)
11_Mulyasari,Indramayu,32748,107.793596,-6.367232,4/28/2024,6,Drone (rice field)
11_Mulyasari,Indramayu,32748,107.795526,-6.367819,4/28/2024,6,Drone (rice field)
25_Sindangkerta_Indramayu2,Cirebon,32749,108.277241,-6.383805,4/29/2024,4,Drone (rice field)
23_Kroya,Cirebon,32749,108.080728,-6.479641,4/29/2024,5,Drone (rice field)
8_Ciranggon2,Karawang,32748,107.359678,-6.295282,4/27/2024,4,Drone (50x50)
16_Tambakjati,Indramayu,32748,107.598883,-6.339528,4/28/2024,5,Drone (rice field)
16_Tambakjati,Indramayu,32748,107.600151,-6.336613,4/28/2024,6,Drone (rice field)
23_Kroya,Cirebon,32749,108.079731,-6.481622,4/29/2024,6,Drone (rice field)
12_Jatimulya,Indramayu,32748,107.832497,-6.379217,4/28/2024,4,Drone (rice field)
10_Gampolsari,Indramayu,32748,107.608192,-6.361963,4/28/2024,4,Drone (rice field)
22_Sindang-Indramayu,Cirebon,32749,108.306331,-6.326981,4/29/2024,6,Drone (rice field)
26_Sukamelang1,Cirebon,32749,108.069985,-6.454943,4/29/2024,4,Drone (rice field)
18_Lemahmukti,Karawang,32748,107.460812,-6.259934,4/27/2024,2,Drone (rice field)
10_Gampolsari,Indramayu,32748,107.607869,-6.362775,4/28/2024,4,Drone (rice field)
12_Jatimulya,Indramayu,32748,107.832267,-6.377238,4/28/2024,4,Drone (rice field)
23_Kroya,Cirebon,32749,108.081901,-6.480765,4/29/2024,6,Drone (rice field)
28_Lohbener2,Cirebon,32749,108.325199,-6.401108,4/29/2024,4,Drone (rice field)
23_Kroya,Cirebon,32749,108.081886,-6.480717,4/29/2024,6,Drone (rice field)
8_Ciranggon2,Karawang,32748,107.357809,-6.294471,4/27/2024,4,Drone (50x50)
10. Gampolsari,Indramayu,32748,107.608269,-6.362867,4/28/2024,4,Drone (rice field)
16_Tambakjati,Indramayu,32748,107.60016,-6.338421,4/28/2024,6,Drone (rice field)
16_Tambakjati,Indramayu,32748,107.600158,-6.337969,4/28/2024,5,Drone (rice field)
16_Tambakjati,Indramayu,32748,107.60014,-6.338393,4/28/2024,6,Drone (rice field)
18_Lemahmukti,Karawang,32748,107.45875,-6.260472,4/27/2024,2,Drone (50x50)
19_Ciranggon1,Karawang,32748,107.360501,-6.293239,4/27/2024,4,Drone (rice field)
24_Sindangkerta_indramayu1,Cirebon,32749,108.273229,-6.384082,4/29/2024,4,Drone (rice field)
11_Mulyasari,Indramayu,32748,107.793155,-6.369041,4/28/2024,6,Drone (rice field)
10_Gampolsari,Indramayu,32748,107.607419,-6.362788,4/28/2024,4,Drone (rice field)
23_Kroya,Cirebon,32749,108.081813,-6.481411,4/29/2024,6,Drone (rice field)
17_Rawamerta,Karawang,32748,107.342094,-6.216561,4/27/2024,6,Drone (rice field)
28_Lohbener2,Cirebon,32749,108.325052,-6.402207,4/29/2024,4,Drone (rice field)
16_Tambakjati,Indramayu,32748,107.599956,-6.335908,4/28/2024,6,Drone (rice field)
22_Sindang-Indramayu,Cirebon,32749,108.305765,-6.326725,4/29/2024,6,Drone (rice field)
20_Sindangkerta,Karawang,32748,107.3431,-6.211492,4/27/2024,6,Drone (rice field)
29_Lohbener1,Cirebon,32749,108.323365,-6.404,4/29/2024,4,Drone (rice field)
22_Sindang-Indramayu,Cirebon,32749,108.306219,-6.327173,4/29/2024,6,Drone (rice field)
27_Sukamelang2,Cirebon,32749,108.075285,-6.454412,4/29/2024,4,Drone (rice field)
28_Lohbener2,Cirebon,32749,108.323684,-6.401774,4/29/2024,3,Drone (rice field)
25_Sindangkerta_Indramayu2,Cirebon,32749,108.276928,-6.384122,4/29/2024,4,Drone (rice field)
25_Sindangkerta_Indramayu2,Cirebon,32749,108.276893,-6.383355,4/29/2024,4,Drone (rice field)
16_Tambakjati,Indramayu,32748,107.600857,-6.337983,4/28/2024,6,Drone (rice field)
26_Sukamelang1,Cirebon,32749,108.071412,-6.455796,4/29/2024,4,Drone (rice field)
20_Sindangkerta,Karawang,32748,107.343953,-6.212647,4/27/2024,6,Drone (50x50)
10_Gampolsari,Indramayu,32748,107.6074,-6.363452,4/28/2024,4,Drone (rice field)
10_Gampolsari,Indramayu,32748,107.608882,-6.362928,4/28/2024,4,Drone (rice field)
25_Sindangkerta_Indramayu2,Cirebon,32749,108.276655,-6.384583,4/29/2024,3,Drone (rice field)
25_Sindangkerta_Indramayu2,Cirebon,32749,108.275593,-6.383445,4/29/2024,4,Drone (rice field)
4_Kutajaya,Karawang,32748,107.34941,-6.149348,4/26/2024,3,Drone (50x50)
11_Mulyasari,Indramayu,32748,107.793599,-6.367684,4/28/2024,6,Drone (rice field)
9_Sukamandi,Indramayu,32748,107.640445,-6.35629,4/28/2024,1,Drone (rice field)
23_Kroya,Cirebon,32749,108.080353,-6.480945,4/29/2024,6,Drone (rice field)
26_Sukamelang1,Cirebon,32749,108.071389,-6.454145,4/29/2024,4,Drone (rice field)
10. Gampolsari,Indramayu,32748,107.609844,-6.362225,4/28/2024,1,Drone (rice field)
11_Mulyasari,Indramayu,32748,107.793601,-6.368135,4/28/2024,6,Drone (rice field)
15._Gempolsari2,Indramayu,32748,107.607947,-6.36007,4/28/2024,4,Drone (rice field)
9_Sukamandi,Indramayu,32748,107.640328,-6.356239,4/28/2024,1,Drone (rice field)
15._Gempolsari2,Indramayu,32748,107.608219,-6.360453,4/28/2024,4,Drone (rice field)
27_Sukamelang2,Cirebon,32749,108.076529,-6.453237,4/29/2024,4,Drone (rice field)
29_Lohbener1,Cirebon,32749,108.324421,-6.404181,4/29/2024,4,Drone (rice field)
25_Sindangkerta_Indramayu2,Cirebon,32749,108.275699,-6.385098,4/29/2024,3,Drone (rice field)
16_Tambakjati,Indramayu,32748,107.600603,-6.336611,4/28/2024,6,Drone (rice field)
29_Lohbener1,Cirebon,32749,108.325089,-6.404914,4/29/2024,4,Drone (rice field)
11_Mulyasari,Indramayu,32748,107.7945,-6.367227,4/28/2024,6,Drone (rice field)
19_Ciranggon1,Karawang,32748,107.361023,-6.293016,4/27/2024,4,Drone (50x50)
19_Ciranggon1,Karawang,32748,107.361017,-6.293005,4/27/2024,4,Drone (rice field)
27_Sukamelang2,Cirebon,32749,108.076407,-6.453409,4/29/2024,4,Drone (rice field)
19_Ciranggon1,Karawang,32748,107.361597,-6.292363,4/27/2024,4,Drone (rice field)
16_Tambakjati,Indramayu,32748,107.601061,-6.337964,4/28/2024,6,Drone (rice field)
16_Tambakjati,Indramayu,32748,107.59925,-6.33707,4/28/2024,5,Drone (rice field)
29_Lohbener1,Cirebon,32749,108.324808,-6.404304,4/29/2024,4,Drone (rice field)
15._Gempolsari2,Indramayu,32748,107.608394,-6.359164,4/28/2024,4,Drone (rice field)
16_Tambakjati,Indramayu,32748,107.601057,-6.337061,4/28/2024,6,Drone (rice field)
16_Tambakjati,Indramayu,32748,107.601039,-6.337037,4/28/2024,6,Drone (rice field)
25_Sindangkerta_Indramayu2,Cirebon,32749,108.275889,-6.384265,4/29/2024,4,Drone (rice field)
24_Sindangkerta_indramayu1,Cirebon,32749,108.272425,-6.385685,4/29/2024,4,Drone (rice field)
19_Ciranggon1,Karawang,32748,107.361477,-6.293466,4/27/2024,4,Drone (50x50)
12_Jatimulya,Indramayu,32748,107.8314,-6.378891,4/28/2024,4,Drone (rice field)
19_Ciranggon1,Karawang,32748,107.360316,-6.293487,4/27/2024,4,Drone (rice field)
17_Rawamerta,Karawang,32748,107.34331,-6.215996,4/27/2024,6,Drone (rice field)
21_Sumurgede,Karawang,32748,107.494696,-6.194786,4/27/2024,2,Drone (50x50)
24_Sindangkerta_indramayu1,Cirebon,32749,108.272229,-6.383917,4/29/2024,4,Drone (rice field)
12_Jatimulya,Indramayu,32748,107.831594,-6.379222,4/28/2024,4,Drone (rice field)
28_Lohbener2,Cirebon,32749,108.325241,-6.40179,4/29/2024,4,Drone (rice field)
22_Sindang-Indramayu,Cirebon,32749,108.30357,-6.327717,4/29/2024,6,Drone (rice field)
23_Kroya,Cirebon,32749,108.079646,-6.481231,4/29/2024,6,Drone (rice field)
4_Kutajaya,Karawang,32748,107.349765,-6.149292,4/26/2024,3,Drone (50x50)
10_Gampolsari,Indramayu,32748,107.608624,-6.362376,4/28/2024,4,Drone (rice field)
12_Jatimulya,Indramayu,32748,107.831789,-6.378555,4/28/2024,4,Drone (rice field)
20_Sindangkerta,Karawang,32748,107.343495,-6.211294,4/27/2024,6,Drone (50x50)
22_Sindang-Indramayu,Cirebon,32749,108.306216,-6.326722,4/29/2024,6,Drone (rice field)
12_Jatimulya,Indramayu,32748,107.832492,-6.378314,4/28/2024,4,Drone (rice field)
16_Tambakjati,Indramayu,32748,107.601054,-6.336609,4/28/2024,6,Drone (rice field)
16_Tambakjati,Indramayu,32748,107.601706,-6.336467,4/28/2024,6,Drone (rice field)
26_Sukamelang1,Cirebon,32749,108.070005,-6.455092,4/29/2024,4,Drone (rice field)
28_Lohbener2,Cirebon,32749,108.324484,-6.401965,4/29/2024,4,Drone (rice field)
15._Gempolsari2,Indramayu,32748,107.608903,-6.35944,4/28/2024,4,Drone (rice field)
23_Kroya,Cirebon,32749,108.081003,-6.481674,4/29/2024,6,Drone (rice field)
23_Kroya,Cirebon,32749,108.08101,-6.481651,4/29/2024,6,Drone (rice field)
22_Sindang-Indramayu,Cirebon,32749,108.303962,-6.327188,4/29/2024,6,Drone (rice field)
19_Ciranggon1,Karawang,32748,107.361922,-6.292108,4/27/2024,4,Drone (50x50)
19_Ciranggon1,Karawang,32748,107.361883,-6.292125,4/27/2024,4,Drone (rice field)
29_Lohbener1,Cirebon,32749,108.32522,-6.404269,4/29/2024,4,Drone (rice field)
16_Tambakjati,Indramayu,32748,107.599092,-6.337161,4/28/2024,5,Drone (rice field)
11_Mulyasari,Indramayu,32748,107.795405,-6.367674,4/28/2024,6,Drone (rice field)
11_Mulyasari,Indramayu,32748,107.794306,-6.369138,4/28/2024,6,Drone (rice field)
9_Sukamandi,Indramayu,32748,107.640447,-6.356377,4/28/2024,1,Drone (rice field)
15._Gempolsari2,Indramayu,32748,107.608612,-6.360603,4/28/2024,4,Drone (rice field)
23_Kroya,Cirebon,32749,108.079191,-6.480782,4/29/2024,6,Drone (rice field)
17_Rawamerta,Karawang,32748,107.343626,-6.215719,4/27/2024,6,Drone (rice field)
20_Sindangkerta,Karawang,32748,107.343069,-6.211884,4/27/2024,6,Drone (rice field)
11_Mulyasari,Indramayu,32748,107.794452,-6.368725,4/28/2024,6,Drone (rice field)
16_Tambakjati,Indramayu,32748,107.600159,-6.336725,4/28/2024,6,Drone (rice field)
8. Ciranggon2,Karawang,32748,107.356822,-6.291369,4/27/2024,2,Drone (50x50)
23_Kroya,Cirebon,32749,108.079532,-6.480876,4/29/2024,6,Drone (rice field)
24_Sindangkerta_indramayu1,Cirebon,32749,108.271877,-6.384453,4/29/2024,4,Drone (rice field)
24_Sindangkerta_indramayu1,Cirebon,32749,108.273483,-6.384415,4/29/2024,4,Drone (rice field)
17_Rawamerta,Karawang,32748,107.341462,-6.216051,4/27/2024,6,Drone (rice field)
12_Jatimulya,Indramayu,32748,107.832046,-6.37922,4/28/2024,4,Drone (rice field)
29_Lohbener1,Cirebon,32749,108.325668,-6.403815,4/29/2024,4,Drone (rice field)
16_Tambakjati,Indramayu,32748,107.599823,-6.336699,4/28/2024,6,Drone (rice field)
23_Kroya,Cirebon,32749,108.081341,-6.480175,4/29/2024,6,Drone (rice field)
25_Sindangkerta_Indramayu2,Cirebon,32749,108.27697,-6.383807,4/29/2024,4,Drone (rice field)
15._Gempolsari2,Indramayu,32748,107.609036,-6.360297,4/28/2024,4,Drone (rice field)
25_Sindangkerta_Indramayu2,Cirebon,32749,108.275773,-6.383314,4/29/2024,3,Drone (rice field)
8_Ciranggon2,Karawang,32748,107.358272,-6.294035,4/27/2024,4,Drone (50x50)
12_Jatimulya,Indramayu,32748,107.831782,-6.377828,4/28/2024,4,Drone (rice field)
20_Sindangkerta,Karawang,32748,107.343867,-6.212682,4/27/2024,6,Drone (rice field)
26_Sukamelang1,Cirebon,32749,108.071348,-6.454838,4/29/2024,4,Drone (rice field)
12_Jatimulya,Indramayu,32748,107.833398,-6.378761,4/28/2024,4,Drone (rice field)
12_Jatimulya,Indramayu,32748,107.833396,-6.378309,4/28/2024,4,Drone (rice field)
26_Sukamelang1,Cirebon,32749,108.071792,-6.452439,4/29/2024,4,Drone (rice field)
27_Sukamelang2,Cirebon,32749,108.074515,-6.454162,4/29/2024,3,Drone (rice field)
16_Tambakjati,Indramayu,32748,107.599706,-6.337971,4/28/2024,5,Drone (rice field)
12_Jatimulya,Indramayu,32748,107.832813,-6.377604,4/28/2024,4,Drone (rice field)
8_Ciranggon2,Karawang,32748,107.357557,-6.29487,4/27/2024,4,Drone (50x50)
24_Sindangkerta_indramayu1,Cirebon,32749,108.27319,-6.385637,4/29/2024,4,Drone (rice field)
16_Tambakjati,Indramayu,32748,107.601086,-6.338009,4/28/2024,6,Drone (rice field)
10_Gampolsari,Indramayu,32748,107.609313,-6.362323,4/28/2024,4,Drone (rice field)
20_Sindangkerta,Karawang,32748,107.343501,-6.212649,4/27/2024,6,Drone (50x50)
17_Rawamerta,Karawang,32748,107.341211,-6.216895,4/27/2024,6,Drone (rice field)
17_Rawamerta,Karawang,32748,107.343376,-6.215679,4/27/2024,6,Drone (rice field)
9_Sukamandi,Indramayu,32748,107.640515,-6.356456,4/28/2024,1,Drone (rice field)
16_Tambakjati,Indramayu,32748,107.600028,-6.337979,4/28/2024,5,Drone (rice field)
8_Ciranggon2,Karawang,32748,107.358702,-6.294707,4/27/2024,4,Drone (50x50)
10. Gampolsari,Indramayu,32748,107.611528,-6.361694,4/28/2024,4,Drone (rice field)
15._Gempolsari2,Indramayu,32748,107.607357,-6.359319,4/28/2024,4,Drone (rice field)
19_Ciranggon1,Karawang,32748,107.361479,-6.293918,4/27/2024,4,Drone (50x50)
24_Sindangkerta_indramayu1,Cirebon,32749,108.273641,-6.385634,4/29/2024,4,Drone (rice field)
26_Sukamelang1,Cirebon,32749,108.071561,-6.454062,4/29/2024,4,Drone (rice field)
29_Lohbener1,Cirebon,32749,108.324229,-6.403588,4/29/2024,4,Drone (rice field)
20_Sindangkerta,Karawang,32748,107.344052,-6.212371,4/27/2024,6,Drone (rice field)
15._Gempolsari2,Indramayu,32748,107.609299,-6.359612,4/28/2024,4,Drone (rice field)
8_Ciranggon2,Karawang,32748,107.358734,-6.29421,4/27/2024,4,Drone (50x50)
19_Ciranggon1,Karawang,32748,107.361473,-6.292562,4/27/2024,4,Drone (50x50)
15._Gempolsari2,Indramayu,32748,107.60731,-6.359455,4/28/2024,4,Drone (rice field)
19_Ciranggon1,Karawang,32748,107.36184,-6.293165,4/27/2024,4,Drone (rice field)
8_Ciranggon2,Karawang,32748,107.359841,-6.295256,4/27/2024,4,Drone (50x50)
8_Ciranggon2,Karawang,32748,107.358773,-6.294834,4/27/2024,4,Drone (50x50)
24_Sindangkerta_indramayu1,Cirebon,32749,108.271833,-6.385194,4/29/2024,4,Drone (rice field)
16_Tambakjati,Indramayu,32748,107.600378,-6.336142,4/28/2024,6,Drone (rice field)
29_Lohbener1,Cirebon,32749,108.323783,-6.404482,4/29/2024,4,Drone (rice field)
28_Lohbener2,Cirebon,32749,108.323623,-6.401994,4/29/2024,4,Drone (rice field)
19_Ciranggon1,Karawang,32748,107.361928,-6.293464,4/27/2024,4,Drone (50x50)
28_Lohbener2,Cirebon,32749,108.323471,-6.402313,4/29/2024,4,Drone (rice field)
11_Mulyasari,Indramayu,32748,107.793654,-6.368947,4/28/2024,6,Drone (rice field)
25_Sindangkerta_Indramayu2,Cirebon,32749,108.277246,-6.384708,4/29/2024,3,Drone (rice field)
23_Kroya,Cirebon,32749,108.079275,-6.481445,4/29/2024,6,Drone (rice field)
20_Sindangkerta,Karawang,32748,107.343923,-6.211608,4/27/2024,6,Drone (rice field)
16_Tambakjati,Indramayu,32748,107.601436,-6.336384,4/28/2024,6,Drone (rice field)
19_Ciranggon1,Karawang,32748,107.361856,-6.291306,4/27/2024,6,Drone (50x50)
8_Ciranggon2,Karawang,32748,107.358771,-6.294382,4/27/2024,4,Drone (50x50)
20_Sindangkerta,Karawang,32748,107.344278,-6.211484,4/27/2024,6,Drone (rice field)
24_Sindangkerta_indramayu1,Cirebon,32749,108.27183,-6.384743,4/29/2024,4,Drone (rice field)
29_Lohbener1,Cirebon,32749,108.324771,-6.404723,4/29/2024,4,Drone (rice field)
29_Lohbener1,Cirebon,32749,108.324783,-6.404755,4/29/2024,4,Drone (rice field)
28_Lohbener2,Cirebon,32749,108.323845,-6.401809,4/29/2024,4,Drone (rice field)
17_Rawamerta,Karawang,32748,107.340811,-6.215694,4/27/2024,6,Drone (50x50)
16_Tambakjati,Indramayu,32748,107.599521,-6.336576,4/28/2024,6,Drone (rice field)
23_Kroya,Cirebon,32749,108.0801,-6.48168,4/29/2024,6,Drone (rice field)
23_Kroya,Cirebon,32749,108.08012,-6.48154,4/29/2024,6,Drone (rice field)
19_Ciranggon1,Karawang,32748,107.362577,-6.292834,4/27/2024,4,Drone (rice field)
16_Tambakjati,Indramayu,32748,107.601497,-6.336733,4/28/2024,6,Drone (rice field)
23_Kroya,Cirebon,32749,108.080992,-6.479868,4/29/2024,6,Drone (rice field)
23_Kroya,Cirebon,32749,108.081004,-6.479843,4/29/2024,6,Drone (rice field)
29_Lohbener1,Cirebon,32749,108.325126,-6.404843,4/29/2024,4,Drone (rice field)
20_Sindangkerta,Karawang,32748,107.343947,-6.211292,4/27/2024,6,Drone (50x50)
12_Jatimulya,Indramayu,32748,107.833052,-6.377684,4/28/2024,4,Drone (rice field)
28_Lohbener2,Cirebon,32749,108.323854,-6.402472,4/29/2024,4,Drone (rice field)
25_Sindangkerta_Indramayu2,Cirebon,32749,108.276792,-6.384259,4/29/2024,4,Drone (rice field)
20_Sindangkerta,Karawang,32748,107.34327,-6.211953,4/27/2024,6,Drone (rice field)
19_Ciranggon1,Karawang,32748,107.360861,-6.293212,4/27/2024,4,Drone (rice field)
19_Ciranggon1,Karawang,32748,107.362155,-6.292136,4/27/2024,4,Drone (rice field)
28_Lohbener2,Cirebon,32749,108.323397,-6.401571,4/29/2024,4,Drone (rice field)
23_Kroya,Cirebon,32749,108.079293,-6.479767,4/29/2024,6,Drone (rice field)
26_Sukamelang1,Cirebon,32749,108.070529,-6.455786,4/29/2024,5,Drone (rice field)
28_Lohbener2,Cirebon,32749,108.323393,-6.401523,4/29/2024,4,Drone (rice field)
18_Lemahmukti,Karawang,32748,107.462396,-6.260239,4/27/2024,2,Drone (rice field)
12_Jatimulya,Indramayu,32748,107.832781,-6.378216,4/28/2024,4,Drone (rice field)
23_Kroya,Cirebon,32749,108.079071,-6.480865,4/29/2024,6,Drone (rice field)
11_Mulyasari,Indramayu,32748,107.793135,-6.367726,4/28/2024,6,Drone (rice field)
20_Sindangkerta,Karawang,32748,107.343147,-6.211094,4/27/2024,6,Drone (rice field)
16_Tambakjati,Indramayu,32748,107.600392,-6.337759,4/28/2024,6,Drone (rice field)
26_Sukamelang1,Cirebon,32749,108.071687,-6.45507,4/29/2024,4,Drone (rice field)
18_Lemahmukti,Karawang,32748,107.462817,-6.25999,4/27/2024,2,Drone (rice field)
19_Ciranggon1,Karawang,32748,107.362458,-6.293153,4/27/2024,4,Drone (rice field)
22_Sindang-Indramayu,Cirebon,32749,108.304419,-6.328088,4/29/2024,6,Drone (rice field)
18_Lemahmukti,Karawang,32748,107.460683,-6.260019,4/27/2024,2,Drone (50x50)
23_Kroya,Cirebon,32749,108.080467,-6.481712,4/29/2024,6,Drone (rice field)
22_Sindang-Indramayu,Cirebon,32749,108.304651,-6.326999,4/29/2024,6,Drone (rice field)
8_Ciranggon2,Karawang,32748,107.359211,-6.294211,4/27/2024,4,Drone (50x50)
19_Ciranggon1,Karawang,32748,107.360856,-6.293469,4/27/2024,4,Drone (rice field)
19_Ciranggon1,Karawang,32748,107.362138,-6.292681,4/27/2024,4,Drone (rice field)
29_Lohbener1,Cirebon,32749,108.323942,-6.404536,4/29/2024,4,Drone (rice field)
4_Kutajaya,Karawang,32748,107.348506,-6.150045,4/26/2024,2,Drone (50x50)
24_Sindangkerta_indramayu1,Cirebon,32749,108.271827,-6.384291,4/29/2024,4,Drone (rice field)
12_Jatimulya,Indramayu,32748,107.83176,-6.379195,4/28/2024,4,Drone (rice field)
10_Gampolsari,Indramayu,32748,107.608188,-6.36301,4/28/2024,4,Drone (rice field)
10_Gampolsari,Indramayu,32748,107.608497,-6.362105,4/28/2024,4,Drone (rice field)
27_Sukamelang2,Cirebon,32749,108.076533,-6.453694,4/29/2024,4,Drone (rice field)
11. Mulyasari,Indramayu,32748,107.793186,-6.368953,4/28/2024,6,Drone (rice field)
12_Jatimulya,Indramayu,32748,107.833033,-6.379233,4/28/2024,4,Drone (rice field)
18_Lemahmukti,Karawang,32748,107.460909,-6.258743,4/27/2024,2,Drone (rice field)
20_Sindangkerta,Karawang,32748,107.344325,-6.211026,4/27/2024,6,Drone (rice field)
,Indramayu,32748,107.668139,-6.327556,4/28/2024,6,Drone (rice field)
26_Sukamelang1,Cirebon,32749,108.069999,-6.454189,4/29/2024,4,Drone (rice field)
11_Mulyasari,Indramayu,32748,107.794714,-6.369428,4/28/2024,6,Drone (rice field)
28_Lohbener2,Cirebon,32749,108.325202,-6.40156,4/29/2024,4,Drone (rice field)
26_Sukamelang1,Cirebon,32749,108.06993,-6.455295,4/29/2024,4,Drone (rice field)
27_Sukamelang2,Cirebon,32749,108.076372,-6.454085,4/29/2024,4,Drone (rice field)
4_Kutajaya,Karawang,32748,107.350042,-6.14959,4/26/2024,3,Drone (50x50)
20_Sindangkerta,Karawang,32748,107.343833,-6.211694,4/27/2024,6,Drone (50x50)
27_Sukamelang2,Cirebon,32749,108.074137,-6.454298,4/29/2024,4,Drone (rice field)
24_Sindangkerta_indramayu1,Cirebon,32749,108.272708,-6.384039,4/29/2024,4,Drone (rice field)
17_Rawamerta,Karawang,32748,107.341567,-6.216823,4/27/2024,6,Drone (rice field)
16_Tambakjati,Indramayu,32748,107.601373,-6.337154,4/28/2024,6,Drone (rice field)
17_Rawamerta,Karawang,32748,107.342774,-6.217396,4/27/2024,6,Drone (rice field)
20_Sindangkerta,Karawang,32748,107.34396,-6.211408,4/27/2024,6,Drone (rice field)
22_Sindang-Indramayu,Cirebon,32749,108.306667,-6.326719,4/29/2024,6,Drone (rice field)
26_Sukamelang1,Cirebon,32749,108.071609,-6.454385,4/29/2024,4,Drone (rice field)
12_Jatimulya,Indramayu,32748,107.831589,-6.378319,4/28/2024,4,Drone (rice field)
23_Kroya,Cirebon,32749,108.081898,-6.480314,4/29/2024,6,Drone (rice field)
25_Sindangkerta_Indramayu2,Cirebon,32749,108.276091,-6.384956,4/29/2024,3,Drone (rice field)
19_Ciranggon1,Karawang,32748,107.361924,-6.29256,4/27/2024,4,Drone (50x50)
23_Kroya,Cirebon,32749,108.079189,-6.48033,4/29/2024,6,Drone (rice field)
23_Kroya,Cirebon,32749,108.079808,-6.480073,4/29/2024,6,Drone (rice field)
18_Lemahmukti,Karawang,32748,107.460674,-6.258519,4/27/2024,2,Drone (rice field)
23_Kroya,Cirebon,32749,108.081449,-6.480768,4/29/2024,6,Drone (rice field)
28_Lohbener2,Cirebon,32749,108.324669,-6.402002,4/29/2024,4,Drone (rice field)
8_Ciranggon2,Karawang,32748,107.358319,-6.294384,4/27/2024,4,Drone (50x50)
8_Ciranggon2,Karawang,32748,107.359222,-6.29438,4/27/2024,4,Drone (50x50)
19_Ciranggon1,Karawang,32748,107.361475,-6.293014,4/27/2024,4,Drone (50x50)
7_Babawangan2,Karawang,32748,107.467792,-6.233667,4/27/2024,2,Drone (rice field)
20_Sindangkerta,Karawang,32748,107.343046,-6.211748,4/27/2024,6,Drone (50x50)
24_Sindangkerta_indramayu1,Cirebon,32749,108.271835,-6.385646,4/29/2024,4,Drone (rice field)
24_Sindangkerta_indramayu1,Cirebon,32749,108.271825,-6.385593,4/29/2024,4,Drone (rice field)
15._Gempolsari2,Indramayu,32748,107.612194,-6.360528,4/28/2024,4,Drone (rice field)
15._Gempolsari2,Indramayu,32748,107.609487,-6.359368,4/28/2024,4,Drone (rice field)
23_Kroya,Cirebon,32749,108.081622,-6.479854,4/29/2024,6,Drone (rice field)
28_Lohbener2,Cirebon,32749,108.324757,-6.402466,4/29/2024,4,Drone (rice field)
29_Lohbener1,Cirebon,32749,108.324897,-6.403304,4/29/2024,4,Drone (rice field)
4_Kutajaya,Karawang,32748,107.349548,-6.150255,4/26/2024,2,Drone (50x50)
27_Sukamelang2,Cirebon,32749,108.076321,-6.454151,4/29/2024,4,Drone (rice field)
25_Sindangkerta_Indramayu2,Cirebon,32749,108.277238,-6.383353,4/29/2024,4,Drone (rice field)
27_Sukamelang2,Cirebon,32749,108.076166,-6.453962,4/29/2024,4,Drone (rice field)
27_Sukamelang2,Cirebon,32749,108.076402,-6.453138,4/29/2024,4,Drone (rice field)
23_Kroya,Cirebon,32749,108.0802,-6.481198,4/29/2024,6,Drone (rice field)
11_Mulyasari,Indramayu,32748,107.792698,-6.36814,4/28/2024,5,Drone (rice field)
23_Kroya,Cirebon,32749,108.081452,-6.48122,4/29/2024,6,Drone (rice field)
23_Kroya,Cirebon,32749,108.080546,-6.480774,4/29/2024,6,Drone (rice field)
26_Sukamelang1,Cirebon,32749,108.07002,-6.454288,4/29/2024,4,Drone (rice field)
22_Sindang-Indramayu,Cirebon,32749,108.302972,-6.323694,4/29/2024,6,Drone (rice field)
24_Sindangkerta_indramayu1,Cirebon,32749,108.27229,-6.384894,4/29/2024,4,Drone (rice field)
11_Mulyasari,Indramayu,32748,107.792938,-6.369,4/28/2024,6,Drone (rice field)
8_Ciranggon2,Karawang,32748,107.359185,-6.294707,4/27/2024,4,Drone (50x50)
16_Tambakjati,Indramayu,32748,107.601052,-6.336157,4/28/2024,6,Drone (rice field)
28_Lohbener2,Cirebon,32749,108.324164,-6.402329,4/29/2024,4,Drone (rice field)
25_Sindangkerta_Indramayu2,Cirebon,32749,108.277591,-6.383819,4/29/2024,4,Drone (rice field)
11_Mulyasari,Indramayu,32748,107.794058,-6.369036,4/28/2024,6,Drone (rice field)
12_Jatimulya,Indramayu,32748,107.831405,-6.378534,4/28/2024,4,Drone (rice field)
8_Ciranggon2,Karawang,32748,107.359224,-6.294832,4/27/2024,4,Drone (50x50)
12_Jatimulya,Indramayu,32748,107.835389,-6.380294,4/28/2024,4,Drone (rice field)
12_Jatimulya,Indramayu,32748,107.832949,-6.379215,4/28/2024,4,Drone (rice field)
11_Mulyasari,Indramayu,32748,107.79405,-6.367681,4/28/2024,6,Drone (rice field)
16_Tambakjati,Indramayu,32748,107.599699,-6.336615,4/28/2024,6,Drone (rice field)
11_Mulyasari,Indramayu,32748,107.793062,-6.367919,4/28/2024,6,Drone (rice field)
11_Mulyasari,Indramayu,32748,107.794,-6.367678,4/28/2024,6,Drone (rice field)
12_Jatimulya,Indramayu,32748,107.833048,-6.378597,4/28/2024,4,Drone (rice field)
20_Sindangkerta,Karawang,32748,107.342801,-6.211684,4/27/2024,6,Drone (rice field)
11. Mulyasari,Indramayu,32748,107.793522,-6.369278,4/28/2024,6,Drone (rice field)
23_Kroya,Cirebon,32749,108.079868,-6.480442,4/29/2024,5,Drone (rice field)
27_Sukamelang2,Cirebon,32749,108.074189,-6.453923,4/29/2024,6,Drone (rice field)
11_Mulyasari,Indramayu,32748,107.794502,-6.367679,4/28/2024,5,Drone (rice field)
24_Sindangkerta_indramayu1,Cirebon,32749,108.272249,-6.385322,4/29/2024,4,Drone (rice field)
11_Mulyasari,Indramayu,32748,107.794512,-6.369486,4/28/2024,6,Drone (rice field)
19_Ciranggon1,Karawang,32748,107.362458,-6.29352,4/27/2024,4,Drone (rice field)
22_Sindang-Indramayu,Cirebon,32749,108.306225,-6.328076,4/29/2024,6,Drone (rice field)
23_Kroya,Cirebon,32749,108.079186,-6.479879,4/29/2024,6,Drone (rice field)
23_Kroya,Cirebon,32749,108.081905,-6.480519,4/29/2024,6,Drone (rice field)
26_Sukamelang1,Cirebon,32749,108.071723,-6.454665,4/29/2024,4,Drone (rice field)
20_Sindangkerta,Karawang,32748,107.343951,-6.212196,4/27/2024,6,Drone (50x50)
23_Kroya,Cirebon,32749,108.081446,-6.480317,4/29/2024,6,Drone (rice field)
19_Ciranggon1,Karawang,32748,107.36151,-6.294027,4/27/2024,4,Drone (rice field)
11_Mulyasari,Indramayu,32748,107.792596,-6.368167,4/28/2024,5,Drone (rice field)
11_Mulyasari,Indramayu,32748,107.795041,-6.367375,4/28/2024,6,Drone (rice field)
19_Ciranggon1,Karawang,32748,107.362584,-6.292415,4/27/2024,4,Drone (rice field)
20_Sindangkerta,Karawang,32748,107.342915,-6.211111,4/27/2024,6,Drone (rice field)
16_Tambakjati,Indramayu,32748,107.599781,-6.336086,4/28/2024,6,Drone (rice field)
26_Sukamelang1,Cirebon,32749,108.071595,-6.454182,4/29/2024,4,Drone (rice field)
17_Rawamerta,Karawang,32748,107.341726,-6.217125,4/27/2024,6,Drone (rice field)
27_Sukamelang2,Cirebon,32749,108.076152,-6.45422,4/29/2024,4,Drone (rice field)
12_Jatimulya,Indramayu,32748,107.833445,-6.378941,4/28/2024,4,Drone (rice field)
23_Kroya,Cirebon,32749,108.080998,-6.480771,4/29/2024,6,Drone (rice field)
16_Tambakjati,Indramayu,32748,107.600612,-6.338418,4/28/2024,6,Drone (rice field)
24_Sindangkerta_indramayu1,Cirebon,32749,108.272272,-6.385044,4/29/2024,4,Drone (rice field)
25_Sindangkerta_Indramayu2,Cirebon,32749,108.276087,-6.383834,4/29/2024,3,Drone (rice field)
10. Gampolsari,Indramayu,32748,107.608878,-6.363033,4/28/2024,4,Drone (rice field)
24_Sindangkerta_indramayu1,Cirebon,32749,108.271825,-6.385307,4/29/2024,4,Drone (rice field)
12_Jatimulya,Indramayu,32748,107.830833,-6.378861,4/28/2024,4,Drone (rice field)
11_Mulyasari,Indramayu,32748,107.79422,-6.367335,4/28/2024,6,Drone (rice field)
17_Rawamerta,Karawang,32748,107.342788,-6.216674,4/27/2024,6,Drone (rice field)
23_Kroya,Cirebon,32749,108.079477,-6.479648,4/29/2024,5,Drone (rice field)
25_Sindangkerta_Indramayu2,Cirebon,32749,108.275647,-6.384459,4/29/2024,3,Drone (rice field)
20_Sindangkerta,Karawang,32748,107.343048,-6.2122,4/27/2024,6,Drone (50x50)
25_Sindangkerta_Indramayu2,Cirebon,32749,108.276338,-6.383811,4/29/2024,4,Drone (rice field)
12_Jatimulya,Indramayu,32748,107.832189,-6.379207,4/28/2024,4,Drone (rice field)
22_Sindang-Indramayu,Cirebon,32749,108.306153,-6.327159,4/29/2024,6,Drone (rice field)
25_Sindangkerta_Indramayu2,Cirebon,32749,108.277243,-6.384257,4/29/2024,4,Drone (rice field)
19_Ciranggon1,Karawang,32748,107.361858,-6.293361,4/27/2024,4,Drone (50x50)
19_Ciranggon1,Karawang,32748,107.36032,-6.293654,4/27/2024,4,Drone (rice field)
17_Rawamerta,Karawang,32748,107.341378,-6.21695,4/27/2024,6,Drone (rice field)
26_Sukamelang1,Cirebon,32749,108.071297,-6.454365,4/29/2024,4,Drone (rice field)
4_Kutajaya,Karawang,32748,107.350052,-6.149357,4/26/2024,3,Drone (50x50)
26_Sukamelang1,Cirebon,32749,108.071586,-6.455368,4/29/2024,4,Drone (rice field)
11_Mulyasari,Indramayu,32748,107.794323,-6.367125,4/28/2024,6,Drone (rice field)
26_Sukamelang1,Cirebon,32749,108.071104,-6.455818,4/29/2024,4,Drone (rice field)
22_Sindang-Indramayu,Cirebon,32749,108.304277,-6.327249,4/29/2024,6,Drone (rice field)
27_Sukamelang2,Cirebon,32749,108.074611,-6.453642,4/29/2024,3,Drone (rice field)
17_Rawamerta,Karawang,32748,107.341259,-6.216275,4/27/2024,6,Drone (50x50)
16_Tambakjati,Indramayu,32748,107.601467,-6.33749,4/28/2024,6,Drone (rice field)
11_Mulyasari,Indramayu,32748,107.794961,-6.369032,4/28/2024,6,Drone (rice field)
23_Kroya,Cirebon,32749,108.079194,-6.481234,4/29/2024,6,Drone (rice field)
24_Sindangkerta_indramayu1,Cirebon,32749,108.273181,-6.384282,4/29/2024,4,Drone (rice field)
23_Kroya,Cirebon,32749,108.081455,-6.481672,4/29/2024,6,Drone (rice field)
11_Mulyasari,Indramayu,32748,107.794055,-6.368585,4/28/2024,6,Drone (rice field)
11_Mulyasari,Indramayu,32748,107.793991,-6.368577,4/28/2024,6,Drone (rice field)
22_Sindang-Indramayu,Cirebon,32749,108.303959,-6.326736,4/29/2024,6,Drone (rice field)
26_Sukamelang1,Cirebon,32749,108.071724,-6.455165,4/29/2024,4,Drone (rice field)
23_Kroya,Cirebon,32749,108.08082,-6.481278,4/29/2024,6,Drone (rice field)
17_Rawamerta,Karawang,32748,107.341829,-6.216116,4/27/2024,6,Drone (rice field)
22_Sindang-Indramayu,Cirebon,32749,108.306222,-6.327625,4/29/2024,6,Drone (rice field)
22_Sindang-Indramayu,Cirebon,32749,108.304411,-6.326733,4/29/2024,6,Drone (rice field)
28_Lohbener2,Cirebon,32749,108.3234,-6.402023,4/29/2024,4,Drone (rice field)
28_Lohbener2,Cirebon,32749,108.323363,-6.401954,4/29/2024,4,Drone (rice field)
19_Ciranggon1,Karawang,32748,107.36185,-6.292689,4/27/2024,4,Drone (rice field)
20_Sindangkerta,Karawang,32748,107.342889,-6.211818,4/27/2024,6,Drone (rice field)
12_Jatimulya,Indramayu,32748,107.836156,-6.378606,4/28/2024,4,Drone (rice field)
25_Sindangkerta_Indramayu2,Cirebon,32749,108.277357,-6.383343,4/29/2024,4,Drone (rice field)
23_Kroya,Cirebon,32749,108.079638,-6.479876,4/29/2024,6,Drone (rice field)
27_Sukamelang2,Cirebon,32749,108.075978,-6.454447,4/29/2024,4,Drone (rice field)
20_Sindangkerta,Karawang,32748,107.344299,-6.211259,4/27/2024,6,Drone (rice field)
19_Ciranggon1,Karawang,32748,107.361554,-6.29348,4/27/2024,4,Drone (rice field)
19_Ciranggon1,Karawang,32748,107.36147,-6.29211,4/27/2024,4,Drone (50x50)
20_Sindangkerta,Karawang,32748,107.342967,-6.212206,4/27/2024,6,Drone (rice field)
23_Kroya,Cirebon,32749,108.079537,-6.480519,4/29/2024,6,Drone (rice field)
8_Ciranggon2,Karawang,32748,107.358722,-6.294463,4/27/2024,4,Drone (50x50)
28_Lohbener2,Cirebon,32749,108.324297,-6.401114,4/29/2024,4,Drone (rice field)
24_Sindangkerta,Cirebon,32749,108.271306,-6.383006,4/29/2024,4,Drone (rice field)
23_Kroya,Cirebon,32749,108.080092,-6.480325,4/29/2024,5,Drone (rice field)
24_Sindangkerta_indramayu1,Cirebon,32749,108.272102,-6.385681,4/29/2024,4,Drone (rice field)
22_Sindang-Indramayu,Cirebon,32749,108.30577,-6.327628,4/29/2024,6,Drone (rice field)
22_Sindang-Indramayu,Cirebon,32749,108.30667,-6.32717,4/29/2024,6,Drone (rice field)
23_Kroya,Cirebon,32749,108.081487,-6.481085,4/29/2024,6,Drone (rice field)
25_Sindangkerta_Indramayu2,Cirebon,32749,108.275895,-6.385168,4/29/2024,3,Drone (rice field)
28_Lohbener2,Cirebon,32749,108.323496,-6.40166,4/29/2024,3,Drone (rice field)
29_Lohbener1,Cirebon,32749,108.324653,-6.405073,4/29/2024,4,Drone (rice field)
17_Rawamerta,Karawang,32748,107.34303,-6.216992,4/27/2024,6,Drone (rice field)
10_Gampolsari,Indramayu,32748,107.609213,-6.362327,4/28/2024,4,Drone (rice field)
4_Kutajaya,Karawang,32748,107.349544,-6.149351,4/26/2024,3,Drone (50x50)
24_Sindangkerta_indramayu1,Cirebon,32749,108.273673,-6.38562,4/29/2024,4,Drone (rice field)
22_Sindang-Indramayu,Cirebon,32749,108.303972,-6.326774,4/29/2024,6,Drone (rice field)
20_Sindangkerta,Karawang,32748,107.343684,-6.212652,4/27/2024,6,Drone (rice field)
28_Lohbener2,Cirebon,32749,108.325052,-6.401536,4/29/2024,4,Drone (rice field)
8_Ciranggon2,Karawang,32748,107.358345,-6.295428,4/27/2024,4,Drone (50x50)
28_Lohbener2,Cirebon,32749,108.324754,-6.402014,4/29/2024,4,Drone (rice field)
11. Mulyasari,Indramayu,32748,107.793861,-6.367814,4/28/2024,6,Drone (rice field)
26_Sukamelang1,Cirebon,32749,108.070454,-6.454638,4/29/2024,4,Drone (rice field)
25_Sindangkerta_Indramayu2,Cirebon,32749,108.277156,-6.38435,4/29/2024,4,Drone (rice field)
26_Sukamelang1,Cirebon,32749,108.070485,-6.453864,4/29/2024,4,Drone (rice field)
11_Mulyasari,Indramayu,32748,107.794048,-6.367229,4/28/2024,6,Drone (rice field)
25_Sindangkerta_Indramayu2,Cirebon,32749,108.277181,-6.384606,4/29/2024,3,Drone (rice field)
19_Ciranggon1,Karawang,32748,107.361221,-6.293194,4/27/2024,4,Drone (rice field)
25_Sindangkerta_Indramayu2,Cirebon,32749,108.276944,-6.383608,4/29/2024,4,Drone (rice field)
24_Sindangkerta_indramayu1,Cirebon,32749,108.273487,-6.384669,4/29/2024,4,Drone (rice field)
23_Kroya,Cirebon,32749,108.081523,-6.481579,4/29/2024,6,Drone (rice field)
19_Ciranggon1,Karawang,32748,107.361609,-6.292117,4/27/2024,4,Drone (rice field)
20_Sindangkerta,Karawang,32748,107.343865,-6.212351,4/27/2024,6,Drone (rice field)
23_Kroya,Cirebon,32749,108.080995,-6.480319,4/29/2024,6,Drone (rice field)
21_Sumurgede,Karawang,32748,107.493617,-6.193671,4/27/2024,2,Drone (rice field)
20_Sindangkerta,Karawang,32748,107.343695,-6.211132,4/27/2024,6,Drone (rice field)
23_Kroya,Cirebon,32749,108.080161,-6.481818,4/29/2024,6,Drone (rice field)
11_Mulyasari,Indramayu,32748,107.793147,-6.367686,4/28/2024,6,Drone (rice field)
11. Mulyasari,Indramayu,32748,107.792694,-6.368939,4/28/2024,6,Drone (rice field)
23_Kroya,Cirebon,32749,108.080865,-6.481005,4/29/2024,6,Drone (rice field)
24_Sindangkerta_indramayu1,Cirebon,32749,108.273126,-6.384664,4/29/2024,4,Drone (rice field)
11_Mulyasari,Indramayu,32748,107.79315,-6.368138,4/28/2024,6,Drone (rice field)
23_Kroya,Cirebon,32749,108.079648,-6.481682,4/29/2024,6,Drone (rice field)
25_Sindangkerta_Indramayu2,Cirebon,32749,108.275886,-6.383814,4/29/2024,4,Drone (rice field)
23_Kroya,Cirebon,32749,108.078918,-6.48022,4/29/2024,6,Drone (rice field)
28_Lohbener2,Cirebon,32749,108.323586,-6.402137,4/29/2024,4,Drone (rice field)
12_Jatimulya,Indramayu,32748,107.831383,-6.378165,4/28/2024,4,Drone (rice field)
22_Sindang-Indramayu,Cirebon,32749,108.303514,-6.327642,4/29/2024,6,Drone (rice field)
11_Mulyasari,Indramayu,32748,107.793568,-6.367541,4/28/2024,6,Drone (rice field)
23_Kroya,Cirebon,32749,108.081871,-6.480909,4/29/2024,6,Drone (rice field)
17_Rawamerta,Karawang,32748,107.342616,-6.216721,4/27/2024,6,Drone (50x50)
11. Mulyasari,Indramayu,32748,107.793694,-6.367594,4/28/2024,6,Drone (rice field)
27_Sukamelang2,Cirebon,32749,108.072514,-6.454464,4/29/2024,4,Drone (rice field)
25_Sindangkerta_Indramayu2,Cirebon,32749,108.27725,-6.38445,4/29/2024,3,Drone (rice field)
17_Rawamerta,Karawang,32748,107.34158,-6.215678,4/27/2024,6,Drone (rice field)
23_Kroya,Cirebon,32749,108.07964,-6.480328,4/29/2024,5,Drone (rice field)
26_Sukamelang1,Cirebon,32749,108.071024,-6.45577,4/29/2024,4,Drone (rice field)
29_Lohbener1,Cirebon,32749,108.324049,-6.403549,4/29/2024,4,Drone (rice field)
22_Sindang-Indramayu,Cirebon,32749,108.303915,-6.327199,4/29/2024,6,Drone (rice field)
12_Jatimulya,Indramayu,32748,107.832636,-6.378592,4/28/2024,4,Drone (rice field)
22_Sindang-Indramayu,Cirebon,32749,108.304528,-6.327,4/29/2024,6,Drone (rice field)
22_Sindang-Indramayu,Cirebon,32749,108.304414,-6.327185,4/29/2024,6,Drone (rice field)
23_Kroya,Cirebon,32749,108.080543,-6.480322,4/29/2024,5,Drone (rice field)
23_Kroya,Cirebon,32749,108.080089,-6.479873,4/29/2024,6,Drone (rice field)
22_Sindang-Indramayu,Cirebon,32749,108.304333,-6.3268,4/29/2024,6,Drone (rice field)
12_Jatimulya,Indramayu,32748,107.833308,-6.37897,4/28/2024,4,Drone (rice field)
24_Sindangkerta_indramayu1,Cirebon,32749,108.273184,-6.384734,4/29/2024,4,Drone (rice field)
27_Sukamelang2,Cirebon,32749,108.075869,-6.454154,4/29/2024,4,Drone (rice field)
18_Lemahmukti,Karawang,32748,107.460872,-6.25897,4/27/2024,2,Drone (rice field)
28_Lohbener2,Cirebon,32749,108.324531,-6.401608,4/29/2024,4,Drone (rice field)
16_Tambakjati,Indramayu,32748,107.600262,-6.338089,4/28/2024,6,Drone (rice field)
12_Jatimulya,Indramayu,32748,107.833297,-6.379209,4/28/2024,4,Drone (rice field)
12_Jatimulya,Indramayu,32748,107.833512,-6.377756,4/28/2024,3,Drone (rice field)
27_Sukamelang2,Cirebon,32749,108.075961,-6.454226,4/29/2024,4,Drone (rice field)
11_Mulyasari,Indramayu,32748,107.794737,-6.368341,4/28/2024,6,Drone (rice field)
16_Tambakjati,Indramayu,32748,107.601605,-6.33718,4/28/2024,6,Drone (rice field)
29_Lohbener1,Cirebon,32749,108.323535,-6.404869,4/29/2024,4,Drone (rice field)
23_Kroya,Cirebon,32749,108.079847,-6.481144,4/29/2024,6,Drone (rice field)
27_Sukamelang2,Cirebon,32749,108.074497,-6.45434,4/29/2024,4,Drone (rice field)
22_Sindang-Indramayu,Cirebon,32749,108.306821,-6.327252,4/29/2024,6,Drone (rice field)
26_Sukamelang1,Cirebon,32749,108.071439,-6.454853,4/29/2024,4,Drone (rice field)
25_Sindangkerta_Indramayu2,Cirebon,32749,108.275606,-6.384166,4/29/2024,4,Drone (rice field)
11_Mulyasari,Indramayu,32748,107.793622,-6.369223,4/28/2024,6,Drone (rice field)
8_Ciranggon2,Karawang,32748,107.358683,-6.294969,4/27/2024,4,Drone (50x50)
28_Lohbener2,Cirebon,32749,108.321297,-6.402139,4/29/2024,4,Drone (rice field)
23_Kroya,Cirebon,32749,108.081159,-6.479676,4/29/2024,5,Drone (rice field)
25_Sindangkerta_Indramayu2,Cirebon,32749,108.275815,-6.383699,4/29/2024,4,Drone (rice field)
23_Kroya,Cirebon,32749,108.079216,-6.479984,4/29/2024,6,Drone (rice field)
28_Lohbener2,Cirebon,32749,108.323918,-6.40227,4/29/2024,4,Drone (rice field)
23_Kroya,Cirebon,32749,108.081722,-6.481125,4/29/2024,6,Drone (rice field)
23_Kroya,Cirebon,32749,108.080097,-6.481228,4/29/2024,6,Drone (rice field)
19_Ciranggon1,Karawang,32748,107.362579,-6.292661,4/27/2024,4,Drone (rice field)
17_Rawamerta,Karawang,32748,107.34175,-6.216499,4/27/2024,6,Drone (rice field)
28_Lohbener2,Cirebon,32749,108.324958,-6.402227,4/29/2024,4,Drone (rice field)
28_Lohbener2,Cirebon,32749,108.324878,-6.402232,4/29/2024,4,Drone (rice field)
8_Ciranggon2,Karawang,32748,107.358262,-6.29421,4/27/2024,4,Drone (50x50)
23_Kroya,Cirebon,32749,108.079352,-6.48024,4/29/2024,6,Drone (rice field)
23_Kroya,Cirebon,32749,108.081,-6.481223,4/29/2024,6,Drone (rice field)
25_Sindangkerta_Indramayu2,Cirebon,32749,108.277577,-6.384219,4/29/2024,4,Drone (rice field)
23_Kroya,Cirebon,32749,108.079055,-6.480263,4/29/2024,6,Drone (rice field)
12_Jatimulya,Indramayu,32748,107.832217,-6.378575,4/28/2024,4,Drone (rice field)
17_Rawamerta,Karawang,32748,107.341709,-6.215821,4/27/2024,6,Drone (50x50)
23_Kroya,Cirebon,32749,108.081843,-6.481143,4/29/2024,6,Drone (rice field)
27_Sukamelang2,Cirebon,32749,108.074032,-6.453913,4/29/2024,6,Drone (rice field)
23_Kroya,Cirebon,32749,108.081903,-6.481217,4/29/2024,6,Drone (rice field)
28_Lohbener2,Cirebon,32749,108.324798,-6.402223,4/29/2024,4,Drone (rice field)
23_Kroya,Cirebon,32749,108.079843,-6.479856,4/29/2024,6,Drone (rice field)
Karang Turi,Brebes_Tegal,32749,109.208283,-7.650059,6/11/2024,2,Drone (rice field)
11_Demak03_Cangkring,Semarang_Demak,32749,110.793067,-6.860451,6/12/2024,6,Drone (rice field)
04_Pekalongan04_Bojonglor02,Pekalongan,32749,109.594603,-6.960344,6/10/2024,2,Drone (50x50)
Grumbuljurig,Brebes_Tegal,32749,109.294803,-7.426172,6/11/2024,2,Drone (rice field)
Grumbuljurig,Brebes_Tegal,32749,109.294847,-7.426192,6/11/2024,2,Drone (rice field)
Rapak,Brebes_Tegal,32749,109.352415,-7.436177,6/11/2024,1,Drone (rice field)
Grumbuljurig,Brebes_Tegal,32749,109.295109,-7.425689,6/11/2024,2,Drone (rice field)
03_Pekalongan03_Bojonglor01,Pekalongan,32749,109.59714,-6.959971,6/10/2024,2,Drone (50x50)
Rapak,Brebes_Tegal,32749,109.352346,-7.434823,6/11/2024,1,Drone (rice field)
Grumbuljurig,Brebes_Tegal,32749,109.295111,-7.427049,6/11/2024,2,Drone (rice field)
Karang Turi,Brebes_Tegal,32749,109.208597,-7.649624,6/11/2024,2,Drone (rice field)
Grumbuljurig,Brebes_Tegal,32749,109.294836,-7.425913,6/11/2024,2,Drone (rice field)
Rapak,Brebes_Tegal,32749,109.352207,-7.434702,6/11/2024,1,Drone (rice field)
04_Pekalongan04_Bojonglor02,Pekalongan,32749,109.594346,-6.960508,6/10/2024,2,Drone (50x50)
Grumbuljurig,Brebes_Tegal,32749,109.294653,-7.426052,6/11/2024,2,Drone (rice field)
14_Kudus02_Payaman.tif,Klambu,32749,110.868834,-6.859085,6/13/2024,2,Drone (rice field)
15_Kudus03_Karangrowo,Klambu,32749,110.869737,-6.867226,6/13/2024,2,Drone (rice field)
Grumbuljurig,Brebes_Tegal,32749,109.29507,-7.427128,6/11/2024,2,Drone (rice field)
Grumbuljurig,Brebes_Tegal,32749,109.29481,-7.42608,6/11/2024,2,Drone (rice field)
Karang Turi,Brebes_Tegal,32749,109.208738,-7.649609,6/11/2024,2,Drone (rice field)
Grumbuljurig,Brebes_Tegal,32749,109.295142,-7.426975,6/11/2024,2,Drone (rice field)
Pekuwon,Pekalongan,32749,109.558791,-7.637949,6/12/2024,2,Drone (rice field)
04_Pekalongan04_Bojonglor02,Pekalongan,32749,109.595182,-6.960593,6/10/2024,2,Field Survey
11_Demak03_Cangkring,Semarang_Demak,32749,110.793257,-6.860415,6/12/2024,6,Drone (rice field)
04_Pekalongan04_Bojonglor02,Pekalongan,32749,109.59476,-6.960379,6/10/2024,2,Drone (50x50)
Grumbuljurig,Brebes_Tegal,32749,109.295205,-7.425711,6/11/2024,2,Drone (rice field)
14_Kudus02_Payaman.tif,Klambu,32749,110.869287,-6.859537,6/13/2024,2,Drone (rice field)
Grumbuljurig,Brebes_Tegal,32749,109.295706,-7.42708,6/11/2024,2,Drone (rice field)
16_Kudus04_Ngemplak,Klambu,32749,110.857067,-6.861795,6/13/2024,2,Drone (rice field)
Rapak,Brebes_Tegal,32749,109.35223,-7.434601,6/11/2024,1,Drone (rice field)
04_Pekalongan04_Bojonglor02,Pekalongan,32749,109.594459,-6.959923,6/10/2024,2,Drone (50x50)
Kembangsawit,Pekalongan,32749,109.725445,-7.731524,6/12/2024,2,Drone (rice field)
Rapak,Brebes_Tegal,32749,109.353143,-7.435017,6/11/2024,1,Drone (rice field)
03_Pekalongan03_Bojonglor01,Pekalongan,32749,109.597401,-6.959565,6/10/2024,2,Drone (50x50)
Karang Turi,Brebes_Tegal,32749,109.208285,-7.649607,6/11/2024,2,Drone (rice field)
Karang Turi,Brebes_Tegal,32749,109.208283,-7.649667,6/11/2024,2,Drone (rice field)
Rapak,Brebes_Tegal,32749,109.352652,-7.434387,6/11/2024,1,Drone (rice field)
Jatiluhur,Brebes_Tegal,32749,109.448687,-7.595082,6/12/2024,2,Drone (rice field)
03_Pekalongan03_Bojonglor01,Pekalongan,32749,109.597678,-6.959179,6/10/2024,2,Drone (50x50)
04_Pekalongan04_Bojonglor02,Pekalongan,32749,109.59442,-6.960105,6/10/2024,2,Drone (50x50)
Grumbuljurig,Brebes_Tegal,32749,109.295258,-7.425722,6/11/2024,2,Drone (rice field)
Grumbuljurig,Brebes_Tegal,32749,109.295269,-7.425727,6/11/2024,2,Drone (rice field)
Grumbuljurig,Brebes_Tegal,32749,109.295297,-7.425654,6/11/2024,2,Drone (rice field)
Rapak,Brebes_Tegal,32749,109.353351,-7.435012,6/11/2024,1,Drone (rice field)
14_Kudus02_Payaman.tif,Klambu,32749,110.868382,-6.859085,6/13/2024,2,Drone (rice field)
11_Demak03_Cangkring,Semarang_Demak,32749,110.791388,-6.86008,6/12/2024,2,Drone (rice field)
Bocor,Pekalongan,32749,109.673237,-7.748684,6/12/2024,6,Drone (rice field)
Karang Turi,Brebes_Tegal,32749,109.208735,-7.64973,6/11/2024,2,Drone (rice field)
Pekuwon,Pekalongan,32749,109.559479,-7.637996,6/12/2024,2,Drone (rice field)
Grumbuljurig,Brebes_Tegal,32749,109.295256,-7.426174,6/11/2024,2,Drone (rice field)
Pesuruhan,Brebes_Tegal,32749,109.488105,-7.715786,6/12/2024,3,Drone (rice field)
Jatiluhur,Brebes_Tegal,32749,109.448709,-7.594694,6/12/2024,2,Drone (rice field)
Rapak,Brebes_Tegal,32749,109.353097,-7.435301,6/11/2024,1,Drone (rice field)
Grumbuljurig,Brebes_Tegal,32749,109.295814,-7.426756,6/11/2024,2,Drone (rice field)
Grumbuljurig,Brebes_Tegal,32749,109.295794,-7.426839,6/11/2024,2,Drone (rice field)
16_Kudus04_Ngemplak,Klambu,32749,110.857059,-6.861674,6/13/2024,2,Drone (rice field)
02_Pekalongan02_Sokoduwet,Pekalongan,32749,109.688641,-6.929486,6/10/2024,1,Drone (50x50)
Rapak,Brebes_Tegal,32749,109.352182,-7.435218,6/11/2024,1,Drone (rice field)
Rapak,Brebes_Tegal,32749,109.352454,-7.436327,6/11/2024,1,Drone (rice field)
Rapak,Brebes_Tegal,32749,109.352437,-7.436269,6/11/2024,1,Drone (rice field)
02_Pekalongan02_Sokoduwet,Pekalongan,32749,109.68705,-6.928288,6/10/2024,1,Drone (50x50)
14_Kudus02_Payaman.tif,Klambu,32749,110.868885,-6.85898,6/13/2024,2,Drone (rice field)
Rapak,Brebes_Tegal,32749,109.35214,-7.435693,6/11/2024,1,Drone (rice field)
15_Kudus03_Karangrowo,Klambu,32749,110.870317,-6.867955,6/13/2024,3,Drone (rice field)
17_Kudus05_Tenggeles,Klambu,32749,110.910727,-6.812839,6/13/2024,2,Drone (rice field)
04_Pekalongan04_Bojonglor02,Pekalongan,32749,109.595816,-6.960148,6/10/2024,2,Drone (50x50)
Jatiluhur,Brebes_Tegal,32749,109.448767,-7.594898,6/12/2024,2,Drone (rice field)
04_Pekalongan04_Bojonglor02,Pekalongan,32749,109.595079,-6.960463,6/10/2024,2,Drone (50x50)
Rapak,Brebes_Tegal,32749,109.353148,-7.435107,6/11/2024,1,Drone (rice field)
Rapak,Brebes_Tegal,32749,109.353375,-7.4351,6/11/2024,1,Drone (rice field)
Jatiluhur,Brebes_Tegal,32749,109.448678,-7.594566,6/12/2024,2,Drone (rice field)
Jatiluhur,Brebes_Tegal,32749,109.449481,-7.594595,6/12/2024,2,Drone (rice field)
15_Kudus03_Karangrowo,Klambu,32749,110.871465,-6.867569,6/13/2024,2,Drone (rice field)
04_Pekalongan04_Bojonglor,Pekalongan,32749,109.59475,-6.960283,6/10/2024,2,Field Survey
Grumbuljurig,Brebes_Tegal,32749,109.295529,-7.426695,6/11/2024,2,Drone (rice field)
Grumbuljurig,Brebes_Tegal,32749,109.29579,-7.426928,6/11/2024,2,Drone (rice field)
07_Kendal03_Bangunrejo,Pekalongan,32749,110.185072,-6.90641,6/11/2024,1,Drone (rice field)
18_Kudus06_Gondoharum,Klambu,32749,110.963909,-6.810507,6/13/2024,4,Drone (rice field)
04_Pekalongan04_Bojonglor02,Pekalongan,32749,109.59473,-6.960592,6/10/2024,2,Field Survey
15_Kudus03_Karangrowo,Klambu,32749,110.870977,-6.866589,6/13/2024,2,Drone (rice field)
Jatiluhur,Brebes_Tegal,32749,109.44911,-7.594477,6/12/2024,2,Drone (rice field)
03_Pekalongan03_Bojonglor01,Pekalongan,32749,109.597774,-6.960128,6/10/2024,2,Drone (50x50)
Karang Turi,Brebes_Tegal,32749,109.208421,-7.649668,6/11/2024,2,Drone (rice field)
03_Pekalongan03_Bojonglor01,Pekalongan,32749,109.597042,-6.959944,6/10/2024,2,Drone (50x50)
Pekuwon,Pekalongan,32749,109.559033,-7.638807,6/12/2024,2,Drone (rice field)
Rapak,Brebes_Tegal,32749,109.353115,-7.435403,6/11/2024,1,Drone (rice field)
Grumbuljurig,Brebes_Tegal,32749,109.29563,-7.427001,6/11/2024,2,Drone (rice field)
Grumbuljurig,Brebes_Tegal,32749,109.295625,-7.426918,6/11/2024,2,Drone (rice field)
Grumbuljurig,Brebes_Tegal,32749,109.295412,-7.426552,6/11/2024,2,Drone (rice field)
Grumbuljurig,Brebes_Tegal,32749,109.295404,-7.426128,6/11/2024,2,Drone (rice field)
02_Pekalongan02_Sokoduwet,Pekalongan,32749,109.687623,-6.929954,6/10/2024,1,Drone (50x50)
Rapak,Brebes_Tegal,32749,109.35212,-7.435583,6/11/2024,1,Drone (rice field)
Rapak,Brebes_Tegal,32749,109.352882,-7.435116,6/11/2024,1,Drone (rice field)
02_Pekalongan02_Sokoduwet,Pekalongan,32749,109.686681,-6.928751,6/10/2024,2,Field Survey
03_Pekalongan03_Bojonglor01,Pekalongan,32749,109.597189,-6.960345,6/10/2024,2,Drone (50x50)
Susukan,Brebes_Tegal,32749,109.374387,-7.50395,6/11/2024,1,Drone (rice field)
Jatiluhur,Brebes_Tegal,32749,109.449595,-7.595654,6/12/2024,2,Drone (rice field)
Rapak,Brebes_Tegal,32749,109.3522,-7.435956,6/11/2024,1,Drone (rice field)
Rapak,Brebes_Tegal,32749,109.352849,-7.435481,6/11/2024,1,Drone (rice field)
11_Demak03_Cangkring,Semarang_Demak,32749,110.792546,-6.860224,6/12/2024,6,Drone (rice field)
Rapak,Brebes_Tegal,32749,109.352288,-7.435884,6/11/2024,1,Drone (rice field)
Susukan,Brebes_Tegal,32749,109.375762,-7.503737,6/11/2024,1,Drone (rice field)
Rapak,Brebes_Tegal,32749,109.353194,-7.435887,6/11/2024,1,Drone (rice field)
Rapak,Brebes_Tegal,32749,109.353225,-7.435853,6/11/2024,1,Drone (rice field)
14_Kudus02_Payaman.tif,Klambu,32749,110.869196,-6.85982,6/13/2024,2,Drone (rice field)
Jatiluhur,Brebes_Tegal,32749,109.448682,-7.594779,6/12/2024,2,Drone (rice field)
Jatiluhur,Brebes_Tegal,32749,109.449562,-7.594931,6/12/2024,2,Drone (rice field)
03_Pekalongan03_Bojonglor01,Pekalongan,32749,109.597362,-6.959094,6/10/2024,2,Drone (50x50)
16_Kudus04_Ngemplak,Klambu,32749,110.857067,-6.862576,6/13/2024,2,Drone (rice field)
15_Kudus03_Karangrowo,Klambu,32749,110.871547,-6.867227,6/13/2024,2,Drone (rice field)
Rapak,Brebes_Tegal,32749,109.352633,-7.435321,6/11/2024,1,Drone (rice field)
Rapak,Brebes_Tegal,32749,109.352204,-7.435836,6/11/2024,1,Drone (rice field)
04_Pekalongan04_Bojonglor02,Pekalongan,32749,109.596006,-6.960109,6/10/2024,2,Drone (50x50)
Kembangsawit,Pekalongan,32749,109.726377,-7.732886,6/12/2024,2,Drone (rice field)
02_Pekalongan02_Sokoduwet,Pekalongan,32749,109.68704,-6.928372,6/10/2024,1,Drone (50x50)
Karang Turi,Brebes_Tegal,32749,109.208823,-7.649651,6/11/2024,2,Drone (rice field)
Rapak,Brebes_Tegal,32749,109.35239,-7.435235,6/11/2024,1,Drone (rice field)
Bocor,Pekalongan,32749,109.67249,-7.749055,6/12/2024,6,Drone (rice field)
Rapak,Brebes_Tegal,32749,109.352878,-7.435025,6/11/2024,1,Drone (rice field)
Grumbuljurig,Brebes_Tegal,32749,109.294567,-7.426015,6/11/2024,2,Drone (rice field)
Susukan,Brebes_Tegal,32749,109.375908,-7.503821,6/11/2024,1,Drone (rice field)
Bajong,Brebes_Tegal,32749,109.412564,-7.426609,6/11/2024,2,Drone (rice field)
07_Kendal03_Bangunrejo,Pekalongan,32749,110.186075,-6.905209,6/11/2024,1,Drone (rice field)
Bajong,Brebes_Tegal,32749,109.412608,-7.426631,6/11/2024,2,Drone (rice field)
Grumbuljurig,Brebes_Tegal,32749,109.295066,-7.425807,6/11/2024,2,Drone (rice field)
07_Kendal03_Bangunrejo,Pekalongan,32749,110.185231,-6.906084,6/11/2024,1,Drone (rice field)
Grumbuljurig,Brebes_Tegal,32749,109.29492,-7.425931,6/11/2024,2,Drone (rice field)
08_Kendal04_Ketapang,Pekalongan,32749,110.218175,-6.937182,6/11/2024,1,Drone (rice field)
Karang Turi,Brebes_Tegal,32749,109.208282,-7.649937,6/11/2024,2,Drone (rice field)
16_Kudus04_Ngemplak,Klambu,32749,110.857119,-6.86197,6/13/2024,1,Drone (rice field)
14_Kudus02_Payaman.tif,Klambu,32749,110.867029,-6.859106,6/13/2024,2,Drone (rice field)
Rapak,Brebes_Tegal,32749,109.353647,-7.435889,6/11/2024,1,Drone (rice field)
Kembangsawit,Pekalongan,32749,109.725245,-7.73244,6/12/2024,2,Drone (rice field)
Grumbuljurig,Brebes_Tegal,32749,109.295743,-7.427117,6/11/2024,2,Drone (rice field)
,Pekalongan,32749,109.679528,-7.744361,6/12/2024,2,Drone (rice field)
14_Kudus02_Payaman.tif,Klambu,32749,110.867322,-6.85914,6/13/2024,2,Drone (rice field)
Rapak,Brebes_Tegal,32749,109.3518,-7.435128,6/11/2024,1,Drone (rice field)
03_Pekalongan03_Bojonglor01,Pekalongan,32749,109.597458,-6.959358,6/10/2024,2,Drone (50x50)
Bajong,Brebes_Tegal,32749,109.413693,-7.426692,6/11/2024,2,Drone (rice field)
Bajong,Brebes_Tegal,32749,109.413644,-7.426689,6/11/2024,2,Drone (rice field)
16_Kudus04_Ngemplak,Klambu,32749,110.856657,-6.862411,6/13/2024,2,Drone (rice field)
Rapak,Brebes_Tegal,32749,109.353196,-7.435435,6/11/2024,1,Drone (rice field)
04_Pekalongan04_Bojonglor02,Pekalongan,32749,109.595647,-6.96095,6/10/2024,2,Drone (50x50)
Jatiluhur,Brebes_Tegal,32749,109.44918,-7.595359,6/12/2024,2,Drone (rice field)
13_Kudus01_GarungKidul,Klambu,32749,110.806341,-6.811712,6/13/2024,3,Drone (rice field)
Grumbuljurig,Brebes_Tegal,32749,109.295371,-7.426905,6/11/2024,2,Drone (rice field)
Grumbuljurig,Brebes_Tegal,32749,109.295365,-7.426831,6/11/2024,2,Drone (rice field)
Grumbuljurig,Brebes_Tegal,32749,109.295327,-7.426747,6/11/2024,2,Drone (rice field)
02_Pekalongan02_Sokoduwet,Pekalongan,32749,109.686669,-6.928542,6/10/2024,2,Drone (50x50)
Jatiluhur,Brebes_Tegal,32749,109.44921,-7.594555,6/12/2024,2,Drone (rice field)
03_Pekalongan03_Bojonglor01,Pekalongan,32749,109.596994,-6.960146,6/10/2024,2,Field Survey
Rapak,Brebes_Tegal,32749,109.352292,-7.434979,6/11/2024,1,Drone (rice field)
Rapak,Brebes_Tegal,32749,109.352352,-7.434941,6/11/2024,1,Drone (rice field)
03_Pekalongan03_Bojonglor01,Pekalongan,32749,109.596871,-6.960383,6/10/2024,2,Drone (50x50)
02_Pekalongan02_Sokoduwet,Pekalongan,32749,109.688522,-6.929012,6/10/2024,1,Drone (50x50)
11_Demak03_Cangkring,Semarang_Demak,32749,110.793312,-6.860725,6/12/2024,2,Drone (rice field)
Pesuruhan,Brebes_Tegal,32749,109.488566,-7.715672,6/12/2024,6,Drone (rice field)
Rapak,Brebes_Tegal,32749,109.35199,-7.435548,6/11/2024,1,Drone (rice field)
Karang Turi,Brebes_Tegal,32749,109.208485,-7.650599,6/11/2024,2,Drone (rice field)
Bocor,Pekalongan,32749,109.673151,-7.748732,6/12/2024,6,Drone (rice field)
Grumbuljurig,Brebes_Tegal,32749,109.295163,-7.42583,6/11/2024,2,Drone (rice field)
14_Kudus02_Payaman.tif,Klambu,32749,110.867024,-6.859084,6/13/2024,2,Drone (rice field)
04_Pekalongan04_Bojonglor02,Pekalongan,32749,109.595009,-6.960001,6/10/2024,2,Drone (50x50)
Kembangsawit,Pekalongan,32749,109.725518,-7.731533,6/12/2024,2,Drone (rice field)
07_Kendal03_Bangunrejo,Pekalongan,32749,110.185694,-6.906688,6/11/2024,1,Drone (rice field)
14_Kudus02_Payaman.tif,Klambu,32749,110.868834,-6.859989,6/13/2024,2,Drone (rice field)
Rapak,Brebes_Tegal,32749,109.352638,-7.435226,6/11/2024,1,Drone (rice field)
Kembangsawit,Pekalongan,32749,109.726178,-7.731831,6/12/2024,2,Drone (rice field)
Kembangsawit,Pekalongan,32749,109.725863,-7.732366,6/12/2024,2,Drone (rice field)
Jatiluhur,Brebes_Tegal,32749,109.44875,-7.594505,6/12/2024,2,Drone (rice field)
02_Pekalongan02_Sokoduwet,Pekalongan,32749,109.68668,-6.929203,6/10/2024,1,Field Survey
Pekuwon,Pekalongan,32749,109.559793,-7.638025,6/12/2024,2,Drone (rice field)
14_Kudus02_Payaman.tif,Klambu,32749,110.866736,-6.859708,6/13/2024,2,Drone (rice field)
04_Pekalongan04_Bojonglor02,Pekalongan,32749,109.593941,-6.960385,6/10/2024,2,Drone (50x50)
Jatiluhur,Brebes_Tegal,32749,109.448365,-7.595649,6/12/2024,2,Drone (rice field)
Pesuruhan,Brebes_Tegal,32749,109.489278,-7.716139,6/12/2024,6,Drone (rice field)
Jatibarang,Brebes_Tegal,32749,109.05262,-6.98158,6/10/2024,3,Drone (rice field)
Grumbuljurig,Brebes_Tegal,32749,109.294707,-7.425888,6/11/2024,2,Drone (rice field)
Jatiluhur,Brebes_Tegal,32749,109.450321,-7.595052,6/12/2024,6,Drone (rice field)
02_Pekalongan02_Sokoduwet,Pekalongan,32749,109.687527,-6.928492,6/10/2024,1,Drone (50x50)
Susukan,Brebes_Tegal,32749,109.375866,-7.504179,6/11/2024,1,Drone (rice field)
Pekuwon,Pekalongan,32749,109.559528,-7.638716,6/12/2024,2,Drone (rice field)
14_Kudus02_Payaman.tif,Klambu,32749,110.869287,-6.859085,6/13/2024,2,Drone (rice field)
03_Pekalongan03_Bojonglor01,Pekalongan,32749,109.597712,-6.959489,6/10/2024,2,Drone (50x50)
Pekuwon,Pekalongan,32749,109.559459,-7.638619,6/12/2024,2,Drone (rice field)
Rapak,Brebes_Tegal,32749,109.351983,-7.434725,6/11/2024,1,Drone (rice field)
04_Pekalongan04_Bojonglor02,Pekalongan,32749,109.596204,-6.959785,6/10/2024,2,Drone (50x50)
04_Pekalongan04_Bojonglor02,Pekalongan,32749,109.595172,-6.960035,6/10/2024,2,Drone (50x50)
Rapak,Brebes_Tegal,32749,109.352594,-7.435485,6/11/2024,1,Drone (rice field)
Grumbuljurig,Brebes_Tegal,32749,109.295254,-7.426626,6/11/2024,2,Drone (rice field)
07_Kendal03_Bangunrejo,Pekalongan,32749,110.185645,-6.906829,6/11/2024,1,Drone (rice field)
02_Pekalongan02_Sokoduwet,Pekalongan,32749,109.688754,-6.929112,6/10/2024,1,Drone (50x50)
Kembangsawit,Pekalongan,32749,109.726407,-7.731879,6/12/2024,2,Drone (rice field)
Pesuruhan,Brebes_Tegal,32749,109.487612,-7.715017,6/12/2024,3,Drone (rice field)
Rapak,Brebes_Tegal,32749,109.35259,-7.435403,6/11/2024,1,Drone (rice field)
03_Pekalongan03_Bojonglor01,Pekalongan,32749,109.59752,-6.959731,6/10/2024,2,Drone (50x50)
Susukan,Brebes_Tegal,32749,109.375656,-7.503807,6/11/2024,1,Drone (rice field)
Bocor,Pekalongan,32749,109.672802,-7.749875,6/12/2024,6,Drone (rice field)
Pesuruhan,Brebes_Tegal,32749,109.487982,-7.716373,6/12/2024,3,Drone (rice field)
Jatiluhur,Brebes_Tegal,32749,109.449602,-7.594934,6/12/2024,2,Drone (rice field)
Susukan,Brebes_Tegal,32749,109.375159,-7.504034,6/11/2024,1,Drone (rice field)
04_Pekalongan04_Bojonglor02,Pekalongan,32749,109.595479,-6.960931,6/10/2024,2,Drone (50x50)
02_Pekalongan02_Sokoduwet,Pekalongan,32749,109.687842,-6.929336,6/10/2024,1,Drone (50x50)
04_Pekalongan04_Bojonglor02,Pekalongan,32749,109.596089,-6.960144,6/10/2024,2,Field Survey
04_Pekalongan04_Bojonglor02,Pekalongan,32749,109.596129,-6.960093,6/10/2024,2,Drone (50x50)
Grumbul Jurig - Plikan,Brebes_Tegal,32749,109.295694,-7.426111,6/11/2024,2,Drone (rice field)
Grumbuljurig,Brebes_Tegal,32749,109.295709,-7.426176,6/11/2024,2,Drone (rice field)
04_Pekalongan04_Bojonglor02,Pekalongan,32749,109.594249,-6.959946,6/10/2024,2,Drone (50x50)
07_Kendal03_Bangunrejo,Pekalongan,32749,110.184614,-6.906275,6/11/2024,1,Drone (rice field)
03_Pekalongan03_Bojonglor01,Pekalongan,32749,109.597741,-6.959863,6/10/2024,2,Drone (50x50)
03_Pekalongan03_Bojonglor01,Pekalongan,32749,109.598369,-6.958972,6/10/2024,2,Drone (50x50)
07_Kendal03_Bangunrejo,Pekalongan,32749,110.185877,-6.904995,6/11/2024,1,Drone (rice field)
03_Pekalongan03_Bojonglor01,Pekalongan,32749,109.597277,-6.96002,6/10/2024,2,Drone (50x50)
Pesuruhan,Brebes_Tegal,32749,109.48901,-7.715938,6/12/2024,6,Drone (rice field)
07_Kendal03_Bangunrejo,Pekalongan,32749,110.185676,-6.906749,6/11/2024,1,Drone (rice field)
Rapak,Brebes_Tegal,32749,109.353133,-7.435536,6/11/2024,1,Drone (rice field)
Jatiluhur,Brebes_Tegal,32749,109.448469,-7.594896,6/12/2024,2,Drone (rice field)
Karang Turi,Brebes_Tegal,32749,109.209373,-7.649525,6/11/2024,2,Drone (rice field)
Rapak,Brebes_Tegal,32749,109.352854,-7.435574,6/11/2024,1,Drone (rice field)
Grumbuljurig,Brebes_Tegal,32749,109.295684,-7.427116,6/11/2024,2,Drone (rice field)
Jatibarang,Brebes_Tegal,32749,109.052623,-6.981486,6/10/2024,3,Drone (rice field)
Rapak,Brebes_Tegal,32749,109.35204,-7.435271,6/11/2024,1,Drone (rice field)
02_Pekalongan02_Sokoduwet,Pekalongan,32749,109.688491,-6.928756,6/10/2024,1,Field Survey
03_Pekalongan03_Bojonglor01,Pekalongan,32749,109.597843,-6.959891,6/10/2024,2,Drone (50x50)
02_Pekalongan02_Sokoduwet,Pekalongan,32749,109.688445,-6.928731,6/10/2024,1,Drone (50x50)
Karang Turi,Brebes_Tegal,32749,109.208599,-7.650012,6/11/2024,2,Drone (rice field)
Jatiluhur,Brebes_Tegal,32749,109.449576,-7.595251,6/12/2024,2,Drone (rice field)
02_Pekalongan02_Sokoduwet,Pekalongan,32749,109.687039,-6.92986,6/10/2024,1,Drone (50x50)
Grumbuljurig,Brebes_Tegal,32749,109.295366,-7.425731,6/11/2024,2,Drone (rice field)
11_Demak03_Cangkring,Semarang_Demak,32749,110.793225,-6.860343,6/12/2024,6,Drone (rice field)
14_Kudus02_Payaman.tif,Klambu,32749,110.86898,-6.859837,6/13/2024,2,Drone (rice field)
Grumbuljurig,Brebes_Tegal,32749,109.294768,-7.425665,6/11/2024,2,Drone (rice field)
Grumbuljurig,Brebes_Tegal,32749,109.295569,-7.427112,6/11/2024,2,Drone (rice field)
Rapak,Brebes_Tegal,32749,109.352601,-7.434475,6/11/2024,1,Drone (rice field)
Rapak,Brebes_Tegal,32749,109.352039,-7.435217,6/11/2024,1,Drone (rice field)
Grumbuljurig,Brebes_Tegal,32749,109.294614,-7.425657,6/11/2024,2,Drone (rice field)
Karang Turi,Brebes_Tegal,32749,109.208415,-7.649944,6/11/2024,2,Drone (rice field)
Jatiluhur,Brebes_Tegal,32749,109.448295,-7.594996,6/12/2024,2,Drone (rice field)
Kembangsawit,Pekalongan,32749,109.726297,-7.732008,6/12/2024,2,Drone (rice field)
02_Pekalongan02_Sokoduwet,Pekalongan,32749,109.686602,-6.928703,6/10/2024,1,Drone (50x50)
02_Pekalongan02_Sokoduwet,Pekalongan,32749,109.686558,-6.928635,6/10/2024,1,Drone (50x50)
Karang Turi,Brebes_Tegal,32749,109.208985,-7.650617,6/11/2024,2,Drone (rice field)
07_Kendal03_Bangunrejo,Pekalongan,32749,110.186172,-6.905114,6/11/2024,1,Drone (rice field)
04_Pekalongan04_Bojonglor02,Pekalongan,32749,109.594541,-6.959539,6/10/2024,2,Drone (50x50)
02_Pekalongan02_Sokoduwet,Pekalongan,32749,109.687501,-6.928589,6/10/2024,1,Drone (50x50)
02_Pekalongan02_Sokoduwet,Pekalongan,32749,109.687515,-6.928541,6/10/2024,1,Drone (50x50)
13_Kudus01_GarungKidul,Klambu,32749,110.806484,-6.812879,6/13/2024,2,Drone (rice field)
11_Demak03_Cangkring,Semarang_Demak,32749,110.792804,-6.861772,6/12/2024,3,Drone (rice field)
03_Pekalongan03_Bojonglor01,Pekalongan,32749,109.597445,-6.960389,6/10/2024,2,Drone (50x50)
04_Pekalongan04_Bojonglor02,Pekalongan,32749,109.594348,-6.959378,6/10/2024,2,Drone (50x50)
Susukan,Brebes_Tegal,32749,109.375708,-7.503708,6/11/2024,1,Drone (rice field)
03_Pekalongan03_Bojonglor01,Pekalongan,32749,109.597819,-6.959592,6/10/2024,2,Drone (50x50)
Rapak,Brebes_Tegal,32749,109.353409,-7.435367,6/11/2024,1,Drone (rice field)
Rapak,Brebes_Tegal,32749,109.353324,-7.434915,6/11/2024,1,Drone (rice field)
Grumbuljurig,Brebes_Tegal,32749,109.294744,-7.425756,6/11/2024,2,Drone (rice field)
18_Kudus06_Gondoharum,Klambu,32749,110.964019,-6.810518,6/13/2024,4,Drone (rice field)
18_Kudus06_Gondoharum,Klambu,32749,110.963976,-6.810514,6/13/2024,4,Drone (rice field)
Jatiluhur,Brebes_Tegal,32749,109.448869,-7.595118,6/12/2024,2,Drone (rice field)
Kembangsawit,Pekalongan,32749,109.725673,-7.732392,6/12/2024,2,Drone (rice field)
Pesuruhan,Brebes_Tegal,32749,109.488849,-7.714878,6/12/2024,6,Drone (rice field)
04_Pekalongan04_Bojonglor02,Pekalongan,32749,109.594094,-6.96024,6/10/2024,2,Drone (50x50)
Jatiluhur,Brebes_Tegal,32749,109.4483,-7.595265,6/12/2024,2,Drone (rice field)
Grumbuljurig,Brebes_Tegal,32749,109.295794,-7.427041,6/11/2024,2,Drone (rice field)
Kembangsawit,Pekalongan,32749,109.725732,-7.732784,6/12/2024,2,Drone (rice field)
Kembangsawit,Pekalongan,32749,109.725781,-7.732701,6/12/2024,2,Drone (rice field)
02_Pekalongan02_Sokoduwet,Pekalongan,32749,109.686486,-6.929433,6/10/2024,1,Drone (50x50)
12_Demak04_Karanganyar,Semarang_Demak,32749,110.797843,-6.852178,6/12/2024,3,Drone (rice field)
Jatiluhur,Brebes_Tegal,32749,109.449182,-7.595513,6/12/2024,2,Drone (rice field)
Grumbuljurig,Brebes_Tegal,32749,109.294965,-7.425786,6/11/2024,2,Drone (rice field)
Grumbuljurig,Brebes_Tegal,32749,109.294879,-7.425773,6/11/2024,2,Drone (rice field)
02_Pekalongan02_Sokoduwet,Pekalongan,32749,109.686814,-6.928185,6/10/2024,6,Drone (50x50)
07_Kendal03_Bangunrejo,Pekalongan,32749,110.18497,-6.90635,6/11/2024,1,Drone (rice field)
07_Kendal03_Bangunrejo,Pekalongan,32749,110.185478,-6.906317,6/11/2024,1,Drone (rice field)
Jatibarang,Brebes_Tegal,32749,109.052603,-6.981682,6/10/2024,3,Drone (rice field)
Grumbuljurig,Brebes_Tegal,32749,109.295417,-7.426991,6/11/2024,2,Drone (rice field)
02_Pekalongan02_Sokoduwet,Pekalongan,32749,109.687041,-6.928227,6/10/2024,6,Drone (50x50)
03_Pekalongan03_Bojonglor01,Pekalongan,32749,109.597449,-6.959243,6/10/2024,2,Field Survey
02_Pekalongan02_Sokoduwet,Pekalongan,32749,109.688492,-6.929138,6/10/2024,2,Drone (50x50)
Rapak,Brebes_Tegal,32749,109.353041,-7.436154,6/11/2024,1,Drone (rice field)
Grumbuljurig,Brebes_Tegal,32749,109.29491,-7.425672,6/11/2024,2,Drone (rice field)
02_Pekalongan02_Sokoduwet,Pekalongan,32749,109.687626,-6.929405,6/10/2024,1,Drone (50x50)
Kembangsawit,Pekalongan,32749,109.726416,-7.731797,6/12/2024,2,Drone (rice field)
Jatiluhur,Brebes_Tegal,32749,109.448905,-7.594538,6/12/2024,2,Drone (rice field)
02_Pekalongan02_Sokoduwet,Pekalongan,32749,109.688976,-6.928981,6/10/2024,1,Drone (50x50)
07_Kendal03_Bangunrejo,Pekalongan,32749,110.185051,-6.905044,6/11/2024,1,Drone (rice field)
Pesuruhan,Brebes_Tegal,32749,109.489281,-7.716204,6/12/2024,6,Drone (rice field)
Jatiluhur,Brebes_Tegal,32749,109.450329,-7.594686,6/12/2024,2,Drone (rice field)
23_Ungaran01_Gogik,Semarang_Demak,32749,110.403676,-7.159195,6/15/2024,1,Drone (rice field)
02_Pekalongan02_Sokoduwet,Pekalongan,32749,109.687642,-6.929298,6/10/2024,1,Drone (50x50)
07_Kendal03_Bangunrejo,Pekalongan,32749,110.185478,-6.905797,6/11/2024,1,Drone (rice field)
Grumbuljurig,Brebes_Tegal,32749,109.295679,-7.426405,6/11/2024,2,Drone (rice field)
14_Kudus02_Payaman.tif,Klambu,32749,110.868381,-6.859989,6/13/2024,2,Drone (rice field)
14_Kudus02_Payaman.tif,Klambu,32749,110.866894,-6.859734,6/13/2024,2,Drone (rice field)
03_Pekalongan03_Bojonglor01,Pekalongan,32749,109.597674,-6.960099,6/10/2024,2,Drone (50x50)
Rapak,Brebes_Tegal,32749,109.353768,-7.435827,6/11/2024,1,Drone (rice field)
Grumbuljurig,Brebes_Tegal,32749,109.295766,-7.426733,6/11/2024,2,Drone (rice field)
16_Kudus04_Ngemplak,Klambu,32749,110.857478,-6.862879,6/13/2024,2,Drone (rice field)
04_Pekalongan04_Bojonglor02,Pekalongan,32749,109.595223,-6.959803,6/10/2024,2,Drone (50x50)
02_Pekalongan02_Sokoduwet,Pekalongan,32749,109.688573,-6.929577,6/10/2024,1,Drone (50x50)
Pekuwon,Pekalongan,32749,109.559316,-7.637987,6/12/2024,2,Drone (rice field)
Jatiluhur,Brebes_Tegal,32749,109.448642,-7.595081,6/12/2024,2,Drone (rice field)
04_Pekalongan04_Bojonglor02,Pekalongan,32749,109.59401,-6.960708,6/10/2024,2,Drone (50x50)
02_Pekalongan02_Sokoduwet,Pekalongan,32749,109.687116,-6.92888,6/10/2024,2,Drone (50x50)
Jatiluhur,Brebes_Tegal,32749,109.449607,-7.594794,6/12/2024,2,Drone (rice field)
Bocor,Pekalongan,32749,109.673848,-7.748506,6/12/2024,6,Drone (rice field)
04_Pekalongan04_Bojonglor02,Pekalongan,32749,109.595951,-6.960369,6/10/2024,2,Drone (50x50)
Jatiluhur,Brebes_Tegal,32749,109.44837,-7.595319,6/12/2024,2,Drone (rice field)
02_Pekalongan02_Sokoduwet,Pekalongan,32749,109.688419,-6.928874,6/10/2024,1,Drone (50x50)
Jatiluhur,Brebes_Tegal,32749,109.450301,-7.595305,6/12/2024,6,Drone (rice field)
Jatiluhur,Brebes_Tegal,32749,109.450337,-7.595302,6/12/2024,6,Drone (rice field)
Jatiluhur,Brebes_Tegal,32749,109.450371,-7.595286,6/12/2024,6,Drone (rice field)
04_Pekalongan04_Bojonglor02,Pekalongan,32749,109.594947,-6.959513,6/10/2024,2,Drone (50x50)
Kembangsawit,Pekalongan,32749,109.724892,-7.732163,6/12/2024,2,Drone (rice field)
03_Pekalongan03_Bojonglor01,Pekalongan,32749,109.598573,-6.959034,6/10/2024,2,Drone (50x50)
02_Pekalongan02_Sokoduwet,Pekalongan,32749,109.687839,-6.929444,6/10/2024,1,Drone (50x50)
02_Pekalongan02_Sokoduwet,Pekalongan,32749,109.688924,-6.929145,6/10/2024,1,Drone (50x50)
02_Pekalongan02_Sokoduwet,Pekalongan,32749,109.688941,-6.929092,6/10/2024,1,Drone (50x50)
02_Pekalongan02_Sokoduwet,Pekalongan,32749,109.686498,-6.929338,6/10/2024,1,Drone (50x50)
Kembangsawit,Pekalongan,32749,109.726285,-7.732094,6/12/2024,2,Drone (rice field)
Rapak,Brebes_Tegal,32749,109.353164,-7.436005,6/11/2024,1,Drone (rice field)
02_Pekalongan02_Sokoduwet,Pekalongan,32749,109.687375,-6.929156,6/10/2024,1,Drone (50x50)
15_Kudus03_Karangrowo,Klambu,32749,110.871217,-6.867519,6/13/2024,2,Drone (rice field)
02_Pekalongan02_Sokoduwet,Pekalongan,32749,109.687135,-6.9283,6/10/2024,1,Field Survey
Grumbuljurig,Brebes_Tegal,32749,109.295437,-7.426763,6/11/2024,2,Drone (rice field)
Karang Turi,Brebes_Tegal,32749,109.208949,-7.649646,6/11/2024,2,Drone (rice field)
Bajong,Brebes_Tegal,32749,109.41368,-7.426786,6/11/2024,2,Drone (rice field)
Banjareja,Pekalongan,32749,109.523426,-7.725404,6/12/2024,6,Drone (rice field)
Grumbuljurig,Brebes_Tegal,32749,109.295707,-7.426628,6/11/2024,2,Drone (rice field)
Susukan,Brebes_Tegal,32749,109.374502,-7.503704,6/11/2024,1,Drone (rice field)
Jatiluhur,Brebes_Tegal,32749,109.448657,-7.594476,6/12/2024,2,Drone (rice field)
04_Pekalongan04_Bojonglor02,Pekalongan,32749,109.594923,-6.959627,6/10/2024,2,Drone (50x50)
Kembangsawit,Pekalongan,32749,109.726314,-7.73327,6/12/2024,2,Drone (rice field)
Susukan,Brebes_Tegal,32749,109.375244,-7.504951,6/11/2024,1,Drone (rice field)
12_Demak04_Karanganyar,Semarang_Demak,32749,110.797786,-6.852276,6/12/2024,3,Drone (rice field)
Kembangsawit,Pekalongan,32749,109.726365,-7.732716,6/12/2024,2,Drone (rice field)
16_Kudus04_Ngemplak,Klambu,32749,110.856519,-6.862047,6/13/2024,2,Drone (rice field)
03_Pekalongan03_Bojonglor01,Pekalongan,32749,109.597305,-6.960865,6/10/2024,2,Drone (50x50)
04_Pekalongan04_Bojonglor02,Pekalongan,32749,109.595827,-6.959416,6/10/2024,2,Drone (50x50)
Rapak,Brebes_Tegal,32749,109.352617,-7.435126,6/11/2024,1,Drone (rice field)
Bocor,Pekalongan,32749,109.672425,-7.749218,6/12/2024,6,Drone (rice field)
15_Kudus03_Karangrowo,Klambu,32749,110.871177,-6.8689,6/13/2024,3,Drone (rice field)
02_Pekalongan02_Sokoduwet,Pekalongan,32749,109.687694,-6.929006,6/10/2024,2,Field Survey
16_Kudus04_Ngemplak,Klambu,32749,110.856539,-6.862415,6/13/2024,2,Drone (rice field)
18_Kudus06_Gondoharum,Klambu,32749,110.963375,-6.810444,6/13/2024,4,Drone (rice field)
04_Pekalongan04_Bojonglor02,Pekalongan,32749,109.595765,-6.960391,6/10/2024,2,Drone (50x50)
16_Kudus04_Ngemplak,Klambu,32749,110.857531,-6.86216,6/13/2024,2,Drone (rice field)
Jatiluhur,Brebes_Tegal,32749,109.448454,-7.59573,6/12/2024,2,Drone (rice field)
16_Kudus04_Ngemplak,Klambu,32749,110.856683,-6.861739,6/13/2024,2,Drone (rice field)
04_Pekalongan04_Bojonglor02,Pekalongan,32749,109.59609,-6.959692,6/10/2024,2,Field Survey
04_Pekalongan04_Bojonglor02,Pekalongan,32749,109.596097,-6.959687,6/10/2024,2,Drone (50x50)
04_Pekalongan04_Bojonglor02,Pekalongan,32749,109.593884,-6.960665,6/10/2024,2,Drone (50x50)
Bocor,Pekalongan,32749,109.672887,-7.750021,6/12/2024,6,Drone (rice field)
Rapak,Brebes_Tegal,32749,109.353441,-7.435197,6/11/2024,1,Drone (rice field)
04_Pekalongan04_Bojonglor02,Pekalongan,32749,109.595766,-6.959588,6/10/2024,2,Drone (50x50)
03_Pekalongan03_Bojonglor01,Pekalongan,32749,109.597235,-6.959595,6/10/2024,2,Drone (50x50)
Jatiluhur,Brebes_Tegal,32749,109.448916,-7.595048,6/12/2024,2,Drone (rice field)
02_Pekalongan02_Sokoduwet,Pekalongan,32749,109.688093,-6.928932,6/10/2024,1,Drone (50x50)
Rapak,Brebes_Tegal,32749,109.35245,-7.436383,6/11/2024,1,Drone (rice field)
Banjareja,Pekalongan,32749,109.523659,-7.725915,6/12/2024,6,Drone (rice field)
Banjareja,Pekalongan,32749,109.523589,-7.725902,6/12/2024,6,Drone (rice field)
02_Pekalongan02_Sokoduwet,Pekalongan,32749,109.687308,-6.928338,6/10/2024,1,Drone (50x50)
02_Pekalongan02_Sokoduwet,Pekalongan,32749,109.6873,-6.928277,6/10/2024,6,Drone (50x50)
Rapak,Brebes_Tegal,32749,109.352872,-7.434925,6/11/2024,1,Drone (rice field)
04_Pekalongan04_Bojonglor02,Pekalongan,32749,109.594163,-6.960863,6/10/2024,2,Drone (50x50)
Grumbuljurig,Brebes_Tegal,32749,109.295745,-7.426219,6/11/2024,2,Drone (rice field)
Kembangsawit,Pekalongan,32749,109.726388,-7.733264,6/12/2024,2,Drone (rice field)
07_Kendal03_Bangunrejo,Pekalongan,32749,110.185136,-6.906306,6/11/2024,1,Drone (rice field)
Karang Turi,Brebes_Tegal,32749,109.208478,-7.650294,6/11/2024,2,Drone (rice field)
Grumbuljurig,Brebes_Tegal,32749,109.295782,-7.426425,6/11/2024,2,Drone (rice field)
16_Kudus04_Ngemplak,Klambu,32749,110.8572,-6.861552,6/13/2024,1,Drone (rice field)
02_Pekalongan02_Sokoduwet,Pekalongan,32749,109.688506,-6.929065,6/10/2024,1,Drone (50x50)
02_Pekalongan02_Sokoduwet,Pekalongan,32749,109.688772,-6.92906,6/10/2024,1,Drone (50x50)
14_Kudus02_Payaman.tif,Klambu,32749,110.868419,-6.859698,6/13/2024,2,Drone (rice field)
Susukan,Brebes_Tegal,32749,109.37586,-7.503933,6/11/2024,1,Drone (rice field)
Jatiluhur,Brebes_Tegal,32749,109.450029,-7.595584,6/12/2024,6,Drone (rice field)
02_Pekalongan02_Sokoduwet,Pekalongan,32749,109.686295,-6.929157,6/10/2024,1,Drone (50x50)
07_Kendal03_Bangunrejo,Pekalongan,32749,110.185425,-6.904542,6/11/2024,1,Drone (rice field)
Pesuruhan,Brebes_Tegal,32749,109.488145,-7.715814,6/12/2024,3,Drone (rice field)
02_Pekalongan02_Sokoduwet,Pekalongan,32749,109.687813,-6.929581,6/10/2024,1,Drone (50x50)
03_Pekalongan03_Bojonglor01,Pekalongan,32749,109.597446,-6.960148,6/10/2024,2,Field Survey
03_Pekalongan03_Bojonglor01,Pekalongan,32749,109.597198,-6.960837,6/10/2024,2,Drone (50x50)
02_Pekalongan02_Sokoduwet,Pekalongan,32749,109.686832,-6.928828,6/10/2024,2,Drone (50x50)
Grumbuljurig,Brebes_Tegal,32749,109.295026,-7.425928,6/11/2024,2,Drone (rice field)
Jatiluhur,Brebes_Tegal,32749,109.449287,-7.594769,6/12/2024,2,Drone (rice field)
02_Pekalongan02_Sokoduwet,Pekalongan,32749,109.688655,-6.92892,6/10/2024,1,Drone (50x50)
Rapak,Brebes_Tegal,32749,109.352103,-7.435335,6/11/2024,1,Drone (rice field)
Rapak,Brebes_Tegal,32749,109.352185,-7.43527,6/11/2024,1,Drone (rice field)
Kembangsawit,Pekalongan,32749,109.725831,-7.732472,6/12/2024,2,Drone (rice field)
Kembangsawit,Pekalongan,32749,109.726235,-7.731909,6/12/2024,2,Drone (rice field)
Rapak,Brebes_Tegal,32749,109.353378,-7.435277,6/11/2024,1,Drone (rice field)
Pesuruhan,Brebes_Tegal,32749,109.489015,-7.714885,6/12/2024,6,Drone (rice field)
18_Kudus06_Gondoharum,Klambu,32749,110.965415,-6.809069,6/13/2024,4,Drone (rice field)
04_Pekalongan04_Bojonglor02,Pekalongan,32749,109.59604,-6.959259,6/10/2024,2,Drone (50x50)
Karang Turi,Brebes_Tegal,32749,109.208579,-7.650596,6/11/2024,2,Drone (rice field)
Pesuruhan,Brebes_Tegal,32749,109.488243,-7.716461,6/12/2024,3,Drone (rice field)
13_Kudus01_GarungKidul,Klambu,32749,110.806848,-6.811931,6/13/2024,3,Drone (rice field)
Susukan,Brebes_Tegal,32749,109.374245,-7.504519,6/11/2024,1,Drone (rice field)
Susukan,Brebes_Tegal,32749,109.374212,-7.504438,6/11/2024,1,Drone (rice field)
Susukan,Brebes_Tegal,32749,109.374967,-7.503972,6/11/2024,1,Drone (rice field)
Bajong,Brebes_Tegal,32749,109.411701,-7.426534,6/11/2024,4,Drone (rice field)
02_Pekalongan02_Sokoduwet,Pekalongan,32749,109.6865,-6.928882,6/10/2024,1,Drone (50x50)
Rapak,Brebes_Tegal,32749,109.351974,-7.435484,6/11/2024,1,Drone (rice field)
14_Kudus02_Payaman.tif,Klambu,32749,110.867087,-6.858795,6/13/2024,2,Drone (rice field)
18_Kudus06_Gondoharum,Klambu,32749,110.963846,-6.810502,6/13/2024,4,Drone (rice field)
18_Kudus06_Gondoharum,Klambu,32749,110.963781,-6.810495,6/13/2024,4,Drone (rice field)
03_Pekalongan03_Bojonglor01,Pekalongan,32749,109.597635,-6.959746,6/10/2024,2,Drone (50x50)
24_Ungaran02_Lerep,Semarang_Demak,32749,110.40043,-7.123412,6/15/2024,6,Drone (rice field)
02_Pekalongan02_Sokoduwet,Pekalongan,32749,109.687809,-6.929009,6/10/2024,2,Drone (50x50)
Grumbuljurig,Brebes_Tegal,32749,109.295259,-7.427132,6/11/2024,2,Drone (rice field)
Bajong,Brebes_Tegal,32749,109.413588,-7.426683,6/11/2024,2,Drone (rice field)
Kembangsawit,Pekalongan,32749,109.724879,-7.732782,6/12/2024,2,Drone (rice field)
Jatiluhur,Brebes_Tegal,32749,109.450066,-7.595033,6/12/2024,6,Drone (rice field)
16_Kudus04_Ngemplak,Klambu,32749,110.857565,-6.861532,6/13/2024,2,Drone (rice field)
Rapak,Brebes_Tegal,32749,109.35214,-7.435142,6/11/2024,1,Drone (rice field)
Grumbuljurig,Brebes_Tegal,32749,109.295451,-7.426029,6/11/2024,2,Drone (rice field)
Jatiluhur,Brebes_Tegal,32749,109.449003,-7.594983,6/12/2024,2,Drone (rice field)
02_Pekalongan02_Sokoduwet,Pekalongan,32749,109.688078,-6.929261,6/10/2024,1,Drone (50x50)
Bocor,Pekalongan,32749,109.672865,-7.749811,6/12/2024,6,Drone (rice field)
15_Kudus03_Karangrowo,Klambu,32749,110.87035,-6.868365,6/13/2024,2,Drone (rice field)
07_Kendal03_Bangunrejo,Pekalongan,32749,110.185611,-6.905942,6/11/2024,1,Drone (rice field)
03_Pekalongan03_Bojonglor01,Pekalongan,32749,109.597549,-6.960037,6/10/2024,2,Drone (50x50)
07_Kendal03_Bangunrejo,Pekalongan,32749,110.185422,-6.906351,6/11/2024,1,Drone (rice field)
07_Kendal03_Bangunrejo,Pekalongan,32749,110.185454,-6.906402,6/11/2024,1,Drone (rice field)
02_Pekalongan02_Sokoduwet,Pekalongan,32749,109.68685,-6.929404,6/10/2024,1,Drone (50x50)
Kembangsawit,Pekalongan,32749,109.726031,-7.731935,6/12/2024,2,Drone (rice field)
Jatiluhur,Brebes_Tegal,32749,109.449182,-7.594686,6/12/2024,2,Drone (rice field)
04_Pekalongan04_Bojonglor02,Pekalongan,32749,109.594276,-6.959811,6/10/2024,2,Drone (50x50)
Grumbuljurig,Brebes_Tegal,32749,109.294998,-7.425677,6/11/2024,2,Drone (rice field)
11_Demak03_Cangkring,Semarang_Demak,32749,110.791606,-6.861797,6/12/2024,3,Drone (rice field)
04_Pekalongan04_Bojonglor02,Pekalongan,32749,109.593982,-6.960214,6/10/2024,2,Drone (50x50)
07_Kendal03_Bangunrejo,Pekalongan,32749,110.185501,-6.904542,6/11/2024,1,Drone (rice field)
03_Pekalongan03_Bojonglor01,Pekalongan,32749,109.597599,-6.959458,6/10/2024,2,Drone (50x50)
02_Pekalongan02_Sokoduwet,Pekalongan,32749,109.68696,-6.928514,6/10/2024,1,Drone (50x50)
16_Kudus04_Ngemplak,Klambu,32749,110.857519,-6.862248,6/13/2024,2,Drone (rice field)
14_Kudus02_Payaman.tif,Klambu,32749,110.867929,-6.859989,6/13/2024,2,Drone (rice field)
Grumbuljurig,Brebes_Tegal,32749,109.295214,-7.426185,6/11/2024,2,Drone (rice field)
02_Pekalongan02_Sokoduwet,Pekalongan,32749,109.688313,-6.928973,6/10/2024,1,Drone (50x50)
02_Pekalongan02_Sokoduwet,Pekalongan,32749,109.688322,-6.928918,6/10/2024,1,Drone (50x50)
Jatibarang,Brebes_Tegal,32749,109.052628,-6.981349,6/10/2024,4,Drone (rice field)
04_Pekalongan04_Bojonglor02,Pekalongan,32749,109.594352,-6.960959,6/10/2024,2,Drone (50x50)
Rapak,Brebes_Tegal,32749,109.352926,-7.435215,6/11/2024,1,Drone (rice field)
Pesuruhan,Brebes_Tegal,32749,109.488331,-7.716064,6/12/2024,6,Drone (rice field)
Jatiluhur,Brebes_Tegal,32749,109.449611,-7.595543,6/12/2024,2,Drone (rice field)
07_Kendal03_Bangunrejo,Pekalongan,32749,110.185187,-6.906229,6/11/2024,1,Drone (rice field)
Kembangsawit,Pekalongan,32749,109.725063,-7.731575,6/12/2024,2,Drone (rice field)
Rapak,Brebes_Tegal,32749,109.352275,-7.436132,6/11/2024,1,Drone (rice field)
04_Pekalongan04_Bojonglor02,Pekalongan,32749,109.594879,-6.959833,6/10/2024,2,Drone (50x50)
04_Pekalongan04_Bojonglor02,Pekalongan,32749,109.596069,-6.960344,6/10/2024,2,Drone (50x50)
07_Kendal03_Bangunrejo,Pekalongan,32749,110.185254,-6.905072,6/11/2024,1,Drone (rice field)
Karang Turi,Brebes_Tegal,32749,109.208595,-7.649793,6/11/2024,2,Drone (rice field)
Pesuruhan,Brebes_Tegal,32749,109.489145,-7.716038,6/12/2024,6,Drone (rice field)
04_Pekalongan04_Bojonglor02,Pekalongan,32749,109.59455,-6.960589,6/10/2024,2,Drone (50x50)
04_Pekalongan04_Bojonglor02,Pekalongan,32749,109.594816,-6.96012,6/10/2024,2,Drone (50x50)
02_Pekalongan02_Sokoduwet,Pekalongan,32749,109.687614,-6.928972,6/10/2024,2,Drone (50x50)
07_Kendal03_Bangunrejo,Pekalongan,32749,110.185821,-6.905008,6/11/2024,1,Drone (rice field)
04_Pekalongan04_Bojonglor02,Pekalongan,32749,109.594381,-6.960296,6/10/2024,2,Drone (50x50)
Grumbuljurig,Brebes_Tegal,32749,109.295551,-7.426336,6/11/2024,2,Drone (rice field)
Kembangsawit,Pekalongan,32749,109.726348,-7.732607,6/12/2024,2,Drone (rice field)
11_Demak03_Cangkring,Semarang_Demak,32749,110.792804,-6.860867,6/12/2024,3,Drone (rice field)
Pesuruhan,Brebes_Tegal,32749,109.489087,-7.714764,6/12/2024,6,Drone (rice field)
04_Pekalongan04_Bojonglor02,Pekalongan,32749,109.594703,-6.960643,6/10/2024,2,Drone (50x50)
04_Pekalongan04_Bojonglor02,Pekalongan,32749,109.594868,-6.960652,6/10/2024,2,Drone (50x50)
02_Pekalongan02_Sokoduwet,Pekalongan,32749,109.686847,-6.929501,6/10/2024,1,Drone (50x50)
Kembangsawit,Pekalongan,32749,109.726192,-7.731774,6/12/2024,2,Drone (rice field)
Kembangsawit,Pekalongan,32749,109.726207,-7.731714,6/12/2024,2,Drone (rice field)
Rapak,Brebes_Tegal,32749,109.352745,-7.434981,6/11/2024,1,Drone (rice field)
16_Kudus04_Ngemplak,Klambu,32749,110.856906,-6.861674,6/13/2024,2,Drone (rice field)
04_Pekalongan04_Bojonglor02,Pekalongan,32749,109.595888,-6.960664,6/10/2024,2,Drone (50x50)
11_Demak03_Cangkring,Semarang_Demak,32749,110.792941,-6.860565,6/12/2024,2,Drone (rice field)
Susukan,Brebes_Tegal,32749,109.375268,-7.503977,6/11/2024,1,Drone (rice field)
02_Pekalongan02_Sokoduwet,Pekalongan,32749,109.688057,-6.929377,6/10/2024,1,Drone (50x50)
Susukan,Brebes_Tegal,32749,109.375409,-7.503816,6/11/2024,1,Drone (rice field)
Bocor,Pekalongan,32749,109.673278,-7.750141,6/12/2024,6,Drone (rice field)
14_Kudus02_Payaman.tif,Klambu,32749,110.868834,-6.859537,6/13/2024,2,Drone (rice field)
Grumbuljurig,Brebes_Tegal,32749,109.294586,-7.425854,6/11/2024,2,Drone (rice field)
07_Kendal03_Bangunrejo,Pekalongan,32749,110.185179,-6.905699,6/11/2024,1,Drone (rice field)
15_Kudus03_Karangrowo,Klambu,32749,110.870642,-6.868583,6/13/2024,2,Drone (rice field)
14_Kudus02_Payaman.tif,Klambu,32749,110.867477,-6.858632,6/13/2024,2,Drone (rice field)
14_Kudus02_Payaman.tif,Klambu,32749,110.867505,-6.858578,6/13/2024,2,Drone (rice field)
,Pekalongan,32749,109.969639,-7.738056,6/13/2024,2,Drone (rice field)
Rapak,Brebes_Tegal,32749,109.353224,-7.435203,6/11/2024,1,Drone (rice field)
Bocor,Pekalongan,32749,109.673935,-7.748472,6/12/2024,6,Drone (rice field)
07_Kendal03_Bangunrejo,Pekalongan,32749,110.184711,-6.906186,6/11/2024,6,Drone (rice field)
15_Kudus03_Karangrowo,Klambu,32749,110.871325,-6.868359,6/13/2024,3,Drone (rice field)
Jatiluhur,Brebes_Tegal,32749,109.448656,-7.594928,6/12/2024,2,Drone (rice field)
11_Demak03_Cangkring,Semarang_Demak,32749,110.792805,-6.860415,6/12/2024,6,Drone (rice field)
02_Pekalongan02_Sokoduwet,Pekalongan,32749,109.687585,-6.929206,6/10/2024,1,Field Survey
02_Pekalongan02_Sokoduwet,Pekalongan,32749,109.688675,-6.929391,6/10/2024,1,Drone (50x50)
07_Kendal03_Bangunrejo,Pekalongan,32749,110.185642,-6.906586,6/11/2024,1,Drone (rice field)
Kembangsawit,Pekalongan,32749,109.725577,-7.732386,6/12/2024,2,Drone (rice field)
Jatiluhur,Brebes_Tegal,32749,109.450188,-7.594728,6/12/2024,2,Drone (rice field)
02_Pekalongan02_Sokoduwet,Pekalongan,32749,109.687629,-6.929085,6/10/2024,1,Drone (50x50)
Grumbuljurig,Brebes_Tegal,32749,109.295148,-7.426817,6/11/2024,2,Drone (rice field)
Pesuruhan,Brebes_Tegal,32749,109.488449,-7.715437,6/12/2024,6,Drone (rice field)
Jatiluhur,Brebes_Tegal,32749,109.448548,-7.59511,6/12/2024,2,Drone (rice field)
13_Kudus01_GarungKidul,Klambu,32749,110.806503,-6.812995,6/13/2024,2,Drone (rice field)
03_Pekalongan03_Bojonglor01,Pekalongan,32749,109.597259,-6.959068,6/10/2024,2,Drone (50x50)
Grumbuljurig,Brebes_Tegal,32749,109.295142,-7.426894,6/11/2024,2,Drone (rice field)
07_Kendal03_Bangunrejo,Pekalongan,32749,110.185216,-6.904466,6/11/2024,1,Drone (rice field)
Kembangsawit,Pekalongan,32749,109.725785,-7.731688,6/12/2024,2,Drone (rice field)
Kembangsawit,Pekalongan,32749,109.725787,-7.731625,6/12/2024,2,Drone (rice field)
02_Pekalongan02_Sokoduwet,Pekalongan,32749,109.687627,-6.929203,6/10/2024,1,Drone (50x50)
03_Pekalongan03_Bojonglor01,Pekalongan,32749,109.597134,-6.959571,6/10/2024,2,Drone (50x50)
Grumbuljurig,Brebes_Tegal,32749,109.295428,-7.427107,6/11/2024,2,Drone (rice field)
Jatiluhur,Brebes_Tegal,32749,109.449905,-7.59505,6/12/2024,6,Drone (rice field)
Pekuwon,Pekalongan,32749,109.55904,-7.638609,6/12/2024,2,Drone (rice field)
14_Kudus02_Payaman.tif,Klambu,32749,110.868479,-6.860632,6/13/2024,2,Drone (rice field)
03_Pekalongan03_Bojonglor01,Pekalongan,32749,109.598496,-6.959015,6/10/2024,2,Drone (50x50)
03_Pekalongan03_Bojonglor01,Pekalongan,32749,109.598419,-6.958996,6/10/2024,2,Drone (50x50)
07_Kendal03_Bangunrejo,Pekalongan,32749,110.185825,-6.904575,6/11/2024,1,Drone (rice field)
Banjareja,Pekalongan,32749,109.523416,-7.725509,6/12/2024,6,Drone (rice field)
04_Pekalongan04_Bojonglor02,Pekalongan,32749,109.595636,-6.960142,6/10/2024,2,Field Survey
04_Pekalongan04_Bojonglor02,Pekalongan,32749,109.595658,-6.960095,6/10/2024,2,Drone (50x50)
04_Pekalongan04_Bojonglor02,Pekalongan,32749,109.595995,-6.959429,6/10/2024,2,Drone (50x50)
02_Pekalongan02_Sokoduwet,Pekalongan,32749,109.687631,-6.930008,6/10/2024,1,Drone (50x50)
02_Pekalongan02_Sokoduwet,Pekalongan,32749,109.687654,-6.928463,6/10/2024,1,Drone (50x50)
Kembangsawit,Pekalongan,32749,109.725091,-7.732547,6/12/2024,2,Drone (rice field)
02_Pekalongan02_Sokoduwet,Pekalongan,32749,109.688102,-6.928876,6/10/2024,1,Drone (50x50)
02_Pekalongan02_Sokoduwet,Pekalongan,32749,109.688142,-6.928822,6/10/2024,2,Drone (50x50)
Bajong,Brebes_Tegal,32749,109.413446,-7.426966,6/11/2024,2,Drone (rice field)
Kembangsawit,Pekalongan,32749,109.725527,-7.732293,6/12/2024,2,Drone (rice field)
Rapak,Brebes_Tegal,32749,109.352568,-7.43584,6/11/2024,1,Drone (rice field)
Rapak,Brebes_Tegal,32749,109.353457,-7.435712,6/11/2024,1,Drone (rice field)
15_Kudus03_Karangrowo,Klambu,32749,110.870609,-6.866469,6/13/2024,3,Drone (rice field)
Rapak,Brebes_Tegal,32749,109.351782,-7.435055,6/11/2024,1,Drone (rice field)
Grumbuljurig,Brebes_Tegal,32749,109.295234,-7.425645,6/11/2024,2,Drone (rice field)
15_Kudus03_Karangrowo,Klambu,32749,110.869979,-6.866899,6/13/2024,2,Drone (rice field)
03_Pekalongan03_Bojonglor01,Pekalongan,32749,109.598716,-6.959085,6/10/2024,2,Drone (50x50)
Grumbuljurig,Brebes_Tegal,32749,109.295166,-7.426611,6/11/2024,2,Drone (rice field)
14_Kudus02_Payaman.tif,Klambu,32749,110.868645,-6.859174,6/13/2024,2,Drone (rice field)
Susukan,Brebes_Tegal,32749,109.375591,-7.503786,6/11/2024,1,Drone (rice field)
Bajong,Brebes_Tegal,32749,109.413798,-7.426818,6/11/2024,2,Drone (rice field)
Bajong,Brebes_Tegal,32749,109.413729,-7.426801,6/11/2024,2,Drone (rice field)
Bajong,Brebes_Tegal,32749,109.413747,-7.426751,6/11/2024,2,Drone (rice field)
Bajong,Brebes_Tegal,32749,109.41402,-7.426173,6/11/2024,2,Drone (rice field)
16_Kudus04_Ngemplak,Klambu,32749,110.857319,-6.862797,6/13/2024,2,Drone (rice field)
02_Pekalongan02_Sokoduwet,Pekalongan,32749,109.686496,-6.929188,6/10/2024,1,Drone (50x50)
Kembangsawit,Pekalongan,32749,109.725579,-7.731481,6/12/2024,2,Drone (rice field)
07_Kendal03_Bangunrejo,Pekalongan,32749,110.185751,-6.906243,6/11/2024,1,Drone (rice field)
Bajong,Brebes_Tegal,32749,109.412269,-7.426031,6/11/2024,4,Drone (rice field)
Grumbuljurig,Brebes_Tegal,32749,109.2954,-7.425653,6/11/2024,2,Drone (rice field)
17_Kudus05_Tenggeles,Klambu,32749,110.910478,-6.81115,6/13/2024,2,Drone (rice field)
Bajong,Brebes_Tegal,32749,109.413771,-7.426703,6/11/2024,2,Drone (rice field)
Bajong,Brebes_Tegal,32749,109.413731,-7.426704,6/11/2024,2,Drone (rice field)
Pesuruhan,Brebes_Tegal,32749,109.488097,-7.716453,6/12/2024,6,Drone (rice field)
,Pekalongan,32749,109.927417,-7.744167,6/13/2024,2,Drone (rice field)
18_Kudus06_Gondoharum,Klambu,32749,110.963852,-6.810382,6/13/2024,4,Drone (rice field)
18_Kudus06_Gondoharum,Klambu,32749,110.963809,-6.810378,6/13/2024,4,Drone (rice field)
Karang Turi,Brebes_Tegal,32749,109.208396,-7.650297,6/11/2024,2,Drone (rice field)
Susukan,Brebes_Tegal,32749,109.375083,-7.504118,6/11/2024,1,Drone (rice field)
Bajong,Brebes_Tegal,32749,109.413559,-7.426565,6/11/2024,2,Drone (rice field)
Bajong,Brebes_Tegal,32749,109.413604,-7.426563,6/11/2024,2,Drone (rice field)
03_Pekalongan03_Bojonglor01,Pekalongan,32749,109.597337,-6.960357,6/10/2024,2,Drone (50x50)
04_Pekalongan04_Bojonglor02,Pekalongan,32749,109.596285,-6.959458,6/10/2024,2,Drone (50x50)
Pesuruhan,Brebes_Tegal,32749,109.487725,-7.715351,6/12/2024,3,Drone (rice field)
02_Pekalongan02_Sokoduwet,Pekalongan,32749,109.686853,-6.928415,6/10/2024,1,Drone (50x50)
Pesuruhan,Brebes_Tegal,32749,109.489262,-7.715923,6/12/2024,6,Drone (rice field)
Jatiluhur,Brebes_Tegal,32749,109.448859,-7.59465,6/12/2024,2,Drone (rice field)
Pesuruhan,Brebes_Tegal,32749,109.488976,-7.715587,6/12/2024,6,Drone (rice field)
Pekuwon,Pekalongan,32749,109.559295,-7.638609,6/12/2024,2,Drone (rice field)
11_Demak03_Cangkring,Semarang_Demak,32749,110.792773,-6.860741,6/12/2024,5,Drone (rice field)
07_Kendal03_Bangunrejo,Pekalongan,32749,110.185014,-6.904759,6/11/2024,1,Drone (rice field)
10_Demak02_Kalitengah,Semarang_Demak,32749,110.535573,-7.048385,6/12/2024,4,Drone (rice field)
18_Kudus06_Gondoharum,Klambu,32749,110.963697,-6.810222,6/13/2024,4,Drone (rice field)
Pekuwon,Pekalongan,32749,109.559027,-7.638893,6/12/2024,2,Drone (rice field)
04_Pekalongan04_Bojonglor02,Pekalongan,32749,109.594731,-6.96014,6/10/2024,2,Field Survey
02_Pekalongan02_Sokoduwet,Pekalongan,32749,109.68849,-6.929208,6/10/2024,1,Field Survey
04_Pekalongan04_Bojonglor02,Pekalongan,32749,109.594661,-6.960081,6/10/2024,2,Drone (50x50)
02_Pekalongan02_Sokoduwet,Pekalongan,32749,109.688474,-6.929238,6/10/2024,1,Drone (50x50)
Grumbuljurig,Brebes_Tegal,32749,109.295366,-7.42629,6/11/2024,2,Drone (rice field)
18_Kudus06_Gondoharum,Klambu,32749,110.965232,-6.8098,6/13/2024,4,Drone (rice field)
02_Pekalongan02_Sokoduwet,Pekalongan,32749,109.687221,-6.928564,6/10/2024,1,Drone (50x50)
06_Kendal02_Pesawahan,Pekalongan,32749,110.170778,-6.974567,6/11/2024,1,Drone (rice field)
06_Kendal02_Pesawahan,Pekalongan,32749,110.170764,-6.974557,6/11/2024,1,Drone (rice field)
Pesuruhan,Brebes_Tegal,32749,109.489155,-7.714878,6/12/2024,3,Drone (rice field)
16_Kudus04_Ngemplak,Klambu,32749,110.857067,-6.8627,6/13/2024,2,Drone (rice field)
Pekuwon,Pekalongan,32749,109.559648,-7.638003,6/12/2024,2,Drone (rice field)
02_Pekalongan02_Sokoduwet,Pekalongan,32749,109.687049,-6.929781,6/10/2024,1,Drone (50x50)
02_Pekalongan02_Sokoduwet,Pekalongan,32749,109.687064,-6.929699,6/10/2024,1,Drone (50x50)
Bajong,Brebes_Tegal,32749,109.412112,-7.426155,6/11/2024,4,Drone (rice field)
Rapak,Brebes_Tegal,32749,109.352952,-7.43617,6/11/2024,1,Drone (rice field)
Bajong,Brebes_Tegal,32749,109.412182,-7.426129,6/11/2024,4,Drone (rice field)
Kembangsawit,Pekalongan,32749,109.724908,-7.73229,6/12/2024,2,Drone (rice field)
Jatiluhur,Brebes_Tegal,32749,109.448394,-7.595054,6/12/2024,2,Drone (rice field)
Jatiluhur,Brebes_Tegal,32749,109.448314,-7.595002,6/12/2024,2,Drone (rice field)
18_Kudus06_Gondoharum,Klambu,32749,110.963747,-6.810372,6/13/2024,4,Drone (rice field)
18_Kudus06_Gondoharum,Klambu,32749,110.963686,-6.810368,6/13/2024,4,Drone (rice field)
02_Pekalongan02_Sokoduwet,Pekalongan,32749,109.688855,-6.928959,6/10/2024,1,Drone (50x50)
02_Pekalongan02_Sokoduwet,Pekalongan,32749,109.688805,-6.928894,6/10/2024,1,Drone (50x50)
Pekuwon,Pekalongan,32749,109.558676,-7.639202,6/12/2024,2,Drone (rice field)
04_Pekalongan04_Bojonglor02,Pekalongan,32749,109.595302,-6.961181,6/10/2024,2,Drone (50x50)
02_Pekalongan02_Sokoduwet,Pekalongan,32749,109.686267,-6.929297,6/10/2024,1,Drone (50x50)
04_Pekalongan04_Bojonglor02,Pekalongan,32749,109.596,-6.960629,6/10/2024,2,Drone (50x50)
03_Pekalongan03_Bojonglor01,Pekalongan,32749,109.59712,-6.960602,6/10/2024,2,Drone (50x50)
Rapak,Brebes_Tegal,32749,109.352417,-7.434587,6/11/2024,1,Drone (rice field)
Jatiluhur,Brebes_Tegal,32749,109.448848,-7.595207,6/12/2024,2,Drone (rice field)
02_Pekalongan02_Sokoduwet,Pekalongan,32749,109.68765,-6.92879,6/10/2024,1,Drone (50x50)
02_Pekalongan02_Sokoduwet,Pekalongan,32749,109.687659,-6.928717,6/10/2024,2,Drone (50x50)
Jatibarang,Brebes_Tegal,32749,109.053327,-6.982333,6/10/2024,3,Drone (rice field)
Kembangsawit,Pekalongan,32749,109.725169,-7.731533,6/12/2024,2,Drone (rice field)
02_Pekalongan02_Sokoduwet,Pekalongan,32749,109.686802,-6.929247,6/10/2024,1,Drone (50x50)
Pesuruhan,Brebes_Tegal,32749,109.489012,-7.715789,6/12/2024,3,Drone (rice field)
04_Pekalongan04_Bojonglor02,Pekalongan,32749,109.595823,-6.960958,6/10/2024,2,Drone (50x50)
Bocor,Pekalongan,32749,109.674134,-7.74888,6/12/2024,6,Drone (rice field)
01_Pekalongan01_KuripanYosorejo,Pekalongan,32749,109.684187,-6.920595,6/10/2024,1,Drone (50x50)
03_Pekalongan03_Bojonglor01,Pekalongan,32749,109.597349,-6.959761,6/10/2024,2,Drone (50x50)
Rapak,Brebes_Tegal,32749,109.35211,-7.435493,6/11/2024,1,Drone (rice field)
18_Kudus06_Gondoharum,Klambu,32749,110.963494,-6.809932,6/13/2024,4,Drone (rice field)
18_Kudus06_Gondoharum,Klambu,32749,110.963426,-6.809922,6/13/2024,4,Drone (rice field)
02_Pekalongan02_Sokoduwet,Pekalongan,32749,109.687387,-6.928854,6/10/2024,1,Drone (50x50)
02_Pekalongan02_Sokoduwet,Pekalongan,32749,109.687397,-6.9288,6/10/2024,1,Drone (50x50)
Karang Turi,Brebes_Tegal,32749,109.209333,-7.649641,6/11/2024,2,Drone (rice field)
Rapak,Brebes_Tegal,32749,109.352383,-7.43584,6/11/2024,1,Drone (rice field)
Jatiluhur,Brebes_Tegal,32749,109.448575,-7.595593,6/12/2024,2,Drone (rice field)
02_Pekalongan02_Sokoduwet,Pekalongan,32749,109.688303,-6.929423,6/10/2024,1,Drone (50x50)
Grumbuljurig,Brebes_Tegal,32749,109.294981,-7.42607,6/11/2024,2,Drone (rice field)
Jatiluhur,Brebes_Tegal,32749,109.449085,-7.594796,6/12/2024,2,Drone (rice field)
Pesuruhan,Brebes_Tegal,32749,109.488107,-7.715334,6/12/2024,3,Drone (rice field)
16_Kudus04_Ngemplak,Klambu,32749,110.8564,-6.862375,6/13/2024,2,Drone (rice field)
14_Kudus02_Payaman.tif,Klambu,32749,110.868714,-6.85977,6/13/2024,2,Drone (rice field)
02_Pekalongan02_Sokoduwet,Pekalongan,32749,109.686226,-6.929654,6/10/2024,1,Field Survey
Rapak,Brebes_Tegal,32749,109.352838,-7.435837,6/11/2024,1,Drone (rice field)
16_Kudus04_Ngemplak,Klambu,32749,110.857067,-6.862247,6/13/2024,1,Drone (rice field)
02_Pekalongan02_Sokoduwet,Pekalongan,32749,109.688965,-6.929037,6/10/2024,1,Drone (50x50)
Rapak,Brebes_Tegal,32749,109.353137,-7.434917,6/11/2024,1,Drone (rice field)
04_Pekalongan04_Bojonglor02,Pekalongan,32749,109.595376,-6.959865,6/10/2024,2,Drone (50x50)
Kembangsawit,Pekalongan,32749,109.7262,-7.73327,6/12/2024,2,Drone (rice field)
Pesuruhan,Brebes_Tegal,32749,109.488319,-7.716229,6/12/2024,6,Drone (rice field)
Maos,Brebes_Tegal,32749,109.151675,-7.614732,6/11/2024,6,Drone (rice field)
Kembangsawit,Pekalongan,32749,109.726346,-7.731671,6/12/2024,2,Drone (rice field)
Pesuruhan,Brebes_Tegal,32749,109.48919,-7.714993,6/12/2024,3,Drone (rice field)
02_Pekalongan02_Sokoduwet,Pekalongan,32749,109.688007,-6.929046,6/10/2024,2,Drone (50x50)
Rapak,Brebes_Tegal,32749,109.353184,-7.435637,6/11/2024,1,Drone (rice field)
Jatiluhur,Brebes_Tegal,32749,109.44848,-7.595601,6/12/2024,2,Drone (rice field)
Jatiluhur,Brebes_Tegal,32749,109.450107,-7.594716,6/12/2024,2,Drone (rice field)
15_Kudus03_Karangrowo,Klambu,32749,110.870642,-6.868131,6/13/2024,2,Drone (rice field)
Rapak,Brebes_Tegal,32749,109.35286,-7.435691,6/11/2024,1,Drone (rice field)
Jatiluhur,Brebes_Tegal,32749,109.450112,-7.595038,6/12/2024,6,Drone (rice field)
Jatiluhur,Brebes_Tegal,32749,109.45015,-7.595043,6/12/2024,6,Drone (rice field)
03_Pekalongan03_Bojonglor01,Pekalongan,32749,109.597291,-6.959374,6/10/2024,2,Drone (50x50)
07_Kendal03_Bangunrejo,Pekalongan,32749,110.185423,-6.905898,6/11/2024,1,Drone (rice field)
07_Kendal03_Bangunrejo,Pekalongan,32749,110.185433,-6.905934,6/11/2024,1,Drone (rice field)
Susukan,Brebes_Tegal,32749,109.374355,-7.503971,6/11/2024,1,Drone (rice field)
Rapak,Brebes_Tegal,32749,109.352083,-7.434635,6/11/2024,1,Drone (rice field)
Grumbuljurig,Brebes_Tegal,32749,109.295229,-7.425842,6/11/2024,2,Drone (rice field)
Banjareja,Pekalongan,32749,109.52356,-7.72554,6/12/2024,6,Drone (rice field)
07_Kendal03_Bangunrejo,Pekalongan,32749,110.185759,-6.906036,6/11/2024,1,Drone (rice field)
Rapak,Brebes_Tegal,32749,109.353602,-7.435875,6/11/2024,1,Drone (rice field)
Rapak,Brebes_Tegal,32749,109.353552,-7.435808,6/11/2024,1,Drone (rice field)
Grumbuljurig,Brebes_Tegal,32749,109.295122,-7.425948,6/11/2024,2,Drone (rice field)
02_Pekalongan02_Sokoduwet,Pekalongan,32749,109.68875,-6.929288,6/10/2024,1,Drone (50x50)
02_Pekalongan02_Sokoduwet,Pekalongan,32749,109.687835,-6.929241,6/10/2024,1,Drone (50x50)
Rapak,Brebes_Tegal,32749,109.352595,-7.435577,6/11/2024,1,Drone (rice field)
16_Kudus04_Ngemplak,Klambu,32749,110.856756,-6.862597,6/13/2024,2,Drone (rice field)
03_Pekalongan03_Bojonglor01,Pekalongan,32749,109.597191,-6.95977,6/10/2024,2,Drone (50x50)
02_Pekalongan02_Sokoduwet,Pekalongan,32749,109.688971,-6.928874,6/10/2024,1,Drone (50x50)
15_Kudus03_Karangrowo,Klambu,32749,110.870642,-6.867679,6/13/2024,2,Drone (rice field)
Karang Turi,Brebes_Tegal,32749,109.209046,-7.650616,6/11/2024,2,Drone (rice field)
Bajong,Brebes_Tegal,32749,109.413705,-7.426553,6/11/2024,2,Drone (rice field)
Kembangsawit,Pekalongan,32749,109.726193,-7.732194,6/12/2024,2,Drone (rice field)
04_Pekalongan04_Bojonglor02,Pekalongan,32749,109.595059,-6.959771,6/10/2024,2,Drone (50x50)
Grumbuljurig,Brebes_Tegal,32749,109.295627,-7.426103,6/11/2024,2,Drone (rice field)
Jatiluhur,Brebes_Tegal,32749,109.448403,-7.594744,6/12/2024,2,Drone (rice field)
02_Pekalongan02_Sokoduwet,Pekalongan,32749,109.687098,-6.928988,6/10/2024,1,Drone (50x50)
15_Kudus03_Karangrowo,Klambu,32749,110.870642,-6.866774,6/13/2024,3,Drone (rice field)
Kembangsawit,Pekalongan,32749,109.72537,-7.731525,6/12/2024,2,Drone (rice field)
Kembangsawit,Pekalongan,32749,109.725393,-7.731464,6/12/2024,2,Drone (rice field)
12_Demak04_Karanganyar,Semarang_Demak,32749,110.798216,-6.850721,6/12/2024,3,Drone (rice field)
Banjareja,Pekalongan,32749,109.523633,-7.725552,6/12/2024,6,Drone (rice field)
Karang Turi,Brebes_Tegal,32749,109.20907,-7.649592,6/11/2024,2,Drone (rice field)
15_Kudus03_Karangrowo,Klambu,32749,110.871622,-6.866926,6/13/2024,2,Drone (rice field)
16_Kudus04_Ngemplak,Klambu,32749,110.857162,-6.862745,6/13/2024,2,Drone (rice field)
Rapak,Brebes_Tegal,32749,109.352743,-7.435433,6/11/2024,1,Drone (rice field)
Rapak,Brebes_Tegal,32749,109.353674,-7.435646,6/11/2024,1,Drone (rice field)
02_Pekalongan02_Sokoduwet,Pekalongan,32749,109.688261,-6.929521,6/10/2024,1,Drone (50x50)
02_Pekalongan02_Sokoduwet,Pekalongan,32749,109.686225,-6.929532,6/10/2024,1,Drone (50x50)
15_Kudus03_Karangrowo,Klambu,32749,110.869777,-6.868617,6/13/2024,2,Drone (rice field)
07_Kendal03_Bangunrejo,Pekalongan,32749,110.185422,-6.906803,6/11/2024,1,Drone (rice field)
Maos,Brebes_Tegal,32749,109.151666,-7.61458,6/11/2024,6,Drone (rice field)
Jatiluhur,Brebes_Tegal,32749,109.449107,-7.595381,6/12/2024,2,Drone (rice field)
Kembangsawit,Pekalongan,32749,109.72594,-7.732024,6/12/2024,2,Drone (rice field)
Banjareja,Pekalongan,32749,109.523959,-7.725268,6/12/2024,6,Drone (rice field)
Pesuruhan,Brebes_Tegal,32749,109.489163,-7.716138,6/12/2024,6,Drone (rice field)
14_Kudus02_Payaman.tif,Klambu,32749,110.869168,-6.859051,6/13/2024,2,Drone (rice field)
07_Kendal03_Bangunrejo,Pekalongan,32749,110.185756,-6.906494,6/11/2024,1,Drone (rice field)
11_Demak03_Cangkring,Semarang_Demak,32749,110.792639,-6.861532,6/12/2024,4,Drone (rice field)
Kembangsawit,Pekalongan,32749,109.726238,-7.733098,6/12/2024,2,Drone (rice field)
Grumbuljurig,Brebes_Tegal,32749,109.294685,-7.426183,6/11/2024,2,Drone (rice field)
Pekuwon,Pekalongan,32749,109.558168,-7.638711,6/12/2024,2,Drone (rice field)
Kembangsawit,Pekalongan,32749,109.72491,-7.732485,6/12/2024,2,Drone (rice field)
Kembangsawit,Pekalongan,32749,109.724978,-7.732467,6/12/2024,2,Drone (rice field)
14_Kudus02_Payaman.tif,Klambu,32749,110.868847,-6.860424,6/13/2024,2,Drone (rice field)
Jatibarang,Brebes_Tegal,32749,109.053782,-6.980793,6/10/2024,5,Drone (rice field)
05_Kendal01_Dempelrejo,Pekalongan,32749,110.194368,-6.959639,6/11/2024,1,Drone (rice field)
Rapak,Brebes_Tegal,32749,109.352336,-7.436007,6/11/2024,1,Drone (rice field)
Rapak,Brebes_Tegal,32749,109.352829,-7.436113,6/11/2024,1,Drone (rice field)
Banjareja,Pekalongan,32749,109.523674,-7.725207,6/12/2024,6,Drone (rice field)
Banjareja,Pekalongan,32749,109.523602,-7.725196,6/12/2024,6,Drone (rice field)
14_Kudus02_Payaman.tif,Klambu,32749,110.868398,-6.858847,6/13/2024,2,Drone (rice field)
02_Pekalongan02_Sokoduwet,Pekalongan,32749,109.686538,-6.928774,6/10/2024,2,Drone (50x50)
07_Kendal03_Bangunrejo,Pekalongan,32749,110.186251,-6.904858,6/11/2024,1,Drone (rice field)
Rapak,Brebes_Tegal,32749,109.353184,-7.434803,6/11/2024,1,Drone (rice field)
Kembangsawit,Pekalongan,32749,109.726383,-7.732345,6/12/2024,2,Drone (rice field)
Pesuruhan,Brebes_Tegal,32749,109.488407,-7.716455,6/12/2024,6,Drone (rice field)
Karang Turi,Brebes_Tegal,32749,109.208327,-7.650299,6/11/2024,2,Drone (rice field)
02_Pekalongan02_Sokoduwet,Pekalongan,32749,109.688037,-6.929207,6/10/2024,1,Field Survey
02_Pekalongan02_Sokoduwet,Pekalongan,32749,109.687134,-6.928752,6/10/2024,1,Field Survey
Jatiluhur,Brebes_Tegal,32749,109.449865,-7.594705,6/12/2024,2,Drone (rice field)
Kembangsawit,Pekalongan,32749,109.725496,-7.732397,6/12/2024,2,Drone (rice field)
03_Pekalongan03_Bojonglor01,Pekalongan,32749,109.597537,-6.960573,6/10/2024,2,Drone (50x50)
Bajong,Brebes_Tegal,32749,109.413401,-7.42687,6/11/2024,2,Drone (rice field)
Bajong,Brebes_Tegal,32749,109.413446,-7.426264,6/11/2024,2,Drone (rice field)
Bajong,Brebes_Tegal,32749,109.413404,-7.426259,6/11/2024,2,Drone (rice field)
Bajong,Brebes_Tegal,32749,109.412267,-7.426138,6/11/2024,4,Drone (rice field)
02_Pekalongan02_Sokoduwet,Pekalongan,32749,109.688848,-6.929017,6/10/2024,1,Drone (50x50)
07_Kendal03_Bangunrejo,Pekalongan,32749,110.184517,-6.906349,6/11/2024,1,Drone (rice field)
07_Kendal03_Bangunrejo,Pekalongan,32749,110.184567,-6.906423,6/11/2024,1,Drone (rice field)
Bocor,Pekalongan,32749,109.672483,-7.749286,6/12/2024,6,Drone (rice field)
Banjareja,Pekalongan,32749,109.523825,-7.725783,6/12/2024,6,Drone (rice field)
02_Pekalongan02_Sokoduwet,Pekalongan,32749,109.686834,-6.929572,6/10/2024,1,Drone (50x50)
04_Pekalongan04_Bojonglor02,Pekalongan,32749,109.594945,-6.9603,6/10/2024,2,Drone (50x50)
03_Pekalongan03_Bojonglor01,Pekalongan,32749,109.59752,-6.959124,6/10/2024,2,Drone (50x50)
02_Pekalongan02_Sokoduwet,Pekalongan,32749,109.687425,-6.929367,6/10/2024,1,Drone (50x50)
Karang Turi,Brebes_Tegal,32749,109.208666,-7.650591,6/11/2024,2,Drone (rice field)
Pesuruhan,Brebes_Tegal,32749,109.488557,-7.71624,6/12/2024,6,Drone (rice field)
07_Kendal03_Bangunrejo,Pekalongan,32749,110.184586,-6.906362,6/11/2024,1,Drone (rice field)
15_Kudus03_Karangrowo,Klambu,32749,110.871094,-6.868131,6/13/2024,2,Drone (rice field)
23_Ungaran01_Gogik,Semarang_Demak,32749,110.403895,-7.158828,6/15/2024,1,Drone (rice field)
Rapak,Brebes_Tegal,32749,109.352573,-7.436268,6/11/2024,1,Drone (rice field)
Pesuruhan,Brebes_Tegal,32749,109.488558,-7.715788,6/12/2024,6,Drone (rice field)
12_Demak04_Karanganyar,Semarang_Demak,32749,110.797005,-6.851854,6/12/2024,3,Drone (rice field)
18_Kudus06_Gondoharum,Klambu,32749,110.964105,-6.809358,6/13/2024,4,Drone (rice field)
02_Pekalongan02_Sokoduwet,Pekalongan,32749,109.68776,-6.930014,6/10/2024,1,Drone (50x50)
02_Pekalongan02_Sokoduwet,Pekalongan,32749,109.687583,-6.92987,6/10/2024,1,Drone (50x50)
Pesuruhan,Brebes_Tegal,32749,109.488061,-7.715697,6/12/2024,6,Drone (rice field)
Grumbuljurig,Brebes_Tegal,32749,109.295253,-7.427078,6/11/2024,2,Drone (rice field)
Jatiluhur,Brebes_Tegal,32749,109.4502,-7.595071,6/12/2024,6,Drone (rice field)
Jatiluhur,Brebes_Tegal,32749,109.45025,-7.595045,6/12/2024,6,Drone (rice field)
12_Demak04_Karanganyar,Semarang_Demak,32749,110.797787,-6.851371,6/12/2024,3,Drone (rice field)
Kembangsawit,Pekalongan,32749,109.725308,-7.733003,6/12/2024,2,Drone (rice field)
Kembangsawit,Pekalongan,32749,109.725262,-7.732987,6/12/2024,2,Drone (rice field)
24_Ungaran02_Lerep,Semarang_Demak,32749,110.399998,-7.124218,6/15/2024,5,Drone (rice field)
Pesuruhan,Brebes_Tegal,32749,109.48901,-7.716241,6/12/2024,6,Drone (rice field)
07_Kendal03_Bangunrejo,Pekalongan,32749,110.185514,-6.905628,6/11/2024,1,Drone (rice field)
05_Kendal01_Dempelrejo,Pekalongan,32749,110.193986,-6.958533,6/11/2024,1,Drone (rice field)
Pesuruhan,Brebes_Tegal,32749,109.487694,-7.716115,6/12/2024,6,Drone (rice field)
15_Kudus03_Karangrowo,Klambu,32749,110.870152,-6.867916,6/13/2024,2,Drone (rice field)
04_Pekalongan04_Bojonglor02,Pekalongan,32749,109.595509,-6.961214,6/10/2024,2,Drone (50x50)
02_Pekalongan02_Sokoduwet,Pekalongan,32749,109.687271,-6.929227,6/10/2024,1,Drone (50x50)
24_Ungaran02_Lerep,Semarang_Demak,32749,110.399997,-7.124151,6/15/2024,5,Drone (rice field)
Bajong,Brebes_Tegal,32749,109.413255,-7.426736,6/11/2024,2,Drone (rice field)
Grumbuljurig,Brebes_Tegal,32749,109.294934,-7.426216,6/11/2024,2,Drone (rice field)
15_Kudus03_Karangrowo,Klambu,32749,110.871095,-6.867679,6/13/2024,2,Drone (rice field)
16_Kudus04_Ngemplak,Klambu,32749,110.857995,-6.862656,6/13/2024,2,Drone (rice field)
01_Pekalongan01_KuripanYosorejo,Pekalongan,32749,109.683403,-6.920894,6/10/2024,2,Drone (50x50)
Jatibarang,Brebes_Tegal,32749,109.053273,-6.98153,6/10/2024,3,Drone (rice field)
07_Kendal03_Bangunrejo,Pekalongan,32749,110.185878,-6.904542,6/11/2024,1,Drone (rice field)
Grumbuljurig,Brebes_Tegal,32749,109.29577,-7.426048,6/11/2024,2,Drone (rice field)
Pekuwon,Pekalongan,32749,109.559075,-7.638714,6/12/2024,2,Drone (rice field)
15_Kudus03_Karangrowo,Klambu,32749,110.871338,-6.867041,6/13/2024,2,Drone (rice field)
02_Pekalongan02_Sokoduwet,Pekalongan,32749,109.687627,-6.928899,6/10/2024,1,Drone (50x50)
Bajong,Brebes_Tegal,32749,109.413147,-7.426777,6/11/2024,2,Drone (rice field)
Pesuruhan,Brebes_Tegal,32749,109.48926,-7.715849,6/12/2024,6,Drone (rice field)
07_Kendal03_Bangunrejo,Pekalongan,32749,110.185982,-6.9053,6/11/2024,1,Drone (rice field)
Rapak,Brebes_Tegal,32749,109.352596,-7.436015,6/11/2024,1,Drone (rice field)
Susukan,Brebes_Tegal,32749,109.375167,-7.504139,6/11/2024,1,Drone (rice field)
03_Pekalongan03_Bojonglor01,Pekalongan,32749,109.5979,-6.958918,6/10/2024,2,Drone (50x50)
Susukan,Brebes_Tegal,32749,109.375603,-7.504412,6/11/2024,1,Drone (rice field)
Susukan,Brebes_Tegal,32749,109.375607,-7.504349,6/11/2024,1,Drone (rice field)
Rapak,Brebes_Tegal,32749,109.352103,-7.435408,6/11/2024,1,Drone (rice field)
Banjareja,Pekalongan,32749,109.523432,-7.724806,6/12/2024,6,Drone (rice field)
02_Pekalongan02_Sokoduwet,Pekalongan,32749,109.687986,-6.929149,6/10/2024,1,Drone (50x50)
Grumbuljurig,Brebes_Tegal,32749,109.294805,-7.42572,6/11/2024,2,Drone (rice field)
Grumbuljurig,Brebes_Tegal,32749,109.295332,-7.427104,6/11/2024,2,Drone (rice field)
Kembangsawit,Pekalongan,32749,109.725122,-7.732837,6/12/2024,2,Drone (rice field)
Pesuruhan,Brebes_Tegal,32749,109.489273,-7.716068,6/12/2024,6,Drone (rice field)
04_Pekalongan04_Bojonglor02,Pekalongan,32749,109.594025,-6.960918,6/10/2024,2,Drone (50x50)
02_Pekalongan02_Sokoduwet,Pekalongan,32749,109.686815,-6.928936,6/10/2024,1,Drone (50x50)
02_Pekalongan02_Sokoduwet,Pekalongan,32749,109.68823,-6.928728,6/10/2024,1,Drone (50x50)
Bajong,Brebes_Tegal,32749,109.413863,-7.426752,6/11/2024,2,Drone (rice field)
Kembangsawit,Pekalongan,32749,109.725123,-7.732384,6/12/2024,2,Drone (rice field)
07_Kendal03_Bangunrejo,Pekalongan,32749,110.184498,-6.906593,6/11/2024,1,Drone (rice field)
Karang Turi,Brebes_Tegal,32749,109.208268,-7.650289,6/11/2024,2,Drone (rice field)
Susukan,Brebes_Tegal,32749,109.375517,-7.503764,6/11/2024,1,Drone (rice field)
Rapak,Brebes_Tegal,32749,109.351756,-7.434954,6/11/2024,1,Drone (rice field)
04_Pekalongan04_Bojonglor02,Pekalongan,32749,109.595186,-6.960744,6/10/2024,2,Drone (50x50)
07_Kendal03_Bangunrejo,Pekalongan,32749,110.184674,-6.90478,6/11/2024,1,Drone (rice field)
Maos,Brebes_Tegal,32749,109.152479,-7.614026,6/11/2024,6,Drone (rice field)
Grumbuljurig,Brebes_Tegal,32749,109.295621,-7.426818,6/11/2024,2,Drone (rice field)
Kembangsawit,Pekalongan,32749,109.725528,-7.732165,6/12/2024,2,Drone (rice field)
Pekuwon,Pekalongan,32749,109.558446,-7.639413,6/12/2024,2,Drone (rice field)
Banjareja,Pekalongan,32749,109.523428,-7.724952,6/12/2024,6,Drone (rice field)
15_Kudus03_Karangrowo,Klambu,32749,110.871547,-6.867679,6/13/2024,2,Drone (rice field)
02_Pekalongan02_Sokoduwet,Pekalongan,32749,109.687284,-6.928497,6/10/2024,1,Drone (50x50)
07_Kendal03_Bangunrejo,Pekalongan,32749,110.185802,-6.905903,6/11/2024,1,Drone (rice field)
Karang Turi,Brebes_Tegal,32749,109.209914,-7.649881,6/11/2024,2,Drone (rice field)
Susukan,Brebes_Tegal,32749,109.375327,-7.505047,6/11/2024,1,Drone (rice field)
Banjareja,Pekalongan,32749,109.523881,-7.724954,6/12/2024,6,Drone (rice field)
Banjareja,Pekalongan,32749,109.52393,-7.724908,6/12/2024,6,Drone (rice field)
Banjareja,Pekalongan,32749,109.52386,-7.724895,6/12/2024,6,Drone (rice field)
16_Kudus04_Ngemplak,Klambu,32749,110.858125,-6.862085,6/13/2024,2,Drone (rice field)
13_Kudus01_GarungKidul,Klambu,32749,110.807034,-6.813803,6/13/2024,2,Drone (rice field)
24_Ungaran02_Lerep,Semarang_Demak,32749,110.400377,-7.123689,6/15/2024,2,Drone (rice field)
11_Demak03_Cangkring,Semarang_Demak,32749,110.792306,-6.861294,6/12/2024,4,Drone (rice field)
11_Demak03_Cangkring,Semarang_Demak,32749,110.792352,-6.861319,6/12/2024,4,Drone (rice field)
Kembangsawit,Pekalongan,32749,109.726227,-7.732514,6/12/2024,2,Drone (rice field)
Kembangsawit,Pekalongan,32749,109.726379,-7.732474,6/12/2024,2,Drone (rice field)
Kembangsawit,Pekalongan,32749,109.726173,-7.732431,6/12/2024,2,Drone (rice field)
Jatibarang,Brebes_Tegal,32749,109.053045,-6.982179,6/10/2024,3,Field Survey
04_Pekalongan04_Bojonglor02,Pekalongan,32749,109.595803,-6.961238,6/10/2024,2,Drone (50x50)
Rapak,Brebes_Tegal,32749,109.353432,-7.435536,6/11/2024,1,Drone (rice field)
02_Pekalongan02_Sokoduwet,Pekalongan,32749,109.686573,-6.92858,6/10/2024,1,Drone (50x50)
Susukan,Brebes_Tegal,32749,109.37416,-7.504452,6/11/2024,1,Drone (rice field)
24_Ungaran02_Lerep,Semarang_Demak,32749,110.400178,-7.123628,6/15/2024,2,Drone (rice field)
04_Pekalongan04_Bojonglor02,Pekalongan,32749,109.59428,-6.959686,6/10/2024,2,Field Survey
02_Pekalongan02_Sokoduwet,Pekalongan,32749,109.688091,-6.928987,6/10/2024,1,Drone (50x50)
Karang Turi,Brebes_Tegal,32749,109.208407,-7.650599,6/11/2024,2,Drone (rice field)
Susukan,Brebes_Tegal,32749,109.37488,-7.503589,6/11/2024,1,Drone (rice field)
Bajong,Brebes_Tegal,32749,109.413736,-7.426877,6/11/2024,2,Drone (rice field)
09_Demak01_Kembangarum,Semarang_Demak,32749,110.539532,-7.035929,6/12/2024,4,Drone (rice field)
05_Kendal01_Dempelrejo,Pekalongan,32749,110.194491,-6.958451,6/11/2024,1,Drone (rice field)
Pekuwon,Pekalongan,32749,109.558622,-7.637936,6/12/2024,2,Drone (rice field)
Jatiluhur,Brebes_Tegal,32749,109.45027,-7.594752,6/12/2024,2,Drone (rice field)
Rapak,Brebes_Tegal,32749,109.352741,-7.435885,6/11/2024,1,Drone (rice field)
Karang Turi,Brebes_Tegal,32749,109.209272,-7.649781,6/11/2024,2,Drone (rice field)
Rapak,Brebes_Tegal,32749,109.352418,-7.434509,6/11/2024,1,Drone (rice field)
Jatiluhur,Brebes_Tegal,32749,109.450273,-7.595344,6/12/2024,6,Drone (rice field)
Rapak,Brebes_Tegal,32749,109.35229,-7.435431,6/11/2024,1,Drone (rice field)
Rapak,Brebes_Tegal,32749,109.352322,-7.435406,6/11/2024,1,Drone (rice field)
Banjareja,Pekalongan,32749,109.524047,-7.725291,6/12/2024,6,Drone (rice field)
03_Pekalongan03_Bojonglor01,Pekalongan,32749,109.59684,-6.960966,6/10/2024,2,Drone (50x50)
04_Pekalongan04_Bojonglor02,Pekalongan,32749,109.594151,-6.959897,6/10/2024,2,Drone (50x50)
07_Kendal03_Bangunrejo,Pekalongan,32749,110.186206,-6.905005,6/11/2024,6,Drone (rice field)
07_Kendal03_Bangunrejo,Pekalongan,32749,110.186176,-6.904675,6/11/2024,1,Drone (rice field)
Karang Turi,Brebes_Tegal,32749,109.209163,-7.649942,6/11/2024,2,Drone (rice field)
09_Demak01_Kembangarum,Semarang_Demak,32749,110.538225,-7.036553,6/12/2024,4,Drone (rice field)
Bocor,Pekalongan,32749,109.673109,-7.749828,6/12/2024,6,Drone (rice field)
Bocor,Pekalongan,32749,109.672773,-7.749802,6/12/2024,6,Drone (rice field)
24_Ungaran02_Lerep,Semarang_Demak,32749,110.400827,-7.122803,6/15/2024,5,Drone (rice field)
07_Kendal03_Bangunrejo,Pekalongan,32749,110.184958,-6.905119,6/11/2024,2,Drone (rice field)
07_Kendal03_Bangunrejo,Pekalongan,32749,110.185,-6.905119,6/11/2024,2,Drone (rice field)
Pesuruhan,Brebes_Tegal,32749,109.488317,-7.716353,6/12/2024,6,Drone (rice field)
Pekuwon,Pekalongan,32749,109.559023,-7.638989,6/12/2024,2,Drone (rice field)
05_Kendal01_Dempelrejo,Pekalongan,32749,110.194371,-6.958443,6/11/2024,1,Drone (rice field)
04_Pekalongan04_Bojonglor02,Pekalongan,32749,109.595246,-6.960469,6/10/2024,2,Drone (50x50)
Rapak,Brebes_Tegal,32749,109.352421,-7.434697,6/11/2024,1,Drone (rice field)
Pesuruhan,Brebes_Tegal,32749,109.489266,-7.715997,6/12/2024,6,Drone (rice field)
Pesuruhan,Brebes_Tegal,32749,109.489176,-7.716232,6/12/2024,6,Drone (rice field)
02_Pekalongan02_Sokoduwet,Pekalongan,32749,109.687318,-6.928421,6/10/2024,1,Drone (50x50)
Grumbuljurig,Brebes_Tegal,32749,109.29502,-7.426234,6/11/2024,2,Drone (rice field)
Jatiluhur,Brebes_Tegal,32749,109.448642,-7.594835,6/12/2024,2,Drone (rice field)
Jatiluhur,Brebes_Tegal,32749,109.448581,-7.594828,6/12/2024,2,Drone (rice field)
03_Pekalongan03_Bojonglor01,Pekalongan,32749,109.598142,-6.958786,6/10/2024,2,Drone (50x50)
03_Pekalongan03_Bojonglor01,Pekalongan,32749,109.598103,-6.958717,6/10/2024,2,Drone (50x50)
12_Demak04_Karanganyar,Semarang_Demak,32749,110.798061,-6.85208,6/12/2024,3,Drone (rice field)
03_Pekalongan03_Bojonglor01,Pekalongan,32749,109.598636,-6.959105,6/10/2024,2,Drone (50x50)
02_Pekalongan02_Sokoduwet,Pekalongan,32749,109.688528,-6.928786,6/10/2024,1,Drone (50x50)
Pekuwon,Pekalongan,32749,109.558288,-7.638553,6/12/2024,2,Drone (rice field)
04_Pekalongan04_Bojonglor02,Pekalongan,32749,109.59457,-6.960993,6/10/2024,2,Drone (50x50)
04_Pekalongan04_Bojonglor02,Pekalongan,32749,109.595286,-6.959511,6/10/2024,2,Drone (50x50)
Susukan,Brebes_Tegal,32749,109.375051,-7.504403,6/11/2024,1,Drone (rice field)
Rapak,Brebes_Tegal,32749,109.352354,-7.435489,6/11/2024,1,Drone (rice field)
03_Pekalongan03_Bojonglor01,Pekalongan,32749,109.597435,-6.96002,6/10/2024,2,Drone (50x50)
Rapak,Brebes_Tegal,32749,109.352819,-7.436008,6/11/2024,1,Drone (rice field)
Bocor,Pekalongan,32749,109.673953,-7.749717,6/12/2024,6,Drone (rice field)
Kembangsawit,Pekalongan,32749,109.725414,-7.733312,6/12/2024,2,Drone (rice field)
04_Pekalongan04_Bojonglor02,Pekalongan,32749,109.594503,-6.959712,6/10/2024,2,Drone (50x50)
Pekuwon,Pekalongan,32749,109.559464,-7.638419,6/12/2024,2,Drone (rice field)
Pesuruhan,Brebes_Tegal,32749,109.489013,-7.715337,6/12/2024,6,Drone (rice field)
18_Kudus06_Gondoharum,Klambu,32749,110.963467,-6.810459,6/13/2024,4,Drone (rice field)
18_Kudus06_Gondoharum,Klambu,32749,110.963423,-6.810453,6/13/2024,4,Drone (rice field)
07_Kendal03_Bangunrejo,Pekalongan,32749,110.184887,-6.906709,6/11/2024,1,Drone (rice field)
Kembangsawit,Pekalongan,32749,109.725575,-7.732838,6/12/2024,2,Drone (rice field)
Banjareja,Pekalongan,32749,109.52437,-7.724647,6/12/2024,6,Drone (rice field)
Banjareja,Pekalongan,32749,109.524324,-7.724631,6/12/2024,6,Drone (rice field)
Pesuruhan,Brebes_Tegal,32749,109.488996,-7.715832,6/12/2024,3,Drone (rice field)
Jatiluhur,Brebes_Tegal,32749,109.448311,-7.59481,6/12/2024,2,Drone (rice field)
Jatiluhur,Brebes_Tegal,32749,109.44838,-7.594852,6/12/2024,2,Drone (rice field)
14_Kudus02_Payaman.tif,Klambu,32749,110.866806,-6.859415,6/13/2024,2,Drone (rice field)
02_Pekalongan02_Sokoduwet,Pekalongan,32749,109.687395,-6.929043,6/10/2024,1,Drone (50x50)
13_Kudus01_GarungKidul,Klambu,32749,110.806183,-6.813341,6/13/2024,2,Drone (rice field)
03_Pekalongan03_Bojonglor01,Pekalongan,32749,109.597531,-6.961595,6/10/2024,2,Drone (50x50)
02_Pekalongan02_Sokoduwet,Pekalongan,32749,109.687411,-6.928262,6/10/2024,1,Drone (50x50)
07_Kendal03_Bangunrejo,Pekalongan,32749,110.185173,-6.905521,6/11/2024,1,Drone (rice field)
02_Pekalongan02_Sokoduwet,Pekalongan,32749,109.688539,-6.929709,6/10/2024,1,Drone (50x50)
Kembangsawit,Pekalongan,32749,109.72643,-7.732197,6/12/2024,2,Drone (rice field)
Jatiluhur,Brebes_Tegal,32749,109.449667,-7.594594,6/12/2024,2,Drone (rice field)
07_Kendal03_Bangunrejo,Pekalongan,32749,110.186203,-6.904763,6/11/2024,1,Drone (rice field)
18_Kudus06_Gondoharum,Klambu,32749,110.965232,-6.809348,6/13/2024,4,Drone (rice field)
Bajong,Brebes_Tegal,32749,109.413672,-7.426861,6/11/2024,6,Drone (rice field)
Bajong,Brebes_Tegal,32749,109.41364,-7.426847,6/11/2024,2,Drone (rice field)
04_Pekalongan04_Bojonglor02,Pekalongan,32749,109.594322,-6.959579,6/10/2024,2,Drone (50x50)
Pekuwon,Pekalongan,32749,109.55877,-7.639061,6/12/2024,2,Drone (rice field)
Bajong,Brebes_Tegal,32749,109.41347,-7.426612,6/11/2024,2,Drone (rice field)
08_Kendal04_Ketapang,Pekalongan,32749,110.218313,-6.936489,6/11/2024,6,Drone (rice field)
Rapak,Brebes_Tegal,32749,109.352612,-7.435034,6/11/2024,1,Drone (rice field)
Bajong,Brebes_Tegal,32749,109.41352,-7.426558,6/11/2024,2,Drone (rice field)
09_Demak01_Kembangarum,Semarang_Demak,32749,110.538754,-7.036177,6/12/2024,4,Drone (rice field)
,Semarang_Demak,32749,110.3085,-7.569778,6/16/2024,2,Drone (rice field)
Rapak,Brebes_Tegal,32749,109.352359,-7.435043,6/11/2024,1,Drone (rice field)
Pekuwon,Pekalongan,32749,109.559696,-7.638803,6/12/2024,2,Drone (rice field)
04_Pekalongan04_Bojonglor02,Pekalongan,32749,109.595341,-6.960791,6/10/2024,2,Drone (50x50)
Pesuruhan,Brebes_Tegal,32749,109.48888,-7.715424,6/12/2024,6,Drone (rice field)
18_Kudus06_Gondoharum,Klambu,32749,110.965085,-6.809214,6/13/2024,4,Drone (rice field)
02_Pekalongan02_Sokoduwet,Pekalongan,32749,109.687586,-6.928754,6/10/2024,1,Field Survey
07_Kendal03_Bangunrejo,Pekalongan,32749,110.186068,-6.905444,6/11/2024,1,Drone (rice field)
Rapak,Brebes_Tegal,32749,109.351934,-7.435337,6/11/2024,1,Drone (rice field)
17_Kudus05_Tenggeles,Klambu,32749,110.911415,-6.812373,6/13/2024,2,Drone (rice field)
16_Kudus04_Ngemplak,Klambu,32749,110.857972,-6.8627,6/13/2024,2,Drone (rice field)
03_Pekalongan03_Bojonglor01,Pekalongan,32749,109.597448,-6.959696,6/10/2024,2,Field Survey
02_Pekalongan02_Sokoduwet,Pekalongan,32749,109.687375,-6.928928,6/10/2024,2,Drone (50x50)
16_Kudus04_Ngemplak,Klambu,32749,110.857519,-6.8627,6/13/2024,2,Drone (rice field)
Karang Turi,Brebes_Tegal,32749,109.20883,-7.649927,6/11/2024,2,Drone (rice field)
14_Kudus02_Payaman.tif,Klambu,32749,110.869093,-6.859286,6/13/2024,2,Drone (rice field)
Karang Turi,Brebes_Tegal,32749,109.209151,-7.649561,6/11/2024,2,Drone (rice field)
Grumbuljurig,Brebes_Tegal,32749,109.295144,-7.426088,6/11/2024,2,Drone (rice field)
Grumbuljurig,Brebes_Tegal,32749,109.295072,-7.426086,6/11/2024,2,Drone (rice field)
Kembangsawit,Pekalongan,32749,109.726345,-7.7316,6/12/2024,2,Drone (rice field)
Banjareja,Pekalongan,32749,109.524092,-7.725658,6/12/2024,6,Drone (rice field)
07_Kendal03_Bangunrejo,Pekalongan,32749,110.184534,-6.906509,6/11/2024,1,Drone (rice field)
14_Kudus02_Payaman.tif,Klambu,32749,110.868381,-6.860441,6/13/2024,2,Drone (rice field)
13_Kudus01_GarungKidul,Klambu,32749,110.806596,-6.812231,6/13/2024,3,Drone (rice field)
06_Kendal02_Pesawahan,Pekalongan,32749,110.170734,-6.974469,6/11/2024,2,Drone (rice field)
Karang Turi,Brebes_Tegal,32749,109.208575,-7.65029,6/11/2024,2,Drone (rice field)
15_Kudus03_Karangrowo,Klambu,32749,110.870189,-6.867679,6/13/2024,2,Drone (rice field)
13_Kudus01_GarungKidul,Klambu,32749,110.808291,-6.813704,6/13/2024,3,Drone (rice field)
02_Pekalongan02_Sokoduwet,Pekalongan,32749,109.687533,-6.928381,6/10/2024,1,Drone (50x50)
Rapak,Brebes_Tegal,32749,109.353106,-7.434576,6/11/2024,1,Drone (rice field)
Bajong,Brebes_Tegal,32749,109.412827,-7.426771,6/11/2024,2,Drone (rice field)
Grumbuljurig,Brebes_Tegal,32749,109.295091,-7.426243,6/11/2024,2,Drone (rice field)
11_Demak03_Cangkring,Semarang_Demak,32749,110.792989,-6.861403,6/12/2024,3,Drone (rice field)
Jatiluhur,Brebes_Tegal,32749,109.449605,-7.595025,6/12/2024,2,Drone (rice field)
18_Kudus06_Gondoharum,Klambu,32749,110.964949,-6.810166,6/13/2024,4,Drone (rice field)
07_Kendal03_Bangunrejo,Pekalongan,32749,110.184668,-6.90607,6/11/2024,6,Drone (rice field)
Rapak,Brebes_Tegal,32749,109.353198,-7.434983,6/11/2024,1,Drone (rice field)
07_Kendal03_Bangunrejo,Pekalongan,32749,110.18549,-6.906164,6/11/2024,1,Drone (rice field)
Pesuruhan,Brebes_Tegal,32749,109.489245,-7.715322,6/12/2024,3,Drone (rice field)
Pekuwon,Pekalongan,32749,109.559298,-7.638385,6/12/2024,2,Drone (rice field)
04_Pekalongan04_Bojonglor02,Pekalongan,32749,109.595879,-6.959235,6/10/2024,2,Drone (50x50)
Rapak,Brebes_Tegal,32749,109.352365,-7.435135,6/11/2024,1,Drone (rice field)
Kembangsawit,Pekalongan,32749,109.725045,-7.732916,6/12/2024,2,Drone (rice field)
07_Kendal03_Bangunrejo,Pekalongan,32749,110.184969,-6.906802,6/11/2024,1,Drone (rice field)
Susukan,Brebes_Tegal,32749,109.374628,-7.504333,6/11/2024,1,Drone (rice field)
Rapak,Brebes_Tegal,32749,109.353379,-7.435934,6/11/2024,1,Drone (rice field)
16_Kudus04_Ngemplak,Klambu,32749,110.857283,-6.86238,6/13/2024,2,Drone (rice field)
03_Pekalongan03_Bojonglor01,Pekalongan,32749,109.597091,-6.959744,6/10/2024,2,Drone (50x50)
07_Kendal03_Bangunrejo,Pekalongan,32749,110.184963,-6.905238,6/11/2024,1,Drone (rice field)
Jatiluhur,Brebes_Tegal,32749,109.448373,-7.594616,6/12/2024,2,Drone (rice field)
Jatibarang,Brebes_Tegal,32749,109.052946,-6.981373,6/10/2024,4,Drone (rice field)
23_Ungaran01_Gogik,Semarang_Demak,32749,110.403897,-7.158742,6/15/2024,1,Drone (rice field)
Kembangsawit,Pekalongan,32749,109.726137,-7.732665,6/12/2024,2,Drone (rice field)
Pesuruhan,Brebes_Tegal,32749,109.489235,-7.715231,6/12/2024,6,Drone (rice field)
12_Demak04_Karanganyar,Semarang_Demak,32749,110.798691,-6.851824,6/12/2024,3,Drone (rice field)
Bocor,Pekalongan,32749,109.672926,-7.749815,6/12/2024,6,Drone (rice field)
Pekuwon,Pekalongan,32749,109.559415,-7.638326,6/12/2024,2,Drone (rice field)
23_Ungaran01_Gogik,Semarang_Demak,32749,110.403646,-7.159087,6/15/2024,1,Drone (rice field)
23_Ungaran01_Gogik,Semarang_Demak,32749,110.403658,-7.159044,6/15/2024,1,Drone (rice field)
04_Pekalongan04_Bojonglor02,Pekalongan,32749,109.59541,-6.959706,6/10/2024,2,Drone (50x50)
02_Pekalongan02_Sokoduwet,Pekalongan,32749,109.687353,-6.929912,6/10/2024,1,Drone (50x50)
07_Kendal03_Bangunrejo,Pekalongan,32749,110.184791,-6.90493,6/11/2024,1,Drone (rice field)
02_Pekalongan02_Sokoduwet,Pekalongan,32749,109.687024,-6.928785,6/10/2024,1,Drone (50x50)
02_Pekalongan02_Sokoduwet,Pekalongan,32749,109.687042,-6.928732,6/10/2024,1,Drone (50x50)
Jatiluhur,Brebes_Tegal,32749,109.449963,-7.595739,6/12/2024,6,Drone (rice field)
Jatiluhur,Brebes_Tegal,32749,109.449861,-7.595118,6/12/2024,6,Drone (rice field)
07_Kendal03_Bangunrejo,Pekalongan,32749,110.184638,-6.905139,6/11/2024,1,Drone (rice field)
Jatiluhur,Brebes_Tegal,32749,109.448595,-7.594603,6/12/2024,2,Drone (rice field)
10_Demak02_Kalitengah,Semarang_Demak,32749,110.535853,-7.048436,6/12/2024,4,Drone (rice field)
15_Kudus03_Karangrowo,Klambu,32749,110.870189,-6.868131,6/13/2024,2,Drone (rice field)
03_Pekalongan03_Bojonglor01,Pekalongan,32749,109.596945,-6.960556,6/10/2024,2,Drone (50x50)
03_Pekalongan03_Bojonglor01,Pekalongan,32749,109.597899,-6.960149,6/10/2024,6,Field Survey
03_Pekalongan03_Bojonglor01,Pekalongan,32749,109.597454,-6.96086,6/10/2024,2,Drone (50x50)
Maos,Brebes_Tegal,32749,109.152705,-7.61366,6/11/2024,5,Drone (rice field)
Grumbuljurig,Brebes_Tegal,32749,109.295813,-7.425956,6/11/2024,2,Drone (rice field)
Kembangsawit,Pekalongan,32749,109.725596,-7.73304,6/12/2024,2,Drone (rice field)
03_Pekalongan03_Bojonglor01,Pekalongan,32749,109.597556,-6.960885,6/10/2024,3,Drone (50x50)
02_Pekalongan02_Sokoduwet,Pekalongan,32749,109.687324,-6.929827,6/10/2024,1,Drone (50x50)
06_Kendal02_Pesawahan,Pekalongan,32749,110.170304,-6.975193,6/11/2024,1,Drone (rice field)
Rapak,Brebes_Tegal,32749,109.353134,-7.434684,6/11/2024,1,Drone (rice field)
04_Pekalongan04_Bojonglor02,Pekalongan,32749,109.596166,-6.959439,6/10/2024,2,Drone (50x50)
Bocor,Pekalongan,32749,109.674525,-7.749534,6/12/2024,6,Drone (rice field)
08_Kendal04_Ketapang,Pekalongan,32749,110.217997,-6.93709,6/11/2024,1,Drone (rice field)
07_Kendal03_Bangunrejo,Pekalongan,32749,110.185692,-6.905331,6/11/2024,1,Drone (rice field)
Karang Turi,Brebes_Tegal,32749,109.209155,-7.649692,6/11/2024,2,Drone (rice field)
Pesuruhan,Brebes_Tegal,32749,109.488984,-7.715749,6/12/2024,3,Drone (rice field)
Pesuruhan,Brebes_Tegal,32749,109.488043,-7.714741,6/12/2024,3,Drone (rice field)
15_Kudus03_Karangrowo,Klambu,32749,110.871547,-6.866774,6/13/2024,2,Drone (rice field)
15_Kudus03_Karangrowo,Klambu,32749,110.870213,-6.868373,6/13/2024,3,Drone (rice field)
17_Kudus05_Tenggeles,Klambu,32749,110.909887,-6.811844,6/13/2024,3,Drone (rice field)
02_Pekalongan02_Sokoduwet,Pekalongan,32749,109.686482,-6.929757,6/10/2024,1,Drone (50x50)
02_Pekalongan02_Sokoduwet,Pekalongan,32749,109.686524,-6.929694,6/10/2024,1,Drone (50x50)
Rapak,Brebes_Tegal,32749,109.35195,-7.435406,6/11/2024,1,Drone (rice field)
Bajong,Brebes_Tegal,32749,109.413303,-7.426253,6/11/2024,2,Drone (rice field)
08_Kendal04_Ketapang,Pekalongan,32749,110.218409,-6.936707,6/11/2024,6,Drone (rice field)
Bocor,Pekalongan,32749,109.673616,-7.748646,6/12/2024,6,Drone (rice field)
Banjareja,Pekalongan,32749,109.524436,-7.724658,6/12/2024,6,Drone (rice field)
07_Kendal03_Bangunrejo,Pekalongan,32749,110.18482,-6.905742,6/11/2024,1,Drone (rice field)
Bocor,Pekalongan,32749,109.672486,-7.748954,6/12/2024,6,Drone (rice field)
Pesuruhan,Brebes_Tegal,32749,109.487941,-7.7153,6/12/2024,6,Drone (rice field)
Jatiluhur,Brebes_Tegal,32749,109.450115,-7.59524,6/12/2024,6,Drone (rice field)
Bocor,Pekalongan,32749,109.673207,-7.750049,6/12/2024,6,Drone (rice field)
Kembangsawit,Pekalongan,32749,109.725801,-7.732616,6/12/2024,2,Drone (rice field)
15_Kudus03_Karangrowo,Klambu,32749,110.870556,-6.866578,6/13/2024,3,Drone (rice field)
04_Pekalongan04_Bojonglor02,Pekalongan,32749,109.59384,-6.960834,6/10/2024,2,Drone (50x50)
02_Pekalongan02_Sokoduwet,Pekalongan,32749,109.687079,-6.929101,6/10/2024,1,Drone (50x50)
14_Kudus02_Payaman,Klambu,32749,110.866958,-6.859875,6/13/2024,2,Drone (rice field)
11_Demak03_Cangkring,Semarang_Demak,32749,110.792,-6.861164,6/12/2024,4,Drone (rice field)
13_Kudus01_GarungKidul,Klambu,32749,110.812444,-6.811611,6/13/2024,3,Drone (rice field)
Bajong,Brebes_Tegal,32749,109.413863,-7.426867,6/11/2024,2,Drone (rice field)
Bajong,Brebes_Tegal,32749,109.413886,-7.426822,6/11/2024,2,Drone (rice field)
Grumbuljurig,Brebes_Tegal,32749,109.295145,-7.426728,6/11/2024,2,Drone (rice field)
Kembangsawit,Pekalongan,32749,109.725929,-7.732093,6/12/2024,2,Drone (rice field)
03_Pekalongan03_Bojonglor01,Pekalongan,32749,109.598014,-6.959294,6/10/2024,2,Drone (50x50)
05_Kendal01_Dempelrejo,Pekalongan,32749,110.194959,-6.958911,6/11/2024,1,Drone (rice field)
08_Kendal04_Ketapang,Pekalongan,32749,110.21916,-6.937383,6/11/2024,6,Drone (rice field)
13_Kudus01_GarungKidul,Klambu,32749,110.806401,-6.812024,6/13/2024,3,Drone (rice field)
13_Kudus01_GarungKidul,Klambu,32749,110.806419,-6.812017,6/13/2024,3,Drone (rice field)
04_Pekalongan04_Bojonglor02,Pekalongan,32749,109.594561,-6.959424,6/10/2024,2,Drone (50x50)
05_Kendal01_Dempelrejo,Pekalongan,32749,110.194264,-6.958527,6/11/2024,1,Drone (rice field)
08_Kendal04_Ketapang,Pekalongan,32749,110.219374,-6.93712,6/11/2024,1,Drone (rice field)
Kembangsawit,Pekalongan,32749,109.725506,-7.733042,6/12/2024,2,Drone (rice field)
Jatiluhur,Brebes_Tegal,32749,109.449596,-7.595124,6/12/2024,2,Drone (rice field)
15_Kudus03_Karangrowo,Klambu,32749,110.869737,-6.868583,6/13/2024,2,Drone (rice field)
Susukan,Brebes_Tegal,32749,109.375583,-7.504477,6/11/2024,1,Drone (rice field)
Pesuruhan,Brebes_Tegal,32749,109.489262,-7.716273,6/12/2024,6,Drone (rice field)
Jatiluhur,Brebes_Tegal,32749,109.449965,-7.595477,6/12/2024,6,Drone (rice field)
04_Pekalongan04_Bojonglor02,Pekalongan,32749,109.594733,-6.959688,6/10/2024,2,Field Survey
11_Demak03_Cangkring,Semarang_Demak,32749,110.792352,-6.860867,6/12/2024,2,Drone (rice field)
Pesuruhan,Brebes_Tegal,32749,109.488108,-7.714882,6/12/2024,3,Drone (rice field)
Pesuruhan,Brebes_Tegal,32749,109.48811,-7.714876,6/12/2024,3,Drone (rice field)
Jatiluhur,Brebes_Tegal,32749,109.448491,-7.594841,6/12/2024,2,Drone (rice field)
Jatiluhur,Brebes_Tegal,32749,109.448528,-7.594813,6/12/2024,2,Drone (rice field)
03_Pekalongan03_Bojonglor01,Pekalongan,32749,109.596991,-6.960372,6/10/2024,2,Drone (50x50)
04_Pekalongan04_Bojonglor02,Pekalongan,32749,109.595863,-6.959922,6/10/2024,2,Drone (50x50)
02_Pekalongan02_Sokoduwet,Pekalongan,32749,109.688527,-6.929816,6/10/2024,1,Drone (50x50)
Rapak,Brebes_Tegal,32749,109.352871,-7.435398,6/11/2024,1,Drone (rice field)
15_Kudus03_Karangrowo,Klambu,32749,110.871067,-6.86739,6/13/2024,2,Drone (rice field)
14_Kudus02_Payaman.tif,Klambu,32749,110.86749,-6.858835,6/13/2024,2,Drone (rice field)
Susukan,Brebes_Tegal,32749,109.375532,-7.504739,6/11/2024,1,Drone (rice field)
Susukan,Brebes_Tegal,32749,109.374866,-7.504118,6/11/2024,1,Drone (rice field)
Kembangsawit,Pekalongan,32749,109.725332,-7.733303,6/12/2024,2,Drone (rice field)
Kembangsawit,Pekalongan,32749,109.725272,-7.733295,6/12/2024,2,Drone (rice field)
02_Pekalongan02_Sokoduwet,Pekalongan,32749,109.688795,-6.928839,6/10/2024,1,Drone (50x50)
Jatiluhur,Brebes_Tegal,32749,109.448456,-7.595463,6/12/2024,2,Drone (rice field)
Banjareja,Pekalongan,32749,109.523487,-7.725522,6/12/2024,6,Drone (rice field)
02_Pekalongan02_Sokoduwet,Pekalongan,32749,109.687946,-6.928674,6/10/2024,1,Drone (50x50)
05_Kendal01_Dempelrejo,Pekalongan,32749,110.194584,-6.958471,6/11/2024,1,Drone (rice field)
Bajong,Brebes_Tegal,32749,109.413449,-7.426657,6/11/2024,2,Drone (rice field)
Banjareja,Pekalongan,32749,109.524518,-7.725034,6/12/2024,6,Drone (rice field)
Rapak,Brebes_Tegal,32749,109.352867,-7.435314,6/11/2024,1,Drone (rice field)
Pesuruhan,Brebes_Tegal,32749,109.488103,-7.716238,6/12/2024,6,Drone (rice field)
02_Pekalongan02_Sokoduwet,Pekalongan,32749,109.686491,-6.929602,6/10/2024,1,Drone (50x50)
Rapak,Brebes_Tegal,32749,109.353155,-7.435751,6/11/2024,1,Drone (rice field)
Jatiluhur,Brebes_Tegal,32749,109.448519,-7.595919,6/12/2024,2,Drone (rice field)
07_Kendal03_Bangunrejo,Pekalongan,32749,110.185452,-6.904655,6/11/2024,1,Drone (rice field)
Susukan,Brebes_Tegal,32749,109.375269,-7.50371,6/11/2024,1,Drone (rice field)
03_Pekalongan03_Bojonglor01,Pekalongan,32749,109.598322,-6.958942,6/10/2024,2,Drone (50x50)
01_Pekalongan01_KuripanYosorejo,Pekalongan,32749,109.683436,-6.920659,6/10/2024,2,Drone (50x50)
Rapak,Brebes_Tegal,32749,109.352861,-7.436226,6/11/2024,1,Drone (rice field)
Rapak,Brebes_Tegal,32749,109.352863,-7.436176,6/11/2024,1,Drone (rice field)
Kembangsawit,Pekalongan,32749,109.725156,-7.732961,6/12/2024,2,Drone (rice field)
Kembangsawit,Pekalongan,32749,109.725099,-7.732942,6/12/2024,2,Drone (rice field)
04_Pekalongan04_Bojonglor02,Pekalongan,32749,109.594276,-6.961043,6/10/2024,2,Field Survey
04_Pekalongan04_Bojonglor02,Pekalongan,32749,109.595184,-6.960141,6/10/2024,2,Field Survey
04_Pekalongan04_Bojonglor02,Pekalongan,32749,109.594724,-6.959795,6/10/2024,2,Drone (50x50)
03_Pekalongan03_Bojonglor01,Pekalongan,32749,109.597986,-6.958952,6/10/2024,2,Drone (50x50)
03_Pekalongan03_Bojonglor01,Pekalongan,32749,109.598047,-6.958941,6/10/2024,2,Drone (50x50)
07_Kendal03_Bangunrejo,Pekalongan,32749,110.186234,-6.904919,6/11/2024,1,Drone (rice field)
11_Demak03_Cangkring,Semarang_Demak,32749,110.792811,-6.860932,6/12/2024,3,Drone (rice field)
Kembangsawit,Pekalongan,32749,109.725513,-7.733294,6/12/2024,2,Drone (rice field)
04_Pekalongan04_Bojonglor02,Pekalongan,32749,109.595911,-6.959696,6/10/2024,2,Drone (50x50)
04_Pekalongan04_Bojonglor02,Pekalongan,32749,109.595442,-6.959556,6/10/2024,2,Drone (50x50)
Grumbuljurig,Brebes_Tegal,32749,109.295579,-7.425688,6/11/2024,2,Drone (rice field)
Pesuruhan,Brebes_Tegal,32749,109.487706,-7.716263,6/12/2024,6,Drone (rice field)
03_Pekalongan03_Bojonglor01,Pekalongan,32749,109.597794,-6.959212,6/10/2024,2,Drone (50x50)
Susukan,Brebes_Tegal,32749,109.3743,-7.504369,6/11/2024,1,Drone (rice field)
Bajong,Brebes_Tegal,32749,109.413036,-7.426799,6/11/2024,2,Drone (rice field)
Grumbuljurig,Brebes_Tegal,32749,109.29519,-7.425954,6/11/2024,2,Drone (rice field)
Kembangsawit,Pekalongan,32749,109.726385,-7.731529,6/12/2024,2,Drone (rice field)
17_Kudus05_Tenggeles,Klambu,32749,110.911446,-6.811448,6/13/2024,2,Drone (rice field)
04_Pekalongan04_Bojonglor02,Pekalongan,32749,109.594301,-6.96073,6/10/2024,2,Drone (50x50)
07_Kendal03_Bangunrejo,Pekalongan,32749,110.185558,-6.905167,6/11/2024,1,Drone (rice field)
Kembangsawit,Pekalongan,32749,109.72542,-7.733026,6/12/2024,2,Drone (rice field)
Kembangsawit,Pekalongan,32749,109.725359,-7.73301,6/12/2024,2,Drone (rice field)
Banjareja,Pekalongan,32749,109.524054,-7.725979,6/12/2024,6,Drone (rice field)
16_Kudus04_Ngemplak,Klambu,32749,110.856614,-6.8627,6/13/2024,2,Drone (rice field)
18_Kudus06_Gondoharum,Klambu,32749,110.963874,-6.808896,6/13/2024,4,Drone (rice field)
18_Kudus06_Gondoharum,Klambu,32749,110.963869,-6.808952,6/13/2024,4,Drone (rice field)
02_Pekalongan02_Sokoduwet,Pekalongan,32749,109.68708,-6.929446,6/10/2024,1,Drone (50x50)
Rapak,Brebes_Tegal,32749,109.351925,-7.435149,6/11/2024,1,Drone (rice field)
02_Pekalongan02_Sokoduwet,Pekalongan,32749,109.687041,-6.928672,6/10/2024,1,Drone (50x50)
02_Pekalongan02_Sokoduwet,Pekalongan,32749,109.687066,-6.928617,6/10/2024,2,Drone (50x50)
13_Kudus01_GarungKidul,Klambu,32749,110.807181,-6.812054,6/13/2024,3,Drone (rice field)
02_Pekalongan02_Sokoduwet,Pekalongan,32749,109.686515,-6.929079,6/10/2024,1,Drone (50x50)
Rapak,Brebes_Tegal,32749,109.352131,-7.434948,6/11/2024,1,Drone (rice field)
Banjareja,Pekalongan,32749,109.524331,-7.72586,6/12/2024,6,Drone (rice field)
Banjareja,Pekalongan,32749,109.524361,-7.725714,6/12/2024,6,Drone (rice field)
Banjareja,Pekalongan,32749,109.524307,-7.725706,6/12/2024,6,Drone (rice field)
13_Kudus01_GarungKidul,Klambu,32749,110.806937,-6.812935,6/13/2024,2,Drone (rice field)
Rapak,Brebes_Tegal,32749,109.351949,-7.434835,6/11/2024,1,Drone (rice field)
Grumbuljurig,Brebes_Tegal,32749,109.295711,-7.425724,6/11/2024,2,Drone (rice field)
Grumbuljurig,Brebes_Tegal,32749,109.295758,-7.425702,6/11/2024,2,Drone (rice field)
Bocor,Pekalongan,32749,109.673725,-7.74993,6/12/2024,6,Drone (rice field)
Jatiluhur,Brebes_Tegal,32749,109.449562,-7.595468,6/12/2024,2,Drone (rice field)
23_Ungaran01_Gogik,Semarang_Demak,32749,110.403874,-7.161442,6/15/2024,2,Drone (rice field)
23_Ungaran01_Gogik,Semarang_Demak,32749,110.403904,-7.161387,6/15/2024,2,Drone (rice field)
03_Pekalongan03_Bojonglor01,Pekalongan,32749,109.598042,-6.958729,6/10/2024,2,Drone (50x50)
07_Kendal03_Bangunrejo,Pekalongan,32749,110.185151,-6.906594,6/11/2024,1,Drone (rice field)
07_Kendal03_Bangunrejo,Pekalongan,32749,110.185164,-6.906532,6/11/2024,1,Drone (rice field)
Bajong,Brebes_Tegal,32749,109.413869,-7.426331,6/11/2024,2,Drone (rice field)
Bajong,Brebes_Tegal,32749,109.41383,-7.426324,6/11/2024,2,Drone (rice field)
Bocor,Pekalongan,32749,109.672755,-7.749734,6/12/2024,6,Drone (rice field)
03_Pekalongan03_Bojonglor,Pekalongan,32749,109.597944,-6.9593,6/10/2024,2,Field Survey
03_Pekalongan03_Bojonglor01,Pekalongan,32749,109.597914,-6.959268,6/10/2024,2,Drone (50x50)
02_Pekalongan02_Sokoduwet,Pekalongan,32749,109.686796,-6.929048,6/10/2024,1,Drone (50x50)
07_Kendal03_Bangunrejo,Pekalongan,32749,110.185775,-6.906407,6/11/2024,1,Drone (rice field)
02_Pekalongan02_Sokoduwet,Pekalongan,32749,109.688489,-6.92966,6/10/2024,1,Field Survey
07_Kendal03_Bangunrejo,Pekalongan,32749,110.18633,-6.904995,6/11/2024,6,Drone (rice field)
Susukan,Brebes_Tegal,32749,109.374909,-7.503963,6/11/2024,1,Drone (rice field)
Kembangsawit,Pekalongan,32749,109.726253,-7.731533,6/12/2024,2,Drone (rice field)
Banjareja,Pekalongan,32749,109.523267,-7.726073,6/12/2024,6,Drone (rice field)
Pesuruhan,Brebes_Tegal,32749,109.489247,-7.715383,6/12/2024,6,Drone (rice field)
02_Pekalongan02_Sokoduwet,Pekalongan,32749,109.687711,-6.928629,6/10/2024,1,Drone (50x50)
08_Kendal04_Ketapang,Pekalongan,32749,110.218322,-6.93749,6/11/2024,6,Drone (rice field)
10_Demak02_Kalitengah,Semarang_Demak,32749,110.536039,-7.048084,6/12/2024,4,Drone (rice field)
16_Kudus04_Ngemplak,Klambu,32749,110.857972,-6.862248,6/13/2024,2,Drone (rice field)
16_Kudus04_Ngemplak,Klambu,32749,110.857966,-6.862239,6/13/2024,2,Drone (rice field)
Banjareja,Pekalongan,32749,109.524569,-7.725753,6/12/2024,6,Drone (rice field)
15_Kudus03_Karangrowo,Klambu,32749,110.869737,-6.866774,6/13/2024,2,Drone (rice field)
Bocor,Pekalongan,32749,109.6743,-7.74896,6/12/2024,6,Drone (rice field)
09_Demak01_Kembangarum,Semarang_Demak,32749,110.536777,-7.035039,6/12/2024,4,Drone (rice field)
Pesuruhan,Brebes_Tegal,32749,109.48799,-7.716254,6/12/2024,6,Drone (rice field)
07_Kendal03_Bangunrejo,Pekalongan,32749,110.185613,-6.90544,6/11/2024,1,Drone (rice field)
Karang Turi,Brebes_Tegal,32749,109.209393,-7.650685,6/11/2024,2,Drone (rice field)
08_Kendal04_Ketapang,Pekalongan,32749,110.218799,-6.937804,6/11/2024,1,Drone (rice field)
Susukan,Brebes_Tegal,32749,109.375261,-7.504112,6/11/2024,1,Drone (rice field)
11_Demak03_Cangkring,Semarang_Demak,32749,110.792352,-6.859962,6/12/2024,6,Drone (rice field)
12_Demak04_Karanganyar,Semarang_Demak,32749,110.798239,-6.850467,6/12/2024,3,Drone (rice field)
11_Demak03_Cangkring,Semarang_Demak,32749,110.791719,-6.861701,6/12/2024,3,Drone (rice field)
09_Demak01_Kembangarum,Semarang_Demak,32749,110.538404,-7.035872,6/12/2024,4,Drone (rice field)
15_Kudus03_Karangrowo,Klambu,32749,110.870692,-6.868768,6/13/2024,3,Drone (rice field)
Pesuruhan,Brebes_Tegal,32749,109.488794,-7.716119,6/12/2024,3,Drone (rice field)
Pesuruhan,Brebes_Tegal,32749,109.489253,-7.715473,6/12/2024,3,Drone (rice field)
03_Pekalongan03_Bojonglor01,Pekalongan,32749,109.596992,-6.960599,6/10/2024,2,Field Survey
02_Pekalongan02_Sokoduwet,Pekalongan,32749,109.687754,-6.928587,6/10/2024,1,Drone (50x50)
02_Pekalongan02_Sokoduwet,Pekalongan,32749,109.687726,-6.92853,6/10/2024,1,Drone (50x50)
Jatibarang,Brebes_Tegal,32749,109.053645,-6.982489,6/10/2024,5,Drone (rice field)
Bajong,Brebes_Tegal,32749,109.411577,-7.426517,6/11/2024,4,Drone (rice field)
Jatiluhur,Brebes_Tegal,32749,109.448526,-7.595733,6/12/2024,2,Drone (rice field)
15_Kudus03_Karangrowo,Klambu,32749,110.871095,-6.867227,6/13/2024,2,Drone (rice field)
23_Ungaran01_Gogik,Semarang_Demak,32749,110.404433,-7.159026,6/15/2024,3,Drone (rice field)
23_Ungaran01_Gogik,Semarang_Demak,32749,110.404426,-7.158985,6/15/2024,3,Drone (rice field)
07_Kendal03_Bangunrejo,Pekalongan,32749,110.185975,-6.906105,6/11/2024,1,Drone (rice field)
09_Demak01_Kembangarum,Semarang_Demak,32749,110.538672,-7.035787,6/12/2024,4,Drone (rice field)
Rapak,Brebes_Tegal,32749,109.353069,-7.434471,6/11/2024,1,Drone (rice field)
Kembangsawit,Pekalongan,32749,109.725054,-7.732386,6/12/2024,2,Drone (rice field)
Rapak,Brebes_Tegal,32749,109.351916,-7.43525,6/11/2024,1,Drone (rice field)
Pesuruhan,Brebes_Tegal,32749,109.488056,-7.716167,6/12/2024,3,Drone (rice field)
10_Demak02_Kalitengah,Semarang_Demak,32749,110.53575,-7.048622,6/12/2024,4,Drone (rice field)
Bocor,Pekalongan,32749,109.673629,-7.749823,6/12/2024,6,Drone (rice field)
Pesuruhan,Brebes_Tegal,32749,109.488023,-7.716088,6/12/2024,6,Drone (rice field)
08_Kendal04_Ketapang,Pekalongan,32749,110.218075,-6.937894,6/11/2024,1,Drone (rice field)
Banjareja,Pekalongan,32749,109.52428,-7.72462,6/12/2024,6,Drone (rice field)
Banjareja,Pekalongan,32749,109.524219,-7.724614,6/12/2024,6,Drone (rice field)
Rapak,Brebes_Tegal,32749,109.352367,-7.435328,6/11/2024,1,Drone (rice field)
Bocor,Pekalongan,32749,109.673845,-7.74941,6/12/2024,6,Drone (rice field)
Banjareja,Pekalongan,32749,109.523517,-7.725886,6/12/2024,6,Drone (rice field)
Rapak,Brebes_Tegal,32749,109.352789,-7.436253,6/11/2024,1,Drone (rice field)
Rapak,Brebes_Tegal,32749,109.352786,-7.436185,6/11/2024,1,Drone (rice field)
23_Ungaran01_Gogik,Semarang_Demak,32749,110.403687,-7.161304,6/15/2024,2,Drone (rice field)
Jatibarang,Brebes_Tegal,32749,109.052789,-6.981497,6/10/2024,3,Drone (rice field)
Pesuruhan,Brebes_Tegal,32749,109.488168,-7.715376,6/12/2024,3,Drone (rice field)
Jatiluhur,Brebes_Tegal,32749,109.448649,-7.595892,6/12/2024,2,Drone (rice field)
18_Kudus06_Gondoharum,Klambu,32749,110.964327,-6.809348,6/13/2024,4,Drone (rice field)
18_Kudus06_Gondoharum,Klambu,32749,110.964345,-6.809383,6/13/2024,4,Drone (rice field)
02_Pekalongan02_Sokoduwet,Pekalongan,32749,109.687404,-6.929507,6/10/2024,1,Drone (50x50)
Jatibarang,Brebes_Tegal,32749,109.053269,-6.981621,6/10/2024,3,Drone (rice field)
Susukan,Brebes_Tegal,32749,109.375897,-7.50401,6/11/2024,1,Drone (rice field)
Bajong,Brebes_Tegal,32749,109.413419,-7.426417,6/11/2024,2,Drone (rice field)
Bajong,Brebes_Tegal,32749,109.413377,-7.426413,6/11/2024,2,Drone (rice field)
Pekuwon,Pekalongan,32749,109.559073,-7.639166,6/12/2024,2,Drone (rice field)
Kembangsawit,Pekalongan,32749,109.724989,-7.732889,6/12/2024,2,Drone (rice field)
13_Kudus01_GarungKidul,Klambu,32749,110.806398,-6.812789,6/13/2024,2,Drone (rice field)
04_Pekalongan04_Bojonglor02,Pekalongan,32749,109.595606,-6.959156,6/10/2024,2,Drone (50x50)
01_Pekalongan01_KuripanYosorejo,Pekalongan,32749,109.684064,-6.920858,6/10/2024,2,Drone (50x50)
Jatibarang,Brebes_Tegal,32749,109.052943,-6.982091,6/10/2024,3,Drone (rice field)
12_Demak04_Karanganyar,Semarang_Demak,32749,110.798501,-6.851322,6/12/2024,3,Drone (rice field)
Rapak,Brebes_Tegal,32749,109.352746,-7.434529,6/11/2024,1,Drone (rice field)
08_Kendal04_Ketapang,Pekalongan,32749,110.218695,-6.938194,6/11/2024,6,Drone (rice field)
07_Kendal03_Bangunrejo,Pekalongan,32749,110.184742,-6.905039,6/11/2024,2,Drone (rice field)
Karang Turi,Brebes_Tegal,32749,109.208663,-7.650284,6/11/2024,2,Drone (rice field)
02_Pekalongan02_Sokoduwet,Pekalongan,32749,109.686597,-6.929527,6/10/2024,1,Drone (50x50)
01_Pekalongan01_KuripanYosorejo,Pekalongan,32749,109.684262,-6.920891,6/10/2024,2,Drone (50x50)
Bocor,Pekalongan,32749,109.673875,-7.749801,6/12/2024,6,Drone (rice field)
Bocor,Pekalongan,32749,109.673808,-7.749801,6/12/2024,6,Drone (rice field)
Pekuwon,Pekalongan,32749,109.558294,-7.639386,6/12/2024,2,Drone (rice field)
02_Pekalongan02_Sokoduwet,Pekalongan,32749,109.687637,-6.928846,6/10/2024,1,Drone (50x50)
Grumbuljurig,Brebes_Tegal,32749,109.294631,-7.427098,6/11/2024,2,Drone (rice field)
16_Kudus04_Ngemplak,Klambu,32749,110.857886,-6.86293,6/13/2024,2,Drone (rice field)
07_Kendal03_Bangunrejo,Pekalongan,32749,110.185056,-6.905397,6/11/2024,6,Drone (rice field)
08_Kendal04_Ketapang,Pekalongan,32749,110.218536,-6.93821,6/11/2024,6,Drone (rice field)
15_Kudus03_Karangrowo,Klambu,32749,110.871234,-6.866722,6/13/2024,2,Drone (rice field)
11_Demak03_Cangkring,Semarang_Demak,32749,110.792589,-6.861732,6/12/2024,3,Drone (rice field)
Rapak,Brebes_Tegal,32749,109.351839,-7.434978,6/11/2024,1,Drone (rice field)
Rapak,Brebes_Tegal,32749,109.351919,-7.434954,6/11/2024,1,Drone (rice field)
Grumbuljurig,Brebes_Tegal,32749,109.295491,-7.425905,6/11/2024,2,Drone (rice field)
15_Kudus03_Karangrowo,Klambu,32749,110.870189,-6.868583,6/13/2024,2,Drone (rice field)
04_Pekalongan04_Bojonglor02,Pekalongan,32749,109.59571,-6.959852,6/10/2024,2,Drone (50x50)
07_Kendal03_Bangunrejo,Pekalongan,32749,110.1853,-6.905214,6/11/2024,2,Drone (rice field)
07_Kendal03_Bangunrejo,Pekalongan,32749,110.185109,-6.904913,6/11/2024,1,Drone (rice field)
Banjareja,Pekalongan,32749,109.524167,-7.725673,6/12/2024,6,Drone (rice field)
02_Pekalongan02_Sokoduwet,Pekalongan,32749,109.68833,-6.929329,6/10/2024,1,Drone (50x50)
03_Pekalongan03_Bojonglor01,Pekalongan,32749,109.597526,-6.958622,6/10/2024,2,Drone (50x50)
Grumbuljurig,Brebes_Tegal,32749,109.294958,-7.426824,6/11/2024,2,Drone (rice field)
Bocor,Pekalongan,32749,109.674522,-7.74937,6/12/2024,6,Drone (rice field)
Kembangsawit,Pekalongan,32749,109.725483,-7.732459,6/12/2024,2,Drone (rice field)
15_Kudus03_Karangrowo,Klambu,32749,110.871006,-6.868255,6/13/2024,2,Drone (rice field)
Rapak,Brebes_Tegal,32749,109.353747,-7.435781,6/11/2024,1,Drone (rice field)
Susukan,Brebes_Tegal,32749,109.375386,-7.503645,6/11/2024,1,Drone (rice field)
Bocor,Pekalongan,32749,109.674164,-7.749683,6/12/2024,6,Drone (rice field)
Jatiluhur,Brebes_Tegal,32749,109.449982,-7.595651,6/12/2024,6,Drone (rice field)
Jatiluhur,Brebes_Tegal,32749,109.450002,-7.595631,6/12/2024,6,Drone (rice field)
24_Ungaran02_Lerep,Semarang_Demak,32749,110.399665,-7.122978,6/15/2024,6,Drone (rice field)
04_Pekalongan04_Bojonglor02,Pekalongan,32749,109.595597,-6.960387,6/10/2024,2,Drone (50x50)
02_Pekalongan02_Sokoduwet,Pekalongan,32749,109.687057,-6.929296,6/10/2024,1,Drone (50x50)
Karang Turi,Brebes_Tegal,32749,109.209835,-7.649905,6/11/2024,6,Drone (rice field)
Susukan,Brebes_Tegal,32749,109.375144,-7.50393,6/11/2024,1,Drone (rice field)
Bajong,Brebes_Tegal,32749,109.413511,-7.42689,6/11/2024,2,Drone (rice field)
11_Demak03_Cangkring,Semarang_Demak,32749,110.791447,-6.859962,6/12/2024,2,Drone (rice field)
11_Demak03_Cangkring,Semarang_Demak,32749,110.791457,-6.859901,6/12/2024,2,Drone (rice field)
04_Pekalongan04_Bojonglor02,Pekalongan,32749,109.594727,-6.961145,6/10/2024,2,Drone (50x50)
02_Pekalongan02_Sokoduwet,Pekalongan,32749,109.687078,-6.929189,6/10/2024,1,Drone (50x50)
07_Kendal03_Bangunrejo,Pekalongan,32749,110.185875,-6.906351,6/11/2024,1,Drone (rice field)
07_Kendal03_Bangunrejo,Pekalongan,32749,110.185131,-6.904683,6/11/2024,1,Drone (rice field)
Grumbuljurig,Brebes_Tegal,32749,109.295015,-7.42665,6/11/2024,2,Drone (rice field)
Pesuruhan,Brebes_Tegal,32749,109.488819,-7.714746,6/12/2024,6,Drone (rice field)
02_Pekalongan02_Sokoduwet,Pekalongan,32749,109.687861,-6.928943,6/10/2024,1,Drone (50x50)
02_Pekalongan02_Sokoduwet,Pekalongan,32749,109.687863,-6.928889,6/10/2024,1,Drone (50x50)
05_Kendal01_Dempelrejo,Pekalongan,32749,110.1949,-6.959399,6/11/2024,1,Drone (rice field)
Kembangsawit,Pekalongan,32749,109.726251,-7.73216,6/12/2024,2,Drone (rice field)
17_Kudus05_Tenggeles,Klambu,32749,110.911511,-6.811933,6/13/2024,3,Drone (rice field)
05_Kendal01_Dempelrejo,Pekalongan,32749,110.194077,-6.958556,6/11/2024,1,Drone (rice field)
07_Kendal03_Bangunrejo,Pekalongan,32749,110.185015,-6.904421,6/11/2024,1,Drone (rice field)
Rapak,Brebes_Tegal,32749,109.351921,-7.435056,6/11/2024,1,Drone (rice field)
09_Demak01_Kembangarum,Semarang_Demak,32749,110.538435,-7.03526,6/12/2024,4,Drone (rice field)
Pekuwon,Pekalongan,32749,109.559471,-7.638236,6/12/2024,2,Drone (rice field)
15_Kudus03_Karangrowo,Klambu,32749,110.870823,-6.866793,6/13/2024,2,Drone (rice field)
Pekuwon,Pekalongan,32749,109.558774,-7.638978,6/12/2024,2,Drone (rice field)
04_Pekalongan04_Bojonglor02,Pekalongan,32749,109.595122,-6.95948,6/10/2024,2,Drone (50x50)
02_Pekalongan02_Sokoduwet,Pekalongan,32749,109.688232,-6.929194,6/10/2024,1,Drone (50x50)
Pesuruhan,Brebes_Tegal,32749,109.48765,-7.716237,6/12/2024,6,Drone (rice field)
02_Pekalongan02_Sokoduwet,Pekalongan,32749,109.687398,-6.928741,6/10/2024,1,Drone (50x50)
23_Ungaran01_Gogik,Semarang_Demak,32749,110.403664,-7.159167,6/15/2024,1,Drone (rice field)
23_Ungaran01_Gogik,Semarang_Demak,32749,110.40366,-7.159126,6/15/2024,1,Drone (rice field)
05_Kendal01_Dempelrejo,Pekalongan,32749,110.193965,-6.960038,6/11/2024,1,Drone (rice field)
05_Kendal01_Dempelrejo,Pekalongan,32749,110.193998,-6.959984,6/11/2024,1,Drone (rice field)
07_Kendal03_Bangunrejo,Pekalongan,32749,110.18483,-6.90612,6/11/2024,1,Drone (rice field)
Banjareja,Pekalongan,32749,109.523344,-7.725493,6/12/2024,6,Drone (rice field)
Banjareja,Pekalongan,32749,109.524446,-7.725024,6/12/2024,6,Drone (rice field)
18_Kudus06_Gondoharum,Klambu,32749,110.963717,-6.81049,6/13/2024,4,Drone (rice field)
Rapak,Brebes_Tegal,32749,109.352625,-7.434582,6/11/2024,1,Drone (rice field)
Pesuruhan,Brebes_Tegal,32749,109.487655,-7.71488,6/12/2024,3,Drone (rice field)
03_Pekalongan03_Bojonglor01,Pekalongan,32749,109.598315,-6.958756,6/10/2024,2,Drone (50x50)
03_Pekalongan03_Bojonglor01,Pekalongan,32749,109.598263,-6.958742,6/10/2024,2,Drone (50x50)
07_Kendal03_Bangunrejo,Pekalongan,32749,110.185929,-6.906295,6/11/2024,1,Drone (rice field)
Kembangsawit,Pekalongan,32749,109.725817,-7.732533,6/12/2024,2,Drone (rice field)
04_Pekalongan04_Bojonglor02,Pekalongan,32749,109.596201,-6.959282,6/10/2024,2,Drone (50x50)
08_Kendal04_Ketapang,Pekalongan,32749,110.21818,-6.937722,6/11/2024,1,Drone (rice field)
Kembangsawit,Pekalongan,32749,109.72603,-7.732387,6/12/2024,2,Drone (rice field)
02_Pekalongan02_Sokoduwet,Pekalongan,32749,109.688039,-6.928755,6/10/2024,1,Field Survey
02_Pekalongan02_Sokoduwet,Pekalongan,32749,109.688003,-6.928738,6/10/2024,1,Drone (50x50)
Bajong,Brebes_Tegal,32749,109.412156,-7.426324,6/11/2024,4,Drone (rice field)
12_Demak04_Karanganyar,Semarang_Demak,32749,110.798239,-6.851823,6/12/2024,3,Drone (rice field)
Pesuruhan,Brebes_Tegal,32749,109.48898,-7.716486,6/12/2024,3,Drone (rice field)
Bajong,Brebes_Tegal,32749,109.41306,-7.4269,6/11/2024,2,Drone (rice field)
Banjareja,Pekalongan,32749,109.524002,-7.724923,6/12/2024,6,Drone (rice field)
15_Kudus03_Karangrowo,Klambu,32749,110.870527,-6.866808,6/13/2024,3,Drone (rice field)
03_Pekalongan03_Bojonglor01,Pekalongan,32749,109.597189,-6.959347,6/10/2024,2,Drone (50x50)
06_Kendal02_Pesawahan,Pekalongan,32749,110.172034,-6.97522,6/11/2024,5,Drone (rice field)
Karang Turi,Brebes_Tegal,32749,109.209495,-7.650683,6/11/2024,1,Drone (rice field)
07_Kendal03_Bangunrejo,Pekalongan,32749,110.186215,-6.905374,6/11/2024,1,Drone (rice field)
Bocor,Pekalongan,32749,109.674251,-7.749452,6/12/2024,6,Drone (rice field)
Kembangsawit,Pekalongan,32749,109.725227,-7.731691,6/12/2024,2,Drone (rice field)
Pekuwon,Pekalongan,32749,109.558437,-7.639565,6/12/2024,2,Drone (rice field)
Jatiluhur,Brebes_Tegal,32749,109.449996,-7.595039,6/12/2024,6,Drone (rice field)
17_Kudus05_Tenggeles,Klambu,32749,110.909854,-6.812126,6/13/2024,2,Drone (rice field)
03_Pekalongan03_Bojonglor01,Pekalongan,32749,109.597444,-6.961052,6/10/2024,2,Field Survey
02_Pekalongan02_Sokoduwet,Pekalongan,32749,109.686326,-6.928995,6/10/2024,1,Drone (50x50)
05_Kendal01_Dempelrejo,Pekalongan,32749,110.193918,-6.958521,6/11/2024,1,Drone (rice field)
15_Kudus03_Karangrowo,Klambu,32749,110.870614,-6.86817,6/13/2024,2,Drone (rice field)
18_Kudus06_Gondoharum,Klambu,32749,110.964328,-6.809615,6/13/2024,4,Drone (rice field)
02_Pekalongan02_Sokoduwet,Pekalongan,32749,109.686823,-6.929139,6/10/2024,1,Drone (50x50)
07_Kendal03_Bangunrejo,Pekalongan,32749,110.184661,-6.904425,6/11/2024,1,Drone (rice field)
07_Kendal03_Bangunrejo,Pekalongan,32749,110.184708,-6.904367,6/11/2024,1,Drone (rice field)
24_Ungaran02_Lerep,Semarang_Demak,32749,110.39991,-7.12367,6/15/2024,6,Drone (rice field)
03_Pekalongan03_Bojonglor01,Pekalongan,32749,109.598351,-6.960151,6/10/2024,1,Field Survey
Maos,Brebes_Tegal,32749,109.151627,-7.61364,6/11/2024,5,Drone (rice field)
13_Kudus01_GarungKidul,Klambu,32749,110.808073,-6.813427,6/13/2024,2,Drone (rice field)
07_Kendal03_Bangunrejo,Pekalongan,32749,110.184971,-6.905898,6/11/2024,1,Drone (rice field)
05_Kendal01_Dempelrejo,Pekalongan,32749,110.195145,-6.958622,6/11/2024,1,Drone (rice field)
07_Kendal03_Bangunrejo,Pekalongan,32749,110.184959,-6.905932,6/11/2024,1,Drone (rice field)
Susukan,Brebes_Tegal,32749,109.374731,-7.503675,6/11/2024,1,Drone (rice field)
23_Ungaran01_Gogik,Semarang_Demak,32749,110.404762,-7.159901,6/15/2024,2,Drone (rice field)
Jatiluhur,Brebes_Tegal,32749,109.448866,-7.595313,6/12/2024,2,Drone (rice field)
Jatiluhur,Brebes_Tegal,32749,109.450061,-7.594702,6/12/2024,2,Drone (rice field)
,Pekalongan,32749,110.030189,-7.740947,6/13/2024,6,Drone (rice field)
Bajong,Brebes_Tegal,32749,109.413623,-7.426783,6/11/2024,2,Drone (rice field)
Bajong,Brebes_Tegal,32749,109.413571,-7.426797,6/11/2024,2,Drone (rice field)
18_Kudus06_Gondoharum,Klambu,32749,110.964102,-6.810526,6/13/2024,4,Drone (rice field)
18_Kudus06_Gondoharum,Klambu,32749,110.96406,-6.810522,6/13/2024,4,Drone (rice field)
18_Kudus06_Gondoharum,Klambu,32749,110.963819,-6.810234,6/13/2024,4,Drone (rice field)
Jatiluhur,Brebes_Tegal,32749,109.450597,-7.594877,6/12/2024,2,Drone (rice field)
15_Kudus03_Karangrowo,Klambu,32749,110.871095,-6.866774,6/13/2024,2,Drone (rice field)
14_Kudus02_Payaman.tif,Klambu,32749,110.867476,-6.859084,6/13/2024,2,Drone (rice field)
16_Kudus04_Ngemplak,Klambu,32749,110.857876,-6.862831,6/13/2024,2,Drone (rice field)
18_Kudus06_Gondoharum,Klambu,32749,110.96409,-6.810377,6/13/2024,4,Drone (rice field)
04_Pekalongan04_Bojonglor02,Pekalongan,32749,109.595146,-6.961156,6/10/2024,2,Drone (50x50)
06_Kendal02_Pesawahan,Pekalongan,32749,110.170522,-6.974438,6/11/2024,2,Drone (rice field)
05_Kendal01_Dempelrejo,Pekalongan,32749,110.19381,-6.959023,6/11/2024,1,Drone (rice field)
Pesuruhan,Brebes_Tegal,32749,109.488844,-7.716321,6/12/2024,6,Drone (rice field)
Pesuruhan,Brebes_Tegal,32749,109.488121,-7.715929,6/12/2024,3,Drone (rice field)
23_Ungaran01_Gogik,Semarang_Demak,32749,110.404432,-7.158928,6/15/2024,3,Drone (rice field)
23_Ungaran01_Gogik,Semarang_Demak,32749,110.404438,-7.158886,6/15/2024,3,Drone (rice field)
07_Kendal03_Bangunrejo,Pekalongan,32749,110.186018,-6.905975,6/11/2024,1,Drone (rice field)
Jatiluhur,Brebes_Tegal,32749,109.450141,-7.595608,6/12/2024,6,Drone (rice field)
Jatiluhur,Brebes_Tegal,32749,109.450419,-7.595265,6/12/2024,6,Drone (rice field)
18_Kudus06_Gondoharum,Klambu,32749,110.963653,-6.810212,6/13/2024,4,Drone (rice field)
17_Kudus05_Tenggeles,Klambu,32749,110.909623,-6.811528,6/13/2024,2,Drone (rice field)
23_Ungaran01_Gogik,Semarang_Demak,32749,110.404652,-7.160233,6/15/2024,4,Drone (rice field)
04_Pekalongan04_Bojonglor02,Pekalongan,32749,109.595724,-6.960583,6/10/2024,2,Drone (50x50)
Susukan,Brebes_Tegal,32749,109.375477,-7.503931,6/11/2024,1,Drone (rice field)
12_Demak04_Karanganyar,Semarang_Demak,32749,110.797786,-6.851823,6/12/2024,3,Drone (rice field)
Kembangsawit,Pekalongan,32749,109.725219,-7.733289,6/12/2024,2,Drone (rice field)
17_Kudus05_Tenggeles,Klambu,32749,110.91093,-6.812507,6/13/2024,2,Drone (rice field)
02_Pekalongan02_Sokoduwet,Pekalongan,32749,109.691861,-6.912222,6/10/2024,2,Field Survey
Kembangsawit,Pekalongan,32749,109.726343,-7.733117,6/12/2024,2,Drone (rice field)
23_Ungaran01_Gogik,Semarang_Demak,32749,110.403581,-7.16089,6/15/2024,6,Drone (rice field)
02_Pekalongan02_Sokoduwet,Pekalongan,32749,109.686802,-6.928241,6/10/2024,1,Drone (50x50)
06_Kendal02_Pesawahan,Pekalongan,32749,110.170882,-6.974493,6/11/2024,2,Drone (rice field)
08_Kendal04_Ketapang,Pekalongan,32749,110.218136,-6.938002,6/11/2024,6,Drone (rice field)
Banjareja,Pekalongan,32749,109.522943,-7.725413,6/12/2024,6,Drone (rice field)
Banjareja,Pekalongan,32749,109.522893,-7.725343,6/12/2024,6,Drone (rice field)
Jatiluhur,Brebes_Tegal,32749,109.44874,-7.595672,6/12/2024,2,Drone (rice field)
Pekuwon,Pekalongan,32749,109.559714,-7.638338,6/12/2024,2,Drone (rice field)
01_Pekalongan01_KuripanYosorejo,Pekalongan,32749,109.682473,-6.921577,6/10/2024,6,Drone (50x50)
17_Kudus05_Tenggeles,Klambu,32749,110.910197,-6.811602,6/13/2024,2,Drone (rice field)
03_Pekalongan03_Bojonglor01,Pekalongan,32749,109.59817,-6.958672,6/10/2024,2,Drone (50x50)
Bajong,Brebes_Tegal,32749,109.412164,-7.426021,6/11/2024,4,Drone (rice field)
Pekuwon,Pekalongan,32749,109.558683,-7.639117,6/12/2024,2,Drone (rice field)
16_Kudus04_Ngemplak,Klambu,32749,110.856782,-6.861693,6/13/2024,2,Drone (rice field)
Susukan,Brebes_Tegal,32749,109.375714,-7.503922,6/11/2024,1,Drone (rice field)
11_Demak03_Cangkring,Semarang_Demak,32749,110.791686,-6.860808,6/12/2024,3,Drone (rice field)
Jatiluhur,Brebes_Tegal,32749,109.448868,-7.594894,6/12/2024,2,Drone (rice field)
16_Kudus04_Ngemplak,Klambu,32749,110.857714,-6.862973,6/13/2024,2,Drone (rice field)
Karang Turi,Brebes_Tegal,32749,109.20887,-7.650584,6/11/2024,2,Drone (rice field)
Rapak,Brebes_Tegal,32749,109.352357,-7.435581,6/11/2024,1,Drone (rice field)
Bajong,Brebes_Tegal,32749,109.412391,-7.426045,6/11/2024,4,Drone (rice field)
11_Demak03_Cangkring,Semarang_Demak,32749,110.792514,-6.860023,6/12/2024,6,Drone (rice field)
04_Pekalongan04_Bojonglor02,Pekalongan,32749,109.595127,-6.961234,6/10/2024,2,Drone (50x50)
11_Demak03_Cangkring,Semarang_Demak,32749,110.792525,-6.861028,6/12/2024,2,Drone (rice field)
Jatiluhur,Brebes_Tegal,32749,109.449591,-7.595739,6/12/2024,2,Drone (rice field)
06_Kendal02_Pesawahan,Pekalongan,32749,110.170821,-6.974616,6/11/2024,2,Drone (rice field)
07_Kendal03_Bangunrejo,Pekalongan,32749,110.185368,-6.906764,6/11/2024,1,Drone (rice field)
Bajong,Brebes_Tegal,32749,109.413437,-7.42677,6/11/2024,2,Drone (rice field)
Jatiluhur,Brebes_Tegal,32749,109.448652,-7.595832,6/12/2024,2,Drone (rice field)
Kembangsawit,Pekalongan,32749,109.725167,-7.732292,6/12/2024,2,Drone (rice field)
Pekuwon,Pekalongan,32749,109.559083,-7.639424,6/12/2024,2,Drone (rice field)
18_Kudus06_Gondoharum,Klambu,32749,110.963677,-6.810484,6/13/2024,4,Drone (rice field)
24_Ungaran02_Lerep,Semarang_Demak,32749,110.400131,-7.123627,6/15/2024,2,Drone (rice field)
04_Pekalongan04_Bojonglor02,Pekalongan,32749,109.594201,-6.959323,6/10/2024,2,Drone (50x50)
04_Pekalongan04_Bojonglor02,Pekalongan,32749,109.594265,-6.959304,6/10/2024,2,Drone (50x50)
05_Kendal01_Dempelrejo,Pekalongan,32749,110.194017,-6.959731,6/11/2024,1,Drone (rice field)
05_Kendal01_Dempelrejo,Pekalongan,32749,110.194679,-6.959729,6/11/2024,1,Drone (rice field)
07_Kendal03_Bangunrejo,Pekalongan,32749,110.184532,-6.905306,6/11/2024,1,Drone (rice field)
09_Demak01_Kembangarum,Semarang_Demak,32749,110.538636,-7.036445,6/12/2024,4,Drone (rice field)
09_Demak01_Kembangarum,Semarang_Demak,32749,110.538088,-7.03623,6/12/2024,4,Drone (rice field)
18_Kudus06_Gondoharum,Klambu,32749,110.964635,-6.810238,6/13/2024,4,Drone (rice field)
04_Pekalongan04_Bojonglor02,Pekalongan,32749,109.594921,-6.961096,6/10/2024,2,Drone (50x50)
Karang Turi,Brebes_Tegal,32749,109.208275,-7.650539,6/11/2024,2,Drone (rice field)
01_Pekalongan01_KuripanYosorejo,Pekalongan,32749,109.684184,-6.920694,6/10/2024,2,Drone (50x50)
Bocor,Pekalongan,32749,109.674411,-7.749204,6/12/2024,6,Drone (rice field)
Bocor,Pekalongan,32749,109.674351,-7.749151,6/12/2024,6,Drone (rice field)
08_Kendal04_Ketapang,Pekalongan,32749,110.218969,-6.937601,6/11/2024,6,Drone (rice field)
Jatiluhur,Brebes_Tegal,32749,109.448916,-7.594727,6/12/2024,2,Drone (rice field)
Jatiluhur,Brebes_Tegal,32749,109.448876,-7.594779,6/12/2024,2,Drone (rice field)
Jatiluhur,Brebes_Tegal,32749,109.450012,-7.595837,6/12/2024,6,Drone (rice field)
18_Kudus06_Gondoharum,Klambu,32749,110.96353,-6.810469,6/13/2024,4,Drone (rice field)
23_Ungaran01_Gogik,Semarang_Demak,32749,110.404262,-7.159024,6/15/2024,5,Drone (rice field)
23_Ungaran01_Gogik,Semarang_Demak,32749,110.404271,-7.158973,6/15/2024,5,Drone (rice field)
05_Kendal01_Dempelrejo,Pekalongan,32749,110.193854,-6.958449,6/11/2024,1,Drone (rice field)
09_Demak01_Kembangarum,Semarang_Demak,32749,110.539322,-7.035293,6/12/2024,4,Drone (rice field)
Pekuwon,Pekalongan,32749,109.558201,-7.638017,6/12/2024,2,Drone (rice field)
02_Pekalongan02_Sokoduwet,Pekalongan,32749,109.687881,-6.928773,6/10/2024,2,Drone (50x50)
17_Kudus05_Tenggeles,Klambu,32749,110.91093,-6.812055,6/13/2024,3,Drone (rice field)
16_Kudus04_Ngemplak,Klambu,32749,110.857433,-6.861928,6/13/2024,2,Drone (rice field)
17_Kudus05_Tenggeles,Klambu,32749,110.910867,-6.812082,6/13/2024,3,Drone (rice field)
Karang Turi,Brebes_Tegal,32749,109.209315,-7.650687,6/11/2024,2,Drone (rice field)
Grumbuljurig,Brebes_Tegal,32749,109.294828,-7.427104,6/11/2024,2,Drone (rice field)
Grumbuljurig,Brebes_Tegal,32749,109.295617,-7.425969,6/11/2024,2,Drone (rice field)
,Semarang_Demak,32749,110.771167,-7.499583,6/15/2024,2,Drone (rice field)
24_Ungaran02_Lerep,Semarang_Demak,32749,110.400041,-7.123705,6/15/2024,2,Drone (rice field)
03_Pekalongan03_Bojonglor01,Pekalongan,32749,109.597856,-6.95862,6/10/2024,6,Drone (50x50)
Banjareja,Pekalongan,32749,109.52353,-7.725179,6/12/2024,6,Drone (rice field)
17_Kudus05_Tenggeles,Klambu,32749,110.911368,-6.812575,6/13/2024,2,Drone (rice field)
04_Pekalongan04_Bojonglor02,Pekalongan,32749,109.595061,-6.961102,6/10/2024,2,Drone (50x50)
02_Pekalongan02_Sokoduwet,Pekalongan,32749,109.686621,-6.92845,6/10/2024,1,Drone (50x50)
Jatibarang,Brebes_Tegal,32749,109.052872,-6.980852,6/10/2024,5,Drone (rice field)
Kembangsawit,Pekalongan,32749,109.72492,-7.731724,6/12/2024,2,Drone (rice field)
14_Kudus02_Payaman.tif,Klambu,32749,110.867172,-6.858518,6/13/2024,2,Drone (rice field)
17_Kudus05_Tenggeles,Klambu,32749,110.909819,-6.812406,6/13/2024,2,Drone (rice field)
07_Kendal03_Bangunrejo,Pekalongan,32749,110.185088,-6.906783,6/11/2024,1,Drone (rice field)
07_Kendal03_Bangunrejo,Pekalongan,32749,110.185098,-6.906718,6/11/2024,1,Drone (rice field)
Banjareja,Pekalongan,32749,109.523987,-7.725973,6/12/2024,6,Drone (rice field)
Bajong,Brebes_Tegal,32749,109.413018,-7.426158,6/11/2024,2,Drone (rice field)
Bajong,Brebes_Tegal,32749,109.413029,-7.426187,6/11/2024,2,Drone (rice field)
Jatiluhur,Brebes_Tegal,32749,109.450483,-7.595264,6/12/2024,6,Drone (rice field)
16_Kudus04_Ngemplak,Klambu,32749,110.85688,-6.862216,6/13/2024,2,Drone (rice field)
18_Kudus06_Gondoharum,Klambu,32749,110.964361,-6.810431,6/13/2024,4,Drone (rice field)
18_Kudus06_Gondoharum,Klambu,32749,110.964324,-6.810404,6/13/2024,4,Drone (rice field)
Bocor,Pekalongan,32749,109.67404,-7.748843,6/12/2024,6,Drone (rice field)
Bocor,Pekalongan,32749,109.67397,-7.74884,6/12/2024,6,Drone (rice field)
17_Kudus05_Tenggeles,Klambu,32749,110.911453,-6.812169,6/13/2024,3,Drone (rice field)
23_Ungaran01_Gogik,Semarang_Demak,32749,110.403977,-7.158776,6/15/2024,1,Drone (rice field)
23_Ungaran01_Gogik,Semarang_Demak,32749,110.403996,-7.158853,6/15/2024,1,Drone (rice field)
08_Kendal04_Ketapang,Pekalongan,32749,110.218408,-6.937612,6/11/2024,6,Drone (rice field)
07_Kendal03_Bangunrejo,Pekalongan,32749,110.186059,-6.90581,6/11/2024,1,Drone (rice field)
Susukan,Brebes_Tegal,32749,109.375628,-7.504283,6/11/2024,1,Drone (rice field)
Susukan,Brebes_Tegal,32749,109.375881,-7.504103,6/11/2024,1,Drone (rice field)
06_Kendal02_Pesawahan,Pekalongan,32749,110.170842,-6.974629,6/11/2024,2,Drone (rice field)
04_Pekalongan04_Bojonglor02,Pekalongan,32749,109.595684,-6.960768,6/10/2024,2,Drone (50x50)
02_Pekalongan02_Sokoduwet,Pekalongan,32749,109.688587,-6.928968,6/10/2024,1,Drone (50x50)
Susukan,Brebes_Tegal,32749,109.37499,-7.503606,6/11/2024,1,Drone (rice field)
Pesuruhan,Brebes_Tegal,32749,109.488744,-7.716054,6/12/2024,6,Drone (rice field)
17_Kudus05_Tenggeles,Klambu,32749,110.910853,-6.811378,6/13/2024,2,Drone (rice field)
24_Ungaran02_Lerep,Semarang_Demak,32749,110.400223,-7.123979,6/15/2024,2,Drone (rice field)
01_Pekalongan01_KuripanYosorejo,Pekalongan,32749,109.682629,-6.921505,6/10/2024,6,Field Survey
03_Pekalongan03_Bojonglor01,Pekalongan,32749,109.597473,-6.958831,6/10/2024,2,Drone (50x50)
03_Pekalongan03_Bojonglor01,Pekalongan,32749,109.59796,-6.958678,6/10/2024,2,Drone (50x50)
03_Pekalongan03_Bojonglor01,Pekalongan,32749,109.597897,-6.958661,6/10/2024,2,Drone (50x50)
12_Demak04_Karanganyar,Semarang_Demak,32749,110.797787,-6.850919,6/12/2024,3,Drone (rice field)
12_Demak04_Karanganyar,Semarang_Demak,32749,110.79778,-6.850914,6/12/2024,3,Drone (rice field)
Kembangsawit,Pekalongan,32749,109.72546,-7.73174,6/12/2024,2,Drone (rice field)
16_Kudus04_Ngemplak,Klambu,32749,110.857683,-6.862264,6/13/2024,2,Drone (rice field)
14_Kudus02_Payaman.tif,Klambu,32749,110.868582,-6.860347,6/13/2024,6,Drone (rice field)
Karang Turi,Brebes_Tegal,32749,109.209081,-7.649868,6/11/2024,2,Drone (rice field)
12_Demak04_Karanganyar,Semarang_Demak,32749,110.798499,-6.851883,6/12/2024,3,Drone (rice field)
Pesuruhan,Brebes_Tegal,32749,109.489257,-7.715744,6/12/2024,6,Drone (rice field)
18_Kudus06_Gondoharum,Klambu,32749,110.963422,-6.8098,6/13/2024,4,Drone (rice field)
18_Kudus06_Gondoharum,Klambu,32749,110.963437,-6.809779,6/13/2024,4,Drone (rice field)
07_Kendal03_Bangunrejo,Pekalongan,32749,110.185424,-6.905446,6/11/2024,1,Drone (rice field)
08_Kendal04_Ketapang,Pekalongan,32749,110.21873,-6.937475,6/11/2024,6,Drone (rice field)
09_Demak01_Kembangarum,Semarang_Demak,32749,110.539207,-7.036177,6/12/2024,4,Drone (rice field)
Kembangsawit,Pekalongan,32749,109.726131,-7.733134,6/12/2024,2,Drone (rice field)
Rapak,Brebes_Tegal,32749,109.352635,-7.43612,6/11/2024,1,Drone (rice field)
Rapak,Brebes_Tegal,32749,109.352596,-7.435693,6/11/2024,1,Drone (rice field)
Bajong,Brebes_Tegal,32749,109.413677,-7.426547,6/11/2024,2,Drone (rice field)
Bajong,Brebes_Tegal,32749,109.413648,-7.426544,6/11/2024,2,Drone (rice field)
10_Demak02_Kalitengah,Semarang_Demak,32749,110.534489,-7.048357,6/12/2024,4,Drone (rice field)
03_Pekalongan03_Bojonglor01,Pekalongan,32749,109.596893,-6.96076,6/10/2024,2,Drone (50x50)
Rapak,Brebes_Tegal,32749,109.352605,-7.434933,6/11/2024,1,Drone (rice field)
Bajong,Brebes_Tegal,32749,109.41389,-7.426224,6/11/2024,2,Drone (rice field)
Bajong,Brebes_Tegal,32749,109.41385,-7.426216,6/11/2024,2,Drone (rice field)
13_Kudus01_GarungKidul,Klambu,32749,110.806834,-6.81242,6/13/2024,2,Drone (rice field)
04_Pekalongan04_Bojonglor02,Pekalongan,32749,109.595329,-6.96008,6/10/2024,2,Drone (50x50)
04_Pekalongan04_Bojonglor02,Pekalongan,32749,109.595737,-6.959197,6/10/2024,2,Drone (50x50)
Karang Turi,Brebes_Tegal,32749,109.209492,-7.649522,6/11/2024,2,Drone (rice field)
11_Demak03_Cangkring,Semarang_Demak,32749,110.791446,-6.861771,6/12/2024,3,Drone (rice field)
09_Demak01_Kembangarum,Semarang_Demak,32749,110.539578,-7.035805,6/12/2024,4,Drone (rice field)
Jatiluhur,Brebes_Tegal,32749,109.450561,-7.595519,6/12/2024,6,Drone (rice field)
Jatiluhur,Brebes_Tegal,32749,109.450577,-7.595465,6/12/2024,6,Drone (rice field)
Jatiluhur,Brebes_Tegal,32749,109.449967,-7.594715,6/12/2024,2,Drone (rice field)
24_Ungaran02_Lerep,Semarang_Demak,32749,110.39998,-7.124268,6/15/2024,5,Drone (rice field)
03_Pekalongan03_Bojonglor01,Pekalongan,32749,109.597692,-6.958827,6/10/2024,2,Drone (50x50)
02_Pekalongan02_Sokoduwet,Pekalongan,32749,109.687772,-6.92975,6/10/2024,1,Drone (50x50)
11_Demak03_Cangkring,Semarang_Demak,32749,110.791652,-6.860907,6/12/2024,3,Drone (rice field)
02_Pekalongan02_Sokoduwet,Pekalongan,32749,109.687412,-6.928684,6/10/2024,2,Drone (50x50)
Rapak,Brebes_Tegal,32749,109.352352,-7.435696,6/11/2024,1,Drone (rice field)
10_Demak02_Kalitengah,Semarang_Demak,32749,110.536329,-7.047159,6/12/2024,4,Drone (rice field)
03_Pekalongan03_Bojonglor01,Pekalongan,32749,109.597561,-6.95881,6/10/2024,2,Drone (50x50)
02_Pekalongan02_Sokoduwet,Pekalongan,32749,109.688254,-6.929768,6/10/2024,1,Drone (50x50)
Karang Turi,Brebes_Tegal,32749,109.208736,-7.650061,6/11/2024,2,Drone (rice field)
Bajong,Brebes_Tegal,32749,109.412111,-7.426607,6/11/2024,4,Drone (rice field)
Bajong,Brebes_Tegal,32749,109.412179,-7.426613,6/11/2024,4,Drone (rice field)
Grumbuljurig,Brebes_Tegal,32749,109.295325,-7.425859,6/11/2024,2,Drone (rice field)
Kembangsawit,Pekalongan,32749,109.726235,-7.731486,6/12/2024,2,Drone (rice field)
Jatiluhur,Brebes_Tegal,32749,109.448661,-7.595264,6/12/2024,2,Drone (rice field)
13_Kudus01_GarungKidul,Klambu,32749,110.806331,-6.812668,6/13/2024,3,Drone (rice field)
04_Pekalongan04_Bojonglor02,Pekalongan,32749,109.595678,-6.96121,6/10/2024,2,Drone (50x50)
03_Pekalongan03_Bojonglor01,Pekalongan,32749,109.598677,-6.959234,6/10/2024,2,Drone (50x50)
Rapak,Brebes_Tegal,32749,109.352659,-7.436218,6/11/2024,1,Drone (rice field)
24_Ungaran02_Lerep,Semarang_Demak,32749,110.40072,-7.122909,6/15/2024,5,Drone (rice field)
04_Pekalongan04_Bojonglor02,Pekalongan,32749,109.595001,-6.960817,6/10/2024,2,Drone (50x50)
04_Pekalongan04_Bojonglor02,Pekalongan,32749,109.595094,-6.959613,6/10/2024,2,Drone (50x50)
Susukan,Brebes_Tegal,32749,109.375589,-7.504238,6/11/2024,1,Drone (rice field)
Susukan,Brebes_Tegal,32749,109.375626,-7.504216,6/11/2024,1,Drone (rice field)
Bajong,Brebes_Tegal,32749,109.413181,-7.426596,6/11/2024,2,Drone (rice field)
Bocor,Pekalongan,32749,109.673844,-7.749863,6/12/2024,6,Drone (rice field)
Bocor,Pekalongan,32749,109.672892,-7.750198,6/12/2024,6,Drone (rice field)
03_Pekalongan03_Bojonglor01,Pekalongan,32749,109.598355,-6.958794,6/10/2024,2,Field Survey
06_Kendal02_Pesawahan,Pekalongan,32749,110.170536,-6.974524,6/11/2024,6,Drone (rice field)
07_Kendal03_Bangunrejo,Pekalongan,32749,110.185808,-6.904637,6/11/2024,1,Drone (rice field)
11_Demak03_Cangkring,Semarang_Demak,32749,110.79133,-6.86025,6/12/2024,2,Drone (rice field)
Banjareja,Pekalongan,32749,109.523573,-7.724835,6/12/2024,6,Drone (rice field)
Banjareja,Pekalongan,32749,109.523501,-7.724818,6/12/2024,6,Drone (rice field)
17_Kudus05_Tenggeles,Klambu,32749,110.910931,-6.81115,6/13/2024,3,Drone (rice field)
03_Pekalongan03_Bojonglor01,Pekalongan,32749,109.597038,-6.960179,6/10/2024,2,Drone (50x50)
03_Pekalongan03_Bojonglor01,Pekalongan,32749,109.598255,-6.958988,6/10/2024,2,Drone (50x50)
12_Demak04_Karanganyar,Semarang_Demak,32749,110.798692,-6.851371,6/12/2024,3,Drone (rice field)
Kembangsawit,Pekalongan,32749,109.725211,-7.732976,6/12/2024,2,Drone (rice field)
,Brebes_Tegal,32749,109.295528,-7.649722,6/11/2024,2,Drone (rice field)
Susukan,Brebes_Tegal,32749,109.37576,-7.504067,6/11/2024,1,Drone (rice field)
Susukan,Brebes_Tegal,32749,109.375092,-7.50397,6/11/2024,1,Drone (rice field)
Susukan,Brebes_Tegal,32749,109.37503,-7.503962,6/11/2024,1,Drone (rice field)
Rapak,Brebes_Tegal,32749,109.352979,-7.436022,6/11/2024,1,Drone (rice field)
Jatiluhur,Brebes_Tegal,32749,109.448526,-7.595471,6/12/2024,2,Drone (rice field)
15_Kudus03_Karangrowo,Klambu,32749,110.869737,-6.868131,6/13/2024,2,Drone (rice field)
04_Pekalongan04_Bojonglor02,Pekalongan,32749,109.595185,-6.959689,6/10/2024,2,Field Survey
04_Pekalongan04_Bojonglor02,Pekalongan,32749,109.595258,-6.959644,6/10/2024,2,Drone (50x50)
Kembangsawit,Pekalongan,32749,109.726027,-7.733291,6/12/2024,2,Drone (rice field)
Pekuwon,Pekalongan,32749,109.559529,-7.638263,6/12/2024,2,Drone (rice field)
09_Demak01_Kembangarum,Semarang_Demak,32749,110.539435,-7.036244,6/12/2024,4,Drone (rice field)
Kembangsawit,Pekalongan,32749,109.726006,-7.733302,6/12/2024,2,Drone (rice field)
16_Kudus04_Ngemplak,Klambu,32749,110.858161,-6.862218,6/13/2024,2,Drone (rice field)
04_Pekalongan04_Bojonglor02,Pekalongan,32749,109.594093,-6.959806,6/10/2024,2,Drone (50x50)
Rapak,Brebes_Tegal,32749,109.352135,-7.43505,6/11/2024,1,Drone (rice field)
09_Demak01_Kembangarum,Semarang_Demak,32749,110.538402,-7.035771,6/12/2024,4,Drone (rice field)
Grumbuljurig,Brebes_Tegal,32749,109.294753,-7.42666,6/11/2024,2,Drone (rice field)
Kembangsawit,Pekalongan,32749,109.72489,-7.733006,6/12/2024,2,Drone (rice field)
Maos,Brebes_Tegal,32749,109.151981,-7.613446,6/11/2024,6,Drone (rice field)
Grumbuljurig,Brebes_Tegal,32749,109.295528,-7.425771,6/11/2024,2,Drone (rice field)
Jatiluhur,Brebes_Tegal,32749,109.450465,-7.595838,6/12/2024,6,Drone (rice field)
01_Pekalongan01_KuripanYosorejo,Pekalongan,32749,109.68225,-6.921424,6/10/2024,6,Drone (50x50)
Jatibarang,Brebes_Tegal,32749,109.053794,-6.982403,6/10/2024,5,Drone (rice field)
09_Demak01_Kembangarum,Semarang_Demak,32749,110.539246,-7.035617,6/12/2024,4,Drone (rice field)
Pekuwon,Pekalongan,32749,109.559014,-7.639208,6/12/2024,2,Drone (rice field)
08_Kendal04_Ketapang,Pekalongan,32749,110.219225,-6.93726,6/11/2024,6,Drone (rice field)
14_Kudus02_Payaman.tif,Klambu,32749,110.869042,-6.860379,6/13/2024,2,Drone (rice field)
13_Kudus01_GarungKidul,Klambu,32749,110.806699,-6.81206,6/13/2024,3,Drone (rice field)
07_Kendal03_Bangunrejo,Pekalongan,32749,110.184442,-6.90518,6/11/2024,1,Drone (rice field)
Bajong,Brebes_Tegal,32749,109.413574,-7.426992,6/11/2024,2,Drone (rice field)
Bajong,Brebes_Tegal,32749,109.413616,-7.426937,6/11/2024,2,Drone (rice field)
Bajong,Brebes_Tegal,32749,109.413545,-7.426929,6/11/2024,2,Drone (rice field)
04_Pekalongan04_Bojonglor02,Pekalongan,32749,109.594729,-6.961044,6/10/2024,2,Field Survey
07_Kendal03_Bangunrejo,Pekalongan,32749,110.185602,-6.905537,6/11/2024,1,Drone (rice field)
Karang Turi,Brebes_Tegal,32749,109.20874,-7.650004,6/11/2024,2,Drone (rice field)
04_Pekalongan04_Bojonglor02,Pekalongan,32749,109.595639,-6.959238,6/10/2024,2,Field Survey
03_Pekalongan03_Bojonglor01,Pekalongan,32749,109.597835,-6.958903,6/10/2024,2,Drone (50x50)
07_Kendal03_Bangunrejo,Pekalongan,32749,110.184937,-6.905332,6/11/2024,6,Drone (rice field)
Maos,Brebes_Tegal,32749,109.151644,-7.614228,6/11/2024,5,Drone (rice field)
18_Kudus06_Gondoharum,Klambu,32749,110.963762,-6.810171,6/13/2024,4,Drone (rice field)
24_Ungaran02_Lerep,Semarang_Demak,32749,110.400431,-7.123305,6/15/2024,6,Drone (rice field)
04_Pekalongan04_Bojonglor02,Pekalongan,32749,109.594215,-6.959566,6/10/2024,2,Drone (50x50)
Jatibarang,Brebes_Tegal,32749,109.053364,-6.982475,6/10/2024,5,Drone (rice field)
04_Pekalongan04_Bojonglor02,Pekalongan,32749,109.595482,-6.959084,6/10/2024,2,Drone (50x50)
17_Kudus05_Tenggeles,Klambu,32749,110.909839,-6.811575,6/13/2024,2,Drone (rice field)
04_Pekalongan04_Bojonglor02,Pekalongan,32749,109.595531,-6.959909,6/10/2024,2,Drone (50x50)
09_Demak01_Kembangarum,Semarang_Demak,32749,110.538495,-7.036664,6/12/2024,4,Drone (rice field)
Karang Turi,Brebes_Tegal,32749,109.209793,-7.649539,6/11/2024,2,Drone (rice field)
Kembangsawit,Pekalongan,32749,109.725015,-7.732218,6/12/2024,2,Drone (rice field)
Pekuwon,Pekalongan,32749,109.55874,-7.638827,6/12/2024,2,Drone (rice field)
13_Kudus01_GarungKidul,Klambu,32749,110.806567,-6.813056,6/13/2024,2,Drone (rice field)
02_Pekalongan02_Sokoduwet,Pekalongan,32749,109.686682,-6.928299,6/10/2024,1,Field Survey
03_Pekalongan03_Bojonglor01,Pekalongan,32749,109.597255,-6.960639,6/10/2024,2,Drone (50x50)
02_Pekalongan02_Sokoduwet,Pekalongan,32749,109.686727,-6.929803,6/10/2024,1,Drone (50x50)
02_Pekalongan02_Sokoduwet,Pekalongan,32749,109.686654,-6.928298,6/10/2024,1,Drone (50x50)
Maos,Brebes_Tegal,32749,109.151684,-7.61491,6/11/2024,5,Drone (rice field)
Bajong,Brebes_Tegal,32749,109.413276,-7.42685,6/11/2024,2,Drone (rice field)
18_Kudus06_Gondoharum,Klambu,32749,110.964624,-6.810438,6/13/2024,4,Drone (rice field)
23_Ungaran01_Gogik,Semarang_Demak,32749,110.404142,-7.159043,6/15/2024,2,Drone (rice field)
05_Kendal01_Dempelrejo,Pekalongan,32749,110.194696,-6.95967,6/11/2024,1,Drone (rice field)
07_Kendal03_Bangunrejo,Pekalongan,32749,110.185837,-6.904894,6/11/2024,6,Drone (rice field)
Pekuwon,Pekalongan,32749,109.55946,-7.638334,6/12/2024,2,Drone (rice field)
03_Pekalongan03_Bojonglor01,Pekalongan,32749,109.597409,-6.958533,6/10/2024,2,Drone (50x50)
Banjareja,Pekalongan,32749,109.523878,-7.725858,6/12/2024,6,Drone (rice field)
Jatiluhur,Brebes_Tegal,32749,109.450525,-7.595211,6/12/2024,6,Drone (rice field)
23_Ungaran01_Gogik,Semarang_Demak,32749,110.403234,-7.161303,6/15/2024,2,Drone (rice field)
23_Ungaran01_Gogik,Semarang_Demak,32749,110.403259,-7.161294,6/15/2024,2,Drone (rice field)
23_Ungaran01_Gogik,Semarang_Demak,32749,110.404507,-7.159029,6/15/2024,3,Drone (rice field)
23_Ungaran01_Gogik,Semarang_Demak,32749,110.40452,-7.158982,6/15/2024,3,Drone (rice field)
02_Pekalongan02_Sokoduwet,Pekalongan,32749,109.687734,-6.92842,6/10/2024,1,Drone (50x50)
02_Pekalongan02_Sokoduwet,Pekalongan,32749,109.68773,-6.928367,6/10/2024,1,Drone (50x50)
16_Kudus04_Ngemplak,Klambu,32749,110.856467,-6.862366,6/13/2024,2,Drone (rice field)
13_Kudus01_GarungKidul,Klambu,32749,110.807636,-6.813984,6/13/2024,2,Drone (rice field)
23_Ungaran01_Gogik,Semarang_Demak,32749,110.403829,-7.161483,6/15/2024,2,Drone (rice field)
03_Pekalongan03_Bojonglor01,Pekalongan,32749,109.5978,-6.958611,6/10/2024,2,Drone (50x50)
Susukan,Brebes_Tegal,32749,109.374685,-7.503783,6/11/2024,1,Drone (rice field)
11_Demak03_Cangkring,Semarang_Demak,32749,110.792075,-6.862013,6/12/2024,3,Drone (rice field)
Susukan,Brebes_Tegal,32749,109.375574,-7.503994,6/11/2024,1,Drone (rice field)
Jatiluhur,Brebes_Tegal,32749,109.44956,-7.595383,6/12/2024,2,Drone (rice field)
Kembangsawit,Pekalongan,32749,109.725928,-7.733112,6/12/2024,2,Drone (rice field)
Jatiluhur,Brebes_Tegal,32749,109.449563,-7.595366,6/12/2024,2,Drone (rice field)
17_Kudus05_Tenggeles,Klambu,32749,110.910025,-6.811603,6/13/2024,2,Drone (rice field)
18_Kudus06_Gondoharum,Klambu,32749,110.963644,-6.810357,6/13/2024,4,Drone (rice field)
08_Kendal04_Ketapang,Pekalongan,32749,110.219261,-6.936557,6/11/2024,6,Drone (rice field)
07_Kendal03_Bangunrejo,Pekalongan,32749,110.184713,-6.905925,6/11/2024,1,Drone (rice field)
Susukan,Brebes_Tegal,32749,109.374383,-7.504312,6/11/2024,1,Drone (rice field)
17_Kudus05_Tenggeles,Klambu,32749,110.911051,-6.811222,6/13/2024,2,Drone (rice field)
Jatibarang,Brebes_Tegal,32749,109.052595,-6.981725,6/10/2024,3,Field Survey
07_Kendal03_Bangunrejo,Pekalongan,32749,110.18452,-6.904992,6/11/2024,2,Drone (rice field)
06_Kendal02_Pesawahan,Pekalongan,32749,110.171026,-6.97523,6/11/2024,1,Drone (rice field)
Grumbuljurig,Brebes_Tegal,32749,109.294711,-7.426818,6/11/2024,2,Drone (rice field)
Bajong,Brebes_Tegal,32749,109.413202,-7.426107,6/11/2024,2,Drone (rice field)
Pekuwon,Pekalongan,32749,109.559069,-7.637971,6/12/2024,2,Drone (rice field)
18_Kudus06_Gondoharum,Klambu,32749,110.965232,-6.810253,6/13/2024,4,Drone (rice field)
Jatibarang,Brebes_Tegal,32749,109.053546,-6.980901,6/10/2024,5,Drone (rice field)
Bajong,Brebes_Tegal,32749,109.413361,-7.426667,6/11/2024,2,Drone (rice field)
06_Kendal02_Pesawahan,Pekalongan,32749,110.170918,-6.974581,6/11/2024,1,Drone (rice field)
Grumbuljurig,Brebes_Tegal,32749,109.295734,-7.425807,6/11/2024,2,Drone (rice field)
17_Kudus05_Tenggeles,Klambu,32749,110.911383,-6.812507,6/13/2024,2,Drone (rice field)
14_Kudus02_Payaman.tif,Klambu,32749,110.867442,-6.85981,6/13/2024,2,Drone (rice field)
23_Ungaran01_Gogik,Semarang_Demak,32749,110.403975,-7.159029,6/15/2024,2,Drone (rice field)
23_Ungaran01_Gogik,Semarang_Demak,32749,110.403949,-7.158949,6/15/2024,2,Drone (rice field)
Bajong,Brebes_Tegal,32749,109.411658,-7.426606,6/11/2024,4,Drone (rice field)
04_Pekalongan04_Bojonglor02,Pekalongan,32749,109.595739,-6.95971,6/10/2024,2,Drone (50x50)
02_Pekalongan02_Sokoduwet,Pekalongan,32749,109.687228,-6.929474,6/10/2024,1,Drone (50x50)
Bajong,Brebes_Tegal,32749,109.41308,-7.426066,6/11/2024,2,Drone (rice field)
Banjareja,Pekalongan,32749,109.524432,-7.725726,6/12/2024,6,Drone (rice field)
Bajong,Brebes_Tegal,32749,109.411487,-7.426503,6/11/2024,4,Drone (rice field)
Kembangsawit,Pekalongan,32749,109.726398,-7.733162,6/12/2024,2,Drone (rice field)
Kembangsawit,Pekalongan,32749,109.725381,-7.732026,6/12/2024,2,Drone (rice field)
Banjareja,Pekalongan,32749,109.523789,-7.724877,6/12/2024,6,Drone (rice field)
01_Pekalongan01_KuripanYosorejo,Pekalongan,32749,109.683989,-6.920604,6/10/2024,1,Field Survey
15_Kudus03_Karangrowo,Klambu,32749,110.871094,-6.868584,6/13/2024,2,Drone (rice field)
04_Pekalongan04_Bojonglor02,Pekalongan,32749,109.594056,-6.960418,6/10/2024,2,Drone (50x50)
05_Kendal01_Dempelrejo,Pekalongan,32749,110.1939,-6.958983,6/11/2024,1,Drone (rice field)
05_Kendal01_Dempelrejo,Pekalongan,32749,110.194329,-6.958613,6/11/2024,1,Drone (rice field)
07_Kendal03_Bangunrejo,Pekalongan,32749,110.186081,-6.905695,6/11/2024,1,Drone (rice field)
Bajong,Brebes_Tegal,32749,109.411426,-7.426133,6/11/2024,4,Drone (rice field)
23_Ungaran01_Gogik,Semarang_Demak,32749,110.403827,-7.15879,6/15/2024,1,Drone (rice field)
Maos Kidul,Brebes_Tegal,32749,109.153,-7.613889,6/11/2024,6,Drone (rice field)
05_Kendal01_Dempelrejo,Pekalongan,32749,110.194938,-6.958993,6/11/2024,1,Drone (rice field)
Grumbuljurig,Brebes_Tegal,32749,109.295284,-7.425973,6/11/2024,2,Drone (rice field)
13_Kudus01_GarungKidul,Klambu,32749,110.806792,-6.813702,6/13/2024,2,Drone (rice field)
23_Ungaran01_Gogik,Semarang_Demak,32749,110.403932,-7.158915,6/15/2024,2,Drone (rice field)
08_Kendal04_Ketapang,Pekalongan,32749,110.219358,-6.937486,6/11/2024,6,Drone (rice field)
09_Demak01_Kembangarum,Semarang_Demak,32749,110.537424,-7.035574,6/12/2024,4,Drone (rice field)
12_Demak04_Karanganyar,Semarang_Demak,32749,110.796786,-6.851001,6/12/2024,3,Drone (rice field)
Jatibarang,Brebes_Tegal,32749,109.052952,-6.98121,6/10/2024,6,Drone (rice field)
08_Kendal04_Ketapang,Pekalongan,32749,110.219312,-6.938065,6/11/2024,6,Drone (rice field)
07_Kendal03_Bangunrejo,Pekalongan,32749,110.184097,-6.906111,6/11/2024,1,Drone (rice field)
Bajong,Brebes_Tegal,32749,109.413528,-7.426276,6/11/2024,2,Drone (rice field)
Bajong,Brebes_Tegal,32749,109.413487,-7.42627,6/11/2024,2,Drone (rice field)
Bocor,Pekalongan,32749,109.672485,-7.749406,6/12/2024,6,Drone (rice field)
17_Kudus05_Tenggeles,Klambu,32749,110.91083,-6.811614,6/13/2024,2,Drone (rice field)
Karang Turi,Brebes_Tegal,32749,109.208958,-7.649922,6/11/2024,2,Drone (rice field)
Bajong,Brebes_Tegal,32749,109.413605,-7.426897,6/11/2024,6,Drone (rice field)
Bajong,Brebes_Tegal,32749,109.413588,-7.426882,6/11/2024,2,Drone (rice field)
24_Ungaran02_Lerep,Semarang_Demak,32749,110.39985,-7.123676,6/15/2024,6,Drone (rice field)
03_Pekalongan03_Bojonglor01,Pekalongan,32749,109.597883,-6.960302,6/10/2024,6,Drone (50x50)
Grumbuljurig,Brebes_Tegal,32749,109.295695,-7.425902,6/11/2024,2,Drone (rice field)
13_Kudus01_GarungKidul,Klambu,32749,110.805776,-6.813118,6/13/2024,3,Drone (rice field)
09_Demak01_Kembangarum,Semarang_Demak,32749,110.537098,-7.035326,6/12/2024,4,Drone (rice field)
Kembangsawit,Pekalongan,32749,109.72507,-7.731846,6/12/2024,2,Drone (rice field)
14_Kudus02_Payaman.tif,Klambu,32749,110.868834,-6.860442,6/13/2024,2,Drone (rice field)
Jatibarang,Brebes_Tegal,32749,109.052946,-6.981087,6/10/2024,4,Drone (rice field)
09_Demak01_Kembangarum,Semarang_Demak,32749,110.539045,-7.03621,6/12/2024,4,Drone (rice field)
Jatiluhur,Brebes_Tegal,32749,109.448347,-7.594628,6/12/2024,2,Drone (rice field)
03_Pekalongan03_Bojonglor01,Pekalongan,32749,109.597658,-6.958746,6/10/2024,2,Drone (50x50)
02_Pekalongan02_Sokoduwet,Pekalongan,32749,109.688009,-6.928639,6/10/2024,1,Drone (50x50)
10_Demak02_Kalitengah,Semarang_Demak,32749,110.535574,-7.047028,6/12/2024,4,Drone (rice field)
11_Demak03_Cangkring,Semarang_Demak,32749,110.791322,-6.861663,6/12/2024,3,Drone (rice field)
Bocor,Pekalongan,32749,109.673904,-7.749498,6/12/2024,6,Drone (rice field)
06_Kendal02_Pesawahan,Pekalongan,32749,110.171029,-6.97531,6/11/2024,5,Drone (rice field)
05_Kendal01_Dempelrejo,Pekalongan,32749,110.194497,-6.960913,6/11/2024,1,Drone (rice field)
07_Kendal03_Bangunrejo,Pekalongan,32749,110.186169,-6.905614,6/11/2024,1,Drone (rice field)
11_Demak03_Cangkring,Semarang_Demak,32749,110.791899,-6.860867,6/12/2024,3,Drone (rice field)
Pesuruhan,Brebes_Tegal,32749,109.48862,-7.715822,6/12/2024,6,Drone (rice field)
Pesuruhan,Brebes_Tegal,32749,109.487886,-7.715006,6/12/2024,3,Drone (rice field)
08_Kendal04_Ketapang,Pekalongan,32749,110.218671,-6.936966,6/11/2024,6,Drone (rice field)
Banjareja,Pekalongan,32749,109.523561,-7.726105,6/12/2024,6,Drone (rice field)
Pekuwon,Pekalongan,32749,109.558668,-7.639407,6/12/2024,2,Drone (rice field)
17_Kudus05_Tenggeles,Klambu,32749,110.910478,-6.812507,6/13/2024,2,Drone (rice field)
03_Pekalongan03_Bojonglor01,Pekalongan,32749,109.597472,-6.958606,6/10/2024,2,Drone (50x50)
Maos,Brebes_Tegal,32749,109.152833,-7.614844,6/11/2024,5,Drone (rice field)
11_Demak03_Cangkring,Semarang_Demak,32749,110.792915,-6.860182,6/12/2024,6,Drone (rice field)
23_Ungaran01_Gogik,Semarang_Demak,32749,110.403718,-7.159262,6/15/2024,1,Drone (rice field)
23_Ungaran01_Gogik,Semarang_Demak,32749,110.403693,-7.15923,6/15/2024,1,Drone (rice field)
03_Pekalongan03_Bojonglor01,Pekalongan,32749,109.59745,-6.958791,6/10/2024,2,Field Survey
Karang Turi,Brebes_Tegal,32749,109.208281,-7.650512,6/11/2024,2,Drone (rice field)
Karang Turi,Brebes_Tegal,32749,109.208335,-7.65055,6/11/2024,2,Drone (rice field)
Karang Turi,Brebes_Tegal,32749,109.209139,-7.650572,6/11/2024,2,Drone (rice field)
Susukan,Brebes_Tegal,32749,109.375617,-7.504154,6/11/2024,1,Drone (rice field)
Banjareja,Pekalongan,32749,109.523643,-7.724849,6/12/2024,6,Drone (rice field)
17_Kudus05_Tenggeles,Klambu,32749,110.911266,-6.812923,6/13/2024,2,Drone (rice field)
04_Pekalongan04_Bojonglor02,Pekalongan,32749,109.596056,-6.959876,6/10/2024,2,Drone (50x50)
Jatiluhur,Brebes_Tegal,32749,109.449109,-7.594929,6/12/2024,2,Drone (rice field)
Kembangsawit,Pekalongan,32749,109.725268,-7.731997,6/12/2024,2,Drone (rice field)
13_Kudus01_GarungKidul,Klambu,32749,110.806853,-6.812025,6/13/2024,3,Drone (rice field)
Jatibarang,Brebes_Tegal,32749,109.053774,-6.980687,6/10/2024,5,Drone (rice field)
Karang Turi,Brebes_Tegal,32749,109.209917,-7.649504,6/11/2024,2,Drone (rice field)
Banjareja,Pekalongan,32749,109.523254,-7.725476,6/12/2024,6,Drone (rice field)
Pekuwon,Pekalongan,32749,109.558912,-7.6395,6/12/2024,2,Drone (rice field)
23_Ungaran01_Gogik,Semarang_Demak,32749,110.404546,-7.158838,6/15/2024,3,Drone (rice field)
23_Ungaran01_Gogik,Semarang_Demak,32749,110.404542,-7.158808,6/15/2024,3,Drone (rice field)
23_Ungaran01_Gogik,Semarang_Demak,32749,110.404482,-7.158787,6/15/2024,3,Drone (rice field)
24_Ungaran02_Lerep,Semarang_Demak,32749,110.399802,-7.124123,6/15/2024,5,Drone (rice field)
Jatibarang,Brebes_Tegal,32749,109.052545,-6.982339,6/10/2024,5,Drone (rice field)
05_Kendal01_Dempelrejo,Pekalongan,32749,110.194835,-6.960185,6/11/2024,1,Drone (rice field)
05_Kendal01_Dempelrejo,Pekalongan,32749,110.194851,-6.960228,6/11/2024,1,Drone (rice field)
07_Kendal03_Bangunrejo,Pekalongan,32749,110.184475,-6.905089,6/11/2024,1,Drone (rice field)
Pekuwon,Pekalongan,32749,109.558606,-7.638985,6/12/2024,2,Drone (rice field)
02_Pekalongan02_Sokoduwet,Pekalongan,32749,109.687132,-6.929205,6/10/2024,1,Field Survey
02_Pekalongan02_Sokoduwet,Pekalongan,32749,109.687253,-6.929334,6/10/2024,1,Drone (50x50)
Rabak,Brebes_Tegal,32749,109.352639,-7.434611,6/11/2024,1,Drone (rice field)
07_Kendal03_Bangunrejo,Pekalongan,32749,110.185441,-6.904775,6/11/2024,6,Drone (rice field)
Maos,Brebes_Tegal,32749,109.152349,-7.61363,6/11/2024,5,Drone (rice field)
Rapak,Brebes_Tegal,32749,109.352888,-7.434809,6/11/2024,1,Drone (rice field)
Bocor,Pekalongan,32749,109.673844,-7.750121,6/12/2024,6,Drone (rice field)
Bajong,Brebes_Tegal,32749,109.413179,-7.426236,6/11/2024,2,Drone (rice field)
Bajong,Brebes_Tegal,32749,109.41311,-7.426201,6/11/2024,2,Drone (rice field)
Kembangsawit,Pekalongan,32749,109.726125,-7.732557,6/12/2024,2,Drone (rice field)
15_Kudus03_Karangrowo,Klambu,32749,110.869836,-6.868054,6/13/2024,2,Drone (rice field)
18_Kudus06_Gondoharum,Klambu,32749,110.963984,-6.810388,6/13/2024,4,Drone (rice field)
18_Kudus06_Gondoharum,Klambu,32749,110.964029,-6.81038,6/13/2024,4,Drone (rice field)
07_Kendal03_Bangunrejo,Pekalongan,32749,110.184634,-6.905239,6/11/2024,1,Drone (rice field)
04_Pekalongan04_Bojonglor02,Pekalongan,32749,109.595516,-6.960761,6/10/2024,2,Drone (50x50)
Bajong,Brebes_Tegal,32749,109.411817,-7.426555,6/11/2024,4,Drone (rice field)
Bocor,Pekalongan,32749,109.672893,-7.750267,6/12/2024,6,Drone (rice field)
14_Kudus02_Payaman.tif,Klambu,32749,110.868381,-6.859537,6/13/2024,2,Drone (rice field)
13_Kudus01_GarungKidul,Klambu,32749,110.807074,-6.813328,6/13/2024,2,Drone (rice field)
Bajong,Brebes_Tegal,32749,109.413811,-7.42621,6/11/2024,2,Drone (rice field)
Bajong,Brebes_Tegal,32749,109.41377,-7.426202,6/11/2024,2,Drone (rice field)
Bajong,Brebes_Tegal,32749,109.413741,-7.426193,6/11/2024,2,Drone (rice field)
Bajong,Brebes_Tegal,32749,109.413782,-7.426141,6/11/2024,2,Drone (rice field)
Bajong,Brebes_Tegal,32749,109.413751,-7.426137,6/11/2024,2,Drone (rice field)
12_Demak04_Karanganyar,Semarang_Demak,32749,110.798239,-6.850919,6/12/2024,3,Drone (rice field)
16_Kudus04_Ngemplak,Klambu,32749,110.857709,-6.861622,6/13/2024,2,Drone (rice field)
01_Pekalongan01_KuripanYosorejo,Pekalongan,32749,109.68359,-6.920925,6/10/2024,2,Drone (50x50)
07_Kendal03_Bangunrejo,Pekalongan,32749,110.185425,-6.904994,6/11/2024,1,Drone (rice field)
Bajong,Brebes_Tegal,32749,109.413017,-7.426611,6/11/2024,2,Drone (rice field)
Bajong,Brebes_Tegal,32749,109.413661,-7.42696,6/11/2024,2,Drone (rice field)
Bajong,Brebes_Tegal,32749,109.413069,-7.426606,6/11/2024,2,Drone (rice field)
Banjareja,Pekalongan,32749,109.52388,-7.725406,6/12/2024,6,Drone (rice field)
Kembangsawit,Pekalongan,32749,109.725759,-7.731741,6/12/2024,2,Drone (rice field)
Jatiluhur,Brebes_Tegal,32749,109.448526,-7.595255,6/12/2024,2,Drone (rice field)
24_Ungaran02_Lerep,Semarang_Demak,32749,110.400733,-7.122764,6/15/2024,5,Drone (rice field)
01_Pekalongan01_KuripanYosorejo,Pekalongan,32749,109.68366,-6.920605,6/10/2024,2,Drone (50x50)
07_Kendal03_Bangunrejo,Pekalongan,32749,110.185426,-6.904889,6/11/2024,1,Drone (rice field)
Karang Turi,Brebes_Tegal,32749,109.209692,-7.650229,6/11/2024,6,Drone (rice field)
11_Demak03_Cangkring,Semarang_Demak,32749,110.79247,-6.861282,6/12/2024,3,Drone (rice field)
17_Kudus05_Tenggeles,Klambu,32749,110.909573,-6.811602,6/13/2024,2,Drone (rice field)
08_Kendal04_Ketapang,Pekalongan,32749,110.217789,-6.937767,6/11/2024,1,Drone (rice field)
07_Kendal03_Bangunrejo,Pekalongan,32749,110.184273,-6.906174,6/11/2024,1,Drone (rice field)
Bajong,Brebes_Tegal,32749,109.413789,-7.426536,6/11/2024,2,Drone (rice field)
Bajong,Brebes_Tegal,32749,109.413745,-7.426551,6/11/2024,2,Drone (rice field)
Banjareja,Pekalongan,32749,109.523715,-7.724864,6/12/2024,6,Drone (rice field)
18_Kudus06_Gondoharum,Klambu,32749,110.963473,-6.810328,6/13/2024,4,Drone (rice field)
04_Pekalongan04_Bojonglor02,Pekalongan,32749,109.595119,-6.959311,6/10/2024,2,Drone (50x50)
Banjareja,Pekalongan,32749,109.524189,-7.725317,6/12/2024,6,Drone (rice field)
Banjareja,Pekalongan,32749,109.524134,-7.725306,6/12/2024,6,Drone (rice field)
Jatiluhur,Brebes_Tegal,32749,109.448738,-7.595764,6/12/2024,2,Drone (rice field)
11_Demak03_Cangkring,Semarang_Demak,32749,110.791982,-6.860577,6/12/2024,5,Drone (rice field)
Kembangsawit,Pekalongan,32749,109.725679,-7.732085,6/12/2024,2,Drone (rice field)
Jatiluhur,Brebes_Tegal,32749,109.449044,-7.595973,6/12/2024,2,Drone (rice field)
02_Pekalongan02_Sokoduwet,Pekalongan,32749,109.68673,-6.929728,6/10/2024,1,Drone (50x50)
Karang Turi,Brebes_Tegal,32749,109.209943,-7.650671,6/11/2024,6,Drone (rice field)
Bajong,Brebes_Tegal,32749,109.413341,-7.426947,6/11/2024,2,Drone (rice field)
14_Kudus02_Payaman.tif,Klambu,32749,110.86818,-6.859059,6/13/2024,2,Drone (rice field)
18_Kudus06_Gondoharum,Klambu,32749,110.965303,-6.810197,6/13/2024,4,Drone (rice field)
01_Pekalongan01_KuripanYosorejo,Pekalongan,32749,109.683872,-6.920965,6/10/2024,2,Drone (50x50)
Jatibarang,Brebes_Tegal,32749,109.052995,-6.981604,6/10/2024,3,Drone (rice field)
06_Kendal02_Pesawahan,Pekalongan,32749,110.170717,-6.974768,6/11/2024,6,Drone (rice field)
12_Demak04_Karanganyar,Semarang_Demak,32749,110.798897,-6.851568,6/12/2024,3,Drone (rice field)
13_Kudus01_GarungKidul,Klambu,32749,110.8064,-6.812929,6/13/2024,2,Drone (rice field)
15_Kudus03_Karangrowo,Klambu,32749,110.870807,-6.867255,6/13/2024,2,Drone (rice field)
18_Kudus06_Gondoharum,Klambu,32749,110.963552,-6.809689,6/13/2024,4,Drone (rice field)
18_Kudus06_Gondoharum,Klambu,32749,110.963508,-6.809682,6/13/2024,4,Drone (rice field)
24_Ungaran02_Lerep,Semarang_Demak,32749,110.400001,-7.124062,6/15/2024,5,Drone (rice field)
05_Kendal01_Dempelrejo,Pekalongan,32749,110.194382,-6.960184,6/11/2024,1,Drone (rice field)
Bajong,Brebes_Tegal,32749,109.411421,-7.426478,6/11/2024,4,Drone (rice field)
Kembangsawit,Pekalongan,32749,109.726029,-7.732839,6/12/2024,2,Drone (rice field)
Kembangsawit,Pekalongan,32749,109.725388,-7.732705,6/12/2024,2,Drone (rice field)
08_Kendal04_Ketapang,Pekalongan,32749,110.218796,-6.938023,6/11/2024,6,Drone (rice field)
Jatiluhur,Brebes_Tegal,32749,109.449021,-7.595877,6/12/2024,2,Drone (rice field)
04_Pekalongan04_Bojonglor02,Pekalongan,32749,109.594766,-6.959591,6/10/2024,2,Drone (50x50)
07_Kendal03_Bangunrejo,Pekalongan,32749,110.184518,-6.905897,6/11/2024,6,Drone (rice field)
08_Kendal04_Ketapang,Pekalongan,32749,110.21846,-6.937857,6/11/2024,1,Drone (rice field)
16_Kudus04_Ngemplak,Klambu,32749,110.857592,-6.862952,6/13/2024,2,Drone (rice field)
03_Pekalongan03_Bojonglor01,Pekalongan,32749,109.597363,-6.960668,6/10/2024,2,Drone (50x50)
03_Pekalongan03_Bojonglor01,Pekalongan,32749,109.598119,-6.960016,6/10/2024,1,Drone (50x50)
02_Pekalongan02_Sokoduwet,Pekalongan,32749,109.688298,-6.929026,6/10/2024,1,Drone (50x50)
07_Kendal03_Bangunrejo,Pekalongan,32749,110.185876,-6.905899,6/11/2024,1,Drone (rice field)
05_Kendal01_Dempelrejo,Pekalongan,32749,110.194249,-6.96012,6/11/2024,1,Drone (rice field)
Rapak,Brebes_Tegal,32749,109.352599,-7.434816,6/11/2024,1,Drone (rice field)
Bocor,Pekalongan,32749,109.673394,-7.749944,6/12/2024,6,Drone (rice field)
Jatiluhur,Brebes_Tegal,32749,109.44867,-7.595554,6/12/2024,2,Drone (rice field)
08_Kendal04_Ketapang,Pekalongan,32749,110.217955,-6.937611,6/11/2024,6,Drone (rice field)
Bajong,Brebes_Tegal,32749,109.413087,-7.426404,6/11/2024,2,Drone (rice field)
Grumbuljurig,Brebes_Tegal,32749,109.294601,-7.425734,6/11/2024,2,Drone (rice field)
10_Demak02_Kalitengah,Semarang_Demak,32749,110.535866,-7.048317,6/12/2024,4,Drone (rice field)
15_Kudus03_Karangrowo,Klambu,32749,110.869737,-6.867679,6/13/2024,2,Drone (rice field)
15_Kudus03_Karangrowo,Klambu,32749,110.871799,-6.866954,6/13/2024,2,Drone (rice field)
02_Pekalongan02_Sokoduwet,Pekalongan,32749,109.687874,-6.928833,6/10/2024,1,Drone (50x50)
Susukan,Brebes_Tegal,32749,109.375138,-7.503785,6/11/2024,1,Drone (rice field)
Susukan,Brebes_Tegal,32749,109.37516,-7.50375,6/11/2024,1,Drone (rice field)
Banjareja,Pekalongan,32749,109.523629,-7.726112,6/12/2024,6,Drone (rice field)
Bajong,Brebes_Tegal,32749,109.412937,-7.426797,6/11/2024,2,Drone (rice field)
Maos Kidul,Brebes_Tegal,32749,109.152944,-7.613611,6/11/2024,5,Drone (rice field)
Maos,Brebes_Tegal,32749,109.152252,-7.613658,6/11/2024,5,Drone (rice field)
09_Demak01_Kembangarum,Semarang_Demak,32749,110.537172,-7.035253,6/12/2024,4,Drone (rice field)
13_Kudus01_GarungKidul,Klambu,32749,110.806908,-6.813554,6/13/2024,2,Drone (rice field)
08_Kendal04_Ketapang,Pekalongan,32749,110.218571,-6.937618,6/11/2024,6,Drone (rice field)
Pesuruhan,Brebes_Tegal,32749,109.487652,-7.715784,6/12/2024,4,Drone (rice field)
Kembangsawit,Pekalongan,32749,109.725858,-7.732234,6/12/2024,2,Drone (rice field)
Kembangsawit,Pekalongan,32749,109.725597,-7.732022,6/12/2024,2,Drone (rice field)
17_Kudus05_Tenggeles,Klambu,32749,110.91093,-6.811603,6/13/2024,2,Drone (rice field)
17_Kudus05_Tenggeles,Klambu,32749,110.909505,-6.812368,6/13/2024,2,Drone (rice field)
08_Kendal04_Ketapang,Pekalongan,32749,110.21886,-6.937612,6/11/2024,6,Drone (rice field)
Banjareja,Pekalongan,32749,109.523387,-7.72515,6/12/2024,6,Drone (rice field)
Jatiluhur,Brebes_Tegal,32749,109.450536,-7.595588,6/12/2024,6,Drone (rice field)
Jatiluhur,Brebes_Tegal,32749,109.450554,-7.595566,6/12/2024,6,Drone (rice field)
Jatiluhur,Brebes_Tegal,32749,109.450468,-7.594934,6/12/2024,2,Drone (rice field)
04_Pekalongan04_Bojonglor02,Pekalongan,32749,109.594759,-6.961022,6/10/2024,2,Drone (50x50)
Jatiluhur,Brebes_Tegal,32749,109.449389,-7.595722,6/12/2024,2,Drone (rice field)
Bocor,Pekalongan,32749,109.673264,-7.750289,6/12/2024,6,Drone (rice field)
Bocor,Pekalongan,32749,109.673279,-7.750222,6/12/2024,6,Drone (rice field)
Pekuwon,Pekalongan,32749,109.559203,-7.639429,6/12/2024,2,Drone (rice field)
18_Kudus06_Gondoharum,Klambu,32749,110.963404,-6.810321,6/13/2024,4,Drone (rice field)
23_Ungaran01_Gogik,Semarang_Demak,32749,110.404536,-7.158921,6/15/2024,3,Drone (rice field)
23_Ungaran01_Gogik,Semarang_Demak,32749,110.404544,-7.158871,6/15/2024,3,Drone (rice field)
03_Pekalongan03_Bojonglor01,Pekalongan,32749,109.597903,-6.958793,6/10/2024,2,Field Survey
Karang Turi,Brebes_Tegal,32749,109.209417,-7.650194,6/11/2024,2,Drone (rice field)
06_Kendal02_Pesawahan,Pekalongan,32749,110.171462,-6.975135,6/11/2024,5,Drone (rice field)
08_Kendal04_Ketapang,Pekalongan,32749,110.21837,-6.93686,6/11/2024,6,Drone (rice field)
07_Kendal03_Bangunrejo,Pekalongan,32749,110.185232,-6.905322,6/11/2024,1,Drone (rice field)
Maos,Brebes_Tegal,32749,109.152654,-7.613442,6/11/2024,6,Drone (rice field)
Pekuwon,Pekalongan,32749,109.558141,-7.638783,6/12/2024,2,Drone (rice field)
16_Kudus04_Ngemplak,Klambu,32749,110.857329,-6.861784,6/13/2024,2,Drone (rice field)
03_Pekalongan03_Bojonglor01,Pekalongan,32749,109.597638,-6.960597,6/10/2024,3,Drone (50x50)
01_Pekalongan01_KuripanYosorejo,Pekalongan,32749,109.683954,-6.921316,6/10/2024,1,Drone (50x50)
05_Kendal01_Dempelrejo,Pekalongan,32749,110.193945,-6.960095,6/11/2024,1,Drone (rice field)
Pesuruhan,Brebes_Tegal,32749,109.487677,-7.715582,6/12/2024,3,Drone (rice field)
Jatiluhur,Brebes_Tegal,32749,109.448442,-7.594596,6/12/2024,2,Drone (rice field)
Bajong,Brebes_Tegal,32749,109.412074,-7.426318,6/11/2024,4,Drone (rice field)
09_Demak01_Kembangarum,Semarang_Demak,32749,110.538754,-7.035724,6/12/2024,4,Drone (rice field)
12_Demak04_Karanganyar,Semarang_Demak,32749,110.799144,-6.851371,6/12/2024,3,Drone (rice field)
15_Kudus03_Karangrowo,Klambu,32749,110.871399,-6.866755,6/13/2024,2,Drone (rice field)
05_Kendal01_Dempelrejo,Pekalongan,32749,110.194214,-6.960235,6/11/2024,1,Drone (rice field)
05_Kendal01_Dempelrejo,Pekalongan,32749,110.194224,-6.960176,6/11/2024,1,Drone (rice field)
Bajong,Brebes_Tegal,32749,109.412909,-7.426559,6/11/2024,2,Drone (rice field)
Pesuruhan,Brebes_Tegal,32749,109.487687,-7.715965,6/12/2024,6,Drone (rice field)
Jatiluhur,Brebes_Tegal,32749,109.450558,-7.59572,6/12/2024,6,Drone (rice field)
Bajong,Brebes_Tegal,32749,109.412236,-7.426337,6/11/2024,4,Drone (rice field)
Pesuruhan,Brebes_Tegal,32749,109.489255,-7.715602,6/12/2024,6,Drone (rice field)
Pesuruhan,Brebes_Tegal,32749,109.489216,-7.715111,6/12/2024,3,Drone (rice field)
14_Kudus02_Payaman.tif,Klambu,32749,110.868166,-6.860229,6/13/2024,2,Drone (rice field)
02_Pekalongan02_Sokoduwet,Pekalongan,32749,109.687358,-6.929599,6/10/2024,1,Drone (50x50)
06_Kendal02_Pesawahan,Pekalongan,32749,110.171404,-6.974574,6/11/2024,2,Drone (rice field)
07_Kendal03_Bangunrejo,Pekalongan,32749,110.184861,-6.905413,6/11/2024,1,Drone (rice field)
Jatiluhur,Brebes_Tegal,32749,109.450046,-7.595246,6/12/2024,6,Drone (rice field)
13_Kudus01_GarungKidul,Klambu,32749,110.807436,-6.812192,6/13/2024,6,Drone (rice field)
23_Ungaran01_Gogik,Semarang_Demak,32749,110.404072,-7.158945,6/15/2024,2,Drone (rice field)
24_Ungaran02_Lerep,Semarang_Demak,32749,110.400851,-7.122936,6/15/2024,5,Drone (rice field)
Karang Turi,Brebes_Tegal,32749,109.209643,-7.650065,6/11/2024,1,Drone (rice field)
11_Demak03_Cangkring,Semarang_Demak,32749,110.791899,-6.861771,6/12/2024,3,Drone (rice field)
13_Kudus01_GarungKidul,Klambu,32749,110.806853,-6.812477,6/13/2024,2,Drone (rice field)
06_Kendal02_Pesawahan,Pekalongan,32749,110.171139,-6.974533,6/11/2024,2,Drone (rice field)
07_Kendal03_Bangunrejo,Pekalongan,32749,110.185247,-6.905429,6/11/2024,1,Drone (rice field)
Kembangsawit,Pekalongan,32749,109.725388,-7.731722,6/12/2024,2,Drone (rice field)
04_Pekalongan04_Bojonglor02,Pekalongan,32749,109.594791,-6.959475,6/10/2024,2,Drone (50x50)
01_Pekalongan01_KuripanYosorejo,Pekalongan,32749,109.683709,-6.92172,6/10/2024,6,Drone (50x50)
06_Kendal02_Pesawahan,Pekalongan,32749,110.169869,-6.975195,6/11/2024,5,Drone (rice field)
Grumbuljurig,Brebes_Tegal,32749,109.29472,-7.426957,6/11/2024,2,Drone (rice field)
Bajong,Brebes_Tegal,32749,109.413903,-7.426159,6/11/2024,2,Drone (rice field)
Bajong,Brebes_Tegal,32749,109.413863,-7.426153,6/11/2024,2,Drone (rice field)
Bajong,Brebes_Tegal,32749,109.413823,-7.426147,6/11/2024,2,Drone (rice field)
Banjareja,Pekalongan,32749,109.524333,-7.725407,6/12/2024,6,Drone (rice field)
Banjareja,Pekalongan,32749,109.524351,-7.725353,6/12/2024,6,Drone (rice field)
13_Kudus01_GarungKidul,Klambu,32749,110.806356,-6.813334,6/13/2024,2,Drone (rice field)
18_Kudus06_Gondoharum,Klambu,32749,110.963845,-6.809859,6/13/2024,4,Drone (rice field)
03_Pekalongan03_Bojonglor01,Pekalongan,32749,109.597743,-6.958842,6/10/2024,2,Drone (50x50)
01_Pekalongan01_KuripanYosorejo,Pekalongan,32749,109.684232,-6.920794,6/10/2024,2,Drone (50x50)
01_Pekalongan01_KuripanYosorejo,Pekalongan,32749,109.68372,-6.920707,6/10/2024,2,Drone (50x50)
Rapak,Brebes_Tegal,32749,109.352628,-7.434692,6/11/2024,1,Drone (rice field)
Pekuwon,Pekalongan,32749,109.559305,-7.638223,6/12/2024,2,Drone (rice field)
Pekuwon,Pekalongan,32749,109.559053,-7.63829,6/12/2024,2,Drone (rice field)
Jatiluhur,Brebes_Tegal,32749,109.449018,-7.595938,6/12/2024,2,Drone (rice field)
18_Kudus06_Gondoharum,Klambu,32749,110.965358,-6.809936,6/13/2024,4,Drone (rice field)
02_Pekalongan02_Sokoduwet,Pekalongan,32749,109.688036,-6.929659,6/10/2024,1,Field Survey
02_Pekalongan02_Sokoduwet,Pekalongan,32749,109.688039,-6.929621,6/10/2024,1,Drone (50x50)
06_Kendal02_Pesawahan,Pekalongan,32749,110.170431,-6.974183,6/11/2024,5,Drone (rice field)
11_Demak03_Cangkring,Semarang_Demak,32749,110.792204,-6.861759,6/12/2024,3,Drone (rice field)
05_Kendal01_Dempelrejo,Pekalongan,32749,110.193803,-6.960714,6/11/2024,1,Drone (rice field)
07_Kendal03_Bangunrejo,Pekalongan,32749,110.185546,-6.905046,6/11/2024,1,Drone (rice field)
Kembangsawit,Pekalongan,32749,109.72544,-7.732623,6/12/2024,2,Drone (rice field)
Pesuruhan,Brebes_Tegal,32749,109.488656,-7.715982,6/12/2024,6,Drone (rice field)
Pesuruhan,Brebes_Tegal,32749,109.488644,-7.715902,6/12/2024,3,Drone (rice field)
18_Kudus06_Gondoharum,Klambu,32749,110.964354,-6.810556,6/13/2024,4,Drone (rice field)
18_Kudus06_Gondoharum,Klambu,32749,110.964316,-6.810551,6/13/2024,4,Drone (rice field)
23_Ungaran01_Gogik,Semarang_Demak,32749,110.40329,-7.1612,6/15/2024,2,Drone (rice field)
23_Ungaran01_Gogik,Semarang_Demak,32749,110.404097,-7.159179,6/15/2024,2,Drone (rice field)
02_Pekalongan02_Sokoduwet,Pekalongan,32749,109.686679,-6.929655,6/10/2024,1,Field Survey
03_Pekalongan03_Bojonglor01,Pekalongan,32749,109.596829,-6.961441,6/10/2024,6,Drone (50x50)
Kembangsawit,Pekalongan,32749,109.726158,-7.732833,6/12/2024,2,Drone (rice field)
Kembangsawit,Pekalongan,32749,109.725464,-7.73254,6/12/2024,2,Drone (rice field)
Banjareja,Pekalongan,32749,109.524283,-7.725343,6/12/2024,6,Drone (rice field)
Pekuwon,Pekalongan,32749,109.559763,-7.639155,6/12/2024,2,Drone (rice field)
,Klambu,32749,110.874278,-7.595278,6/15/2024,4,Drone (rice field)
05_Kendal01_Dempelrejo,Pekalongan,32749,110.195121,-6.959395,6/11/2024,1,Drone (rice field)
05_Kendal01_Dempelrejo,Pekalongan,32749,110.195119,-6.959327,6/11/2024,1,Drone (rice field)
14_Kudus02_Payaman.tif,Klambu,32749,110.867929,-6.859537,6/13/2024,2,Drone (rice field)
Susukan,Brebes_Tegal,32749,109.375403,-7.50495,6/11/2024,1,Drone (rice field)
Banjareja,Pekalongan,32749,109.522934,-7.724688,6/12/2024,6,Drone (rice field)
Jatiluhur,Brebes_Tegal,32749,109.448853,-7.595404,6/12/2024,2,Drone (rice field)
18_Kudus06_Gondoharum,Klambu,32749,110.964544,-6.810237,6/13/2024,4,Drone (rice field)
18_Kudus06_Gondoharum,Klambu,32749,110.964504,-6.810233,6/13/2024,4,Drone (rice field)
24_Ungaran02_Lerep,Semarang_Demak,32749,110.399675,-7.124125,6/15/2024,5,Drone (rice field)
07_Kendal03_Bangunrejo,Pekalongan,32749,110.18438,-6.906078,6/11/2024,6,Drone (rice field)
03_Pekalongan03_Bojonglor01,Pekalongan,32749,109.597902,-6.959245,6/10/2024,2,Field Survey
05_Kendal01_Dempelrejo,Pekalongan,32749,110.194654,-6.959851,6/11/2024,1,Drone (rice field)
05_Kendal01_Dempelrejo,Pekalongan,32749,110.194669,-6.95979,6/11/2024,1,Drone (rice field)
Karang Turi,Brebes_Tegal,32749,109.209915,-7.649623,6/11/2024,2,Drone (rice field)
Bajong,Brebes_Tegal,32749,109.41379,-7.426319,6/11/2024,2,Drone (rice field)
Bajong,Brebes_Tegal,32749,109.41375,-7.426312,6/11/2024,2,Drone (rice field)
18_Kudus06_Gondoharum,Klambu,32749,110.963566,-6.810204,6/13/2024,4,Drone (rice field)
Jatibarang,Brebes_Tegal,32749,109.052597,-6.981273,6/10/2024,4,Field Survey
03_Pekalongan03_Bojonglor01,Pekalongan,32749,109.598087,-6.959002,6/10/2024,2,Drone (50x50)
07_Kendal03_Bangunrejo,Pekalongan,32749,110.184825,-6.906602,6/11/2024,1,Drone (rice field)
17_Kudus05_Tenggeles,Klambu,32749,110.909574,-6.811803,6/13/2024,3,Drone (rice field)
Jatibarang,Brebes_Tegal,32749,109.053134,-6.982323,6/10/2024,5,Drone (rice field)
06_Kendal02_Pesawahan,Pekalongan,32749,110.171393,-6.974652,6/11/2024,1,Drone (rice field)
Kembangsawit,Pekalongan,32749,109.725934,-7.732831,6/12/2024,2,Drone (rice field)
Pekuwon,Pekalongan,32749,109.558386,-7.638231,6/12/2024,2,Drone (rice field)
03_Pekalongan03_Bojonglor01,Pekalongan,32749,109.598354,-6.959246,6/10/2024,1,Field Survey
06_Kendal02_Pesawahan,Pekalongan,32749,110.169915,-6.975066,6/11/2024,1,Drone (rice field)
06_Kendal02_Pesawahan,Pekalongan,32749,110.169877,-6.975131,6/11/2024,1,Drone (rice field)
06_Kendal02_Pesawahan,Pekalongan,32749,110.169923,-6.975062,6/11/2024,1,Drone (rice field)
06_Kendal02_Pesawahan,Pekalongan,32749,110.170516,-6.974662,6/11/2024,2,Drone (rice field)
18_Kudus06_Gondoharum,Klambu,32749,110.963321,-6.809684,6/13/2024,4,Drone (rice field)
Jatiluhur,Brebes_Tegal,32749,109.449894,-7.595872,6/12/2024,6,Drone (rice field)
03_Pekalongan03_Bojonglor01,Pekalongan,32749,109.597619,-6.958572,6/10/2024,2,Drone (50x50)
06_Kendal02_Pesawahan,Pekalongan,32749,110.171344,-6.974782,6/11/2024,2,Drone (rice field)
06_Kendal02_Pesawahan,Pekalongan,32749,110.171394,-6.974711,6/11/2024,2,Drone (rice field)
14_Kudus02_Payaman.tif,Klambu,32749,110.869296,-6.859309,6/13/2024,2,Drone (rice field)
23_Ungaran01_Gogik,Semarang_Demak,32749,110.404266,-7.159075,6/15/2024,5,Drone (rice field)
,Pekalongan,32749,110.158917,-7.531278,6/16/2024,2,Drone (rice field)
07_Kendal03_Bangunrejo,Pekalongan,32749,110.184971,-6.905445,6/11/2024,1,Drone (rice field)
08_Kendal04_Ketapang,Pekalongan,32749,110.218455,-6.937331,6/11/2024,6,Drone (rice field)
Kembangsawit,Pekalongan,32749,109.725121,-7.733289,6/12/2024,2,Drone (rice field)
Kembangsawit,Pekalongan,32749,109.725169,-7.733281,6/12/2024,2,Drone (rice field)
Kembangsawit,Pekalongan,32749,109.725119,-7.733266,6/12/2024,2,Drone (rice field)
13_Kudus01_GarungKidul,Klambu,32749,110.807247,-6.813091,6/13/2024,2,Drone (rice field)
Susukan,Brebes_Tegal,32749,109.375035,-7.504238,6/11/2024,1,Drone (rice field)
04_Pekalongan04_Bojonglor02,Pekalongan,32749,109.595454,-6.959182,6/10/2024,2,Drone (50x50)
Susukan,Brebes_Tegal,32749,109.374686,-7.503331,6/11/2024,1,Drone (rice field)
05_Kendal01_Dempelrejo,Pekalongan,32749,110.194037,-6.958669,6/11/2024,1,Drone (rice field)
01_Pekalongan01_KuripanYosorejo,Pekalongan,32749,109.682983,-6.921679,6/10/2024,6,Drone (50x50)
Bajong,Brebes_Tegal,32749,109.413924,-7.426162,6/11/2024,2,Drone (rice field)
Bajong,Brebes_Tegal,32749,109.413987,-7.426171,6/11/2024,2,Drone (rice field)
Bajong,Brebes_Tegal,32749,109.413944,-7.426164,6/11/2024,2,Drone (rice field)
Bajong,Brebes_Tegal,32749,109.412371,-7.426153,6/11/2024,4,Drone (rice field)
Bocor,Pekalongan,32749,109.672908,-7.749744,6/12/2024,6,Drone (rice field)
Jatibarang,Brebes_Tegal,32749,109.052783,-6.98159,6/10/2024,3,Drone (rice field)
Bajong,Brebes_Tegal,32749,109.411378,-7.426822,6/11/2024,4,Drone (rice field)
Jatiluhur,Brebes_Tegal,32749,109.450013,-7.595385,6/12/2024,6,Drone (rice field)
Jatiluhur,Brebes_Tegal,32749,109.449968,-7.595375,6/12/2024,6,Drone (rice field)
03_Pekalongan03_Bojonglor01,Pekalongan,32749,109.597361,-6.96118,6/10/2024,2,Drone (50x50)
05_Kendal01_Dempelrejo,Pekalongan,32749,110.19401,-6.959921,6/11/2024,1,Drone (rice field)
Maos,Brebes_Tegal,32749,109.151664,-7.614034,6/11/2024,5,Drone (rice field)
Bajong,Brebes_Tegal,32749,109.413207,-7.426433,6/11/2024,2,Drone (rice field)
Jatibarang,Brebes_Tegal,32749,109.052634,-6.981189,6/10/2024,6,Drone (rice field)
12_Demak04_Karanganyar,Semarang_Demak,32749,110.797997,-6.850818,6/12/2024,3,Drone (rice field)
03_Pekalongan03_Bojonglor01,Pekalongan,32749,109.597063,-6.960813,6/10/2024,2,Drone (50x50)
16_Kudus04_Ngemplak,Klambu,32749,110.857871,-6.861701,6/13/2024,2,Drone (rice field)
Pekuwon,Pekalongan,32749,109.558623,-7.63826,6/12/2024,2,Drone (rice field)
Banjareja,Pekalongan,32749,109.523186,-7.726,6/12/2024,6,Drone (rice field)
Banjareja,Pekalongan,32749,109.523898,-7.725963,6/12/2024,6,Drone (rice field)
Pekuwon,Pekalongan,32749,109.559857,-7.639214,6/12/2024,2,Drone (rice field)
Pekuwon,Pekalongan,32749,109.558631,-7.638252,6/12/2024,2,Drone (rice field)
18_Kudus06_Gondoharum,Klambu,32749,110.964534,-6.810438,6/13/2024,4,Drone (rice field)
18_Kudus06_Gondoharum,Klambu,32749,110.964493,-6.810435,6/13/2024,4,Drone (rice field)
02_Pekalongan02_Sokoduwet,Pekalongan,32749,109.686758,-6.929644,6/10/2024,1,Drone (50x50)
08_Kendal04_Ketapang,Pekalongan,32749,110.218408,-6.937159,6/11/2024,6,Drone (rice field)
07_Kendal03_Bangunrejo,Pekalongan,32749,110.184865,-6.905597,6/11/2024,1,Drone (rice field)
01_Pekalongan01_KuripanYosorejo,Pekalongan,32749,109.683623,-6.920783,6/10/2024,2,Drone (50x50)
06_Kendal02_Pesawahan,Pekalongan,32749,110.171405,-6.975437,6/11/2024,5,Drone (rice field)
Kembangsawit,Pekalongan,32749,109.726059,-7.733103,6/12/2024,2,Drone (rice field)
Kembangsawit,Pekalongan,32749,109.725998,-7.73309,6/12/2024,2,Drone (rice field)
Banjareja,Pekalongan,32749,109.523107,-7.724733,6/12/2024,6,Drone (rice field)
18_Kudus06_Gondoharum,Klambu,32749,110.963636,-6.81048,6/13/2024,4,Drone (rice field)
18_Kudus06_Gondoharum,Klambu,32749,110.963593,-6.810477,6/13/2024,4,Drone (rice field)
Kembangsawit,Pekalongan,32749,109.726033,-7.731483,6/12/2024,2,Drone (rice field)
Jatiluhur,Brebes_Tegal,32749,109.450466,-7.595386,6/12/2024,6,Drone (rice field)
Pesuruhan,Brebes_Tegal,32749,109.487768,-7.714809,6/12/2024,3,Drone (rice field)
13_Kudus01_GarungKidul,Klambu,32749,110.805908,-6.81253,6/13/2024,3,Drone (rice field)
03_Pekalongan03_Bojonglor01,Pekalongan,32749,109.597898,-6.960601,6/10/2024,6,Field Survey
02_Pekalongan02_Sokoduwet,Pekalongan,32749,109.687803,-6.92989,6/10/2024,1,Drone (50x50)
05_Kendal01_Dempelrejo,Pekalongan,32749,110.195045,-6.958575,6/11/2024,1,Drone (rice field)
Karang Turi,Brebes_Tegal,32749,109.20979,-7.649679,6/11/2024,2,Drone (rice field)
Pesuruhan,Brebes_Tegal,32749,109.488858,-7.715285,6/12/2024,6,Drone (rice field)
18_Kudus06_Gondoharum,Klambu,32749,110.963558,-6.810349,6/13/2024,4,Drone (rice field)
Pekuwon,Pekalongan,32749,109.558625,-7.637808,6/12/2024,2,Drone (rice field)
13_Kudus01_GarungKidul,Klambu,32749,110.807072,-6.813032,6/13/2024,2,Drone (rice field)
02_Pekalongan02_Sokoduwet,Pekalongan,32749,109.687606,-6.929543,6/10/2024,1,Drone (50x50)
06_Kendal02_Pesawahan,Pekalongan,32749,110.171453,-6.974797,6/11/2024,2,Drone (rice field)
Bajong,Brebes_Tegal,32749,109.413775,-7.42699,6/11/2024,2,Drone (rice field)
Bajong,Brebes_Tegal,32749,109.413804,-7.426958,6/11/2024,2,Drone (rice field)
Bajong,Brebes_Tegal,32749,109.413808,-7.426439,6/11/2024,2,Drone (rice field)
Bajong,Brebes_Tegal,32749,109.413769,-7.426434,6/11/2024,2,Drone (rice field)
Bajong,Brebes_Tegal,32749,109.413728,-7.426427,6/11/2024,2,Drone (rice field)
06_Kendal02_Pesawahan,Pekalongan,32749,110.170824,-6.975039,6/11/2024,5,Drone (rice field)
06_Kendal02_Pesawahan,Pekalongan,32749,110.17164,-6.97469,6/11/2024,6,Drone (rice field)
06_Kendal02_Pesawahan,Pekalongan,32749,110.171652,-6.974612,6/11/2024,2,Drone (rice field)
05_Kendal01_Dempelrejo,Pekalongan,32749,110.194827,-6.960286,6/11/2024,1,Drone (rice field)
14_Kudus02_Payaman.tif,Klambu,32749,110.867139,-6.859766,6/13/2024,2,Drone (rice field)
Jatibarang,Brebes_Tegal,32749,109.053753,-6.981651,6/10/2024,3,Drone (rice field)
Banjareja,Pekalongan,32749,109.523459,-7.725164,6/12/2024,6,Drone (rice field)
13_Kudus01_GarungKidul,Klambu,32749,110.80798,-6.813604,6/13/2024,2,Drone (rice field)
03_Pekalongan03_Bojonglor01,Pekalongan,32749,109.597658,-6.96161,6/10/2024,6,Drone (50x50)
03_Pekalongan03_Bojonglor01,Pekalongan,32749,109.597611,-6.960318,6/10/2024,2,Drone (50x50)
Jatibarang,Brebes_Tegal,32749,109.05294,-6.980732,6/10/2024,5,Drone (rice field)
Rapak,Brebes_Tegal,32749,109.352978,-7.434286,6/11/2024,1,Drone (rice field)
17_Kudus05_Tenggeles,Klambu,32749,110.911383,-6.811603,6/13/2024,2,Drone (rice field)
24_Ungaran02_Lerep,Semarang_Demak,32749,110.400566,-7.123761,6/15/2024,2,Drone (rice field)
Jatibarang,Brebes_Tegal,32749,109.053051,-6.980823,6/10/2024,5,Field Survey
03_Pekalongan03_Bojonglor01,Pekalongan,32749,109.597197,-6.961237,6/10/2024,2,Drone (50x50)
01_Pekalongan01_KuripanYosorejo,Pekalongan,32749,109.682804,-6.92078,6/10/2024,2,Drone (50x50)
06_Kendal02_Pesawahan,Pekalongan,32749,110.170508,-6.974774,6/11/2024,5,Drone (rice field)
06_Kendal02_Pesawahan,Pekalongan,32749,110.170513,-6.974739,6/11/2024,6,Drone (rice field)
Pesuruhan,Brebes_Tegal,32749,109.487994,-7.715562,6/12/2024,3,Drone (rice field)
03_Pekalongan03_Bojonglor01,Pekalongan,32749,109.597253,-6.961047,6/10/2024,2,Drone (50x50)
03_Pekalongan03_Bojonglor01,Pekalongan,32749,109.597796,-6.958852,6/10/2024,6,Drone (50x50)
Bajong,Brebes_Tegal,32749,109.411659,-7.426154,6/11/2024,4,Drone (rice field)
08_Kendal04_Ketapang,Pekalongan,32749,110.218672,-6.937961,6/11/2024,1,Drone (rice field)
Maos,Brebes_Tegal,32749,109.15207,-7.61403,6/11/2024,6,Drone (rice field)
07_Kendal03_Bangunrejo,Pekalongan,32749,110.185827,-6.904798,6/11/2024,1,Drone (rice field)
07_Kendal03_Bangunrejo,Pekalongan,32749,110.184722,-6.904677,6/11/2024,1,Drone (rice field)
Kembangsawit,Pekalongan,32749,109.725574,-7.73329,6/12/2024,2,Drone (rice field)
Kembangsawit,Pekalongan,32749,109.725581,-7.733303,6/12/2024,2,Drone (rice field)
15_Kudus03_Karangrowo,Klambu,32749,110.87019,-6.866774,6/13/2024,2,Drone (rice field)
13_Kudus01_GarungKidul,Klambu,32749,110.807282,-6.813991,6/13/2024,2,Drone (rice field)
23_Ungaran01_Gogik,Semarang_Demak,32749,110.404422,-7.161074,6/15/2024,2,Drone (rice field)
23_Ungaran01_Gogik,Semarang_Demak,32749,110.404395,-7.161015,6/15/2024,2,Drone (rice field)
24_Ungaran02_Lerep,Semarang_Demak,32749,110.399745,-7.12363,6/15/2024,6,Drone (rice field)
03_Pekalongan03_Bojonglor01,Pekalongan,32749,109.597976,-6.959977,6/10/2024,6,Drone (50x50)
Pesuruhan,Brebes_Tegal,32749,109.488219,-7.715111,6/12/2024,6,Drone (rice field)
17_Kudus05_Tenggeles,Klambu,32749,110.911,-6.811997,6/13/2024,3,Drone (rice field)
06_Kendal02_Pesawahan,Pekalongan,32749,110.171019,-6.975382,6/11/2024,5,Drone (rice field)
05_Kendal01_Dempelrejo,Pekalongan,32749,110.19506,-6.959243,6/11/2024,1,Drone (rice field)
05_Kendal01_Dempelrejo,Pekalongan,32749,110.195075,-6.959179,6/11/2024,1,Drone (rice field)
Kembangsawit,Pekalongan,32749,109.725938,-7.733297,6/12/2024,2,Drone (rice field)
Pesuruhan,Brebes_Tegal,32749,109.487579,-7.715381,6/12/2024,6,Drone (rice field)
11_Demak03_Cangkring,Semarang_Demak,32749,110.79281,-6.860621,6/12/2024,2,Drone (rice field)
18_Kudus06_Gondoharum,Klambu,32749,110.965011,-6.810594,6/13/2024,4,Drone (rice field)
06_Kendal02_Pesawahan,Pekalongan,32749,110.170369,-6.974163,6/11/2024,5,Drone (rice field)
06_Kendal02_Pesawahan,Pekalongan,32749,110.171154,-6.974455,6/11/2024,5,Drone (rice field)
06_Kendal02_Pesawahan,Pekalongan,32749,110.170317,-6.974248,6/11/2024,5,Drone (rice field)
06_Kendal02_Pesawahan,Pekalongan,32749,110.170326,-6.974167,6/11/2024,5,Drone (rice field)
08_Kendal04_Ketapang,Pekalongan,32749,110.219913,-6.936906,6/11/2024,6,Drone (rice field)
Rapak,Brebes_Tegal,32749,109.352863,-7.434578,6/11/2024,1,Drone (rice field)
11_Demak03_Cangkring,Semarang_Demak,32749,110.791691,-6.860414,6/12/2024,5,Drone (rice field)
Jatibarang,Brebes_Tegal,32749,109.05264,-6.980968,6/10/2024,4,Drone (rice field)
06_Kendal02_Pesawahan,Pekalongan,32749,110.171274,-6.974616,6/11/2024,1,Drone (rice field)
05_Kendal01_Dempelrejo,Pekalongan,32749,110.194383,-6.959732,6/11/2024,1,Drone (rice field)
10_Demak02_Kalitengah,Semarang_Demak,32749,110.535643,-7.046944,6/12/2024,4,Drone (rice field)
Kembangsawit,Pekalongan,32749,109.725069,-7.733233,6/12/2024,2,Drone (rice field)
Kembangsawit,Pekalongan,32749,109.72502,-7.7332,6/12/2024,2,Drone (rice field)
Pekuwon,Pekalongan,32749,109.558304,-7.638794,6/12/2024,2,Drone (rice field)
13_Kudus01_GarungKidul,Klambu,32749,110.807565,-6.813605,6/13/2024,2,Drone (rice field)
23_Ungaran01_Gogik,Semarang_Demak,32749,110.40356,-7.160742,6/15/2024,6,Drone (rice field)
Jatibarang,Brebes_Tegal,32749,109.052999,-6.981511,6/10/2024,3,Drone (rice field)
Jatiluhur,Brebes_Tegal,32749,109.448427,-7.594676,6/12/2024,2,Drone (rice field)
14_Kudus02_Payaman.tif,Klambu,32749,110.868078,-6.859606,6/13/2024,2,Drone (rice field)
01_Pekalongan01_KuripanYosorejo,Pekalongan,32749,109.683949,-6.921623,6/10/2024,6,Drone (50x50)
06_Kendal02_Pesawahan,Pekalongan,32749,110.171418,-6.974414,6/11/2024,5,Drone (rice field)
08_Kendal04_Ketapang,Pekalongan,32749,110.219148,-6.938196,6/11/2024,6,Drone (rice field)
12_Demak04_Karanganyar,Semarang_Demak,32749,110.797386,-6.851749,6/12/2024,3,Drone (rice field)
Banjareja,Pekalongan,32749,109.524559,-7.724684,6/12/2024,6,Drone (rice field)
Banjareja,Pekalongan,32749,109.524488,-7.724674,6/12/2024,6,Drone (rice field)
23_Ungaran01_Gogik,Semarang_Demak,32749,110.404527,-7.160712,6/15/2024,6,Drone (rice field)
23_Ungaran01_Gogik,Semarang_Demak,32749,110.404492,-7.160685,6/15/2024,6,Drone (rice field)
07_Kendal03_Bangunrejo,Pekalongan,32749,110.185135,-6.904563,6/11/2024,1,Drone (rice field)
Pesuruhan,Brebes_Tegal,32749,109.487653,-7.715332,6/12/2024,3,Drone (rice field)
12_Demak04_Karanganyar,Semarang_Demak,32749,110.798721,-6.851782,6/12/2024,3,Drone (rice field)
Bocor,Pekalongan,32749,109.672825,-7.749573,6/12/2024,6,Drone (rice field)
01_Pekalongan01_KuripanYosorejo,Pekalongan,32749,109.683097,-6.921759,6/10/2024,6,Drone (50x50)
Jatibarang,Brebes_Tegal,32749,109.052719,-6.981945,6/10/2024,1,Drone (rice field)
06_Kendal02_Pesawahan,Pekalongan,32749,110.171076,-6.974861,6/11/2024,5,Drone (rice field)
06_Kendal02_Pesawahan,Pekalongan,32749,110.171082,-6.974823,6/11/2024,6,Drone (rice field)
06_Kendal02_Pesawahan,Pekalongan,32749,110.170776,-6.974231,6/11/2024,5,Drone (rice field)
05_Kendal01_Dempelrejo,Pekalongan,32749,110.194066,-6.959872,6/11/2024,1,Drone (rice field)
Kembangsawit,Pekalongan,32749,109.724955,-7.7328,6/12/2024,2,Drone (rice field)
13_Kudus01_GarungKidul,Klambu,32749,110.806777,-6.812287,6/13/2024,2,Drone (rice field)
23_Ungaran01_Gogik,Semarang_Demak,32749,110.403647,-7.159014,6/15/2024,1,Drone (rice field)
03_Pekalongan03_Bojonglor01,Pekalongan,32749,109.59775,-6.958596,6/10/2024,2,Drone (50x50)
08_Kendal04_Ketapang,Pekalongan,32749,110.217956,-6.937159,6/11/2024,1,Drone (rice field)
Susukan,Brebes_Tegal,32749,109.375075,-7.504539,6/11/2024,1,Drone (rice field)
12_Demak04_Karanganyar,Semarang_Demak,32749,110.798744,-6.850716,6/12/2024,3,Drone (rice field)
Banjareja,Pekalongan,32749,109.524132,-7.724589,6/12/2024,6,Drone (rice field)
Pekuwon,Pekalongan,32749,109.558351,-7.639065,6/12/2024,2,Drone (rice field)
17_Kudus05_Tenggeles,Klambu,32749,110.910175,-6.81188,6/13/2024,3,Drone (rice field)
18_Kudus06_Gondoharum,Klambu,32749,110.963892,-6.810388,6/13/2024,4,Drone (rice field)
18_Kudus06_Gondoharum,Klambu,32749,110.963937,-6.810384,6/13/2024,4,Drone (rice field)
24_Ungaran02_Lerep,Semarang_Demak,32749,110.400113,-7.12376,6/15/2024,2,Drone (rice field)
23_Ungaran01_Gogik,Semarang_Demak,32749,110.403215,-7.161284,6/15/2024,2,Drone (rice field)
23_Ungaran01_Gogik,Semarang_Demak,32749,110.404467,-7.159312,6/15/2024,3,Drone (rice field)
Rapak,Brebes_Tegal,32749,109.352809,-7.434319,6/11/2024,1,Drone (rice field)
12_Demak04_Karanganyar,Semarang_Demak,32749,110.797334,-6.851371,6/12/2024,3,Drone (rice field)
09_Demak01_Kembangarum,Semarang_Demak,32749,110.53894,-7.035462,6/12/2024,4,Drone (rice field)
04_Pekalongan04_Bojonglor02,Pekalongan,32749,109.595264,-6.959324,6/10/2024,2,Drone (50x50)
01_Pekalongan01_KuripanYosorejo,Pekalongan,32749,109.683924,-6.921763,6/10/2024,6,Drone (50x50)
05_Kendal01_Dempelrejo,Pekalongan,32749,110.194716,-6.959414,6/11/2024,2,Drone (rice field)
Banjareja,Pekalongan,32749,109.523745,-7.725223,6/12/2024,6,Drone (rice field)
16_Kudus04_Ngemplak,Klambu,32749,110.856932,-6.862559,6/13/2024,1,Drone (rice field)
Jatibarang,Brebes_Tegal,32749,109.052833,-6.982201,6/10/2024,3,Drone (rice field)
10_Demak02_Kalitengah,Semarang_Demak,32749,110.5339,-7.047865,6/12/2024,4,Drone (rice field)
Banjareja,Pekalongan,32749,109.523703,-7.725569,6/12/2024,6,Drone (rice field)
Banjareja,Pekalongan,32749,109.523166,-7.725459,6/12/2024,6,Drone (rice field)
01_Pekalongan01_KuripanYosorejo,Pekalongan,32749,109.683534,-6.921507,6/10/2024,6,Field Survey
01_Pekalongan01_KuripanYosorejo,Pekalongan,32749,109.683526,-6.921494,6/10/2024,6,Drone (50x50)
15_Kudus03_Karangrowo,Klambu,32749,110.870454,-6.867945,6/13/2024,2,Drone (rice field)
Jatiluhur,Brebes_Tegal,32749,109.450396,-7.594834,6/12/2024,2,Drone (rice field)
Pekuwon,Pekalongan,32749,109.558197,-7.638243,6/12/2024,2,Drone (rice field)
Jatibarang,Brebes_Tegal,32749,109.0535,-6.981729,6/10/2024,5,Field Survey
08_Kendal04_Ketapang,Pekalongan,32749,110.218261,-6.936583,6/11/2024,6,Drone (rice field)
Bocor,Pekalongan,32749,109.673846,-7.748958,6/12/2024,6,Drone (rice field)
12_Demak04_Karanganyar,Semarang_Demak,32749,110.798285,-6.851978,6/12/2024,3,Drone (rice field)
09_Demak01_Kembangarum,Semarang_Demak,32749,110.537849,-7.035723,6/12/2024,4,Drone (rice field)
18_Kudus06_Gondoharum,Klambu,32749,110.964449,-6.810447,6/13/2024,4,Drone (rice field)
18_Kudus06_Gondoharum,Klambu,32749,110.964403,-6.810443,6/13/2024,4,Drone (rice field)
03_Pekalongan03_Bojonglor01,Pekalongan,32749,109.597128,-6.961517,6/10/2024,6,Drone (50x50)
03_Pekalongan03_Bojonglor01,Pekalongan,32749,109.598215,-6.960042,6/10/2024,1,Drone (50x50)
05_Kendal01_Dempelrejo,Pekalongan,32749,110.193754,-6.960819,6/11/2024,1,Drone (rice field)
Bajong,Brebes_Tegal,32749,109.413888,-7.426451,6/11/2024,2,Drone (rice field)
Bajong,Brebes_Tegal,32749,109.413847,-7.426446,6/11/2024,2,Drone (rice field)
Pesuruhan,Brebes_Tegal,32749,109.487682,-7.715721,6/12/2024,3,Drone (rice field)
Susukan,Brebes_Tegal,32749,109.375136,-7.504237,6/11/2024,1,Drone (rice field)
06_Kendal02_Pesawahan,Pekalongan,32749,110.171128,-6.974672,6/11/2024,2,Drone (rice field)
06_Kendal02_Pesawahan,Pekalongan,32749,110.17114,-6.974614,6/11/2024,1,Drone (rice field)
Susukan,Brebes_Tegal,32749,109.375124,-7.504202,6/11/2024,1,Drone (rice field)
Bajong,Brebes_Tegal,32749,109.413699,-7.426423,6/11/2024,2,Drone (rice field)
Bajong,Brebes_Tegal,32749,109.41367,-7.426419,6/11/2024,2,Drone (rice field)
Grumbuljurig,Brebes_Tegal,32749,109.294769,-7.426351,6/11/2024,2,Drone (rice field)
Banjareja,Pekalongan,32749,109.524574,-7.724474,6/12/2024,6,Drone (rice field)
Banjareja,Pekalongan,32749,109.524515,-7.724447,6/12/2024,6,Drone (rice field)
Susukan,Brebes_Tegal,32749,109.375308,-7.504464,6/11/2024,1,Drone (rice field)
Bajong,Brebes_Tegal,32749,109.413839,-7.426698,6/11/2024,6,Drone (rice field)
Bajong,Brebes_Tegal,32749,109.41385,-7.426666,6/11/2024,2,Drone (rice field)
18_Kudus06_Gondoharum,Klambu,32749,110.963586,-6.80981,6/13/2024,4,Drone (rice field)
18_Kudus06_Gondoharum,Klambu,32749,110.963546,-6.809801,6/13/2024,4,Drone (rice field)
18_Kudus06_Gondoharum,Klambu,32749,110.963502,-6.809798,6/13/2024,4,Drone (rice field)
01_Pekalongan01_KuripanYosorejo,Pekalongan,32749,109.683987,-6.921057,6/10/2024,2,Field Survey
05_Kendal01_Dempelrejo,Pekalongan,32749,110.194241,-6.960384,6/11/2024,1,Drone (rice field)
05_Kendal01_Dempelrejo,Pekalongan,32749,110.193676,-6.959825,6/11/2024,1,Drone (rice field)
08_Kendal04_Ketapang,Pekalongan,32749,110.217862,-6.93759,6/11/2024,6,Drone (rice field)
Susukan,Brebes_Tegal,32749,109.375272,-7.50419,6/11/2024,1,Drone (rice field)
13_Kudus01_GarungKidul,Klambu,32749,110.806286,-6.812309,6/13/2024,3,Drone (rice field)
01_Pekalongan01_KuripanYosorejo,Pekalongan,32749,109.683261,-6.9216,6/10/2024,6,Drone (50x50)
Karang Turi,Brebes_Tegal,32749,109.208745,-7.650279,6/11/2024,2,Drone (rice field)
Bocor,Pekalongan,32749,109.672587,-7.749161,6/12/2024,6,Drone (rice field)
18_Kudus06_Gondoharum,Klambu,32749,110.965054,-6.809424,6/13/2024,4,Drone (rice field)
23_Ungaran01_Gogik,Semarang_Demak,32749,110.404733,-7.159927,6/15/2024,2,Drone (rice field)
Susukan,Brebes_Tegal,32749,109.375316,-7.504545,6/11/2024,1,Drone (rice field)
Bocor,Pekalongan,32749,109.673729,-7.748815,6/12/2024,6,Drone (rice field)
Kembangsawit,Pekalongan,32749,109.724965,-7.731828,6/12/2024,2,Drone (rice field)
Banjareja,Pekalongan,32749,109.523886,-7.725257,6/12/2024,6,Drone (rice field)
13_Kudus01_GarungKidul,Klambu,32749,110.806635,-6.813117,6/13/2024,3,Drone (rice field)
05_Kendal01_Dempelrejo,Pekalongan,32749,110.194515,-6.960464,6/11/2024,1,Drone (rice field)
Susukan,Brebes_Tegal,32749,109.375246,-7.503515,6/11/2024,1,Drone (rice field)
09_Demak01_Kembangarum,Semarang_Demak,32749,110.537815,-7.036493,6/12/2024,4,Drone (rice field)
12_Demak04_Karanganyar,Semarang_Demak,32749,110.799062,-6.851313,6/12/2024,3,Drone (rice field)
23_Ungaran01_Gogik,Semarang_Demak,32749,110.404272,-7.158927,6/15/2024,5,Drone (rice field)
23_Ungaran01_Gogik,Semarang_Demak,32749,110.404269,-7.158881,6/15/2024,5,Drone (rice field)
Bajong,Brebes_Tegal,32749,109.413472,-7.426417,6/11/2024,2,Drone (rice field)
Bajong,Brebes_Tegal,32749,109.413541,-7.426436,6/11/2024,2,Drone (rice field)
Bajong,Brebes_Tegal,32749,109.4135,-7.42643,6/11/2024,2,Drone (rice field)
Bajong,Brebes_Tegal,32749,109.413459,-7.426422,6/11/2024,2,Drone (rice field)
06_Kendal02_Pesawahan,Pekalongan,32749,110.17161,-6.975397,6/11/2024,5,Drone (rice field)
05_Kendal01_Dempelrejo,Pekalongan,32749,110.194476,-6.960587,6/11/2024,1,Drone (rice field)
05_Kendal01_Dempelrejo,Pekalongan,32749,110.194501,-6.960525,6/11/2024,1,Drone (rice field)
Susukan,Brebes_Tegal,32749,109.375351,-7.504766,6/11/2024,1,Drone (rice field)
Susukan,Brebes_Tegal,32749,109.374228,-7.504286,6/11/2024,1,Drone (rice field)
09_Demak01_Kembangarum,Semarang_Demak,32749,110.538389,-7.035919,6/12/2024,4,Drone (rice field)
Jatiluhur,Brebes_Tegal,32749,109.449105,-7.595834,6/12/2024,2,Drone (rice field)
09_Demak01_Kembangarum,Semarang_Demak,32749,110.538357,-7.035943,6/12/2024,4,Drone (rice field)
Jatiluhur,Brebes_Tegal,32749,109.449054,-7.59557,6/12/2024,2,Drone (rice field)
17_Kudus05_Tenggeles,Klambu,32749,110.911383,-6.811151,6/13/2024,3,Drone (rice field)
13_Kudus01_GarungKidul,Klambu,32749,110.808337,-6.813937,6/13/2024,3,Drone (rice field)
02_Pekalongan02_Sokoduwet,Pekalongan,32749,109.686539,-6.929,6/10/2024,1,Drone (50x50)
05_Kendal01_Dempelrejo,Pekalongan,32749,110.19392,-6.960557,6/11/2024,1,Drone (rice field)
05_Kendal01_Dempelrejo,Pekalongan,32749,110.194698,-6.959474,6/11/2024,1,Drone (rice field)
08_Kendal04_Ketapang,Pekalongan,32749,110.21905,-6.938364,6/11/2024,6,Drone (rice field)
Banjareja,Pekalongan,32749,109.52423,-7.725331,6/12/2024,6,Drone (rice field)
02_Pekalongan02_Sokoduwet,Pekalongan,32749,109.687432,-6.929973,6/10/2024,1,Drone (50x50)
Jatibarang,Brebes_Tegal,32749,109.053379,-6.980889,6/10/2024,5,Drone (rice field)
Susukan,Brebes_Tegal,32749,109.374742,-7.504387,6/11/2024,1,Drone (rice field)
Rapak,Brebes_Tegal,32749,109.352836,-7.434469,6/11/2024,1,Drone (rice field)
10_Demak02_Kalitengah,Semarang_Demak,32749,110.535962,-7.048136,6/12/2024,4,Drone (rice field)
01_Pekalongan01_KuripanYosorejo,Pekalongan,32749,109.683853,-6.921872,6/10/2024,6,Drone (50x50)
05_Kendal01_Dempelrejo,Pekalongan,32749,110.193861,-6.960668,6/11/2024,1,Drone (rice field)
Maos,Brebes_Tegal,32749,109.152256,-7.61496,6/11/2024,5,Drone (rice field)
Jatiluhur,Brebes_Tegal,32749,109.449985,-7.595268,6/12/2024,6,Drone (rice field)
15_Kudus03_Karangrowo,Klambu,32749,110.869545,-6.867974,6/13/2024,2,Drone (rice field)
05_Kendal01_Dempelrejo,Pekalongan,32749,110.194908,-6.960046,6/11/2024,1,Drone (rice field)
05_Kendal01_Dempelrejo,Pekalongan,32749,110.194899,-6.959981,6/11/2024,1,Drone (rice field)
18_Kudus06_Gondoharum,Klambu,32749,110.963803,-6.809853,6/13/2024,4,Drone (rice field)
06_Kendal02_Pesawahan,Pekalongan,32749,110.17167,-6.974534,6/11/2024,5,Drone (rice field)
15_Kudus03_Karangrowo,Klambu,32749,110.870035,-6.868398,6/13/2024,2,Drone (rice field)
18_Kudus06_Gondoharum,Klambu,32749,110.963707,-6.810097,6/13/2024,4,Drone (rice field)
05_Kendal01_Dempelrejo,Pekalongan,32749,110.194596,-6.959245,6/11/2024,1,Drone (rice field)
05_Kendal01_Dempelrejo,Pekalongan,32749,110.194589,-6.959179,6/11/2024,1,Drone (rice field)
05_Kendal01_Dempelrejo,Pekalongan,32749,110.194542,-6.958676,6/11/2024,1,Drone (rice field)
12_Demak04_Karanganyar,Semarang_Demak,32749,110.797639,-6.852272,6/12/2024,3,Drone (rice field)
Banjareja,Pekalongan,32749,109.524004,-7.725638,6/12/2024,6,Drone (rice field)
05_Kendal01_Dempelrejo,Pekalongan,32749,110.195101,-6.958818,6/11/2024,1,Drone (rice field)
Karang Turi,Brebes_Tegal,32749,109.209377,-7.650245,6/11/2024,2,Drone (rice field)
Rapak,Brebes_Tegal,32749,109.352867,-7.434688,6/11/2024,1,Drone (rice field)
12_Demak04_Karanganyar,Semarang_Demak,32749,110.796882,-6.850918,6/12/2024,3,Drone (rice field)
Jatiluhur,Brebes_Tegal,32749,109.448925,-7.595766,6/12/2024,2,Drone (rice field)
14_Kudus02_Payaman.tif,Klambu,32749,110.867476,-6.859989,6/13/2024,2,Drone (rice field)
13_Kudus01_GarungKidul,Klambu,32749,110.807305,-6.813834,6/13/2024,2,Drone (rice field)
04_Pekalongan04_Bojonglor02,Pekalongan,32749,109.595546,-6.95936,6/10/2024,2,Drone (50x50)
01_Pekalongan01_KuripanYosorejo,Pekalongan,32749,109.683928,-6.921455,6/10/2024,1,Drone (50x50)
08_Kendal04_Ketapang,Pekalongan,32749,110.21787,-6.9373,6/11/2024,6,Drone (rice field)
12_Demak04_Karanganyar,Semarang_Demak,32749,110.798524,-6.850802,6/12/2024,3,Drone (rice field)
17_Kudus05_Tenggeles,Klambu,32749,110.911383,-6.812055,6/13/2024,3,Drone (rice field)
17_Kudus05_Tenggeles,Klambu,32749,110.910478,-6.811603,6/13/2024,2,Drone (rice field)
18_Kudus06_Gondoharum,Klambu,32749,110.963446,-6.809668,6/13/2024,4,Drone (rice field)
03_Pekalongan03_Bojonglor01,Pekalongan,32749,109.597442,-6.961504,6/10/2024,2,Field Survey
07_Kendal03_Bangunrejo,Pekalongan,32749,110.184431,-6.905839,6/11/2024,6,Drone (rice field)
Maos,Brebes_Tegal,32749,109.152663,-7.613626,6/11/2024,5,Drone (rice field)
Bajong,Brebes_Tegal,32749,109.411876,-7.42599,6/11/2024,4,Drone (rice field)
09_Demak01_Kembangarum,Semarang_Demak,32749,110.538302,-7.035724,6/12/2024,4,Drone (rice field)
Bocor,Pekalongan,32749,109.67295,-7.750432,6/12/2024,6,Drone (rice field)
Jatiluhur,Brebes_Tegal,32749,109.450229,-7.595552,6/12/2024,6,Drone (rice field)
Jatiluhur,Brebes_Tegal,32749,109.448505,-7.594615,6/12/2024,2,Drone (rice field)
Jatiluhur,Brebes_Tegal,32749,109.448532,-7.59457,6/12/2024,2,Drone (rice field)
18_Kudus06_Gondoharum,Klambu,32749,110.964198,-6.810423,6/13/2024,4,Drone (rice field)
18_Kudus06_Gondoharum,Klambu,32749,110.964152,-6.810412,6/13/2024,4,Drone (rice field)
23_Ungaran01_Gogik,Semarang_Demak,32749,110.404115,-7.160277,6/15/2024,6,Drone (rice field)
05_Kendal01_Dempelrejo,Pekalongan,32749,110.193907,-6.959246,6/11/2024,1,Drone (rice field)
Bajong,Brebes_Tegal,32749,109.413622,-7.426443,6/11/2024,2,Drone (rice field)
Bajong,Brebes_Tegal,32749,109.413582,-7.426441,6/11/2024,2,Drone (rice field)
24_Ungaran02_Lerep,Semarang_Demak,32749,110.399828,-7.122965,6/15/2024,6,Drone (rice field)
Jatibarang,Brebes_Tegal,32749,109.053158,-6.980872,6/10/2024,5,Drone (rice field)
08_Kendal04_Ketapang,Pekalongan,32749,110.218851,-6.93827,6/11/2024,6,Drone (rice field)
07_Kendal03_Bangunrejo,Pekalongan,32749,110.184608,-6.904528,6/11/2024,6,Drone (rice field)
Grumbuljurig,Brebes_Tegal,32749,109.294905,-7.426488,6/11/2024,2,Drone (rice field)
18_Kudus06_Gondoharum,Klambu,32749,110.963592,-6.809694,6/13/2024,4,Drone (rice field)
18_Kudus06_Gondoharum,Klambu,32749,110.965421,-6.809249,6/13/2024,4,Drone (rice field)
06_Kendal02_Pesawahan,Pekalongan,32749,110.171407,-6.974494,6/11/2024,5,Drone (rice field)
07_Kendal03_Bangunrejo,Pekalongan,32749,110.185921,-6.904761,6/11/2024,1,Drone (rice field)
09_Demak01_Kembangarum,Semarang_Demak,32749,110.537432,-7.03503,6/12/2024,4,Drone (rice field)
Jatiluhur,Brebes_Tegal,32749,109.449074,-7.595687,6/12/2024,2,Drone (rice field)
Jatiluhur,Brebes_Tegal,32749,109.449063,-7.595634,6/12/2024,2,Drone (rice field)
03_Pekalongan03_Bojonglor01,Pekalongan,32749,109.597421,-6.958816,6/10/2024,2,Drone (50x50)
05_Kendal01_Dempelrejo,Pekalongan,32749,110.194072,-6.960854,6/11/2024,1,Drone (rice field)
11_Demak03_Cangkring,Semarang_Demak,32749,110.791861,-6.861914,6/12/2024,3,Drone (rice field)
18_Kudus06_Gondoharum,Klambu,32749,110.963911,-6.810121,6/13/2024,4,Drone (rice field)
18_Kudus06_Gondoharum,Klambu,32749,110.96387,-6.810117,6/13/2024,4,Drone (rice field)
10_Demak02_Kalitengah,Semarang_Demak,32749,110.535574,-7.047481,6/12/2024,4,Drone (rice field)
Kembangsawit,Pekalongan,32749,109.725315,-7.731703,6/12/2024,2,Drone (rice field)
,Pekalongan,32749,110.238278,-7.476417,6/16/2024,4,Drone (rice field)
05_Kendal01_Dempelrejo,Pekalongan,32749,110.194413,-6.959588,6/11/2024,1,Drone (rice field)
Susukan,Brebes_Tegal,32749,109.374776,-7.504128,6/11/2024,1,Drone (rice field)
Banjareja,Pekalongan,32749,109.523491,-7.726097,6/12/2024,6,Drone (rice field)
Banjareja,Pekalongan,32749,109.523417,-7.726089,6/12/2024,6,Drone (rice field)
13_Kudus01_GarungKidul,Klambu,32749,110.806959,-6.812389,6/13/2024,2,Drone (rice field)
Grumbuljurig,Brebes_Tegal,32749,109.2948,-7.427076,6/11/2024,2,Drone (rice field)
Bajong,Brebes_Tegal,32749,109.413953,-7.426334,6/11/2024,2,Drone (rice field)
Bajong,Brebes_Tegal,32749,109.41391,-7.426337,6/11/2024,2,Drone (rice field)
Bajong,Brebes_Tegal,32749,109.41398,-7.42637,6/11/2024,2,Drone (rice field)
Jatiluhur,Brebes_Tegal,32749,109.450015,-7.594933,6/12/2024,2,Drone (rice field)
10_Demak02_Kalitengah,Semarang_Demak,32749,110.53375,-7.048096,6/12/2024,4,Drone (rice field)
Bocor,Pekalongan,32749,109.672926,-7.750121,6/12/2024,6,Drone (rice field)
Banjareja,Pekalongan,32749,109.523342,-7.726081,6/12/2024,6,Drone (rice field)
Banjareja,Pekalongan,32749,109.524235,-7.72497,6/12/2024,6,Drone (rice field)
Pekuwon,Pekalongan,32749,109.559863,-7.639043,6/12/2024,2,Drone (rice field)
Susukan,Brebes_Tegal,32749,109.375545,-7.504671,6/11/2024,1,Drone (rice field)
18_Kudus06_Gondoharum,Klambu,32749,110.964276,-6.810545,6/13/2024,4,Drone (rice field)
18_Kudus06_Gondoharum,Klambu,32749,110.964236,-6.810539,6/13/2024,4,Drone (rice field)
06_Kendal02_Pesawahan,Pekalongan,32749,110.170368,-6.975067,6/11/2024,6,Drone (rice field)
12_Demak04_Karanganyar,Semarang_Demak,32749,110.797334,-6.850918,6/12/2024,3,Drone (rice field)
09_Demak01_Kembangarum,Semarang_Demak,32749,110.538951,-7.035133,6/12/2024,4,Drone (rice field)
Banjareja,Pekalongan,32749,109.524403,-7.724397,6/12/2024,6,Drone (rice field)
Pesuruhan,Brebes_Tegal,32749,109.487735,-7.715842,6/12/2024,4,Drone (rice field)
18_Kudus06_Gondoharum,Klambu,32749,110.963573,-6.810085,6/13/2024,4,Drone (rice field)
04_Pekalongan04_Bojonglor02,Pekalongan,32749,109.595284,-6.960288,6/10/2024,2,Drone (50x50)
03_Pekalongan03_Bojonglor01,Pekalongan,32749,109.598204,-6.958969,6/10/2024,2,Drone (50x50)
03_Pekalongan03_Bojonglor01,Pekalongan,32749,109.598167,-6.958902,6/10/2024,2,Drone (50x50)
07_Kendal03_Bangunrejo,Pekalongan,32749,110.184065,-6.906209,6/11/2024,6,Drone (rice field)
Susukan,Brebes_Tegal,32749,109.375335,-7.504664,6/11/2024,1,Drone (rice field)
02_Pekalongan02_Sokoduwet,Pekalongan,32749,109.687131,-6.929556,6/10/2024,1,Drone (50x50)
01_Pekalongan01_KuripanYosorejo,Pekalongan,32749,109.683881,-6.92054,6/10/2024,1,Drone (50x50)
05_Kendal01_Dempelrejo,Pekalongan,32749,110.194942,-6.958698,6/11/2024,1,Drone (rice field)
Pekuwon,Pekalongan,32749,109.558138,-7.639278,6/12/2024,2,Drone (rice field)
Jatiluhur,Brebes_Tegal,32749,109.449186,-7.594916,6/12/2024,2,Drone (rice field)
01_Pekalongan01_KuripanYosorejo,Pekalongan,32749,109.683284,-6.921453,6/10/2024,6,Drone (50x50)
06_Kendal02_Pesawahan,Pekalongan,32749,110.170467,-6.974348,6/11/2024,5,Drone (rice field)
Karang Turi,Brebes_Tegal,32749,109.209475,-7.650148,6/11/2024,1,Drone (rice field)
Susukan,Brebes_Tegal,32749,109.375559,-7.504607,6/11/2024,1,Drone (rice field)
Susukan,Brebes_Tegal,32749,109.375571,-7.504543,6/11/2024,1,Drone (rice field)
Rapak,Brebes_Tegal,32749,109.353609,-7.435438,6/11/2024,1,Drone (rice field)
Pekuwon,Pekalongan,32749,109.55969,-7.638909,6/12/2024,2,Drone (rice field)
17_Kudus05_Tenggeles,Klambu,32749,110.911138,-6.812904,6/13/2024,2,Drone (rice field)
01_Pekalongan01_KuripanYosorejo,Pekalongan,32749,109.684225,-6.920448,6/10/2024,1,Drone (50x50)
Jatibarang,Brebes_Tegal,32749,109.052945,-6.980989,6/10/2024,4,Drone (rice field)
05_Kendal01_Dempelrejo,Pekalongan,32749,110.194729,-6.960061,6/11/2024,1,Drone (rice field)
Pekuwon,Pekalongan,32749,109.55892,-7.639344,6/12/2024,2,Drone (rice field)
18_Kudus06_Gondoharum,Klambu,32749,110.96393,-6.809869,6/13/2024,4,Drone (rice field)
18_Kudus06_Gondoharum,Klambu,32749,110.963889,-6.809861,6/13/2024,4,Drone (rice field)
23_Ungaran01_Gogik,Semarang_Demak,32749,110.404455,-7.15884,6/15/2024,3,Drone (rice field)
23_Ungaran01_Gogik,Semarang_Demak,32749,110.404426,-7.158804,6/15/2024,3,Drone (rice field)
03_Pekalongan03_Bojonglor01,Pekalongan,32749,109.596999,-6.961484,6/10/2024,6,Drone (50x50)
05_Kendal01_Dempelrejo,Pekalongan,32749,110.195246,-6.958753,6/11/2024,1,Drone (rice field)
Banjareja,Pekalongan,32749,109.522973,-7.725403,6/12/2024,6,Drone (rice field)
16_Kudus04_Ngemplak,Klambu,32749,110.857972,-6.861795,6/13/2024,2,Drone (rice field)
18_Kudus06_Gondoharum,Klambu,32749,110.963688,-6.809942,6/13/2024,4,Drone (rice field)
18_Kudus06_Gondoharum,Klambu,32749,110.965031,-6.809668,6/13/2024,4,Drone (rice field)
07_Kendal03_Bangunrejo,Pekalongan,32749,110.185978,-6.905544,6/11/2024,1,Drone (rice field)
02_Pekalongan02_Sokoduwet,Pekalongan,32749,109.688045,-6.930067,6/10/2024,1,Drone (50x50)
05_Kendal01_Dempelrejo,Pekalongan,32749,110.193929,-6.960636,6/11/2024,1,Drone (rice field)
05_Kendal01_Dempelrejo,Pekalongan,32749,110.195199,-6.958624,6/11/2024,1,Drone (rice field)
12_Demak04_Karanganyar,Semarang_Demak,32749,110.797293,-6.852435,6/12/2024,3,Drone (rice field)
12_Demak04_Karanganyar,Semarang_Demak,32749,110.797843,-6.851625,6/12/2024,3,Drone (rice field)
Kembangsawit,Pekalongan,32749,109.725286,-7.731504,6/12/2024,2,Drone (rice field)
Jatibarang,Brebes_Tegal,32749,109.052557,-6.982064,6/10/2024,3,Drone (rice field)
03_Pekalongan03_Bojonglor,Pekalongan,32749,109.597806,-6.960817,6/10/2024,6,Field Survey
01_Pekalongan01_KuripanYosorejo,Pekalongan,32749,109.683167,-6.921233,6/10/2024,1,Field Survey
08_Kendal04_Ketapang,Pekalongan,32749,110.219172,-6.937927,6/11/2024,6,Drone (rice field)
Karang Turi,Brebes_Tegal,32749,109.209482,-7.649654,6/11/2024,2,Drone (rice field)
Susukan,Brebes_Tegal,32749,109.375537,-7.504089,6/11/2024,1,Drone (rice field)
13_Kudus01_GarungKidul,Klambu,32749,110.806853,-6.812929,6/13/2024,2,Drone (rice field)
13_Kudus01_GarungKidul,Klambu,32749,110.808653,-6.813009,6/13/2024,3,Drone (rice field)
04_Pekalongan04_Bojonglor02,Pekalongan,32749,109.594279,-6.960138,6/10/2024,2,Field Survey
Kembangsawit,Pekalongan,32749,109.726187,-7.732301,6/12/2024,2,Drone (rice field)
18_Kudus06_Gondoharum,Klambu,32749,110.963874,-6.810253,6/13/2024,4,Drone (rice field)
13_Kudus01_GarungKidul,Klambu,32749,110.807829,-6.813791,6/13/2024,2,Drone (rice field)
18_Kudus06_Gondoharum,Klambu,32749,110.963901,-6.810247,6/13/2024,4,Drone (rice field)
18_Kudus06_Gondoharum,Klambu,32749,110.963861,-6.810238,6/13/2024,4,Drone (rice field)
05_Kendal01_Dempelrejo,Pekalongan,32749,110.194736,-6.959016,6/11/2024,1,Drone (rice field)
Kembangsawit,Pekalongan,32749,109.725725,-7.733303,6/12/2024,2,Drone (rice field)
06_Kendal02_Pesawahan,Pekalongan,32749,110.170823,-6.974785,6/11/2024,6,Drone (rice field)
06_Kendal02_Pesawahan,Pekalongan,32749,110.170767,-6.974776,6/11/2024,6,Drone (rice field)
06_Kendal02_Pesawahan,Pekalongan,32749,110.170822,-6.974705,6/11/2024,2,Drone (rice field)
02_Pekalongan02_Sokoduwet,Pekalongan,32749,109.688252,-6.929093,6/10/2024,2,Drone (50x50)
Jatibarang,Brebes_Tegal,32749,109.053351,-6.981065,6/10/2024,4,Drone (rice field)
Bajong,Brebes_Tegal,32749,109.413975,-7.426238,6/11/2024,2,Drone (rice field)
Bajong,Brebes_Tegal,32749,109.41393,-7.426231,6/11/2024,2,Drone (rice field)
Bocor,Pekalongan,32749,109.674221,-7.749081,6/12/2024,6,Drone (rice field)
Banjareja,Pekalongan,32749,109.523751,-7.725765,6/12/2024,6,Drone (rice field)
17_Kudus05_Tenggeles,Klambu,32749,110.910478,-6.812055,6/13/2024,3,Drone (rice field)
18_Kudus06_Gondoharum,Klambu,32749,110.963661,-6.810092,6/13/2024,4,Drone (rice field)
Maos,Brebes_Tegal,32749,109.15273,-7.61496,6/11/2024,6,Drone (rice field)
Jatiluhur,Brebes_Tegal,32749,109.450113,-7.595818,6/12/2024,6,Drone (rice field)
01_Pekalongan01_KuripanYosorejo,Pekalongan,32749,109.682298,-6.920701,6/10/2024,2,Drone (50x50)
05_Kendal01_Dempelrejo,Pekalongan,32749,110.194557,-6.960208,6/11/2024,1,Drone (rice field)
05_Kendal01_Dempelrejo,Pekalongan,32749,110.194588,-6.960153,6/11/2024,1,Drone (rice field)
Banjareja,Pekalongan,32749,109.523757,-7.724513,6/12/2024,6,Drone (rice field)
Banjareja,Pekalongan,32749,109.523686,-7.724496,6/12/2024,6,Drone (rice field)
24_Ungaran02_Lerep,Semarang_Demak,32749,110.400112,-7.124213,6/15/2024,5,Drone (rice field)
23_Ungaran01_Gogik,Semarang_Demak,32749,110.403991,-7.160891,6/15/2024,6,Drone (rice field)
23_Ungaran01_Gogik,Semarang_Demak,32749,110.403992,-7.160834,6/15/2024,6,Drone (rice field)
01_Pekalongan01_KuripanYosorejo,Pekalongan,32749,109.683849,-6.920822,6/10/2024,2,Drone (50x50)
05_Kendal01_Dempelrejo,Pekalongan,32749,110.194222,-6.960444,6/11/2024,1,Drone (rice field)
Karang Turi,Brebes_Tegal,32749,109.209774,-7.650226,6/11/2024,6,Drone (rice field)
Bocor,Pekalongan,32749,109.673113,-7.749757,6/12/2024,6,Drone (rice field)
Kembangsawit,Pekalongan,32749,109.725807,-7.73328,6/12/2024,2,Drone (rice field)
04_Pekalongan04_Bojonglor02,Pekalongan,32749,109.5954,-6.959358,6/10/2024,2,Drone (50x50)
06_Kendal02_Pesawahan,Pekalongan,32749,110.171624,-6.975322,6/11/2024,1,Drone (rice field)
05_Kendal01_Dempelrejo,Pekalongan,32749,110.194782,-6.96047,6/11/2024,1,Drone (rice field)
18_Kudus06_Gondoharum,Klambu,32749,110.964284,-6.810419,6/13/2024,4,Drone (rice field)
18_Kudus06_Gondoharum,Klambu,32749,110.964243,-6.810413,6/13/2024,4,Drone (rice field)
18_Kudus06_Gondoharum,Klambu,32749,110.963828,-6.810112,6/13/2024,4,Drone (rice field)
18_Kudus06_Gondoharum,Klambu,32749,110.964283,-6.809797,6/13/2024,4,Drone (rice field)
18_Kudus06_Gondoharum,Klambu,32749,110.964237,-6.809808,6/13/2024,4,Drone (rice field)
01_Pekalongan01_KuripanYosorejo,Pekalongan,32749,109.683301,-6.921327,6/10/2024,1,Drone (50x50)
05_Kendal01_Dempelrejo,Pekalongan,32749,110.194539,-6.959881,6/11/2024,1,Drone (rice field)
Bajong,Brebes_Tegal,32749,109.41361,-7.426287,6/11/2024,2,Drone (rice field)
Bajong,Brebes_Tegal,32749,109.413569,-7.426281,6/11/2024,2,Drone (rice field)
11_Demak03_Cangkring,Semarang_Demak,32749,110.792387,-6.860751,6/12/2024,5,Drone (rice field)
Pekuwon,Pekalongan,32749,109.558515,-7.638809,6/12/2024,2,Drone (rice field)
18_Kudus06_Gondoharum,Klambu,32749,110.963874,-6.8098,6/13/2024,4,Drone (rice field)
23_Ungaran01_Gogik,Semarang_Demak,32749,110.40401,-7.161344,6/15/2024,2,Drone (rice field)
Jatibarang,Brebes_Tegal,32749,109.052593,-6.982177,6/10/2024,3,Field Survey
Jatibarang,Brebes_Tegal,32749,109.052552,-6.982182,6/10/2024,3,Drone (rice field)
13_Kudus01_GarungKidul,Klambu,32749,110.807659,-6.812313,6/13/2024,6,Drone (rice field)
01_Pekalongan01_KuripanYosorejo,Pekalongan,32749,109.682726,-6.921628,6/10/2024,6,Drone (50x50)
01_Pekalongan01_KuripanYosorejo,Pekalongan,32749,109.682399,-6.920564,6/10/2024,2,Drone (50x50)
05_Kendal01_Dempelrejo,Pekalongan,32749,110.194261,-6.960318,6/11/2024,1,Drone (rice field)
07_Kendal03_Bangunrejo,Pekalongan,32749,110.184492,-6.904725,6/11/2024,1,Drone (rice field)
Bajong,Brebes_Tegal,32749,109.412826,-7.426549,6/11/2024,2,Drone (rice field)
Jatiluhur,Brebes_Tegal,32749,109.45025,-7.595639,6/12/2024,6,Drone (rice field)
06_Kendal02_Pesawahan,Pekalongan,32749,110.17082,-6.975068,6/11/2024,5,Drone (rice field)
07_Kendal03_Bangunrejo,Pekalongan,32749,110.184854,-6.904472,6/11/2024,1,Drone (rice field)
Karang Turi,Brebes_Tegal,32749,109.209614,-7.65068,6/11/2024,1,Drone (rice field)
Banjareja,Pekalongan,32749,109.52424,-7.725688,6/12/2024,6,Drone (rice field)
14_Kudus02_Payaman.tif,Klambu,32749,110.867396,-6.860077,6/13/2024,2,Drone (rice field)
17_Kudus05_Tenggeles,Klambu,32749,110.911318,-6.812765,6/13/2024,2,Drone (rice field)
17_Kudus05_Tenggeles,Klambu,32749,110.910913,-6.811859,6/13/2024,3,Drone (rice field)
01_Pekalongan01_KuripanYosorejo,Pekalongan,32749,109.683687,-6.921838,6/10/2024,6,Drone (50x50)
05_Kendal01_Dempelrejo,Pekalongan,32749,110.194327,-6.959756,6/11/2024,1,Drone (rice field)
05_Kendal01_Dempelrejo,Pekalongan,32749,110.194349,-6.959698,6/11/2024,1,Drone (rice field)
Bajong,Brebes_Tegal,32749,109.413869,-7.426547,6/11/2024,2,Drone (rice field)
Bajong,Brebes_Tegal,32749,109.413828,-7.426541,6/11/2024,2,Drone (rice field)
11_Demak03_Cangkring,Semarang_Demak,32749,110.793103,-6.861061,6/12/2024,3,Drone (rice field)
13_Kudus01_GarungKidul,Klambu,32749,110.806208,-6.813037,6/13/2024,2,Drone (rice field)
04_Pekalongan04_Bojonglor02,Pekalongan,32749,109.594877,-6.959292,6/10/2024,2,Drone (50x50)
04_Pekalongan04_Bojonglor02,Pekalongan,32749,109.594827,-6.959279,6/10/2024,2,Drone (50x50)
Jatiluhur,Brebes_Tegal,32749,109.450272,-7.595471,6/12/2024,6,Drone (rice field)
04_Pekalongan04_Bojonglor02,Pekalongan,32749,109.594281,-6.959234,6/10/2024,2,Field Survey
Jatibarang,Brebes_Tegal,32749,109.053558,-6.980677,6/10/2024,5,Drone (rice field)
07_Kendal03_Bangunrejo,Pekalongan,32749,110.18451,-6.904968,6/11/2024,2,Drone (rice field)
09_Demak01_Kembangarum,Semarang_Demak,32749,110.53897,-7.036595,6/12/2024,4,Drone (rice field)
Jatiluhur,Brebes_Tegal,32749,109.450136,-7.595908,6/12/2024,6,Drone (rice field)
Jatiluhur,Brebes_Tegal,32749,109.450175,-7.59594,6/12/2024,6,Drone (rice field)
03_Pekalongan03_Bojonglor01,Pekalongan,32749,109.59709,-6.961211,6/10/2024,2,Drone (50x50)
Karang Turi,Brebes_Tegal,32749,109.209189,-7.650063,6/11/2024,2,Drone (rice field)
06_Kendal02_Pesawahan,Pekalongan,32749,110.170897,-6.974796,6/11/2024,6,Drone (rice field)
Bajong,Brebes_Tegal,32749,109.413328,-7.42612,6/11/2024,2,Drone (rice field)
13_Kudus01_GarungKidul,Klambu,32749,110.806059,-6.812219,6/13/2024,3,Drone (rice field)
06_Kendal02_Pesawahan,Pekalongan,32749,110.17081,-6.975197,6/11/2024,1,Drone (rice field)
Maos,Brebes_Tegal,32749,109.152468,-7.614836,6/11/2024,5,Drone (rice field)
Kembang Sawit,Pekalongan,32749,109.725972,-7.732639,6/12/2024,2,Drone (rice field)
13_Kudus01_GarungKidul,Klambu,32749,110.806904,-6.813255,6/13/2024,2,Drone (rice field)
01_Pekalongan01_KuripanYosorejo,Pekalongan,32749,109.684165,-6.921213,6/10/2024,1,Drone (50x50)
Karang Turi,Brebes_Tegal,32749,109.20828,-7.650692,6/11/2024,2,Drone (rice field)
Karang Turi,Brebes_Tegal,32749,109.20834,-7.650689,6/11/2024,2,Drone (rice field)
Maos,Brebes_Tegal,32749,109.151893,-7.613343,6/11/2024,6,Drone (rice field)
13_Kudus01_GarungKidul,Klambu,32749,110.807437,-6.812317,6/13/2024,6,Drone (rice field)
Jatibarang,Brebes_Tegal,32749,109.052827,-6.981759,6/10/2024,3,Drone (rice field)
Jatibarang,Brebes_Tegal,32749,109.053548,-6.980777,6/10/2024,5,Drone (rice field)
05_Kendal01_Dempelrejo,Pekalongan,32749,110.194685,-6.958839,6/11/2024,1,Drone (rice field)
11_Demak03_Cangkring,Semarang_Demak,32749,110.7919,-6.860414,6/12/2024,5,Drone (rice field)
Banjareja,Pekalongan,32749,109.522976,-7.724499,6/12/2024,6,Drone (rice field)
Banjareja,Pekalongan,32749,109.522988,-7.724482,6/12/2024,6,Drone (rice field)
Maos,Brebes_Tegal,32749,109.152701,-7.614565,6/11/2024,5,Drone (rice field)
06_Kendal02_Pesawahan,Pekalongan,32749,110.170505,-6.974833,6/11/2024,5,Drone (rice field)
Maos,Brebes_Tegal,32749,109.152698,-7.614536,6/11/2024,5,Drone (rice field)
Bajong,Brebes_Tegal,32749,109.41392,-7.426456,6/11/2024,2,Drone (rice field)
Bajong,Brebes_Tegal,32749,109.413947,-7.426436,6/11/2024,2,Drone (rice field)
Pekuwon,Pekalongan,32749,109.55862,-7.639165,6/12/2024,2,Drone (rice field)
24_Ungaran02_Lerep,Semarang_Demak,32749,110.400268,-7.124068,6/15/2024,5,Drone (rice field)
01_Pekalongan01_KuripanYosorejo,Pekalongan,32749,109.683959,-6.920748,6/10/2024,2,Drone (50x50)
Jatibarang,Brebes_Tegal,32749,109.053284,-6.981398,6/10/2024,4,Drone (rice field)
07_Kendal03_Bangunrejo,Pekalongan,32749,110.184287,-6.906522,6/11/2024,1,Drone (rice field)
Maos,Brebes_Tegal,32749,109.151655,-7.614404,6/11/2024,6,Drone (rice field)
04_Pekalongan04_Bojonglor02,Pekalongan,32749,109.594778,-6.959266,6/10/2024,2,Drone (50x50)
03_Pekalongan03_Bojonglor01,Pekalongan,32749,109.597355,-6.958746,6/10/2024,2,Drone (50x50)
05_Kendal01_Dempelrejo,Pekalongan,32749,110.194481,-6.96097,6/11/2024,1,Drone (rice field)
05_Kendal01_Dempelrejo,Pekalongan,32749,110.194741,-6.960595,6/11/2024,1,Drone (rice field)
05_Kendal01_Dempelrejo,Pekalongan,32749,110.194757,-6.960535,6/11/2024,1,Drone (rice field)
07_Kendal03_Bangunrejo,Pekalongan,32749,110.185868,-6.905627,6/11/2024,1,Drone (rice field)
Susukan,Brebes_Tegal,32749,109.375389,-7.505055,6/11/2024,1,Drone (rice field)
Susukan,Brebes_Tegal,32749,109.374899,-7.50477,6/11/2024,1,Drone (rice field)
15_Kudus03_Karangrowo,Klambu,32749,110.869506,-6.866844,6/13/2024,2,Drone (rice field)
17_Kudus05_Tenggeles,Klambu,32749,110.911231,-6.811155,6/13/2024,3,Drone (rice field)
Maos,Brebes_Tegal,32749,109.152333,-7.613334,6/11/2024,6,Drone (rice field)
Kembangsawit,Pekalongan,32749,109.724982,-7.733175,6/12/2024,2,Drone (rice field)
Jatiluhur,Brebes_Tegal,32749,109.448642,-7.595469,6/12/2024,2,Drone (rice field)
13_Kudus01_GarungKidul,Klambu,32749,110.807758,-6.812477,6/13/2024,6,Drone (rice field)
05_Kendal01_Dempelrejo,Pekalongan,32749,110.193477,-6.960183,6/11/2024,1,Drone (rice field)
05_Kendal01_Dempelrejo,Pekalongan,32749,110.193929,-6.960183,6/11/2024,1,Drone (rice field)
Karang Turi,Brebes_Tegal,32749,109.209644,-7.649613,6/11/2024,2,Drone (rice field)
05_Kendal01_Dempelrejo,Pekalongan,32749,110.193978,-6.960236,6/11/2024,1,Drone (rice field)
05_Kendal01_Dempelrejo,Pekalongan,32749,110.193933,-6.960154,6/11/2024,1,Drone (rice field)
Karang Turi,Brebes_Tegal,32749,109.209636,-7.649653,6/11/2024,2,Drone (rice field)
09_Demak01_Kembangarum,Semarang_Demak,32749,110.538625,-7.035267,6/12/2024,4,Drone (rice field)
12_Demak04_Karanganyar,Semarang_Demak,32749,110.797551,-6.851018,6/12/2024,3,Drone (rice field)
,Semarang_Demak,32749,110.770806,-7.501556,6/15/2024,2,Drone (rice field)
Maos,Brebes_Tegal,32749,109.15225,-7.614111,6/11/2024,6,Drone (rice field)
Susukan,Brebes_Tegal,32749,109.375587,-7.504691,6/11/2024,1,Drone (rice field)
Susukan,Brebes_Tegal,32749,109.37531,-7.504397,6/11/2024,1,Drone (rice field)
13_Kudus01_GarungKidul,Klambu,32749,110.808,-6.81299,6/13/2024,2,Drone (rice field)
18_Kudus06_Gondoharum,Klambu,32749,110.964193,-6.810534,6/13/2024,4,Drone (rice field)
18_Kudus06_Gondoharum,Klambu,32749,110.964145,-6.810531,6/13/2024,4,Drone (rice field)
Susukan,Brebes_Tegal,32749,109.375115,-7.504271,6/11/2024,1,Drone (rice field)
23_Ungaran01_Gogik,Semarang_Demak,32749,110.403325,-7.160981,6/15/2024,2,Drone (rice field)
23_Ungaran01_Gogik,Semarang_Demak,32749,110.403324,-7.160941,6/15/2024,2,Drone (rice field)
03_Pekalongan03_Bojonglor01,Pekalongan,32749,109.598528,-6.959432,6/10/2024,1,Drone (50x50)
11_Demak03_Cangkring,Semarang_Demak,32749,110.791587,-6.861227,6/12/2024,3,Drone (rice field)
Banjareja,Pekalongan,32749,109.523443,-7.725874,6/12/2024,6,Drone (rice field)
13_Kudus01_GarungKidul,Klambu,32749,110.807195,-6.812591,6/13/2024,2,Drone (rice field)
05_Kendal01_Dempelrejo,Pekalongan,32749,110.194388,-6.9599,6/11/2024,1,Drone (rice field)
Bocor,Pekalongan,32749,109.674441,-7.749593,6/12/2024,6,Drone (rice field)
13_Kudus01_GarungKidul,Klambu,32749,110.808663,-6.81293,6/13/2024,3,Drone (rice field)
04_Pekalongan04_Bojonglor02,Pekalongan,32749,109.595444,-6.960317,6/10/2024,2,Drone (50x50)
Karang Turi,Brebes_Tegal,32749,109.208734,-7.650513,6/11/2024,2,Drone (rice field)
Karang Turi,Brebes_Tegal,32749,109.208749,-7.650532,6/11/2024,2,Drone (rice field)
Bajong,Brebes_Tegal,32749,109.411412,-7.42624,6/11/2024,4,Drone (rice field)
10_Demak02_Kalitengah,Semarang_Demak,32749,110.534754,-7.047613,6/12/2024,4,Drone (rice field)
Banjareja,Pekalongan,32749,109.523006,-7.725424,6/12/2024,6,Drone (rice field)
16_Kudus04_Ngemplak,Klambu,32749,110.857519,-6.861795,6/13/2024,2,Drone (rice field)
13_Kudus01_GarungKidul,Klambu,32749,110.807788,-6.814252,6/13/2024,3,Drone (rice field)
13_Kudus01_GarungKidul,Klambu,32749,110.807332,-6.812682,6/13/2024,2,Drone (rice field)
23_Ungaran01_Gogik,Semarang_Demak,32749,110.403486,-7.161255,6/15/2024,6,Drone (rice field)
23_Ungaran01_Gogik,Semarang_Demak,32749,110.40344,-7.161247,6/15/2024,6,Drone (rice field)
23_Ungaran01_Gogik,Semarang_Demak,32749,110.403411,-7.161216,6/15/2024,6,Drone (rice field)
02_Pekalongan02_Sokoduwet,Pekalongan,32749,109.687131,-6.929657,6/10/2024,1,Field Survey
02_Pekalongan02_Sokoduwet,Pekalongan,32749,109.687119,-6.929626,6/10/2024,1,Drone (50x50)
06_Kendal02_Pesawahan,Pekalongan,32749,110.17168,-6.974453,6/11/2024,5,Drone (rice field)
05_Kendal01_Dempelrejo,Pekalongan,32749,110.1942,-6.959847,6/11/2024,1,Drone (rice field)
05_Kendal01_Dempelrejo,Pekalongan,32749,110.194219,-6.959789,6/11/2024,1,Drone (rice field)
08_Kendal04_Ketapang,Pekalongan,32749,110.219426,-6.937365,6/11/2024,6,Drone (rice field)
Bajong,Brebes_Tegal,32749,109.413712,-7.426188,6/11/2024,2,Drone (rice field)
Bajong,Brebes_Tegal,32749,109.413672,-7.426182,6/11/2024,2,Drone (rice field)
Bajong,Brebes_Tegal,32749,109.413722,-7.426134,6/11/2024,2,Drone (rice field)
Bajong,Brebes_Tegal,32749,109.413682,-7.426129,6/11/2024,2,Drone (rice field)
Bajong,Brebes_Tegal,32749,109.41364,-7.426123,6/11/2024,2,Drone (rice field)
Banjareja,Pekalongan,32749,109.524619,-7.725071,6/12/2024,6,Drone (rice field)
Pekuwon,Pekalongan,32749,109.558357,-7.638936,6/12/2024,2,Drone (rice field)
Jatiluhur,Brebes_Tegal,32749,109.450004,-7.595965,6/12/2024,6,Drone (rice field)
24_Ungaran02_Lerep,Semarang_Demak,32749,110.400326,-7.123532,6/15/2024,2,Drone (rice field)
05_Kendal01_Dempelrejo,Pekalongan,32749,110.19513,-6.959598,6/11/2024,1,Drone (rice field)
05_Kendal01_Dempelrejo,Pekalongan,32749,110.195149,-6.959538,6/11/2024,1,Drone (rice field)
12_Demak04_Karanganyar,Semarang_Demak,32749,110.797088,-6.851138,6/12/2024,3,Drone (rice field)
18_Kudus06_Gondoharum,Klambu,32749,110.963997,-6.810188,6/13/2024,4,Drone (rice field)
18_Kudus06_Gondoharum,Klambu,32749,110.96395,-6.810185,6/13/2024,4,Drone (rice field)
05_Kendal01_Dempelrejo,Pekalongan,32749,110.194026,-6.958744,6/11/2024,1,Drone (rice field)
Karang Turi,Brebes_Tegal,32749,109.209373,-7.649927,6/11/2024,2,Drone (rice field)
11_Demak03_Cangkring,Semarang_Demak,32749,110.792485,-6.861172,6/12/2024,3,Drone (rice field)
06_Kendal02_Pesawahan,Pekalongan,32749,110.170496,-6.97499,6/11/2024,5,Drone (rice field)
Karang Turi,Brebes_Tegal,32749,109.209643,-7.649517,6/11/2024,2,Drone (rice field)
10_Demak02_Kalitengah,Semarang_Demak,32749,110.534416,-7.04722,6/12/2024,4,Drone (rice field)
13_Kudus01_GarungKidul,Klambu,32749,110.806755,-6.813456,6/13/2024,2,Drone (rice field)
05_Kendal01_Dempelrejo,Pekalongan,32749,110.195138,-6.959468,6/11/2024,1,Drone (rice field)
05_Kendal01_Dempelrejo,Pekalongan,32749,110.19484,-6.958631,6/11/2024,1,Drone (rice field)
Susukan,Brebes_Tegal,32749,109.374483,-7.504208,6/11/2024,1,Drone (rice field)
23_Ungaran01_Gogik,Semarang_Demak,32749,110.403918,-7.16133,6/15/2024,2,Drone (rice field)
Pekuwon,Pekalongan,32749,109.559526,-7.639168,6/12/2024,2,Drone (rice field)
Banjareja,Pekalongan,32749,109.524045,-7.724576,6/12/2024,6,Drone (rice field)
Pekuwon,Pekalongan,32749,109.559597,-7.63914,6/12/2024,2,Drone (rice field)
02_Pekalongan02_Sokoduwet,Pekalongan,32749,109.68789,-6.930038,6/10/2024,1,Drone (50x50)
08_Kendal04_Ketapang,Pekalongan,32749,110.218359,-6.938033,6/11/2024,1,Drone (rice field)
08_Kendal04_Ketapang,Pekalongan,32749,110.218853,-6.937689,6/11/2024,6,Drone (rice field)
Karang Turi,Brebes_Tegal,32749,109.209742,-7.649913,6/11/2024,2,Drone (rice field)
Karang Turi,Brebes_Tegal,32749,109.209789,-7.649915,6/11/2024,2,Drone (rice field)
18_Kudus06_Gondoharum,Klambu,32749,110.964021,-6.809768,6/13/2024,4,Drone (rice field)
06_Kendal02_Pesawahan,Pekalongan,32749,110.17206,-6.974889,6/11/2024,2,Drone (rice field)
13_Kudus01_GarungKidul,Klambu,32749,110.807888,-6.814159,6/13/2024,3,Drone (rice field)
02_Pekalongan02_Sokoduwet,Pekalongan,32749,109.686666,-6.928215,6/10/2024,1,Drone (50x50)
Maos,Brebes_Tegal,32749,109.151793,-7.615013,6/11/2024,5,Drone (rice field)
02_Pekalongan02_Sokoduwet,Pekalongan,32749,109.687577,-6.929713,6/10/2024,1,Drone (50x50)
06_Kendal02_Pesawahan,Pekalongan,32749,110.172354,-6.974558,6/11/2024,5,Drone (rice field)
Bajong,Brebes_Tegal,32749,109.413858,-7.426641,6/11/2024,2,Drone (rice field)
Bajong,Brebes_Tegal,32749,109.413833,-7.426609,6/11/2024,2,Drone (rice field)
Jatiluhur,Brebes_Tegal,32749,109.449586,-7.59593,6/12/2024,2,Drone (rice field)
02_Pekalongan02_Sokoduwet,Pekalongan,32749,109.688441,-6.930001,6/10/2024,1,Drone (50x50)
02_Pekalongan02_Sokoduwet,Pekalongan,32749,109.688476,-6.929883,6/10/2024,1,Drone (50x50)
05_Kendal01_Dempelrejo,Pekalongan,32749,110.194381,-6.960636,6/11/2024,1,Drone (rice field)
06_Kendal02_Pesawahan,Pekalongan,32749,110.17142,-6.975209,6/11/2024,6,Drone (rice field)
06_Kendal02_Pesawahan,Pekalongan,32749,110.171525,-6.974987,6/11/2024,5,Drone (rice field)
05_Kendal01_Dempelrejo,Pekalongan,32749,110.194442,-6.960645,6/11/2024,1,Drone (rice field)
Maos,Brebes_Tegal,32749,109.151966,-7.614948,6/11/2024,6,Drone (rice field)
01_Pekalongan01_KuripanYosorejo,Pekalongan,32749,109.683986,-6.921509,6/10/2024,1,Field Survey
Jatibarang,Brebes_Tegal,32749,109.052541,-6.982452,6/10/2024,4,Drone (rice field)
06_Kendal02_Pesawahan,Pekalongan,32749,110.170499,-6.97491,6/11/2024,5,Drone (rice field)
17_Kudus05_Tenggeles,Klambu,32749,110.911064,-6.811077,6/13/2024,3,Drone (rice field)
Maos,Brebes_Tegal,32749,109.151799,-7.613657,6/11/2024,5,Drone (rice field)
Kembangsawit,Pekalongan,32749,109.725578,-7.731934,6/12/2024,2,Drone (rice field)
10_Demak02_Kalitengah,Semarang_Demak,32749,110.533918,-7.047363,6/12/2024,4,Drone (rice field)
12_Demak04_Karanganyar,Semarang_Demak,32749,110.798068,-6.85152,6/12/2024,3,Drone (rice field)
Kembangsawit,Pekalongan,32749,109.72561,-7.731955,6/12/2024,2,Drone (rice field)
Bajong,Brebes_Tegal,32749,109.412065,-7.426011,6/11/2024,4,Drone (rice field)
10_Demak02_Kalitengah,Semarang_Demak,32749,110.534477,-7.047086,6/12/2024,4,Drone (rice field)
Kembangsawit,Pekalongan,32749,109.725963,-7.731478,6/12/2024,2,Drone (rice field)
Kembangsawit,Pekalongan,32749,109.725936,-7.731517,6/12/2024,2,Drone (rice field)
Banjareja,Pekalongan,32749,109.523974,-7.724557,6/12/2024,6,Drone (rice field)
Jatiluhur,Brebes_Tegal,32749,109.448922,-7.595662,6/12/2024,2,Drone (rice field)
Jatibarang,Brebes_Tegal,32749,109.053049,-6.981275,6/10/2024,6,Field Survey
Jatibarang,Brebes_Tegal,32749,109.053503,-6.980825,6/10/2024,5,Field Survey
06_Kendal02_Pesawahan,Pekalongan,32749,110.171595,-6.975464,6/11/2024,5,Drone (rice field)
Banjareja,Pekalongan,32749,109.524335,-7.724955,6/12/2024,6,Drone (rice field)
,Pekalongan,32749,109.612528,-6.948564,6/10/2024,1,Field Survey
02_Pekalongan02_Sokoduwet,Pekalongan,32749,109.687354,-6.929671,6/10/2024,1,Drone (50x50)
06_Kendal02_Pesawahan,Pekalongan,32749,110.171085,-6.974744,6/11/2024,2,Drone (rice field)
06_Kendal02_Pesawahan,Pekalongan,32749,110.170869,-6.974411,6/11/2024,5,Drone (rice field)
05_Kendal01_Dempelrejo,Pekalongan,32749,110.195206,-6.959065,6/11/2024,1,Drone (rice field)
05_Kendal01_Dempelrejo,Pekalongan,32749,110.195229,-6.958981,6/11/2024,1,Drone (rice field)
Karang Turi,Brebes_Tegal,32749,109.208974,-7.650307,6/11/2024,2,Drone (rice field)
13_Kudus01_GarungKidul,Klambu,32749,110.806311,-6.813161,6/13/2024,2,Drone (rice field)
Karang Turi,Brebes_Tegal,32749,109.209875,-7.650529,6/11/2024,6,Drone (rice field)
11_Demak03_Cangkring,Semarang_Demak,32749,110.792352,-6.861771,6/12/2024,3,Drone (rice field)
Pesuruhan,Brebes_Tegal,32749,109.487885,-7.714778,6/12/2024,3,Drone (rice field)
13_Kudus01_GarungKidul,Klambu,32749,110.807375,-6.813874,6/13/2024,2,Drone (rice field)
05_Kendal01_Dempelrejo,Pekalongan,32749,110.195093,-6.959716,6/11/2024,1,Drone (rice field)
03_Pekalongan03_Bojonglor01,Pekalongan,32749,109.59699,-6.961503,6/10/2024,6,Field Survey
03_Pekalongan03_Bojonglor01,Pekalongan,32749,109.598347,-6.96012,6/10/2024,1,Drone (50x50)
06_Kendal02_Pesawahan,Pekalongan,32749,110.172061,-6.974971,6/11/2024,6,Drone (rice field)
10_Demak02_Kalitengah,Semarang_Demak,32749,110.534138,-7.047866,6/12/2024,4,Drone (rice field)
04_Pekalongan04_Bojonglor02,Pekalongan,32749,109.595638,-6.95969,6/10/2024,2,Field Survey
Bocor,Pekalongan,32749,109.673754,-7.748396,6/12/2024,6,Drone (rice field)
Kembangsawit,Pekalongan,32749,109.725803,-7.733068,6/12/2024,2,Drone (rice field)
Pesuruhan,Brebes_Tegal,32749,109.48878,-7.715103,6/12/2024,3,Drone (rice field)
13_Kudus01_GarungKidul,Klambu,32749,110.808392,-6.8134,6/13/2024,3,Drone (rice field)
03_Pekalongan03_Bojonglor01,Pekalongan,32749,109.597217,-6.961544,6/10/2024,2,Drone (50x50)
01_Pekalongan01_KuripanYosorejo,Pekalongan,32749,109.682491,-6.921469,6/10/2024,6,Drone (50x50)
Jatibarang,Brebes_Tegal,32749,109.052709,-6.981763,6/10/2024,3,Drone (rice field)
Jatiluhur,Brebes_Tegal,32749,109.449277,-7.595678,6/12/2024,2,Drone (rice field)
Jatiluhur,Brebes_Tegal,32749,109.449269,-7.595638,6/12/2024,2,Drone (rice field)
Jatiluhur,Brebes_Tegal,32749,109.449141,-7.595946,6/12/2024,2,Drone (rice field)
Jatiluhur,Brebes_Tegal,32749,109.449178,-7.595904,6/12/2024,2,Drone (rice field)
16_Kudus04_Ngemplak,Klambu,32749,110.857847,-6.862195,6/13/2024,2,Drone (rice field)
17_Kudus05_Tenggeles,Klambu,32749,110.910103,-6.812682,6/13/2024,2,Drone (rice field)
Jatibarang,Brebes_Tegal,32749,109.053474,-6.981412,6/10/2024,4,Drone (rice field)
06_Kendal02_Pesawahan,Pekalongan,32749,110.170224,-6.975109,6/11/2024,1,Drone (rice field)
12_Demak04_Karanganyar,Semarang_Demak,32749,110.797334,-6.852275,6/12/2024,3,Drone (rice field)
Bajong,Brebes_Tegal,32749,109.41163,-7.426173,6/11/2024,4,Drone (rice field)
13_Kudus01_GarungKidul,Klambu,32749,110.807881,-6.812469,6/13/2024,6,Drone (rice field)
24_Ungaran02_Lerep,Semarang_Demak,32749,110.400624,-7.123643,6/15/2024,2,Drone (rice field)
Karang Turi,Brebes_Tegal,32749,109.2093,-7.650249,6/11/2024,2,Drone (rice field)
Bajong,Brebes_Tegal,32749,109.41329,-7.426622,6/11/2024,2,Drone (rice field)
Bajong,Brebes_Tegal,32749,109.413721,-7.426303,6/11/2024,2,Drone (rice field)
Bajong,Brebes_Tegal,32749,109.413692,-7.426299,6/11/2024,2,Drone (rice field)
Bajong,Brebes_Tegal,32749,109.413651,-7.426294,6/11/2024,2,Drone (rice field)
02_Pekalongan02_Sokoduwet,Pekalongan,32749,109.691556,-6.919214,6/10/2024,1,Field Survey
05_Kendal01_Dempelrejo,Pekalongan,32749,110.194111,-6.960741,6/11/2024,1,Drone (rice field)
05_Kendal01_Dempelrejo,Pekalongan,32749,110.194008,-6.958812,6/11/2024,1,Drone (rice field)
10_Demak02_Kalitengah,Semarang_Demak,32749,110.535565,-7.047454,6/12/2024,4,Drone (rice field)
Jatiluhur,Brebes_Tegal,32749,109.449184,-7.595233,6/12/2024,2,Drone (rice field)
Karang Turi,Brebes_Tegal,32749,109.209485,-7.649926,6/11/2024,2,Drone (rice field)
11_Demak03_Cangkring,Semarang_Demak,32749,110.791398,-6.861526,6/12/2024,3,Drone (rice field)
Banjareja,Pekalongan,32749,109.523764,-7.726127,6/12/2024,6,Drone (rice field)
Banjareja,Pekalongan,32749,109.5237,-7.72612,6/12/2024,6,Drone (rice field)
Jatiluhur,Brebes_Tegal,32749,109.450236,-7.595939,6/12/2024,6,Drone (rice field)
04_Pekalongan04_Bojonglor02,Pekalongan,32749,109.595603,-6.959572,6/10/2024,2,Drone (50x50)
05_Kendal01_Dempelrejo,Pekalongan,32749,110.194338,-6.95995,6/11/2024,1,Drone (rice field)
05_Kendal01_Dempelrejo,Pekalongan,32749,110.194322,-6.958825,6/11/2024,1,Drone (rice field)
Bocor,Pekalongan,32749,109.673868,-7.749326,6/12/2024,6,Drone (rice field)
Bocor,Pekalongan,32749,109.673801,-7.749318,6/12/2024,6,Drone (rice field)
05_Kendal01_Dempelrejo,Pekalongan,32749,110.194665,-6.958918,6/11/2024,1,Drone (rice field)
10_Demak02_Kalitengah,Semarang_Demak,32749,110.535528,-7.04848,6/12/2024,4,Drone (rice field)
18_Kudus06_Gondoharum,Klambu,32749,110.964457,-6.810327,6/13/2024,4,Drone (rice field)
05_Kendal01_Dempelrejo,Pekalongan,32749,110.193997,-6.959789,6/11/2024,1,Drone (rice field)
Bajong,Brebes_Tegal,32749,109.413832,-7.426914,6/11/2024,2,Drone (rice field)
11_Demak03_Cangkring,Semarang_Demak,32749,110.791843,-6.861324,6/12/2024,3,Drone (rice field)
11_Demak03_Cangkring,Semarang_Demak,32749,110.791899,-6.861319,6/12/2024,3,Drone (rice field)
Banjareja,Pekalongan,32749,109.524393,-7.725006,6/12/2024,6,Drone (rice field)
Banjareja,Pekalongan,32749,109.524326,-7.724995,6/12/2024,6,Drone (rice field)
03_Pekalongan03_Bojonglor,Pekalongan,32749,109.598194,-6.959831,6/10/2024,1,Field Survey
Jatibarang,Brebes_Tegal,32749,109.053792,-6.981095,6/10/2024,4,Drone (rice field)
06_Kendal02_Pesawahan,Pekalongan,32749,110.171529,-6.974929,6/11/2024,5,Drone (rice field)
06_Kendal02_Pesawahan,Pekalongan,32749,110.171528,-6.97489,6/11/2024,6,Drone (rice field)
05_Kendal01_Dempelrejo,Pekalongan,32749,110.193598,-6.960465,6/11/2024,1,Drone (rice field)
05_Kendal01_Dempelrejo,Pekalongan,32749,110.194986,-6.959492,6/11/2024,2,Drone (rice field)
Banjareja,Pekalongan,32749,109.523917,-7.725614,6/12/2024,6,Drone (rice field)
13_Kudus01_GarungKidul,Klambu,32749,110.807889,-6.813154,6/13/2024,2,Drone (rice field)
01_Pekalongan01_KuripanYosorejo,Pekalongan,32749,109.683006,-6.921557,6/10/2024,6,Drone (50x50)
06_Kendal02_Pesawahan,Pekalongan,32749,110.170821,-6.974822,6/11/2024,5,Drone (rice field)
08_Kendal04_Ketapang,Pekalongan,32749,110.219936,-6.937058,6/11/2024,1,Drone (rice field)
08_Kendal04_Ketapang,Pekalongan,32749,110.218133,-6.936841,6/11/2024,6,Drone (rice field)
Jatibarang,Brebes_Tegal,32749,109.053417,-6.9815,6/10/2024,3,Field Survey
01_Pekalongan01_KuripanYosorejo,Pekalongan,32749,109.682505,-6.921345,6/10/2024,6,Drone (50x50)
Bajong,Brebes_Tegal,32749,109.413269,-7.426937,6/11/2024,2,Drone (rice field)
Bajong,Brebes_Tegal,32749,109.413198,-7.426923,6/11/2024,2,Drone (rice field)
Jatiluhur,Brebes_Tegal,32749,109.448921,-7.595837,6/12/2024,2,Drone (rice field)
Jatiluhur,Brebes_Tegal,32749,109.44959,-7.595826,6/12/2024,2,Drone (rice field)
15_Kudus03_Karangrowo,Klambu,32749,110.87019,-6.866322,6/13/2024,2,Drone (rice field)
14_Kudus02_Payaman.tif,Klambu,32749,110.867868,-6.860449,6/13/2024,2,Drone (rice field)
Jatibarang,Brebes_Tegal,32749,109.052858,-6.980642,6/10/2024,5,Drone (rice field)
Karang Turi,Brebes_Tegal,32749,109.20994,-7.650524,6/11/2024,6,Drone (rice field)
Grumbuljurig,Brebes_Tegal,32749,109.294747,-7.426564,6/11/2024,2,Drone (rice field)
10_Demak02_Kalitengah,Semarang_Demak,32749,110.535916,-7.047449,6/12/2024,4,Drone (rice field)
05_Kendal01_Dempelrejo,Pekalongan,32749,110.194384,-6.958827,6/11/2024,1,Drone (rice field)
05_Kendal01_Dempelrejo,Pekalongan,32749,110.194528,-6.960325,6/11/2024,1,Drone (rice field)
05_Kendal01_Dempelrejo,Pekalongan,32749,110.194532,-6.960264,6/11/2024,1,Drone (rice field)
07_Kendal03_Bangunrejo,Pekalongan,32749,110.18453,-6.90485,6/11/2024,1,Drone (rice field)
11_Demak03_Cangkring,Semarang_Demak,32749,110.791983,-6.861844,6/12/2024,3,Drone (rice field)
03_Pekalongan03_Bojonglor01,Pekalongan,32749,109.597286,-6.958787,6/10/2024,2,Drone (50x50)
Karang Turi,Brebes_Tegal,32749,109.209933,-7.650208,6/11/2024,6,Drone (rice field)
Bocor,Pekalongan,32749,109.673267,-7.750375,6/12/2024,6,Drone (rice field)
Kembangsawit,Pekalongan,32749,109.725655,-7.733293,6/12/2024,2,Drone (rice field)
23_Ungaran01_Gogik,Semarang_Demak,32749,110.40444,-7.15909,6/15/2024,3,Drone (rice field)
23_Ungaran01_Gogik,Semarang_Demak,32749,110.40439,-7.159075,6/15/2024,3,Drone (rice field)
Bajong,Brebes_Tegal,32749,109.413478,-7.42655,6/11/2024,2,Drone (rice field)
Jatiluhur,Brebes_Tegal,32749,109.450543,-7.594888,6/12/2024,2,Drone (rice field)
13_Kudus01_GarungKidul,Klambu,32749,110.807305,-6.812929,6/13/2024,2,Drone (rice field)
08_Kendal04_Ketapang,Pekalongan,32749,110.218943,-6.938097,6/11/2024,6,Drone (rice field)
Susukan,Brebes_Tegal,32749,109.374631,-7.503428,6/11/2024,1,Drone (rice field)
23_Ungaran01_Gogik,Semarang_Demak,32749,110.403531,-7.160708,6/15/2024,6,Drone (rice field)
Susukan,Brebes_Tegal,32749,109.375101,-7.503623,6/11/2024,1,Drone (rice field)
07_Kendal03_Bangunrejo,Pekalongan,32749,110.184246,-6.906429,6/11/2024,1,Drone (rice field)
07_Kendal03_Bangunrejo,Pekalongan,32749,110.184375,-6.90598,6/11/2024,6,Drone (rice field)
Karang Turi,Brebes_Tegal,32749,109.209608,-7.650536,6/11/2024,1,Drone (rice field)
12_Demak04_Karanganyar,Semarang_Demak,32749,110.799201,-6.851613,6/12/2024,3,Drone (rice field)
06_Kendal02_Pesawahan,Pekalongan,32749,110.170584,-6.974205,6/11/2024,5,Drone (rice field)
05_Kendal01_Dempelrejo,Pekalongan,32749,110.193938,-6.9605,6/11/2024,1,Drone (rice field)
05_Kendal01_Dempelrejo,Pekalongan,32749,110.19394,-6.960431,6/11/2024,1,Drone (rice field)
Bajong,Brebes_Tegal,32749,109.412974,-7.42659,6/11/2024,2,Drone (rice field)
Bocor,Pekalongan,32749,109.673598,-7.750145,6/12/2024,6,Drone (rice field)
18_Kudus06_Gondoharum,Klambu,32749,110.964119,-6.809153,6/13/2024,4,Drone (rice field)
05_Kendal01_Dempelrejo,Pekalongan,32749,110.194344,-6.958749,6/11/2024,1,Drone (rice field)
Bocor,Pekalongan,32749,109.673915,-7.748828,6/12/2024,6,Drone (rice field)
Jatiluhur,Brebes_Tegal,32749,109.448777,-7.59586,6/12/2024,2,Drone (rice field)
13_Kudus01_GarungKidul,Klambu,32749,110.808371,-6.813567,6/13/2024,3,Drone (rice field)
Susukan,Brebes_Tegal,32749,109.37423,-7.504233,6/11/2024,1,Drone (rice field)
06_Kendal02_Pesawahan,Pekalongan,32749,110.17191,-6.974571,6/11/2024,5,Drone (rice field)
05_Kendal01_Dempelrejo,Pekalongan,32749,110.194298,-6.960004,6/11/2024,1,Drone (rice field)
08_Kendal04_Ketapang,Pekalongan,32749,110.218798,-6.937351,6/11/2024,6,Drone (rice field)
10_Demak02_Kalitengah,Semarang_Demak,32749,110.535372,-7.047314,6/12/2024,3,Drone (rice field)
Pekuwon,Pekalongan,32749,109.55936,-7.638854,6/12/2024,2,Drone (rice field)
18_Kudus06_Gondoharum,Klambu,32749,110.965419,-6.809449,6/13/2024,4,Drone (rice field)
03_Pekalongan03_Bojonglor01,Pekalongan,32749,109.59679,-6.961162,6/10/2024,2,Drone (50x50)
05_Kendal01_Dempelrejo,Pekalongan,32749,110.194981,-6.959751,6/11/2024,1,Drone (rice field)
Karang Turi,Brebes_Tegal,32749,109.209481,-7.650322,6/11/2024,1,Drone (rice field)
Rapak,Brebes_Tegal,32749,109.352907,-7.434374,6/11/2024,1,Drone (rice field)
Banjareja,Pekalongan,32749,109.523831,-7.724528,6/12/2024,6,Drone (rice field)
,Pekalongan,32749,109.949056,-7.782556,6/13/2024,2,Drone (rice field)
13_Kudus01_GarungKidul,Klambu,32749,110.805892,-6.812932,6/13/2024,3,Drone (rice field)
01_Pekalongan01_KuripanYosorejo,Pekalongan,32749,109.683418,-6.920564,6/10/2024,2,Drone (50x50)
06_Kendal02_Pesawahan,Pekalongan,32749,110.171849,-6.974857,6/11/2024,2,Drone (rice field)
05_Kendal01_Dempelrejo,Pekalongan,32749,110.194294,-6.960068,6/11/2024,1,Drone (rice field)
17_Kudus05_Tenggeles,Klambu,32749,110.909918,-6.811565,6/13/2024,2,Drone (rice field)
08_Kendal04_Ketapang,Pekalongan,32749,110.218862,-6.936708,6/11/2024,6,Drone (rice field)
Karang Turi,Brebes_Tegal,32749,109.209882,-7.650673,6/11/2024,6,Drone (rice field)
10_Demak02_Kalitengah,Semarang_Demak,32749,110.53534,-7.048264,6/12/2024,4,Drone (rice field)
08_Kendal04_Ketapang,Pekalongan,32749,110.219436,-6.936873,6/11/2024,6,Drone (rice field)
Susukan,Brebes_Tegal,32749,109.375283,-7.504252,6/11/2024,1,Drone (rice field)
Banjareja,Pekalongan,32749,109.523299,-7.725843,6/12/2024,6,Drone (rice field)
23_Ungaran01_Gogik,Semarang_Demak,32749,110.403918,-7.159961,6/15/2024,2,Drone (rice field)
Bajong,Brebes_Tegal,32749,109.413427,-7.426135,6/11/2024,2,Drone (rice field)
10_Demak02_Kalitengah,Semarang_Demak,32749,110.536026,-7.047481,6/12/2024,4,Drone (rice field)
17_Kudus05_Tenggeles,Klambu,32749,110.910822,-6.812493,6/13/2024,2,Drone (rice field)
03_Pekalongan03_Bojonglor01,Pekalongan,32749,109.598185,-6.960723,6/10/2024,6,Drone (50x50)
04_Pekalongan04_Bojonglor02,Pekalongan,32749,109.595679,-6.959389,6/10/2024,2,Drone (50x50)
09_Demak01_Kembangarum,Semarang_Demak,32749,110.539476,-7.036045,6/12/2024,4,Drone (rice field)
17_Kudus05_Tenggeles,Klambu,32749,110.910803,-6.812702,6/13/2024,2,Drone (rice field)
10_Demak02_Kalitengah,Semarang_Demak,32749,110.53391,-7.048056,6/12/2024,4,Drone (rice field)
Banjareja,Pekalongan,32749,109.523342,-7.724784,6/12/2024,6,Drone (rice field)
Susukan,Brebes_Tegal,32749,109.374681,-7.504687,6/11/2024,1,Drone (rice field)
05_Kendal01_Dempelrejo,Pekalongan,32749,110.194121,-6.960928,6/11/2024,1,Drone (rice field)
Susukan,Brebes_Tegal,32749,109.37461,-7.504679,6/11/2024,1,Drone (rice field)
Pekuwon,Pekalongan,32749,109.55954,-7.63833,6/12/2024,2,Drone (rice field)
11_Demak03_Cangkring,Semarang_Demak,32749,110.791722,-6.860535,6/12/2024,5,Drone (rice field)
14_Kudus02_Payaman.tif,Klambu,32749,110.866696,-6.859964,6/13/2024,2,Drone (rice field)
18_Kudus06_Gondoharum,Klambu,32749,110.964579,-6.809644,6/13/2024,4,Drone (rice field)
Jatibarang,Brebes_Tegal,32749,109.053173,-6.982465,6/10/2024,5,Drone (rice field)
05_Kendal01_Dempelrejo,Pekalongan,32749,110.194836,-6.95928,6/11/2024,1,Drone (rice field)
05_Kendal01_Dempelrejo,Pekalongan,32749,110.194881,-6.959326,6/11/2024,1,Drone (rice field)
05_Kendal01_Dempelrejo,Pekalongan,32749,110.194853,-6.959253,6/11/2024,1,Drone (rice field)
Bajong,Brebes_Tegal,32749,109.41363,-7.426175,6/11/2024,2,Drone (rice field)
Bajong,Brebes_Tegal,32749,109.413589,-7.426167,6/11/2024,2,Drone (rice field)
Bajong,Brebes_Tegal,32749,109.413549,-7.42616,6/11/2024,2,Drone (rice field)
Bajong,Brebes_Tegal,32749,109.413598,-7.426117,6/11/2024,2,Drone (rice field)
Bajong,Brebes_Tegal,32749,109.413558,-7.426112,6/11/2024,2,Drone (rice field)
Bocor,Pekalongan,32749,109.674481,-7.74977,6/12/2024,6,Drone (rice field)
07_Kendal03_Bangunrejo,Pekalongan,32749,110.184065,-6.906348,6/11/2024,1,Drone (rice field)
05_Kendal01_Dempelrejo,Pekalongan,32749,110.193667,-6.960735,6/11/2024,1,Drone (rice field)
05_Kendal01_Dempelrejo,Pekalongan,32749,110.194467,-6.959538,6/11/2024,1,Drone (rice field)
07_Kendal03_Bangunrejo,Pekalongan,32749,110.184059,-6.906339,6/11/2024,1,Drone (rice field)
Banjareja,Pekalongan,32749,109.523104,-7.725443,6/12/2024,6,Drone (rice field)
Banjareja,Pekalongan,32749,109.523052,-7.725436,6/12/2024,6,Drone (rice field)
15_Kudus03_Karangrowo,Klambu,32749,110.870642,-6.867227,6/13/2024,2,Drone (rice field)
04_Pekalongan04_Bojonglor02,Pekalongan,32749,109.595635,-6.960595,6/10/2024,2,Field Survey
08_Kendal04_Ketapang,Pekalongan,32749,110.218407,-6.938064,6/11/2024,1,Drone (rice field)
Grumbuljurig,Brebes_Tegal,32749,109.294801,-7.426624,6/11/2024,2,Drone (rice field)
06_Kendal02_Pesawahan,Pekalongan,32749,110.171564,-6.975071,6/11/2024,6,Drone (rice field)
06_Kendal02_Pesawahan,Pekalongan,32749,110.170817,-6.974881,6/11/2024,5,Drone (rice field)
05_Kendal01_Dempelrejo,Pekalongan,32749,110.194589,-6.960878,6/11/2024,1,Drone (rice field)
08_Kendal04_Ketapang,Pekalongan,32749,110.218345,-6.938111,6/11/2024,1,Drone (rice field)
08_Kendal04_Ketapang,Pekalongan,32749,110.219545,-6.93721,6/11/2024,6,Drone (rice field)
07_Kendal03_Bangunrejo,Pekalongan,32749,110.185836,-6.905735,6/11/2024,1,Drone (rice field)
10_Demak02_Kalitengah,Semarang_Demak,32749,110.535918,-7.048229,6/12/2024,4,Drone (rice field)
13_Kudus01_GarungKidul,Klambu,32749,110.807776,-6.813308,6/13/2024,2,Drone (rice field)
06_Kendal02_Pesawahan,Pekalongan,32749,110.171074,-6.97492,6/11/2024,5,Drone (rice field)
11_Demak03_Cangkring,Semarang_Demak,32749,110.792383,-6.862045,6/12/2024,3,Drone (rice field)
18_Kudus06_Gondoharum,Klambu,32749,110.96357,-6.809118,6/13/2024,4,Drone (rice field)
01_Pekalongan01_KuripanYosorejo,Pekalongan,32749,109.68276,-6.921381,6/10/2024,6,Drone (50x50)
05_Kendal01_Dempelrejo,Pekalongan,32749,110.194013,-6.959147,6/11/2024,1,Drone (rice field)
05_Kendal01_Dempelrejo,Pekalongan,32749,110.194449,-6.958651,6/11/2024,1,Drone (rice field)
Jatiluhur,Brebes_Tegal,32749,109.450223,-7.59538,6/12/2024,6,Drone (rice field)
24_Ungaran02_Lerep,Semarang_Demak,32749,110.400804,-7.124198,6/15/2024,5,Drone (rice field)
01_Pekalongan01_KuripanYosorejo,Pekalongan,32749,109.682464,-6.921035,6/10/2024,1,Drone (50x50)
05_Kendal01_Dempelrejo,Pekalongan,32749,110.194797,-6.960403,6/11/2024,1,Drone (rice field)
05_Kendal01_Dempelrejo,Pekalongan,32749,110.194808,-6.960344,6/11/2024,1,Drone (rice field)
05_Kendal01_Dempelrejo,Pekalongan,32749,110.194331,-6.960866,6/11/2024,1,Drone (rice field)
08_Kendal04_Ketapang,Pekalongan,32749,110.219707,-6.937022,6/11/2024,6,Drone (rice field)
Bajong,Brebes_Tegal,32749,109.411527,-7.426841,6/11/2024,4,Drone (rice field)
17_Kudus05_Tenggeles,Klambu,32749,110.910852,-6.812292,6/13/2024,2,Drone (rice field)
18_Kudus06_Gondoharum,Klambu,32749,110.964008,-6.809962,6/13/2024,4,Drone (rice field)
03_Pekalongan03_Bojonglor01,Pekalongan,32749,109.596991,-6.961051,6/10/2024,2,Field Survey
03_Pekalongan03_Bojonglor01,Pekalongan,32749,109.596965,-6.96118,6/10/2024,2,Drone (50x50)
05_Kendal01_Dempelrejo,Pekalongan,32749,110.194835,-6.959733,6/11/2024,1,Drone (rice field)
Susukan,Brebes_Tegal,32749,109.374539,-7.504648,6/11/2024,1,Drone (rice field)
Susukan,Brebes_Tegal,32749,109.374821,-7.503452,6/11/2024,1,Drone (rice field)
Bajong,Brebes_Tegal,32749,109.411796,-7.426078,6/11/2024,4,Drone (rice field)
01_Pekalongan01_KuripanYosorejo,Pekalongan,32749,109.683536,-6.920603,6/10/2024,2,Field Survey
Karang Turi,Brebes_Tegal,32749,109.20986,-7.650217,6/11/2024,6,Drone (rice field)
Pekuwon,Pekalongan,32749,109.559364,-7.639434,6/12/2024,2,Drone (rice field)
Jatiluhur,Brebes_Tegal,32749,109.450427,-7.595949,6/12/2024,6,Drone (rice field)
24_Ungaran02_Lerep,Semarang_Demak,32749,110.400572,-7.123683,6/15/2024,2,Drone (rice field)
03_Pekalongan03_Bojonglor01,Pekalongan,32749,109.598113,-6.960989,6/10/2024,6,Drone (50x50)
04_Pekalongan04_Bojonglor02,Pekalongan,32749,109.595349,-6.959043,6/10/2024,2,Drone (50x50)
06_Kendal02_Pesawahan,Pekalongan,32749,110.169949,-6.974827,6/11/2024,5,Drone (rice field)
06_Kendal02_Pesawahan,Pekalongan,32749,110.171592,-6.974819,6/11/2024,2,Drone (rice field)
10_Demak02_Kalitengah,Semarang_Demak,32749,110.53512,-7.048385,6/12/2024,4,Drone (rice field)
Bocor,Pekalongan,32749,109.672936,-7.750312,6/12/2024,6,Drone (rice field)
Bocor,Pekalongan,32749,109.672908,-7.750358,6/12/2024,6,Drone (rice field)
13_Kudus01_GarungKidul,Klambu,32749,110.8071,-6.812499,6/13/2024,3,Drone (rice field)
02_Pekalongan02_Sokoduwet,Pekalongan,32749,109.688189,-6.929829,6/10/2024,1,Drone (50x50)
Banjareja,Pekalongan,32749,109.523616,-7.724483,6/12/2024,6,Drone (rice field)
24_Ungaran02_Lerep,Semarang_Demak,32749,110.400336,-7.123819,6/15/2024,2,Drone (rice field)
03_Pekalongan03_Bojonglor01,Pekalongan,32749,109.598455,-6.959715,6/10/2024,1,Drone (50x50)
08_Kendal04_Ketapang,Pekalongan,32749,110.219717,-6.936801,6/11/2024,6,Drone (rice field)
Karang Turi,Brebes_Tegal,32749,109.209597,-7.650238,6/11/2024,1,Drone (rice field)
Susukan,Brebes_Tegal,32749,109.374465,-7.504643,6/11/2024,1,Drone (rice field)
Bajong,Brebes_Tegal,32749,109.411978,-7.426302,6/11/2024,4,Drone (rice field)
11_Demak03_Cangkring,Semarang_Demak,32749,110.791997,-6.86095,6/12/2024,3,Drone (rice field)
Jatibarang,Brebes_Tegal,32749,109.052565,-6.981933,6/10/2024,1,Drone (rice field)
Maos,Brebes_Tegal,32749,109.151797,-7.614109,6/11/2024,5,Drone (rice field)
06_Kendal02_Pesawahan,Pekalongan,32749,110.170062,-6.975084,6/11/2024,1,Drone (rice field)
18_Kudus06_Gondoharum,Klambu,32749,110.964444,-6.809744,6/13/2024,4,Drone (rice field)
16_Kudus04_Ngemplak,Klambu,32749,110.856614,-6.862247,6/13/2024,2,Drone (rice field)
13_Kudus01_GarungKidul,Klambu,32749,110.806555,-6.812581,6/13/2024,2,Drone (rice field)
13_Kudus01_GarungKidul,Klambu,32749,110.807677,-6.812462,6/13/2024,6,Drone (rice field)
04_Pekalongan04_Bojonglor02,Pekalongan,32749,109.595186,-6.959237,6/10/2024,2,Field Survey
03_Pekalongan03_Bojonglor01,Pekalongan,32749,109.597962,-6.961639,6/10/2024,3,Drone (50x50)
Susukan,Brebes_Tegal,32749,109.374683,-7.504235,6/11/2024,1,Drone (rice field)
05_Kendal01_Dempelrejo,Pekalongan,32749,110.194961,-6.959873,6/11/2024,1,Drone (rice field)
05_Kendal01_Dempelrejo,Pekalongan,32749,110.194977,-6.959814,6/11/2024,1,Drone (rice field)
07_Kendal03_Bangunrejo,Pekalongan,32749,110.18483,-6.904594,6/11/2024,6,Drone (rice field)
Maos,Brebes_Tegal,32749,109.152813,-7.614543,6/11/2024,5,Drone (rice field)
Bajong,Brebes_Tegal,32749,109.411543,-7.426735,6/11/2024,4,Drone (rice field)
Banjareja,Pekalongan,32749,109.524276,-7.724984,6/12/2024,6,Drone (rice field)
17_Kudus05_Tenggeles,Klambu,32749,110.909911,-6.811012,6/13/2024,2,Drone (rice field)
23_Ungaran01a_Gogik,Semarang_Demak,32749,110.40425,-7.159142,6/15/2024,2,Drone (rice field)
06_Kendal02_Pesawahan,Pekalongan,32749,110.170273,-6.975263,6/11/2024,5,Drone (rice field)
05_Kendal01_Dempelrejo,Pekalongan,32749,110.195072,-6.95911,6/11/2024,1,Drone (rice field)
09_Demak01_Kembangarum,Semarang_Demak,32749,110.538584,-7.035045,6/12/2024,4,Drone (rice field)
13_Kudus01_GarungKidul,Klambu,32749,110.807194,-6.813591,6/13/2024,2,Drone (rice field)
13_Kudus01_GarungKidul,Klambu,32749,110.807483,-6.812768,6/13/2024,2,Drone (rice field)
03_Pekalongan03_Bojonglor01,Pekalongan,32749,109.597463,-6.961205,6/10/2024,3,Drone (50x50)
03_Pekalongan03_Bojonglor01,Pekalongan,32749,109.597659,-6.960909,6/10/2024,6,Drone (50x50)
06_Kendal02_Pesawahan,Pekalongan,32749,110.1706,-6.974369,6/11/2024,5,Drone (rice field)
09_Demak01_Kembangarum,Semarang_Demak,32749,110.538429,-7.03685,6/12/2024,4,Drone (rice field)
,Klambu,32749,110.86025,-7.585583,6/15/2024,2,Drone (rice field)
23_Ungaran01_Gogik,Semarang_Demak,32749,110.403707,-7.161193,6/15/2024,5,Drone (rice field)
01_Pekalongan01_KuripanYosorejo,Pekalongan,32749,109.683045,-6.920081,6/10/2024,1,Drone (50x50)
06_Kendal02_Pesawahan,Pekalongan,32749,110.170254,-6.974737,6/11/2024,5,Drone (rice field)
06_Kendal02_Pesawahan,Pekalongan,32749,110.170258,-6.974702,6/11/2024,6,Drone (rice field)
09_Demak01_Kembangarum,Semarang_Demak,32749,110.538854,-7.036828,6/12/2024,4,Drone (rice field)
13_Kudus01_GarungKidul,Klambu,32749,110.8064,-6.813381,6/13/2024,3,Drone (rice field)
13_Kudus01_GarungKidul,Klambu,32749,110.806436,-6.813382,6/13/2024,3,Drone (rice field)
03_Pekalongan03_Bojonglor01,Pekalongan,32749,109.596673,-6.961396,6/10/2024,6,Drone (50x50)
01_Pekalongan01_KuripanYosorejo,Pekalongan,32749,109.683379,-6.920739,6/10/2024,2,Drone (50x50)
Karang Turi,Brebes_Tegal,32749,109.209078,-7.650399,6/11/2024,2,Drone (rice field)
Banjareja,Pekalongan,32749,109.524278,-7.725528,6/12/2024,6,Drone (rice field)
10_Demak02_Kalitengah,Semarang_Demak,32749,110.53496,-7.047888,6/12/2024,4,Drone (rice field)
14_Kudus02_Payaman.tif,Klambu,32749,110.866994,-6.85942,6/13/2024,2,Drone (rice field)
18_Kudus06_Gondoharum,Klambu,32749,110.963593,-6.808919,6/13/2024,4,Drone (rice field)
06_Kendal02_Pesawahan,Pekalongan,32749,110.169951,-6.97475,6/11/2024,5,Drone (rice field)
05_Kendal01_Dempelrejo,Pekalongan,32749,110.193959,-6.960302,6/11/2024,1,Drone (rice field)
Maos,Brebes_Tegal,32749,109.15162,-7.613448,6/11/2024,6,Drone (rice field)
12_Demak04_Karanganyar,Semarang_Demak,32749,110.797586,-6.851644,6/12/2024,3,Drone (rice field)
Banjareja,Pekalongan,32749,109.523654,-7.7243,6/12/2024,6,Drone (rice field)
16_Kudus04_Ngemplak,Klambu,32749,110.857067,-6.861343,6/13/2024,2,Drone (rice field)
18_Kudus06_Gondoharum,Klambu,32749,110.964087,-6.809591,6/13/2024,4,Drone (rice field)
02_Pekalongan02_Sokoduwet,Pekalongan,32749,109.687911,-6.929886,6/10/2024,1,Drone (50x50)
06_Kendal02_Pesawahan,Pekalongan,32749,110.170535,-6.975235,6/11/2024,1,Drone (rice field)
06_Kendal02_Pesawahan,Pekalongan,32749,110.170484,-6.97515,6/11/2024,1,Drone (rice field)
Karang Turi,Brebes_Tegal,32749,109.209186,-7.650259,6/11/2024,2,Drone (rice field)
Maos,Brebes_Tegal,32749,109.152343,-7.613444,6/11/2024,6,Drone (rice field)
Pekuwon,Pekalongan,32749,109.559076,-7.638262,6/12/2024,2,Drone (rice field)
10_Demak02_Kalitengah,Semarang_Demak,32749,110.535441,-7.047393,6/12/2024,4,Drone (rice field)
23_Ungaran01_Gogik,Semarang_Demak,32749,110.404478,-7.15921,6/15/2024,3,Drone (rice field)
23_Ungaran01_Gogik,Semarang_Demak,32749,110.404496,-7.159179,6/15/2024,3,Drone (rice field)
01_Pekalongan01_KuripanYosorejo,Pekalongan,32749,109.683084,-6.920602,6/10/2024,2,Field Survey
Jatibarang,Brebes_Tegal,32749,109.053047,-6.981727,6/10/2024,3,Field Survey
01_Pekalongan01_KuripanYosorejo,Pekalongan,32749,109.683116,-6.920604,6/10/2024,2,Drone (50x50)
Jatibarang,Brebes_Tegal,32749,109.052992,-6.981708,6/10/2024,3,Drone (rice field)
Jatibarang,Brebes_Tegal,32749,109.053634,-6.981423,6/10/2024,4,Drone (rice field)
08_Kendal04_Ketapang,Pekalongan,32749,110.219283,-6.937767,6/11/2024,6,Drone (rice field)
Bajong,Brebes_Tegal,32749,109.41385,-7.427021,6/11/2024,2,Drone (rice field)
09_Demak01_Kembangarum,Semarang_Demak,32749,110.538753,-7.036629,6/12/2024,4,Drone (rice field)
09_Demak01_Kembangarum,Semarang_Demak,32749,110.538728,-7.036611,6/12/2024,4,Drone (rice field)
17_Kudus05_Tenggeles,Klambu,32749,110.910764,-6.811102,6/13/2024,3,Drone (rice field)
01_Pekalongan01_KuripanYosorejo,Pekalongan,32749,109.682176,-6.921504,6/10/2024,6,Field Survey
02_Pekalongan02_Sokoduwet,Pekalongan,32749,109.688239,-6.929656,6/10/2024,1,Drone (50x50)
06_Kendal02_Pesawahan,Pekalongan,32749,110.17008,-6.974769,6/11/2024,5,Drone (rice field)
06_Kendal02_Pesawahan,Pekalongan,32749,110.170101,-6.974714,6/11/2024,5,Drone (rice field)
06_Kendal02_Pesawahan,Pekalongan,32749,110.17046,-6.97427,6/11/2024,5,Drone (rice field)
Jatibarang,Brebes_Tegal,32749,109.052577,-6.981797,6/10/2024,3,Drone (rice field)
Bajong,Brebes_Tegal,32749,109.413471,-7.42616,6/11/2024,2,Drone (rice field)
Bajong,Brebes_Tegal,32749,109.412991,-7.426396,6/11/2024,2,Drone (rice field)
Bajong,Brebes_Tegal,32749,109.412927,-7.42638,6/11/2024,2,Drone (rice field)
Bajong,Brebes_Tegal,32749,109.41351,-7.426145,6/11/2024,2,Drone (rice field)
Bajong,Brebes_Tegal,32749,109.413469,-7.42614,6/11/2024,2,Drone (rice field)
Banjareja,Pekalongan,32749,109.524219,-7.724358,6/12/2024,6,Drone (rice field)
13_Kudus01_GarungKidul,Klambu,32749,110.806693,-6.813257,6/13/2024,2,Drone (rice field)
23_Ungaran01_Gogik,Semarang_Demak,32749,110.40376,-7.159389,6/15/2024,2,Drone (rice field)
Maos,Brebes_Tegal,32749,109.151596,-7.613831,6/11/2024,5,Drone (rice field)
Jatiluhur,Brebes_Tegal,32749,109.449204,-7.594989,6/12/2024,2,Drone (rice field)
23_Ungaran01_Gogik,Semarang_Demak,32749,110.403424,-7.160644,6/15/2024,6,Drone (rice field)
03_Pekalongan03_Bojonglor01,Pekalongan,32749,109.597987,-6.960677,6/10/2024,6,Drone (50x50)
Susukan,Brebes_Tegal,32749,109.375321,-7.504315,6/11/2024,1,Drone (rice field)
13_Kudus01_GarungKidul,Klambu,32749,110.806042,-6.813253,6/13/2024,2,Drone (rice field)
24_Ungaran02_Lerep,Semarang_Demak,32749,110.400801,-7.124133,6/15/2024,6,Drone (rice field)
Jatibarang,Brebes_Tegal,32749,109.053529,-6.981546,6/10/2024,3,Drone (rice field)
Bajong,Brebes_Tegal,32749,109.413762,-7.427054,6/11/2024,2,Drone (rice field)
Bajong,Brebes_Tegal,32749,109.413758,-7.427022,6/11/2024,2,Drone (rice field)
12_Demak04_Karanganyar,Semarang_Demak,32749,110.798925,-6.851464,6/12/2024,3,Drone (rice field)
10_Demak02_Kalitengah,Semarang_Demak,32749,110.535423,-7.048695,6/12/2024,4,Drone (rice field)
10_Demak02_Kalitengah,Semarang_Demak,32749,110.534647,-7.047448,6/12/2024,4,Drone (rice field)
Banjareja,Pekalongan,32749,109.523218,-7.725762,6/12/2024,6,Drone (rice field)
23_Ungaran01_Gogik,Semarang_Demak,32749,110.403808,-7.160715,6/15/2024,6,Drone (rice field)
03_Pekalongan03_Bojonglor01,Pekalongan,32749,109.597014,-6.960997,6/10/2024,2,Drone (50x50)
05_Kendal01_Dempelrejo,Pekalongan,32749,110.194534,-6.959295,6/11/2024,1,Drone (rice field)
08_Kendal04_Ketapang,Pekalongan,32749,110.218692,-6.936329,6/11/2024,6,Drone (rice field)
14_Kudus02_Payaman.tif,Klambu,32749,110.867024,-6.859536,6/13/2024,2,Drone (rice field)
02_Pekalongan02_Sokoduwet,Pekalongan,32749,109.687584,-6.929658,6/10/2024,1,Field Survey
03_Pekalongan03_Bojonglor01,Pekalongan,32749,109.597789,-6.96063,6/10/2024,6,Drone (50x50)
02_Pekalongan02_Sokoduwet,Pekalongan,32749,109.687582,-6.929641,6/10/2024,1,Drone (50x50)
08_Kendal04_Ketapang,Pekalongan,32749,110.219313,-6.937161,6/11/2024,1,Drone (rice field)
04_Pekalongan04_Bojonglor02,Pekalongan,32749,109.59557,-6.959725,6/10/2024,2,Drone (50x50)
06_Kendal02_Pesawahan,Pekalongan,32749,110.170335,-6.974328,6/11/2024,5,Drone (rice field)
Karang Turi,Brebes_Tegal,32749,109.208862,-7.650276,6/11/2024,2,Drone (rice field)
13_Kudus01_GarungKidul,Klambu,32749,110.806136,-6.812638,6/13/2024,3,Drone (rice field)
01_Pekalongan01_KuripanYosorejo,Pekalongan,32749,109.683026,-6.921418,6/10/2024,6,Drone (50x50)
13_Kudus01_GarungKidul,Klambu,32749,110.806974,-6.812235,6/13/2024,2,Drone (rice field)
18_Kudus06_Gondoharum,Klambu,32749,110.963578,-6.809944,6/13/2024,4,Drone (rice field)
18_Kudus06_Gondoharum,Klambu,32749,110.963538,-6.809935,6/13/2024,4,Drone (rice field)
Jatibarang,Brebes_Tegal,32749,109.052706,-6.982075,6/10/2024,3,Drone (rice field)
10_Demak02_Kalitengah,Semarang_Demak,32749,110.535975,-7.047061,6/12/2024,4,Drone (rice field)
10_Demak02_Kalitengah,Semarang_Demak,32749,110.535901,-7.047034,6/12/2024,4,Drone (rice field)
18_Kudus06_Gondoharum,Klambu,32749,110.964617,-6.809265,6/13/2024,4,Drone (rice field)
23_Ungaran01_Gogik,Semarang_Demak,32749,110.403637,-7.161374,6/15/2024,2,Drone (rice field)
23_Ungaran01_Gogik,Semarang_Demak,32749,110.403745,-7.159012,6/15/2024,2,Drone (rice field)
12_Demak04_Karanganyar,Semarang_Demak,32749,110.797185,-6.851849,6/12/2024,3,Drone (rice field)
Pekuwon,Pekalongan,32749,109.559018,-7.639095,6/12/2024,2,Drone (rice field)
03_Pekalongan03_Bojonglor01,Pekalongan,32749,109.597146,-6.961019,6/10/2024,2,Drone (50x50)
06_Kendal02_Pesawahan,Pekalongan,32749,110.170024,-6.975222,6/11/2024,5,Drone (rice field)
06_Kendal02_Pesawahan,Pekalongan,32749,110.170018,-6.975153,6/11/2024,1,Drone (rice field)
05_Kendal01_Dempelrejo,Pekalongan,32749,110.193853,-6.95936,6/11/2024,1,Drone (rice field)
Pekuwon,Pekalongan,32749,109.559706,-7.638635,6/12/2024,2,Drone (rice field)
18_Kudus06_Gondoharum,Klambu,32749,110.964102,-6.810178,6/13/2024,4,Drone (rice field)
18_Kudus06_Gondoharum,Klambu,32749,110.96404,-6.810181,6/13/2024,4,Drone (rice field)
01_Pekalongan01_KuripanYosorejo,Pekalongan,32749,109.683085,-6.92015,6/10/2024,1,Field Survey
01_Pekalongan01_KuripanYosorejo,Pekalongan,32749,109.684387,-6.920862,6/10/2024,2,Drone (50x50)
Jatibarang,Brebes_Tegal,32749,109.053275,-6.981232,6/10/2024,5,Drone (rice field)
08_Kendal04_Ketapang,Pekalongan,32749,110.218859,-6.938065,6/11/2024,6,Drone (rice field)
Susukan,Brebes_Tegal,32749,109.375076,-7.504923,6/11/2024,1,Drone (rice field)
Banjareja,Pekalongan,32749,109.524357,-7.72439,6/12/2024,6,Drone (rice field)
Banjareja,Pekalongan,32749,109.52431,-7.72437,6/12/2024,6,Drone (rice field)
Bajong,Brebes_Tegal,32749,109.412097,-7.426118,6/11/2024,4,Drone (rice field)
12_Demak04_Karanganyar,Semarang_Demak,32749,110.796881,-6.851371,6/12/2024,3,Drone (rice field)
11_Demak03_Cangkring,Semarang_Demak,32749,110.792023,-6.861449,6/12/2024,3,Drone (rice field)
Banjareja,Pekalongan,32749,109.523903,-7.724542,6/12/2024,6,Drone (rice field)
Jatiluhur,Brebes_Tegal,32749,109.450327,-7.595949,6/12/2024,6,Drone (rice field)
01_Pekalongan01_KuripanYosorejo,Pekalongan,32749,109.682743,-6.921512,6/10/2024,6,Drone (50x50)
Jatibarang,Brebes_Tegal,32749,109.0536,-6.982391,6/10/2024,5,Drone (rice field)
05_Kendal01_Dempelrejo,Pekalongan,32749,110.193614,-6.960406,6/11/2024,1,Drone (rice field)
05_Kendal01_Dempelrejo,Pekalongan,32749,110.193605,-6.960334,6/11/2024,1,Drone (rice field)
Bajong,Brebes_Tegal,32749,109.411449,-7.426719,6/11/2024,4,Drone (rice field)
Bajong,Brebes_Tegal,32749,109.411391,-7.426705,6/11/2024,4,Drone (rice field)
Bocor,Pekalongan,32749,109.673389,-7.750313,6/12/2024,6,Drone (rice field)
18_Kudus06_Gondoharum,Klambu,32749,110.964779,-6.810253,6/13/2024,4,Drone (rice field)
03_Pekalongan03_Bojonglor01,Pekalongan,32749,109.597354,-6.961579,6/10/2024,2,Drone (50x50)
03_Pekalongan03_Bojonglor01,Pekalongan,32749,109.596677,-6.961135,6/10/2024,2,Drone (50x50)
04_Pekalongan04_Bojonglor02,Pekalongan,32749,109.594983,-6.959138,6/10/2024,2,Drone (50x50)
06_Kendal02_Pesawahan,Pekalongan,32749,110.171842,-6.975192,6/11/2024,5,Drone (rice field)
05_Kendal01_Dempelrejo,Pekalongan,32749,110.194633,-6.959969,6/11/2024,1,Drone (rice field)
Bocor,Pekalongan,32749,109.673936,-7.750097,6/12/2024,6,Drone (rice field)
23_Ungaran01_Gogik,Semarang_Demak,32749,110.403695,-7.160964,6/15/2024,5,Drone (rice field)
23_Ungaran01_Gogik,Semarang_Demak,32749,110.403747,-7.160924,6/15/2024,5,Drone (rice field)
23_Ungaran01_Gogik,Semarang_Demak,32749,110.403597,-7.160332,6/15/2024,3,Drone (rice field)
06_Kendal02_Pesawahan,Pekalongan,32749,110.172365,-6.97472,6/11/2024,2,Drone (rice field)
06_Kendal02_Pesawahan,Pekalongan,32749,110.171688,-6.975012,6/11/2024,5,Drone (rice field)
01_Pekalongan01_KuripanYosorejo,Pekalongan,32749,109.682267,-6.921311,6/10/2024,6,Drone (50x50)
01_Pekalongan01_KuripanYosorejo,Pekalongan,32749,109.683127,-6.920694,6/10/2024,2,Drone (50x50)
10_Demak02_Kalitengah,Semarang_Demak,32749,110.534667,-7.047467,6/12/2024,4,Drone (rice field)
10_Demak02_Kalitengah,Semarang_Demak,32749,110.534668,-7.04748,6/12/2024,4,Drone (rice field)
Banjareja,Pekalongan,32749,109.523883,-7.724502,6/12/2024,6,Drone (rice field)
09_Demak01_Kembangarum,Semarang_Demak,32749,110.537157,-7.035068,6/12/2024,4,Drone (rice field)
11_Demak03_Cangkring,Semarang_Demak,32749,110.792449,-6.860358,6/12/2024,2,Drone (rice field)
17_Kudus05_Tenggeles,Klambu,32749,110.909573,-6.812055,6/13/2024,2,Drone (rice field)
17_Kudus05_Tenggeles,Klambu,32749,110.909532,-6.81209,6/13/2024,2,Drone (rice field)
23_Ungaran01_Gogik,Semarang_Demak,32749,110.404336,-7.160631,6/15/2024,6,Drone (rice field)
23_Ungaran01_Gogik,Semarang_Demak,32749,110.404135,-7.15929,6/15/2024,3,Drone (rice field)
10_Demak02_Kalitengah,Semarang_Demak,32749,110.534863,-7.047545,6/12/2024,4,Drone (rice field)
10_Demak02_Kalitengah,Semarang_Demak,32749,110.533932,-7.047508,6/12/2024,4,Drone (rice field)
Jatibarang,Brebes_Tegal,32749,109.053791,-6.981432,6/10/2024,4,Drone (rice field)
Banjareja,Pekalongan,32749,109.523094,-7.726038,6/12/2024,6,Drone (rice field)
Banjareja,Pekalongan,32749,109.523297,-7.725128,6/12/2024,6,Drone (rice field)
Maos,Brebes_Tegal,32749,109.152566,-7.614523,6/11/2024,5,Drone (rice field)
09_Demak01_Kembangarum,Semarang_Demak,32749,110.537915,-7.03543,6/12/2024,4,Drone (rice field)
23_Ungaran01_Gogik,Semarang_Demak,32749,110.403911,-7.159898,6/15/2024,2,Drone (rice field)
Karang Turi,Brebes_Tegal,32749,109.20949,-7.650539,6/11/2024,1,Drone (rice field)
Maos,Brebes_Tegal,32749,109.152243,-7.614743,6/11/2024,5,Drone (rice field)
11_Demak03_Cangkring,Semarang_Demak,32749,110.791735,-6.861101,6/12/2024,4,Drone (rice field)
Kembangsawit,Pekalongan,32749,109.725662,-7.733051,6/12/2024,2,Drone (rice field)
13_Kudus01_GarungKidul,Klambu,32749,110.807165,-6.812156,6/13/2024,3,Drone (rice field)
04_Pekalongan04_Bojonglor02,Pekalongan,32749,109.59494,-6.959303,6/10/2024,2,Drone (50x50)
06_Kendal02_Pesawahan,Pekalongan,32749,110.172113,-6.974759,6/11/2024,6,Drone (rice field)
08_Kendal04_Ketapang,Pekalongan,32749,110.21982,-6.937073,6/11/2024,6,Drone (rice field)
24_Ungaran02_Lerep,Semarang_Demak,32749,110.400754,-7.124041,6/15/2024,6,Drone (rice field)
06_Kendal02_Pesawahan,Pekalongan,32749,110.171884,-6.974726,6/11/2024,6,Drone (rice field)
06_Kendal02_Pesawahan,Pekalongan,32749,110.17119,-6.974294,6/11/2024,5,Drone (rice field)
Pesuruhan,Brebes_Tegal,32749,109.488376,-7.714977,6/12/2024,6,Drone (rice field)
05_Kendal01_Dempelrejo,Pekalongan,32749,110.194951,-6.959935,6/11/2024,1,Drone (rice field)
12_Demak04_Karanganyar,Semarang_Demak,32749,110.798692,-6.850467,6/12/2024,3,Drone (rice field)
Jatiluhur,Brebes_Tegal,32749,109.448654,-7.59538,6/12/2024,2,Drone (rice field)
Jatiluhur,Brebes_Tegal,32749,109.450091,-7.595984,6/12/2024,6,Drone (rice field)
23_Ungaran01_Gogik,Semarang_Demak,32749,110.404269,-7.158833,6/15/2024,5,Drone (rice field)
23_Ungaran01_Gogik,Semarang_Demak,32749,110.404236,-7.15879,6/15/2024,5,Drone (rice field)
24_Ungaran02_Lerep,Semarang_Demak,32749,110.400293,-7.122927,6/15/2024,6,Drone (rice field)
06_Kendal02_Pesawahan,Pekalongan,32749,110.16999,-6.974595,6/11/2024,2,Drone (rice field)
08_Kendal04_Ketapang,Pekalongan,32749,110.219025,-6.937311,6/11/2024,1,Drone (rice field)
Maos,Brebes_Tegal,32749,109.152426,-7.61382,6/11/2024,6,Drone (rice field)
Susukan,Brebes_Tegal,32749,109.375096,-7.50468,6/11/2024,1,Drone (rice field)
Banjareja,Pekalongan,32749,109.524463,-7.724438,6/12/2024,6,Drone (rice field)
17_Kudus05_Tenggeles,Klambu,32749,110.90952,-6.812589,6/13/2024,2,Drone (rice field)
02_Pekalongan02_Sokoduwet,Pekalongan,32749,109.687475,-6.929773,6/10/2024,1,Drone (50x50)
01_Pekalongan01_KuripanYosorejo,Pekalongan,32749,109.683361,-6.920448,6/10/2024,1,Drone (50x50)
05_Kendal01_Dempelrejo,Pekalongan,32749,110.193755,-6.960572,6/11/2024,1,Drone (rice field)
Pekuwon,Pekalongan,32749,109.558167,-7.639163,6/12/2024,2,Drone (rice field)
14_Kudus02_Payaman.tif,Klambu,32749,110.867024,-6.859989,6/13/2024,2,Drone (rice field)
14_Kudus02_Payaman.tif,Klambu,32749,110.867081,-6.860038,6/13/2024,2,Drone (rice field)
18_Kudus06_Gondoharum,Klambu,32749,110.96383,-6.809366,6/13/2024,4,Drone (rice field)
06_Kendal02_Pesawahan,Pekalongan,32749,110.170075,-6.974847,6/11/2024,5,Drone (rice field)
06_Kendal02_Pesawahan,Pekalongan,32749,110.170101,-6.974468,6/11/2024,6,Drone (rice field)
05_Kendal01_Dempelrejo,Pekalongan,32749,110.19454,-6.960399,6/11/2024,1,Drone (rice field)
05_Kendal01_Dempelrejo,Pekalongan,32749,110.193653,-6.959948,6/11/2024,1,Drone (rice field)
05_Kendal01_Dempelrejo,Pekalongan,32749,110.19366,-6.959886,6/11/2024,1,Drone (rice field)
Pekuwon,Pekalongan,32749,109.558431,-7.637948,6/12/2024,2,Drone (rice field)
18_Kudus06_Gondoharum,Klambu,32749,110.963392,-6.809052,6/13/2024,4,Drone (rice field)
05_Kendal01_Dempelrejo,Pekalongan,32749,110.194182,-6.960632,6/11/2024,1,Drone (rice field)
18_Kudus06_Gondoharum,Klambu,32749,110.964327,-6.8098,6/13/2024,4,Drone (rice field)
18_Kudus06_Gondoharum,Klambu,32749,110.96434,-6.809803,6/13/2024,4,Drone (rice field)
23_Ungaran01_Gogik,Semarang_Demak,32749,110.404631,-7.160319,6/15/2024,4,Drone (rice field)
Jatibarang,Brebes_Tegal,32749,109.053524,-6.981637,6/10/2024,3,Drone (rice field)
06_Kendal02_Pesawahan,Pekalongan,32749,110.170899,-6.974336,6/11/2024,5,Drone (rice field)
Banjareja,Pekalongan,32749,109.522972,-7.725855,6/12/2024,6,Drone (rice field)
Banjareja,Pekalongan,32749,109.523006,-7.725784,6/12/2024,6,Drone (rice field)
01_Pekalongan01_KuripanYosorejo,Pekalongan,32749,109.683501,-6.921641,6/10/2024,6,Drone (50x50)
Jatiluhur,Brebes_Tegal,32749,109.448816,-7.595611,6/12/2024,2,Drone (rice field)
13_Kudus01_GarungKidul,Klambu,32749,110.80845,-6.812907,6/13/2024,2,Drone (rice field)
13_Kudus01_GarungKidul,Klambu,32749,110.80703,-6.812437,6/13/2024,2,Drone (rice field)
18_Kudus06_Gondoharum,Klambu,32749,110.963851,-6.809159,6/13/2024,4,Drone (rice field)
Maos,Brebes_Tegal,32749,109.152587,-7.614829,6/11/2024,5,Drone (rice field)
Pekuwon,Pekalongan,32749,109.5588,-7.63827,6/12/2024,2,Drone (rice field)
18_Kudus06_Gondoharum,Klambu,32749,110.965104,-6.809042,6/13/2024,4,Drone (rice field)
Susukan,Brebes_Tegal,32749,109.375106,-7.504791,6/11/2024,1,Drone (rice field)
11_Demak03_Cangkring,Semarang_Demak,32749,110.791658,-6.860631,6/12/2024,2,Drone (rice field)
11_Demak03_Cangkring,Semarang_Demak,32749,110.791671,-6.860646,6/12/2024,2,Drone (rice field)
06_Kendal02_Pesawahan,Pekalongan,32749,110.170681,-6.9749,6/11/2024,5,Drone (rice field)
06_Kendal02_Pesawahan,Pekalongan,32749,110.171476,-6.974337,6/11/2024,5,Drone (rice field)
05_Kendal01_Dempelrejo,Pekalongan,32749,110.19442,-6.959394,6/11/2024,1,Drone (rice field)
12_Demak04_Karanganyar,Semarang_Demak,32749,110.798692,-6.850919,6/12/2024,3,Drone (rice field)
Jatibarang,Brebes_Tegal,32749,109.053756,-6.98156,6/10/2024,3,Drone (rice field)
06_Kendal02_Pesawahan,Pekalongan,32749,110.172081,-6.975468,6/11/2024,5,Drone (rice field)
Kembangsawit,Pekalongan,32749,109.725802,-7.731881,6/12/2024,2,Drone (rice field)
18_Kudus06_Gondoharum,Klambu,32749,110.963422,-6.810253,6/13/2024,4,Drone (rice field)
24_Ungaran02_Lerep,Semarang_Demak,32749,110.40029,-7.123018,6/15/2024,6,Drone (rice field)
04_Pekalongan04_Bojonglor02,Pekalongan,32749,109.596091,-6.959239,6/10/2024,2,Field Survey
04_Pekalongan04_Bojonglor02,Pekalongan,32749,109.595023,-6.958985,6/10/2024,2,Drone (50x50)
06_Kendal02_Pesawahan,Pekalongan,32749,110.171726,-6.975069,6/11/2024,6,Drone (rice field)
Susukan,Brebes_Tegal,32749,109.374673,-7.503531,6/11/2024,1,Drone (rice field)
Bajong,Brebes_Tegal,32749,109.412258,-7.426623,6/11/2024,4,Drone (rice field)
Jatiluhur,Brebes_Tegal,32749,109.449559,-7.595835,6/12/2024,2,Drone (rice field)
05_Kendal01_Dempelrejo,Pekalongan,32749,110.193476,-6.960635,6/11/2024,1,Drone (rice field)
Banjareja,Pekalongan,32749,109.522945,-7.725957,6/12/2024,6,Drone (rice field)
Bajong,Brebes_Tegal,32749,109.413128,-7.426912,6/11/2024,2,Drone (rice field)
Grumbuljurig,Brebes_Tegal,32749,109.294562,-7.426311,6/11/2024,2,Drone (rice field)
13_Kudus01_GarungKidul,Klambu,32749,110.80821,-6.813834,6/13/2024,3,Drone (rice field)
13_Kudus01_GarungKidul,Klambu,32749,110.8082,-6.813834,6/13/2024,3,Drone (rice field)
01_Pekalongan01_KuripanYosorejo,Pekalongan,32749,109.683253,-6.920866,6/10/2024,2,Drone (50x50)
24_Ungaran02_Lerep,Semarang_Demak,32749,110.39967,-7.123673,6/15/2024,6,Drone (rice field)
05_Kendal01_Dempelrejo,Pekalongan,32749,110.193943,-6.960363,6/11/2024,1,Drone (rice field)
Karang Turi,Brebes_Tegal,32749,109.209635,-7.649919,6/11/2024,2,Drone (rice field)
13_Kudus01_GarungKidul,Klambu,32749,110.808685,-6.81289,6/13/2024,3,Drone (rice field)
Pekuwon,Pekalongan,32749,109.55817,-7.638259,6/12/2024,2,Drone (rice field)
Bajong,Brebes_Tegal,32749,109.413357,-7.426526,6/11/2024,2,Drone (rice field)
Bajong,Brebes_Tegal,32749,109.413307,-7.42645,6/11/2024,2,Drone (rice field)
Banjareja,Pekalongan,32749,109.522913,-7.725027,6/12/2024,6,Drone (rice field)
Banjareja,Pekalongan,32749,109.524089,-7.724943,6/12/2024,6,Drone (rice field)
14_Kudus02_Payaman.tif,Klambu,32749,110.867929,-6.860441,6/13/2024,2,Drone (rice field)
23_Ungaran01a_Gogik,Semarang_Demak,32749,110.404389,-7.156603,6/15/2024,4,Drone (rice field)
04_Pekalongan04_Bojonglor02,Pekalongan,32749,109.595318,-6.959142,6/10/2024,2,Drone (50x50)
05_Kendal01_Dempelrejo,Pekalongan,32749,110.193931,-6.959279,6/11/2024,1,Drone (rice field)
23_Ungaran01_Gogik,Semarang_Demak,32749,110.403553,-7.161308,6/15/2024,2,Drone (rice field)
03_Pekalongan03_Bojonglor01,Pekalongan,32749,109.5979,-6.959697,6/10/2024,2,Field Survey
03_Pekalongan03_Bojonglor01,Pekalongan,32749,109.597921,-6.959617,6/10/2024,2,Drone (50x50)
Banjareja,Pekalongan,32749,109.524176,-7.724958,6/12/2024,6,Drone (rice field)
18_Kudus06_Gondoharum,Klambu,32749,110.963483,-6.810128,6/13/2024,4,Drone (rice field)
18_Kudus06_Gondoharum,Klambu,32749,110.963414,-6.810121,6/13/2024,4,Drone (rice field)
23_Ungaran01_Gogik,Semarang_Demak,32749,110.404015,-7.159122,6/15/2024,2,Drone (rice field)
23_Ungaran01_Gogik,Semarang_Demak,32749,110.403992,-7.159081,6/15/2024,2,Drone (rice field)
24_Ungaran02_Lerep,Semarang_Demak,32749,110.400715,-7.124171,6/15/2024,6,Drone (rice field)
Bajong,Brebes_Tegal,32749,109.412836,-7.426433,6/11/2024,2,Drone (rice field)
Pekuwon,Pekalongan,32749,109.55816,-7.638118,6/12/2024,2,Drone (rice field)
18_Kudus06_Gondoharum,Klambu,32749,110.963699,-6.809744,6/13/2024,4,Drone (rice field)
01_Pekalongan01_KuripanYosorejo,Pekalongan,32749,109.683888,-6.920644,6/10/2024,2,Drone (50x50)
06_Kendal02_Pesawahan,Pekalongan,32749,110.171726,-6.974617,6/11/2024,2,Drone (rice field)
09_Demak01_Kembangarum,Semarang_Demak,32749,110.538301,-7.036176,6/12/2024,4,Drone (rice field)
05_Kendal01_Dempelrejo,Pekalongan,32749,110.193706,-6.959769,6/11/2024,1,Drone (rice field)
05_Kendal01_Dempelrejo,Pekalongan,32749,110.193707,-6.959706,6/11/2024,1,Drone (rice field)
08_Kendal04_Ketapang,Pekalongan,32749,110.2192,-6.936751,6/11/2024,6,Drone (rice field)
13_Kudus01_GarungKidul,Klambu,32749,110.808617,-6.813341,6/13/2024,3,Drone (rice field)
24_Ungaran02_Lerep,Semarang_Demak,32749,110.400025,-7.123938,6/15/2024,2,Drone (rice field)
Jatibarang,Brebes_Tegal,32749,109.052599,-6.980821,6/10/2024,5,Field Survey
06_Kendal02_Pesawahan,Pekalongan,32749,110.171165,-6.974376,6/11/2024,5,Drone (rice field)
17_Kudus05_Tenggeles,Klambu,32749,110.910182,-6.811276,6/13/2024,2,Drone (rice field)
01_Pekalongan01_KuripanYosorejo,Pekalongan,32749,109.683355,-6.92029,6/10/2024,1,Drone (50x50)
08_Kendal04_Ketapang,Pekalongan,32749,110.218569,-6.938133,6/11/2024,6,Drone (rice field)
10_Demak02_Kalitengah,Semarang_Demak,32749,110.534281,-7.047604,6/12/2024,4,Drone (rice field)
Bocor,Pekalongan,32749,109.673531,-7.750404,6/12/2024,6,Drone (rice field)
24_Ungaran02_Lerep,Semarang_Demak,32749,110.400284,-7.124406,6/15/2024,5,Drone (rice field)
24_Ungaran02_Lerep,Semarang_Demak,32749,110.399751,-7.123094,6/15/2024,6,Drone (rice field)
08_Kendal04_Ketapang,Pekalongan,32749,110.218043,-6.937392,6/11/2024,6,Drone (rice field)
Karang Turi,Brebes_Tegal,32749,109.209034,-7.650307,6/11/2024,2,Drone (rice field)
Kembangsawit,Pekalongan,32749,109.725125,-7.731932,6/12/2024,2,Drone (rice field)
Kembangsawit,Pekalongan,32749,109.72514,-7.731975,6/12/2024,2,Drone (rice field)
13_Kudus01_GarungKidul,Klambu,32749,110.807758,-6.813382,6/13/2024,2,Drone (rice field)
15_Kudus03_Karangrowo,Klambu,32749,110.870391,-6.867332,6/13/2024,3,Drone (rice field)
08_Kendal04_Ketapang,Pekalongan,32749,110.219091,-6.937188,6/11/2024,1,Drone (rice field)
23_Ungaran01_Gogik,Semarang_Demak,32749,110.403571,-7.159482,6/15/2024,2,Drone (rice field)
01_Pekalongan01_KuripanYosorejo,Pekalongan,32749,109.683538,-6.920151,6/10/2024,1,Field Survey
06_Kendal02_Pesawahan,Pekalongan,32749,110.171415,-6.975368,6/11/2024,5,Drone (rice field)
01_Pekalongan01_KuripanYosorejo,Pekalongan,32749,109.683636,-6.920497,6/10/2024,1,Drone (50x50)
07_Kendal03_Bangunrejo,Pekalongan,32749,110.184135,-6.906004,6/11/2024,6,Drone (rice field)
Maos,Brebes_Tegal,32749,109.152732,-7.613814,6/11/2024,6,Drone (rice field)
18_Kudus06_Gondoharum,Klambu,32749,110.964703,-6.809047,6/13/2024,4,Drone (rice field)
23_Ungaran01_Gogik,Semarang_Demak,32749,110.403694,-7.159375,6/15/2024,2,Drone (rice field)
23_Ungaran01_Gogik,Semarang_Demak,32749,110.403732,-7.159308,6/15/2024,2,Drone (rice field)
08_Kendal04_Ketapang,Pekalongan,32749,110.218797,-6.936818,6/11/2024,6,Drone (rice field)
Pesuruhan,Brebes_Tegal,32749,109.488562,-7.714883,6/12/2024,6,Drone (rice field)
Pesuruhan,Brebes_Tegal,32749,109.488566,-7.714856,6/12/2024,6,Drone (rice field)
17_Kudus05_Tenggeles,Klambu,32749,110.909791,-6.812634,6/13/2024,2,Drone (rice field)
Bajong,Brebes_Tegal,32749,109.411588,-7.425957,6/11/2024,4,Drone (rice field)
13_Kudus01_GarungKidul,Klambu,32749,110.807758,-6.813834,6/13/2024,2,Drone (rice field)
13_Kudus01_GarungKidul,Klambu,32749,110.808253,-6.814013,6/13/2024,3,Drone (rice field)
18_Kudus06_Gondoharum,Klambu,32749,110.964356,-6.809181,6/13/2024,4,Drone (rice field)
24_Ungaran02_Lerep,Semarang_Demak,32749,110.400813,-7.123844,6/15/2024,4,Drone (rice field)
01_Pekalongan01_KuripanYosorejo,Pekalongan,32749,109.683081,-6.921506,6/10/2024,6,Field Survey
Bajong,Brebes_Tegal,32749,109.411611,-7.426361,6/11/2024,4,Drone (rice field)
Bajong,Brebes_Tegal,32749,109.412067,-7.426829,6/11/2024,4,Drone (rice field)
Bajong,Brebes_Tegal,32749,109.411608,-7.426306,6/11/2024,4,Drone (rice field)
Pekuwon,Pekalongan,32749,109.558346,-7.6392,6/12/2024,2,Drone (rice field)
23_Ungaran01_Gogik,Semarang_Demak,32749,110.403687,-7.160851,6/15/2024,5,Drone (rice field)
24_Ungaran02_Lerep,Semarang_Demak,32749,110.400624,-7.124205,6/15/2024,6,Drone (rice field)
03_Pekalongan03_Bojonglor01,Pekalongan,32749,109.597749,-6.961614,6/10/2024,2,Drone (50x50)
05_Kendal01_Dempelrejo,Pekalongan,32749,110.193794,-6.959474,6/11/2024,1,Drone (rice field)
Pesuruhan,Brebes_Tegal,32749,109.48856,-7.715336,6/12/2024,6,Drone (rice field)
18_Kudus06_Gondoharum,Klambu,32749,110.963812,-6.809559,6/13/2024,4,Drone (rice field)
23_Ungaran01_Gogik,Semarang_Demak,32749,110.403646,-7.161249,6/15/2024,2,Drone (rice field)
23_Ungaran01_Gogik,Semarang_Demak,32749,110.404084,-7.159784,6/15/2024,2,Drone (rice field)
23_Ungaran01_Gogik,Semarang_Demak,32749,110.404061,-7.159838,6/15/2024,2,Drone (rice field)
06_Kendal02_Pesawahan,Pekalongan,32749,110.170818,-6.975278,6/11/2024,5,Drone (rice field)
12_Demak04_Karanganyar,Semarang_Demak,32749,110.797436,-6.852364,6/12/2024,3,Drone (rice field)
18_Kudus06_Gondoharum,Klambu,32749,110.964161,-6.810282,6/13/2024,4,Drone (rice field)
18_Kudus06_Gondoharum,Klambu,32749,110.964211,-6.810227,6/13/2024,4,Drone (rice field)
23_Ungaran01_Gogik,Semarang_Demak,32749,110.40356,-7.160482,6/15/2024,3,Drone (rice field)
07_Kendal03_Bangunrejo,Pekalongan,32749,110.184519,-6.905444,6/11/2024,1,Drone (rice field)
07_Kendal03_Bangunrejo,Pekalongan,32749,110.184048,-6.906272,6/11/2024,1,Drone (rice field)
Bajong,Brebes_Tegal,32749,109.411668,-7.426859,6/11/2024,4,Drone (rice field)
01_Pekalongan01_KuripanYosorejo,Pekalongan,32749,109.684198,-6.921009,6/10/2024,2,Drone (50x50)
Jatibarang,Brebes_Tegal,32749,109.053655,-6.981258,6/10/2024,5,Drone (rice field)
05_Kendal01_Dempelrejo,Pekalongan,32749,110.194864,-6.959651,6/11/2024,1,Drone (rice field)
05_Kendal01_Dempelrejo,Pekalongan,32749,110.19364,-6.960139,6/11/2024,1,Drone (rice field)
05_Kendal01_Dempelrejo,Pekalongan,32749,110.19363,-6.960067,6/11/2024,1,Drone (rice field)
Kembangsawit,Pekalongan,32749,109.725897,-7.731576,6/12/2024,2,Drone (rice field)
Jatibarang,Brebes_Tegal,32749,109.052646,-6.980835,6/10/2024,5,Drone (rice field)
05_Kendal01_Dempelrejo,Pekalongan,32749,110.19393,-6.959731,6/11/2024,1,Drone (rice field)
06_Kendal02_Pesawahan,Pekalongan,32749,110.17168,-6.974952,6/11/2024,5,Drone (rice field)
06_Kendal02_Pesawahan,Pekalongan,32749,110.171866,-6.974941,6/11/2024,6,Drone (rice field)
06_Kendal02_Pesawahan,Pekalongan,32749,110.171686,-6.974914,6/11/2024,6,Drone (rice field)
11_Demak03_Cangkring,Semarang_Demak,32749,110.792067,-6.8603,6/12/2024,5,Drone (rice field)
Pekuwon,Pekalongan,32749,109.559351,-7.639039,6/12/2024,2,Drone (rice field)
23_Ungaran01_Gogik,Semarang_Demak,32749,110.404142,-7.159495,6/15/2024,3,Drone (rice field)
Jatibarang,Brebes_Tegal,32749,109.052637,-6.981069,6/10/2024,4,Drone (rice field)
05_Kendal01_Dempelrejo,Pekalongan,32749,110.194712,-6.960122,6/11/2024,1,Drone (rice field)
23_Ungaran01_Gogik,Semarang_Demak,32749,110.404081,-7.159728,6/15/2024,2,Drone (rice field)
02_Pekalongan02_Sokoduwet,Pekalongan,32749,109.688014,-6.929723,6/10/2024,1,Drone (50x50)
01_Pekalongan01_KuripanYosorejo,Pekalongan,32749,109.682493,-6.920148,6/10/2024,1,Drone (50x50)
12_Demak04_Karanganyar,Semarang_Demak,32749,110.796914,-6.85129,6/12/2024,3,Drone (rice field)
23_Ungaran01_Gogik,Semarang_Demak,32749,110.403354,-7.161077,6/15/2024,2,Drone (rice field)
23_Ungaran01_Gogik,Semarang_Demak,32749,110.403347,-7.161025,6/15/2024,2,Drone (rice field)
06_Kendal02_Pesawahan,Pekalongan,32749,110.171334,-6.974861,6/11/2024,6,Drone (rice field)
17_Kudus05_Tenggeles,Klambu,32749,110.910067,-6.810908,6/13/2024,2,Drone (rice field)
03_Pekalongan03_Bojonglor,Pekalongan,32749,109.59775,-6.960406,6/10/2024,3,Field Survey
03_Pekalongan03_Bojonglor01,Pekalongan,32749,109.597712,-6.960343,6/10/2024,3,Drone (50x50)
06_Kendal02_Pesawahan,Pekalongan,32749,110.170616,-6.974294,6/11/2024,5,Drone (rice field)
Bajong,Brebes_Tegal,32749,109.411431,-7.42683,6/11/2024,4,Drone (rice field)
11_Demak03_Cangkring,Semarang_Demak,32749,110.792804,-6.861319,6/12/2024,3,Drone (rice field)
23_Ungaran01_Gogik,Semarang_Demak,32749,110.403786,-7.159015,6/15/2024,2,Drone (rice field)
Maos,Brebes_Tegal,32749,109.151795,-7.614561,6/11/2024,6,Drone (rice field)
05_Kendal01_Dempelrejo,Pekalongan,32749,110.194245,-6.960954,6/11/2024,1,Drone (rice field)
05_Kendal01_Dempelrejo,Pekalongan,32749,110.194253,-6.960908,6/11/2024,1,Drone (rice field)
Banjareja,Pekalongan,32749,109.524198,-7.725997,6/12/2024,6,Drone (rice field)
Banjareja,Pekalongan,32749,109.524127,-7.725989,6/12/2024,6,Drone (rice field)
13_Kudus01_GarungKidul,Klambu,32749,110.807306,-6.812477,6/13/2024,2,Drone (rice field)
13_Kudus01_GarungKidul,Klambu,32749,110.806488,-6.81241,6/13/2024,3,Drone (rice field)
Jatibarang,Brebes_Tegal,32749,109.053623,-6.981083,6/10/2024,4,Drone (rice field)
05_Kendal01_Dempelrejo,Pekalongan,32749,110.194431,-6.960704,6/11/2024,1,Drone (rice field)
18_Kudus06_Gondoharum,Klambu,32749,110.964226,-6.810003,6/13/2024,4,Drone (rice field)
18_Kudus06_Gondoharum,Klambu,32749,110.96427,-6.809992,6/13/2024,4,Drone (rice field)
06_Kendal02_Pesawahan,Pekalongan,32749,110.170811,-6.975352,6/11/2024,5,Drone (rice field)
06_Kendal02_Pesawahan,Pekalongan,32749,110.170284,-6.974629,6/11/2024,2,Drone (rice field)
18_Kudus06_Gondoharum,Klambu,32749,110.964417,-6.810239,6/13/2024,4,Drone (rice field)
Pekuwon,Pekalongan,32749,109.558135,-7.639035,6/12/2024,2,Drone (rice field)
Jatiluhur,Brebes_Tegal,32749,109.44892,-7.5956,6/12/2024,2,Drone (rice field)
18_Kudus06_Gondoharum,Klambu,32749,110.96419,-6.809805,6/13/2024,4,Drone (rice field)
23_Ungaran01_Gogik,Semarang_Demak,32749,110.403681,-7.158851,6/15/2024,1,Drone (rice field)
14_Kudus02_Payaman.tif,Klambu,32749,110.86684,-6.860011,6/13/2024,2,Drone (rice field)
13_Kudus01_GarungKidul,Klambu,32749,110.806532,-6.811766,6/13/2024,3,Drone (rice field)
Bajong,Brebes_Tegal,32749,109.413922,-7.426614,6/11/2024,2,Drone (rice field)
Bajong,Brebes_Tegal,32749,109.413941,-7.426561,6/11/2024,2,Drone (rice field)
Bajong,Brebes_Tegal,32749,109.41391,-7.426553,6/11/2024,2,Drone (rice field)
18_Kudus06_Gondoharum,Klambu,32749,110.964661,-6.810582,6/13/2024,4,Drone (rice field)
18_Kudus06_Gondoharum,Klambu,32749,110.964615,-6.81058,6/13/2024,4,Drone (rice field)
01_Pekalongan01_KuripanYosorejo,Pekalongan,32749,109.682439,-6.921201,6/10/2024,1,Drone (50x50)
06_Kendal02_Pesawahan,Pekalongan,32749,110.171867,-6.975038,6/11/2024,5,Drone (rice field)
06_Kendal02_Pesawahan,Pekalongan,32749,110.171859,-6.97498,6/11/2024,5,Drone (rice field)
18_Kudus06_Gondoharum,Klambu,32749,110.963874,-6.809348,6/13/2024,4,Drone (rice field)
08_Kendal04_Ketapang,Pekalongan,32749,110.219313,-6.937613,6/11/2024,6,Drone (rice field)
06_Kendal02_Pesawahan,Pekalongan,32749,110.170242,-6.9744,6/11/2024,2,Drone (rice field)
05_Kendal01_Dempelrejo,Pekalongan,32749,110.195335,-6.958892,6/11/2024,1,Drone (rice field)
08_Kendal04_Ketapang,Pekalongan,32749,110.21928,-6.937604,6/11/2024,6,Drone (rice field)
18_Kudus06_Gondoharum,Klambu,32749,110.96418,-6.810001,6/13/2024,4,Drone (rice field)
23_Ungaran01_Gogik,Semarang_Demak,32749,110.403977,-7.160991,6/15/2024,6,Drone (rice field)
23_Ungaran01_Gogik,Semarang_Demak,32749,110.403971,-7.160944,6/15/2024,6,Drone (rice field)
03_Pekalongan03_Bojonglor01,Pekalongan,32749,109.597858,-6.961609,6/10/2024,2,Drone (50x50)
05_Kendal01_Dempelrejo,Pekalongan,32749,110.194249,-6.959147,6/11/2024,1,Drone (rice field)
18_Kudus06_Gondoharum,Klambu,32749,110.963545,-6.809523,6/13/2024,4,Drone (rice field)
23_Ungaran01_Gogik,Semarang_Demak,32749,110.403236,-7.161184,6/15/2024,2,Drone (rice field)
04_Pekalongan04_Bojonglor02,Pekalongan,32749,109.595166,-6.959155,6/10/2024,2,Drone (50x50)
05_Kendal01_Dempelrejo,Pekalongan,32749,110.193918,-6.958922,6/11/2024,1,Drone (rice field)
Bajong,Brebes_Tegal,32749,109.411546,-7.426041,6/11/2024,4,Drone (rice field)
18_Kudus06_Gondoharum,Klambu,32749,110.964571,-6.810575,6/13/2024,4,Drone (rice field)
18_Kudus06_Gondoharum,Klambu,32749,110.964527,-6.810572,6/13/2024,4,Drone (rice field)
18_Kudus06_Gondoharum,Klambu,32749,110.964485,-6.810568,6/13/2024,4,Drone (rice field)
18_Kudus06_Gondoharum,Klambu,32749,110.964419,-6.810563,6/13/2024,4,Drone (rice field)
23_Ungaran01_Gogik,Semarang_Demak,32749,110.403688,-7.159947,6/15/2024,3,Drone (rice field)
23_Ungaran01_Gogik,Semarang_Demak,32749,110.403701,-7.159968,6/15/2024,3,Drone (rice field)
Jatibarang,Brebes_Tegal,32749,109.053483,-6.981732,6/10/2024,5,Drone (rice field)
09_Demak01_Kembangarum,Semarang_Demak,32749,110.538774,-7.036996,6/12/2024,4,Drone (rice field)
Bajong,Brebes_Tegal,32749,109.411441,-7.426021,6/11/2024,4,Drone (rice field)
23_Ungaran01_Gogik,Semarang_Demak,32749,110.403979,-7.159984,6/15/2024,2,Drone (rice field)
23_Ungaran01_Gogik,Semarang_Demak,32749,110.404284,-7.159763,6/15/2024,3,Drone (rice field)
Bajong,Brebes_Tegal,32749,109.412335,-7.426351,6/11/2024,4,Drone (rice field)
Bocor,Pekalongan,32749,109.674001,-7.749248,6/12/2024,6,Drone (rice field)
Pekuwon,Pekalongan,32749,109.558146,-7.638301,6/12/2024,2,Drone (rice field)
Jatiluhur,Brebes_Tegal,32749,109.449278,-7.595859,6/12/2024,2,Drone (rice field)
01_Pekalongan01_KuripanYosorejo,Pekalongan,32749,109.682538,-6.920731,6/10/2024,2,Drone (50x50)
Jatibarang,Brebes_Tegal,32749,109.053799,-6.981265,6/10/2024,5,Drone (rice field)
05_Kendal01_Dempelrejo,Pekalongan,32749,110.193626,-6.960206,6/11/2024,1,Drone (rice field)
08_Kendal04_Ketapang,Pekalongan,32749,110.219613,-6.936957,6/11/2024,1,Drone (rice field)
23_Ungaran01_Gogik,Semarang_Demak,32749,110.403318,-7.161137,6/15/2024,2,Drone (rice field)
23_Ungaran01_Gogik,Semarang_Demak,32749,110.404113,-7.159227,6/15/2024,2,Drone (rice field)
06_Kendal02_Pesawahan,Pekalongan,32749,110.171907,-6.974651,6/11/2024,2,Drone (rice field)
05_Kendal01_Dempelrejo,Pekalongan,32749,110.194181,-6.96057,6/11/2024,1,Drone (rice field)
05_Kendal01_Dempelrejo,Pekalongan,32749,110.194217,-6.960512,6/11/2024,1,Drone (rice field)
18_Kudus06_Gondoharum,Klambu,32749,110.964296,-6.810219,6/13/2024,4,Drone (rice field)
,Semarang_Demak,32749,110.774528,-7.603194,6/14/2024,2,Drone (rice field)
10_Demak02_Kalitengah,Semarang_Demak,32749,110.534056,-7.047312,6/12/2024,4,Drone (rice field)
13_Kudus01_GarungKidul,Klambu,32749,110.805948,-6.812929,6/13/2024,3,Drone (rice field)
06_Kendal02_Pesawahan,Pekalongan,32749,110.170369,-6.974615,6/11/2024,2,Drone (rice field)
06_Kendal02_Pesawahan,Pekalongan,32749,110.172006,-6.97538,6/11/2024,1,Drone (rice field)
06_Kendal02_Pesawahan,Pekalongan,32749,110.17215,-6.974688,6/11/2024,2,Drone (rice field)
06_Kendal02_Pesawahan,Pekalongan,32749,110.170939,-6.974256,6/11/2024,5,Drone (rice field)
12_Demak04_Karanganyar,Semarang_Demak,32749,110.798239,-6.851371,6/12/2024,3,Drone (rice field)
12_Demak04_Karanganyar,Semarang_Demak,32749,110.798282,-6.851423,6/12/2024,3,Drone (rice field)
06_Kendal02_Pesawahan,Pekalongan,32749,110.171433,-6.975293,6/11/2024,1,Drone (rice field)
Banjareja,Pekalongan,32749,109.523155,-7.724434,6/12/2024,6,Drone (rice field)
04_Pekalongan04_Bojonglor02,Pekalongan,32749,109.594328,-6.959031,6/10/2024,2,Drone (50x50)
01_Pekalongan01_KuripanYosorejo,Pekalongan,32749,109.68335,-6.921752,6/10/2024,6,Drone (50x50)
17_Kudus05_Tenggeles,Klambu,32749,110.911424,-6.811694,6/13/2024,2,Drone (rice field)
02_Pekalongan02_Sokoduwet,Pekalongan,32749,109.687954,-6.929785,6/10/2024,1,Drone (50x50)
06_Kendal02_Pesawahan,Pekalongan,32749,110.170525,-6.975305,6/11/2024,5,Drone (rice field)
Maos,Brebes_Tegal,32749,109.152431,-7.614268,6/11/2024,5,Drone (rice field)
Maos,Brebes_Tegal,32749,109.152654,-7.613328,6/11/2024,6,Drone (rice field)
Bajong,Brebes_Tegal,32749,109.412006,-7.426108,6/11/2024,4,Drone (rice field)
05_Kendal01_Dempelrejo,Pekalongan,32749,110.194069,-6.959682,6/11/2024,1,Drone (rice field)
05_Kendal01_Dempelrejo,Pekalongan,32749,110.194071,-6.959618,6/11/2024,1,Drone (rice field)
Karang Turi,Brebes_Tegal,32749,109.209128,-7.65026,6/11/2024,2,Drone (rice field)
06_Kendal02_Pesawahan,Pekalongan,32749,110.171967,-6.975517,6/11/2024,5,Drone (rice field)
12_Demak04_Karanganyar,Semarang_Demak,32749,110.799083,-6.851111,6/12/2024,3,Drone (rice field)
18_Kudus06_Gondoharum,Klambu,32749,110.964091,-6.809999,6/13/2024,4,Drone (rice field)
10_Demak02_Kalitengah,Semarang_Demak,32749,110.535714,-7.046772,6/12/2024,4,Drone (rice field)
23_Ungaran01_Gogik,Semarang_Demak,32749,110.403537,-7.160571,6/15/2024,3,Drone (rice field)
06_Kendal02_Pesawahan,Pekalongan,32749,110.171959,-6.974408,6/11/2024,5,Drone (rice field)
05_Kendal01_Dempelrejo,Pekalongan,32749,110.194353,-6.960811,6/11/2024,1,Drone (rice field)
08_Kendal04_Ketapang,Pekalongan,32749,110.218955,-6.937433,6/11/2024,1,Drone (rice field)
Banjareja,Pekalongan,32749,109.524475,-7.725379,6/12/2024,6,Drone (rice field)
Banjareja,Pekalongan,32749,109.524403,-7.725368,6/12/2024,6,Drone (rice field)
23_Ungaran01_Gogik,Semarang_Demak,32749,110.404022,-7.160236,6/15/2024,6,Drone (rice field)
10_Demak02_Kalitengah,Semarang_Demak,32749,110.535765,-7.047002,6/12/2024,4,Drone (rice field)
Banjareja,Pekalongan,32749,109.523815,-7.72524,6/12/2024,6,Drone (rice field)
13_Kudus01_GarungKidul,Klambu,32749,110.806694,-6.812682,6/13/2024,2,Drone (rice field)
23_Ungaran01_Gogik,Semarang_Demak,32749,110.403966,-7.159904,6/15/2024,2,Drone (rice field)
Bajong,Brebes_Tegal,32749,109.411941,-7.426895,6/11/2024,4,Drone (rice field)
23_Ungaran01_Gogik,Semarang_Demak,32749,110.403896,-7.159818,6/15/2024,3,Drone (rice field)
23_Ungaran01_Gogik,Semarang_Demak,32749,110.403893,-7.159757,6/15/2024,3,Drone (rice field)
Jatibarang,Brebes_Tegal,32749,109.053279,-6.980757,6/10/2024,5,Drone (rice field)
06_Kendal02_Pesawahan,Pekalongan,32749,110.171237,-6.975263,6/11/2024,1,Drone (rice field)
09_Demak01_Kembangarum,Semarang_Demak,32749,110.539331,-7.03642,6/12/2024,4,Drone (rice field)
18_Kudus06_Gondoharum,Klambu,32749,110.965411,-6.809689,6/13/2024,4,Drone (rice field)
23_Ungaran01_Gogik,Semarang_Demak,32749,110.403469,-7.161125,6/15/2024,6,Drone (rice field)
23_Ungaran01_Gogik,Semarang_Demak,32749,110.403498,-7.160932,6/15/2024,6,Drone (rice field)
06_Kendal02_Pesawahan,Pekalongan,32749,110.171651,-6.975163,6/11/2024,5,Drone (rice field)
06_Kendal02_Pesawahan,Pekalongan,32749,110.170081,-6.974927,6/11/2024,5,Drone (rice field)
Bajong,Brebes_Tegal,32749,109.41192,-7.426562,6/11/2024,4,Drone (rice field)
Pekuwon,Pekalongan,32749,109.559846,-7.639348,6/12/2024,2,Drone (rice field)
Pekuwon,Pekalongan,32749,109.55987,-7.63886,6/12/2024,2,Drone (rice field)
Banjareja,Pekalongan,32749,109.523425,-7.725856,6/12/2024,6,Drone (rice field)
18_Kudus06_Gondoharum,Klambu,32749,110.964102,-6.809804,6/13/2024,4,Drone (rice field)
11_Demak03_Cangkring,Semarang_Demak,32749,110.791742,-6.860178,6/12/2024,5,Drone (rice field)
06_Kendal02_Pesawahan,Pekalongan,32749,110.172116,-6.974602,6/11/2024,5,Drone (rice field)
06_Kendal02_Pesawahan,Pekalongan,32749,110.172126,-6.974522,6/11/2024,5,Drone (rice field)
06_Kendal02_Pesawahan,Pekalongan,32749,110.172303,-6.97446,6/11/2024,5,Drone (rice field)
Bajong,Brebes_Tegal,32749,109.412592,-7.426315,6/11/2024,2,Drone (rice field)
13_Kudus01_GarungKidul,Klambu,32749,110.80821,-6.813382,6/13/2024,2,Drone (rice field)
09_Demak01_Kembangarum,Semarang_Demak,32749,110.539445,-7.035629,6/12/2024,4,Drone (rice field)
Pekuwon,Pekalongan,32749,109.559343,-7.639206,6/12/2024,2,Drone (rice field)
23_Ungaran01_Gogik,Semarang_Demak,32749,110.403445,-7.160728,6/15/2024,3,Drone (rice field)
23_Ungaran01_Gogik,Semarang_Demak,32749,110.403466,-7.160661,6/15/2024,3,Drone (rice field)
Bocor,Pekalongan,32749,109.673238,-7.750463,6/12/2024,6,Drone (rice field)
Banjareja,Pekalongan,32749,109.523544,-7.724472,6/12/2024,6,Drone (rice field)
Bajong,Brebes_Tegal,32749,109.413438,-7.426539,6/11/2024,2,Drone (rice field)
Bajong,Brebes_Tegal,32749,109.413398,-7.426532,6/11/2024,2,Drone (rice field)
Bajong,Brebes_Tegal,32749,109.412102,-7.426593,6/11/2024,4,Drone (rice field)
Bajong,Brebes_Tegal,32749,109.412022,-7.426591,6/11/2024,4,Drone (rice field)
13_Kudus01_GarungKidul,Klambu,32749,110.807757,-6.814286,6/13/2024,3,Drone (rice field)
18_Kudus06_Gondoharum,Klambu,32749,110.965073,-6.810425,6/13/2024,4,Drone (rice field)
06_Kendal02_Pesawahan,Pekalongan,32749,110.169947,-6.974906,6/11/2024,5,Drone (rice field)
05_Kendal01_Dempelrejo,Pekalongan,32749,110.193638,-6.960005,6/11/2024,1,Drone (rice field)
05_Kendal01_Dempelrejo,Pekalongan,32749,110.194209,-6.959269,6/11/2024,2,Drone (rice field)
Bocor,Pekalongan,32749,109.673849,-7.748828,6/12/2024,6,Drone (rice field)
05_Kendal01_Dempelrejo,Pekalongan,32749,110.194393,-6.95892,6/11/2024,1,Drone (rice field)
Karang Turi,Brebes_Tegal,32749,109.209788,-7.650533,6/11/2024,6,Drone (rice field)
23_Ungaran01_Gogik,Semarang_Demak,32749,110.404248,-7.159864,6/15/2024,3,Drone (rice field)
13_Kudus01_GarungKidul,Klambu,32749,110.806497,-6.813513,6/13/2024,2,Drone (rice field)
18_Kudus06_Gondoharum,Klambu,32749,110.964255,-6.810216,6/13/2024,4,Drone (rice field)
01_Pekalongan01_KuripanYosorejo,Pekalongan,32749,109.683131,-6.920515,6/10/2024,2,Drone (50x50)
06_Kendal02_Pesawahan,Pekalongan,32749,110.171921,-6.97449,6/11/2024,5,Drone (rice field)
23_Ungaran01_Gogik,Semarang_Demak,32749,110.403315,-7.160903,6/15/2024,2,Drone (rice field)
23_Ungaran01_Gogik,Semarang_Demak,32749,110.403357,-7.160874,6/15/2024,6,Drone (rice field)
06_Kendal02_Pesawahan,Pekalongan,32749,110.169978,-6.974696,6/11/2024,5,Drone (rice field)
06_Kendal02_Pesawahan,Pekalongan,32749,110.169984,-6.974663,6/11/2024,6,Drone (rice field)
06_Kendal02_Pesawahan,Pekalongan,32749,110.170729,-6.97431,6/11/2024,5,Drone (rice field)
Bajong,Brebes_Tegal,32749,109.411666,-7.426754,6/11/2024,4,Drone (rice field)
Bajong,Brebes_Tegal,32749,109.411867,-7.426285,6/11/2024,4,Drone (rice field)
04_Pekalongan04_Bojonglor02,Pekalongan,32749,109.595066,-6.959109,6/10/2024,6,Drone (50x50)
05_Kendal01_Dempelrejo,Pekalongan,32749,110.194638,-6.960828,6/11/2024,1,Drone (rice field)
24_Ungaran02_Lerep,Semarang_Demak,32749,110.399665,-7.123119,6/15/2024,6,Drone (rice field)
24_Ungaran02_Lerep,Semarang_Demak,32749,110.400565,-7.124213,6/15/2024,6,Drone (rice field)
13_Kudus01_GarungKidul,Klambu,32749,110.808221,-6.812623,6/13/2024,6,Drone (rice field)
18_Kudus06_Gondoharum,Klambu,32749,110.964336,-6.810203,6/13/2024,4,Drone (rice field)
23_Ungaran01_Gogik,Semarang_Demak,32749,110.403929,-7.160367,6/15/2024,6,Drone (rice field)
02_Pekalongan02_Sokoduwet,Pekalongan,32749,109.688487,-6.930113,6/10/2024,1,Field Survey
02_Pekalongan02_Sokoduwet,Pekalongan,32749,109.688503,-6.930117,6/10/2024,1,Drone (50x50)
06_Kendal02_Pesawahan,Pekalongan,32749,110.172134,-6.974434,6/11/2024,5,Drone (rice field)
05_Kendal01_Dempelrejo,Pekalongan,32749,110.194662,-6.959133,6/11/2024,1,Drone (rice field)
05_Kendal01_Dempelrejo,Pekalongan,32749,110.194682,-6.95907,6/11/2024,1,Drone (rice field)
13_Kudus01_GarungKidul,Klambu,32749,110.808599,-6.813149,6/13/2024,3,Drone (rice field)
06_Kendal02_Pesawahan,Pekalongan,32749,110.172345,-6.974637,6/11/2024,5,Drone (rice field)
18_Kudus06_Gondoharum,Klambu,32749,110.96417,-6.810157,6/13/2024,4,Drone (rice field)
24_Ungaran02_Lerep,Semarang_Demak,32749,110.400853,-7.123934,6/15/2024,4,Drone (rice field)
13_Kudus01_GarungKidul,Klambu,32749,110.806401,-6.812477,6/13/2024,3,Drone (rice field)
,Semarang_Demak,32749,110.613028,-7.434056,6/15/2024,2,Drone (rice field)
23_Ungaran01_Gogik,Semarang_Demak,32749,110.404041,-7.15948,6/15/2024,3,Drone (rice field)
23_Ungaran01_Gogik,Semarang_Demak,32749,110.404054,-7.159435,6/15/2024,3,Drone (rice field)
17_Kudus05_Tenggeles,Klambu,32749,110.910026,-6.81115,6/13/2024,2,Drone (rice field)
06_Kendal02_Pesawahan,Pekalongan,32749,110.171945,-6.975448,6/11/2024,5,Drone (rice field)
Grumbuljurig,Brebes_Tegal,32749,109.294658,-7.426463,6/11/2024,2,Drone (rice field)
18_Kudus06_Gondoharum,Klambu,32749,110.96414,-6.809889,6/13/2024,4,Drone (rice field)
01_Pekalongan01_KuripanYosorejo,Pekalongan,32749,109.682235,-6.921524,6/10/2024,6,Drone (50x50)
Susukan,Brebes_Tegal,32749,109.37549,-7.504896,6/11/2024,1,Drone (rice field)
Susukan,Brebes_Tegal,32749,109.375134,-7.504689,6/11/2024,1,Drone (rice field)
05_Kendal01_Dempelrejo,Pekalongan,32749,110.1942,-6.959068,6/11/2024,1,Drone (rice field)
10_Demak02_Kalitengah,Semarang_Demak,32749,110.535691,-7.048143,6/12/2024,4,Drone (rice field)
Jatiluhur,Brebes_Tegal,32749,109.450476,-7.594806,6/12/2024,2,Drone (rice field)
Jatibarang,Brebes_Tegal,32749,109.053264,-6.982135,6/10/2024,5,Drone (rice field)
Bocor,Pekalongan,32749,109.672627,-7.749598,6/12/2024,6,Drone (rice field)
13_Kudus01_GarungKidul,Klambu,32749,110.808103,-6.813959,6/13/2024,3,Drone (rice field)
23_Ungaran01_Gogik,Semarang_Demak,32749,110.403954,-7.160108,6/15/2024,2,Drone (rice field)
23_Ungaran01_Gogik,Semarang_Demak,32749,110.404022,-7.160069,6/15/2024,2,Drone (rice field)
23_Ungaran01_Gogik,Semarang_Demak,32749,110.403944,-7.160038,6/15/2024,2,Drone (rice field)
01_Pekalongan01_KuripanYosorejo,Pekalongan,32749,109.683619,-6.920338,6/10/2024,1,Drone (50x50)
06_Kendal02_Pesawahan,Pekalongan,32749,110.171206,-6.975409,6/11/2024,5,Drone (rice field)
06_Kendal02_Pesawahan,Pekalongan,32749,110.171217,-6.975338,6/11/2024,5,Drone (rice field)
10_Demak02_Kalitengah,Semarang_Demak,32749,110.534639,-7.047847,6/12/2024,4,Drone (rice field)
18_Kudus06_Gondoharum,Klambu,32749,110.965007,-6.809917,6/13/2024,4,Drone (rice field)
01_Pekalongan01_KuripanYosorejo,Pekalongan,32749,109.682615,-6.919998,6/10/2024,1,Drone (50x50)
Jatibarang,Brebes_Tegal,32749,109.053502,-6.981277,6/10/2024,5,Field Survey
06_Kendal02_Pesawahan,Pekalongan,32749,110.170105,-6.97468,6/11/2024,6,Drone (rice field)
11_Demak03_Cangkring,Semarang_Demak,32749,110.792023,-6.86124,6/12/2024,4,Drone (rice field)
23_Ungaran01_Gogik,Semarang_Demak,32749,110.40392,-7.159264,6/15/2024,2,Drone (rice field)
23_Ungaran01_Gogik,Semarang_Demak,32749,110.403918,-7.159223,6/15/2024,2,Drone (rice field)
13_Kudus01_GarungKidul,Klambu,32749,110.807523,-6.814123,6/13/2024,2,Drone (rice field)
17_Kudus05_Tenggeles,Klambu,32749,110.909573,-6.812507,6/13/2024,2,Drone (rice field)
13_Kudus01_GarungKidul,Klambu,32749,110.806844,-6.812839,6/13/2024,3,Drone (rice field)
06_Kendal02_Pesawahan,Pekalongan,32749,110.172106,-6.975537,6/11/2024,5,Drone (rice field)
05_Kendal01_Dempelrejo,Pekalongan,32749,110.194126,-6.95957,6/11/2024,1,Drone (rice field)
07_Kendal03_Bangunrejo,Pekalongan,32749,110.184337,-6.905274,6/11/2024,1,Drone (rice field)
10_Demak02_Kalitengah,Semarang_Demak,32749,110.534991,-7.047143,6/12/2024,4,Drone (rice field)
Banjareja,Pekalongan,32749,109.523371,-7.72586,6/12/2024,6,Drone (rice field)
Banjareja,Pekalongan,32749,109.523122,-7.725804,6/12/2024,6,Drone (rice field)
Banjareja,Pekalongan,32749,109.523059,-7.725792,6/12/2024,6,Drone (rice field)
01_Pekalongan01_KuripanYosorejo,Pekalongan,32749,109.682773,-6.92125,6/10/2024,1,Drone (50x50)
01_Pekalongan01_KuripanYosorejo,Pekalongan,32749,109.683926,-6.921182,6/10/2024,1,Drone (50x50)
08_Kendal04_Ketapang,Pekalongan,32749,110.219542,-6.937582,6/11/2024,6,Drone (rice field)
08_Kendal04_Ketapang,Pekalongan,32749,110.218925,-6.936604,6/11/2024,6,Drone (rice field)
Banjareja,Pekalongan,32749,109.523253,-7.724765,6/12/2024,6,Drone (rice field)
01_Pekalongan01_KuripanYosorejo,Pekalongan,32749,109.683905,-6.920391,6/10/2024,1,Drone (50x50)
05_Kendal01_Dempelrejo,Pekalongan,32749,110.19529,-6.959238,6/11/2024,1,Drone (rice field)
05_Kendal01_Dempelrejo,Pekalongan,32749,110.195276,-6.959167,6/11/2024,1,Drone (rice field)
Pekuwon,Pekalongan,32749,109.559598,-7.639435,6/12/2024,2,Drone (rice field)
02_Pekalongan02_Sokoduwet,Pekalongan,32749,109.688055,-6.929936,6/10/2024,1,Drone (50x50)
Maos,Brebes_Tegal,32749,109.152548,-7.614261,6/11/2024,5,Drone (rice field)
05_Kendal01_Dempelrejo,Pekalongan,32749,110.193616,-6.960269,6/11/2024,1,Drone (rice field)
13_Kudus01_GarungKidul,Klambu,32749,110.806632,-6.813613,6/13/2024,2,Drone (rice field)
01_Pekalongan01_KuripanYosorejo,Pekalongan,32749,109.682633,-6.920148,6/10/2024,1,Field Survey
17_Kudus05_Tenggeles,Klambu,32749,110.910219,-6.81104,6/13/2024,2,Drone (rice field)
05_Kendal01_Dempelrejo,Pekalongan,32749,110.19432,-6.960735,6/11/2024,1,Drone (rice field)
Maos,Brebes_Tegal,32749,109.152715,-7.614792,6/11/2024,6,Drone (rice field)
Maos,Brebes_Tegal,32749,109.151938,-7.614323,6/11/2024,6,Drone (rice field)
05_Kendal01_Dempelrejo,Pekalongan,32749,110.195272,-6.959299,6/11/2024,1,Drone (rice field)
04_Pekalongan04_Bojonglor02,Pekalongan,32749,109.595554,-6.960587,6/10/2024,2,Drone (50x50)
01_Pekalongan01_KuripanYosorejo,Pekalongan,32749,109.683041,-6.921289,6/10/2024,1,Drone (50x50)
05_Kendal01_Dempelrejo,Pekalongan,32749,110.194333,-6.959286,6/11/2024,2,Drone (rice field)
06_Kendal02_Pesawahan,Pekalongan,32749,110.171273,-6.975069,6/11/2024,5,Drone (rice field)
05_Kendal01_Dempelrejo,Pekalongan,32749,110.194924,-6.959602,6/11/2024,1,Drone (rice field)
05_Kendal01_Dempelrejo,Pekalongan,32749,110.194968,-6.959551,6/11/2024,1,Drone (rice field)
06_Kendal02_Pesawahan,Pekalongan,32749,110.170289,-6.97449,6/11/2024,6,Drone (rice field)
Kembangsawit,Pekalongan,32749,109.72575,-7.731805,6/12/2024,2,Drone (rice field)
13_Kudus01_GarungKidul,Klambu,32749,110.808553,-6.813491,6/13/2024,3,Drone (rice field)
05_Kendal01_Dempelrejo,Pekalongan,32749,110.194276,-6.958957,6/11/2024,1,Drone (rice field)
Bocor,Pekalongan,32749,109.674043,-7.750065,6/12/2024,6,Drone (rice field)
Kembangsawit,Pekalongan,32749,109.725793,-7.731923,6/12/2024,2,Drone (rice field)
Jatiluhur,Brebes_Tegal,32749,109.449273,-7.595788,6/12/2024,2,Drone (rice field)
Jatiluhur,Brebes_Tegal,32749,109.449272,-7.595727,6/12/2024,2,Drone (rice field)
23_Ungaran01_Gogik,Semarang_Demak,32749,110.404238,-7.158749,6/15/2024,5,Drone (rice field)
09_Demak01_Kembangarum,Semarang_Demak,32749,110.538278,-7.03546,6/12/2024,4,Drone (rice field)
13_Kudus01_GarungKidul,Klambu,32749,110.808091,-6.812715,6/13/2024,6,Drone (rice field)
18_Kudus06_Gondoharum,Klambu,32749,110.964174,-6.808987,6/13/2024,4,Drone (rice field)
03_Pekalongan03_Bojonglor01,Pekalongan,32749,109.598343,-6.959385,6/10/2024,1,Drone (50x50)
05_Kendal01_Dempelrejo,Pekalongan,32749,110.193932,-6.958827,6/11/2024,1,Drone (rice field)
05_Kendal01_Dempelrejo,Pekalongan,32749,110.19466,-6.960769,6/11/2024,1,Drone (rice field)
05_Kendal01_Dempelrejo,Pekalongan,32749,110.194686,-6.960715,6/11/2024,1,Drone (rice field)
05_Kendal01_Dempelrejo,Pekalongan,32749,110.193989,-6.958875,6/11/2024,1,Drone (rice field)
23_Ungaran01a_Gogik,Semarang_Demak,32749,110.404472,-7.156222,6/15/2024,3,Drone (rice field)
01_Pekalongan01_KuripanYosorejo,Pekalongan,32749,109.682227,-6.92101,6/10/2024,1,Drone (50x50)
06_Kendal02_Pesawahan,Pekalongan,32749,110.171726,-6.974373,6/11/2024,5,Drone (rice field)
10_Demak02_Kalitengah,Semarang_Demak,32749,110.535667,-7.048719,6/12/2024,4,Drone (rice field)
18_Kudus06_Gondoharum,Klambu,32749,110.964327,-6.810253,6/13/2024,4,Drone (rice field)
18_Kudus06_Gondoharum,Klambu,32749,110.964374,-6.810228,6/13/2024,4,Drone (rice field)
06_Kendal02_Pesawahan,Pekalongan,32749,110.17224,-6.975492,6/11/2024,5,Drone (rice field)
06_Kendal02_Pesawahan,Pekalongan,32749,110.17234,-6.974791,6/11/2024,6,Drone (rice field)
Maos,Brebes_Tegal,32749,109.152448,-7.61453,6/11/2024,5,Drone (rice field)
23_Ungaran01_Gogik,Semarang_Demak,32749,110.403688,-7.160399,6/15/2024,6,Drone (rice field)
23_Ungaran01_Gogik,Semarang_Demak,32749,110.404601,-7.159768,6/15/2024,2,Drone (rice field)
14_Kudus02_Payaman.tif,Klambu,32749,110.867579,-6.859178,6/13/2024,2,Drone (rice field)
Jatiluhur,Brebes_Tegal,32749,109.448807,-7.595479,6/12/2024,2,Drone (rice field)
18_Kudus06_Gondoharum,Klambu,32749,110.964465,-6.810201,6/13/2024,4,Drone (rice field)
Jatibarang,Brebes_Tegal,32749,109.05298,-6.981822,6/10/2024,3,Drone (rice field)
06_Kendal02_Pesawahan,Pekalongan,32749,110.170272,-6.975035,6/11/2024,6,Drone (rice field)
Karang Turi,Brebes_Tegal,32749,109.20971,-7.650677,6/11/2024,6,Drone (rice field)
Banjareja,Pekalongan,32749,109.522975,-7.724951,6/12/2024,6,Drone (rice field)
23_Ungaran01_Gogik,Semarang_Demak,32749,110.404369,-7.159213,6/15/2024,3,Drone (rice field)
03_Pekalongan03_Bojonglor01,Pekalongan,32749,109.598302,-6.959719,6/10/2024,1,Drone (50x50)
24_Ungaran02_Lerep,Semarang_Demak,32749,110.399817,-7.124083,6/15/2024,5,Drone (rice field)
01_Pekalongan01_KuripanYosorejo,Pekalongan,32749,109.683048,-6.920826,6/10/2024,2,Drone (50x50)
Maos,Brebes_Tegal,32749,109.152248,-7.614563,6/11/2024,5,Drone (rice field)
23_Ungaran01_Gogik,Semarang_Demak,32749,110.404091,-7.159552,6/15/2024,3,Drone (rice field)
04_Pekalongan04_Bojonglor02,Pekalongan,32749,109.595199,-6.959029,6/10/2024,2,Drone (50x50)
Maos,Brebes_Tegal,32749,109.152747,-7.614019,6/11/2024,6,Drone (rice field)
Banjareja,Pekalongan,32749,109.524095,-7.724345,6/12/2024,6,Drone (rice field)
13_Kudus01_GarungKidul,Klambu,32749,110.807886,-6.812437,6/13/2024,6,Drone (rice field)
08_Kendal04_Ketapang,Pekalongan,32749,110.219314,-6.936709,6/11/2024,6,Drone (rice field)
Jatiluhur,Brebes_Tegal,32749,109.44913,-7.595792,6/12/2024,2,Drone (rice field)
11_Demak03_Cangkring,Semarang_Demak,32749,110.792352,-6.860415,6/12/2024,2,Drone (rice field)
,Semarang_Demak,32749,110.770944,-7.499472,6/15/2024,4,Drone (rice field)
05_Kendal01_Dempelrejo,Pekalongan,32749,110.194384,-6.95928,6/11/2024,1,Drone (rice field)
10_Demak02_Kalitengah,Semarang_Demak,32749,110.535526,-7.048923,6/12/2024,4,Drone (rice field)
03_Pekalongan03_Bojonglor01,Pekalongan,32749,109.597756,-6.960932,6/10/2024,6,Drone (50x50)
Banjareja,Pekalongan,32749,109.523034,-7.726006,6/12/2024,6,Drone (rice field)
Banjareja,Pekalongan,32749,109.522985,-7.725979,6/12/2024,6,Drone (rice field)
Banjareja,Pekalongan,32749,109.522959,-7.725772,6/12/2024,6,Drone (rice field)
06_Kendal02_Pesawahan,Pekalongan,32749,110.172171,-6.975405,6/11/2024,1,Drone (rice field)
Bajong,Brebes_Tegal,32749,109.412317,-7.426627,6/11/2024,4,Drone (rice field)
Banjareja,Pekalongan,32749,109.52343,-7.7245,6/12/2024,6,Drone (rice field)
10_Demak02_Kalitengah,Semarang_Demak,32749,110.536056,-7.047093,6/12/2024,4,Drone (rice field)
09_Demak01_Kembangarum,Semarang_Demak,32749,110.539127,-7.035915,6/12/2024,4,Drone (rice field)
Banjareja,Pekalongan,32749,109.523473,-7.724464,6/12/2024,6,Drone (rice field)
23_Ungaran01_Gogik,Semarang_Demak,32749,110.404002,-7.161128,6/15/2024,6,Drone (rice field)
05_Kendal01_Dempelrejo,Pekalongan,32749,110.193572,-6.960584,6/11/2024,1,Drone (rice field)
Maos,Brebes_Tegal,32749,109.152216,-7.614225,6/11/2024,2,Drone (rice field)
13_Kudus01_GarungKidul,Klambu,32749,110.805948,-6.812477,6/13/2024,3,Drone (rice field)
03_Pekalongan03_Bojonglor01,Pekalongan,32749,109.597569,-6.96123,6/10/2024,6,Drone (50x50)
Maos,Brebes_Tegal,32749,109.151963,-7.613826,6/11/2024,5,Drone (rice field)
05_Kendal01_Dempelrejo,Pekalongan,32749,110.193744,-6.95959,6/11/2024,1,Drone (rice field)
05_Kendal01_Dempelrejo,Pekalongan,32749,110.193742,-6.959523,6/11/2024,1,Drone (rice field)
13_Kudus01_GarungKidul,Klambu,32749,110.806782,-6.812769,6/13/2024,2,Drone (rice field)
03_Pekalongan03_Bojonglor01,Pekalongan,32749,109.598353,-6.959698,6/10/2024,1,Field Survey
08_Kendal04_Ketapang,Pekalongan,32749,110.218526,-6.936519,6/11/2024,6,Drone (rice field)
Bocor,Pekalongan,32749,109.673118,-7.749584,6/12/2024,6,Drone (rice field)
17_Kudus05_Tenggeles,Klambu,32749,110.909776,-6.811232,6/13/2024,2,Drone (rice field)
08_Kendal04_Ketapang,Pekalongan,32749,110.219167,-6.937622,6/11/2024,6,Drone (rice field)
Bajong,Brebes_Tegal,32749,109.412014,-7.426814,6/11/2024,4,Drone (rice field)
Bajong,Brebes_Tegal,32749,109.411952,-7.426805,6/11/2024,4,Drone (rice field)
23_Ungaran01_Gogik,Semarang_Demak,32749,110.40384,-7.159846,6/15/2024,3,Drone (rice field)
01_Pekalongan01_KuripanYosorejo,Pekalongan,32749,109.683636,-6.921136,6/10/2024,1,Drone (50x50)
Bocor,Pekalongan,32749,109.673562,-7.749386,6/12/2024,6,Drone (rice field)
13_Kudus01_GarungKidul,Klambu,32749,110.80665,-6.812492,6/13/2024,2,Drone (rice field)
01_Pekalongan01_KuripanYosorejo,Pekalongan,32749,109.682631,-6.920601,6/10/2024,2,Field Survey
01_Pekalongan01_KuripanYosorejo,Pekalongan,32749,109.682642,-6.920607,6/10/2024,2,Drone (50x50)
10_Demak02_Kalitengah,Semarang_Demak,32749,110.534918,-7.048584,6/12/2024,4,Drone (rice field)
05_Kendal01_Dempelrejo,Pekalongan,32749,110.193724,-6.959648,6/11/2024,1,Drone (rice field)
Banjareja,Pekalongan,32749,109.52321,-7.725112,6/12/2024,6,Drone (rice field)
Banjareja,Pekalongan,32749,109.524002,-7.724337,6/12/2024,6,Drone (rice field)
,Semarang_Demak,32749,110.699944,-7.644528,6/14/2024,6,Drone (rice field)
23_Ungaran01_Gogik,Semarang_Demak,32749,110.404004,-7.161059,6/15/2024,6,Drone (rice field)
23_Ungaran01_Gogik,Semarang_Demak,32749,110.40396,-7.159302,6/15/2024,2,Drone (rice field)
Jatibarang,Brebes_Tegal,32749,109.053701,-6.980913,6/10/2024,5,Drone (rice field)
06_Kendal02_Pesawahan,Pekalongan,32749,110.170121,-6.974606,6/11/2024,2,Drone (rice field)
18_Kudus06_Gondoharum,Klambu,32749,110.964476,-6.809021,6/13/2024,4,Drone (rice field)
Jatibarang,Brebes_Tegal,32749,109.053822,-6.980921,6/10/2024,5,Drone (rice field)
06_Kendal02_Pesawahan,Pekalongan,32749,110.171823,-6.975352,6/11/2024,1,Drone (rice field)
23_Ungaran01a_Gogik,Semarang_Demak,32749,110.404172,-7.159375,6/15/2024,3,Drone (rice field)
23_Ungaran01_Gogik,Semarang_Demak,32749,110.403496,-7.161054,6/15/2024,6,Drone (rice field)
23_Ungaran01_Gogik,Semarang_Demak,32749,110.404122,-7.159346,6/15/2024,3,Drone (rice field)
24_Ungaran02_Lerep,Semarang_Demak,32749,110.399642,-7.123417,6/15/2024,6,Drone (rice field)
08_Kendal04_Ketapang,Pekalongan,32749,110.219766,-6.937162,6/11/2024,6,Drone (rice field)
17_Kudus05_Tenggeles,Klambu,32749,110.910025,-6.812055,6/13/2024,2,Drone (rice field)
18_Kudus06_Gondoharum,Klambu,32749,110.964328,-6.809999,6/13/2024,4,Drone (rice field)
10_Demak02_Kalitengah,Semarang_Demak,32749,110.535814,-7.047877,6/12/2024,4,Drone (rice field)
23_Ungaran01_Gogik,Semarang_Demak,32749,110.403769,-7.160782,6/15/2024,5,Drone (rice field)
23_Ungaran01_Gogik,Semarang_Demak,32749,110.404186,-7.160728,6/15/2024,6,Drone (rice field)
23_Ungaran01_Gogik,Semarang_Demak,32749,110.404185,-7.160665,6/15/2024,6,Drone (rice field)
Maos,Brebes_Tegal,32749,109.152723,-7.614265,6/11/2024,6,Drone (rice field)
23_Ungaran01_Gogik,Semarang_Demak,32749,110.403931,-7.161254,6/15/2024,5,Drone (rice field)
13_Kudus01_GarungKidul,Klambu,32749,110.807995,-6.814061,6/13/2024,3,Drone (rice field)
23_Ungaran01_Gogik,Semarang_Demak,32749,110.403719,-7.161136,6/15/2024,5,Drone (rice field)
23_Ungaran01_Gogik,Semarang_Demak,32749,110.403744,-7.159423,6/15/2024,2,Drone (rice field)
01_Pekalongan01_KuripanYosorejo,Pekalongan,32749,109.683614,-6.921386,6/10/2024,1,Drone (50x50)
01_Pekalongan01_KuripanYosorejo,Pekalongan,32749,109.68263,-6.921053,6/10/2024,1,Field Survey
13_Kudus01_GarungKidul,Klambu,32749,110.808475,-6.813269,6/13/2024,3,Drone (rice field)
23_Ungaran01_Gogik,Semarang_Demak,32749,110.403714,-7.15889,6/15/2024,1,Drone (rice field)
08_Kendal04_Ketapang,Pekalongan,32749,110.218861,-6.93716,6/11/2024,6,Drone (rice field)
08_Kendal04_Ketapang,Pekalongan,32749,110.218864,-6.937227,6/11/2024,6,Drone (rice field)
23_Ungaran01a_Gogik,Semarang_Demak,32749,110.404044,-7.159947,6/15/2024,2,Drone (rice field)
23_Ungaran01_Gogik,Semarang_Demak,32749,110.404056,-7.16002,6/15/2024,2,Drone (rice field)
23_Ungaran01_Gogik,Semarang_Demak,32749,110.404073,-7.159964,6/15/2024,2,Drone (rice field)
23_Ungaran01_Gogik,Semarang_Demak,32749,110.40383,-7.159546,6/15/2024,3,Drone (rice field)
23_Ungaran01_Gogik,Semarang_Demak,32749,110.404635,-7.160161,6/15/2024,4,Drone (rice field)
23_Ungaran01_Gogik,Semarang_Demak,32749,110.404154,-7.159626,6/15/2024,3,Drone (rice field)
05_Kendal01_Dempelrejo,Pekalongan,32749,110.194713,-6.960656,6/11/2024,1,Drone (rice field)
12_Demak04_Karanganyar,Semarang_Demak,32749,110.797334,-6.851823,6/12/2024,3,Drone (rice field)
23_Ungaran01_Gogik,Semarang_Demak,32749,110.404166,-7.159998,6/15/2024,3,Drone (rice field)
Jatibarang,Brebes_Tegal,32749,109.052823,-6.982463,6/10/2024,4,Drone (rice field)
Maos,Brebes_Tegal,32749,109.151986,-7.613635,6/11/2024,5,Drone (rice field)
Pekuwon,Pekalongan,32749,109.558453,-7.638566,6/12/2024,2,Drone (rice field)
Karang Turi,Brebes_Tegal,32749,109.209794,-7.650675,6/11/2024,6,Drone (rice field)
23_Ungaran01_Gogik,Semarang_Demak,32749,110.403708,-7.161084,6/15/2024,5,Drone (rice field)
23_Ungaran01_Gogik,Semarang_Demak,32749,110.403694,-7.161023,6/15/2024,5,Drone (rice field)
Jatibarang,Brebes_Tegal,32749,109.053413,-6.9813,6/10/2024,5,Field Survey
Kembangsawit,Pekalongan,32749,109.72588,-7.733055,6/12/2024,2,Drone (rice field)
06_Kendal02_Pesawahan,Pekalongan,32749,110.171049,-6.975073,6/11/2024,5,Drone (rice field)
06_Kendal02_Pesawahan,Pekalongan,32749,110.172177,-6.975522,6/11/2024,5,Drone (rice field)
06_Kendal02_Pesawahan,Pekalongan,32749,110.172247,-6.975557,6/11/2024,5,Drone (rice field)
24_Ungaran02_Lerep,Semarang_Demak,32749,110.400246,-7.124165,6/15/2024,5,Drone (rice field)
Jatibarang,Brebes_Tegal,32749,109.052651,-6.980709,6/10/2024,5,Drone (rice field)
Jatibarang,Brebes_Tegal,32749,109.052658,-6.980632,6/10/2024,5,Drone (rice field)
Bocor,Pekalongan,32749,109.673931,-7.749236,6/12/2024,6,Drone (rice field)
Banjareja,Pekalongan,32749,109.522912,-7.725729,6/12/2024,6,Drone (rice field)
24_Ungaran02_Lerep,Semarang_Demak,32749,110.400421,-7.123218,6/15/2024,6,Drone (rice field)
Karang Turi,Brebes_Tegal,32749,109.209641,-7.650517,6/11/2024,1,Drone (rice field)
Karang Turi,Brebes_Tegal,32749,109.209704,-7.650533,6/11/2024,6,Drone (rice field)
Banjareja,Pekalongan,32749,109.524639,-7.724724,6/12/2024,6,Drone (rice field)
01_Pekalongan01_KuripanYosorejo,Pekalongan,32749,109.682667,-6.920437,6/10/2024,2,Drone (50x50)
08_Kendal04_Ketapang,Pekalongan,32749,110.21887,-6.938385,6/11/2024,6,Drone (rice field)
,Klambu,32749,110.957806,-6.862114,6/13/2024,2,Drone (rice field)
13_Kudus01_GarungKidul,Klambu,32749,110.806853,-6.813382,6/13/2024,2,Drone (rice field)
23_Ungaran01_Gogik,Semarang_Demak,32749,110.403568,-7.159817,6/15/2024,3,Drone (rice field)
Banjareja,Pekalongan,32749,109.524336,-7.724503,6/12/2024,6,Drone (rice field)
18_Kudus06_Gondoharum,Klambu,32749,110.963555,-6.809331,6/13/2024,4,Drone (rice field)
23_Ungaran01_Gogik,Semarang_Demak,32749,110.403921,-7.161169,6/15/2024,5,Drone (rice field)
06_Kendal02_Pesawahan,Pekalongan,32749,110.172179,-6.974618,6/11/2024,5,Drone (rice field)
23_Ungaran01_Gogik,Semarang_Demak,32749,110.404288,-7.160999,6/15/2024,6,Drone (rice field)
05_Kendal01_Dempelrejo,Pekalongan,32749,110.194095,-6.959496,6/11/2024,1,Drone (rice field)
05_Kendal01_Dempelrejo,Pekalongan,32749,110.194099,-6.959431,6/11/2024,1,Drone (rice field)
Bajong,Brebes_Tegal,32749,109.412145,-7.42683,6/11/2024,4,Drone (rice field)
10_Demak02_Kalitengah,Semarang_Demak,32749,110.535536,-7.047845,6/12/2024,4,Drone (rice field)
23_Ungaran01_Gogik,Semarang_Demak,32749,110.403812,-7.16064,6/15/2024,6,Drone (rice field)
23_Ungaran01_Gogik,Semarang_Demak,32749,110.403792,-7.160573,6/15/2024,6,Drone (rice field)
23_Ungaran01_Gogik,Semarang_Demak,32749,110.404285,-7.159657,6/15/2024,3,Drone (rice field)
Bocor,Pekalongan,32749,109.673674,-7.749376,6/12/2024,6,Drone (rice field)
Banjareja,Pekalongan,32749,109.523714,-7.724307,6/12/2024,6,Drone (rice field)
10_Demak02_Kalitengah,Semarang_Demak,32749,110.535987,-7.047841,6/12/2024,4,Drone (rice field)
13_Kudus01_GarungKidul,Klambu,32749,110.807377,-6.813336,6/13/2024,2,Drone (rice field)
Bajong,Brebes_Tegal,32749,109.411772,-7.426775,6/11/2024,4,Drone (rice field)
23_Ungaran01_Gogik,Semarang_Demak,32749,110.404317,-7.159313,6/15/2024,3,Drone (rice field)
03_Pekalongan03_Bojonglor01,Pekalongan,32749,109.597668,-6.961251,6/10/2024,6,Drone (50x50)
Jatiluhur,Brebes_Tegal,32749,109.448671,-7.595389,6/12/2024,2,Drone (rice field)
,Semarang_Demak,32749,110.699417,-7.645056,6/14/2024,5,Drone (rice field)
18_Kudus06_Gondoharum,Klambu,32749,110.964418,-6.809809,6/13/2024,4,Drone (rice field)
Banjareja,Pekalongan,32749,109.524517,-7.725998,6/12/2024,6,Drone (rice field)
13_Kudus01_GarungKidul,Klambu,32749,110.80821,-6.81293,6/13/2024,6,Drone (rice field)
03_Pekalongan03_Bojonglor01,Pekalongan,32749,109.598207,-6.959695,6/10/2024,1,Drone (50x50)
Bajong,Brebes_Tegal,32749,109.412286,-7.426848,6/11/2024,4,Drone (rice field)
Bajong,Brebes_Tegal,32749,109.412224,-7.426842,6/11/2024,4,Drone (rice field)
10_Demak02_Kalitengah,Semarang_Demak,32749,110.534771,-7.048359,6/12/2024,4,Drone (rice field)
23_Ungaran01_Gogik,Semarang_Demak,32749,110.404712,-7.159978,6/15/2024,4,Drone (rice field)
24_Ungaran02_Lerep,Semarang_Demak,32749,110.399817,-7.123917,6/15/2024,6,Drone (rice field)
09_Demak01_Kembangarum,Semarang_Demak,32749,110.539657,-7.035457,6/12/2024,4,Drone (rice field)
23_Ungaran01_Gogik,Semarang_Demak,32749,110.403588,-7.159498,6/15/2024,2,Drone (rice field)
03_Pekalongan03_Bojonglor01,Pekalongan,32749,109.597905,-6.960969,6/10/2024,6,Drone (50x50)
10_Demak02_Kalitengah,Semarang_Demak,32749,110.534215,-7.047932,6/12/2024,4,Drone (rice field)
13_Kudus01_GarungKidul,Klambu,32749,110.807529,-6.813123,6/13/2024,6,Drone (rice field)
23_Ungaran01_Gogik,Semarang_Demak,32749,110.404041,-7.159891,6/15/2024,2,Drone (rice field)
06_Kendal02_Pesawahan,Pekalongan,32749,110.172224,-6.974914,6/11/2024,2,Drone (rice field)
23_Ungaran01_Gogik,Semarang_Demak,32749,110.404089,-7.160424,6/15/2024,6,Drone (rice field)
24_Ungaran02_Lerep,Semarang_Demak,32749,110.399984,-7.123189,6/15/2024,6,Drone (rice field)
01_Pekalongan01_KuripanYosorejo,Pekalongan,32749,109.68275,-6.920536,6/10/2024,2,Field Survey
01_Pekalongan01_KuripanYosorejo,Pekalongan,32749,109.682202,-6.921166,6/10/2024,1,Drone (50x50)
05_Kendal01_Dempelrejo,Pekalongan,32749,110.194249,-6.959409,6/11/2024,1,Drone (rice field)
23_Ungaran01_Gogik,Semarang_Demak,32749,110.403898,-7.160096,6/15/2024,2,Drone (rice field)
23_Ungaran01_Gogik,Semarang_Demak,32749,110.40389,-7.160034,6/15/2024,2,Drone (rice field)
06_Kendal02_Pesawahan,Pekalongan,32749,110.172307,-6.975424,6/11/2024,1,Drone (rice field)
18_Kudus06_Gondoharum,Klambu,32749,110.964597,-6.809467,6/13/2024,4,Drone (rice field)
05_Kendal01_Dempelrejo,Pekalongan,32749,110.194133,-6.959311,6/11/2024,1,Drone (rice field)
,Semarang_Demak,32749,110.613972,-7.755722,6/14/2024,2,Drone (rice field)
10_Demak02_Kalitengah,Semarang_Demak,32749,110.534668,-7.047932,6/12/2024,4,Drone (rice field)
10_Demak02_Kalitengah,Semarang_Demak,32749,110.534717,-7.047946,6/12/2024,4,Drone (rice field)
03_Pekalongan03_Bojonglor01,Pekalongan,32749,109.598061,-6.961182,6/10/2024,6,Drone (50x50)
23_Ungaran01_Gogik,Semarang_Demak,32749,110.4038,-7.160372,6/15/2024,6,Drone (rice field)
23_Ungaran01_Gogik,Semarang_Demak,32749,110.403763,-7.160316,6/15/2024,6,Drone (rice field)
08_Kendal04_Ketapang,Pekalongan,32749,110.219091,-6.937504,6/11/2024,6,Drone (rice field)
23_Ungaran01_Gogik,Semarang_Demak,32749,110.403689,-7.159494,6/15/2024,3,Drone (rice field)
23_Ungaran01_Gogik,Semarang_Demak,32749,110.40372,-7.159524,6/15/2024,3,Drone (rice field)
23_Ungaran01_Gogik,Semarang_Demak,32749,110.403676,-7.159496,6/15/2024,3,Drone (rice field)
08_Kendal04_Ketapang,Pekalongan,32749,110.218528,-6.937209,6/11/2024,6,Drone (rice field)
24_Ungaran02_Lerep,Semarang_Demak,32749,110.399661,-7.123308,6/15/2024,6,Drone (rice field)
24_Ungaran02_Lerep,Semarang_Demak,32749,110.399672,-7.12331,6/15/2024,6,Drone (rice field)
08_Kendal04_Ketapang,Pekalongan,32749,110.219616,-6.937464,6/11/2024,6,Drone (rice field)
Maos,Brebes_Tegal,32749,109.151954,-7.614691,6/11/2024,6,Drone (rice field)
Banjareja,Pekalongan,32749,109.523293,-7.724441,6/12/2024,6,Drone (rice field)
Jatibarang,Brebes_Tegal,32749,109.05348,-6.981246,6/10/2024,5,Drone (rice field)
02_Pekalongan02_Sokoduwet,Pekalongan,32749,109.688208,-6.930097,6/10/2024,1,Drone (50x50)
02_Pekalongan02_Sokoduwet,Pekalongan,32749,109.688223,-6.929965,6/10/2024,1,Drone (50x50)
01_Pekalongan01_KuripanYosorejo,Pekalongan,32749,109.682454,-6.920294,6/10/2024,1,Drone (50x50)
Maos,Brebes_Tegal,32749,109.152703,-7.614112,6/11/2024,6,Drone (rice field)
09_Demak01_Kembangarum,Semarang_Demak,32749,110.537397,-7.035271,6/12/2024,4,Drone (rice field)
09_Demak01_Kembangarum,Semarang_Demak,32749,110.537391,-7.035256,6/12/2024,4,Drone (rice field)
Pekuwon,Pekalongan,32749,109.559761,-7.639385,6/12/2024,2,Drone (rice field)
Pekuwon,Pekalongan,32749,109.558148,-7.638539,6/12/2024,2,Drone (rice field)
17_Kudus05_Tenggeles,Klambu,32749,110.910124,-6.812447,6/13/2024,2,Drone (rice field)
01_Pekalongan01_KuripanYosorejo,Pekalongan,32749,109.683328,-6.921158,6/10/2024,1,Drone (50x50)
06_Kendal02_Pesawahan,Pekalongan,32749,110.17024,-6.974871,6/11/2024,5,Drone (rice field)
06_Kendal02_Pesawahan,Pekalongan,32749,110.170251,-6.974795,6/11/2024,5,Drone (rice field)
,Semarang_Demak,32749,110.70425,-7.484889,6/15/2024,2,Drone (rice field)
Kembangsawit,Pekalongan,32749,109.725734,-7.73305,6/12/2024,2,Drone (rice field)
23_Ungaran01_Gogik,Semarang_Demak,32749,110.40403,-7.15939,6/15/2024,3,Drone (rice field)
02_Pekalongan02_Sokoduwet,Pekalongan,32749,109.688344,-6.930134,6/10/2024,1,Drone (50x50)
Banjareja,Pekalongan,32749,109.523063,-7.72508,6/12/2024,6,Drone (rice field)
01_Pekalongan01_KuripanYosorejo,Pekalongan,32749,109.682882,-6.92065,6/10/2024,2,Drone (50x50)
18_Kudus06_Gondoharum,Klambu,32749,110.963422,-6.809348,6/13/2024,4,Drone (rice field)
24_Ungaran02_Lerep,Semarang_Demak,32749,110.400081,-7.123139,6/15/2024,6,Drone (rice field)
18_Kudus06_Gondoharum,Klambu,32749,110.964479,-6.809919,6/13/2024,4,Drone (rice field)
03_Pekalongan03_Bojonglor01,Pekalongan,32749,109.598251,-6.96048,6/10/2024,1,Drone (50x50)
,Semarang_Demak,32749,110.704167,-7.484778,6/15/2024,3,Drone (rice field)
23_Ungaran01_Gogik,Semarang_Demak,32749,110.403814,-7.160255,6/15/2024,6,Drone (rice field)
23_Ungaran01_Gogik,Semarang_Demak,32749,110.40381,-7.160206,6/15/2024,6,Drone (rice field)
Karang Turi,Brebes_Tegal,32749,109.209388,-7.650541,6/11/2024,2,Drone (rice field)
10_Demak02_Kalitengah,Semarang_Demak,32749,110.535121,-7.047028,6/12/2024,4,Drone (rice field)
01_Pekalongan01_KuripanYosorejo,Pekalongan,32749,109.682911,-6.920213,6/10/2024,1,Drone (50x50)
Jatibarang,Brebes_Tegal,32749,109.053137,-6.980657,6/10/2024,5,Drone (rice field)
05_Kendal01_Dempelrejo,Pekalongan,32749,110.194278,-6.959025,6/11/2024,1,Drone (rice field)
24_Ungaran02_Lerep,Semarang_Demak,32749,110.400374,-7.123119,6/15/2024,6,Drone (rice field)
Jatibarang,Brebes_Tegal,32749,109.053379,-6.980669,6/10/2024,5,Drone (rice field)
Bajong,Brebes_Tegal,32749,109.411796,-7.426877,6/11/2024,4,Drone (rice field)
06_Kendal02_Pesawahan,Pekalongan,32749,110.171791,-6.975492,6/11/2024,5,Drone (rice field)
06_Kendal02_Pesawahan,Pekalongan,32749,110.171792,-6.975424,6/11/2024,5,Drone (rice field)
24_Ungaran02_Lerep,Semarang_Demak,32749,110.400428,-7.123904,6/15/2024,2,Drone (rice field)
01_Pekalongan01_KuripanYosorejo,Pekalongan,32749,109.682654,-6.920526,6/10/2024,2,Drone (50x50)
Banjareja,Pekalongan,32749,109.524598,-7.725412,6/12/2024,6,Drone (rice field)
Banjareja,Pekalongan,32749,109.523929,-7.724329,6/12/2024,6,Drone (rice field)
06_Kendal02_Pesawahan,Pekalongan,32749,110.171332,-6.974959,6/11/2024,5,Drone (rice field)
06_Kendal02_Pesawahan,Pekalongan,32749,110.171334,-6.9749,6/11/2024,5,Drone (rice field)
Karang Turi,Brebes_Tegal,32749,109.209188,-7.650515,6/11/2024,2,Drone (rice field)
Karang Turi,Brebes_Tegal,32749,109.209197,-7.650572,6/11/2024,2,Drone (rice field)
24_Ungaran02_Lerep,Semarang_Demak,32749,110.400113,-7.123308,6/15/2024,6,Drone (rice field)
23_Ungaran01_Gogik,Semarang_Demak,32749,110.404141,-7.1604,6/15/2024,6,Drone (rice field)
23_Ungaran01_Gogik,Semarang_Demak,32749,110.404213,-7.160551,6/15/2024,6,Drone (rice field)
,Semarang_Demak,32749,110.570539,-7.705875,6/14/2024,1,Drone (rice field)
,Semarang_Demak,32749,110.570528,-7.705861,6/14/2024,6,Drone (rice field)
,Semarang_Demak,32749,110.613861,-7.755806,6/14/2024,4,Drone (rice field)
23_Ungaran01_Gogik,Semarang_Demak,32749,110.403645,-7.159878,6/15/2024,3,Drone (rice field)
23_Ungaran01_Gogik,Semarang_Demak,32749,110.403666,-7.159888,6/15/2024,3,Drone (rice field)
23_Ungaran01_Gogik,Semarang_Demak,32749,110.403625,-7.159856,6/15/2024,3,Drone (rice field)
01_Pekalongan01_KuripanYosorejo,Pekalongan,32749,109.683064,-6.92112,6/10/2024,1,Drone (50x50)
14_Kudus02_Payaman.tif,Klambu,32749,110.868041,-6.860503,6/13/2024,6,Drone (rice field)
18_Kudus06_Gondoharum,Klambu,32749,110.964689,-6.809948,6/13/2024,4,Drone (rice field)
Banjareja,Pekalongan,32749,109.523383,-7.724452,6/12/2024,6,Drone (rice field)
24_Ungaran02_Lerep,Semarang_Demak,32749,110.399921,-7.123933,6/15/2024,6,Drone (rice field)
12_Demak04_Karanganyar,Semarang_Demak,32749,110.79729,-6.851036,6/12/2024,3,Drone (rice field)
23_Ungaran01_Gogik,Semarang_Demak,32749,110.404524,-7.160761,6/15/2024,6,Drone (rice field)
23_Ungaran01_Gogik,Semarang_Demak,32749,110.404317,-7.160825,6/15/2024,6,Drone (rice field)
06_Kendal02_Pesawahan,Pekalongan,32749,110.172265,-6.975255,6/11/2024,5,Drone (rice field)
Jatiluhur,Brebes_Tegal,32749,109.449217,-7.595097,6/12/2024,2,Drone (rice field)
17_Kudus05_Tenggeles,Klambu,32749,110.910025,-6.812507,6/13/2024,2,Drone (rice field)
23_Ungaran01_Gogik,Semarang_Demak,32749,110.403702,-7.159917,6/15/2024,3,Drone (rice field)
23_Ungaran01_Gogik,Semarang_Demak,32749,110.403691,-7.159879,6/15/2024,3,Drone (rice field)
08_Kendal04_Ketapang,Pekalongan,32749,110.218598,-6.937087,6/11/2024,6,Drone (rice field)
01_Pekalongan01_KuripanYosorejo,Pekalongan,32749,109.683635,-6.921253,6/10/2024,1,Drone (50x50)
Bajong,Brebes_Tegal,32749,109.411866,-7.426787,6/11/2024,4,Drone (rice field)
24_Ungaran02_Lerep,Semarang_Demak,32749,110.400252,-7.124223,6/15/2024,5,Drone (rice field)
23_Ungaran01_Gogik,Semarang_Demak,32749,110.40431,-7.159511,6/15/2024,3,Drone (rice field)
07_Kendal03_Bangunrejo,Pekalongan,32749,110.184512,-6.90557,6/11/2024,1,Drone (rice field)
03_Pekalongan03_Bojonglor01,Pekalongan,32749,109.597896,-6.961053,6/10/2024,6,Field Survey
23_Ungaran01_Gogik,Semarang_Demak,32749,110.404215,-7.160755,6/15/2024,6,Drone (rice field)
23_Ungaran01_Gogik,Semarang_Demak,32749,110.404244,-7.160854,6/15/2024,6,Drone (rice field)
01_Pekalongan01_KuripanYosorejo,Pekalongan,32749,109.683736,-6.921578,6/10/2024,6,Drone (50x50)
10_Demak02_Kalitengah,Semarang_Demak,32749,110.535572,-7.048837,6/12/2024,4,Drone (rice field)
10_Demak02_Kalitengah,Semarang_Demak,32749,110.535593,-7.048819,6/12/2024,4,Drone (rice field)
17_Kudus05_Tenggeles,Klambu,32749,110.910152,-6.812164,6/13/2024,2,Drone (rice field)
Maos,Brebes_Tegal,32749,109.152228,-7.614445,6/11/2024,5,Drone (rice field)
06_Kendal02_Pesawahan,Pekalongan,32749,110.172374,-6.974937,6/11/2024,2,Drone (rice field)
18_Kudus06_Gondoharum,Klambu,32749,110.964803,-6.809819,6/13/2024,4,Drone (rice field)
24_Ungaran02_Lerep,Semarang_Demak,32749,110.400566,-7.123309,6/15/2024,6,Drone (rice field)
24_Ungaran02_Lerep,Semarang_Demak,32749,110.400114,-7.122856,6/15/2024,6,Drone (rice field)
03_Pekalongan03_Bojonglor01,Pekalongan,32749,109.598066,-6.959656,6/10/2024,1,Drone (50x50)
01_Pekalongan01_KuripanYosorejo,Pekalongan,32749,109.683847,-6.92024,6/10/2024,1,Drone (50x50)
Banjareja,Pekalongan,32749,109.523784,-7.724314,6/12/2024,6,Drone (rice field)
Banjareja,Pekalongan,32749,109.523857,-7.724322,6/12/2024,6,Drone (rice field)
23_Ungaran01_Gogik,Semarang_Demak,32749,110.403884,-7.159714,6/15/2024,3,Drone (rice field)
03_Pekalongan03_Bojonglor01,Pekalongan,32749,109.597819,-6.961286,6/10/2024,6,Drone (50x50)
06_Kendal02_Pesawahan,Pekalongan,32749,110.17024,-6.974951,6/11/2024,5,Drone (rice field)
18_Kudus06_Gondoharum,Klambu,32749,110.96441,-6.810005,6/13/2024,4,Drone (rice field)
23_Ungaran01_Gogik,Semarang_Demak,32749,110.403788,-7.159802,6/15/2024,3,Drone (rice field)
23_Ungaran01a_Gogik,Semarang_Demak,32749,110.403781,-7.160861,6/15/2024,5,Drone (rice field)
23_Ungaran01_Gogik,Semarang_Demak,32749,110.403767,-7.160863,6/15/2024,5,Drone (rice field)
24_Ungaran02_Lerep,Semarang_Demak,32749,110.399742,-7.123355,6/15/2024,6,Drone (rice field)
23_Ungaran01_Gogik,Semarang_Demak,32749,110.403632,-7.159612,6/15/2024,3,Drone (rice field)
14_Kudus02_Payaman.tif,Klambu,32749,110.867476,-6.859537,6/13/2024,6,Drone (rice field)
24_Ungaran02_Lerep,Semarang_Demak,32749,110.399648,-7.123964,6/15/2024,6,Drone (rice field)
Jatibarang,Brebes_Tegal,32749,109.052825,-6.982355,6/10/2024,5,Drone (rice field)
24_Ungaran02_Lerep,Semarang_Demak,32749,110.400291,-7.124307,6/15/2024,5,Drone (rice field)
24_Ungaran02_Lerep,Semarang_Demak,32749,110.400074,-7.122815,6/15/2024,6,Drone (rice field)
Bajong,Brebes_Tegal,32749,109.411867,-7.426886,6/11/2024,4,Drone (rice field)
24_Ungaran02_Lerep,Semarang_Demak,32749,110.399897,-7.123256,6/15/2024,6,Drone (rice field)
Pekuwon,Pekalongan,32749,109.558622,-7.638713,6/12/2024,2,Drone (rice field)
24_Ungaran02_Lerep,Semarang_Demak,32749,110.400048,-7.123231,6/15/2024,6,Drone (rice field)
06_Kendal02_Pesawahan,Pekalongan,32749,110.172294,-6.975006,6/11/2024,6,Drone (rice field)
23_Ungaran01_Gogik,Semarang_Demak,32749,110.403845,-7.160442,6/15/2024,6,Drone (rice field)
,Pekalongan,32749,110.23825,-7.476944,6/16/2024,6,Drone (rice field)
Karang Turi,Brebes_Tegal,32749,109.20931,-7.650543,6/11/2024,2,Drone (rice field)
03_Pekalongan03_Bojonglor01,Pekalongan,32749,109.597999,-6.961392,6/10/2024,6,Drone (50x50)
18_Kudus06_Gondoharum,Klambu,32749,110.964622,-6.809938,6/13/2024,4,Drone (rice field)
01_Pekalongan01_KuripanYosorejo,Pekalongan,32749,109.682883,-6.920473,6/10/2024,2,Drone (50x50)
01_Pekalongan01_KuripanYosorejo,Pekalongan,32749,109.682889,-6.920367,6/10/2024,1,Drone (50x50)
13_Kudus01_GarungKidul,Klambu,32749,110.807718,-6.812855,6/13/2024,6,Drone (rice field)
18_Kudus06_Gondoharum,Klambu,32749,110.964541,-6.809927,6/13/2024,4,Drone (rice field)
24_Ungaran02_Lerep,Semarang_Demak,32749,110.399723,-7.123881,6/15/2024,6,Drone (rice field)
23_Ungaran01_Gogik,Semarang_Demak,32749,110.403844,-7.159671,6/15/2024,3,Drone (rice field)
23_Ungaran01_Gogik,Semarang_Demak,32749,110.403805,-7.160156,6/15/2024,6,Drone (rice field)
03_Pekalongan03_Bojonglor01,Pekalongan,32749,109.598078,-6.960352,6/10/2024,1,Drone (50x50)
23_Ungaran01_Gogik,Semarang_Demak,32749,110.404339,-7.161,6/15/2024,2,Drone (rice field)
24_Ungaran02_Lerep,Semarang_Demak,32749,110.400104,-7.123246,6/15/2024,6,Drone (rice field)
23_Ungaran01_Gogik,Semarang_Demak,32749,110.404325,-7.160882,6/15/2024,6,Drone (rice field)
23_Ungaran01_Gogik,Semarang_Demak,32749,110.404625,-7.160398,6/15/2024,4,Drone (rice field)
01_Pekalongan01_KuripanYosorejo,Pekalongan,32749,109.682411,-6.920484,6/10/2024,2,Drone (50x50)
08_Kendal04_Ketapang,Pekalongan,32749,110.219723,-6.937302,6/11/2024,6,Drone (rice field)
24_Ungaran02_Lerep,Semarang_Demak,32749,110.39966,-7.12376,6/15/2024,6,Drone (rice field)
23_Ungaran01_Gogik,Semarang_Demak,32749,110.404673,-7.160125,6/15/2024,4,Drone (rice field)
23_Ungaran01_Gogik,Semarang_Demak,32749,110.404072,-7.16074,6/15/2024,6,Drone (rice field)
01_Pekalongan01_KuripanYosorejo,Pekalongan,32749,109.683083,-6.921054,6/10/2024,1,Field Survey
23_Ungaran01_Gogik,Semarang_Demak,32749,110.40445,-7.160813,6/15/2024,6,Drone (rice field)
23_Ungaran01_Gogik,Semarang_Demak,32749,110.404305,-7.159588,6/15/2024,3,Drone (rice field)
23_Ungaran01_Gogik,Semarang_Demak,32749,110.40411,-7.160626,6/15/2024,6,Drone (rice field)
Pekuwon,Pekalongan,32749,109.558704,-7.638583,6/12/2024,2,Drone (rice field)
23_Ungaran01_Gogik,Semarang_Demak,32749,110.403829,-7.160514,6/15/2024,6,Drone (rice field)
08_Kendal04_Ketapang,Pekalongan,32749,110.218929,-6.937103,6/11/2024,6,Drone (rice field)
24_Ungaran02_Lerep,Semarang_Demak,32749,110.40004,-7.122918,6/15/2024,6,Drone (rice field)
24_Ungaran02_Lerep,Semarang_Demak,32749,110.400018,-7.122853,6/15/2024,6,Drone (rice field)
14_Kudus02_Payaman,Klambu,32749,110.867681,-6.860733,6/13/2024,2,Drone (rice field)
23_Ungaran01_Gogik,Semarang_Demak,32749,110.403687,-7.159759,6/15/2024,3,Drone (rice field)
23_Ungaran01_Gogik,Semarang_Demak,32749,110.403726,-7.159756,6/15/2024,3,Drone (rice field)
23_Ungaran01_Gogik,Semarang_Demak,32749,110.403578,-7.159676,6/15/2024,3,Drone (rice field)
23_Ungaran01_Gogik,Semarang_Demak,32749,110.40365,-7.159679,6/15/2024,3,Drone (rice field)
01_Pekalongan01_KuripanYosorejo,Pekalongan,32749,109.682869,-6.920562,6/10/2024,2,Drone (50x50)
06_Kendal02_Pesawahan,Pekalongan,32749,110.171256,-6.975104,6/11/2024,5,Drone (rice field)
,Klambu,32749,110.859917,-7.585611,6/15/2024,2,Drone (rice field)
01_Pekalongan01_KuripanYosorejo,Pekalongan,32749,109.682424,-6.920396,6/10/2024,2,Drone (50x50)
Banjareja,Pekalongan,32749,109.524268,-7.726006,6/12/2024,6,Drone (rice field)
23_Ungaran01a_Gogik,Semarang_Demak,32749,110.403944,-7.160639,6/15/2024,6,Drone (rice field)
10_Demak02_Kalitengah,Semarang_Demak,32749,110.535096,-7.047107,6/12/2024,4,Drone (rice field)
23_Ungaran01_Gogik,Semarang_Demak,32749,110.403989,-7.159649,6/15/2024,3,Drone (rice field)
23_Ungaran01_Gogik,Semarang_Demak,32749,110.40414,-7.160852,6/15/2024,6,Drone (rice field)
13_Kudus01_GarungKidul,Klambu,32749,110.808141,-6.813268,6/13/2024,2,Drone (rice field)
10_Demak02_Kalitengah,Semarang_Demak,32749,110.535277,-7.047168,6/12/2024,4,Drone (rice field)
13_Kudus01_GarungKidul,Klambu,32749,110.807305,-6.813382,6/13/2024,2,Drone (rice field)
13_Kudus01_GarungKidul,Klambu,32749,110.807758,-6.81293,6/13/2024,6,Drone (rice field)
23_Ungaran01_Gogik,Semarang_Demak,32749,110.404105,-7.16056,6/15/2024,6,Drone (rice field)
08_Kendal04_Ketapang,Pekalongan,32749,110.21946,-6.937697,6/11/2024,6,Drone (rice field)
14_Kudus02_Payaman.tif,Klambu,32749,110.867408,-6.85948,6/13/2024,6,Drone (rice field)
08_Kendal04_Ketapang,Pekalongan,32749,110.219134,-6.936996,6/11/2024,6,Drone (rice field)
24_Ungaran02_Lerep,Semarang_Demak,32749,110.399812,-7.123314,6/15/2024,6,Drone (rice field)
23_Ungaran01_Gogik,Semarang_Demak,32749,110.404694,-7.160079,6/15/2024,4,Drone (rice field)
23_Ungaran01_Gogik,Semarang_Demak,32749,110.404698,-7.160027,6/15/2024,4,Drone (rice field)
23_Ungaran01_Gogik,Semarang_Demak,32749,110.403932,-7.159589,6/15/2024,3,Drone (rice field)
13_Kudus01_GarungKidul,Klambu,32749,110.80826,-6.813112,6/13/2024,2,Drone (rice field)
01_Pekalongan01_KuripanYosorejo,Pekalongan,32749,109.682795,-6.921082,6/10/2024,1,Drone (50x50)
23_Ungaran01_Gogik,Semarang_Demak,32749,110.404445,-7.160906,6/15/2024,6,Drone (rice field)
,Pekalongan,32749,110.158056,-7.532917,6/16/2024,6,Drone (rice field)
09_Demak01_Kembangarum,Semarang_Demak,32749,110.537848,-7.036299,6/12/2024,4,Drone (rice field)
Banjareja,Pekalongan,32749,109.524396,-7.726014,6/12/2024,6,Drone (rice field)
Banjareja,Pekalongan,32749,109.524326,-7.72601,6/12/2024,6,Drone (rice field)
13_Kudus01_GarungKidul,Klambu,32749,110.806155,-6.811999,6/13/2024,3,Drone (rice field)
11_Demak03_Cangkring,Semarang_Demak,32749,110.791803,-6.859803,6/12/2024,4,Drone (rice field)
12_pemalang02_danasari,Brebes_Tegal,32749,109.390954,-6.871778,6/27/2024,2,Drone (rice field)
12_pemalang02_danasari,Brebes_Tegal,32749,109.390957,-6.870874,6/27/2024,2,Drone (rice field)
12_pemalang02_danasari,Brebes_Tegal,32749,109.390447,-6.872143,6/27/2024,2,Drone (rice field)
12_pemalang02_danasari,Brebes_Tegal,32749,109.391357,-6.872149,6/27/2024,2,Drone (rice field)
12_pemalang02_danasari,Brebes_Tegal,32749,109.390313,-6.872023,6/27/2024,2,Drone (rice field)
12_pemalang02_danasari,Brebes_Tegal,32749,109.390636,-6.871791,6/27/2024,2,Drone (rice field)
12_pemalang02_danasari,Brebes_Tegal,32749,109.39113,-6.871799,6/27/2024,2,Drone (rice field)
12_pemalang02_danasari,Brebes_Tegal,32749,109.390791,-6.871666,6/27/2024,2,Drone (rice field)
12_pemalang02_danasari,Brebes_Tegal,32749,109.390904,-6.871009,6/27/2024,2,Drone (rice field)
12_pemalang02_danasari,Brebes_Tegal,32749,109.390388,-6.87072,6/27/2024,2,Drone (rice field)
12_pemalang02_danasari,Brebes_Tegal,32749,109.390501,-6.871777,6/27/2024,2,Drone (rice field)
12_pemalang02_danasari,Brebes_Tegal,32749,109.390467,-6.871802,6/27/2024,2,Drone (rice field)
12_pemalang02_danasari,Brebes_Tegal,32749,109.391069,-6.870976,6/27/2024,2,Drone (rice field)
12_pemalang02_danasari,Brebes_Tegal,32749,109.391012,-6.872489,6/27/2024,2,Drone (rice field)
12_pemalang02_danasari,Brebes_Tegal,32749,109.391982,-6.87202,6/27/2024,2,Drone (rice field)
11_pemalang01_widuri,Brebes_Tegal,32749,109.380853,-6.873438,6/27/2024,1,Drone (rice field)
12_pemalang02_danasari,Brebes_Tegal,32749,109.390453,-6.871624,6/27/2024,2,Drone (rice field)
11_pemalang01_widuri,Brebes_Tegal,32749,109.382803,-6.874011,6/27/2024,2,Drone (rice field)
12_pemalang02_danasari,Brebes_Tegal,32749,109.391586,-6.871432,6/27/2024,2,Drone (rice field)
12_pemalang02_danasari,Brebes_Tegal,32749,109.391935,-6.8716,6/27/2024,2,Drone (rice field)
12_pemalang02_danasari,Brebes_Tegal,32749,109.391138,-6.872574,6/27/2024,2,Drone (rice field)
12_pemalang02_danasari,Brebes_Tegal,32749,109.391405,-6.872232,6/27/2024,2,Drone (rice field)
12_pemalang02_danasari,Brebes_Tegal,32749,109.391622,-6.870947,6/27/2024,2,Drone (rice field)
12_pemalang02_danasari,Brebes_Tegal,32749,109.391547,-6.870952,6/27/2024,2,Drone (rice field)
12_pemalang02_danasari,Brebes_Tegal,32749,109.390109,-6.871314,6/27/2024,2,Drone (rice field)
12_pemalang02_danasari,Brebes_Tegal,32749,109.390441,-6.871453,6/27/2024,2,Drone (rice field)
12_pemalang02_danasari,Brebes_Tegal,32749,109.391282,-6.872553,6/27/2024,2,Drone (rice field)
12_pemalang02_danasari,Brebes_Tegal,32749,109.39196,-6.871894,6/27/2024,2,Drone (rice field)
12_pemalang02_danasari,Brebes_Tegal,32749,109.391773,-6.872189,6/27/2024,2,Drone (rice field)
12_pemalang02_danasari,Brebes_Tegal,32749,109.391271,-6.872026,6/27/2024,2,Drone (rice field)
11_pemalang01_widuri,Brebes_Tegal,32749,109.381161,-6.873798,6/27/2024,3,Drone (rice field)
11_pemalang01_widuri,Brebes_Tegal,32749,109.38121,-6.874298,6/27/2024,3,Drone (rice field)
11_pemalang01_widuri,Brebes_Tegal,32749,109.382157,-6.873854,6/27/2024,3,Drone (rice field)
12_pemalang02_danasari,Brebes_Tegal,32749,109.390082,-6.870749,6/27/2024,2,Drone (rice field)
12_pemalang02_danasari,Brebes_Tegal,32749,109.390265,-6.871303,6/27/2024,2,Drone (rice field)
11_pemalang01_widuri,Brebes_Tegal,32749,109.382487,-6.874162,6/27/2024,2,Drone (rice field)
11_pemalang01_widuri,Brebes_Tegal,32749,109.383099,-6.873717,6/27/2024,2,Drone (rice field)
12_pemalang02_danasari,Brebes_Tegal,32749,109.391055,-6.870788,6/27/2024,2,Drone (rice field)
12_pemalang02_danasari,Brebes_Tegal,32749,109.390708,-6.87055,6/27/2024,2,Drone (rice field)
12_pemalang02_danasari,Brebes_Tegal,32749,109.390968,-6.87189,6/27/2024,2,Drone (rice field)
12_pemalang02_danasari,Brebes_Tegal,32749,109.391577,-6.872495,6/27/2024,2,Drone (rice field)
06_batang01_sambong,Pekalongan,32749,109.749333,-6.908741,6/26/2024,2,Drone (rice field)
12_pemalang02_danasari,Brebes_Tegal,32749,109.390416,-6.871098,6/27/2024,2,Drone (rice field)
12_pemalang02_danasari,Brebes_Tegal,32749,109.390658,-6.872139,6/27/2024,2,Drone (rice field)
12_pemalang02_danasari,Brebes_Tegal,32749,109.391718,-6.87194,6/27/2024,2,Drone (rice field)
12_pemalang02_danasari,Brebes_Tegal,32749,109.390136,-6.871843,6/27/2024,2,Drone (rice field)
12_pemalang02_danasari,Brebes_Tegal,32749,109.391295,-6.871774,6/27/2024,2,Drone (rice field)
11_pemalang01_widuri,Brebes_Tegal,32749,109.382788,-6.874166,6/27/2024,2,Drone (rice field)
12_pemalang02_danasari,Brebes_Tegal,32749,109.39095,-6.871651,6/27/2024,2,Drone (rice field)
12_pemalang02_danasari,Brebes_Tegal,32749,109.390092,-6.870952,6/27/2024,2,Drone (rice field)
12_pemalang02_danasari,Brebes_Tegal,32749,109.391657,-6.872558,6/27/2024,2,Drone (rice field)
12_pemalang02_danasari,Brebes_Tegal,32749,109.390668,-6.872542,6/27/2024,2,Drone (rice field)
12_pemalang02_danasari,Brebes_Tegal,32749,109.390403,-6.870919,6/27/2024,2,Drone (rice field)
11_pemalang01_widuri,Brebes_Tegal,32749,109.38108,-6.873531,6/27/2024,1,Drone (rice field)
12_pemalang02_danasari,Brebes_Tegal,32749,109.391567,-6.872022,6/27/2024,2,Drone (rice field)
09_batang04_tegalsari02,Pekalongan,32749,109.770723,-6.906216,6/26/2024,2,Drone (rice field)
11_pemalang01_widuri,Brebes_Tegal,32749,109.381077,-6.873421,6/27/2024,1,Drone (rice field)
12_pemalang02_danasari,Brebes_Tegal,32749,109.391516,-6.872244,6/27/2024,2,Drone (rice field)
13_pemalang03_beji,Brebes_Tegal,32749,109.430088,-6.895145,6/27/2024,2,Drone (rice field)
11_pemalang01_widuri,Brebes_Tegal,32749,109.381111,-6.873649,6/27/2024,1,Drone (rice field)
13_pemalang03_beji,Brebes_Tegal,32749,109.430267,-6.894417,6/27/2024,3,Drone (rice field)
12_pemalang02_danasari,Brebes_Tegal,32749,109.390206,-6.872431,6/27/2024,2,Drone (rice field)
11_pemalang01_widuri,Brebes_Tegal,32749,109.382902,-6.874018,6/27/2024,2,Drone (rice field)
12_pemalang02_danasari,Brebes_Tegal,32749,109.391244,-6.872303,6/27/2024,2,Drone (rice field)
12_pemalang02_danasari,Brebes_Tegal,32749,109.391342,-6.870445,6/27/2024,2,Drone (rice field)
06_batang01_sambong,Pekalongan,32749,109.748441,-6.909387,6/26/2024,2,Drone (rice field)
12_pemalang02_danasari,Brebes_Tegal,32749,109.390069,-6.870516,6/27/2024,2,Drone (rice field)
01_Jepara01_Rau,Semarang_Demak,32749,110.663714,-6.652887,6/24/2024,2,Drone (50x50)
13_pemalang03_beji,Brebes_Tegal,32749,109.430276,-6.895147,6/27/2024,2,Drone (rice field)
12_pemalang02_danasari,Brebes_Tegal,32749,109.390052,-6.870871,6/27/2024,2,Drone (rice field)
12_pemalang02_danasari,Brebes_Tegal,32749,109.391954,-6.871753,6/27/2024,2,Drone (rice field)
13_pemalang03_beji,Brebes_Tegal,32749,109.430082,-6.894984,6/27/2024,2,Drone (rice field)
11_pemalang01_widuri,Brebes_Tegal,32749,109.382818,-6.874371,6/27/2024,2,Drone (rice field)
12_pemalang02_danasari,Brebes_Tegal,32749,109.390553,-6.870703,6/27/2024,2,Drone (rice field)
12_pemalang02_danasari,Brebes_Tegal,32749,109.39127,-6.872433,6/27/2024,2,Drone (rice field)
06_batang01_sambong,Pekalongan,32749,109.747822,-6.90902,6/26/2024,2,Drone (rice field)
09_batang04_tegalsari02,Pekalongan,32749,109.771361,-6.905463,6/26/2024,2,Drone (rice field)
12_pemalang02_danasari,Brebes_Tegal,32749,109.391498,-6.871983,6/27/2024,2,Drone (rice field)
12_pemalang02_danasari,Brebes_Tegal,32749,109.390759,-6.871232,6/27/2024,2,Drone (rice field)
12_pemalang02_danasari,Brebes_Tegal,32749,109.392049,-6.872389,6/27/2024,2,Drone (rice field)
06_batang01_sambong,Pekalongan,32749,109.748305,-6.908328,6/26/2024,2,Drone (rice field)
11_pemalang01_widuri,Brebes_Tegal,32749,109.382662,-6.873866,6/27/2024,2,Drone (rice field)
12_pemalang02_danasari,Brebes_Tegal,32749,109.391687,-6.870692,6/27/2024,2,Drone (rice field)
06_batang01_sambong,Pekalongan,32749,109.748926,-6.908888,6/26/2024,2,Drone (rice field)
12_pemalang02_danasari,Brebes_Tegal,32749,109.390127,-6.871661,6/27/2024,2,Drone (rice field)
12_pemalang02_danasari,Brebes_Tegal,32749,109.390918,-6.871217,6/27/2024,2,Drone (rice field)
06_batang01_sambong,Pekalongan,32749,109.747821,-6.909472,6/26/2024,2,Drone (rice field)
12_pemalang02_danasari,Brebes_Tegal,32749,109.390118,-6.871492,6/27/2024,2,Drone (rice field)
12_pemalang02_danasari,Brebes_Tegal,32749,109.390484,-6.871992,6/27/2024,2,Drone (rice field)
13_pemalang03_beji,Brebes_Tegal,32749,109.429876,-6.895144,6/27/2024,2,Drone (rice field)
06_batang01_sambong,Pekalongan,32749,109.749467,-6.909381,6/26/2024,2,Drone (rice field)
09_batang04_tegalsari02,Pekalongan,32749,109.771815,-6.905012,6/26/2024,2,Drone (rice field)
08_batang03_tegalsari,Pekalongan,32749,109.771929,-6.906451,6/26/2024,2,Drone (rice field)
06_batang01_sambong,Pekalongan,32749,109.749757,-6.909193,6/26/2024,2,Drone (rice field)
06_batang01_sambong,Pekalongan,32749,109.749643,-6.908344,6/26/2024,2,Drone (rice field)
10_batang05_klidangwetan,Pekalongan,32749,109.756082,-6.902139,6/26/2024,2,Drone (rice field)
11_pemalang01_widuri,Brebes_Tegal,32749,109.381899,-6.874008,6/27/2024,3,Drone (rice field)
11_pemalang01_widuri,Brebes_Tegal,32749,109.381835,-6.874084,6/27/2024,3,Drone (rice field)
12_pemalang02_danasari,Brebes_Tegal,32749,109.391903,-6.872511,6/27/2024,2,Drone (rice field)
12_pemalang02_danasari,Brebes_Tegal,32749,109.391857,-6.872233,6/27/2024,2,Drone (rice field)
12_pemalang02_danasari,Brebes_Tegal,32749,109.39086,-6.872103,6/27/2024,2,Drone (rice field)
09_batang04_tegalsari02,Pekalongan,32749,109.771715,-6.904992,6/26/2024,2,Drone (rice field)
12_pemalang02_danasari,Brebes_Tegal,32749,109.390243,-6.870939,6/27/2024,2,Drone (rice field)
12_pemalang02_danasari,Brebes_Tegal,32749,109.39123,-6.87095,6/27/2024,2,Drone (rice field)
12_pemalang02_danasari,Brebes_Tegal,32749,109.390426,-6.872544,6/27/2024,2,Drone (rice field)
06_batang01_sambong,Pekalongan,32749,109.749633,-6.908572,6/26/2024,2,Drone (rice field)
12_pemalang02_danasari,Brebes_Tegal,32749,109.391681,-6.872081,6/27/2024,2,Drone (rice field)
08_batang03_tegalsari,Pekalongan,32749,109.773169,-6.906372,6/26/2024,2,Drone (rice field)
12_pemalang02_danasari,Brebes_Tegal,32749,109.390744,-6.871024,6/27/2024,2,Drone (rice field)
08_batang03_tegalsari,Pekalongan,32749,109.77333,-6.906743,6/26/2024,2,Drone (rice field)
10_batang05_klidangwetan,Pekalongan,32749,109.754051,-6.900482,6/26/2024,1,Drone (rice field)
06_batang01_sambong,Pekalongan,32749,109.750539,-6.908122,6/26/2024,2,Drone (rice field)
12_pemalang02_danasari,Brebes_Tegal,32749,109.391089,-6.871089,6/27/2024,2,Drone (rice field)
06_batang01_sambong,Pekalongan,32749,109.749632,-6.909024,6/26/2024,2,Drone (rice field)
08_batang03_tegalsari,Pekalongan,32749,109.77235,-6.906405,6/26/2024,2,Drone (rice field)
12_pemalang02_danasari,Brebes_Tegal,32749,109.390231,-6.870734,6/27/2024,2,Drone (rice field)
06_batang01_sambong,Pekalongan,32749,109.748112,-6.907957,6/26/2024,2,Drone (rice field)
13_pemalang03_beji,Brebes_Tegal,32749,109.428699,-6.896738,6/27/2024,3,Drone (rice field)
09_batang04_tegalsari02,Pekalongan,32749,109.771236,-6.905632,6/26/2024,2,Drone (rice field)
12_pemalang02_danasari,Brebes_Tegal,32749,109.390287,-6.871651,6/27/2024,2,Drone (rice field)
06_batang01_sambong,Pekalongan,32749,109.748731,-6.907665,6/26/2024,2,Drone (rice field)
11_pemalang01_widuri,Brebes_Tegal,32749,109.381506,-6.873816,6/27/2024,3,Drone (rice field)
11_pemalang01_widuri,Brebes_Tegal,32749,109.382835,-6.874285,6/27/2024,2,Drone (rice field)
12_pemalang02_danasari,Brebes_Tegal,32749,109.39109,-6.872203,6/27/2024,2,Drone (rice field)
12_pemalang02_danasari,Brebes_Tegal,32749,109.391708,-6.870943,6/27/2024,2,Drone (rice field)
12_pemalang02_danasari,Brebes_Tegal,32749,109.390652,-6.87197,6/27/2024,2,Drone (rice field)
11_pemalang01_widuri,Brebes_Tegal,32749,109.382465,-6.873555,6/27/2024,2,Drone (rice field)
12_pemalang02_danasari,Brebes_Tegal,32749,109.391823,-6.872442,6/27/2024,2,Drone (rice field)
12_pemalang02_danasari,Brebes_Tegal,32749,109.391798,-6.872315,6/27/2024,2,Drone (rice field)
12_pemalang02_danasari,Brebes_Tegal,32749,109.391662,-6.870406,6/27/2024,2,Drone (rice field)
11_pemalang01_widuri,Brebes_Tegal,32749,109.381669,-6.874795,6/27/2024,2,Drone (rice field)
12_pemalang02_danasari,Brebes_Tegal,32749,109.391409,-6.870876,6/27/2024,2,Drone (rice field)
12_pemalang02_danasari,Brebes_Tegal,32749,109.390867,-6.870535,6/27/2024,2,Drone (rice field)
06_batang01_sambong,Pekalongan,32749,109.74869,-6.907759,6/26/2024,2,Drone (rice field)
06_batang01_sambong,Pekalongan,32749,109.750477,-6.908315,6/26/2024,2,Drone (rice field)
11_pemalang01_widuri,Brebes_Tegal,32749,109.38266,-6.874014,6/27/2024,2,Drone (rice field)
11_pemalang01_widuri,Brebes_Tegal,32749,109.382758,-6.873411,6/27/2024,2,Drone (rice field)
06_batang01_sambong,Pekalongan,32749,109.750086,-6.908573,6/26/2024,2,Drone (rice field)
09_batang04_tegalsari02,Pekalongan,32749,109.771811,-6.906369,6/26/2024,2,Drone (rice field)
06_batang01_sambong,Pekalongan,32749,109.74789,-6.908857,6/26/2024,2,Drone (rice field)
09_batang04_tegalsari02,Pekalongan,32749,109.771458,-6.905597,6/26/2024,2,Drone (rice field)
06_batang01_sambong,Pekalongan,32749,109.748275,-6.909344,6/26/2024,2,Drone (rice field)
12_pemalang02_danasari,Brebes_Tegal,32749,109.391053,-6.872067,6/27/2024,2,Drone (rice field)
12_pemalang02_danasari,Brebes_Tegal,32749,109.391859,-6.871781,6/27/2024,2,Drone (rice field)
12_pemalang02_danasari,Brebes_Tegal,32749,109.39085,-6.872543,6/27/2024,2,Drone (rice field)
06_batang01_sambong,Pekalongan,32749,109.748644,-6.908076,6/26/2024,2,Drone (rice field)
11_pemalang01_widuri,Brebes_Tegal,32749,109.382157,-6.873711,6/27/2024,1,Drone (rice field)
11_pemalang01_widuri,Brebes_Tegal,32749,109.381148,-6.874165,6/27/2024,3,Drone (rice field)
08_batang03_tegalsari,Pekalongan,32749,109.773044,-6.90644,6/26/2024,1,Drone (rice field)
12_pemalang02_danasari,Brebes_Tegal,32749,109.390505,-6.870872,6/27/2024,2,Drone (rice field)
06_batang01_sambong,Pekalongan,32749,109.748276,-6.908569,6/26/2024,2,Drone (rice field)
12_pemalang02_danasari,Brebes_Tegal,32749,109.391747,-6.871413,6/27/2024,2,Drone (rice field)
09_batang04_tegalsari02,Pekalongan,32749,109.77152,-6.905878,6/26/2024,2,Drone (rice field)
12_pemalang02_danasari,Brebes_Tegal,32749,109.390958,-6.870422,6/27/2024,2,Drone (rice field)
11_pemalang01_widuri,Brebes_Tegal,32749,109.382438,-6.87371,6/27/2024,2,Drone (rice field)
06_batang01_sambong,Pekalongan,32749,109.748565,-6.908422,6/26/2024,2,Drone (rice field)
06_batang01_sambong,Pekalongan,32749,109.749391,-6.908138,6/26/2024,2,Drone (rice field)
01_Jepara01_Rau,Semarang_Demak,32749,110.66433,-6.653988,6/24/2024,2,Drone (rice field)
09_batang04_tegalsari02,Pekalongan,32749,109.771262,-6.905761,6/26/2024,2,Drone (rice field)
06_batang01_sambong,Pekalongan,32749,109.749814,-6.908756,6/26/2024,2,Drone (rice field)
10_batang05_klidangwetan,Pekalongan,32749,109.756305,-6.901755,6/26/2024,2,Drone (rice field)
11_pemalang01_widuri,Brebes_Tegal,32749,109.381615,-6.873678,6/27/2024,1,Drone (rice field)
06_batang01_sambong,Pekalongan,32749,109.748277,-6.908116,6/26/2024,2,Drone (rice field)
08_batang03_tegalsari,Pekalongan,32749,109.773226,-6.906704,6/26/2024,2,Drone (rice field)
11_pemalang01_widuri,Brebes_Tegal,32749,109.380831,-6.874024,6/27/2024,3,Drone (rice field)
09_batang04_tegalsari02,Pekalongan,32749,109.77124,-6.906084,6/26/2024,2,Drone (rice field)
01_Jepara01_Rau,Semarang_Demak,32749,110.664599,-6.653983,6/24/2024,2,Drone (rice field)
06_batang01_sambong,Pekalongan,32749,109.750584,-6.908036,6/26/2024,2,Drone (rice field)
Tanjungrejo,Pekalongan,32749,109.927213,-7.740941,6/24/2024,2,Drone (50x50)
01_Jepara01_Rau,Semarang_Demak,32749,110.663156,-6.652725,6/24/2024,2,Drone (rice field)
01_Jepara01_Rau,Semarang_Demak,32749,110.663102,-6.652666,6/24/2024,2,Drone (rice field)
11_pemalang01_widuri,Brebes_Tegal,32749,109.383014,-6.873414,6/27/2024,2,Drone (rice field)
12_pemalang02_danasari,Brebes_Tegal,32749,109.390193,-6.872225,6/27/2024,2,Drone (rice field)
06_batang01_sambong,Pekalongan,32749,109.748069,-6.90824,6/26/2024,2,Drone (rice field)
13_pemalang03_beji,Brebes_Tegal,32749,109.430063,-6.894934,6/27/2024,2,Drone (rice field)
12_pemalang02_danasari,Brebes_Tegal,32749,109.390503,-6.871325,6/27/2024,2,Drone (rice field)
12_pemalang02_danasari,Brebes_Tegal,32749,109.390583,-6.871084,6/27/2024,2,Drone (rice field)
06_batang01_sambong,Pekalongan,32749,109.749013,-6.909519,6/26/2024,2,Drone (rice field)
09_batang04_tegalsari02,Pekalongan,32749,109.770952,-6.906178,6/26/2024,2,Drone (rice field)
07_batang02_sambong02,Pekalongan,32749,109.747392,-6.910501,6/26/2024,2,Drone (rice field)
11_pemalang01_widuri,Brebes_Tegal,32749,109.381817,-6.874493,6/27/2024,3,Drone (rice field)
10_batang05_klidangwetan,Pekalongan,32749,109.755764,-6.901752,6/26/2024,2,Drone (rice field)
12_pemalang02_danasari,Brebes_Tegal,32749,109.390811,-6.871913,6/27/2024,2,Drone (rice field)
06_batang01_sambong,Pekalongan,32749,109.749524,-6.909042,6/26/2024,2,Drone (rice field)
12_pemalang02_danasari,Brebes_Tegal,32749,109.390255,-6.871117,6/27/2024,2,Drone (rice field)
14_pemalang04_taman,Brebes_Tegal,32749,109.406336,-6.895765,6/27/2024,4,Drone (rice field)
08_batang03_tegalsari,Pekalongan,32749,109.773047,-6.906781,6/26/2024,1,Drone (rice field)
13_pemalang03_beji,Brebes_Tegal,32749,109.43009,-6.895302,6/27/2024,2,Drone (rice field)
11_pemalang01_widuri,Brebes_Tegal,32749,109.38307,-6.874942,6/27/2024,2,Drone (rice field)
06_batang01_sambong,Pekalongan,32749,109.749929,-6.909156,6/26/2024,2,Drone (rice field)
Kedungsari,Pekalongan,32749,110.195694,-7.869143,6/25/2024,2,Drone (rice field)
10_batang05_klidangwetan,Pekalongan,32749,109.755986,-6.901806,6/26/2024,2,Drone (rice field)
11_pemalang01_widuri,Brebes_Tegal,32749,109.381203,-6.874444,6/27/2024,3,Drone (rice field)
09_batang04_tegalsari02,Pekalongan,32749,109.771812,-6.905917,6/26/2024,2,Drone (rice field)
10_batang05_klidangwetan,Pekalongan,32749,109.754179,-6.900445,6/26/2024,2,Drone (rice field)
11_pemalang01_widuri,Brebes_Tegal,32749,109.381186,-6.874847,6/27/2024,2,Drone (rice field)
08_batang03_tegalsari,Pekalongan,32749,109.77323,-6.905992,6/26/2024,2,Drone (rice field)
06_batang01_sambong,Pekalongan,32749,109.748424,-6.907729,6/26/2024,2,Drone (rice field)
11_pemalang01_widuri,Brebes_Tegal,32749,109.380995,-6.873553,6/27/2024,1,Drone (rice field)
01_Jepara01_Rau,Semarang_Demak,32749,110.663154,-6.654035,6/24/2024,2,Drone (rice field)
09_batang04_tegalsari02,Pekalongan,32749,109.770874,-6.904983,6/26/2024,2,Drone (rice field)
06_batang01_sambong,Pekalongan,32749,109.749075,-6.907752,6/26/2024,2,Drone (rice field)
06_batang01_sambong,Pekalongan,32749,109.749589,-6.908699,6/26/2024,2,Drone (rice field)
11_pemalang01_widuri,Brebes_Tegal,32749,109.383139,-6.873413,6/27/2024,2,Drone (rice field)
10_batang05_klidangwetan,Pekalongan,32749,109.755987,-6.901354,6/26/2024,2,Drone (rice field)
12_pemalang02_danasari,Brebes_Tegal,32749,109.391612,-6.871732,6/27/2024,2,Drone (rice field)
06_batang01_sambong,Pekalongan,32749,109.750082,-6.90993,6/26/2024,2,Drone (rice field)
06_batang01_sambong,Pekalongan,32749,109.748141,-6.909237,6/26/2024,2,Drone (rice field)
06_batang01_sambong,Pekalongan,32749,109.749181,-6.908571,6/26/2024,2,Drone (rice field)
01_Jepara01_Rau,Semarang_Demak,32749,110.664507,-6.653949,6/24/2024,2,Drone (rice field)
09_batang04_tegalsari02,Pekalongan,32749,109.771359,-6.906368,6/26/2024,2,Drone (rice field)
10_batang05_klidangwetan,Pekalongan,32749,109.755796,-6.902147,6/26/2024,2,Drone (rice field)
10_batang05_klidangwetan,Pekalongan,32749,109.75628,-6.900659,6/26/2024,2,Drone (rice field)
10_batang05_klidangwetan,Pekalongan,32749,109.754678,-6.899914,6/26/2024,2,Drone (rice field)
06_batang01_sambong,Pekalongan,32749,109.749867,-6.90834,6/26/2024,2,Drone (rice field)
12_pemalang02_danasari,Brebes_Tegal,32749,109.390805,-6.872256,6/27/2024,2,Drone (rice field)
10_batang05_klidangwetan,Pekalongan,32749,109.754216,-6.900439,6/26/2024,2,Drone (rice field)
12_pemalang02_danasari,Brebes_Tegal,32749,109.390569,-6.870906,6/27/2024,2,Drone (rice field)
10_batang05_klidangwetan,Pekalongan,32749,109.756092,-6.901741,6/26/2024,2,Drone (rice field)
Selomerto 2,Pekalongan,32749,109.8803,-7.411035,6/27/2024,3,Drone (rice field)
10_batang05_klidangwetan,Pekalongan,32749,109.756386,-6.901822,6/26/2024,2,Drone (rice field)
08_batang03_tegalsari,Pekalongan,32749,109.772359,-6.907516,6/26/2024,1,Drone (rice field)
09_batang04_tegalsari02,Pekalongan,32749,109.771727,-6.906272,6/26/2024,2,Drone (rice field)
12_pemalang02_danasari,Brebes_Tegal,32749,109.391918,-6.871453,6/27/2024,2,Drone (rice field)
11_pemalang01_widuri,Brebes_Tegal,32749,109.381622,-6.874655,6/27/2024,2,Drone (rice field)
09_batang04_tegalsari02,Pekalongan,32749,109.770717,-6.905105,6/26/2024,2,Drone (rice field)
14_pemalang04_taman,Brebes_Tegal,32749,109.407227,-6.896898,6/27/2024,4,Drone (rice field)
12_pemalang02_danasari,Brebes_Tegal,32749,109.390054,-6.870419,6/27/2024,2,Drone (rice field)
11_pemalang01_widuri,Brebes_Tegal,32749,109.381499,-6.873945,6/27/2024,3,Drone (rice field)
12_pemalang02_danasari,Brebes_Tegal,32749,109.390889,-6.870805,6/27/2024,2,Drone (rice field)
12_pemalang02_danasari,Brebes_Tegal,32749,109.390774,-6.871433,6/27/2024,2,Drone (rice field)
08_batang03_tegalsari,Pekalongan,32749,109.773329,-6.906366,6/26/2024,2,Drone (rice field)
10_batang05_klidangwetan,Pekalongan,32749,109.754244,-6.90034,6/26/2024,2,Drone (rice field)
11_pemalang01_widuri,Brebes_Tegal,32749,109.382351,-6.87401,6/27/2024,2,Drone (rice field)
06_batang01_sambong,Pekalongan,32749,109.749182,-6.908119,6/26/2024,2,Drone (rice field)
08_batang03_tegalsari,Pekalongan,32749,109.772698,-6.906321,6/26/2024,2,Drone (rice field)
09_batang04_tegalsari02,Pekalongan,32749,109.7712,-6.905378,6/26/2024,2,Drone (rice field)
09_batang04_tegalsari02,Pekalongan,32749,109.770909,-6.905462,6/26/2024,2,Drone (rice field)
09_batang04_tegalsari02,Pekalongan,32749,109.771642,-6.906058,6/26/2024,2,Drone (rice field)
10_batang05_klidangwetan,Pekalongan,32749,109.754643,-6.900533,6/26/2024,2,Drone (rice field)
06_batang01_sambong,Pekalongan,32749,109.748243,-6.908808,6/26/2024,2,Drone (rice field)
06_batang01_sambong,Pekalongan,32749,109.749177,-6.909928,6/26/2024,2,Drone (rice field)
06_batang01_sambong,Pekalongan,32749,109.749271,-6.909103,6/26/2024,2,Drone (rice field)
06_batang01_sambong,Pekalongan,32749,109.750132,-6.90868,6/26/2024,2,Drone (rice field)
11_pemalang01_widuri,Brebes_Tegal,32749,109.382434,-6.874009,6/27/2024,2,Drone (rice field)
10_batang05_klidangwetan,Pekalongan,32749,109.755533,-6.901805,6/26/2024,2,Drone (rice field)
13_pemalang03_beji,Brebes_Tegal,32749,109.430061,-6.895386,6/27/2024,2,Drone (rice field)
09_batang04_tegalsari02,Pekalongan,32749,109.77091,-6.90501,6/26/2024,2,Drone (rice field)
13_pemalang03_beji,Brebes_Tegal,32749,109.430272,-6.894547,6/27/2024,3,Drone (rice field)
12_pemalang02_danasari,Brebes_Tegal,32749,109.391389,-6.870963,6/27/2024,2,Drone (rice field)
10_batang05_klidangwetan,Pekalongan,32749,109.755535,-6.901353,6/26/2024,2,Drone (rice field)
06_batang01_sambong,Pekalongan,32749,109.750376,-6.909166,6/26/2024,2,Drone (rice field)
06_batang01_sambong,Pekalongan,32749,109.747999,-6.909204,6/26/2024,2,Drone (rice field)
10_batang05_klidangwetan,Pekalongan,32749,109.754276,-6.900241,6/26/2024,2,Drone (rice field)
11_pemalang01_widuri,Brebes_Tegal,32749,109.381899,-6.875033,6/27/2024,2,Drone (rice field)
13_pemalang03_beji,Brebes_Tegal,32749,109.429476,-6.894675,6/27/2024,3,Drone (rice field)
06_batang01_sambong,Pekalongan,32749,109.749389,-6.908407,6/26/2024,2,Drone (rice field)
09_batang04_tegalsari02,Pekalongan,32749,109.771814,-6.905464,6/26/2024,2,Drone (rice field)
08_batang03_tegalsari,Pekalongan,32749,109.773227,-6.90633,6/26/2024,2,Drone (rice field)
06_batang01_sambong,Pekalongan,32749,109.748541,-6.908896,6/26/2024,2,Drone (rice field)
06_batang01_sambong,Pekalongan,32749,109.750068,-6.910057,6/26/2024,2,Drone (rice field)
09_batang04_tegalsari02,Pekalongan,32749,109.77136,-6.905916,6/26/2024,2,Drone (rice field)
10_batang05_klidangwetan,Pekalongan,32749,109.755985,-6.902258,6/26/2024,2,Drone (rice field)
09_batang04_tegalsari02,Pekalongan,32749,109.771375,-6.905761,6/26/2024,2,Drone (rice field)
09_batang04_tegalsari02,Pekalongan,32749,109.771284,-6.906307,6/26/2024,2,Drone (rice field)
10_batang05_klidangwetan,Pekalongan,32749,109.756476,-6.900767,6/26/2024,2,Drone (rice field)
09_batang04_tegalsari02,Pekalongan,32749,109.771867,-6.906042,6/26/2024,2,Drone (rice field)
09_batang04_tegalsari02,Pekalongan,32749,109.771746,-6.905333,6/26/2024,2,Drone (rice field)
07_batang02_sambong02,Pekalongan,32749,109.747237,-6.91052,6/26/2024,1,Drone (rice field)
11_pemalang01_widuri,Brebes_Tegal,32749,109.380825,-6.874141,6/27/2024,3,Drone (rice field)
10_batang05_klidangwetan,Pekalongan,32749,109.754449,-6.900159,6/26/2024,1,Drone (rice field)
12_pemalang02_danasari,Brebes_Tegal,32749,109.392114,-6.871862,6/27/2024,2,Drone (rice field)
11_pemalang01_widuri,Brebes_Tegal,32749,109.38306,-6.874616,6/27/2024,3,Drone (rice field)
06_batang01_sambong,Pekalongan,32749,109.750106,-6.909077,6/26/2024,2,Drone (rice field)
06_batang01_sambong,Pekalongan,32749,109.750314,-6.908476,6/26/2024,2,Drone (rice field)
06_batang01_sambong,Pekalongan,32749,109.748158,-6.907728,6/26/2024,2,Drone (rice field)
10_batang05_klidangwetan,Pekalongan,32749,109.755448,-6.901042,6/26/2024,2,Drone (rice field)
11_pemalang01_widuri,Brebes_Tegal,32749,109.383167,-6.873582,6/27/2024,2,Drone (rice field)
09_batang04_tegalsari02,Pekalongan,32749,109.771362,-6.905011,6/26/2024,2,Drone (rice field)
09_batang04_tegalsari02,Pekalongan,32749,109.771357,-6.905003,6/26/2024,2,Drone (rice field)
12_pemalang02_danasari,Brebes_Tegal,32749,109.391084,-6.871183,6/27/2024,2,Drone (rice field)
11_pemalang01_widuri,Brebes_Tegal,32749,109.383091,-6.874289,6/27/2024,2,Drone (rice field)
09_batang04_tegalsari02,Pekalongan,32749,109.77111,-6.904997,6/26/2024,2,Drone (rice field)
06_batang01_sambong,Pekalongan,32749,109.748278,-6.907664,6/26/2024,2,Drone (rice field)
06_batang01_sambong,Pekalongan,32749,109.74914,-6.908832,6/26/2024,2,Drone (rice field)
11_pemalang01_widuri,Brebes_Tegal,32749,109.381355,-6.87463,6/27/2024,2,Drone (rice field)
06_batang01_sambong,Pekalongan,32749,109.749078,-6.909182,6/26/2024,2,Drone (rice field)
09_batang04_tegalsari02,Pekalongan,32749,109.770856,-6.905789,6/26/2024,2,Drone (rice field)
06_batang01_sambong,Pekalongan,32749,109.74793,-6.907788,6/26/2024,2,Drone (rice field)
11_pemalang01_widuri,Brebes_Tegal,32749,109.382741,-6.873335,6/27/2024,2,Drone (rice field)
06_batang01_sambong,Pekalongan,32749,109.747967,-6.908529,6/26/2024,2,Drone (rice field)
12_pemalang02_danasari,Brebes_Tegal,32749,109.391541,-6.872372,6/27/2024,2,Drone (rice field)
08_batang03_tegalsari,Pekalongan,32749,109.773307,-6.905436,6/26/2024,2,Drone (rice field)
10_batang05_klidangwetan,Pekalongan,32749,109.75644,-6.901355,6/26/2024,2,Drone (rice field)
08_batang03_tegalsari,Pekalongan,32749,109.772543,-6.907498,6/26/2024,2,Drone (rice field)
08_batang03_tegalsari,Pekalongan,32749,109.773041,-6.90744,6/26/2024,1,Drone (rice field)
06_batang01_sambong,Pekalongan,32749,109.747844,-6.908026,6/26/2024,2,Drone (rice field)
08_batang03_tegalsari,Pekalongan,32749,109.773168,-6.906825,6/26/2024,2,Drone (rice field)
08_batang03_tegalsari,Pekalongan,32749,109.773328,-6.905921,6/26/2024,2,Drone (rice field)
09_batang04_tegalsari02,Pekalongan,32749,109.771777,-6.906402,6/26/2024,2,Drone (rice field)
06_batang01_sambong,Pekalongan,32749,109.748727,-6.909022,6/26/2024,2,Drone (rice field)
11_pemalang01_widuri,Brebes_Tegal,32749,109.380992,-6.874457,6/27/2024,3,Drone (rice field)
03_Jepara03_SowanLor,Semarang_Demak,32749,110.677265,-6.686814,6/24/2024,3,Drone (50x50)
15_tegal01_dukuhwaru,Brebes_Tegal,32749,109.09336,-6.970138,6/28/2024,5,Drone (rice field)
06_batang01_sambong,Pekalongan,32749,109.750008,-6.908286,6/26/2024,2,Drone (rice field)
12_pemalang02_danasari,Brebes_Tegal,32749,109.391032,-6.870516,6/27/2024,2,Drone (rice field)
06_batang01_sambong,Pekalongan,32749,109.748385,-6.908017,6/26/2024,2,Drone (rice field)
08_batang03_tegalsari,Pekalongan,32749,109.772353,-6.906769,6/26/2024,2,Drone (rice field)
11_pemalang01_widuri,Brebes_Tegal,32749,109.381744,-6.87475,6/27/2024,2,Drone (rice field)
06_batang01_sambong,Pekalongan,32749,109.747663,-6.909167,6/26/2024,2,Drone (rice field)
01_Jepara01_Rau,Semarang_Demak,32749,110.664473,-6.654041,6/24/2024,2,Drone (rice field)
01_Jepara01_Rau,Semarang_Demak,32749,110.66372,-6.653014,6/24/2024,2,Drone (rice field)
06_batang01_sambong,Pekalongan,32749,109.747824,-6.908115,6/26/2024,2,Drone (rice field)
11_pemalang01_widuri,Brebes_Tegal,32749,109.381153,-6.874044,6/27/2024,3,Drone (rice field)
06_batang01_sambong,Pekalongan,32749,109.749969,-6.908722,6/26/2024,2,Drone (rice field)
06_batang01_sambong,Pekalongan,32749,109.750048,-6.907717,6/26/2024,2,Drone (rice field)
09_batang04_tegalsari02,Pekalongan,32749,109.771759,-6.905658,6/26/2024,2,Drone (rice field)
12_pemalang02_danasari,Brebes_Tegal,32749,109.390051,-6.871323,6/27/2024,2,Drone (rice field)
11_pemalang01_widuri,Brebes_Tegal,32749,109.383086,-6.874781,6/27/2024,2,Drone (rice field)
12_pemalang02_danasari,Brebes_Tegal,32749,109.392059,-6.871425,6/27/2024,2,Drone (rice field)
06_batang01_sambong,Pekalongan,32749,109.748685,-6.909142,6/26/2024,2,Drone (rice field)
07_batang02_sambong02,Pekalongan,32749,109.746238,-6.911218,6/26/2024,2,Drone (rice field)
01_Jepara01_Rau,Semarang_Demak,32749,110.663834,-6.654603,6/24/2024,2,Drone (rice field)
06_batang01_sambong,Pekalongan,32749,109.749869,-6.907872,6/26/2024,2,Drone (rice field)
12_pemalang02_danasari,Brebes_Tegal,32749,109.390301,-6.871833,6/27/2024,2,Drone (rice field)
06_batang01_sambong,Pekalongan,32749,109.750085,-6.909026,6/26/2024,2,Drone (rice field)
10_batang05_klidangwetan,Pekalongan,32749,109.756318,-6.901108,6/26/2024,2,Drone (rice field)
07_batang02_sambong02,Pekalongan,32749,109.746638,-6.91059,6/26/2024,1,Drone (rice field)
12_pemalang02_danasari,Brebes_Tegal,32749,109.391406,-6.87178,6/27/2024,2,Drone (rice field)
11_pemalang01_widuri,Brebes_Tegal,32749,109.380838,-6.873781,6/27/2024,3,Drone (rice field)
06_batang01_sambong,Pekalongan,32749,109.748275,-6.909021,6/26/2024,2,Drone (rice field)
06_batang01_sambong,Pekalongan,32749,109.748387,-6.908848,6/26/2024,2,Drone (rice field)
12_pemalang02_danasari,Brebes_Tegal,32749,109.390597,-6.871272,6/27/2024,2,Drone (rice field)
11_pemalang01_widuri,Brebes_Tegal,32749,109.380833,-6.87391,6/27/2024,3,Drone (rice field)
06_batang01_sambong,Pekalongan,32749,109.749442,-6.907919,6/26/2024,2,Drone (rice field)
11_pemalang01_widuri,Brebes_Tegal,32749,109.383018,-6.873559,6/27/2024,2,Drone (rice field)
Selomerto 1,Pekalongan,32749,109.881522,-7.409036,6/27/2024,1,Drone (rice field)
06_batang01_sambong,Pekalongan,32749,109.75049,-6.908057,6/26/2024,2,Drone (rice field)
16_tegal02_pagarbarang,Brebes_Tegal,32749,109.05354,-6.994706,6/28/2024,4,Drone (rice field)
06_batang01_sambong,Pekalongan,32749,109.750203,-6.909312,6/26/2024,2,Drone (rice field)
10_batang05_klidangwetan,Pekalongan,32749,109.754789,-6.900536,6/26/2024,1,Drone (rice field)
06_batang01_sambong,Pekalongan,32749,109.7492,-6.909823,6/26/2024,2,Drone (rice field)
08_batang03_tegalsari,Pekalongan,32749,109.771934,-6.906693,6/26/2024,2,Drone (rice field)
06_batang01_sambong,Pekalongan,32749,109.750087,-6.908121,6/26/2024,2,Drone (rice field)
07_batang02_sambong02,Pekalongan,32749,109.743756,-6.909283,6/26/2024,1,Drone (rice field)
09_batang04_tegalsari02,Pekalongan,32749,109.771564,-6.906063,6/26/2024,2,Drone (rice field)
06_batang01_sambong,Pekalongan,32749,109.748273,-6.909473,6/26/2024,2,Drone (rice field)
10_batang05_klidangwetan,Pekalongan,32749,109.755724,-6.901038,6/26/2024,2,Drone (rice field)
12_pemalang02_danasari,Brebes_Tegal,32749,109.390277,-6.87148,6/27/2024,2,Drone (rice field)
08_batang03_tegalsari,Pekalongan,32749,109.771939,-6.907469,6/26/2024,2,Drone (rice field)
12_pemalang02_danasari,Brebes_Tegal,32749,109.390101,-6.871128,6/27/2024,2,Drone (rice field)
12_pemalang02_danasari,Brebes_Tegal,32749,109.390429,-6.871285,6/27/2024,2,Drone (rice field)
09_batang04_tegalsari02,Pekalongan,32749,109.770906,-6.906367,6/26/2024,2,Drone (rice field)
07_batang02_sambong02,Pekalongan,32749,109.746378,-6.910613,6/26/2024,2,Drone (rice field)
06_batang01_sambong,Pekalongan,32749,109.748123,-6.908697,6/26/2024,2,Drone (rice field)
12_pemalang02_danasari,Brebes_Tegal,32749,109.390952,-6.87223,6/27/2024,2,Drone (rice field)
11_pemalang01_widuri,Brebes_Tegal,32749,109.380852,-6.873628,6/27/2024,1,Drone (rice field)
06_batang01_sambong,Pekalongan,32749,109.750161,-6.908219,6/26/2024,2,Drone (rice field)
10_batang05_klidangwetan,Pekalongan,32749,109.756312,-6.901397,6/26/2024,2,Drone (rice field)
08_batang03_tegalsari,Pekalongan,32749,109.771948,-6.907583,6/26/2024,2,Drone (rice field)
12_pemalang02_danasari,Brebes_Tegal,32749,109.390955,-6.871326,6/27/2024,2,Drone (rice field)
11_pemalang01_widuri,Brebes_Tegal,32749,109.382915,-6.875304,6/27/2024,3,Drone (rice field)
11_pemalang01_widuri,Brebes_Tegal,32749,109.3819,-6.873556,6/27/2024,1,Drone (rice field)
11_pemalang01_widuri,Brebes_Tegal,32749,109.382498,-6.874361,6/27/2024,2,Drone (rice field)
06_batang01_sambong,Pekalongan,32749,109.749208,-6.908468,6/26/2024,2,Drone (rice field)
08_batang03_tegalsari,Pekalongan,32749,109.772533,-6.906742,6/26/2024,1,Drone (rice field)
12_pemalang02_danasari,Brebes_Tegal,32749,109.390373,-6.870496,6/27/2024,2,Drone (rice field)
10_batang05_klidangwetan,Pekalongan,32749,109.754729,-6.900967,6/26/2024,2,Drone (rice field)
12_pemalang02_danasari,Brebes_Tegal,32749,109.391772,-6.871704,6/27/2024,2,Drone (rice field)
10_batang05_klidangwetan,Pekalongan,32749,109.756411,-6.901437,6/26/2024,2,Drone (rice field)
13_pemalang03_beji,Brebes_Tegal,32749,109.429612,-6.89448,6/27/2024,3,Drone (rice field)
12_pemalang02_danasari,Brebes_Tegal,32749,109.391408,-6.871328,6/27/2024,2,Drone (rice field)
13_pemalang03_beji,Brebes_Tegal,32749,109.429861,-6.895573,6/27/2024,3,Drone (rice field)
01_Jepara01_Rau,Semarang_Demak,32749,110.664577,-6.654085,6/24/2024,2,Drone (rice field)
11_pemalang01_widuri,Brebes_Tegal,32749,109.381156,-6.873926,6/27/2024,3,Drone (rice field)
13_pemalang03_beji,Brebes_Tegal,32749,109.428791,-6.896655,6/27/2024,3,Drone (rice field)
06_batang01_sambong,Pekalongan,32749,109.748729,-6.908118,6/26/2024,2,Drone (rice field)
05_Jepara05_TunggulPandean,Semarang_Demak,32749,110.765699,-6.763158,6/24/2024,3,Field Survey
13_pemalang03_beji,Brebes_Tegal,32749,109.430064,-6.894482,6/27/2024,3,Drone (rice field)
13_pemalang03_beji,Brebes_Tegal,32749,109.430056,-6.894544,6/27/2024,3,Drone (rice field)
13_pemalang03_beji,Brebes_Tegal,32749,109.430135,-6.895461,6/27/2024,2,Drone (rice field)
10_batang05_klidangwetan,Pekalongan,32749,109.754557,-6.90163,6/26/2024,2,Drone (rice field)
08_batang03_tegalsari,Pekalongan,32749,109.773047,-6.907134,6/26/2024,1,Drone (rice field)
11_pemalang01_widuri,Brebes_Tegal,32749,109.381841,-6.873966,6/27/2024,3,Drone (rice field)
07_batang02_sambong02,Pekalongan,32749,109.746773,-6.910737,6/26/2024,1,Drone (rice field)
01_Jepara01_Rau,Semarang_Demak,32749,110.663757,-6.652378,6/24/2024,2,Drone (rice field)
10_batang05_klidangwetan,Pekalongan,32749,109.755465,-6.901323,6/26/2024,2,Drone (rice field)
11_pemalang01_widuri,Brebes_Tegal,32749,109.382156,-6.873985,6/27/2024,3,Drone (rice field)
14_pemalang04_taman,Brebes_Tegal,32749,109.406692,-6.89613,6/27/2024,4,Drone (rice field)
11_pemalang01_widuri,Brebes_Tegal,32749,109.38095,-6.874588,6/27/2024,2,Drone (rice field)
06_batang01_sambong,Pekalongan,32749,109.747723,-6.909549,6/26/2024,2,Drone (rice field)
14_pemalang04_taman,Brebes_Tegal,32749,109.406778,-6.89726,6/27/2024,3,Drone (rice field)
06_batang01_sambong,Pekalongan,32749,109.748996,-6.908528,6/26/2024,2,Drone (rice field)
16_tegal02_pagarbarang,Brebes_Tegal,32749,109.053636,-6.993275,6/28/2024,4,Drone (rice field)
11_pemalang01_widuri,Brebes_Tegal,32749,109.382695,-6.875283,6/27/2024,3,Drone (rice field)
10_batang05_klidangwetan,Pekalongan,32749,109.754599,-6.900674,6/26/2024,1,Drone (rice field)
13_pemalang03_beji,Brebes_Tegal,32749,109.429473,-6.895642,6/27/2024,3,Drone (rice field)
13_pemalang03_beji,Brebes_Tegal,32749,109.429472,-6.89556,6/27/2024,3,Drone (rice field)
06_batang01_sambong,Pekalongan,32749,109.749869,-6.908037,6/26/2024,2,Drone (rice field)
12_pemalang02_danasari,Brebes_Tegal,32749,109.391411,-6.870423,6/27/2024,2,Drone (rice field)
13_pemalang03_beji,Brebes_Tegal,32749,109.42964,-6.894681,6/27/2024,3,Drone (rice field)
15_tegal01_dukuhwaru,Brebes_Tegal,32749,109.094938,-6.969962,6/28/2024,4,Drone (rice field)
10_batang05_klidangwetan,Pekalongan,32749,109.754683,-6.900608,6/26/2024,1,Drone (rice field)
11_pemalang01_widuri,Brebes_Tegal,32749,109.383062,-6.874505,6/27/2024,2,Drone (rice field)
11_pemalang01_widuri,Brebes_Tegal,32749,109.382802,-6.874464,6/27/2024,2,Drone (rice field)
01_Jepara01_Rau,Semarang_Demak,32749,110.663713,-6.654244,6/24/2024,2,Drone (50x50)
10_batang05_klidangwetan,Pekalongan,32749,109.754642,-6.901861,6/26/2024,2,Drone (rice field)
13_pemalang03_beji,Brebes_Tegal,32749,109.429871,-6.894982,6/27/2024,2,Drone (rice field)
08_batang03_tegalsari,Pekalongan,32749,109.772264,-6.90637,6/26/2024,2,Drone (rice field)
06_batang01_sambong,Pekalongan,32749,109.75028,-6.907924,6/26/2024,2,Drone (rice field)
06_batang01_sambong,Pekalongan,32749,109.750257,-6.90787,6/26/2024,2,Drone (rice field)
12_pemalang02_danasari,Brebes_Tegal,32749,109.391408,-6.871187,6/27/2024,2,Drone (rice field)
01_Jepara01_Rau,Semarang_Demak,32749,110.663475,-6.654969,6/24/2024,2,Drone (rice field)
07_batang02_sambong02,Pekalongan,32749,109.743747,-6.909913,6/26/2024,1,Drone (rice field)
07_batang02_sambong02,Pekalongan,32749,109.743757,-6.909896,6/26/2024,1,Drone (rice field)
Tanjungrejo,Pekalongan,32749,109.927726,-7.741099,6/24/2024,2,Drone (50x50)
10_batang05_klidangwetan,Pekalongan,32749,109.755228,-6.90057,6/26/2024,2,Drone (rice field)
11_pemalang01_widuri,Brebes_Tegal,32749,109.38216,-6.874846,6/27/2024,2,Drone (rice field)
11_pemalang01_widuri,Brebes_Tegal,32749,109.381824,-6.874338,6/27/2024,3,Drone (rice field)
07_batang02_sambong02,Pekalongan,32749,109.743925,-6.909615,6/26/2024,1,Drone (rice field)
07_batang02_sambong02,Pekalongan,32749,109.743689,-6.909564,6/26/2024,1,Drone (rice field)
12_pemalang02_danasari,Brebes_Tegal,32749,109.391191,-6.870497,6/27/2024,2,Drone (rice field)
08_batang03_tegalsari,Pekalongan,32749,109.772719,-6.905467,6/26/2024,2,Drone (rice field)
08_batang03_tegalsari,Pekalongan,32749,109.7727,-6.905513,6/26/2024,2,Drone (rice field)
16_tegal02_pagarbarang,Brebes_Tegal,32749,109.052648,-6.993688,6/28/2024,4,Drone (rice field)
13_pemalang03_beji,Brebes_Tegal,32749,109.430054,-6.894405,6/27/2024,3,Drone (rice field)
13_pemalang03_beji,Brebes_Tegal,32749,109.428911,-6.895767,6/27/2024,1,Drone (rice field)
10_batang05_klidangwetan,Pekalongan,32749,109.756086,-6.901361,6/26/2024,2,Drone (rice field)
06_batang01_sambong,Pekalongan,32749,109.747823,-6.908567,6/26/2024,2,Drone (rice field)
06_batang01_sambong,Pekalongan,32749,109.748806,-6.90953,6/26/2024,2,Drone (rice field)
11_pemalang01_widuri,Brebes_Tegal,32749,109.381918,-6.875128,6/27/2024,2,Drone (rice field)
11_pemalang01_widuri,Brebes_Tegal,32749,109.382437,-6.873862,6/27/2024,2,Drone (rice field)
13_pemalang03_beji,Brebes_Tegal,32749,109.428704,-6.895381,6/27/2024,6,Drone (rice field)
13_pemalang03_beji,Brebes_Tegal,32749,109.428645,-6.895431,6/27/2024,6,Drone (rice field)
08_batang03_tegalsari,Pekalongan,32749,109.77323,-6.905656,6/26/2024,2,Drone (rice field)
11_pemalang01_widuri,Brebes_Tegal,32749,109.382499,-6.874279,6/27/2024,2,Drone (rice field)
06_batang01_sambong,Pekalongan,32749,109.749493,-6.907752,6/26/2024,2,Drone (rice field)
16_tegal02_pagarbarang,Brebes_Tegal,32749,109.053558,-6.994523,6/28/2024,4,Drone (rice field)
15_tegal01_dukuhwaru,Brebes_Tegal,32749,109.093643,-6.97024,6/28/2024,5,Drone (rice field)
13_pemalang03_beji,Brebes_Tegal,32749,109.429517,-6.895706,6/27/2024,3,Drone (rice field)
09_batang04_tegalsari02,Pekalongan,32749,109.770675,-6.905926,6/26/2024,2,Drone (rice field)
Bendungan,Pekalongan,32749,109.949745,-7.781921,6/24/2024,2,Drone (50x50)
11_pemalang01_widuri,Brebes_Tegal,32749,109.381045,-6.875035,6/27/2024,2,Drone (rice field)
06_batang01_sambong,Pekalongan,32749,109.749032,-6.907967,6/26/2024,2,Drone (rice field)
12_pemalang02_danasari,Brebes_Tegal,32749,109.392036,-6.872261,6/27/2024,2,Drone (rice field)
11_pemalang01_widuri,Brebes_Tegal,32749,109.383071,-6.874378,6/27/2024,2,Drone (rice field)
06_batang01_sambong,Pekalongan,32749,109.750133,-6.909702,6/26/2024,2,Drone (rice field)
06_batang01_sambong,Pekalongan,32749,109.75029,-6.908929,6/26/2024,2,Drone (rice field)
13_pemalang03_beji,Brebes_Tegal,32749,109.428485,-6.896657,6/27/2024,3,Drone (rice field)
13_pemalang03_beji,Brebes_Tegal,32749,109.428668,-6.894818,6/27/2024,6,Drone (rice field)
14_pemalang04_taman,Brebes_Tegal,32749,109.406042,-6.896318,6/27/2024,3,Drone (rice field)
07_batang02_sambong02,Pekalongan,32749,109.743746,-6.910365,6/26/2024,6,Drone (rice field)
Tanjungrejo,Pekalongan,32749,109.928503,-7.741445,6/24/2024,2,Drone (50x50)
10_batang05_klidangwetan,Pekalongan,32749,109.754701,-6.900343,6/26/2024,2,Drone (rice field)
13_pemalang03_beji,Brebes_Tegal,32749,109.430274,-6.894986,6/27/2024,2,Drone (rice field)
13_pemalang03_beji,Brebes_Tegal,32749,109.429637,-6.894538,6/27/2024,3,Drone (rice field)
14_pemalang04_taman,Brebes_Tegal,32749,109.406701,-6.897694,6/27/2024,3,Drone (rice field)
11_pemalang01_widuri,Brebes_Tegal,32749,109.383116,-6.873873,6/27/2024,2,Drone (rice field)
12_pemalang02_danasari,Brebes_Tegal,32749,109.390145,-6.872033,6/27/2024,2,Drone (rice field)
16_tegal02_pagarbarang,Brebes_Tegal,32749,109.05358,-6.994316,6/28/2024,4,Drone (rice field)
06_batang01_sambong,Pekalongan,32749,109.750444,-6.9086,6/26/2024,2,Drone (rice field)
13_pemalang03_beji,Brebes_Tegal,32749,109.429633,-6.894399,6/27/2024,3,Drone (rice field)
01_Jepara01_Rau,Semarang_Demak,32749,110.663682,-6.652786,6/24/2024,2,Drone (rice field)
06_batang01_sambong,Pekalongan,32749,109.748608,-6.909545,6/26/2024,2,Drone (rice field)
14_pemalang04_taman,Brebes_Tegal,32749,109.407253,-6.896393,6/27/2024,4,Drone (rice field)
13_pemalang03_beji,Brebes_Tegal,32749,109.429463,-6.894397,6/27/2024,3,Drone (rice field)
11_pemalang01_widuri,Brebes_Tegal,32749,109.382057,-6.873592,6/27/2024,1,Drone (rice field)
15_tegal01_dukuhwaru,Brebes_Tegal,32749,109.094722,-6.970681,6/28/2024,5,Drone (rice field)
Tanjungrejo,Pekalongan,32749,109.926852,-7.7426,6/24/2024,2,Drone (50x50)
01_Jepara01_Rau,Semarang_Demak,32749,110.662853,-6.652651,6/24/2024,2,Drone (rice field)
11_pemalang01_widuri,Brebes_Tegal,32749,109.381445,-6.874459,6/27/2024,3,Drone (rice field)
06_batang01_sambong,Pekalongan,32749,109.747802,-6.909222,6/26/2024,2,Drone (rice field)
14_pemalang04_taman,Brebes_Tegal,32749,109.407363,-6.896403,6/27/2024,4,Drone (rice field)
16_tegal02_pagarbarang,Brebes_Tegal,32749,109.053362,-6.994696,6/28/2024,4,Drone (rice field)
11_pemalang01_widuri,Brebes_Tegal,32749,109.381601,-6.875095,6/27/2024,2,Drone (rice field)
07_batang02_sambong02,Pekalongan,32749,109.747104,-6.910646,6/26/2024,1,Drone (rice field)
10_batang05_klidangwetan,Pekalongan,32749,109.755741,-6.901325,6/26/2024,2,Drone (rice field)
01_Jepara01_Rau,Semarang_Demak,32749,110.663709,-6.655055,6/24/2024,2,Drone (rice field)
08_batang03_tegalsari,Pekalongan,32749,109.773219,-6.907394,6/26/2024,1,Drone (rice field)
06_batang01_sambong,Pekalongan,32749,109.749178,-6.909475,6/26/2024,2,Drone (rice field)
06_batang01_sambong,Pekalongan,32749,109.749207,-6.909474,6/26/2024,2,Drone (rice field)
06_batang01_sambong,Pekalongan,32749,109.747826,-6.908393,6/26/2024,2,Drone (rice field)
Kedungsari,Pekalongan,32749,110.195696,-7.868876,6/25/2024,6,Drone (rice field)
06_batang01_sambong,Pekalongan,32749,109.749807,-6.909737,6/26/2024,2,Drone (rice field)
10_batang05_klidangwetan,Pekalongan,32749,109.754797,-6.901886,6/26/2024,2,Drone (rice field)
08_batang03_tegalsari,Pekalongan,32749,109.773171,-6.905468,6/26/2024,2,Drone (rice field)
Kedungsari,Pekalongan,32749,110.195631,-7.869229,6/25/2024,2,Drone (rice field)
13_pemalang03_beji,Brebes_Tegal,32749,109.429655,-6.895648,6/27/2024,3,Drone (rice field)
06_batang01_sambong,Pekalongan,32749,109.747905,-6.908076,6/26/2024,2,Drone (rice field)
Tanjungrejo,Pekalongan,32749,109.927456,-7.742018,6/24/2024,2,Drone (50x50)
01_Jepara01_Rau,Semarang_Demak,32749,110.664359,-6.653895,6/24/2024,2,Drone (rice field)
07_batang02_sambong02,Pekalongan,32749,109.743748,-6.909461,6/26/2024,1,Drone (rice field)
11_pemalang01_widuri,Brebes_Tegal,32749,109.381189,-6.87496,6/27/2024,2,Drone (rice field)
12_pemalang02_danasari,Brebes_Tegal,32749,109.391428,-6.871444,6/27/2024,2,Drone (rice field)
08_batang03_tegalsari,Pekalongan,32749,109.772717,-6.905919,6/26/2024,2,Drone (rice field)
07_batang02_sambong02,Pekalongan,32749,109.746332,-6.91098,6/26/2024,2,Drone (rice field)
08_batang03_tegalsari,Pekalongan,32749,109.772693,-6.905904,6/26/2024,2,Drone (rice field)
10_batang05_klidangwetan,Pekalongan,32749,109.754014,-6.900619,6/26/2024,2,Drone (rice field)
11_pemalang01_widuri,Brebes_Tegal,32749,109.381897,-6.87446,6/27/2024,3,Drone (rice field)
11_pemalang01_widuri,Brebes_Tegal,32749,109.381494,-6.874064,6/27/2024,3,Drone (rice field)
06_batang01_sambong,Pekalongan,32749,109.749481,-6.909795,6/26/2024,2,Drone (rice field)
11_pemalang01_widuri,Brebes_Tegal,32749,109.381446,-6.874007,6/27/2024,3,Drone (rice field)
10_batang05_klidangwetan,Pekalongan,32749,109.754269,-6.899686,6/26/2024,2,Drone (rice field)
Janggawur,Pekalongan,32749,109.674039,-7.388287,6/27/2024,6,Drone (rice field)
11_pemalang01_widuri,Brebes_Tegal,32749,109.3828,-6.874916,6/27/2024,2,Drone (rice field)
13_pemalang03_beji,Brebes_Tegal,32749,109.429646,-6.895765,6/27/2024,3,Drone (rice field)
06_batang01_sambong,Pekalongan,32749,109.747595,-6.909497,6/26/2024,2,Drone (rice field)
06_batang01_sambong,Pekalongan,32749,109.74918,-6.909023,6/26/2024,2,Drone (rice field)
13_pemalang03_beji,Brebes_Tegal,32749,109.429657,-6.895566,6/27/2024,3,Drone (rice field)
10_batang05_klidangwetan,Pekalongan,32749,109.754335,-6.901581,6/26/2024,2,Drone (rice field)
14_pemalang04_taman,Brebes_Tegal,32749,109.406706,-6.896246,6/27/2024,4,Drone (rice field)
Tanjungrejo,Pekalongan,32749,109.927291,-7.74108,6/24/2024,2,Field Survey
11_pemalang01_widuri,Brebes_Tegal,32749,109.381847,-6.873836,6/27/2024,3,Drone (rice field)
12_pemalang02_danasari,Brebes_Tegal,32749,109.391248,-6.871167,6/27/2024,2,Drone (rice field)
13_pemalang03_beji,Brebes_Tegal,32749,109.428748,-6.895227,6/27/2024,6,Drone (rice field)
15_tegal01_dukuhwaru,Brebes_Tegal,32749,109.095262,-6.970894,6/28/2024,5,Drone (rice field)
Bendungan,Pekalongan,32749,109.949125,-7.781481,6/24/2024,2,Field Survey
01_Jepara01_Rau,Semarang_Demak,32749,110.664166,-6.653792,6/24/2024,2,Drone (50x50)
01_Jepara01_Rau,Semarang_Demak,32749,110.6641,-6.655007,6/24/2024,2,Drone (rice field)
11_pemalang01_widuri,Brebes_Tegal,32749,109.38256,-6.875102,6/27/2024,3,Drone (rice field)
12_pemalang02_danasari,Brebes_Tegal,32749,109.392013,-6.872136,6/27/2024,2,Drone (rice field)
01_Jepara01_Rau,Semarang_Demak,32749,110.663195,-6.652826,6/24/2024,2,Drone (rice field)
07_batang02_sambong02,Pekalongan,32749,109.744199,-6.910367,6/26/2024,6,Drone (rice field)
10_batang05_klidangwetan,Pekalongan,32749,109.754458,-6.900657,6/26/2024,2,Drone (rice field)
06_batang01_sambong,Pekalongan,32749,109.748952,-6.908232,6/26/2024,2,Drone (rice field)
13_pemalang03_beji,Brebes_Tegal,32749,109.429879,-6.895298,6/27/2024,2,Drone (rice field)
12_pemalang02_danasari,Brebes_Tegal,32749,109.391452,-6.871755,6/27/2024,2,Drone (rice field)
16_tegal02_pagarbarang,Brebes_Tegal,32749,109.053296,-6.995899,6/28/2024,5,Drone (rice field)
Tanjungrejo,Pekalongan,32749,109.928404,-7.741428,6/24/2024,2,Drone (50x50)
14_pemalang04_taman,Brebes_Tegal,32749,109.406863,-6.895811,6/27/2024,4,Drone (rice field)
12_pemalang02_danasari,Brebes_Tegal,32749,109.3905,-6.872229,6/27/2024,2,Drone (rice field)
14_pemalang04_taman,Brebes_Tegal,32749,109.406125,-6.896808,6/27/2024,3,Drone (rice field)
13_pemalang03_beji,Brebes_Tegal,32749,109.43005,-6.894288,6/27/2024,3,Drone (rice field)
11_pemalang01_widuri,Brebes_Tegal,32749,109.381483,-6.874467,6/27/2024,3,Drone (rice field)
11_pemalang01_widuri,Brebes_Tegal,32749,109.381667,-6.874178,6/27/2024,3,Drone (rice field)
06_batang01_sambong,Pekalongan,32749,109.749631,-6.909477,6/26/2024,2,Drone (rice field)
12_pemalang02_danasari,Brebes_Tegal,32749,109.390622,-6.871611,6/27/2024,2,Drone (rice field)
06_batang01_sambong,Pekalongan,32749,109.749634,-6.90812,6/26/2024,2,Drone (rice field)
10_batang05_klidangwetan,Pekalongan,32749,109.756276,-6.902006,6/26/2024,2,Drone (rice field)
13_pemalang03_beji,Brebes_Tegal,32749,109.428797,-6.89686,6/27/2024,3,Drone (rice field)
12_pemalang02_danasari,Brebes_Tegal,32749,109.390729,-6.870821,6/27/2024,2,Drone (rice field)
16_tegal02_pagarbarang,Brebes_Tegal,32749,109.052408,-6.995581,6/28/2024,5,Drone (rice field)
01_Jepara01_Rau,Semarang_Demak,32749,110.662759,-6.652655,6/24/2024,2,Drone (rice field)
11_pemalang01_widuri,Brebes_Tegal,32749,109.381492,-6.874186,6/27/2024,3,Drone (rice field)
10_batang05_klidangwetan,Pekalongan,32749,109.755535,-6.90089,6/26/2024,2,Drone (rice field)
11_pemalang01_widuri,Brebes_Tegal,32749,109.380891,-6.874273,6/27/2024,3,Drone (rice field)
04_Jepara04_Krasak,Semarang_Demak,32749,110.70636,-6.715254,6/24/2024,2,Drone (rice field)
11_pemalang01_widuri,Brebes_Tegal,32749,109.382147,-6.874513,6/27/2024,3,Drone (rice field)
13_pemalang03_beji,Brebes_Tegal,32749,109.428964,-6.895582,6/27/2024,2,Drone (rice field)
11_pemalang01_widuri,Brebes_Tegal,32749,109.381884,-6.873694,6/27/2024,1,Drone (rice field)
01_Jepara01_Rau,Semarang_Demak,32749,110.663654,-6.652337,6/24/2024,2,Drone (rice field)
10_batang05_klidangwetan,Pekalongan,32749,109.755917,-6.901172,6/26/2024,2,Drone (rice field)
08_batang03_tegalsari,Pekalongan,32749,109.77317,-6.90592,6/26/2024,2,Drone (rice field)
07_batang02_sambong02,Pekalongan,32749,109.744071,-6.910203,6/26/2024,6,Drone (rice field)
01_Jepara01_Rau,Semarang_Demak,32749,110.663924,-6.65404,6/24/2024,2,Drone (rice field)
16_tegal02_pagarbarang,Brebes_Tegal,32749,109.053119,-6.99488,6/28/2024,4,Drone (rice field)
06_batang01_sambong,Pekalongan,32749,109.749473,-6.910021,6/26/2024,2,Drone (rice field)
13_pemalang03_beji,Brebes_Tegal,32749,109.429827,-6.894541,6/27/2024,3,Drone (rice field)
11_pemalang01_widuri,Brebes_Tegal,32749,109.38245,-6.873331,6/27/2024,2,Drone (rice field)
12_pemalang02_danasari,Brebes_Tegal,32749,109.391105,-6.87146,6/27/2024,2,Drone (rice field)
06_batang01_sambong,Pekalongan,32749,109.748869,-6.909196,6/26/2024,2,Drone (rice field)
Janggawur,Pekalongan,32749,109.674903,-7.38888,6/27/2024,6,Drone (rice field)
Janggawur,Pekalongan,32749,109.674907,-7.388844,6/27/2024,6,Drone (rice field)
12_pemalang02_danasari,Brebes_Tegal,32749,109.390609,-6.87144,6/27/2024,2,Drone (rice field)
15_tegal01_dukuhwaru,Brebes_Tegal,32749,109.094528,-6.971441,6/28/2024,4,Drone (rice field)
11_pemalang01_widuri,Brebes_Tegal,32749,109.381448,-6.873555,6/27/2024,1,Drone (rice field)
06_batang01_sambong,Pekalongan,32749,109.748275,-6.909597,6/26/2024,2,Drone (rice field)
08_batang03_tegalsari,Pekalongan,32749,109.772528,-6.906358,6/26/2024,2,Drone (rice field)
10_batang05_klidangwetan,Pekalongan,32749,109.754902,-6.899985,6/26/2024,2,Drone (rice field)
01_Jepara01_Rau,Semarang_Demak,32749,110.662972,-6.652623,6/24/2024,2,Drone (rice field)
Janggawur,Pekalongan,32749,109.674331,-7.388322,6/27/2024,6,Drone (rice field)
Janggawur,Pekalongan,32749,109.674409,-7.388333,6/27/2024,6,Drone (rice field)
Bangunjiwo,Semarang_Demak,32749,110.315559,-7.847077,6/24/2024,1,Drone (50x50)
13_pemalang03_beji,Brebes_Tegal,32749,109.429631,-6.894282,6/27/2024,3,Drone (rice field)
14_pemalang04_taman,Brebes_Tegal,32749,109.406703,-6.89715,6/27/2024,3,Drone (rice field)
10_batang05_klidangwetan,Pekalongan,32749,109.756425,-6.901097,6/26/2024,2,Drone (rice field)
11_pemalang01_widuri,Brebes_Tegal,32749,109.380994,-6.874005,6/27/2024,3,Drone (rice field)
06_batang01_sambong,Pekalongan,32749,109.750331,-6.908098,6/26/2024,2,Drone (rice field)
,Semarang_Demak,32749,110.473444,-7.318333,6/26/2024,4,Drone (rice field)
06_batang01_sambong,Pekalongan,32749,109.749549,-6.90953,6/26/2024,2,Drone (rice field)
01_Jepara01_Rau,Semarang_Demak,32749,110.664081,-6.655181,6/24/2024,2,Drone (rice field)
06_batang01_sambong,Pekalongan,32749,109.748726,-6.909474,6/26/2024,2,Drone (rice field)
10_batang05_klidangwetan,Pekalongan,32749,109.754027,-6.90029,6/26/2024,1,Drone (rice field)
12_pemalang02_danasari,Brebes_Tegal,32749,109.392128,-6.871985,6/27/2024,2,Drone (rice field)
01_Jepara01_Rau,Semarang_Demak,32749,110.663403,-6.654942,6/24/2024,2,Drone (rice field)
08_batang03_tegalsari,Pekalongan,32749,109.772904,-6.906823,6/26/2024,1,Drone (rice field)
10_batang05_klidangwetan,Pekalongan,32749,109.754551,-6.900322,6/26/2024,1,Drone (rice field)
15_tegal01_dukuhwaru,Brebes_Tegal,32749,109.094345,-6.971287,6/28/2024,5,Drone (rice field)
14_pemalang04_taman,Brebes_Tegal,32749,109.4066,-6.896773,6/27/2024,3,Drone (rice field)
06_batang01_sambong,Pekalongan,32749,109.74963,-6.909929,6/26/2024,2,Drone (rice field)
Janggawur,Pekalongan,32749,109.67436,-7.387884,6/27/2024,6,Drone (rice field)
13_pemalang03_beji,Brebes_Tegal,32749,109.428975,-6.896658,6/27/2024,3,Drone (rice field)
08_batang03_tegalsari,Pekalongan,32749,109.771935,-6.907219,6/26/2024,2,Drone (rice field)
Selomerto,Pekalongan,32749,109.880583,-7.410861,6/27/2024,3,Drone (rice field)
13_pemalang03_beji,Brebes_Tegal,32749,109.429466,-6.894536,6/27/2024,3,Drone (rice field)
06_batang01_sambong,Pekalongan,32749,109.749189,-6.909988,6/26/2024,2,Drone (rice field)
05_Jepara05_TunggulPandean,Semarang_Demak,32749,110.765695,-6.763098,6/24/2024,3,Drone (50x50)
Selomerto 2,Pekalongan,32749,109.880857,-7.411353,6/27/2024,3,Drone (rice field)
15_tegal01_dukuhwaru,Brebes_Tegal,32749,109.093928,-6.970046,6/28/2024,5,Drone (rice field)
01_Jepara01_Rau,Semarang_Demak,32749,110.663788,-6.653027,6/24/2024,2,Drone (rice field)
06_batang01_sambong,Pekalongan,32749,109.747742,-6.908791,6/26/2024,2,Drone (rice field)
10_batang05_klidangwetan,Pekalongan,32749,109.753875,-6.899466,6/26/2024,2,Drone (rice field)
15_tegal01_dukuhwaru,Brebes_Tegal,32749,109.093917,-6.970203,6/28/2024,5,Drone (rice field)
Tanjungrejo,Pekalongan,32749,109.92729,-7.741532,6/24/2024,3,Field Survey
11_pemalang01_widuri,Brebes_Tegal,32749,109.382151,-6.874949,6/27/2024,2,Drone (rice field)
12_pemalang02_danasari,Brebes_Tegal,32749,109.39127,-6.871445,6/27/2024,2,Drone (rice field)
09_batang04_tegalsari02,Pekalongan,32749,109.77095,-6.905903,6/26/2024,2,Drone (rice field)
09_batang04_tegalsari02,Pekalongan,32749,109.770907,-6.905914,6/26/2024,2,Drone (rice field)
09_batang04_tegalsari02,Pekalongan,32749,109.770783,-6.905423,6/26/2024,2,Drone (rice field)
15_tegal01_dukuhwaru,Brebes_Tegal,32749,109.093887,-6.970585,6/28/2024,5,Drone (rice field)
10_batang05_klidangwetan,Pekalongan,32749,109.755343,-6.900673,6/26/2024,1,Drone (rice field)
11_pemalang01_widuri,Brebes_Tegal,32749,109.382805,-6.873559,6/27/2024,2,Drone (rice field)
13_pemalang03_beji,Brebes_Tegal,32749,109.428856,-6.895587,6/27/2024,6,Drone (rice field)
11_pemalang01_widuri,Brebes_Tegal,32749,109.382756,-6.873558,6/27/2024,2,Drone (rice field)
11_pemalang01_widuri,Brebes_Tegal,32749,109.382461,-6.873411,6/27/2024,2,Drone (rice field)
Selomerto 1,Pekalongan,32749,109.881346,-7.409655,6/27/2024,6,Drone (rice field)
12_pemalang02_danasari,Brebes_Tegal,32749,109.390933,-6.87142,6/27/2024,2,Drone (rice field)
Bendungan,Pekalongan,32749,109.948602,-7.781367,6/24/2024,2,Drone (50x50)
06_batang01_sambong,Pekalongan,32749,109.750409,-6.908895,6/26/2024,2,Drone (rice field)
11_pemalang01_widuri,Brebes_Tegal,32749,109.383136,-6.874029,6/27/2024,2,Drone (rice field)
Tanjungrejo,Pekalongan,32749,109.928197,-7.741534,6/24/2024,3,Field Survey
12_pemalang02_danasari,Brebes_Tegal,32749,109.391526,-6.870705,6/27/2024,2,Drone (rice field)
12_pemalang02_danasari,Brebes_Tegal,32749,109.39041,-6.872327,6/27/2024,2,Drone (rice field)
Tanjungrejo,Pekalongan,32749,109.927594,-7.741083,6/24/2024,2,Drone (50x50)
Bendungan,Pekalongan,32749,109.949166,-7.781219,6/24/2024,2,Drone (50x50)
Bendungan,Pekalongan,32749,109.949154,-7.781266,6/24/2024,2,Drone (50x50)
01_Jepara01_Rau,Semarang_Demak,32749,110.66355,-6.652308,6/24/2024,2,Drone (rice field)
08_batang03_tegalsari,Pekalongan,32749,109.772883,-6.907478,6/26/2024,2,Drone (rice field)
13_pemalang03_beji,Brebes_Tegal,32749,109.430229,-6.896745,6/27/2024,4,Drone (rice field)
08_batang03_tegalsari,Pekalongan,32749,109.772716,-6.906371,6/26/2024,2,Drone (rice field)
10_batang05_klidangwetan,Pekalongan,32749,109.755086,-6.899995,6/26/2024,2,Drone (rice field)
10_batang05_klidangwetan,Pekalongan,32749,109.75415,-6.900167,6/26/2024,2,Drone (rice field)
11_pemalang01_widuri,Brebes_Tegal,32749,109.381895,-6.874913,6/27/2024,2,Drone (rice field)
14_pemalang04_taman,Brebes_Tegal,32749,109.406999,-6.89616,6/27/2024,4,Drone (rice field)
11_pemalang01_widuri,Brebes_Tegal,32749,109.381908,-6.874924,6/27/2024,2,Drone (rice field)
01_Jepara01_Rau,Semarang_Demak,32749,110.663261,-6.654244,6/24/2024,2,Drone (50x50)
01_Jepara01_Rau,Semarang_Demak,32749,110.66362,-6.654532,6/24/2024,2,Drone (rice field)
Bangunjiwo,Semarang_Demak,32749,110.315153,-7.846678,6/24/2024,2,Drone (50x50)
10_batang05_klidangwetan,Pekalongan,32749,109.75608,-6.901078,6/26/2024,2,Drone (rice field)
06_batang01_sambong,Pekalongan,32749,109.748119,-6.909493,6/26/2024,2,Drone (rice field)
11_pemalang01_widuri,Brebes_Tegal,32749,109.380958,-6.874142,6/27/2024,3,Drone (rice field)
Bendungan,Pekalongan,32749,109.948914,-7.780454,6/24/2024,2,Drone (50x50)
11_pemalang01_widuri,Brebes_Tegal,32749,109.382665,-6.873713,6/27/2024,2,Drone (rice field)
Bendungan,Pekalongan,32749,109.949111,-7.780348,6/24/2024,2,Drone (50x50)
01_Jepara01_Rau,Semarang_Demak,32749,110.663205,-6.652188,6/24/2024,2,Drone (rice field)
Janggawur,Pekalongan,32749,109.674717,-7.387729,6/27/2024,6,Drone (rice field)
Janggawur,Pekalongan,32749,109.674754,-7.387732,6/27/2024,6,Drone (rice field)
13_pemalang03_beji,Brebes_Tegal,32749,109.430027,-6.896091,6/27/2024,4,Drone (rice field)
Kedungsari,Pekalongan,32749,110.196312,-7.869238,6/25/2024,5,Drone (rice field)
13_pemalang03_beji,Brebes_Tegal,32749,109.429822,-6.894274,6/27/2024,3,Drone (rice field)
11_pemalang01_widuri,Brebes_Tegal,32749,109.381457,-6.874878,6/27/2024,2,Drone (rice field)
Tanjungrejo,Pekalongan,32749,109.928127,-7.742844,6/24/2024,2,Drone (50x50)
01_Jepara01_Rau,Semarang_Demak,32749,110.663578,-6.652761,6/24/2024,2,Drone (rice field)
09_batang04_tegalsari02,Pekalongan,32749,109.770706,-6.904869,6/26/2024,2,Drone (rice field)
11_pemalang01_widuri,Brebes_Tegal,32749,109.382141,-6.875058,6/27/2024,2,Drone (rice field)
12_pemalang02_danasari,Brebes_Tegal,32749,109.391214,-6.870763,6/27/2024,2,Drone (rice field)
11_pemalang01_widuri,Brebes_Tegal,32749,109.380945,-6.874716,6/27/2024,2,Drone (rice field)
11_pemalang01_widuri,Brebes_Tegal,32749,109.382175,-6.874702,6/27/2024,2,Drone (rice field)
15_tegal01_dukuhwaru,Brebes_Tegal,32749,109.093362,-6.969686,6/28/2024,5,Drone (rice field)
Bendungan,Pekalongan,32749,109.949475,-7.780551,6/24/2024,2,Drone (50x50)
08_batang03_tegalsari,Pekalongan,32749,109.772863,-6.906146,6/26/2024,2,Drone (rice field)
Tanjungrejo,Pekalongan,32749,109.928456,-7.742362,6/24/2024,2,Drone (50x50)
01_Jepara01_Rau,Semarang_Demak,32749,110.663863,-6.652419,6/24/2024,2,Drone (rice field)
Selomerto 2,Pekalongan,32749,109.880995,-7.410401,6/27/2024,3,Drone (rice field)
11_pemalang01_widuri,Brebes_Tegal,32749,109.382411,-6.875343,6/27/2024,3,Drone (rice field)
14_pemalang04_taman,Brebes_Tegal,32749,109.406116,-6.896903,6/27/2024,3,Drone (rice field)
15_tegal01_dukuhwaru,Brebes_Tegal,32749,109.094702,-6.970319,6/28/2024,5,Drone (rice field)
08_batang03_tegalsari,Pekalongan,32749,109.772869,-6.906497,6/26/2024,1,Drone (rice field)
14_pemalang04_taman,Brebes_Tegal,32749,109.406352,-6.895437,6/27/2024,4,Drone (rice field)
15_tegal01_dukuhwaru,Brebes_Tegal,32749,109.093812,-6.97014,6/28/2024,5,Drone (rice field)
10_batang05_klidangwetan,Pekalongan,32749,109.754505,-6.900469,6/26/2024,1,Drone (rice field)
07_batang02_sambong02,Pekalongan,32749,109.743989,-6.909341,6/26/2024,1,Drone (rice field)
13_pemalang03_beji,Brebes_Tegal,32749,109.428669,-6.894388,6/27/2024,6,Drone (rice field)
12_pemalang02_danasari,Brebes_Tegal,32749,109.39214,-6.872101,6/27/2024,2,Drone (rice field)
16_tegal02_pagarbarang,Brebes_Tegal,32749,109.053517,-6.996089,6/28/2024,5,Drone (rice field)
01_Jepara01_Rau,Semarang_Demak,32749,110.663262,-6.652887,6/24/2024,2,Drone (50x50)
11_pemalang01_widuri,Brebes_Tegal,32749,109.382902,-6.87387,6/27/2024,2,Drone (rice field)
10_batang05_klidangwetan,Pekalongan,32749,109.754632,-6.900446,6/26/2024,2,Drone (rice field)
11_pemalang01_widuri,Brebes_Tegal,32749,109.382641,-6.874492,6/27/2024,2,Drone (rice field)
10_batang05_klidangwetan,Pekalongan,32749,109.754182,-6.89954,6/26/2024,2,Drone (rice field)
13_pemalang03_beji,Brebes_Tegal,32749,109.429824,-6.894401,6/27/2024,3,Drone (rice field)
16_tegal02_pagarbarang,Brebes_Tegal,32749,109.053356,-6.995746,6/28/2024,5,Drone (rice field)
16_tegal02_pagarbarang,Brebes_Tegal,32749,109.052379,-6.9935,6/28/2024,4,Drone (rice field)
01_Jepara01_Rau,Semarang_Demak,32749,110.664165,-6.654696,6/24/2024,2,Drone (50x50)
Bangunjiwo,Semarang_Demak,32749,110.315467,-7.847055,6/24/2024,1,Drone (50x50)
10_batang05_klidangwetan,Pekalongan,32749,109.755501,-6.900689,6/26/2024,1,Drone (rice field)
Tanjungrejo,Pekalongan,32749,109.92739,-7.740931,6/24/2024,3,Drone (50x50)
10_batang05_klidangwetan,Pekalongan,32749,109.75479,-6.900357,6/26/2024,2,Drone (rice field)
14_pemalang04_taman,Brebes_Tegal,32749,109.40692,-6.897435,6/27/2024,3,Drone (rice field)
01_Jepara01_Rau,Semarang_Demak,32749,110.664066,-6.654581,6/24/2024,2,Drone (rice field)
13_pemalang03_beji,Brebes_Tegal,32749,109.430257,-6.896581,6/27/2024,4,Drone (rice field)
16_tegal02_pagarbarang,Brebes_Tegal,32749,109.053605,-6.995799,6/28/2024,5,Drone (rice field)
11_pemalang01_widuri,Brebes_Tegal,32749,109.383062,-6.875046,6/27/2024,2,Drone (rice field)
14_pemalang04_taman,Brebes_Tegal,32749,109.406702,-6.897602,6/27/2024,3,Drone (rice field)
14_pemalang04_taman,Brebes_Tegal,32749,109.406707,-6.897572,6/27/2024,3,Drone (rice field)
14_pemalang04_taman,Brebes_Tegal,32749,109.406596,-6.897242,6/27/2024,3,Drone (rice field)
Tanjungrejo,Pekalongan,32749,109.928236,-7.742224,6/24/2024,2,Drone (50x50)
08_batang03_tegalsari,Pekalongan,32749,109.772711,-6.907468,6/26/2024,2,Drone (rice field)
07_batang02_sambong02,Pekalongan,32749,109.74646,-6.910825,6/26/2024,2,Drone (rice field)
11_pemalang01_widuri,Brebes_Tegal,32749,109.381374,-6.874764,6/27/2024,2,Drone (rice field)
16_tegal02_pagarbarang,Brebes_Tegal,32749,109.052997,-6.993932,6/28/2024,1,Drone (rice field)
Bendungan,Pekalongan,32749,109.949974,-7.78121,6/24/2024,2,Drone (50x50)
01_Jepara01_Rau,Semarang_Demak,32749,110.664292,-6.654077,6/24/2024,2,Drone (rice field)
Kedungsari,Pekalongan,32749,110.196459,-7.869383,6/25/2024,3,Drone (rice field)
07_batang02_sambong02,Pekalongan,32749,109.746912,-6.910826,6/26/2024,1,Drone (rice field)
14_pemalang04_taman,Brebes_Tegal,32749,109.40693,-6.897274,6/27/2024,3,Drone (rice field)
11_pemalang01_widuri,Brebes_Tegal,32749,109.380885,-6.874413,6/27/2024,3,Drone (rice field)
08_batang03_tegalsari,Pekalongan,32749,109.77323,-6.90709,6/26/2024,1,Drone (rice field)
13_pemalang03_beji,Brebes_Tegal,32749,109.428592,-6.896654,6/27/2024,3,Drone (rice field)
13_pemalang03_beji,Brebes_Tegal,32749,109.428752,-6.895592,6/27/2024,6,Drone (rice field)
06_batang01_sambong,Pekalongan,32749,109.749844,-6.909437,6/26/2024,2,Drone (rice field)
Selomerto 2,Pekalongan,32749,109.880236,-7.411395,6/27/2024,3,Drone (rice field)
14_pemalang04_taman,Brebes_Tegal,32749,109.406774,-6.897102,6/27/2024,3,Drone (rice field)
08_batang03_tegalsari,Pekalongan,32749,109.772705,-6.9067,6/26/2024,2,Drone (rice field)
Selomerto 1,Pekalongan,32749,109.88122,-7.409714,6/27/2024,4,Drone (rice field)
13_pemalang03_beji,Brebes_Tegal,32749,109.429779,-6.897047,6/27/2024,4,Drone (rice field)
01_Jepara01_Rau,Semarang_Demak,32749,110.663876,-6.654178,6/24/2024,2,Drone (rice field)
Tanjungrejo,Pekalongan,32749,109.928357,-7.74241,6/24/2024,2,Drone (50x50)
01_Jepara01_Rau,Semarang_Demak,32749,110.663594,-6.654105,6/24/2024,2,Drone (rice field)
11_pemalang01_widuri,Brebes_Tegal,32749,109.382141,-6.875152,6/27/2024,2,Drone (rice field)
15_tegal01_dukuhwaru,Brebes_Tegal,32749,109.093577,-6.971021,6/28/2024,6,Drone (rice field)
01_Jepara01_Rau,Semarang_Demak,32749,110.663393,-6.653317,6/24/2024,2,Drone (rice field)
,Semarang_Demak,32749,110.530072,-7.352842,6/25/2024,2,Drone (rice field)
08_batang03_tegalsari,Pekalongan,32749,109.772539,-6.907114,6/26/2024,2,Drone (rice field)
12_pemalang02_danasari,Brebes_Tegal,32749,109.390216,-6.870504,6/27/2024,2,Drone (rice field)
13_pemalang03_beji,Brebes_Tegal,32749,109.430272,-6.894833,6/27/2024,3,Drone (rice field)
01_Jepara01_Rau,Semarang_Demak,32749,110.663455,-6.654034,6/24/2024,2,Drone (rice field)
14_pemalang04_taman,Brebes_Tegal,32749,109.407243,-6.896562,6/27/2024,4,Drone (rice field)
01_Jepara01_Rau,Semarang_Demak,32749,110.662621,-6.652834,6/24/2024,2,Drone (rice field)
Tanjungrejo,Pekalongan,32749,109.928418,-7.742597,6/24/2024,2,Drone (50x50)
Selomerto 2,Pekalongan,32749,109.880299,-7.410969,6/27/2024,3,Drone (rice field)
Selomerto 2,Pekalongan,32749,109.880242,-7.410992,6/27/2024,3,Drone (rice field)
10_batang05_klidangwetan,Pekalongan,32749,109.754649,-6.900904,6/26/2024,2,Drone (rice field)
10_batang05_klidangwetan,Pekalongan,32749,109.754394,-6.900354,6/26/2024,1,Drone (rice field)
Janggawur,Pekalongan,32749,109.674912,-7.388743,6/27/2024,6,Drone (rice field)
Janggawur,Pekalongan,32749,109.674909,-7.388794,6/27/2024,6,Drone (rice field)
Selomerto 2,Pekalongan,32749,109.881104,-7.41113,6/27/2024,3,Drone (rice field)
11_pemalang01_widuri,Brebes_Tegal,32749,109.382958,-6.875236,6/27/2024,3,Drone (rice field)
01_Jepara01_Rau,Semarang_Demak,32749,110.663631,-6.655026,6/24/2024,2,Drone (rice field)
01_Jepara01_Rau,Semarang_Demak,32749,110.663553,-6.654998,6/24/2024,2,Drone (rice field)
Janggawur,Pekalongan,32749,109.67492,-7.388693,6/27/2024,6,Drone (rice field)
06_batang01_sambong,Pekalongan,32749,109.748041,-6.909644,6/26/2024,2,Drone (rice field)
13_pemalang03_beji,Brebes_Tegal,32749,109.429086,-6.895031,6/27/2024,1,Drone (rice field)
13_pemalang03_beji,Brebes_Tegal,32749,109.428947,-6.894991,6/27/2024,6,Drone (rice field)
16_tegal02_pagarbarang,Brebes_Tegal,32749,109.053502,-6.996198,6/28/2024,5,Drone (rice field)
Tanjungrejo,Pekalongan,32749,109.928086,-7.741157,6/24/2024,2,Drone (50x50)
16_tegal02_pagarbarang,Brebes_Tegal,32749,109.05294,-6.995483,6/28/2024,4,Drone (rice field)
15_tegal01_dukuhwaru,Brebes_Tegal,32749,109.094294,-6.969738,6/28/2024,5,Drone (rice field)
Bangunjiwo,Semarang_Demak,32749,110.315859,-7.846857,6/24/2024,1,Drone (50x50)
Tanjungrejo,Pekalongan,32749,109.926825,-7.740922,6/24/2024,2,Drone (50x50)
01_Jepara01_Rau,Semarang_Demak,32749,110.663291,-6.653963,6/24/2024,2,Drone (rice field)
01_Jepara01_Rau,Semarang_Demak,32749,110.662538,-6.653512,6/24/2024,2,Drone (rice field)
Selomerto 2,Pekalongan,32749,109.880994,-7.410853,6/27/2024,3,Drone (rice field)
12_pemalang02_danasari,Brebes_Tegal,32749,109.390506,-6.87042,6/27/2024,2,Drone (rice field)
12_pemalang02_danasari,Brebes_Tegal,32749,109.390536,-6.870486,6/27/2024,2,Drone (rice field)
13_pemalang03_beji,Brebes_Tegal,32749,109.428646,-6.895597,6/27/2024,6,Drone (rice field)
08_batang03_tegalsari,Pekalongan,32749,109.773084,-6.905424,6/26/2024,2,Drone (rice field)
10_batang05_klidangwetan,Pekalongan,32749,109.756226,-6.900375,6/26/2024,2,Drone (rice field)
14_pemalang04_taman,Brebes_Tegal,32749,109.406255,-6.895792,6/27/2024,4,Drone (rice field)
14_pemalang04_taman,Brebes_Tegal,32749,109.40634,-6.895599,6/27/2024,4,Drone (rice field)
12_pemalang02_danasari,Brebes_Tegal,32749,109.392091,-6.871724,6/27/2024,2,Drone (rice field)
01_Jepara01_Rau,Semarang_Demak,32749,110.664399,-6.653808,6/24/2024,2,Drone (rice field)
14_pemalang04_taman,Brebes_Tegal,32749,109.406953,-6.895875,6/27/2024,4,Drone (rice field)
Bendungan,Pekalongan,32749,109.949128,-7.780577,6/24/2024,2,Field Survey
Tanjungrejo,Pekalongan,32749,109.927095,-7.740945,6/24/2024,3,Drone (50x50)
13_pemalang03_beji,Brebes_Tegal,32749,109.428755,-6.895776,6/27/2024,3,Drone (rice field)
13_pemalang03_beji,Brebes_Tegal,32749,109.430305,-6.897006,6/27/2024,4,Drone (rice field)
01_Jepara01_Rau,Semarang_Demak,32749,110.663261,-6.653791,6/24/2024,2,Drone (50x50)
11_pemalang01_widuri,Brebes_Tegal,32749,109.381684,-6.874901,6/27/2024,2,Drone (rice field)
Selomerto 2,Pekalongan,32749,109.881162,-7.410457,6/27/2024,3,Drone (rice field)
13_pemalang03_beji,Brebes_Tegal,32749,109.429123,-6.895211,6/27/2024,1,Drone (rice field)
01_Jepara01_Rau,Semarang_Demak,32749,110.664404,-6.654733,6/24/2024,2,Drone (rice field)
11_pemalang01_widuri,Brebes_Tegal,32749,109.382154,-6.874103,6/27/2024,3,Drone (rice field)
08_batang03_tegalsari,Pekalongan,32749,109.772265,-6.906041,6/26/2024,2,Drone (rice field)
11_pemalang01_widuri,Brebes_Tegal,32749,109.381873,-6.875192,6/27/2024,2,Drone (rice field)
16_tegal02_pagarbarang,Brebes_Tegal,32749,109.053442,-6.995742,6/28/2024,5,Drone (rice field)
10_batang05_klidangwetan,Pekalongan,32749,109.754322,-6.900085,6/26/2024,1,Drone (rice field)
Selomerto 1,Pekalongan,32749,109.881452,-7.409045,6/27/2024,2,Drone (rice field)
Tanjungrejo,Pekalongan,32749,109.927742,-7.741986,6/24/2024,3,Field Survey
Tanjungrejo,Pekalongan,32749,109.927787,-7.742027,6/24/2024,3,Drone (50x50)
15_tegal01_dukuhwaru,Brebes_Tegal,32749,109.094576,-6.970685,6/28/2024,5,Drone (rice field)
08_batang03_tegalsari,Pekalongan,32749,109.772715,-6.906823,6/26/2024,2,Drone (rice field)
08_batang03_tegalsari,Pekalongan,32749,109.772265,-6.905918,6/26/2024,2,Drone (rice field)
Selomerto 2,Pekalongan,32749,109.880582,-7.41157,6/27/2024,3,Drone (rice field)
10_batang05_klidangwetan,Pekalongan,32749,109.754473,-6.900065,6/26/2024,1,Drone (rice field)
01_Jepara01_Rau,Semarang_Demak,32749,110.663448,-6.652273,6/24/2024,2,Drone (rice field)
13_pemalang03_beji,Brebes_Tegal,32749,109.429775,-6.896916,6/27/2024,4,Drone (rice field)
Tanjungrejo,Pekalongan,32749,109.92847,-7.742263,6/24/2024,2,Drone (50x50)
16_tegal02_pagarbarang,Brebes_Tegal,32749,109.053973,-6.994729,6/28/2024,4,Drone (rice field)
13_pemalang03_beji,Brebes_Tegal,32749,109.428968,-6.895415,6/27/2024,2,Drone (rice field)
08_batang03_tegalsari,Pekalongan,32749,109.772453,-6.906047,6/26/2024,2,Drone (rice field)
Selomerto 1,Pekalongan,32749,109.880968,-7.409382,6/27/2024,5,Drone (rice field)
15_tegal01_dukuhwaru,Brebes_Tegal,32749,109.09381,-6.970592,6/28/2024,5,Drone (rice field)
04_Jepara04_Krasak,Semarang_Demak,32749,110.706657,-6.71521,6/24/2024,3,Drone (rice field)
Tanjungrejo,Pekalongan,32749,109.926695,-7.742569,6/24/2024,2,Drone (50x50)
01_Jepara01_Rau,Semarang_Demak,32749,110.664105,-6.652979,6/24/2024,2,Drone (rice field)
16_tegal02_pagarbarang,Brebes_Tegal,32749,109.052872,-6.995378,6/28/2024,4,Drone (rice field)
Tanjungrejo,Pekalongan,32749,109.928329,-7.741616,6/24/2024,2,Drone (50x50)
02_Jepara02_Surodadi,Semarang_Demak,32749,110.653839,-6.679332,6/24/2024,6,Drone (rice field)
02_Jepara02_Surodadi,Semarang_Demak,32749,110.653788,-6.67931,6/24/2024,6,Drone (rice field)
Selomerto 1,Pekalongan,32749,109.88139,-7.409133,6/27/2024,2,Drone (rice field)
14_pemalang04_taman,Brebes_Tegal,32749,109.406585,-6.897084,6/27/2024,3,Drone (rice field)
16_tegal02_pagarbarang,Brebes_Tegal,32749,109.054127,-6.995113,6/28/2024,4,Drone (rice field)
Bangunjiwo,Semarang_Demak,32749,110.315018,-7.846619,6/24/2024,2,Drone (50x50)
Bangunjiwo,Semarang_Demak,32749,110.31507,-7.84667,6/24/2024,2,Drone (50x50)
Bendungan,Pekalongan,32749,109.949353,-7.782589,6/24/2024,6,Drone (50x50)
Tanjungrejo,Pekalongan,32749,109.927262,-7.741468,6/24/2024,3,Drone (50x50)
01_Jepara01_Rau,Semarang_Demak,32749,110.664293,-6.654753,6/24/2024,2,Drone (rice field)
01_Jepara01_Rau,Semarang_Demak,32749,110.663035,-6.652872,6/24/2024,2,Drone (rice field)
12_pemalang02_danasari,Brebes_Tegal,32749,109.391565,-6.871177,6/27/2024,2,Drone (rice field)
15_tegal01_dukuhwaru,Brebes_Tegal,32749,109.094113,-6.970745,6/28/2024,5,Drone (rice field)
07_batang02_sambong02,Pekalongan,32749,109.746838,-6.910745,6/26/2024,1,Drone (rice field)
13_pemalang03_beji,Brebes_Tegal,32749,109.42998,-6.895926,6/27/2024,3,Drone (rice field)
16_tegal02_pagarbarang,Brebes_Tegal,32749,109.054117,-6.995335,6/28/2024,4,Drone (rice field)
10_batang05_klidangwetan,Pekalongan,32749,109.755494,-6.901726,6/26/2024,2,Drone (rice field)
Kedungsari,Pekalongan,32749,110.196356,-7.868991,6/25/2024,5,Drone (rice field)
14_pemalang04_taman,Brebes_Tegal,32749,109.406965,-6.895486,6/27/2024,4,Drone (rice field)
Janggawur,Pekalongan,32749,109.674472,-7.38834,6/27/2024,6,Drone (rice field)
01_Jepara01_Rau,Semarang_Demak,32749,110.66329,-6.652761,6/24/2024,2,Drone (rice field)
06_batang01_sambong,Pekalongan,32749,109.749772,-6.910033,6/26/2024,2,Drone (rice field)
08_batang03_tegalsari,Pekalongan,32749,109.772168,-6.906437,6/26/2024,2,Drone (rice field)
10_batang05_klidangwetan,Pekalongan,32749,109.75509,-6.900565,6/26/2024,2,Drone (rice field)
14_pemalang04_taman,Brebes_Tegal,32749,109.406522,-6.896112,6/27/2024,4,Drone (rice field)
15_tegal01_dukuhwaru,Brebes_Tegal,32749,109.094845,-6.969963,6/28/2024,5,Drone (rice field)
11_pemalang01_widuri,Brebes_Tegal,32749,109.382346,-6.875366,6/27/2024,3,Drone (rice field)
14_pemalang04_taman,Brebes_Tegal,32749,109.406875,-6.895642,6/27/2024,4,Drone (rice field)
Kedungsari,Pekalongan,32749,110.195771,-7.869757,6/25/2024,3,Drone (rice field)
15_tegal01_dukuhwaru,Brebes_Tegal,32749,109.094838,-6.970109,6/28/2024,5,Drone (rice field)
01_Jepara01_Rau,Semarang_Demak,32749,110.664425,-6.65371,6/24/2024,2,Drone (rice field)
08_batang03_tegalsari,Pekalongan,32749,109.771935,-6.906973,6/26/2024,2,Drone (rice field)
05_Jepara05_TunggulPandean,Semarang_Demak,32749,110.765076,-6.763402,6/24/2024,4,Drone (50x50)
15_tegal01_dukuhwaru,Brebes_Tegal,32749,109.094591,-6.970329,6/28/2024,5,Drone (rice field)
05_Jepara05_TunggulPandean,Semarang_Demak,32749,110.765164,-6.763709,6/24/2024,4,Drone (50x50)
13_pemalang03_beji,Brebes_Tegal,32749,109.428613,-6.896855,6/27/2024,3,Drone (rice field)
11_pemalang01_widuri,Brebes_Tegal,32749,109.382152,-6.874358,6/27/2024,3,Drone (rice field)
15_tegal01_dukuhwaru,Brebes_Tegal,32749,109.094933,-6.970112,6/28/2024,4,Drone (rice field)
13_pemalang03_beji,Brebes_Tegal,32749,109.428839,-6.894995,6/27/2024,6,Drone (rice field)
Bendungan,Pekalongan,32749,109.948703,-7.78043,6/24/2024,2,Drone (50x50)
08_batang03_tegalsari,Pekalongan,32749,109.7722,-6.906331,6/26/2024,2,Drone (rice field)
12_pemalang02_danasari,Brebes_Tegal,32749,109.390941,-6.872366,6/27/2024,2,Drone (rice field)
13_pemalang03_beji,Brebes_Tegal,32749,109.429126,-6.894812,6/27/2024,6,Drone (rice field)
Bendungan,Pekalongan,32749,109.949254,-7.782366,6/24/2024,6,Drone (50x50)
Tanjungrejo,Pekalongan,32749,109.927408,-7.741122,6/24/2024,2,Drone (50x50)
01_Jepara01_Rau,Semarang_Demak,32749,110.66249,-6.653205,6/24/2024,2,Drone (rice field)
Selomerto 2,Pekalongan,32749,109.880147,-7.411141,6/27/2024,3,Drone (rice field)
12_pemalang02_danasari,Brebes_Tegal,32749,109.392075,-6.87157,6/27/2024,2,Drone (rice field)
Janggawur,Pekalongan,32749,109.674235,-7.388313,6/27/2024,6,Drone (rice field)
Bendungan,Pekalongan,32749,109.948621,-7.7806,6/24/2024,2,Drone (50x50)
11_pemalang01_widuri,Brebes_Tegal,32749,109.381903,-6.874681,6/27/2024,2,Drone (rice field)
16_tegal02_pagarbarang,Brebes_Tegal,32749,109.052579,-6.994653,6/28/2024,4,Drone (rice field)
Bendungan,Pekalongan,32749,109.949819,-7.781765,6/24/2024,2,Drone (50x50)
Selomerto 1,Pekalongan,32749,109.881068,-7.40975,6/27/2024,1,Drone (rice field)
14_pemalang04_taman,Brebes_Tegal,32749,109.406175,-6.896537,6/27/2024,3,Drone (rice field)
13_pemalang03_beji,Brebes_Tegal,32749,109.429474,-6.89482,6/27/2024,3,Drone (rice field)
06_batang01_sambong,Pekalongan,32749,109.748776,-6.908666,6/26/2024,2,Drone (rice field)
Kedungsari,Pekalongan,32749,110.1966,-7.869144,6/25/2024,5,Drone (rice field)
08_batang03_tegalsari,Pekalongan,32749,109.772178,-6.907531,6/26/2024,1,Drone (rice field)
05_Jepara05_TunggulPandean,Semarang_Demak,32749,110.764794,-6.76361,6/24/2024,3,Field Survey
08_batang03_tegalsari,Pekalongan,32749,109.772263,-6.906822,6/26/2024,2,Drone (rice field)
13_pemalang03_beji,Brebes_Tegal,32749,109.430276,-6.895306,6/27/2024,2,Drone (rice field)
Tanjungrejo,Pekalongan,32749,109.927835,-7.742672,6/24/2024,2,Drone (50x50)
Kedungsari,Pekalongan,32749,110.195767,-7.869236,6/25/2024,3,Drone (rice field)
10_batang05_klidangwetan,Pekalongan,32749,109.755522,-6.902078,6/26/2024,2,Drone (rice field)
11_pemalang01_widuri,Brebes_Tegal,32749,109.381443,-6.874911,6/27/2024,2,Drone (rice field)
Tanjungrejo,Pekalongan,32749,109.928181,-7.74256,6/24/2024,2,Drone (50x50)
13_pemalang03_beji,Brebes_Tegal,32749,109.429444,-6.895214,6/27/2024,2,Drone (rice field)
14_pemalang04_taman,Brebes_Tegal,32749,109.407322,-6.897084,6/27/2024,4,Drone (rice field)
Tanjungrejo,Pekalongan,32749,109.928195,-7.742439,6/24/2024,2,Field Survey
10_batang05_klidangwetan,Pekalongan,32749,109.755747,-6.900826,6/26/2024,2,Drone (rice field)
14_pemalang04_taman,Brebes_Tegal,32749,109.406304,-6.896256,6/27/2024,4,Drone (rice field)
01_Jepara01_Rau,Semarang_Demak,32749,110.662369,-6.654539,6/24/2024,2,Drone (rice field)
11_pemalang01_widuri,Brebes_Tegal,32749,109.382799,-6.875368,6/27/2024,3,Drone (rice field)
11_pemalang01_widuri,Brebes_Tegal,32749,109.382781,-6.875371,6/27/2024,3,Drone (rice field)
01_Jepara01_Rau,Semarang_Demak,32749,110.663333,-6.652847,6/24/2024,2,Drone (rice field)
Selomerto 2,Pekalongan,32749,109.881211,-7.410592,6/27/2024,3,Drone (rice field)
12_pemalang02_danasari,Brebes_Tegal,32749,109.390622,-6.872369,6/27/2024,2,Drone (rice field)
16_tegal02_pagarbarang,Brebes_Tegal,32749,109.052989,-6.994047,6/28/2024,6,Drone (rice field)
05_Jepara05_TunggulPandean,Semarang_Demak,32749,110.765246,-6.762706,6/24/2024,3,Field Survey
01_Jepara01_Rau,Semarang_Demak,32749,110.664006,-6.655156,6/24/2024,2,Drone (rice field)
Tanjungrejo,Pekalongan,32749,109.928198,-7.741082,6/24/2024,2,Field Survey
Bangunjiwo,Semarang_Demak,32749,110.31537,-7.847107,6/24/2024,1,Drone (50x50)
12_pemalang02_danasari,Brebes_Tegal,32749,109.391726,-6.871168,6/27/2024,2,Drone (rice field)
04_Jepara04_Krasak,Semarang_Demak,32749,110.707497,-6.716003,6/24/2024,6,Drone (50x50)
14_pemalang04_taman,Brebes_Tegal,32749,109.407198,-6.897239,6/27/2024,4,Drone (rice field)
11_pemalang01_widuri,Brebes_Tegal,32749,109.381522,-6.873561,6/27/2024,1,Drone (rice field)
Bendungan,Pekalongan,32749,109.949089,-7.781375,6/24/2024,2,Drone (50x50)
Bendungan,Pekalongan,32749,109.949115,-7.781302,6/24/2024,2,Drone (50x50)
14_pemalang04_taman,Brebes_Tegal,32749,109.407011,-6.895995,6/27/2024,4,Drone (rice field)
11_pemalang01_widuri,Brebes_Tegal,32749,109.381916,-6.874821,6/27/2024,2,Drone (rice field)
Selomerto 1,Pekalongan,32749,109.881451,-7.409497,6/27/2024,3,Drone (rice field)
12_pemalang02_danasari,Brebes_Tegal,32749,109.39215,-6.872191,6/27/2024,2,Drone (rice field)
16_tegal02_pagarbarang,Brebes_Tegal,32749,109.053536,-6.995944,6/28/2024,5,Drone (rice field)
01_Jepara01_Rau,Semarang_Demak,32749,110.663006,-6.65274,6/24/2024,2,Drone (rice field)
Bangunjiwo,Semarang_Demak,32749,110.31543,-7.846287,6/24/2024,1,Field Survey
Bangunjiwo,Semarang_Demak,32749,110.315402,-7.846324,6/24/2024,1,Drone (50x50)
01_Jepara01_Rau,Semarang_Demak,32749,110.663713,-6.654696,6/24/2024,2,Drone (50x50)
Kedungsari,Pekalongan,32749,110.196125,-7.870346,6/25/2024,5,Drone (rice field)
14_pemalang04_taman,Brebes_Tegal,32749,109.407241,-6.896727,6/27/2024,4,Drone (rice field)
Tanjungrejo,Pekalongan,32749,109.928502,-7.741323,6/24/2024,2,Drone (50x50)
11_pemalang01_widuri,Brebes_Tegal,32749,109.38183,-6.874206,6/27/2024,3,Drone (rice field)
Tanjungrejo,Pekalongan,32749,109.927745,-7.741081,6/24/2024,2,Field Survey
Tanjungrejo,Pekalongan,32749,109.926986,-7.74103,6/24/2024,2,Drone (50x50)
10_batang05_klidangwetan,Pekalongan,32749,109.754844,-6.900386,6/26/2024,2,Drone (rice field)
14_pemalang04_taman,Brebes_Tegal,32749,109.406036,-6.896522,6/27/2024,3,Drone (rice field)
12_pemalang02_danasari,Brebes_Tegal,32749,109.3915,-6.870422,6/27/2024,2,Drone (rice field)
01_Jepara01_Rau,Semarang_Demak,32749,110.663091,-6.653796,6/24/2024,2,Drone (rice field)
01_Jepara01_Rau,Semarang_Demak,32749,110.663026,-6.653787,6/24/2024,2,Drone (rice field)
14_pemalang04_taman,Brebes_Tegal,32749,109.407336,-6.89691,6/27/2024,4,Drone (rice field)
11_pemalang01_widuri,Brebes_Tegal,32749,109.381676,-6.87501,6/27/2024,2,Drone (rice field)
11_pemalang01_widuri,Brebes_Tegal,32749,109.382152,-6.874225,6/27/2024,3,Drone (rice field)
01_Jepara01_Rau,Semarang_Demak,32749,110.663261,-6.653339,6/24/2024,2,Drone (50x50)
04_Jepara04_Krasak,Semarang_Demak,32749,110.707472,-6.71501,6/24/2024,2,Drone (rice field)
02_Jepara02_Surodadi,Semarang_Demak,32749,110.654419,-6.679058,6/24/2024,4,Drone (rice field)
Tanjungrejo,Pekalongan,32749,109.92774,-7.74289,6/24/2024,2,Field Survey
Tanjungrejo,Pekalongan,32749,109.927807,-7.742932,6/24/2024,2,Drone (50x50)
14_pemalang04_taman,Brebes_Tegal,32749,109.407349,-6.896746,6/27/2024,4,Drone (rice field)
Selomerto 2,Pekalongan,32749,109.880541,-7.410852,6/27/2024,3,Drone (rice field)
Tanjungrejo,Pekalongan,32749,109.928193,-7.742891,6/24/2024,2,Field Survey
01_Jepara01_Rau,Semarang_Demak,32749,110.663932,-6.65513,6/24/2024,2,Drone (rice field)
08_batang03_tegalsari,Pekalongan,32749,109.772854,-6.905796,6/26/2024,2,Drone (rice field)
Tanjungrejo,Pekalongan,32749,109.927264,-7.742614,6/24/2024,3,Drone (50x50)
01_Jepara01_Rau,Semarang_Demak,32749,110.663595,-6.653049,6/24/2024,2,Drone (rice field)
07_batang02_sambong02,Pekalongan,32749,109.743639,-6.910181,6/26/2024,6,Drone (rice field)
Janggawur,Pekalongan,32749,109.67414,-7.388297,6/27/2024,6,Drone (rice field)
Bangunjiwo,Semarang_Demak,32749,110.315741,-7.846888,6/24/2024,1,Drone (50x50)
Kedungsari,Pekalongan,32749,110.196311,-7.870372,6/25/2024,5,Drone (rice field)
07_batang02_sambong02,Pekalongan,32749,109.743933,-6.910419,6/26/2024,6,Drone (rice field)
01_Jepara01_Rau,Semarang_Demak,32749,110.66298,-6.653706,6/24/2024,2,Drone (rice field)
11_pemalang01_widuri,Brebes_Tegal,32749,109.38242,-6.875252,6/27/2024,3,Drone (rice field)
02_Jepara02_Surodadi,Semarang_Demak,32749,110.654247,-6.679078,6/24/2024,3,Drone (rice field)
08_batang03_tegalsari,Pekalongan,32749,109.772714,-6.907276,6/26/2024,2,Drone (rice field)
15_tegal01_dukuhwaru,Brebes_Tegal,32749,109.093427,-6.969752,6/28/2024,5,Drone (rice field)
Bangunjiwo,Semarang_Demak,32749,110.315283,-7.847064,6/24/2024,1,Drone (50x50)
05_Jepara05_TunggulPandean,Semarang_Demak,32749,110.764747,-6.763685,6/24/2024,3,Drone (50x50)
05_Jepara05_TunggulPandean,Semarang_Demak,32749,110.764756,-6.763511,6/24/2024,3,Drone (50x50)
06_batang01_sambong,Pekalongan,32749,109.74886,-6.909907,6/26/2024,2,Drone (rice field)
10_batang05_klidangwetan,Pekalongan,32749,109.754737,-6.900687,6/26/2024,1,Drone (rice field)
14_pemalang04_taman,Brebes_Tegal,32749,109.406816,-6.896485,6/27/2024,3,Drone (rice field)
14_pemalang04_taman,Brebes_Tegal,32749,109.406987,-6.896323,6/27/2024,4,Drone (rice field)
10_batang05_klidangwetan,Pekalongan,32749,109.755978,-6.900563,6/26/2024,2,Drone (rice field)
14_pemalang04_taman,Brebes_Tegal,32749,109.406736,-6.895468,6/27/2024,4,Drone (rice field)
16_tegal02_pagarbarang,Brebes_Tegal,32749,109.052477,-6.9937,6/28/2024,4,Drone (rice field)
04_Jepara04_Krasak,Semarang_Demak,32749,110.70728,-6.715615,6/24/2024,2,Drone (50x50)
14_pemalang04_taman,Brebes_Tegal,32749,109.406936,-6.897117,6/27/2024,3,Drone (rice field)
Tanjungrejo,Pekalongan,32749,109.928442,-7.741639,6/24/2024,3,Drone (50x50)
11_pemalang01_widuri,Brebes_Tegal,32749,109.382552,-6.875196,6/27/2024,3,Drone (rice field)
11_pemalang01_widuri,Brebes_Tegal,32749,109.381488,-6.874317,6/27/2024,3,Drone (rice field)
01_Jepara01_Rau,Semarang_Demak,32749,110.66225,-6.654489,6/24/2024,2,Drone (rice field)
Kedungsari,Pekalongan,32749,110.195502,-7.869217,6/25/2024,4,Drone (rice field)
07_batang02_sambong02,Pekalongan,32749,109.744537,-6.910218,6/26/2024,6,Drone (rice field)
15_tegal01_dukuhwaru,Brebes_Tegal,32749,109.095112,-6.970695,6/28/2024,5,Drone (rice field)
Selomerto 2,Pekalongan,32749,109.880993,-7.411305,6/27/2024,3,Drone (rice field)
05_Jepara05_TunggulPandean,Semarang_Demak,32749,110.766603,-6.764063,6/24/2024,6,Field Survey
11_pemalang01_widuri,Brebes_Tegal,32749,109.382829,-6.875025,6/27/2024,2,Drone (rice field)
10_batang05_klidangwetan,Pekalongan,32749,109.754628,-6.901802,6/26/2024,2,Drone (rice field)
14_pemalang04_taman,Brebes_Tegal,32749,109.406705,-6.896698,6/27/2024,3,Drone (rice field)
04_Jepara04_Krasak,Semarang_Demak,32749,110.706291,-6.715189,6/24/2024,2,Drone (rice field)
Kedungsari,Pekalongan,32749,110.196374,-7.870025,6/25/2024,5,Drone (rice field)
08_batang03_tegalsari,Pekalongan,32749,109.772168,-6.906798,6/26/2024,2,Drone (rice field)
01_Jepara01_Rau,Semarang_Demak,32749,110.664195,-6.654707,6/24/2024,2,Drone (rice field)
10_batang05_klidangwetan,Pekalongan,32749,109.755149,-6.9001,6/26/2024,2,Drone (rice field)
04_Jepara04_Krasak,Semarang_Demak,32749,110.707048,-6.715542,6/24/2024,2,Drone (50x50)
10_batang05_klidangwetan,Pekalongan,32749,109.754746,-6.901189,6/26/2024,2,Drone (rice field)
01_Jepara01_Rau,Semarang_Demak,32749,110.662356,-6.654243,6/24/2024,2,Drone (50x50)
01_Jepara01_Rau,Semarang_Demak,32749,110.662304,-6.654206,6/24/2024,2,Drone (rice field)
01_Jepara01_Rau,Semarang_Demak,32749,110.663959,-6.653953,6/24/2024,2,Drone (rice field)
07_batang02_sambong02,Pekalongan,32749,109.746029,-6.910209,6/26/2024,2,Drone (rice field)
Bangunjiwo,Semarang_Demak,32749,110.316073,-7.846784,6/24/2024,1,Drone (50x50)
16_tegal02_pagarbarang,Brebes_Tegal,32749,109.053168,-6.994492,6/28/2024,4,Drone (rice field)
15_tegal01_dukuhwaru,Brebes_Tegal,32749,109.095404,-6.971304,6/28/2024,5,Drone (rice field)
Tanjungrejo,Pekalongan,32749,109.928251,-7.742815,6/24/2024,2,Drone (50x50)
08_batang03_tegalsari,Pekalongan,32749,109.772713,-6.907093,6/26/2024,2,Drone (rice field)
10_batang05_klidangwetan,Pekalongan,32749,109.756442,-6.9009,6/26/2024,2,Drone (rice field)
10_batang05_klidangwetan,Pekalongan,32749,109.755084,-6.900447,6/26/2024,2,Drone (rice field)
11_pemalang01_widuri,Brebes_Tegal,32749,109.382651,-6.874601,6/27/2024,3,Drone (rice field)
Tanjungrejo,Pekalongan,32749,109.926966,-7.740913,6/24/2024,2,Drone (50x50)
Tanjungrejo,Pekalongan,32749,109.92696,-7.741198,6/24/2024,2,Drone (50x50)
Selomerto 2,Pekalongan,32749,109.880682,-7.411266,6/27/2024,3,Drone (rice field)
Bendungan,Pekalongan,32749,109.949692,-7.781091,6/24/2024,2,Drone (50x50)
15_tegal01_dukuhwaru,Brebes_Tegal,32749,109.093356,-6.971042,6/28/2024,5,Drone (rice field)
15_tegal01_dukuhwaru,Brebes_Tegal,32749,109.093325,-6.971083,6/28/2024,5,Drone (rice field)
Tanjungrejo,Pekalongan,32749,109.927337,-7.741319,6/24/2024,2,Drone (50x50)
11_pemalang01_widuri,Brebes_Tegal,32749,109.382971,-6.875146,6/27/2024,3,Drone (rice field)
11_pemalang01_widuri,Brebes_Tegal,32749,109.382057,-6.873482,6/27/2024,1,Drone (rice field)
Tanjungrejo,Pekalongan,32749,109.928133,-7.741421,6/24/2024,3,Drone (50x50)
01_Jepara01_Rau,Semarang_Demak,32749,110.664015,-6.65377,6/24/2024,2,Drone (rice field)
Selomerto 2,Pekalongan,32749,109.880897,-7.410562,6/27/2024,3,Drone (rice field)
16_tegal02_pagarbarang,Brebes_Tegal,32749,109.052388,-6.993398,6/28/2024,4,Drone (rice field)
14_pemalang04_taman,Brebes_Tegal,32749,109.406852,-6.89598,6/27/2024,4,Drone (rice field)
11_pemalang01_widuri,Brebes_Tegal,32749,109.382834,-6.874754,6/27/2024,2,Drone (rice field)
15_tegal01_dukuhwaru,Brebes_Tegal,32749,109.095265,-6.970716,6/28/2024,5,Drone (rice field)
04_Jepara04_Krasak,Semarang_Demak,32749,110.706177,-6.715509,6/24/2024,3,Drone (50x50)
02_Jepara02_Surodadi,Semarang_Demak,32749,110.653752,-6.679202,6/24/2024,2,Drone (rice field)
Tanjungrejo,Pekalongan,32749,109.926834,-7.742435,6/24/2024,2,Field Survey
01_Jepara01_Rau,Semarang_Demak,32749,110.663329,-6.654911,6/24/2024,2,Drone (rice field)
Bendungan,Pekalongan,32749,109.949581,-7.780578,6/24/2024,2,Field Survey
13_pemalang03_beji,Brebes_Tegal,32749,109.428551,-6.895601,6/27/2024,6,Drone (rice field)
15_tegal01_dukuhwaru,Brebes_Tegal,32749,109.09449,-6.970309,6/28/2024,5,Drone (rice field)
Bangunjiwo,Semarang_Demak,32749,110.315236,-7.846686,6/24/2024,2,Drone (50x50)
11_pemalang01_widuri,Brebes_Tegal,32749,109.382348,-6.874914,6/27/2024,2,Drone (rice field)
13_pemalang03_beji,Brebes_Tegal,32749,109.430334,-6.895591,6/27/2024,3,Drone (rice field)
16_tegal02_pagarbarang,Brebes_Tegal,32749,109.054147,-6.994943,6/28/2024,4,Drone (rice field)
05_Jepara05_TunggulPandean,Semarang_Demak,32749,110.76556,-6.763909,6/24/2024,4,Drone (50x50)
16_tegal02_pagarbarang,Brebes_Tegal,32749,109.053762,-6.995462,6/28/2024,4,Drone (rice field)
01_Jepara01_Rau,Semarang_Demak,32749,110.663214,-6.653636,6/24/2024,2,Drone (rice field)
Tanjungrejo,Pekalongan,32749,109.92792,-7.742448,6/24/2024,2,Drone (50x50)
14_pemalang04_taman,Brebes_Tegal,32749,109.406077,-6.897244,6/27/2024,3,Drone (rice field)
11_pemalang01_widuri,Brebes_Tegal,32749,109.382349,-6.874462,6/27/2024,2,Drone (rice field)
16_tegal02_pagarbarang,Brebes_Tegal,32749,109.053725,-6.994332,6/28/2024,4,Drone (rice field)
16_tegal02_pagarbarang,Brebes_Tegal,32749,109.052492,-6.993523,6/28/2024,4,Drone (rice field)
15_tegal01_dukuhwaru,Brebes_Tegal,32749,109.093658,-6.970076,6/28/2024,5,Drone (rice field)
01_Jepara01_Rau,Semarang_Demak,32749,110.66335,-6.652238,6/24/2024,2,Drone (rice field)
13_pemalang03_beji,Brebes_Tegal,32749,109.43006,-6.895838,6/27/2024,3,Drone (rice field)
13_pemalang03_beji,Brebes_Tegal,32749,109.42999,-6.895771,6/27/2024,3,Drone (rice field)
02_Jepara02_Surodadi,Semarang_Demak,32749,110.653658,-6.679421,6/24/2024,2,Drone (rice field)
10_batang05_klidangwetan,Pekalongan,32749,109.754904,-6.900454,6/26/2024,2,Drone (rice field)
10_batang05_klidangwetan,Pekalongan,32749,109.754972,-6.900462,6/26/2024,2,Drone (rice field)
Selomerto 2,Pekalongan,32749,109.880269,-7.411476,6/27/2024,3,Drone (rice field)
11_pemalang01_widuri,Brebes_Tegal,32749,109.382623,-6.875416,6/27/2024,3,Drone (rice field)
11_pemalang01_widuri,Brebes_Tegal,32749,109.382834,-6.874919,6/27/2024,2,Drone (rice field)
Bangunjiwo,Semarang_Demak,32749,110.315198,-7.847058,6/24/2024,1,Drone (50x50)
02_Jepara02_Surodadi,Semarang_Demak,32749,110.654002,-6.678816,6/24/2024,6,Drone (rice field)
06_batang01_sambong,Pekalongan,32749,109.747899,-6.909606,6/26/2024,2,Drone (rice field)
Bangunjiwo,Semarang_Demak,32749,110.315025,-7.84606,6/24/2024,1,Drone (50x50)
Selomerto 1,Pekalongan,32749,109.880545,-7.409495,6/27/2024,1,Drone (rice field)
15_tegal01_dukuhwaru,Brebes_Tegal,32749,109.094712,-6.9715,6/28/2024,4,Drone (rice field)
15_tegal01_dukuhwaru,Brebes_Tegal,32749,109.094674,-6.97147,6/28/2024,4,Drone (rice field)
01_Jepara01_Rau,Semarang_Demak,32749,110.664629,-6.653179,6/24/2024,2,Drone (rice field)
10_batang05_klidangwetan,Pekalongan,32749,109.755507,-6.900829,6/26/2024,2,Drone (rice field)
10_batang05_klidangwetan,Pekalongan,32749,109.754139,-6.900682,6/26/2024,1,Drone (rice field)
Selomerto 2,Pekalongan,32749,109.880357,-7.41105,6/27/2024,3,Drone (rice field)
Selomerto 2,Pekalongan,32749,109.880389,-7.41108,6/27/2024,3,Drone (rice field)
01_Jepara01_Rau,Semarang_Demak,32749,110.662439,-6.6536,6/24/2024,2,Drone (rice field)
10_batang05_klidangwetan,Pekalongan,32749,109.75488,-6.900694,6/26/2024,2,Drone (rice field)
01_Jepara01_Rau,Semarang_Demak,32749,110.663508,-6.652973,6/24/2024,2,Drone (rice field)
07_batang02_sambong02,Pekalongan,32749,109.746913,-6.910374,6/26/2024,1,Drone (rice field)
07_batang02_sambong02,Pekalongan,32749,109.746944,-6.910114,6/26/2024,2,Drone (rice field)
04_Jepara04_Krasak,Semarang_Demak,32749,110.707381,-6.714721,6/24/2024,3,Drone (rice field)
01_Jepara01_Rau,Semarang_Demak,32749,110.663968,-6.654881,6/24/2024,2,Drone (rice field)
15_tegal01_dukuhwaru,Brebes_Tegal,32749,109.095102,-6.970886,6/28/2024,5,Drone (rice field)
Kedungsari,Pekalongan,32749,110.195426,-7.869623,6/25/2024,5,Drone (rice field)
14_pemalang04_taman,Brebes_Tegal,32749,109.406249,-6.897601,6/27/2024,3,Drone (rice field)
01_Jepara01_Rau,Semarang_Demak,32749,110.663907,-6.65316,6/24/2024,2,Drone (rice field)
16_tegal02_pagarbarang,Brebes_Tegal,32749,109.052956,-6.995313,6/28/2024,4,Drone (rice field)
08_batang03_tegalsari,Pekalongan,32749,109.772905,-6.905464,6/26/2024,2,Drone (rice field)
Bangunjiwo,Semarang_Demak,32749,110.315974,-7.846809,6/24/2024,1,Drone (50x50)
Tanjungrejo,Pekalongan,32749,109.926754,-7.741036,6/24/2024,2,Drone (50x50)
Bangunjiwo,Semarang_Demak,32749,110.315801,-7.846747,6/24/2024,2,Drone (50x50)
Bendungan,Pekalongan,32749,109.949578,-7.781934,6/24/2024,2,Field Survey
01_Jepara01_Rau,Semarang_Demak,32749,110.662566,-6.65364,6/24/2024,2,Drone (rice field)
01_Jepara01_Rau,Semarang_Demak,32749,110.662642,-6.653624,6/24/2024,2,Drone (rice field)
15_tegal01_dukuhwaru,Brebes_Tegal,32749,109.094539,-6.971292,6/28/2024,4,Drone (rice field)
15_tegal01_dukuhwaru,Brebes_Tegal,32749,109.094509,-6.970118,6/28/2024,5,Drone (rice field)
15_tegal01_dukuhwaru,Brebes_Tegal,32749,109.094365,-6.97016,6/28/2024,5,Drone (rice field)
13_pemalang03_beji,Brebes_Tegal,32749,109.43019,-6.894289,6/27/2024,3,Drone (rice field)
Bangunjiwo,Semarang_Demak,32749,110.315654,-7.847083,6/24/2024,1,Drone (50x50)
Tanjungrejo,Pekalongan,32749,109.927173,-7.74165,6/24/2024,2,Drone (50x50)
13_pemalang03_beji,Brebes_Tegal,32749,109.430168,-6.897004,6/27/2024,4,Drone (rice field)
14_pemalang04_taman,Brebes_Tegal,32749,109.405955,-6.896789,6/27/2024,3,Drone (rice field)
16_tegal02_pagarbarang,Brebes_Tegal,32749,109.05236,-6.995045,6/28/2024,4,Drone (rice field)
Bendungan,Pekalongan,32749,109.949976,-7.781318,6/24/2024,2,Drone (50x50)
15_tegal01_dukuhwaru,Brebes_Tegal,32749,109.093358,-6.97059,6/28/2024,5,Drone (rice field)
15_tegal01_dukuhwaru,Brebes_Tegal,32749,109.095027,-6.97069,6/28/2024,4,Drone (rice field)
15_tegal01_dukuhwaru,Brebes_Tegal,32749,109.093356,-6.970579,6/28/2024,5,Drone (rice field)
Tanjungrejo,Pekalongan,32749,109.926573,-7.742498,6/24/2024,2,Drone (50x50)
Selomerto 2,Pekalongan,32749,109.880274,-7.411237,6/27/2024,3,Drone (rice field)
Janggawur,Pekalongan,32749,109.674778,-7.388708,6/27/2024,6,Drone (rice field)
16_tegal02_pagarbarang,Brebes_Tegal,32749,109.05237,-6.994886,6/28/2024,4,Drone (rice field)
07_batang02_sambong02,Pekalongan,32749,109.744651,-6.910368,6/26/2024,6,Drone (rice field)
07_batang02_sambong02,Pekalongan,32749,109.746618,-6.910976,6/26/2024,1,Drone (rice field)
14_pemalang04_taman,Brebes_Tegal,32749,109.406368,-6.896749,6/27/2024,3,Drone (rice field)
13_pemalang03_beji,Brebes_Tegal,32749,109.428486,-6.895606,6/27/2024,6,Drone (rice field)
06_batang01_sambong,Pekalongan,32749,109.748268,-6.909687,6/26/2024,2,Drone (rice field)
13_pemalang03_beji,Brebes_Tegal,32749,109.428952,-6.897025,6/27/2024,3,Drone (rice field)
14_pemalang04_taman,Brebes_Tegal,32749,109.406544,-6.895783,6/27/2024,4,Drone (rice field)
13_pemalang03_beji,Brebes_Tegal,32749,109.428834,-6.89448,6/27/2024,6,Drone (rice field)
12_pemalang02_danasari,Brebes_Tegal,32749,109.391368,-6.870719,6/27/2024,2,Drone (rice field)
14_pemalang04_taman,Brebes_Tegal,32749,109.406159,-6.896721,6/27/2024,3,Drone (rice field)
15_tegal01_dukuhwaru,Brebes_Tegal,32749,109.093635,-6.970363,6/28/2024,5,Drone (rice field)
15_tegal01_dukuhwaru,Brebes_Tegal,32749,109.093943,-6.96989,6/28/2024,5,Drone (rice field)
01_Jepara01_Rau,Semarang_Demak,32749,110.664288,-6.65305,6/24/2024,2,Drone (rice field)
Kedungsari,Pekalongan,32749,110.195743,-7.868618,6/25/2024,6,Drone (rice field)
11_pemalang01_widuri,Brebes_Tegal,32749,109.382352,-6.873558,6/27/2024,2,Drone (rice field)
13_pemalang03_beji,Brebes_Tegal,32749,109.43033,-6.895466,6/27/2024,2,Drone (rice field)
10_batang05_klidangwetan,Pekalongan,32749,109.754769,-6.901586,6/26/2024,2,Drone (rice field)
Tanjungrejo,Pekalongan,32749,109.927965,-7.742961,6/24/2024,2,Drone (50x50)
Kedungsari,Pekalongan,32749,110.196644,-7.868915,6/25/2024,5,Drone (rice field)
15_tegal01_dukuhwaru,Brebes_Tegal,32749,109.095037,-6.9705,6/28/2024,4,Drone (rice field)
03_Jepara03_SowanLor,Semarang_Demak,32749,110.676981,-6.686674,6/24/2024,3,Drone (rice field)
16_tegal02_pagarbarang,Brebes_Tegal,32749,109.05266,-6.993499,6/28/2024,4,Drone (rice field)
15_tegal01_dukuhwaru,Brebes_Tegal,32749,109.094351,-6.970479,6/28/2024,5,Drone (rice field)
10_batang05_klidangwetan,Pekalongan,32749,109.754976,-6.901913,6/26/2024,2,Drone (rice field)
13_pemalang03_beji,Brebes_Tegal,32749,109.428491,-6.896857,6/27/2024,3,Drone (rice field)
15_tegal01_dukuhwaru,Brebes_Tegal,32749,109.093788,-6.970838,6/28/2024,5,Drone (rice field)
Tanjungrejo,Pekalongan,32749,109.927536,-7.742198,6/24/2024,2,Drone (50x50)
07_batang02_sambong02,Pekalongan,32749,109.746952,-6.910713,6/26/2024,1,Drone (rice field)
01_Jepara01_Rau,Semarang_Demak,32749,110.663261,-6.654696,6/24/2024,2,Drone (50x50)
Bendungan,Pekalongan,32749,109.9495,-7.782456,6/24/2024,2,Drone (50x50)
Selomerto 2,Pekalongan,32749,109.880159,-7.41132,6/27/2024,3,Drone (rice field)
Bendungan,Pekalongan,32749,109.949151,-7.780678,6/24/2024,2,Drone (50x50)
15_tegal01_dukuhwaru,Brebes_Tegal,32749,109.094693,-6.97089,6/28/2024,4,Drone (rice field)
04_Jepara04_Krasak,Semarang_Demak,32749,110.707232,-6.714964,6/24/2024,2,Drone (rice field)
14_pemalang04_taman,Brebes_Tegal,32749,109.40629,-6.897527,6/27/2024,3,Drone (rice field)
13_pemalang03_beji,Brebes_Tegal,32749,109.42875,-6.895426,6/27/2024,6,Drone (rice field)
01_Jepara01_Rau,Semarang_Demak,32749,110.663132,-6.654834,6/24/2024,2,Drone (rice field)
10_batang05_klidangwetan,Pekalongan,32749,109.753885,-6.900548,6/26/2024,1,Drone (rice field)
14_pemalang04_taman,Brebes_Tegal,32749,109.406946,-6.896961,6/27/2024,3,Drone (rice field)
Bendungan,Pekalongan,32749,109.949577,-7.782387,6/24/2024,2,Field Survey
14_pemalang04_taman,Brebes_Tegal,32749,109.405907,-6.89704,6/27/2024,3,Drone (rice field)
14_pemalang04_taman,Brebes_Tegal,32749,109.406379,-6.896592,6/27/2024,3,Drone (rice field)
16_tegal02_pagarbarang,Brebes_Tegal,32749,109.052668,-6.993368,6/28/2024,4,Drone (rice field)
03_Jepara03_SowanLor,Semarang_Demak,32749,110.676812,-6.686814,6/24/2024,3,Field Survey
01_Jepara01_Rau,Semarang_Demak,32749,110.664165,-6.655149,6/24/2024,2,Drone (50x50)
14_pemalang04_taman,Brebes_Tegal,32749,109.406599,-6.896928,6/27/2024,3,Drone (rice field)
13_pemalang03_beji,Brebes_Tegal,32749,109.429144,-6.89666,6/27/2024,3,Drone (rice field)
15_tegal01_dukuhwaru,Brebes_Tegal,32749,109.094715,-6.970596,6/28/2024,5,Drone (rice field)
15_tegal01_dukuhwaru,Brebes_Tegal,32749,109.093955,-6.969742,6/28/2024,5,Drone (rice field)
01_Jepara01_Rau,Semarang_Demak,32749,110.662902,-6.652837,6/24/2024,2,Drone (rice field)
Bangunjiwo,Semarang_Demak,32749,110.315882,-7.84674,6/24/2024,1,Field Survey
Janggawur,Pekalongan,32749,109.674638,-7.387713,6/27/2024,6,Drone (rice field)
Janggawur,Pekalongan,32749,109.674675,-7.387728,6/27/2024,6,Drone (rice field)
14_pemalang04_taman,Brebes_Tegal,32749,109.406534,-6.895949,6/27/2024,4,Drone (rice field)
03_Jepara03_SowanLor,Semarang_Demak,32749,110.67716,-6.687212,6/24/2024,3,Drone (rice field)
01_Jepara01_Rau,Semarang_Demak,32749,110.664258,-6.653391,6/24/2024,2,Drone (rice field)
15_tegal01_dukuhwaru,Brebes_Tegal,32749,109.094266,-6.96969,6/28/2024,5,Drone (rice field)
01_Jepara01_Rau,Semarang_Demak,32749,110.663785,-6.655081,6/24/2024,2,Drone (rice field)
01_Jepara01_Rau,Semarang_Demak,32749,110.663408,-6.65395,6/24/2024,2,Drone (rice field)
15_tegal01_dukuhwaru,Brebes_Tegal,32749,109.094336,-6.971439,6/28/2024,5,Drone (rice field)
15_tegal01_dukuhwaru,Brebes_Tegal,32749,109.094915,-6.9705,6/28/2024,4,Drone (rice field)
04_Jepara04_Krasak,Semarang_Demak,32749,110.707375,-6.715731,6/24/2024,2,Drone (50x50)
04_Jepara04_Krasak,Semarang_Demak,32749,110.707411,-6.714613,6/24/2024,3,Drone (rice field)
13_pemalang03_beji,Brebes_Tegal,32749,109.430126,-6.895663,6/27/2024,3,Drone (rice field)
02_Jepara02_Surodadi,Semarang_Demak,32749,110.653743,-6.67911,6/24/2024,2,Drone (50x50)
16_tegal02_pagarbarang,Brebes_Tegal,32749,109.05344,-6.996194,6/28/2024,5,Drone (rice field)
15_tegal01_dukuhwaru,Brebes_Tegal,32749,109.094476,-6.970628,6/28/2024,5,Drone (rice field)
,Semarang_Demak,32749,110.472478,-7.317944,6/26/2024,4,Drone (rice field)
Janggawur,Pekalongan,32749,109.674558,-7.388845,6/27/2024,6,Drone (rice field)
Janggawur,Pekalongan,32749,109.674586,-7.388847,6/27/2024,6,Drone (rice field)
Selomerto 1,Pekalongan,32749,109.880375,-7.409564,6/27/2024,1,Drone (rice field)
13_pemalang03_beji,Brebes_Tegal,32749,109.428651,-6.897005,6/27/2024,3,Drone (rice field)
13_pemalang03_beji,Brebes_Tegal,32749,109.430259,-6.896253,6/27/2024,4,Drone (rice field)
14_pemalang04_taman,Brebes_Tegal,32749,109.40628,-6.897681,6/27/2024,3,Drone (rice field)
07_batang02_sambong02,Pekalongan,32749,109.745376,-6.909835,6/26/2024,1,Drone (rice field)
11_pemalang01_widuri,Brebes_Tegal,32749,109.382498,-6.874728,6/27/2024,2,Drone (rice field)
01_Jepara01_Rau,Semarang_Demak,32749,110.664134,-6.655201,6/24/2024,2,Drone (rice field)
11_pemalang01_widuri,Brebes_Tegal,32749,109.382478,-6.874987,6/27/2024,2,Drone (rice field)
Janggawur,Pekalongan,32749,109.674274,-7.387815,6/27/2024,6,Drone (rice field)
Janggawur,Pekalongan,32749,109.6743,-7.388122,6/27/2024,6,Drone (rice field)
05_Jepara05_TunggulPandean,Semarang_Demak,32749,110.765826,-6.762955,6/24/2024,3,Drone (50x50)
02_Jepara02_Surodadi,Semarang_Demak,32749,110.654048,-6.678853,6/24/2024,6,Drone (rice field)
Selomerto 2,Pekalongan,32749,109.880393,-7.411502,6/27/2024,3,Drone (rice field)
Selomerto 2,Pekalongan,32749,109.880317,-7.41149,6/27/2024,3,Drone (rice field)
16_tegal02_pagarbarang,Brebes_Tegal,32749,109.052537,-6.995738,6/28/2024,5,Drone (rice field)
16_tegal02_pagarbarang,Brebes_Tegal,32749,109.052576,-6.995765,6/28/2024,5,Drone (rice field)
13_pemalang03_beji,Brebes_Tegal,32749,109.430057,-6.896742,6/27/2024,4,Drone (rice field)
13_pemalang03_beji,Brebes_Tegal,32749,109.429984,-6.896746,6/27/2024,4,Drone (rice field)
06_batang01_sambong,Pekalongan,32749,109.748728,-6.90857,6/26/2024,2,Drone (rice field)
16_tegal02_pagarbarang,Brebes_Tegal,32749,109.052728,-6.995435,6/28/2024,4,Drone (rice field)
Tanjungrejo,Pekalongan,32749,109.928339,-7.742792,6/24/2024,2,Drone (50x50)
Selomerto 2,Pekalongan,32749,109.880087,-7.411303,6/27/2024,3,Drone (rice field)
Selomerto 2,Pekalongan,32749,109.880059,-7.411306,6/27/2024,3,Drone (rice field)
13_pemalang03_beji,Brebes_Tegal,32749,109.428501,-6.895236,6/27/2024,6,Drone (rice field)
16_tegal02_pagarbarang,Brebes_Tegal,32749,109.053988,-6.994563,6/28/2024,4,Drone (rice field)
15_tegal01_dukuhwaru,Brebes_Tegal,32749,109.094924,-6.97032,6/28/2024,4,Drone (rice field)
Bendungan,Pekalongan,32749,109.950032,-7.781483,6/24/2024,2,Field Survey
01_Jepara01_Rau,Semarang_Demak,32749,110.662809,-6.653791,6/24/2024,2,Drone (50x50)
05_Jepara05_TunggulPandean,Semarang_Demak,32749,110.764943,-6.763746,6/24/2024,3,Drone (50x50)
01_Jepara01_Rau,Semarang_Demak,32749,110.663855,-6.655106,6/24/2024,2,Drone (rice field)
08_batang03_tegalsari,Pekalongan,32749,109.772522,-6.905945,6/26/2024,2,Drone (rice field)
Janggawur,Pekalongan,32749,109.674431,-7.388833,6/27/2024,6,Drone (rice field)
15_tegal01_dukuhwaru,Brebes_Tegal,32749,109.093383,-6.970229,6/28/2024,5,Drone (rice field)
Bendungan,Pekalongan,32749,109.949378,-7.782086,6/24/2024,2,Drone (50x50)
05_Jepara05_TunggulPandean,Semarang_Demak,32749,110.765355,-6.762711,6/24/2024,3,Drone (50x50)
Tanjungrejo,Pekalongan,32749,109.926672,-7.742237,6/24/2024,6,Drone (50x50)
Selomerto,Pekalongan,32749,109.880853,-7.409272,6/27/2024,1,Drone (rice field)
14_pemalang04_taman,Brebes_Tegal,32749,109.406508,-6.896276,6/27/2024,4,Drone (rice field)
13_pemalang03_beji,Brebes_Tegal,32749,109.429648,-6.894822,6/27/2024,3,Drone (rice field)
16_tegal02_pagarbarang,Brebes_Tegal,32749,109.05371,-6.993647,6/28/2024,4,Drone (rice field)
15_tegal01_dukuhwaru,Brebes_Tegal,32749,109.094305,-6.970903,6/28/2024,5,Drone (rice field)
04_Jepara04_Krasak,Semarang_Demak,32749,110.707115,-6.71493,6/24/2024,2,Drone (rice field)
Tanjungrejo,Pekalongan,32749,109.926457,-7.742153,6/24/2024,2,Drone (50x50)
10_batang05_klidangwetan,Pekalongan,32749,109.754074,-6.899577,6/26/2024,2,Drone (rice field)
14_pemalang04_taman,Brebes_Tegal,32749,109.407261,-6.89622,6/27/2024,4,Drone (rice field)
13_pemalang03_beji,Brebes_Tegal,32749,109.428547,-6.895435,6/27/2024,6,Drone (rice field)
14_pemalang04_taman,Brebes_Tegal,32749,109.407352,-6.896573,6/27/2024,4,Drone (rice field)
16_tegal02_pagarbarang,Brebes_Tegal,32749,109.05276,-6.994662,6/28/2024,6,Drone (rice field)
13_pemalang03_beji,Brebes_Tegal,32749,109.429852,-6.895654,6/27/2024,3,Drone (rice field)
11_pemalang01_widuri,Brebes_Tegal,32749,109.381462,-6.874988,6/27/2024,2,Drone (rice field)
Selomerto 2,Pekalongan,32749,109.880405,-7.411175,6/27/2024,3,Drone (rice field)
16_tegal02_pagarbarang,Brebes_Tegal,32749,109.054033,-6.995886,6/28/2024,5,Drone (rice field)
16_tegal02_pagarbarang,Brebes_Tegal,32749,109.052803,-6.994036,6/28/2024,6,Drone (rice field)
13_pemalang03_beji,Brebes_Tegal,32749,109.428778,-6.897015,6/27/2024,3,Drone (rice field)
15_tegal01_dukuhwaru,Brebes_Tegal,32749,109.093559,-6.971236,6/28/2024,6,Drone (rice field)
15_tegal01_dukuhwaru,Brebes_Tegal,32749,109.093338,-6.970881,6/28/2024,5,Drone (rice field)
05_Jepara05_TunggulPandean,Semarang_Demak,32749,110.765246,-6.76361,6/24/2024,4,Field Survey
07_batang02_sambong02,Pekalongan,32749,109.746555,-6.910156,6/26/2024,2,Drone (rice field)
Selomerto 2,Pekalongan,32749,109.881003,-7.411658,6/27/2024,1,Drone (rice field)
Selomerto 2,Pekalongan,32749,109.881026,-7.411689,6/27/2024,1,Drone (rice field)
14_pemalang04_taman,Brebes_Tegal,32749,109.40639,-6.896439,6/27/2024,3,Drone (rice field)
Kedungsari,Pekalongan,32749,110.195997,-7.868513,6/25/2024,5,Drone (rice field)
Selomerto 2,Pekalongan,32749,109.880927,-7.410464,6/27/2024,3,Drone (rice field)
Selomerto 2,Pekalongan,32749,109.880907,-7.410428,6/27/2024,3,Drone (rice field)
01_Jepara01_Rau,Semarang_Demak,32749,110.66308,-6.652955,6/24/2024,2,Drone (rice field)
Tanjungrejo,Pekalongan,32749,109.927736,-7.741348,6/24/2024,2,Drone (50x50)
15_tegal01_dukuhwaru,Brebes_Tegal,32749,109.094265,-6.970142,6/28/2024,5,Drone (rice field)
15_tegal01_dukuhwaru,Brebes_Tegal,32749,109.094274,-6.970174,6/28/2024,5,Drone (rice field)
14_pemalang04_taman,Brebes_Tegal,32749,109.406058,-6.897478,6/27/2024,3,Drone (rice field)
14_pemalang04_taman,Brebes_Tegal,32749,109.40593,-6.89651,6/27/2024,3,Drone (rice field)
16_tegal02_pagarbarang,Brebes_Tegal,32749,109.052463,-6.993874,6/28/2024,4,Drone (rice field)
07_batang02_sambong02,Pekalongan,32749,109.744545,-6.909936,6/26/2024,6,Drone (rice field)
01_Jepara01_Rau,Semarang_Demak,32749,110.662809,-6.652887,6/24/2024,2,Drone (50x50)
Bendungan,Pekalongan,32749,109.949066,-7.78078,6/24/2024,2,Drone (50x50)
01_Jepara01_Rau,Semarang_Demak,32749,110.662822,-6.652869,6/24/2024,2,Drone (rice field)
Bangunjiwo,Semarang_Demak,32749,110.315035,-7.847039,6/24/2024,2,Drone (50x50)
13_pemalang03_beji,Brebes_Tegal,32749,109.429831,-6.894684,6/27/2024,3,Drone (rice field)
02_Jepara02_Surodadi,Semarang_Demak,32749,110.654195,-6.67911,6/24/2024,3,Drone (50x50)
Bangunjiwo,Semarang_Demak,32749,110.316038,-7.847169,6/24/2024,1,Drone (50x50)
13_pemalang03_beji,Brebes_Tegal,32749,109.429663,-6.894979,6/27/2024,2,Drone (rice field)
Bendungan,Pekalongan,32749,109.948333,-7.781538,6/24/2024,2,Drone (50x50)
Tanjungrejo,Pekalongan,32749,109.927816,-7.742807,6/24/2024,2,Drone (50x50)
13_pemalang03_beji,Brebes_Tegal,32749,109.429543,-6.896413,6/27/2024,4,Drone (rice field)
16_tegal02_pagarbarang,Brebes_Tegal,32749,109.053447,-6.994386,6/28/2024,4,Drone (rice field)
Bangunjiwo,Semarang_Demak,32749,110.315,-7.847,6/24/2024,2,Field Survey
16_tegal02_pagarbarang,Brebes_Tegal,32749,109.052353,-6.995864,6/28/2024,5,Drone (rice field)
07_batang02_sambong02,Pekalongan,32749,109.746915,-6.909922,6/26/2024,1,Drone (rice field)
08_batang03_tegalsari,Pekalongan,32749,109.772882,-6.907155,6/26/2024,1,Drone (rice field)
16_tegal02_pagarbarang,Brebes_Tegal,32749,109.052546,-6.993478,6/28/2024,4,Drone (rice field)
Kedungsari,Pekalongan,32749,110.195692,-7.870047,6/25/2024,3,Drone (rice field)
07_batang02_sambong02,Pekalongan,32749,109.74601,-6.909919,6/26/2024,1,Drone (rice field)
07_batang02_sambong02,Pekalongan,32749,109.74598,-6.909889,6/26/2024,1,Drone (rice field)
08_batang03_tegalsari,Pekalongan,32749,109.773036,-6.905909,6/26/2024,1,Drone (rice field)
Selomerto 2,Pekalongan,32749,109.880062,-7.411378,6/27/2024,3,Drone (rice field)
Tanjungrejo,Pekalongan,32749,109.926502,-7.741817,6/24/2024,2,Drone (50x50)
13_pemalang03_beji,Brebes_Tegal,32749,109.42987,-6.895452,6/27/2024,2,Drone (rice field)
,Semarang_Demak,32749,110.473575,-7.317947,6/26/2024,4,Drone (rice field)
07_batang02_sambong02,Pekalongan,32749,109.744867,-6.909985,6/26/2024,1,Drone (rice field)
13_pemalang03_beji,Brebes_Tegal,32749,109.430137,-6.895583,6/27/2024,3,Drone (rice field)
16_tegal02_pagarbarang,Brebes_Tegal,32749,109.053068,-6.995687,6/28/2024,5,Drone (rice field)
15_tegal01_dukuhwaru,Brebes_Tegal,32749,109.094285,-6.96994,6/28/2024,5,Drone (rice field)
01_Jepara01_Rau,Semarang_Demak,32749,110.663715,-6.652435,6/24/2024,2,Drone (50x50)
04_Jepara04_Krasak,Semarang_Demak,32749,110.706002,-6.715438,6/24/2024,3,Drone (50x50)
Selomerto 2,Pekalongan,32749,109.880942,-7.411629,6/27/2024,1,Drone (rice field)
15_tegal01_dukuhwaru,Brebes_Tegal,32749,109.093809,-6.971044,6/28/2024,5,Drone (rice field)
15_tegal01_dukuhwaru,Brebes_Tegal,32749,109.093773,-6.971059,6/28/2024,5,Drone (rice field)
Bangunjiwo,Semarang_Demak,32749,110.315318,-7.846722,6/24/2024,2,Drone (50x50)
04_Jepara04_Krasak,Semarang_Demak,32749,110.705907,-6.7154,6/24/2024,3,Drone (50x50)
15_tegal01_dukuhwaru,Brebes_Tegal,32749,109.094877,-6.970897,6/28/2024,4,Drone (rice field)
15_tegal01_dukuhwaru,Brebes_Tegal,32749,109.093625,-6.970483,6/28/2024,5,Drone (rice field)
Bangunjiwo,Semarang_Demak,32749,110.315428,-7.847191,6/24/2024,1,Field Survey
15_tegal01_dukuhwaru,Brebes_Tegal,32749,109.094717,-6.970144,6/28/2024,5,Drone (rice field)
Bangunjiwo,Semarang_Demak,32749,110.315115,-7.847055,6/24/2024,2,Drone (50x50)
Bendungan,Pekalongan,32749,109.948753,-7.780675,6/24/2024,2,Drone (50x50)
01_Jepara01_Rau,Semarang_Demak,32749,110.663381,-6.65291,6/24/2024,2,Drone (rice field)
Kedungsari,Pekalongan,32749,110.195915,-7.868949,6/25/2024,5,Drone (rice field)
Kedungsari,Pekalongan,32749,110.196099,-7.869195,6/25/2024,5,Drone (rice field)
10_batang05_klidangwetan,Pekalongan,32749,109.755002,-6.900772,6/26/2024,2,Drone (rice field)
13_pemalang03_beji,Brebes_Tegal,32749,109.429829,-6.894826,6/27/2024,3,Drone (rice field)
Bendungan,Pekalongan,32749,109.949165,-7.782545,6/24/2024,6,Drone (50x50)
14_pemalang04_taman,Brebes_Tegal,32749,109.406588,-6.8974,6/27/2024,3,Drone (rice field)
14_pemalang04_taman,Brebes_Tegal,32749,109.407374,-6.896227,6/27/2024,4,Drone (rice field)
01_Jepara01_Rau,Semarang_Demak,32749,110.664045,-6.653679,6/24/2024,2,Drone (rice field)
04_Jepara04_Krasak,Semarang_Demak,32749,110.706455,-6.715183,6/24/2024,2,Drone (50x50)
Selomerto 2,Pekalongan,32749,109.881448,-7.410402,6/27/2024,3,Drone (rice field)
14_pemalang04_taman,Brebes_Tegal,32749,109.406315,-6.896092,6/27/2024,4,Drone (rice field)
Bangunjiwo,Semarang_Demak,32749,110.315395,-7.846875,6/24/2024,2,Drone (50x50)
01_Jepara01_Rau,Semarang_Demak,32749,110.664231,-6.655039,6/24/2024,2,Drone (rice field)
Janggawur,Pekalongan,32749,109.674043,-7.388128,6/27/2024,6,Drone (rice field)
Janggawur,Pekalongan,32749,109.673971,-7.388113,6/27/2024,6,Drone (rice field)
16_tegal02_pagarbarang,Brebes_Tegal,32749,109.054189,-6.99474,6/28/2024,4,Drone (rice field)
13_pemalang03_beji,Brebes_Tegal,32749,109.42885,-6.895222,6/27/2024,6,Drone (rice field)
11_pemalang01_widuri,Brebes_Tegal,32749,109.381119,-6.87511,6/27/2024,2,Drone (rice field)
14_pemalang04_taman,Brebes_Tegal,32749,109.406346,-6.897375,6/27/2024,3,Drone (rice field)
04_Jepara04_Krasak,Semarang_Demak,32749,110.70736,-6.715635,6/24/2024,2,Drone (50x50)
16_tegal02_pagarbarang,Brebes_Tegal,32749,109.053157,-6.994684,6/28/2024,4,Drone (rice field)
Kedungsari,Pekalongan,32749,110.196601,-7.868692,6/25/2024,5,Drone (rice field)
04_Jepara04_Krasak,Semarang_Demak,32749,110.707457,-6.714509,6/24/2024,2,Drone (rice field)
13_pemalang03_beji,Brebes_Tegal,32749,109.429784,-6.896583,6/27/2024,4,Drone (rice field)
Janggawur,Pekalongan,32749,109.674398,-7.388138,6/27/2024,6,Drone (rice field)
Kedungsari,Pekalongan,32749,110.196184,-7.869968,6/25/2024,4,Drone (rice field)
Kedungsari,Pekalongan,32749,110.196554,-7.869397,6/25/2024,5,Drone (rice field)
14_pemalang04_taman,Brebes_Tegal,32749,109.406326,-6.895928,6/27/2024,4,Drone (rice field)
13_pemalang03_beji,Brebes_Tegal,32749,109.429474,-6.894977,6/27/2024,2,Drone (rice field)
15_tegal01_dukuhwaru,Brebes_Tegal,32749,109.094685,-6.971318,6/28/2024,4,Drone (rice field)
Bangunjiwo,Semarang_Demak,32749,110.315808,-7.845862,6/24/2024,1,Drone (50x50)
10_batang05_klidangwetan,Pekalongan,32749,109.755165,-6.90076,6/26/2024,2,Drone (rice field)
15_tegal01_dukuhwaru,Brebes_Tegal,32749,109.093675,-6.969917,6/28/2024,5,Drone (rice field)
01_Jepara01_Rau,Semarang_Demak,32749,110.662808,-6.654696,6/24/2024,2,Drone (50x50)
01_Jepara01_Rau,Semarang_Demak,32749,110.662825,-6.654717,6/24/2024,2,Drone (rice field)
Selomerto,Pekalongan,32749,109.881367,-7.4094,6/27/2024,3,Drone (rice field)
Selomerto 1,Pekalongan,32749,109.881308,-7.409462,6/27/2024,3,Drone (rice field)
Bangunjiwo,Semarang_Demak,32749,110.315508,-7.845829,6/24/2024,1,Drone (50x50)
16_tegal02_pagarbarang,Brebes_Tegal,32749,109.053704,-6.994538,6/28/2024,4,Drone (rice field)
14_pemalang04_taman,Brebes_Tegal,32749,109.406168,-6.896629,6/27/2024,3,Drone (rice field)
13_pemalang03_beji,Brebes_Tegal,32749,109.429114,-6.895575,6/27/2024,2,Drone (rice field)
14_pemalang04_taman,Brebes_Tegal,32749,109.407157,-6.8967,6/27/2024,4,Drone (rice field)
16_tegal02_pagarbarang,Brebes_Tegal,32749,109.053265,-6.99604,6/28/2024,5,Drone (rice field)
15_tegal01_dukuhwaru,Brebes_Tegal,32749,109.093311,-6.971269,6/28/2024,5,Drone (rice field)
15_tegal01_dukuhwaru,Brebes_Tegal,32749,109.094563,-6.970914,6/28/2024,4,Drone (rice field)
10_batang05_klidangwetan,Pekalongan,32749,109.754633,-6.899994,6/26/2024,2,Drone (rice field)
Selomerto 1,Pekalongan,32749,109.881263,-7.408795,6/27/2024,5,Drone (rice field)
16_tegal02_pagarbarang,Brebes_Tegal,32749,109.054189,-6.996069,6/28/2024,5,Drone (rice field)
15_tegal01_dukuhwaru,Brebes_Tegal,32749,109.094706,-6.970113,6/28/2024,5,Drone (rice field)
Bendungan,Pekalongan,32749,109.948388,-7.782102,6/24/2024,2,Drone (50x50)
13_pemalang03_beji,Brebes_Tegal,32749,109.428484,-6.895441,6/27/2024,6,Drone (rice field)
15_tegal01_dukuhwaru,Brebes_Tegal,32749,109.094483,-6.969735,6/28/2024,5,Drone (rice field)
13_pemalang03_beji,Brebes_Tegal,32749,109.428569,-6.895785,6/27/2024,3,Drone (rice field)
16_tegal02_pagarbarang,Brebes_Tegal,32749,109.054199,-6.994582,6/28/2024,4,Drone (rice field)
01_Jepara01_Rau,Semarang_Demak,32749,110.664459,-6.654395,6/24/2024,2,Drone (rice field)
Tanjungrejo,Pekalongan,32749,109.927694,-7.741527,6/24/2024,2,Drone (50x50)
01_Jepara01_Rau,Semarang_Demak,32749,110.664777,-6.653238,6/24/2024,2,Drone (rice field)
10_batang05_klidangwetan,Pekalongan,32749,109.754314,-6.900621,6/26/2024,2,Drone (rice field)
14_pemalang04_taman,Brebes_Tegal,32749,109.405902,-6.897144,6/27/2024,3,Drone (rice field)
14_pemalang04_taman,Brebes_Tegal,32749,109.405905,-6.89709,6/27/2024,3,Drone (rice field)
Bendungan,Pekalongan,32749,109.949721,-7.780818,6/24/2024,2,Drone (50x50)
13_pemalang03_beji,Brebes_Tegal,32749,109.429545,-6.896582,6/27/2024,4,Drone (rice field)
15_tegal01_dukuhwaru,Brebes_Tegal,32749,109.093911,-6.971089,6/28/2024,5,Drone (rice field)
Tanjungrejo,Pekalongan,32749,109.926838,-7.741079,6/24/2024,2,Field Survey
Janggawur,Pekalongan,32749,109.674796,-7.38887,6/27/2024,6,Drone (rice field)
Selomerto 2,Pekalongan,32749,109.880432,-7.411225,6/27/2024,3,Drone (rice field)
13_pemalang03_beji,Brebes_Tegal,32749,109.429477,-6.895762,6/27/2024,3,Drone (rice field)
13_pemalang03_beji,Brebes_Tegal,32749,109.430194,-6.895777,6/27/2024,3,Drone (rice field)
Bangunjiwo,Semarang_Demak,32749,110.315483,-7.846083,6/24/2024,1,Drone (50x50)
04_Jepara04_Krasak,Semarang_Demak,32749,110.707132,-6.71568,6/24/2024,2,Drone (50x50)
Kedungsari,Pekalongan,32749,110.195363,-7.869966,6/25/2024,5,Drone (rice field)
13_pemalang03_beji,Brebes_Tegal,32749,109.430271,-6.894686,6/27/2024,3,Drone (rice field)
,Semarang_Demak,32749,110.53075,-7.353278,6/25/2024,2,Drone (rice field)
16_tegal02_pagarbarang,Brebes_Tegal,32749,109.053611,-6.995625,6/28/2024,4,Drone (rice field)
14_pemalang04_taman,Brebes_Tegal,32749,109.40714,-6.89744,6/27/2024,4,Drone (rice field)
15_tegal01_dukuhwaru,Brebes_Tegal,32749,109.095081,-6.97127,6/28/2024,5,Drone (rice field)
Janggawur,Pekalongan,32749,109.674375,-7.38883,6/27/2024,6,Drone (rice field)
16_tegal02_pagarbarang,Brebes_Tegal,32749,109.054279,-6.995145,6/28/2024,4,Drone (rice field)
15_tegal01_dukuhwaru,Brebes_Tegal,32749,109.094308,-6.970737,6/28/2024,5,Drone (rice field)
Janggawur,Pekalongan,32749,109.674488,-7.387926,6/27/2024,6,Drone (rice field)
14_pemalang04_taman,Brebes_Tegal,32749,109.405894,-6.897463,6/27/2024,3,Drone (rice field)
Bendungan,Pekalongan,32749,109.949123,-7.782385,6/24/2024,2,Field Survey
11_pemalang01_widuri,Brebes_Tegal,32749,109.382132,-6.875221,6/27/2024,2,Drone (rice field)
15_tegal01_dukuhwaru,Brebes_Tegal,32749,109.095168,-6.970598,6/28/2024,5,Drone (rice field)
06_batang01_sambong,Pekalongan,32749,109.748725,-6.909926,6/26/2024,2,Drone (rice field)
10_batang05_klidangwetan,Pekalongan,32749,109.755989,-6.900449,6/26/2024,2,Drone (rice field)
16_tegal02_pagarbarang,Brebes_Tegal,32749,109.054123,-6.993954,6/28/2024,4,Drone (rice field)
15_tegal01_dukuhwaru,Brebes_Tegal,32749,109.09412,-6.970584,6/28/2024,5,Drone (rice field)
15_tegal01_dukuhwaru,Brebes_Tegal,32749,109.094137,-6.970208,6/28/2024,5,Drone (rice field)
Bendungan,Pekalongan,32749,109.94958,-7.78103,6/24/2024,2,Field Survey
Janggawur,Pekalongan,32749,109.673707,-7.387868,6/27/2024,6,Drone (rice field)
Janggawur,Pekalongan,32749,109.673781,-7.387899,6/27/2024,6,Drone (rice field)
Janggawur,Pekalongan,32749,109.674603,-7.38878,6/27/2024,6,Drone (rice field)
Bangunjiwo,Semarang_Demak,32749,110.315001,-7.846884,6/24/2024,2,Drone (50x50)
01_Jepara01_Rau,Semarang_Demak,32749,110.663002,-6.652975,6/24/2024,2,Drone (rice field)
14_pemalang04_taman,Brebes_Tegal,32749,109.40689,-6.897707,6/27/2024,3,Drone (rice field)
Bendungan,Pekalongan,32749,109.949434,-7.78174,6/24/2024,2,Drone (50x50)
Kedungsari,Pekalongan,32749,110.195596,-7.868731,6/25/2024,5,Drone (rice field)
01_Jepara01_Rau,Semarang_Demak,32749,110.662978,-6.654775,6/24/2024,2,Drone (rice field)
13_pemalang03_beji,Brebes_Tegal,32749,109.430305,-6.896906,6/27/2024,4,Drone (rice field)
01_Jepara01_Rau,Semarang_Demak,32749,110.662673,-6.65466,6/24/2024,2,Drone (rice field)
14_pemalang04_taman,Brebes_Tegal,32749,109.40591,-6.896993,6/27/2024,3,Drone (rice field)
14_pemalang04_taman,Brebes_Tegal,32749,109.405911,-6.896952,6/27/2024,3,Drone (rice field)
Bangunjiwo,Semarang_Demak,32749,110.315697,-7.845828,6/24/2024,1,Drone (50x50)
Selomerto 2,Pekalongan,32749,109.880701,-7.410523,6/27/2024,3,Drone (rice field)
Selomerto 2,Pekalongan,32749,109.880692,-7.410481,6/27/2024,3,Drone (rice field)
13_pemalang03_beji,Brebes_Tegal,32749,109.429662,-6.895446,6/27/2024,2,Drone (rice field)
Kedungsari,Pekalongan,32749,110.195791,-7.869639,6/25/2024,2,Drone (rice field)
05_Jepara05_TunggulPandean,Semarang_Demak,32749,110.765698,-6.76361,6/24/2024,4,Field Survey
01_Jepara01_Rau,Semarang_Demak,32749,110.664167,-6.652887,6/24/2024,2,Drone (50x50)
01_Jepara01_Rau,Semarang_Demak,32749,110.663988,-6.653863,6/24/2024,2,Drone (rice field)
Kedungsari,Pekalongan,32749,110.19584,-7.869366,6/25/2024,3,Drone (rice field)
13_pemalang03_beji,Brebes_Tegal,32749,109.430025,-6.896253,6/27/2024,4,Drone (rice field)
Kedungsari,Pekalongan,32749,110.196545,-7.868901,6/25/2024,5,Drone (rice field)
13_pemalang03_beji,Brebes_Tegal,32749,109.430024,-6.896416,6/27/2024,4,Drone (rice field)
13_pemalang03_beji,Brebes_Tegal,32749,109.428976,-6.895218,6/27/2024,1,Drone (rice field)
01_Jepara01_Rau,Semarang_Demak,32749,110.664014,-6.653456,6/24/2024,2,Field Survey
05_Jepara05_TunggulPandean,Semarang_Demak,32749,110.766523,-6.764011,6/24/2024,6,Drone (50x50)
Selomerto 1,Pekalongan,32749,109.880546,-7.409043,6/27/2024,5,Drone (rice field)
Bendungan,Pekalongan,32749,109.94919,-7.781175,6/24/2024,2,Drone (50x50)
10_batang05_klidangwetan,Pekalongan,32749,109.754479,-6.899804,6/26/2024,2,Drone (rice field)
11_pemalang01_widuri,Brebes_Tegal,32749,109.380863,-6.875079,6/27/2024,2,Drone (rice field)
01_Jepara01_Rau,Semarang_Demak,32749,110.663522,-6.652713,6/24/2024,2,Drone (rice field)
Bendungan,Pekalongan,32749,109.948674,-7.780575,6/24/2024,2,Field Survey
Bendungan,Pekalongan,32749,109.949082,-7.782372,6/24/2024,2,Drone (50x50)
Kedungsari,Pekalongan,32749,110.196637,-7.868629,6/25/2024,6,Drone (rice field)
14_pemalang04_taman,Brebes_Tegal,32749,109.406252,-6.896696,6/27/2024,3,Drone (rice field)
04_Jepara04_Krasak,Semarang_Demak,32749,110.707008,-6.714868,6/24/2024,2,Drone (rice field)
Kedungsari,Pekalongan,32749,110.195675,-7.869714,6/25/2024,2,Drone (rice field)
Janggawur,Pekalongan,32749,109.674537,-7.388808,6/27/2024,6,Drone (rice field)
13_pemalang03_beji,Brebes_Tegal,32749,109.429811,-6.895768,6/27/2024,3,Drone (rice field)
13_pemalang03_beji,Brebes_Tegal,32749,109.429666,-6.89514,6/27/2024,2,Drone (rice field)
15_tegal01_dukuhwaru,Brebes_Tegal,32749,109.094885,-6.971471,6/28/2024,5,Drone (rice field)
Bendungan,Pekalongan,32749,109.948327,-7.781364,6/24/2024,2,Drone (50x50)
Bendungan,Pekalongan,32749,109.949789,-7.780689,6/24/2024,2,Drone (50x50)
Bendungan,Pekalongan,32749,109.949752,-7.780753,6/24/2024,2,Drone (50x50)
Tanjungrejo,Pekalongan,32749,109.927941,-7.742337,6/24/2024,2,Drone (50x50)
15_tegal01_dukuhwaru,Brebes_Tegal,32749,109.093203,-6.969716,6/28/2024,5,Drone (rice field)
Tanjungrejo,Pekalongan,32749,109.928409,-7.74126,6/24/2024,2,Drone (50x50)
01_Jepara01_Rau,Semarang_Demak,32749,110.662522,-6.654602,6/24/2024,2,Drone (rice field)
01_Jepara01_Rau,Semarang_Demak,32749,110.664794,-6.653778,6/24/2024,2,Drone (rice field)
Selomerto 1,Pekalongan,32749,109.880486,-7.409368,6/27/2024,1,Drone (rice field)
15_tegal01_dukuhwaru,Brebes_Tegal,32749,109.094143,-6.970053,6/28/2024,5,Drone (rice field)
13_pemalang03_beji,Brebes_Tegal,32749,109.429772,-6.896748,6/27/2024,4,Drone (rice field)
16_tegal02_pagarbarang,Brebes_Tegal,32749,109.054174,-6.996183,6/28/2024,5,Drone (rice field)
16_tegal02_pagarbarang,Brebes_Tegal,32749,109.054306,-6.994493,6/28/2024,4,Drone (rice field)
04_Jepara04_Krasak,Semarang_Demak,32749,110.707417,-6.715187,6/24/2024,2,Drone (50x50)
Janggawur,Pekalongan,32749,109.674696,-7.388707,6/27/2024,6,Drone (rice field)
07_batang02_sambong02,Pekalongan,32749,109.744653,-6.909463,6/26/2024,6,Drone (rice field)
13_pemalang03_beji,Brebes_Tegal,32749,109.430166,-6.89691,6/27/2024,4,Drone (rice field)
Bendungan,Pekalongan,32749,109.949579,-7.781482,6/24/2024,2,Field Survey
,Brebes_Tegal,32749,109.411086,-7.444706,6/27/2024,1,Drone (rice field)
16_tegal02_pagarbarang,Brebes_Tegal,32749,109.052543,-6.995059,6/28/2024,4,Drone (rice field)
05_Jepara05_TunggulPandean,Semarang_Demak,32749,110.76636,-6.764228,6/24/2024,6,Drone (50x50)
07_batang02_sambong02,Pekalongan,32749,109.745106,-6.909465,6/26/2024,1,Drone (rice field)
Tanjungrejo,Pekalongan,32749,109.92789,-7.741899,6/24/2024,2,Drone (50x50)
13_pemalang03_beji,Brebes_Tegal,32749,109.428702,-6.895833,6/27/2024,3,Drone (rice field)
14_pemalang04_taman,Brebes_Tegal,32749,109.407213,-6.89707,6/27/2024,4,Drone (rice field)
11_pemalang01_widuri,Brebes_Tegal,32749,109.382489,-6.874883,6/27/2024,2,Drone (rice field)
16_tegal02_pagarbarang,Brebes_Tegal,32749,109.052999,-6.994977,6/28/2024,4,Drone (rice field)
01_Jepara01_Rau,Semarang_Demak,32749,110.66325,-6.654879,6/24/2024,2,Drone (rice field)
Kedungsari,Pekalongan,32749,110.195695,-7.86869,6/25/2024,6,Drone (rice field)
01_Jepara01_Rau,Semarang_Demak,32749,110.664618,-6.653792,6/24/2024,2,Drone (50x50)
01_Jepara01_Rau,Semarang_Demak,32749,110.664576,-6.653765,6/24/2024,2,Drone (rice field)
Bangunjiwo,Semarang_Demak,32749,110.31543,-7.845834,6/24/2024,1,Field Survey
Bangunjiwo,Semarang_Demak,32749,110.315405,-7.845816,6/24/2024,1,Drone (50x50)
Bendungan,Pekalongan,32749,109.948869,-7.781719,6/24/2024,2,Drone (50x50)
Tanjungrejo,Pekalongan,32749,109.926461,-7.742424,6/24/2024,6,Drone (50x50)
01_Jepara01_Rau,Semarang_Demak,32749,110.662822,-6.653729,6/24/2024,2,Drone (rice field)
01_Jepara01_Rau,Semarang_Demak,32749,110.662758,-6.653706,6/24/2024,2,Drone (rice field)
Janggawur,Pekalongan,32749,109.674437,-7.387895,6/27/2024,6,Drone (rice field)
16_tegal02_pagarbarang,Brebes_Tegal,32749,109.053615,-6.995246,6/28/2024,4,Drone (rice field)
04_Jepara04_Krasak,Semarang_Demak,32749,110.707363,-6.714953,6/24/2024,2,Drone (rice field)
14_pemalang04_taman,Brebes_Tegal,32749,109.405948,-6.896886,6/27/2024,3,Drone (rice field)
Tanjungrejo,Pekalongan,32749,109.927743,-7.741533,6/24/2024,2,Field Survey
Janggawur,Pekalongan,32749,109.674578,-7.388351,6/27/2024,6,Drone (rice field)
Janggawur,Pekalongan,32749,109.674528,-7.38834,6/27/2024,6,Drone (rice field)
16_tegal02_pagarbarang,Brebes_Tegal,32749,109.053445,-6.994301,6/28/2024,4,Drone (rice field)
15_tegal01_dukuhwaru,Brebes_Tegal,32749,109.094829,-6.970315,6/28/2024,5,Drone (rice field)
Bangunjiwo,Semarang_Demak,32749,110.316091,-7.847111,6/24/2024,1,Drone (50x50)
08_batang03_tegalsari,Pekalongan,32749,109.772359,-6.907131,6/26/2024,1,Drone (rice field)
Selomerto 1,Pekalongan,32749,109.88082,-7.408767,6/27/2024,5,Drone (rice field)
04_Jepara04_Krasak,Semarang_Demak,32749,110.706874,-6.714893,6/24/2024,2,Drone (rice field)
14_pemalang04_taman,Brebes_Tegal,32749,109.407154,-6.897604,6/27/2024,4,Drone (rice field)
14_pemalang04_taman,Brebes_Tegal,32749,109.407129,-6.89757,6/27/2024,4,Drone (rice field)
14_pemalang04_taman,Brebes_Tegal,32749,109.40591,-6.89723,6/27/2024,3,Drone (rice field)
16_tegal02_pagarbarang,Brebes_Tegal,32749,109.052769,-6.996051,6/28/2024,5,Drone (rice field)
Tanjungrejo,Pekalongan,32749,109.928376,-7.741806,6/24/2024,3,Drone (50x50)
Janggawur,Pekalongan,32749,109.67427,-7.388574,6/27/2024,6,Drone (rice field)
07_batang02_sambong02,Pekalongan,32749,109.744652,-6.909916,6/26/2024,6,Drone (rice field)
05_Jepara05_TunggulPandean,Semarang_Demak,32749,110.766603,-6.763611,6/24/2024,6,Field Survey
Selomerto 2,Pekalongan,32749,109.880531,-7.41155,6/27/2024,3,Drone (rice field)
,Semarang_Demak,32749,110.529842,-7.353006,6/25/2024,5,Drone (rice field)
Kedungsari,Pekalongan,32749,110.196436,-7.869692,6/25/2024,4,Drone (rice field)
Kedungsari,Pekalongan,32749,110.196271,-7.86947,6/25/2024,4,Drone (rice field)
16_tegal02_pagarbarang,Brebes_Tegal,32749,109.053251,-6.996155,6/28/2024,5,Drone (rice field)
16_tegal02_pagarbarang,Brebes_Tegal,32749,109.052953,-6.994673,6/28/2024,6,Drone (rice field)
Kedungsari,Pekalongan,32749,110.195978,-7.868597,6/25/2024,5,Drone (rice field)
Janggawur,Pekalongan,32749,109.674949,-7.388131,6/27/2024,6,Drone (rice field)
13_pemalang03_beji,Brebes_Tegal,32749,109.42961,-6.894932,6/27/2024,2,Drone (rice field)
14_pemalang04_taman,Brebes_Tegal,32749,109.406789,-6.896792,6/27/2024,3,Drone (rice field)
04_Jepara04_Krasak,Semarang_Demak,32749,110.706908,-6.714731,6/24/2024,3,Drone (50x50)
14_pemalang04_taman,Brebes_Tegal,32749,109.406841,-6.896144,6/27/2024,4,Drone (rice field)
Bendungan,Pekalongan,32749,109.949151,-7.78164,6/24/2024,2,Drone (50x50)
Sleman 1,Pekalongan,32749,110.247057,-7.792505,6/25/2024,6,Drone (rice field)
13_pemalang03_beji,Brebes_Tegal,32749,109.429975,-6.896912,6/27/2024,4,Drone (rice field)
05_Jepara05_TunggulPandean,Semarang_Demak,32749,110.76514,-6.763039,6/24/2024,3,Drone (50x50)
15_tegal01_dukuhwaru,Brebes_Tegal,32749,109.093943,-6.970744,6/28/2024,5,Drone (rice field)
Janggawur,Pekalongan,32749,109.674754,-7.387982,6/27/2024,6,Drone (rice field)
Janggawur,Pekalongan,32749,109.674692,-7.387963,6/27/2024,6,Drone (rice field)
Selomerto 2,Pekalongan,32749,109.881045,-7.411585,6/27/2024,1,Drone (rice field)
Selomerto 1,Pekalongan,32749,109.881188,-7.409554,6/27/2024,6,Drone (rice field)
13_pemalang03_beji,Brebes_Tegal,32749,109.428488,-6.896966,6/27/2024,3,Drone (rice field)
15_tegal01_dukuhwaru,Brebes_Tegal,32749,109.093399,-6.970065,6/28/2024,5,Drone (rice field)
04_Jepara04_Krasak,Semarang_Demak,32749,110.706572,-6.715176,6/24/2024,2,Drone (rice field)
13_pemalang03_beji,Brebes_Tegal,32749,109.430258,-6.896414,6/27/2024,4,Drone (rice field)
16_tegal02_pagarbarang,Brebes_Tegal,32749,109.053873,-6.995082,6/28/2024,4,Drone (rice field)
15_tegal01_dukuhwaru,Brebes_Tegal,32749,109.094301,-6.971097,6/28/2024,5,Drone (rice field)
15_tegal01_dukuhwaru,Brebes_Tegal,32749,109.095121,-6.970502,6/28/2024,5,Drone (rice field)
01_Jepara01_Rau,Semarang_Demak,32749,110.664456,-6.653113,6/24/2024,2,Drone (rice field)
,Semarang_Demak,32749,110.529497,-7.352369,6/25/2024,2,Drone (rice field)
14_pemalang04_taman,Brebes_Tegal,32749,109.407034,-6.895654,6/27/2024,4,Drone (rice field)
04_Jepara04_Krasak,Semarang_Demak,32749,110.706146,-6.715352,6/24/2024,2,Drone (rice field)
Selomerto 1,Pekalongan,32749,109.880426,-7.409453,6/27/2024,1,Drone (rice field)
16_tegal02_pagarbarang,Brebes_Tegal,32749,109.052855,-6.995642,6/28/2024,5,Drone (rice field)
16_tegal02_pagarbarang,Brebes_Tegal,32749,109.054329,-6.994175,6/28/2024,4,Drone (rice field)
16_tegal02_pagarbarang,Brebes_Tegal,32749,109.052366,-6.99368,6/28/2024,4,Drone (rice field)
16_tegal02_pagarbarang,Brebes_Tegal,32749,109.052834,-6.993571,6/28/2024,6,Drone (rice field)
11_pemalang01_widuri,Brebes_Tegal,32749,109.381297,-6.875131,6/27/2024,2,Drone (rice field)
05_Jepara05_TunggulPandean,Semarang_Demak,32749,110.764794,-6.763158,6/24/2024,3,Field Survey
Bendungan,Pekalongan,32749,109.949831,-7.780615,6/24/2024,2,Drone (50x50)
01_Jepara01_Rau,Semarang_Demak,32749,110.664436,-6.65413,6/24/2024,2,Drone (rice field)
13_pemalang03_beji,Brebes_Tegal,32749,109.430331,-6.89578,6/27/2024,3,Drone (rice field)
13_pemalang03_beji,Brebes_Tegal,32749,109.430331,-6.89567,6/27/2024,3,Drone (rice field)
Kedungsari,Pekalongan,32749,110.196058,-7.869428,6/25/2024,3,Drone (rice field)
02_Jepara02_Surodadi,Semarang_Demak,32749,110.654638,-6.67899,6/24/2024,2,Drone (rice field)
14_pemalang04_taman,Brebes_Tegal,32749,109.406724,-6.895629,6/27/2024,4,Drone (rice field)
01_Jepara01_Rau,Semarang_Demak,32749,110.663449,-6.652705,6/24/2024,2,Drone (rice field)
13_pemalang03_beji,Brebes_Tegal,32749,109.428746,-6.894998,6/27/2024,6,Drone (rice field)
Bangunjiwo,Semarang_Demak,32749,110.315429,-7.846739,6/24/2024,2,Field Survey
03_Jepara03_SowanLor,Semarang_Demak,32749,110.676679,-6.687083,6/24/2024,3,Drone (rice field)
01_Jepara01_Rau,Semarang_Demak,32749,110.664653,-6.653794,6/24/2024,2,Drone (rice field)
13_pemalang03_beji,Brebes_Tegal,32749,109.429556,-6.897051,6/27/2024,4,Drone (rice field)
11_pemalang01_widuri,Brebes_Tegal,32749,109.38307,-6.874169,6/27/2024,2,Drone (rice field)
11_pemalang01_widuri,Brebes_Tegal,32749,109.382887,-6.873715,6/27/2024,2,Drone (rice field)
16_tegal02_pagarbarang,Brebes_Tegal,32749,109.054239,-6.99555,6/28/2024,4,Drone (rice field)
01_Jepara01_Rau,Semarang_Demak,32749,110.663714,-6.653792,6/24/2024,2,Drone (50x50)
13_pemalang03_beji,Brebes_Tegal,32749,109.429148,-6.897034,6/27/2024,3,Drone (rice field)
13_pemalang03_beji,Brebes_Tegal,32749,109.429551,-6.896917,6/27/2024,4,Drone (rice field)
01_Jepara01_Rau,Semarang_Demak,32749,110.664549,-6.653862,6/24/2024,2,Drone (rice field)
04_Jepara04_Krasak,Semarang_Demak,32749,110.707777,-6.715155,6/24/2024,2,Drone (50x50)
Selomerto 1,Pekalongan,32749,109.880674,-7.409522,6/27/2024,1,Drone (rice field)
14_pemalang04_taman,Brebes_Tegal,32749,109.406139,-6.895752,6/27/2024,3,Drone (rice field)
01_Jepara01_Rau,Semarang_Demak,32749,110.662694,-6.653682,6/24/2024,2,Drone (rice field)
02_Jepara02_Surodadi,Semarang_Demak,32749,110.654647,-6.67911,6/24/2024,3,Drone (50x50)
13_pemalang03_beji,Brebes_Tegal,32749,109.430058,-6.89629,6/27/2024,4,Drone (rice field)
16_tegal02_pagarbarang,Brebes_Tegal,32749,109.053009,-6.994484,6/28/2024,6,Drone (rice field)
Bangunjiwo,Semarang_Demak,32749,110.315688,-7.846734,6/24/2024,2,Drone (50x50)
16_tegal02_pagarbarang,Brebes_Tegal,32749,109.053748,-6.994081,6/28/2024,4,Drone (rice field)
Bangunjiwo,Semarang_Demak,32749,110.315596,-7.845838,6/24/2024,1,Drone (50x50)
13_pemalang03_beji,Brebes_Tegal,32749,109.429535,-6.896083,6/27/2024,4,Drone (rice field)
16_tegal02_pagarbarang,Brebes_Tegal,32749,109.053902,-6.993936,6/28/2024,4,Drone (rice field)
14_pemalang04_taman,Brebes_Tegal,32749,109.406708,-6.895794,6/27/2024,4,Drone (rice field)
Selomerto 2,Pekalongan,32749,109.880465,-7.411529,6/27/2024,3,Drone (rice field)
14_pemalang04_taman,Brebes_Tegal,32749,109.406713,-6.895798,6/27/2024,4,Drone (rice field)
07_batang02_sambong02,Pekalongan,32749,109.747209,-6.91011,6/26/2024,2,Drone (rice field)
15_tegal01_dukuhwaru,Brebes_Tegal,32749,109.093814,-6.969688,6/28/2024,5,Drone (rice field)
Bangunjiwo,Semarang_Demak,32749,110.315051,-7.846185,6/24/2024,1,Drone (50x50)
Bendungan,Pekalongan,32749,109.949124,-7.781933,6/24/2024,2,Field Survey
Tanjungrejo,Pekalongan,32749,109.92701,-7.74279,6/24/2024,3,Drone (50x50)
01_Jepara01_Rau,Semarang_Demak,32749,110.663623,-6.653767,6/24/2024,2,Drone (rice field)
Kedungsari,Pekalongan,32749,110.196147,-7.869143,6/25/2024,5,Drone (rice field)
14_pemalang04_taman,Brebes_Tegal,32749,109.406803,-6.896639,6/27/2024,3,Drone (rice field)
15_tegal01_dukuhwaru,Brebes_Tegal,32749,109.093921,-6.970901,6/28/2024,5,Drone (rice field)
13_pemalang03_beji,Brebes_Tegal,32749,109.429095,-6.89576,6/27/2024,1,Drone (rice field)
Bangunjiwo,Semarang_Demak,32749,110.315421,-7.846642,6/24/2024,2,Drone (50x50)
Janggawur,Pekalongan,32749,109.674749,-7.388765,6/27/2024,6,Drone (rice field)
14_pemalang04_taman,Brebes_Tegal,32749,109.406678,-6.896293,6/27/2024,4,Drone (rice field)
11_pemalang01_widuri,Brebes_Tegal,32749,109.381554,-6.875159,6/27/2024,2,Drone (rice field)
Tanjungrejo,Pekalongan,32749,109.927225,-7.742825,6/24/2024,2,Drone (50x50)
01_Jepara01_Rau,Semarang_Demak,32749,110.664077,-6.65358,6/24/2024,2,Drone (rice field)
07_batang02_sambong02,Pekalongan,32749,109.746234,-6.909906,6/26/2024,2,Drone (rice field)
Janggawur,Pekalongan,32749,109.674654,-7.387956,6/27/2024,6,Drone (rice field)
Janggawur,Pekalongan,32749,109.674613,-7.387961,6/27/2024,6,Drone (rice field)
Bangunjiwo,Semarang_Demak,32749,110.315949,-7.847098,6/24/2024,6,Drone (50x50)
Bendungan,Pekalongan,32749,109.948489,-7.780875,6/24/2024,2,Drone (50x50)
05_Jepara05_TunggulPandean,Semarang_Demak,32749,110.766008,-6.762876,6/24/2024,4,Drone (50x50)
05_Jepara05_TunggulPandean,Semarang_Demak,32749,110.766021,-6.762812,6/24/2024,4,Drone (50x50)
05_Jepara05_TunggulPandean,Semarang_Demak,32749,110.765459,-6.762908,6/24/2024,5,Drone (50x50)
01_Jepara01_Rau,Semarang_Demak,32749,110.66463,-6.653894,6/24/2024,2,Drone (rice field)
Tanjungrejo,Pekalongan,32749,109.927478,-7.741898,6/24/2024,2,Drone (50x50)
Tanjungrejo,Pekalongan,32749,109.928091,-7.742085,6/24/2024,2,Drone (50x50)
04_Jepara04_Krasak,Semarang_Demak,32749,110.706728,-6.714999,6/24/2024,3,Drone (rice field)
Bendungan,Pekalongan,32749,109.950104,-7.780793,6/24/2024,2,Drone (50x50)
Sleman 1,Pekalongan,32749,110.247025,-7.792587,6/25/2024,6,Drone (rice field)
Sleman 1,Pekalongan,32749,110.247071,-7.792597,6/25/2024,6,Drone (rice field)
Selomerto 2,Pekalongan,32749,109.880903,-7.410355,6/27/2024,3,Drone (rice field)
16_tegal02_pagarbarang,Brebes_Tegal,32749,109.054226,-6.995678,6/28/2024,4,Drone (rice field)
16_tegal02_pagarbarang,Brebes_Tegal,32749,109.053884,-6.994099,6/28/2024,4,Drone (rice field)
Tanjungrejo,Pekalongan,32749,109.9279,-7.742561,6/24/2024,2,Drone (50x50)
03_Jepara03_SowanLor,Semarang_Demak,32749,110.676561,-6.686636,6/24/2024,3,Field Survey
14_pemalang04_taman,Brebes_Tegal,32749,109.406254,-6.896244,6/27/2024,4,Drone (rice field)
Janggawur,Pekalongan,32749,109.673809,-7.388013,6/27/2024,6,Drone (rice field)
15_tegal01_dukuhwaru,Brebes_Tegal,32749,109.094476,-6.969919,6/28/2024,5,Drone (rice field)
02_Jepara02_Surodadi,Semarang_Demak,32749,110.654486,-6.6791,6/24/2024,4,Field Survey
02_Jepara02_Surodadi,Semarang_Demak,32749,110.654538,-6.679102,6/24/2024,3,Drone (rice field)
Janggawur,Pekalongan,32749,109.674699,-7.388178,6/27/2024,6,Drone (rice field)
16_tegal02_pagarbarang,Brebes_Tegal,32749,109.052635,-6.993886,6/28/2024,4,Drone (rice field)
15_tegal01_dukuhwaru,Brebes_Tegal,32749,109.093304,-6.971422,6/28/2024,5,Drone (rice field)
Bendungan,Pekalongan,32749,109.949408,-7.780926,6/24/2024,2,Drone (50x50)
,Semarang_Demak,32749,110.473622,-7.318278,6/26/2024,4,Drone (rice field)
04_Jepara04_Krasak,Semarang_Demak,32749,110.706418,-6.715085,6/24/2024,2,Drone (rice field)
16_tegal02_pagarbarang,Brebes_Tegal,32749,109.052519,-6.995586,6/28/2024,5,Drone (rice field)
Bendungan,Pekalongan,32749,109.949005,-7.781946,6/24/2024,2,Drone (50x50)
Bendungan,Pekalongan,32749,109.949286,-7.780595,6/24/2024,2,Drone (50x50)
14_pemalang04_taman,Brebes_Tegal,32749,109.406561,-6.895454,6/27/2024,4,Drone (rice field)
13_pemalang03_beji,Brebes_Tegal,32749,109.429606,-6.896289,6/27/2024,4,Drone (rice field)
Selomerto 1,Pekalongan,32749,109.880701,-7.409229,6/27/2024,5,Drone (rice field)
16_tegal02_pagarbarang,Brebes_Tegal,32749,109.054177,-6.994479,6/28/2024,4,Drone (rice field)
02_Jepara02_Surodadi,Semarang_Demak,32749,110.654311,-6.679636,6/24/2024,3,Drone (rice field)
16_tegal02_pagarbarang,Brebes_Tegal,32749,109.053934,-6.995689,6/28/2024,4,Drone (rice field)
14_pemalang04_taman,Brebes_Tegal,32749,109.406787,-6.896947,6/27/2024,3,Drone (rice field)
16_tegal02_pagarbarang,Brebes_Tegal,32749,109.053409,-6.99521,6/28/2024,4,Drone (rice field)
13_pemalang03_beji,Brebes_Tegal,32749,109.429152,-6.896739,6/27/2024,3,Drone (rice field)
04_Jepara04_Krasak,Semarang_Demak,32749,110.707385,-6.715889,6/24/2024,6,Drone (50x50)
Selomerto,Pekalongan,32749,109.880833,-7.409528,6/27/2024,4,Drone (rice field)
13_pemalang03_beji,Brebes_Tegal,32749,109.42954,-6.896248,6/27/2024,4,Drone (rice field)
16_tegal02_pagarbarang,Brebes_Tegal,32749,109.054205,-6.994151,6/28/2024,4,Drone (rice field)
15_tegal01_dukuhwaru,Brebes_Tegal,32749,109.094701,-6.97051,6/28/2024,5,Drone (rice field)
04_Jepara04_Krasak,Semarang_Demak,32749,110.706215,-6.715144,6/24/2024,2,Drone (rice field)
07_batang02_sambong02,Pekalongan,32749,109.744508,-6.910389,6/26/2024,6,Drone (rice field)
04_Jepara04_Krasak,Semarang_Demak,32749,110.706907,-6.715635,6/24/2024,2,Drone (50x50)
15_tegal01_dukuhwaru,Brebes_Tegal,32749,109.094445,-6.971103,6/28/2024,5,Drone (rice field)
01_Jepara01_Rau,Semarang_Demak,32749,110.654733,-6.650586,6/24/2024,3,Field Survey
Bangunjiwo,Semarang_Demak,32749,110.315301,-7.846213,6/24/2024,1,Drone (50x50)
16_tegal02_pagarbarang,Brebes_Tegal,32749,109.0528,-6.995806,6/28/2024,5,Drone (rice field)
Bangunjiwo,Semarang_Demak,32749,110.315168,-7.845567,6/24/2024,6,Drone (50x50)
Bangunjiwo,Semarang_Demak,32749,110.316031,-7.846289,6/24/2024,1,Drone (50x50)
15_tegal01_dukuhwaru,Brebes_Tegal,32749,109.094096,-6.971091,6/28/2024,5,Drone (rice field)
14_pemalang04_taman,Brebes_Tegal,32749,109.406122,-6.89604,6/27/2024,3,Drone (rice field)
Bangunjiwo,Semarang_Demak,32749,110.316116,-7.846173,6/24/2024,6,Drone (50x50)
Bendungan,Pekalongan,32749,109.9497,-7.780903,6/24/2024,2,Drone (50x50)
Tanjungrejo,Pekalongan,32749,109.927469,-7.741622,6/24/2024,2,Drone (50x50)
01_Jepara01_Rau,Semarang_Demak,32749,110.662365,-6.653576,6/24/2024,2,Drone (rice field)
04_Jepara04_Krasak,Semarang_Demak,32749,110.707352,-6.715391,6/24/2024,2,Drone (50x50)
16_tegal02_pagarbarang,Brebes_Tegal,32749,109.052364,-6.995725,6/28/2024,5,Drone (rice field)
16_tegal02_pagarbarang,Brebes_Tegal,32749,109.053143,-6.995527,6/28/2024,4,Drone (rice field)
05_Jepara05_TunggulPandean,Semarang_Demak,32749,110.764772,-6.763206,6/24/2024,3,Drone (50x50)
04_Jepara04_Krasak,Semarang_Demak,32749,110.706679,-6.714861,6/24/2024,2,Drone (rice field)
Selomerto 2,Pekalongan,32749,109.880584,-7.411268,6/27/2024,3,Drone (rice field)
13_pemalang03_beji,Brebes_Tegal,32749,109.429973,-6.897045,6/27/2024,4,Drone (rice field)
14_pemalang04_taman,Brebes_Tegal,32749,109.406615,-6.896618,6/27/2024,3,Drone (rice field)
16_tegal02_pagarbarang,Brebes_Tegal,32749,109.053463,-6.994037,6/28/2024,4,Drone (rice field)
15_tegal01_dukuhwaru,Brebes_Tegal,32749,109.09448,-6.970501,6/28/2024,5,Drone (rice field)
Bangunjiwo,Semarang_Demak,32749,110.315766,-7.847091,6/24/2024,1,Drone (50x50)
Tanjungrejo,Pekalongan,32749,109.927287,-7.742889,6/24/2024,2,Field Survey
Janggawur,Pekalongan,32749,109.674578,-7.387943,6/27/2024,6,Drone (rice field)
15_tegal01_dukuhwaru,Brebes_Tegal,32749,109.094261,-6.971046,6/28/2024,5,Drone (rice field)
02_Jepara02_Surodadi,Semarang_Demak,32749,110.654528,-6.679497,6/24/2024,3,Field Survey
Tanjungrejo,Pekalongan,32749,109.927446,-7.742859,6/24/2024,2,Drone (50x50)
02_Jepara02_Surodadi,Semarang_Demak,32749,110.65453,-6.679424,6/24/2024,3,Drone (rice field)
14_pemalang04_taman,Brebes_Tegal,32749,109.407023,-6.895826,6/27/2024,4,Drone (rice field)
13_pemalang03_beji,Brebes_Tegal,32749,109.429664,-6.895293,6/27/2024,2,Drone (rice field)
04_Jepara04_Krasak,Semarang_Demak,32749,110.706549,-6.715635,6/24/2024,3,Drone (50x50)
16_tegal02_pagarbarang,Brebes_Tegal,32749,109.052845,-6.993403,6/28/2024,6,Drone (rice field)
Bangunjiwo,Semarang_Demak,32749,110.315884,-7.845835,6/24/2024,1,Field Survey
Tanjungrejo,Pekalongan,32749,109.92648,-7.741988,6/24/2024,2,Drone (50x50)
01_Jepara01_Rau,Semarang_Demak,32749,110.662881,-6.653772,6/24/2024,2,Drone (rice field)
13_pemalang03_beji,Brebes_Tegal,32749,109.42947,-6.89544,6/27/2024,2,Drone (rice field)
02_Jepara02_Surodadi,Semarang_Demak,32749,110.654019,-6.679111,6/24/2024,2,Drone (rice field)
07_batang02_sambong02,Pekalongan,32749,109.745603,-6.910243,6/26/2024,2,Drone (rice field)
16_tegal02_pagarbarang,Brebes_Tegal,32749,109.053444,-6.99529,6/28/2024,4,Drone (rice field)
02_Jepara02_Surodadi,Semarang_Demak,32749,110.654195,-6.679562,6/24/2024,4,Drone (50x50)
07_batang02_sambong02,Pekalongan,32749,109.744954,-6.909619,6/26/2024,1,Drone (rice field)
Selomerto 2,Pekalongan,32749,109.88051,-7.411215,6/27/2024,3,Drone (rice field)
Bendungan,Pekalongan,32749,109.948672,-7.78148,6/24/2024,2,Field Survey
Bendungan,Pekalongan,32749,109.948755,-7.781489,6/24/2024,2,Drone (50x50)
Selomerto 1,Pekalongan,32749,109.881398,-7.409327,6/27/2024,3,Drone (rice field)
13_pemalang03_beji,Brebes_Tegal,32749,109.428861,-6.895421,6/27/2024,6,Drone (rice field)
13_pemalang03_beji,Brebes_Tegal,32749,109.429476,-6.895137,6/27/2024,2,Drone (rice field)
03_Jepara03_SowanLor,Semarang_Demak,32749,110.676664,-6.6873,6/24/2024,3,Drone (rice field)
02_Jepara02_Surodadi,Semarang_Demak,32749,110.654764,-6.679174,6/24/2024,3,Drone (rice field)
16_tegal02_pagarbarang,Brebes_Tegal,32749,109.05376,-6.996136,6/28/2024,5,Drone (rice field)
16_tegal02_pagarbarang,Brebes_Tegal,32749,109.052604,-6.994313,6/28/2024,4,Drone (rice field)
Bendungan,Pekalongan,32749,109.948671,-7.781932,6/24/2024,2,Field Survey
Bendungan,Pekalongan,32749,109.950226,-7.781103,6/24/2024,2,Drone (50x50)
14_pemalang04_taman,Brebes_Tegal,32749,109.406353,-6.897219,6/27/2024,3,Drone (rice field)
13_pemalang03_beji,Brebes_Tegal,32749,109.429472,-6.895286,6/27/2024,2,Drone (rice field)
13_pemalang03_beji,Brebes_Tegal,32749,109.428705,-6.894929,6/27/2024,6,Drone (rice field)
13_pemalang03_beji,Brebes_Tegal,32749,109.430053,-6.89483,6/27/2024,3,Drone (rice field)
13_pemalang03_beji,Brebes_Tegal,32749,109.430055,-6.894688,6/27/2024,3,Drone (rice field)
Bangunjiwo,Semarang_Demak,32749,110.315485,-7.846313,6/24/2024,1,Drone (50x50)
Kedungsari,Pekalongan,32749,110.196145,-7.870048,6/25/2024,4,Drone (rice field)
07_batang02_sambong02,Pekalongan,32749,109.745681,-6.90975,6/26/2024,6,Drone (rice field)
07_batang02_sambong02,Pekalongan,32749,109.74455,-6.910685,6/26/2024,6,Drone (rice field)
16_tegal02_pagarbarang,Brebes_Tegal,32749,109.053646,-6.993816,6/28/2024,4,Drone (rice field)
01_Jepara01_Rau,Semarang_Demak,32749,110.664258,-6.654167,6/24/2024,2,Drone (rice field)
Janggawur,Pekalongan,32749,109.673882,-7.388062,6/27/2024,6,Drone (rice field)
13_pemalang03_beji,Brebes_Tegal,32749,109.428619,-6.89523,6/27/2024,6,Drone (rice field)
01_Jepara01_Rau,Semarang_Demak,32749,110.662356,-6.653791,6/24/2024,2,Drone (50x50)
Bangunjiwo,Semarang_Demak,32749,110.315881,-7.847192,6/24/2024,6,Field Survey
Selomerto 1,Pekalongan,32749,109.881456,-7.408843,6/27/2024,6,Drone (rice field)
16_tegal02_pagarbarang,Brebes_Tegal,32749,109.052547,-6.993411,6/28/2024,4,Drone (rice field)
15_tegal01_dukuhwaru,Brebes_Tegal,32749,109.095234,-6.971456,6/28/2024,5,Drone (rice field)
15_tegal01_dukuhwaru,Brebes_Tegal,32749,109.093903,-6.970382,6/28/2024,5,Drone (rice field)
04_Jepara04_Krasak,Semarang_Demak,32749,110.706536,-6.715004,6/24/2024,2,Drone (rice field)
10_batang05_klidangwetan,Pekalongan,32749,109.754925,-6.901209,6/26/2024,2,Drone (rice field)
13_pemalang03_beji,Brebes_Tegal,32749,109.429609,-6.895384,6/27/2024,2,Drone (rice field)
15_tegal01_dukuhwaru,Brebes_Tegal,32749,109.094263,-6.970594,6/28/2024,5,Drone (rice field)
15_tegal01_dukuhwaru,Brebes_Tegal,32749,109.094257,-6.97058,6/28/2024,5,Drone (rice field)
Bangunjiwo,Semarang_Demak,32749,110.315222,-7.846218,6/24/2024,1,Drone (50x50)
Tanjungrejo,Pekalongan,32749,109.926709,-7.74203,6/24/2024,2,Drone (50x50)
Selomerto 2,Pekalongan,32749,109.880376,-7.410867,6/27/2024,3,Drone (rice field)
15_tegal01_dukuhwaru,Brebes_Tegal,32749,109.094259,-6.971498,6/28/2024,5,Drone (rice field)
16_tegal02_pagarbarang,Brebes_Tegal,32749,109.054354,-6.993938,6/28/2024,4,Drone (rice field)
Bangunjiwo,Semarang_Demak,32749,110.315579,-7.846242,6/24/2024,1,Drone (50x50)
Janggawur,Pekalongan,32749,109.674753,-7.388372,6/27/2024,6,Drone (rice field)
15_tegal01_dukuhwaru,Brebes_Tegal,32749,109.095166,-6.97105,6/28/2024,5,Drone (rice field)
Janggawur,Pekalongan,32749,109.674947,-7.388583,6/27/2024,6,Drone (rice field)
Janggawur,Pekalongan,32749,109.674929,-7.388641,6/27/2024,6,Drone (rice field)
13_pemalang03_beji,Brebes_Tegal,32749,109.429155,-6.895835,6/27/2024,1,Drone (rice field)
15_tegal01_dukuhwaru,Brebes_Tegal,32749,109.093542,-6.971421,6/28/2024,6,Drone (rice field)
Kedungsari,Pekalongan,32749,110.195727,-7.869995,6/25/2024,3,Drone (rice field)
16_tegal02_pagarbarang,Brebes_Tegal,32749,109.052421,-6.994406,6/28/2024,4,Drone (rice field)
15_tegal01_dukuhwaru,Brebes_Tegal,32749,109.095271,-6.970516,6/28/2024,5,Drone (rice field)
Bendungan,Pekalongan,32749,109.948364,-7.781135,6/24/2024,2,Drone (50x50)
Tanjungrejo,Pekalongan,32749,109.927448,-7.741753,6/24/2024,2,Drone (50x50)
01_Jepara01_Rau,Semarang_Demak,32749,110.664524,-6.654164,6/24/2024,2,Drone (rice field)
Kedungsari,Pekalongan,32749,110.196402,-7.86874,6/25/2024,5,Drone (rice field)
13_pemalang03_beji,Brebes_Tegal,32749,109.43026,-6.896093,6/27/2024,4,Drone (rice field)
Bendungan,Pekalongan,32749,109.949194,-7.78203,6/24/2024,2,Drone (50x50)
16_tegal02_pagarbarang,Brebes_Tegal,32749,109.054257,-6.995363,6/28/2024,4,Drone (rice field)
16_tegal02_pagarbarang,Brebes_Tegal,32749,109.053161,-6.995353,6/28/2024,4,Drone (rice field)
05_Jepara05_TunggulPandean,Semarang_Demak,32749,110.765893,-6.763721,6/24/2024,5,Drone (50x50)
Kedungsari,Pekalongan,32749,110.195693,-7.869595,6/25/2024,2,Drone (rice field)
07_batang02_sambong02,Pekalongan,32749,109.746667,-6.909934,6/26/2024,1,Drone (rice field)
15_tegal01_dukuhwaru,Brebes_Tegal,32749,109.093598,-6.970797,6/28/2024,6,Drone (rice field)
15_tegal01_dukuhwaru,Brebes_Tegal,32749,109.094912,-6.971275,6/28/2024,4,Drone (rice field)
Bendungan,Pekalongan,32749,109.948105,-7.781988,6/24/2024,2,Drone (50x50)
Kedungsari,Pekalongan,32749,110.196218,-7.868553,6/25/2024,5,Drone (rice field)
Janggawur,Pekalongan,32749,109.674326,-7.388822,6/27/2024,6,Drone (rice field)
13_pemalang03_beji,Brebes_Tegal,32749,109.430331,-6.895931,6/27/2024,3,Drone (rice field)
15_tegal01_dukuhwaru,Brebes_Tegal,32749,109.095245,-6.971325,6/28/2024,5,Drone (rice field)
Bangunjiwo,Semarang_Demak,32749,110.316098,-7.846416,6/24/2024,6,Drone (50x50)
01_Jepara01_Rau,Semarang_Demak,32749,110.664339,-6.654351,6/24/2024,2,Drone (rice field)
14_pemalang04_taman,Brebes_Tegal,32749,109.406829,-6.896307,6/27/2024,4,Drone (rice field)
15_tegal01_dukuhwaru,Brebes_Tegal,32749,109.094458,-6.970909,6/28/2024,5,Drone (rice field)
Selomerto 1,Pekalongan,32749,109.880491,-7.409672,6/27/2024,4,Drone (rice field)
Janggawur,Pekalongan,32749,109.67393,-7.38767,6/27/2024,6,Drone (rice field)
Janggawur,Pekalongan,32749,109.673766,-7.387809,6/27/2024,6,Drone (rice field)
Bangunjiwo,Semarang_Demak,32749,110.316046,-7.847049,6/24/2024,6,Drone (50x50)
16_tegal02_pagarbarang,Brebes_Tegal,32749,109.053806,-6.995839,6/28/2024,5,Drone (rice field)
01_Jepara01_Rau,Semarang_Demak,32749,110.662808,-6.654243,6/24/2024,2,Drone (50x50)
Bangunjiwo,Semarang_Demak,32749,110.31532,-7.845577,6/24/2024,6,Drone (50x50)
Tanjungrejo,Pekalongan,32749,109.926573,-7.741341,6/24/2024,3,Drone (50x50)
Selomerto,Pekalongan,32749,109.881319,-7.408797,6/27/2024,5,Drone (rice field)
14_pemalang04_taman,Brebes_Tegal,32749,109.407155,-6.897152,6/27/2024,4,Drone (rice field)
Janggawur,Pekalongan,32749,109.674626,-7.388352,6/27/2024,6,Drone (rice field)
Tanjungrejo,Pekalongan,32749,109.927637,-7.742901,6/24/2024,2,Drone (50x50)
Janggawur,Pekalongan,32749,109.674199,-7.388575,6/27/2024,6,Drone (rice field)
14_pemalang04_taman,Brebes_Tegal,32749,109.405991,-6.896703,6/27/2024,3,Drone (rice field)
16_tegal02_pagarbarang,Brebes_Tegal,32749,109.052351,-6.995218,6/28/2024,4,Drone (rice field)
16_tegal02_pagarbarang,Brebes_Tegal,32749,109.05259,-6.994493,6/28/2024,4,Drone (rice field)
15_tegal01_dukuhwaru,Brebes_Tegal,32749,109.095256,-6.97106,6/28/2024,5,Drone (rice field)
15_tegal01_dukuhwaru,Brebes_Tegal,32749,109.094103,-6.9709,6/28/2024,5,Drone (rice field)
Bendungan,Pekalongan,32749,109.949682,-7.782057,6/24/2024,2,Drone (50x50)
Janggawur,Pekalongan,32749,109.674719,-7.388838,6/27/2024,6,Drone (rice field)
Janggawur,Pekalongan,32749,109.67476,-7.388855,6/27/2024,6,Drone (rice field)
Sleman 1,Pekalongan,32749,110.247178,-7.792265,6/25/2024,6,Drone (rice field)
16_tegal02_pagarbarang,Brebes_Tegal,32749,109.053841,-6.99455,6/28/2024,4,Drone (rice field)
Bendungan,Pekalongan,32749,109.948384,-7.781798,6/24/2024,2,Drone (50x50)
Janggawur,Pekalongan,32749,109.674547,-7.387923,6/27/2024,6,Drone (rice field)
05_Jepara05_TunggulPandean,Semarang_Demak,32749,110.76604,-6.763378,6/24/2024,5,Drone (50x50)
07_batang02_sambong02,Pekalongan,32749,109.744201,-6.909462,6/26/2024,6,Drone (rice field)
Selomerto 2,Pekalongan,32749,109.881237,-7.410768,6/27/2024,3,Drone (rice field)
Selomerto 1,Pekalongan,32749,109.880927,-7.409541,6/27/2024,4,Drone (rice field)
13_pemalang03_beji,Brebes_Tegal,32749,109.428963,-6.896861,6/27/2024,3,Drone (rice field)
16_tegal02_pagarbarang,Brebes_Tegal,32749,109.053894,-6.995744,6/28/2024,4,Drone (rice field)
16_tegal02_pagarbarang,Brebes_Tegal,32749,109.053373,-6.995393,6/28/2024,4,Drone (rice field)
14_pemalang04_taman,Brebes_Tegal,32749,109.406363,-6.896904,6/27/2024,3,Drone (rice field)
14_pemalang04_taman,Brebes_Tegal,32749,109.406519,-6.896431,6/27/2024,3,Drone (rice field)
Janggawur,Pekalongan,32749,109.67497,-7.388015,6/27/2024,6,Drone (rice field)
05_Jepara05_TunggulPandean,Semarang_Demak,32749,110.765679,-6.763648,6/24/2024,4,Drone (50x50)
07_batang02_sambong02,Pekalongan,32749,109.745105,-6.909917,6/26/2024,6,Drone (rice field)
Sleman 1,Pekalongan,32749,110.246358,-7.793705,6/25/2024,6,Drone (rice field)
16_tegal02_pagarbarang,Brebes_Tegal,32749,109.053603,-6.994058,6/28/2024,4,Drone (rice field)
04_Jepara04_Krasak,Semarang_Demak,32749,110.707498,-6.71576,6/24/2024,2,Drone (50x50)
13_pemalang03_beji,Brebes_Tegal,32749,109.428837,-6.894815,6/27/2024,6,Drone (rice field)
Sleman 1,Pekalongan,32749,110.246443,-7.793663,6/25/2024,6,Drone (rice field)
07_batang02_sambong02,Pekalongan,32749,109.745819,-6.909873,6/26/2024,1,Drone (rice field)
07_batang02_sambong02,Pekalongan,32749,109.745744,-6.909869,6/26/2024,2,Drone (rice field)
13_pemalang03_beji,Brebes_Tegal,32749,109.429607,-6.895836,6/27/2024,3,Drone (rice field)
16_tegal02_pagarbarang,Brebes_Tegal,32749,109.054187,-6.994353,6/28/2024,4,Drone (rice field)
Bangunjiwo,Semarang_Demak,32749,110.31551,-7.846696,6/24/2024,2,Drone (50x50)
Kedungsari,Pekalongan,32749,110.196187,-7.868698,6/25/2024,5,Drone (rice field)
16_tegal02_pagarbarang,Brebes_Tegal,32749,109.054013,-6.996035,6/28/2024,5,Drone (rice field)
Tanjungrejo,Pekalongan,32749,109.927143,-7.741879,6/24/2024,3,Drone (50x50)
14_pemalang04_taman,Brebes_Tegal,32749,109.406021,-6.895462,6/27/2024,3,Drone (rice field)
16_tegal02_pagarbarang,Brebes_Tegal,32749,109.052991,-6.995288,6/28/2024,4,Drone (rice field)
16_tegal02_pagarbarang,Brebes_Tegal,32749,109.053503,-6.993794,6/28/2024,4,Drone (rice field)
Bangunjiwo,Semarang_Demak,32749,110.315207,-7.845796,6/24/2024,6,Drone (50x50)
05_Jepara05_TunggulPandean,Semarang_Demak,32749,110.765036,-6.762935,6/24/2024,3,Drone (50x50)
Sleman 1,Pekalongan,32749,110.246436,-7.793727,6/25/2024,6,Drone (rice field)
Selomerto 2,Pekalongan,32749,109.880643,-7.410401,6/27/2024,3,Drone (rice field)
Selomerto 2,Pekalongan,32749,109.880593,-7.410425,6/27/2024,3,Drone (rice field)
13_pemalang03_beji,Brebes_Tegal,32749,109.42852,-6.89482,6/27/2024,6,Drone (rice field)
01_Jepara01_Rau,Semarang_Demak,32749,110.663714,-6.653339,6/24/2024,2,Drone (50x50)
01_Jepara01_Rau,Semarang_Demak,32749,110.663699,-6.653297,6/24/2024,2,Drone (rice field)
Kedungsari,Pekalongan,32749,110.195527,-7.869836,6/25/2024,5,Drone (rice field)
16_tegal02_pagarbarang,Brebes_Tegal,32749,109.053896,-6.995292,6/28/2024,4,Drone (rice field)
16_tegal02_pagarbarang,Brebes_Tegal,32749,109.053924,-6.995301,6/28/2024,4,Drone (rice field)
Bendungan,Pekalongan,32749,109.950033,-7.781031,6/24/2024,2,Field Survey
Bendungan,Pekalongan,32749,109.949583,-7.782273,6/24/2024,2,Drone (50x50)
Bendungan,Pekalongan,32749,109.950042,-7.781044,6/24/2024,2,Drone (50x50)
Sleman 1,Pekalongan,32749,110.24642,-7.793563,6/25/2024,6,Drone (rice field)
07_batang02_sambong02,Pekalongan,32749,109.74428,-6.90948,6/26/2024,6,Drone (rice field)
16_tegal02_pagarbarang,Brebes_Tegal,32749,109.05369,-6.993465,6/28/2024,4,Drone (rice field)
05_Jepara05_TunggulPandean,Semarang_Demak,32749,110.765698,-6.764063,6/24/2024,5,Field Survey
02_Jepara02_Surodadi,Semarang_Demak,32749,110.653744,-6.678974,6/24/2024,3,Drone (rice field)
14_pemalang04_taman,Brebes_Tegal,32749,109.407241,-6.897579,6/27/2024,4,Drone (rice field)
05_Jepara05_TunggulPandean,Semarang_Demak,32749,110.765246,-6.763158,6/24/2024,5,Field Survey
01_Jepara01_Rau,Semarang_Demak,32749,110.664849,-6.653367,6/24/2024,2,Drone (rice field)
13_pemalang03_beji,Brebes_Tegal,32749,109.429619,-6.895931,6/27/2024,3,Drone (rice field)
Selomerto 1,Pekalongan,32749,109.880713,-7.409103,6/27/2024,5,Drone (rice field)
05_Jepara05_TunggulPandean,Semarang_Demak,32749,110.76569,-6.76338,6/24/2024,5,Drone (50x50)
14_pemalang04_taman,Brebes_Tegal,32749,109.406155,-6.895475,6/27/2024,3,Drone (rice field)
14_pemalang04_taman,Brebes_Tegal,32749,109.406023,-6.897359,6/27/2024,3,Drone (rice field)
04_Jepara04_Krasak,Semarang_Demak,32749,110.707411,-6.715619,6/24/2024,2,Drone (50x50)
Janggawur,Pekalongan,32749,109.674191,-7.388098,6/27/2024,6,Drone (rice field)
Selomerto 1,Pekalongan,32749,109.880856,-7.40888,6/27/2024,5,Drone (rice field)
16_tegal02_pagarbarang,Brebes_Tegal,32749,109.052543,-6.994382,6/28/2024,4,Drone (rice field)
Bangunjiwo,Semarang_Demak,32749,110.315139,-7.846198,6/24/2024,1,Drone (50x50)
05_Jepara05_TunggulPandean,Semarang_Demak,32749,110.765781,-6.763999,6/24/2024,5,Drone (50x50)
04_Jepara04_Krasak,Semarang_Demak,32749,110.706908,-6.715183,6/24/2024,2,Drone (50x50)
Kedungsari,Pekalongan,32749,110.195965,-7.869943,6/25/2024,5,Drone (rice field)
Janggawur,Pekalongan,32749,109.674147,-7.387638,6/27/2024,6,Drone (rice field)
Janggawur,Pekalongan,32749,109.674183,-7.387634,6/27/2024,6,Drone (rice field)
Janggawur,Pekalongan,32749,109.674224,-7.387633,6/27/2024,6,Drone (rice field)
16_tegal02_pagarbarang,Brebes_Tegal,32749,109.052806,-6.994267,6/28/2024,6,Drone (rice field)
16_tegal02_pagarbarang,Brebes_Tegal,32749,109.052789,-6.994246,6/28/2024,6,Drone (rice field)
Janggawur,Pekalongan,32749,109.674496,-7.388129,6/27/2024,6,Drone (rice field)
Janggawur,Pekalongan,32749,109.674478,-7.388142,6/27/2024,6,Drone (rice field)
16_tegal02_pagarbarang,Brebes_Tegal,32749,109.052514,-6.99542,6/28/2024,4,Drone (rice field)
15_tegal01_dukuhwaru,Brebes_Tegal,32749,109.093348,-6.97073,6/28/2024,5,Drone (rice field)
Bendungan,Pekalongan,32749,109.948218,-7.781931,6/24/2024,2,Field Survey
04_Jepara04_Krasak,Semarang_Demak,32749,110.70736,-6.714731,6/24/2024,3,Drone (50x50)
16_tegal02_pagarbarang,Brebes_Tegal,32749,109.053425,-6.995026,6/28/2024,4,Drone (rice field)
16_tegal02_pagarbarang,Brebes_Tegal,32749,109.054,-6.994459,6/28/2024,4,Drone (rice field)
16_tegal02_pagarbarang,Brebes_Tegal,32749,109.053449,-6.993934,6/28/2024,4,Drone (rice field)
16_tegal02_pagarbarang,Brebes_Tegal,32749,109.054315,-6.994368,6/28/2024,4,Drone (rice field)
16_tegal02_pagarbarang,Brebes_Tegal,32749,109.054132,-6.993813,6/28/2024,4,Drone (rice field)
04_Jepara04_Krasak,Semarang_Demak,32749,110.706455,-6.715635,6/24/2024,3,Drone (50x50)
10_batang05_klidangwetan,Pekalongan,32749,109.754949,-6.901578,6/26/2024,2,Drone (rice field)
14_pemalang04_taman,Brebes_Tegal,32749,109.40648,-6.897704,6/27/2024,3,Drone (rice field)
14_pemalang04_taman,Brebes_Tegal,32749,109.407271,-6.89605,6/27/2024,4,Drone (rice field)
16_tegal02_pagarbarang,Brebes_Tegal,32749,109.053017,-6.995992,6/28/2024,5,Drone (rice field)
16_tegal02_pagarbarang,Brebes_Tegal,32749,109.05378,-6.995991,6/28/2024,5,Drone (rice field)
16_tegal02_pagarbarang,Brebes_Tegal,32749,109.052745,-6.995244,6/28/2024,4,Drone (rice field)
15_tegal01_dukuhwaru,Brebes_Tegal,32749,109.09482,-6.9705,6/28/2024,5,Drone (rice field)
Bangunjiwo,Semarang_Demak,32749,110.315664,-7.846274,6/24/2024,1,Drone (50x50)
Bendungan,Pekalongan,32749,109.948594,-7.782177,6/24/2024,2,Drone (50x50)
Selomerto 1,Pekalongan,32749,109.880693,-7.409392,6/27/2024,1,Drone (rice field)
13_pemalang03_beji,Brebes_Tegal,32749,109.429784,-6.896251,6/27/2024,4,Drone (rice field)
04_Jepara04_Krasak.tif,Semarang_Demak,32749,110.707417,-6.715703,6/24/2024,2,Field Survey
14_pemalang04_taman,Brebes_Tegal,32749,109.406486,-6.897548,6/27/2024,3,Drone (rice field)
Janggawur,Pekalongan,32749,109.674328,-7.388592,6/27/2024,6,Drone (rice field)
Janggawur,Pekalongan,32749,109.674391,-7.388596,6/27/2024,6,Drone (rice field)
15_tegal01_dukuhwaru,Brebes_Tegal,32749,109.094072,-6.971439,6/28/2024,5,Drone (rice field)
Tanjungrejo,Pekalongan,32749,109.927741,-7.742438,6/24/2024,2,Field Survey
04_Jepara04_Krasak,Semarang_Demak,32749,110.706853,-6.715736,6/24/2024,3,Drone (50x50)
Sleman 1,Pekalongan,32749,110.247064,-7.792354,6/25/2024,6,Drone (rice field)
13_pemalang03_beji,Brebes_Tegal,32749,109.429472,-6.896186,6/27/2024,4,Drone (rice field)
Janggawur,Pekalongan,32749,109.67427,-7.388821,6/27/2024,6,Drone (rice field)
14_pemalang04_taman,Brebes_Tegal,32749,109.406005,-6.895742,6/27/2024,3,Drone (rice field)
16_tegal02_pagarbarang,Brebes_Tegal,32749,109.053434,-6.994899,6/28/2024,4,Drone (rice field)
Bendungan,Pekalongan,32749,109.949816,-7.781634,6/24/2024,2,Drone (50x50)
Bendungan,Pekalongan,32749,109.949837,-7.781579,6/24/2024,2,Drone (50x50)
01_Jepara01_Rau,Semarang_Demak,32749,110.662241,-6.65398,6/24/2024,2,Drone (rice field)
Selomerto 1,Pekalongan,32749,109.880998,-7.409496,6/27/2024,4,Drone (rice field)
Selomerto 1,Pekalongan,32749,109.880999,-7.409044,6/27/2024,5,Drone (rice field)
Selomerto 1,Pekalongan,32749,109.881013,-7.409037,6/27/2024,5,Drone (rice field)
15_tegal01_dukuhwaru,Brebes_Tegal,32749,109.094584,-6.970516,6/28/2024,5,Drone (rice field)
01_Jepara01_Rau,Semarang_Demak,32749,110.662809,-6.653339,6/24/2024,2,Drone (50x50)
15_tegal01_dukuhwaru,Brebes_Tegal,32749,109.095252,-6.971194,6/28/2024,5,Drone (rice field)
Tanjungrejo,Pekalongan,32749,109.926871,-7.741599,6/24/2024,2,Drone (50x50)
Tanjungrejo,Pekalongan,32749,109.927509,-7.742354,6/24/2024,2,Drone (50x50)
04_Jepara04_Krasak,Semarang_Demak,32749,110.70746,-6.715464,6/24/2024,2,Drone (50x50)
01_Jepara01_Rau,Semarang_Demak,32749,110.664528,-6.653491,6/24/2024,2,Drone (rice field)
02_Jepara02_Surodadi,Semarang_Demak,32749,110.654769,-6.679072,6/24/2024,3,Drone (rice field)
16_tegal02_pagarbarang,Brebes_Tegal,32749,109.052559,-6.995906,6/28/2024,5,Drone (rice field)
13_pemalang03_beji,Brebes_Tegal,32749,109.429782,-6.896087,6/27/2024,4,Drone (rice field)
13_pemalang03_beji,Brebes_Tegal,32749,109.429756,-6.895922,6/27/2024,3,Drone (rice field)
16_tegal02_pagarbarang,Brebes_Tegal,32749,109.053929,-6.993916,6/28/2024,4,Drone (rice field)
Bangunjiwo,Semarang_Demak,32749,110.315392,-7.846107,6/24/2024,1,Drone (50x50)
Tanjungrejo,Pekalongan,32749,109.927954,-7.742229,6/24/2024,2,Drone (50x50)
Sleman 1,Pekalongan,32749,110.247275,-7.792111,6/25/2024,6,Drone (rice field)
16_tegal02_pagarbarang,Brebes_Tegal,32749,109.053331,-6.993875,6/28/2024,5,Drone (rice field)
07_batang02_sambong02,Pekalongan,32749,109.744635,-6.909552,6/26/2024,6,Drone (rice field)
16_tegal02_pagarbarang,Brebes_Tegal,32749,109.052422,-6.995979,6/28/2024,5,Drone (rice field)
Bangunjiwo,Semarang_Demak,32749,110.316081,-7.845595,6/24/2024,6,Drone (50x50)
Bendungan,Pekalongan,32749,109.949897,-7.781458,6/24/2024,2,Drone (50x50)
Bendungan,Pekalongan,32749,109.949923,-7.781394,6/24/2024,2,Drone (50x50)
Bendungan,Pekalongan,32749,109.94867,-7.782384,6/24/2024,2,Field Survey
Bendungan,Pekalongan,32749,109.948466,-7.781191,6/24/2024,2,Drone (50x50)
04_Jepara04_Krasak,Semarang_Demak,32749,110.706422,-6.714526,6/24/2024,2,Drone (rice field)
Janggawur,Pekalongan,32749,109.674179,-7.387836,6/27/2024,6,Drone (rice field)
Bendungan,Pekalongan,32749,109.948673,-7.781028,6/24/2024,2,Field Survey
Bendungan,Pekalongan,32749,109.948258,-7.782048,6/24/2024,2,Drone (50x50)
05_Jepara05_TunggulPandean,Semarang_Demak,32749,110.766595,-6.763773,6/24/2024,6,Drone (50x50)
04_Jepara04_Krasak,Semarang_Demak,32749,110.707603,-6.714438,6/24/2024,3,Drone (rice field)
14_pemalang04_taman,Brebes_Tegal,32749,109.406703,-6.895965,6/27/2024,4,Drone (rice field)
03_Jepara03_SowanLor,Semarang_Demak,32749,110.676812,-6.687266,6/24/2024,3,Field Survey
Janggawur,Pekalongan,32749,109.674485,-7.38882,6/27/2024,6,Drone (rice field)
13_pemalang03_beji,Brebes_Tegal,32749,109.430194,-6.895929,6/27/2024,3,Drone (rice field)
16_tegal02_pagarbarang,Brebes_Tegal,32749,109.053223,-6.995001,6/28/2024,4,Drone (rice field)
14_pemalang04_taman,Brebes_Tegal,32749,109.406251,-6.897149,6/27/2024,3,Drone (rice field)
Janggawur,Pekalongan,32749,109.674717,-7.38822,6/27/2024,6,Drone (rice field)
15_tegal01_dukuhwaru,Brebes_Tegal,32749,109.09416,-6.969741,6/28/2024,5,Drone (rice field)
Tanjungrejo,Pekalongan,32749,109.926744,-7.74181,6/24/2024,2,Drone (50x50)
Janggawur,Pekalongan,32749,109.674792,-7.387745,6/27/2024,6,Drone (rice field)
Janggawur,Pekalongan,32749,109.674851,-7.387767,6/27/2024,6,Drone (rice field)
Sleman 1,Pekalongan,32749,110.24763,-7.79276,6/25/2024,6,Drone (rice field)
10_batang05_klidangwetan,Pekalongan,32749,109.755956,-6.900286,6/26/2024,2,Drone (rice field)
05_Jepara05_TunggulPandean,Semarang_Demak,32749,110.765379,-6.762528,6/24/2024,5,Drone (50x50)
04_Jepara04_Krasak,Semarang_Demak,32749,110.706848,-6.714646,6/24/2024,3,Drone (rice field)
Kedungsari,Pekalongan,32749,110.196148,-7.868691,6/25/2024,5,Drone (rice field)
Selomerto 1,Pekalongan,32749,109.880759,-7.409726,6/27/2024,4,Drone (rice field)
13_pemalang03_beji,Brebes_Tegal,32749,109.430022,-6.896581,6/27/2024,4,Drone (rice field)
13_pemalang03_beji,Brebes_Tegal,32749,109.428836,-6.894374,6/27/2024,6,Drone (rice field)
16_tegal02_pagarbarang,Brebes_Tegal,32749,109.054031,-6.994122,6/28/2024,4,Drone (rice field)
16_tegal02_pagarbarang,Brebes_Tegal,32749,109.054297,-6.993987,6/28/2024,4,Drone (rice field)
Bangunjiwo,Semarang_Demak,32749,110.315922,-7.845584,6/24/2024,6,Drone (50x50)
Janggawur,Pekalongan,32749,109.673697,-7.388273,6/27/2024,6,Drone (rice field)
16_tegal02_pagarbarang,Brebes_Tegal,32749,109.053501,-6.995601,6/28/2024,4,Drone (rice field)
Bendungan,Pekalongan,32749,109.950168,-7.781295,6/24/2024,2,Drone (50x50)
02_Jepara02_Surodadi,Semarang_Demak,32749,110.654078,-6.679218,6/24/2024,3,Drone (rice field)
14_pemalang04_taman,Brebes_Tegal,32749,109.406072,-6.897124,6/27/2024,3,Drone (rice field)
16_tegal02_pagarbarang,Brebes_Tegal,32749,109.053597,-6.995433,6/28/2024,4,Drone (rice field)
Tanjungrejo,Pekalongan,32749,109.927289,-7.741984,6/24/2024,3,Field Survey
Janggawur,Pekalongan,32749,109.674526,-7.38769,6/27/2024,6,Drone (rice field)
Janggawur,Pekalongan,32749,109.674585,-7.387708,6/27/2024,6,Drone (rice field)
Bendungan,Pekalongan,32749,109.948603,-7.781803,6/24/2024,2,Drone (50x50)
04_Jepara04_Krasak,Semarang_Demak,32749,110.707951,-6.714887,6/24/2024,2,Drone (rice field)
Janggawur,Pekalongan,32749,109.674091,-7.38806,6/27/2024,6,Drone (rice field)
16_tegal02_pagarbarang,Brebes_Tegal,32749,109.052352,-6.993864,6/28/2024,4,Drone (rice field)
01_Jepara01_Rau,Semarang_Demak,32749,110.663067,-6.652146,6/24/2024,2,Drone (rice field)
01_Jepara01_Rau,Semarang_Demak,32749,110.663019,-6.652132,6/24/2024,2,Drone (rice field)
04_Jepara04_Krasak,Semarang_Demak,32749,110.706307,-6.715411,6/24/2024,2,Drone (rice field)
04_Jepara04_Krasak,Semarang_Demak,32749,110.706221,-6.715399,6/24/2024,2,Drone (rice field)
Sleman 1,Pekalongan,32749,110.246711,-7.792685,6/25/2024,6,Drone (rice field)
Janggawur,Pekalongan,32749,109.674659,-7.388154,6/27/2024,6,Drone (rice field)
Janggawur,Pekalongan,32749,109.674604,-7.38814,6/27/2024,6,Drone (rice field)
04_Jepara04_Krasak,Semarang_Demak,32749,110.707177,-6.715535,6/24/2024,2,Drone (50x50)
Selomerto 2,Pekalongan,32749,109.88106,-7.411417,6/27/2024,3,Drone (rice field)
01_Jepara01_Rau,Semarang_Demak,32749,110.66401,-6.652479,6/24/2024,2,Drone (rice field)
05_Jepara05_TunggulPandean,Semarang_Demak,32749,110.765492,-6.762613,6/24/2024,4,Drone (50x50)
04_Jepara04_Krasak,Semarang_Demak,32749,110.706424,-6.715332,6/24/2024,2,Drone (rice field)
Sleman 1,Pekalongan,32749,110.246991,-7.792487,6/25/2024,6,Drone (rice field)
Bangunjiwo,Semarang_Demak,32749,110.315414,-7.845616,6/24/2024,1,Drone (50x50)
Sleman 1,Pekalongan,32749,110.247596,-7.792843,6/25/2024,6,Drone (rice field)
10_batang05_klidangwetan,Pekalongan,32749,109.755281,-6.900836,6/26/2024,2,Drone (rice field)
Bendungan,Pekalongan,32749,109.948219,-7.781479,6/24/2024,2,Field Survey
16_tegal02_pagarbarang,Brebes_Tegal,32749,109.053826,-6.994722,6/28/2024,4,Drone (rice field)
15_tegal01_dukuhwaru,Brebes_Tegal,32749,109.09509,-6.971078,6/28/2024,5,Drone (rice field)
Bendungan,Pekalongan,32749,109.949847,-7.781537,6/24/2024,2,Drone (50x50)
Bendungan,Pekalongan,32749,109.949875,-7.781501,6/24/2024,2,Drone (50x50)
02_Jepara02_Surodadi,Semarang_Demak,32749,110.654041,-6.679561,6/24/2024,3,Drone (rice field)
15_tegal01_dukuhwaru,Brebes_Tegal,32749,109.094888,-6.971391,6/28/2024,5,Drone (rice field)
,Semarang_Demak,32749,110.530083,-7.352639,6/25/2024,4,Drone (rice field)
Sleman 1,Pekalongan,32749,110.247281,-7.793605,6/25/2024,6,Drone (rice field)
Janggawur,Pekalongan,32749,109.673954,-7.388555,6/27/2024,6,Drone (rice field)
14_pemalang04_taman,Brebes_Tegal,32749,109.406964,-6.896656,6/27/2024,3,Drone (rice field)
16_tegal02_pagarbarang,Brebes_Tegal,32749,109.053733,-6.996248,6/28/2024,5,Drone (rice field)
Bangunjiwo,Semarang_Demak,32749,110.316074,-7.845644,6/24/2024,6,Drone (50x50)
15_tegal01_dukuhwaru,Brebes_Tegal,32749,109.093807,-6.971496,6/28/2024,5,Drone (rice field)
16_tegal02_pagarbarang,Brebes_Tegal,32749,109.053379,-6.994507,6/28/2024,4,Drone (rice field)
15_tegal01_dukuhwaru,Brebes_Tegal,32749,109.0938,-6.971474,6/28/2024,5,Drone (rice field)
Bendungan,Pekalongan,32749,109.949127,-7.781029,6/24/2024,2,Field Survey
07_batang02_sambong02,Pekalongan,32749,109.745077,-6.910276,6/26/2024,2,Drone (rice field)
13_pemalang03_beji,Brebes_Tegal,32749,109.429132,-6.89435,6/27/2024,6,Drone (rice field)
15_tegal01_dukuhwaru,Brebes_Tegal,32749,109.093613,-6.970617,6/28/2024,5,Drone (rice field)
Bendungan,Pekalongan,32749,109.948604,-7.780938,6/24/2024,2,Drone (50x50)
Tanjungrejo,Pekalongan,32749,109.927495,-7.742588,6/24/2024,2,Drone (50x50)
Tanjungrejo,Pekalongan,32749,109.928125,-7.741923,6/24/2024,2,Drone (50x50)
07_batang02_sambong02,Pekalongan,32749,109.745184,-6.909817,6/26/2024,6,Drone (rice field)
14_pemalang04_taman,Brebes_Tegal,32749,109.406549,-6.895616,6/27/2024,4,Drone (rice field)
16_tegal02_pagarbarang,Brebes_Tegal,32749,109.053888,-6.994927,6/28/2024,4,Drone (rice field)
16_tegal02_pagarbarang,Brebes_Tegal,32749,109.053648,-6.994912,6/28/2024,4,Drone (rice field)
Sleman 1,Pekalongan,32749,110.247398,-7.792692,6/25/2024,6,Drone (rice field)
16_tegal02_pagarbarang,Brebes_Tegal,32749,109.052989,-6.99574,6/28/2024,5,Drone (rice field)
01_Jepara01_Rau,Semarang_Demak,32749,110.664166,-6.654244,6/24/2024,2,Drone (50x50)
Sleman 1,Pekalongan,32749,110.246855,-7.79254,6/25/2024,6,Drone (rice field)
,Semarang_Demak,32749,110.474083,-7.317944,6/26/2024,4,Drone (rice field)
Janggawur,Pekalongan,32749,109.674139,-7.387763,6/27/2024,6,Drone (rice field)
Janggawur,Pekalongan,32749,109.674085,-7.387764,6/27/2024,6,Drone (rice field)
Bendungan,Pekalongan,32749,109.948695,-7.782215,6/24/2024,2,Drone (50x50)
Sleman 1,Pekalongan,32749,110.246664,-7.793787,6/25/2024,6,Drone (rice field)
14_pemalang04_taman,Brebes_Tegal,32749,109.406768,-6.897419,6/27/2024,3,Drone (rice field)
Bangunjiwo,Semarang_Demak,32749,110.315598,-7.846724,6/24/2024,2,Drone (50x50)
04_Jepara04_Krasak,Semarang_Demak,32749,110.706516,-6.714524,6/24/2024,2,Drone (rice field)
15_tegal01_dukuhwaru,Brebes_Tegal,32749,109.094713,-6.971048,6/28/2024,4,Drone (rice field)
16_tegal02_pagarbarang,Brebes_Tegal,32749,109.052446,-6.994075,6/28/2024,4,Drone (rice field)
16_tegal02_pagarbarang,Brebes_Tegal,32749,109.053861,-6.994345,6/28/2024,4,Drone (rice field)
13_pemalang03_beji,Brebes_Tegal,32749,109.42853,-6.894401,6/27/2024,6,Drone (rice field)
Janggawur,Pekalongan,32749,109.674895,-7.387811,6/27/2024,6,Drone (rice field)
Selomerto 1,Pekalongan,32749,109.880824,-7.409633,6/27/2024,4,Drone (rice field)
Tanjungrejo,Pekalongan,32749,109.927491,-7.742464,6/24/2024,2,Drone (50x50)
Janggawur,Pekalongan,32749,109.673939,-7.38881,6/27/2024,6,Drone (rice field)
15_tegal01_dukuhwaru,Brebes_Tegal,32749,109.094905,-6.970684,6/28/2024,4,Drone (rice field)
Janggawur,Pekalongan,32749,109.6749,-7.387925,6/27/2024,6,Drone (rice field)
Janggawur,Pekalongan,32749,109.674941,-7.387973,6/27/2024,6,Drone (rice field)
16_tegal02_pagarbarang,Brebes_Tegal,32749,109.052818,-6.993807,6/28/2024,6,Drone (rice field)
15_tegal01_dukuhwaru,Brebes_Tegal,32749,109.094913,-6.971096,6/28/2024,4,Drone (rice field)
Janggawur,Pekalongan,32749,109.674136,-7.388832,6/27/2024,6,Drone (rice field)
Bendungan,Pekalongan,32749,109.948988,-7.782335,6/24/2024,2,Drone (50x50)
04_Jepara04_Krasak,Semarang_Demak,32749,110.707536,-6.71564,6/24/2024,2,Drone (50x50)
16_tegal02_pagarbarang,Brebes_Tegal,32749,109.053354,-6.995571,6/28/2024,4,Drone (rice field)
02_Jepara02_Surodadi,Semarang_Demak,32749,110.654218,-6.679531,6/24/2024,4,Drone (rice field)
16_tegal02_pagarbarang,Brebes_Tegal,32749,109.05399,-6.996178,6/28/2024,5,Drone (rice field)
Bangunjiwo,Semarang_Demak,32749,110.315544,-7.845625,6/24/2024,1,Drone (50x50)
05_Jepara05_TunggulPandean,Semarang_Demak,32749,110.766648,-6.763524,6/24/2024,6,Drone (50x50)
16_tegal02_pagarbarang,Brebes_Tegal,32749,109.053637,-6.995053,6/28/2024,4,Drone (rice field)
04_Jepara04_Krasak,Semarang_Demak,32749,110.706456,-6.714278,6/24/2024,2,Drone (50x50)
04_Jepara04_Krasak,Semarang_Demak,32749,110.707929,-6.714764,6/24/2024,2,Drone (rice field)
14_pemalang04_taman,Brebes_Tegal,32749,109.407265,-6.897402,6/27/2024,4,Drone (rice field)
04_Jepara04_Krasak,Semarang_Demak,32749,110.707143,-6.715831,6/24/2024,3,Drone (50x50)
15_tegal01_dukuhwaru,Brebes_Tegal,32749,109.094152,-6.969894,6/28/2024,5,Drone (rice field)
Janggawur,Pekalongan,32749,109.674752,-7.388601,6/27/2024,6,Drone (rice field)
16_tegal02_pagarbarang,Brebes_Tegal,32749,109.052772,-6.99447,6/28/2024,6,Drone (rice field)
04_Jepara04_Krasak,Semarang_Demak,32749,110.706857,-6.71533,6/24/2024,2,Drone (50x50)
Tanjungrejo,Pekalongan,32749,109.927468,-7.742721,6/24/2024,2,Drone (50x50)
15_tegal01_dukuhwaru,Brebes_Tegal,32749,109.09317,-6.969831,6/28/2024,5,Drone (rice field)
Sleman 1,Pekalongan,32749,110.24702,-7.792679,6/25/2024,6,Drone (rice field)
16_tegal02_pagarbarang,Brebes_Tegal,32749,109.053867,-6.993785,6/28/2024,4,Drone (rice field)
Tanjungrejo,Pekalongan,32749,109.927108,-7.742103,6/24/2024,2,Drone (50x50)
04_Jepara04_Krasak,Semarang_Demak,32749,110.707356,-6.715991,6/24/2024,6,Drone (50x50)
07_batang02_sambong02,Pekalongan,32749,109.744891,-6.910301,6/26/2024,6,Drone (rice field)
Bangunjiwo,Semarang_Demak,32749,110.315924,-7.846271,6/24/2024,6,Drone (50x50)
07_batang02_sambong02,Pekalongan,32749,109.745897,-6.909719,6/26/2024,1,Drone (rice field)
16_tegal02_pagarbarang,Brebes_Tegal,32749,109.052569,-6.994953,6/28/2024,4,Drone (rice field)
13_pemalang03_beji,Brebes_Tegal,32749,109.428975,-6.894813,6/27/2024,6,Drone (rice field)
16_tegal02_pagarbarang,Brebes_Tegal,32749,109.053004,-6.996101,6/28/2024,5,Drone (rice field)
16_tegal02_pagarbarang,Brebes_Tegal,32749,109.05305,-6.995853,6/28/2024,5,Drone (rice field)
04_Jepara04_Krasak,Semarang_Demak,32749,110.707268,-6.715853,6/24/2024,3,Drone (50x50)
05_Jepara05_TunggulPandean,Semarang_Demak,32749,110.765889,-6.76355,6/24/2024,5,Field Survey
Sleman 1,Pekalongan,32749,110.247384,-7.792138,6/25/2024,6,Drone (rice field)
Kedungsari,Pekalongan,32749,110.196431,-7.868591,6/25/2024,5,Drone (rice field)
04_Jepara04_Krasak,Semarang_Demak,32749,110.707349,-6.71483,6/24/2024,3,Drone (rice field)
04_Jepara04_Krasak,Semarang_Demak,32749,110.707021,-6.715791,6/24/2024,3,Drone (50x50)
04_Jepara04_Krasak,Semarang_Demak,32749,110.706641,-6.715664,6/24/2024,3,Drone (50x50)
Bangunjiwo,Semarang_Demak,32749,110.316134,-7.845814,6/24/2024,1,Drone (50x50)
16_tegal02_pagarbarang,Brebes_Tegal,32749,109.053782,-6.995276,6/28/2024,4,Drone (rice field)
15_tegal01_dukuhwaru,Brebes_Tegal,32749,109.094128,-6.970385,6/28/2024,5,Drone (rice field)
05_Jepara05_TunggulPandean,Semarang_Demak,32749,110.765667,-6.763808,6/24/2024,4,Field Survey
14_pemalang04_taman,Brebes_Tegal,32749,109.406953,-6.896809,6/27/2024,3,Drone (rice field)
Bangunjiwo,Semarang_Demak,32749,110.316142,-7.845725,6/24/2024,6,Drone (50x50)
Janggawur,Pekalongan,32749,109.673719,-7.388354,6/27/2024,6,Drone (rice field)
05_Jepara05_TunggulPandean,Semarang_Demak,32749,110.765558,-6.762849,6/24/2024,5,Drone (50x50)
01_Jepara01_Rau,Semarang_Demak,32749,110.664194,-6.654298,6/24/2024,2,Drone (rice field)
04_Jepara04_Krasak,Semarang_Demak,32749,110.706304,-6.714427,6/24/2024,3,Drone (rice field)
Janggawur,Pekalongan,32749,109.674539,-7.388162,6/27/2024,6,Drone (rice field)
14_pemalang04_taman,Brebes_Tegal,32749,109.405998,-6.896611,6/27/2024,3,Drone (rice field)
15_tegal01_dukuhwaru,Brebes_Tegal,32749,109.095071,-6.971439,6/28/2024,5,Drone (rice field)
Sleman 1,Pekalongan,32749,110.246443,-7.793464,6/25/2024,6,Drone (rice field)
04_Jepara04_Krasak,Semarang_Demak,32749,110.706172,-6.714766,6/24/2024,3,Drone (rice field)
Kedungsari,Pekalongan,32749,110.196143,-7.868948,6/25/2024,5,Drone (rice field)
Bendungan,Pekalongan,32749,109.950091,-7.780932,6/24/2024,2,Drone (50x50)
Bangunjiwo,Semarang_Demak,32749,110.315931,-7.845876,6/24/2024,1,Drone (50x50)
Janggawur,Pekalongan,32749,109.67495,-7.387678,6/27/2024,6,Drone (rice field)
Janggawur,Pekalongan,32749,109.674917,-7.387878,6/27/2024,6,Drone (rice field)
Selomerto 2,Pekalongan,32749,109.88054,-7.411304,6/27/2024,3,Drone (rice field)
Janggawur,Pekalongan,32749,109.673884,-7.388505,6/27/2024,6,Drone (rice field)
05_Jepara05_TunggulPandean,Semarang_Demak,32749,110.764863,-6.763276,6/24/2024,3,Drone (50x50)
Sleman 1,Pekalongan,32749,110.247664,-7.792676,6/25/2024,6,Drone (rice field)
,Semarang_Demak,32749,110.473806,-7.318306,6/26/2024,4,Drone (rice field)
16_tegal02_pagarbarang,Brebes_Tegal,32749,109.052776,-6.994917,6/28/2024,4,Drone (rice field)
16_tegal02_pagarbarang,Brebes_Tegal,32749,109.053687,-6.994715,6/28/2024,4,Drone (rice field)
Bendungan,Pekalongan,32749,109.949633,-7.782165,6/24/2024,2,Drone (50x50)
02_Jepara02_Surodadi,Semarang_Demak,32749,110.654539,-6.679219,6/24/2024,2,Drone (rice field)
15_tegal01_dukuhwaru,Brebes_Tegal,32749,109.094264,-6.97039,6/28/2024,5,Drone (rice field)
Janggawur,Pekalongan,32749,109.674041,-7.38858,6/27/2024,6,Drone (rice field)
Janggawur,Pekalongan,32749,109.674497,-7.387677,6/27/2024,6,Drone (rice field)
Janggawur,Pekalongan,32749,109.674448,-7.387679,6/27/2024,6,Drone (rice field)
Tanjungrejo,Pekalongan,32749,109.926909,-7.741409,6/24/2024,2,Drone (50x50)
02_Jepara02_Surodadi,Semarang_Demak,32749,110.6547,-6.679036,6/24/2024,3,Drone (rice field)
07_batang02_sambong02,Pekalongan,32749,109.745356,-6.910256,6/26/2024,2,Drone (rice field)
Janggawur,Pekalongan,32749,109.674056,-7.388568,6/27/2024,6,Drone (rice field)
Janggawur,Pekalongan,32749,109.674126,-7.388579,6/27/2024,6,Drone (rice field)
02_Jepara02_Surodadi,Semarang_Demak,32749,110.65393,-6.678788,6/24/2024,2,Drone (rice field)
Sleman 1,Pekalongan,32749,110.247273,-7.792199,6/25/2024,6,Drone (rice field)
16_tegal02_pagarbarang,Brebes_Tegal,32749,109.052541,-6.994834,6/28/2024,4,Drone (rice field)
16_tegal02_pagarbarang,Brebes_Tegal,32749,109.052557,-6.994901,6/28/2024,4,Drone (rice field)
16_tegal02_pagarbarang,Brebes_Tegal,32749,109.054011,-6.994335,6/28/2024,4,Drone (rice field)
02_Jepara02_Surodadi,Semarang_Demak,32749,110.654395,-6.679554,6/24/2024,2,Drone (rice field)
14_pemalang04_taman,Brebes_Tegal,32749,109.407385,-6.896061,6/27/2024,4,Drone (rice field)
04_Jepara04_Krasak,Semarang_Demak,32749,110.707008,-6.71526,6/24/2024,2,Drone (50x50)
04_Jepara04_Krasak,Semarang_Demak,32749,110.707921,-6.714985,6/24/2024,2,Drone (rice field)
Tanjungrejo,Pekalongan,32749,109.927288,-7.742437,6/24/2024,2,Field Survey
04_Jepara04_Krasak,Semarang_Demak,32749,110.707696,-6.71564,6/24/2024,6,Drone (50x50)
Sleman 1,Pekalongan,32749,110.24684,-7.79263,6/25/2024,6,Drone (rice field)
04_Jepara04_Krasak,Semarang_Demak,32749,110.706456,-6.71473,6/24/2024,2,Drone (50x50)
02_Jepara02_Surodadi,Semarang_Demak,32749,110.654396,-6.679433,6/24/2024,3,Drone (rice field)
,Pekalongan,32749,109.595167,-7.386264,6/27/2024,1,Drone (rice field)
15_tegal01_dukuhwaru,Brebes_Tegal,32749,109.094551,-6.97111,6/28/2024,4,Drone (rice field)
15_tegal01_dukuhwaru,Brebes_Tegal,32749,109.095017,-6.97088,6/28/2024,4,Drone (rice field)
04_Jepara04_Krasak,Semarang_Demak,32749,110.707807,-6.715054,6/24/2024,2,Drone (rice field)
16_tegal02_pagarbarang,Brebes_Tegal,32749,109.052544,-6.99393,6/28/2024,4,Drone (rice field)
Tanjungrejo,Pekalongan,32749,109.926545,-7.74154,6/24/2024,2,Drone (50x50)
15_tegal01_dukuhwaru,Brebes_Tegal,32749,109.093815,-6.97133,6/28/2024,5,Drone (rice field)
01_Jepara01_Rau,Semarang_Demak,32749,110.664676,-6.653549,6/24/2024,2,Drone (rice field)
Selomerto 2,Pekalongan,32749,109.88056,-7.410716,6/27/2024,3,Drone (rice field)
04_Jepara04_Krasak,Semarang_Demak,32749,110.706952,-6.715038,6/24/2024,2,Drone (rice field)
Sleman 1,Pekalongan,32749,110.246818,-7.793152,6/25/2024,6,Drone (rice field)
08_batang03_tegalsari,Pekalongan,32749,109.772171,-6.907067,6/26/2024,2,Drone (rice field)
01_Jepara01_Rau,Semarang_Demak,32749,110.664619,-6.65334,6/24/2024,2,Drone (50x50)
02_Jepara02_Surodadi,Semarang_Demak,32749,110.654225,-6.678878,6/24/2024,3,Drone (rice field)
Janggawur,Pekalongan,32749,109.674044,-7.387676,6/27/2024,6,Drone (rice field)
13_pemalang03_beji,Brebes_Tegal,32749,109.428707,-6.894477,6/27/2024,6,Drone (rice field)
Janggawur,Pekalongan,32749,109.674034,-7.387721,6/27/2024,6,Drone (rice field)
Janggawur,Pekalongan,32749,109.673979,-7.387693,6/27/2024,6,Drone (rice field)
16_tegal02_pagarbarang,Brebes_Tegal,32749,109.05234,-6.995407,6/28/2024,4,Drone (rice field)
Sleman 1,Pekalongan,32749,110.247249,-7.792743,6/25/2024,6,Drone (rice field)
Sleman 1,Pekalongan,32749,110.247094,-7.792066,6/25/2024,6,Drone (rice field)
Sleman 1,Pekalongan,32749,110.247111,-7.791999,6/25/2024,6,Drone (rice field)
05_Jepara05_TunggulPandean,Semarang_Demak,32749,110.766067,-6.764153,6/24/2024,6,Drone (50x50)
03_Jepara03_SowanLor,Semarang_Demak,32749,110.677096,-6.687316,6/24/2024,3,Drone (rice field)
04_Jepara04_Krasak,Semarang_Demak,32749,110.706564,-6.714221,6/24/2024,3,Drone (rice field)
Sleman 1,Pekalongan,32749,110.247516,-7.792808,6/25/2024,6,Drone (rice field)
Sleman 1,Pekalongan,32749,110.246643,-7.792752,6/25/2024,6,Drone (rice field)
Sleman 1,Pekalongan,32749,110.246697,-7.792769,6/25/2024,6,Drone (rice field)
01_Jepara01_Rau,Semarang_Demak,32749,110.664167,-6.652539,6/24/2024,2,Drone (rice field)
05_Jepara05_TunggulPandean,Semarang_Demak,32749,110.765558,-6.762583,6/24/2024,4,Drone (50x50)
05_Jepara05_TunggulPandean,Semarang_Demak,32749,110.76536,-6.763814,6/24/2024,4,Drone (50x50)
04_Jepara04_Krasak,Semarang_Demak,32749,110.707522,-6.715265,6/24/2024,2,Drone (50x50)
,Semarang_Demak,32749,110.529872,-7.353992,6/25/2024,2,Drone (rice field)
04_Jepara04_Krasak,Semarang_Demak,32749,110.707241,-6.715953,6/24/2024,3,Drone (50x50)
04_Jepara04_Krasak,Semarang_Demak,32749,110.70693,-6.715506,6/24/2024,2,Drone (50x50)
04_Jepara04_Krasak,Semarang_Demak,32749,110.70736,-6.715183,6/24/2024,2,Drone (50x50)
04_Jepara04_Krasak,Semarang_Demak,32749,110.707245,-6.715324,6/24/2024,2,Drone (50x50)
04_Jepara04_Krasak,Semarang_Demak,32749,110.70674,-6.715297,6/24/2024,2,Drone (rice field)
Sleman 1,Pekalongan,32749,110.246536,-7.793754,6/25/2024,6,Drone (rice field)
13_pemalang03_beji,Brebes_Tegal,32749,109.429604,-6.896741,6/27/2024,4,Drone (rice field)
13_pemalang03_beji,Brebes_Tegal,32749,109.429548,-6.896748,6/27/2024,4,Drone (rice field)
16_tegal02_pagarbarang,Brebes_Tegal,32749,109.052976,-6.995135,6/28/2024,4,Drone (rice field)
Bendungan,Pekalongan,32749,109.948845,-7.782272,6/24/2024,2,Drone (50x50)
Janggawur,Pekalongan,32749,109.673881,-7.387635,6/27/2024,6,Drone (rice field)
Bangunjiwo,Semarang_Demak,32749,110.315907,-7.845626,6/24/2024,6,Drone (50x50)
16_tegal02_pagarbarang,Brebes_Tegal,32749,109.053175,-6.993844,6/28/2024,5,Drone (rice field)
Bendungan,Pekalongan,32749,109.948492,-7.781584,6/24/2024,2,Drone (50x50)
16_tegal02_pagarbarang,Brebes_Tegal,32749,109.054298,-6.994953,6/28/2024,4,Drone (rice field)
Tanjungrejo,Pekalongan,32749,109.928492,-7.742018,6/24/2024,2,Drone (50x50)
07_batang02_sambong02,Pekalongan,32749,109.745557,-6.909918,6/26/2024,6,Drone (rice field)
07_batang02_sambong02,Pekalongan,32749,109.74551,-6.909844,6/26/2024,2,Drone (rice field)
Janggawur,Pekalongan,32749,109.674595,-7.388562,6/27/2024,6,Drone (rice field)
Janggawur,Pekalongan,32749,109.674755,-7.388507,6/27/2024,6,Drone (rice field)
Sleman 1,Pekalongan,32749,110.247489,-7.792102,6/25/2024,6,Drone (rice field)
Bendungan,Pekalongan,32749,109.950181,-7.781204,6/24/2024,2,Drone (50x50)
Tanjungrejo,Pekalongan,32749,109.927863,-7.741751,6/24/2024,2,Drone (50x50)
15_tegal01_dukuhwaru,Brebes_Tegal,32749,109.095164,-6.971502,6/28/2024,5,Drone (rice field)
Selomerto 2,Pekalongan,32749,109.881368,-7.410805,6/27/2024,3,Drone (rice field)
13_pemalang03_beji,Brebes_Tegal,32749,109.429472,-6.894289,6/27/2024,3,Drone (rice field)
04_Jepara04_Krasak,Semarang_Demak,32749,110.707125,-6.7153,6/24/2024,2,Drone (50x50)
16_tegal02_pagarbarang,Brebes_Tegal,32749,109.054009,-6.995506,6/28/2024,4,Drone (rice field)
04_Jepara04_Krasak,Semarang_Demak,32749,110.707584,-6.715484,6/24/2024,2,Drone (50x50)
04_Jepara04_Krasak,Semarang_Demak,32749,110.707813,-6.714731,6/24/2024,3,Drone (50x50)
Selomerto 2,Pekalongan,32749,109.880744,-7.411358,6/27/2024,3,Drone (rice field)
16_tegal02_pagarbarang,Brebes_Tegal,32749,109.052783,-6.995948,6/28/2024,5,Drone (rice field)
16_tegal02_pagarbarang,Brebes_Tegal,32749,109.052999,-6.99348,6/28/2024,6,Drone (rice field)
Sleman 1,Pekalongan,32749,110.246674,-7.79373,6/25/2024,6,Drone (rice field)
01_Jepara01_Rau,Semarang_Demak,32749,110.664166,-6.65334,6/24/2024,2,Drone (50x50)
Bangunjiwo,Semarang_Demak,32749,110.315725,-7.846252,6/24/2024,1,Drone (50x50)
Bangunjiwo,Semarang_Demak,32749,110.31581,-7.84628,6/24/2024,1,Drone (50x50)
Sleman 1,Pekalongan,32749,110.246996,-7.792765,6/25/2024,6,Drone (rice field)
16_tegal02_pagarbarang,Brebes_Tegal,32749,109.052478,-6.994253,6/28/2024,4,Drone (rice field)
16_tegal02_pagarbarang,Brebes_Tegal,32749,109.052995,-6.994384,6/28/2024,6,Drone (rice field)
16_tegal02_pagarbarang,Brebes_Tegal,32749,109.052432,-6.99426,6/28/2024,4,Drone (rice field)
05_Jepara05_TunggulPandean,Semarang_Demak,32749,110.766083,-6.763744,6/24/2024,6,Field Survey
Sleman 1,Pekalongan,32749,110.24728,-7.792291,6/25/2024,6,Drone (rice field)
07_batang02_sambong02,Pekalongan,32749,109.746378,-6.9098,6/26/2024,2,Drone (rice field)
Janggawur,Pekalongan,32749,109.674886,-7.388503,6/27/2024,6,Drone (rice field)
16_tegal02_pagarbarang,Brebes_Tegal,32749,109.053524,-6.993525,6/28/2024,4,Drone (rice field)
Tanjungrejo,Pekalongan,32749,109.926836,-7.741983,6/24/2024,2,Field Survey
Bangunjiwo,Semarang_Demak,32749,110.316041,-7.84571,6/24/2024,6,Drone (50x50)
04_Jepara04_Krasak,Semarang_Demak,32749,110.706706,-6.715686,6/24/2024,3,Drone (50x50)
Sleman 1,Pekalongan,32749,110.247563,-7.792927,6/25/2024,6,Drone (rice field)
07_batang02_sambong02,Pekalongan,32749,109.745104,-6.910369,6/26/2024,2,Drone (rice field)
07_batang02_sambong02,Pekalongan,32749,109.745636,-6.909868,6/26/2024,6,Drone (rice field)
15_tegal01_dukuhwaru,Brebes_Tegal,32749,109.093685,-6.969759,6/28/2024,5,Drone (rice field)
04_Jepara04_Krasak,Semarang_Demak,32749,110.706062,-6.715154,6/24/2024,3,Drone (rice field)
05_Jepara05_TunggulPandean,Semarang_Demak,32749,110.766151,-6.764063,6/24/2024,6,Field Survey
04_Jepara04_Krasak,Semarang_Demak,32749,110.70731,-6.715119,6/24/2024,2,Drone (rice field)
16_tegal02_pagarbarang,Brebes_Tegal,32749,109.052661,-6.995614,6/28/2024,5,Drone (rice field)
Sleman 1,Pekalongan,32749,110.246617,-7.792833,6/25/2024,6,Drone (rice field)
04_Jepara04_Krasak,Semarang_Demak,32749,110.707812,-6.715183,6/24/2024,2,Drone (50x50)
04_Jepara04_Krasak,Semarang_Demak,32749,110.707908,-6.715086,6/24/2024,2,Drone (50x50)
,Semarang_Demak,32749,110.529917,-7.352333,6/25/2024,3,Drone (rice field)
Bendungan,Pekalongan,32749,109.948183,-7.781741,6/24/2024,2,Drone (50x50)
Bendungan,Pekalongan,32749,109.949278,-7.781028,6/24/2024,2,Drone (50x50)
Bendungan,Pekalongan,32749,109.949221,-7.781113,6/24/2024,2,Drone (50x50)
14_pemalang04_taman,Brebes_Tegal,32749,109.406629,-6.896464,6/27/2024,3,Drone (rice field)
16_tegal02_pagarbarang,Brebes_Tegal,32749,109.053451,-6.993482,6/28/2024,4,Drone (rice field)
04_Jepara04_Krasak,Semarang_Demak,32749,110.707064,-6.715088,6/24/2024,2,Drone (50x50)
01_Jepara01_Rau,Semarang_Demak,32749,110.664452,-6.653253,6/24/2024,2,Drone (rice field)
Janggawur,Pekalongan,32749,109.674076,-7.388805,6/27/2024,6,Drone (rice field)
15_tegal01_dukuhwaru,Brebes_Tegal,32749,109.093416,-6.969903,6/28/2024,5,Drone (rice field)
01_Jepara01_Rau,Semarang_Demak,32749,110.664167,-6.652435,6/24/2024,2,Drone (50x50)
16_tegal02_pagarbarang,Brebes_Tegal,32749,109.0539,-6.994388,6/28/2024,4,Drone (rice field)
Bendungan,Pekalongan,32749,109.948507,-7.782142,6/24/2024,2,Drone (50x50)
Sleman 1,Pekalongan,32749,110.247084,-7.792238,6/25/2024,6,Drone (rice field)
16_tegal02_pagarbarang,Brebes_Tegal,32749,109.052909,-6.994479,6/28/2024,1,Drone (rice field)
04_Jepara04_Krasak,Semarang_Demak,32749,110.706908,-6.714278,6/24/2024,3,Drone (50x50)
04_Jepara04_Krasak,Semarang_Demak,32749,110.708033,-6.714493,6/24/2024,2,Drone (rice field)
04_Jepara04_Krasak,Semarang_Demak,32749,110.706879,-6.714324,6/24/2024,3,Drone (rice field)
Janggawur,Pekalongan,32749,109.673719,-7.387683,6/27/2024,6,Drone (rice field)
Janggawur,Pekalongan,32749,109.673763,-7.387717,6/27/2024,6,Drone (rice field)
02_Jepara02_Surodadi,Semarang_Demak,32749,110.654639,-6.679373,6/24/2024,3,Drone (rice field)
Tanjungrejo,Pekalongan,32749,109.928196,-7.741987,6/24/2024,2,Field Survey
Sleman 1,Pekalongan,32749,110.2472,-7.792635,6/25/2024,6,Drone (rice field)
Bangunjiwo,Semarang_Demak,32749,110.316055,-7.845863,6/24/2024,1,Drone (50x50)
04_Jepara04_Krasak,Semarang_Demak,32749,110.707182,-6.715125,6/24/2024,2,Drone (50x50)
04_Jepara04_Krasak,Semarang_Demak,32749,110.707705,-6.715095,6/24/2024,2,Drone (rice field)
Sleman 1,Pekalongan,32749,110.246841,-7.793834,6/25/2024,6,Drone (rice field)
04_Jepara04_Krasak,Semarang_Demak,32749,110.70678,-6.714565,6/24/2024,2,Drone (rice field)
01_Jepara01_Rau,Semarang_Demak,32749,110.664402,-6.654221,6/24/2024,2,Drone (rice field)
04_Jepara04_Krasak,Semarang_Demak,32749,110.706584,-6.715424,6/24/2024,3,Drone (rice field)
04_Jepara04_Krasak,Semarang_Demak,32749,110.707597,-6.714347,6/24/2024,3,Drone (rice field)
Selomerto,Pekalongan,32749,109.881092,-7.408956,6/27/2024,5,Drone (rice field)
Janggawur,Pekalongan,32749,109.673772,-7.388399,6/27/2024,6,Drone (rice field)
04_Jepara04_Krasak,Semarang_Demak,32749,110.707989,-6.714677,6/24/2024,2,Drone (rice field)
Sleman 1,Pekalongan,32749,110.246702,-7.793646,6/25/2024,6,Drone (rice field)
Sleman 1,Pekalongan,32749,110.247348,-7.793557,6/25/2024,6,Drone (rice field)
Janggawur,Pekalongan,32749,109.674954,-7.388584,6/27/2024,6,Drone (rice field)
Sleman 1,Pekalongan,32749,110.246675,-7.79285,6/25/2024,6,Drone (rice field)
Janggawur,Pekalongan,32749,109.674199,-7.388813,6/27/2024,6,Drone (rice field)
05_Jepara05_TunggulPandean,Semarang_Demak,32749,110.765852,-6.762705,6/24/2024,4,Drone (50x50)
15_tegal01_dukuhwaru,Brebes_Tegal,32749,109.095406,-6.971187,6/28/2024,5,Drone (rice field)
04_Jepara04_Krasak,Semarang_Demak,32749,110.706003,-6.715182,6/24/2024,3,Drone (50x50)
14_pemalang04_taman,Brebes_Tegal,32749,109.406353,-6.89706,6/27/2024,3,Drone (rice field)
14_pemalang04_taman,Brebes_Tegal,32749,109.406077,-6.897006,6/27/2024,3,Drone (rice field)
16_tegal02_pagarbarang,Brebes_Tegal,32749,109.054305,-6.993831,6/28/2024,4,Drone (rice field)
Sleman 1,Pekalongan,32749,110.247206,-7.792368,6/25/2024,6,Drone (rice field)
Sleman 1,Pekalongan,32749,110.247191,-7.792432,6/25/2024,6,Drone (rice field)
Bendungan,Pekalongan,32749,109.949844,-7.781059,6/24/2024,2,Drone (50x50)
07_batang02_sambong02,Pekalongan,32749,109.746462,-6.90992,6/26/2024,1,Drone (rice field)
13_pemalang03_beji,Brebes_Tegal,32749,109.429516,-6.895918,6/27/2024,3,Drone (rice field)
04_Jepara04_Krasak,Semarang_Demak,32749,110.707887,-6.715187,6/24/2024,2,Drone (50x50)
14_pemalang04_taman,Brebes_Tegal,32749,109.406905,-6.897592,6/27/2024,3,Drone (rice field)
Sleman 1,Pekalongan,32749,110.246882,-7.792456,6/25/2024,6,Drone (rice field)
16_tegal02_pagarbarang,Brebes_Tegal,32749,109.052539,-6.995286,6/28/2024,4,Drone (rice field)
16_tegal02_pagarbarang,Brebes_Tegal,32749,109.052412,-6.994531,6/28/2024,4,Drone (rice field)
10_batang05_klidangwetan,Pekalongan,32749,109.754909,-6.900999,6/26/2024,2,Drone (rice field)
13_pemalang03_beji,Brebes_Tegal,32749,109.428967,-6.894364,6/27/2024,6,Drone (rice field)
15_tegal01_dukuhwaru,Brebes_Tegal,32749,109.093153,-6.96997,6/28/2024,5,Drone (rice field)
Sleman 1,Pekalongan,32749,110.2465,-7.793585,6/25/2024,6,Drone (rice field)
Janggawur,Pekalongan,32749,109.673826,-7.38876,6/27/2024,6,Drone (rice field)
Tanjungrejo,Pekalongan,32749,109.927613,-7.741717,6/24/2024,3,Drone (50x50)
05_Jepara05_TunggulPandean,Semarang_Demak,32749,110.765347,-6.763481,6/24/2024,4,Drone (50x50)
01_Jepara01_Rau,Semarang_Demak,32749,110.664001,-6.653293,6/24/2024,2,Drone (rice field)
Janggawur,Pekalongan,32749,109.674864,-7.388233,6/27/2024,6,Drone (rice field)
Janggawur,Pekalongan,32749,109.674906,-7.388247,6/27/2024,6,Drone (rice field)
13_pemalang03_beji,Brebes_Tegal,32749,109.428968,-6.894473,6/27/2024,6,Drone (rice field)
16_tegal02_pagarbarang,Brebes_Tegal,32749,109.052986,-6.995039,6/28/2024,4,Drone (rice field)
04_Jepara04_Krasak,Semarang_Demak,32749,110.706395,-6.71488,6/24/2024,2,Drone (rice field)
Janggawur,Pekalongan,32749,109.674102,-7.387637,6/27/2024,6,Drone (rice field)
14_pemalang04_taman,Brebes_Tegal,32749,109.405988,-6.896027,6/27/2024,3,Drone (rice field)
13_pemalang03_beji,Brebes_Tegal,32749,109.428768,-6.894644,6/27/2024,6,Drone (rice field)
11_pemalang01_widuri,Brebes_Tegal,32749,109.381531,-6.873449,6/27/2024,1,Drone (rice field)
04_Jepara04_Krasak,Semarang_Demak,32749,110.7063,-6.714891,6/24/2024,2,Drone (rice field)
15_tegal01_dukuhwaru,Brebes_Tegal,32749,109.09469,-6.971108,6/28/2024,4,Drone (rice field)
Sleman 1,Pekalongan,32749,110.246835,-7.793069,6/25/2024,6,Drone (rice field)
04_Jepara04_Krasak,Semarang_Demak,32749,110.706598,-6.714547,6/24/2024,2,Drone (rice field)
Sleman 1,Pekalongan,32749,110.246856,-7.792183,6/25/2024,6,Drone (rice field)
02_Jepara02_Surodadi,Semarang_Demak,32749,110.653957,-6.679503,6/24/2024,3,Drone (rice field)
Janggawur,Pekalongan,32749,109.674494,-7.388581,6/27/2024,6,Drone (rice field)
Janggawur,Pekalongan,32749,109.674442,-7.3886,6/27/2024,6,Drone (rice field)
Janggawur,Pekalongan,32749,109.674488,-7.388606,6/27/2024,6,Drone (rice field)
07_batang02_sambong02,Pekalongan,32749,109.7442,-6.909914,6/26/2024,6,Drone (rice field)
07_batang02_sambong02,Pekalongan,32749,109.744184,-6.909883,6/26/2024,6,Drone (rice field)
05_Jepara05_TunggulPandean,Semarang_Demak,32749,110.766332,-6.76343,6/24/2024,6,Drone (50x50)
Sleman 1,Pekalongan,32749,110.246948,-7.791954,6/25/2024,6,Drone (rice field)
Sleman 1,Pekalongan,32749,110.246875,-7.793695,6/25/2024,6,Drone (rice field)
Sleman 1,Pekalongan,32749,110.246862,-7.792991,6/25/2024,6,Drone (rice field)
Sleman 1,Pekalongan,32749,110.246834,-7.79377,6/25/2024,6,Drone (rice field)
04_Jepara04_Krasak,Semarang_Demak,32749,110.707791,-6.715662,6/24/2024,6,Drone (50x50)
Sleman 1,Pekalongan,32749,110.246667,-7.793529,6/25/2024,6,Drone (rice field)
15_tegal01_dukuhwaru,Brebes_Tegal,32749,109.09337,-6.970391,6/28/2024,5,Drone (rice field)
04_Jepara04_Krasak,Semarang_Demak,32749,110.706679,-6.714584,6/24/2024,2,Drone (rice field)
Sleman 1,Pekalongan,32749,110.2466,-7.793614,6/25/2024,6,Drone (rice field)
04_Jepara04_Krasak,Semarang_Demak,32749,110.708016,-6.714567,6/24/2024,2,Drone (rice field)
Sleman 1,Pekalongan,32749,110.24683,-7.792719,6/25/2024,6,Drone (rice field)
16_tegal02_pagarbarang,Brebes_Tegal,32749,109.05253,-6.99523,6/28/2024,4,Drone (rice field)
16_tegal02_pagarbarang,Brebes_Tegal,32749,109.052548,-6.996006,6/28/2024,5,Drone (rice field)
13_pemalang03_beji,Brebes_Tegal,32749,109.429144,-6.896865,6/27/2024,3,Drone (rice field)
Tanjungrejo,Pekalongan,32749,109.927057,-7.742576,6/24/2024,2,Drone (50x50)
Sleman 1,Pekalongan,32749,110.246683,-7.793113,6/25/2024,6,Drone (rice field)
Janggawur,Pekalongan,32749,109.673825,-7.388485,6/27/2024,6,Drone (rice field)
05_Jepara05_TunggulPandean,Semarang_Demak,32749,110.765682,-6.762725,6/24/2024,4,Drone (50x50)
16_tegal02_pagarbarang,Brebes_Tegal,32749,109.053022,-6.993582,6/28/2024,6,Drone (rice field)
15_tegal01_dukuhwaru,Brebes_Tegal,32749,109.093763,-6.971231,6/28/2024,5,Drone (rice field)
16_tegal02_pagarbarang,Brebes_Tegal,32749,109.052404,-6.994658,6/28/2024,4,Drone (rice field)
05_Jepara05_TunggulPandean,Semarang_Demak,32749,110.766184,-6.763947,6/24/2024,6,Drone (50x50)
Sleman 1,Pekalongan,32749,110.247136,-7.793911,6/25/2024,6,Drone (rice field)
Janggawur,Pekalongan,32749,109.673751,-7.388848,6/27/2024,6,Drone (rice field)
Tanjungrejo,Pekalongan,32749,109.926674,-7.741379,6/24/2024,3,Drone (50x50)
Sleman 1,Pekalongan,32749,110.246923,-7.793819,6/25/2024,6,Drone (rice field)
03_Jepara03_SowanLor,Semarang_Demak,32749,110.676888,-6.686907,6/24/2024,3,Drone (rice field)
16_tegal02_pagarbarang,Brebes_Tegal,32749,109.05276,-6.995075,6/28/2024,4,Drone (rice field)
Sleman 1,Pekalongan,32749,110.247349,-7.792408,6/25/2024,6,Drone (rice field)
16_tegal02_pagarbarang,Brebes_Tegal,32749,109.053892,-6.996196,6/28/2024,5,Drone (rice field)
Sleman 1,Pekalongan,32749,110.247052,-7.792141,6/25/2024,6,Drone (rice field)
15_tegal01_dukuhwaru,Brebes_Tegal,32749,109.093331,-6.969928,6/28/2024,5,Drone (rice field)
Sleman 1,Pekalongan,32749,110.246777,-7.792879,6/25/2024,6,Drone (rice field)
Sleman 1,Pekalongan,32749,110.246806,-7.7928,6/25/2024,6,Drone (rice field)
01_Jepara01_Rau,Semarang_Demak,32749,110.664505,-6.654263,6/24/2024,2,Drone (rice field)
Sleman 1,Pekalongan,32749,110.247063,-7.792807,6/25/2024,6,Drone (rice field)
02_Jepara02_Surodadi,Semarang_Demak,32749,110.654195,-6.678658,6/24/2024,2,Drone (50x50)
Tanjungrejo,Pekalongan,32749,109.927068,-7.742313,6/24/2024,2,Drone (50x50)
04_Jepara04_Krasak,Semarang_Demak,32749,110.706386,-6.715582,6/24/2024,3,Drone (50x50)
Janggawur,Pekalongan,32749,109.674532,-7.388609,6/27/2024,6,Drone (rice field)
Bangunjiwo,Semarang_Demak,32749,110.315883,-7.846287,6/24/2024,6,Field Survey
16_tegal02_pagarbarang,Brebes_Tegal,32749,109.052619,-6.994092,6/28/2024,4,Drone (rice field)
16_tegal02_pagarbarang,Brebes_Tegal,32749,109.054205,-6.995922,6/28/2024,5,Drone (rice field)
16_tegal02_pagarbarang,Brebes_Tegal,32749,109.05262,-6.9941,6/28/2024,4,Drone (rice field)
Bendungan,Pekalongan,32749,109.948448,-7.782121,6/24/2024,2,Drone (50x50)
04_Jepara04_Krasak,Semarang_Demak,32749,110.708029,-6.714799,6/24/2024,2,Drone (rice field)
Sleman 1,Pekalongan,32749,110.246766,-7.793556,6/25/2024,6,Drone (rice field)
Sleman 1,Pekalongan,32749,110.246608,-7.79371,6/25/2024,6,Drone (rice field)
Sleman 1,Pekalongan,32749,110.24657,-7.7937,6/25/2024,6,Drone (rice field)
Sleman 1,Pekalongan,32749,110.24697,-7.792207,6/25/2024,6,Drone (rice field)
15_tegal01_dukuhwaru,Brebes_Tegal,32749,109.09408,-6.971284,6/28/2024,5,Drone (rice field)
Sleman 1,Pekalongan,32749,110.24677,-7.792423,6/25/2024,6,Drone (rice field)
Sleman 1,Pekalongan,32749,110.247637,-7.79255,6/25/2024,6,Drone (rice field)
Sleman 1,Pekalongan,32749,110.247693,-7.792612,6/25/2024,6,Drone (rice field)
13_pemalang03_beji,Brebes_Tegal,32749,109.4285,-6.895004,6/27/2024,6,Drone (rice field)
04_Jepara04_Krasak,Semarang_Demak,32749,110.706481,-6.714898,6/24/2024,2,Drone (rice field)
Bangunjiwo,Semarang_Demak,32749,110.315878,-7.845691,6/24/2024,6,Drone (50x50)
13_pemalang03_beji,Brebes_Tegal,32749,109.428526,-6.894502,6/27/2024,6,Drone (rice field)
Sleman 1,Pekalongan,32749,110.247263,-7.792844,6/25/2024,6,Drone (rice field)
Janggawur,Pekalongan,32749,109.675889,-7.387944,6/27/2024,6,Drone (rice field)
04_Jepara04_Krasak,Semarang_Demak,32749,110.707583,-6.715062,6/24/2024,2,Drone (rice field)
Bangunjiwo,Semarang_Demak,32749,110.315722,-7.845638,6/24/2024,1,Drone (50x50)
Sleman 1,Pekalongan,32749,110.247062,-7.793259,6/25/2024,6,Drone (rice field)
Sleman 1,Pekalongan,32749,110.247005,-7.793291,6/25/2024,6,Drone (rice field)
Sleman 1,Pekalongan,32749,110.24697,-7.79336,6/25/2024,6,Drone (rice field)
Sleman 1,Pekalongan,32749,110.246971,-7.792846,6/25/2024,6,Drone (rice field)
16_tegal02_pagarbarang,Brebes_Tegal,32749,109.052976,-6.994258,6/28/2024,6,Drone (rice field)
Sleman 1,Pekalongan,32749,110.24697,-7.792305,6/25/2024,6,Drone (rice field)
Sleman 1,Pekalongan,32749,110.247167,-7.793252,6/25/2024,6,Drone (rice field)
Sleman 1,Pekalongan,32749,110.246591,-7.792911,6/25/2024,6,Drone (rice field)
Sleman 1,Pekalongan,32749,110.247261,-7.793654,6/25/2024,6,Drone (rice field)
Tanjungrejo,Pekalongan,32749,109.928142,-7.741782,6/24/2024,2,Drone (50x50)
Tanjungrejo,Pekalongan,32749,109.928359,-7.741974,6/24/2024,2,Drone (50x50)
Sleman 1,Pekalongan,32749,110.246883,-7.792106,6/25/2024,6,Drone (rice field)
Sleman 1,Pekalongan,32749,110.247588,-7.792192,6/25/2024,6,Drone (rice field)
Sleman 1,Pekalongan,32749,110.246792,-7.792345,6/25/2024,6,Drone (rice field)
Sleman 1,Pekalongan,32749,110.246812,-7.792263,6/25/2024,6,Drone (rice field)
Sleman 1,Pekalongan,32749,110.246954,-7.79239,6/25/2024,6,Drone (rice field)
Sleman 1,Pekalongan,32749,110.246889,-7.792912,6/25/2024,6,Drone (rice field)
Selomerto 2,Pekalongan,32749,109.880486,-7.410675,6/27/2024,3,Drone (rice field)
13_pemalang03_beji,Brebes_Tegal,32749,109.429783,-6.896416,6/27/2024,4,Drone (rice field)
04_Jepara04_Krasak,Semarang_Demak,32749,110.707361,-6.714279,6/24/2024,3,Drone (50x50)
Sleman 1,Pekalongan,32749,110.246942,-7.793099,6/25/2024,6,Drone (rice field)
Sleman 1,Pekalongan,32749,110.246698,-7.792945,6/25/2024,6,Drone (rice field)
Sleman 1,Pekalongan,32749,110.246928,-7.792026,6/25/2024,6,Drone (rice field)
Sleman 1,Pekalongan,32749,110.24704,-7.793216,6/25/2024,6,Drone (rice field)
05_Jepara05_TunggulPandean,Semarang_Demak,32749,110.766151,-6.763611,6/24/2024,6,Field Survey
13_pemalang03_beji,Brebes_Tegal,32749,109.428669,-6.894492,6/27/2024,6,Drone (rice field)
05_Jepara05_TunggulPandean,Semarang_Demak,32749,110.766249,-6.763705,6/24/2024,6,Drone (50x50)
Sleman,Pekalongan,32749,110.247194,-7.793556,6/25/2024,6,Drone (rice field)
Tanjungrejo,Pekalongan,32749,109.928095,-7.741612,6/24/2024,2,Drone (50x50)
Sleman 1,Pekalongan,32749,110.246914,-7.793211,6/25/2024,6,Drone (rice field)
Sleman 1,Pekalongan,32749,110.246927,-7.793169,6/25/2024,6,Drone (rice field)
04_Jepara04_Krasak,Semarang_Demak,32749,110.707735,-6.715502,6/24/2024,6,Drone (50x50)
Sleman 1,Pekalongan,32749,110.246668,-7.79302,6/25/2024,6,Drone (rice field)
Sleman 1,Pekalongan,32749,110.24772,-7.792575,6/25/2024,6,Drone (rice field)
04_Jepara04_Krasak,Semarang_Demak,32749,110.706479,-6.715449,6/24/2024,2,Drone (rice field)
16_tegal02_pagarbarang,Brebes_Tegal,32749,109.053055,-6.993827,6/28/2024,6,Drone (rice field)
Sleman 1,Pekalongan,32749,110.246526,-7.793487,6/25/2024,6,Drone (rice field)
Sleman 1,Pekalongan,32749,110.247215,-7.792915,6/25/2024,6,Drone (rice field)
Sleman 1,Pekalongan,32749,110.247529,-7.793008,6/25/2024,6,Drone (rice field)
Tanjungrejo,Pekalongan,32749,109.926837,-7.741531,6/24/2024,2,Field Survey
16_tegal02_pagarbarang,Brebes_Tegal,32749,109.052964,-6.993815,6/28/2024,1,Drone (rice field)
Sleman 1,Pekalongan,32749,110.247188,-7.793,6/25/2024,6,Drone (rice field)
Selomerto 2,Pekalongan,32749,109.880821,-7.410285,6/27/2024,2,Drone (rice field)
Selomerto 2,Pekalongan,32749,109.880794,-7.410236,6/27/2024,2,Drone (rice field)
Selomerto 2,Pekalongan,32749,109.880479,-7.410578,6/27/2024,3,Drone (rice field)
04_Jepara04_Krasak,Semarang_Demak,32749,110.708062,-6.714581,6/24/2024,2,Drone (rice field)
Sleman 1,Pekalongan,32749,110.246903,-7.793627,6/25/2024,6,Drone (rice field)
Janggawur,Pekalongan,32749,109.673827,-7.387617,6/27/2024,6,Drone (rice field)
13_pemalang03_beji,Brebes_Tegal,32749,109.428618,-6.894999,6/27/2024,6,Drone (rice field)
04_Jepara04_Krasak,Semarang_Demak,32749,110.707818,-6.715273,6/24/2024,6,Drone (50x50)
16_tegal02_pagarbarang,Brebes_Tegal,32749,109.054207,-6.995776,6/28/2024,4,Drone (rice field)
Sleman 1,Pekalongan,32749,110.247342,-7.793466,6/25/2024,6,Drone (rice field)
Sleman 1,Pekalongan,32749,110.246558,-7.793142,6/25/2024,6,Drone (rice field)
Sleman 1,Pekalongan,32749,110.246577,-7.793082,6/25/2024,6,Drone (rice field)
Sleman 1,Pekalongan,32749,110.24717,-7.793867,6/25/2024,6,Drone (rice field)
Sleman 1,Pekalongan,32749,110.247496,-7.793086,6/25/2024,6,Drone (rice field)
05_Jepara05_TunggulPandean,Semarang_Demak,32749,110.765699,-6.762706,6/24/2024,4,Field Survey
Sleman 1,Pekalongan,32749,110.24721,-7.792548,6/25/2024,6,Drone (rice field)
Sleman 1,Pekalongan,32749,110.247734,-7.792511,6/25/2024,6,Drone (rice field)
04_Jepara04_Krasak,Semarang_Demak,32749,110.707875,-6.715574,6/24/2024,6,Drone (50x50)
Sleman 1,Pekalongan,32749,110.247448,-7.792525,6/25/2024,6,Drone (rice field)
04_Jepara04_Krasak,Semarang_Demak,32749,110.70678,-6.715563,6/24/2024,2,Drone (50x50)
Sleman 1,Pekalongan,32749,110.247207,-7.793791,6/25/2024,6,Drone (rice field)
Sleman 1,Pekalongan,32749,110.247516,-7.792453,6/25/2024,6,Drone (rice field)
Sleman 1,Pekalongan,32749,110.247768,-7.792426,6/25/2024,6,Drone (rice field)
Sleman 1,Pekalongan,32749,110.247238,-7.793717,6/25/2024,6,Drone (rice field)
Sleman 1,Pekalongan,32749,110.247434,-7.793236,6/25/2024,6,Drone (rice field)
Sleman 1,Pekalongan,32749,110.247372,-7.793389,6/25/2024,6,Drone (rice field)
Sleman 1,Pekalongan,32749,110.247004,-7.793458,6/25/2024,6,Drone (rice field)
Sleman 1,Pekalongan,32749,110.247858,-7.792206,6/25/2024,6,Drone (rice field)
Sleman 1,Pekalongan,32749,110.247107,-7.793146,6/25/2024,6,Drone (rice field)
Sleman 1,Pekalongan,32749,110.247163,-7.793077,6/25/2024,6,Drone (rice field)
Sleman 1,Pekalongan,32749,110.247181,-7.792474,6/25/2024,6,Drone (rice field)
Tanjungrejo,Pekalongan,32749,109.926681,-7.741567,6/24/2024,2,Drone (50x50)
07_batang02_sambong02,Pekalongan,32749,109.74465,-6.91082,6/26/2024,6,Drone (rice field)
Sleman 1,Pekalongan,32749,110.246966,-7.793022,6/25/2024,6,Drone (rice field)
Sleman 1,Pekalongan,32749,110.247446,-7.792614,6/25/2024,6,Drone (rice field)
Sleman 1,Pekalongan,32749,110.246527,-7.793282,6/25/2024,6,Drone (rice field)
Sleman 1,Pekalongan,32749,110.246548,-7.79318,6/25/2024,6,Drone (rice field)
Sleman 1,Pekalongan,32749,110.246923,-7.793571,6/25/2024,6,Drone (rice field)
Sleman 1,Pekalongan,32749,110.247517,-7.792355,6/25/2024,6,Drone (rice field)
Sleman 1,Pekalongan,32749,110.246791,-7.793229,6/25/2024,6,Drone (rice field)
Sleman 1,Pekalongan,32749,110.247512,-7.792355,6/25/2024,6,Drone (rice field)
Sleman 1,Pekalongan,32749,110.247121,-7.793421,6/25/2024,6,Drone (rice field)
Sleman 1,Pekalongan,32749,110.246897,-7.793498,6/25/2024,6,Drone (rice field)
04_Jepara04_Krasak,Semarang_Demak,32749,110.707777,-6.715364,6/24/2024,6,Drone (50x50)
Sleman 1,Pekalongan,32749,110.246812,-7.793474,6/25/2024,6,Drone (rice field)
Sleman 1,Pekalongan,32749,110.246858,-7.793418,6/25/2024,6,Drone (rice field)
Sleman 1,Pekalongan,32749,110.247836,-7.792261,6/25/2024,6,Drone (rice field)
Sleman 1,Pekalongan,32749,110.247061,-7.793711,6/25/2024,6,Drone (rice field)
04_Jepara04_Krasak,Semarang_Demak,32749,110.707645,-6.715293,6/24/2024,2,Drone (50x50)
Sleman 1,Pekalongan,32749,110.246661,-7.793192,6/25/2024,6,Drone (rice field)
Sleman 1,Pekalongan,32749,110.247403,-7.793314,6/25/2024,6,Drone (rice field)
Sleman 1,Pekalongan,32749,110.247018,-7.793531,6/25/2024,6,Drone (rice field)
15_tegal01_dukuhwaru,Brebes_Tegal,32749,109.094686,-6.969854,6/28/2024,5,Drone (rice field)
Sleman 1,Pekalongan,32749,110.247802,-7.792343,6/25/2024,6,Drone (rice field)
16_tegal02_pagarbarang,Brebes_Tegal,32749,109.053199,-6.995172,6/28/2024,4,Drone (rice field)
05_Jepara05_TunggulPandean,Semarang_Demak,32749,110.766151,-6.763158,6/24/2024,5,Field Survey
Sleman 1,Pekalongan,32749,110.247002,-7.792944,6/25/2024,6,Drone (rice field)
Sleman 1,Pekalongan,32749,110.246607,-7.793416,6/25/2024,6,Drone (rice field)
Sleman 1,Pekalongan,32749,110.246629,-7.793351,6/25/2024,6,Drone (rice field)
Sleman 1,Pekalongan,32749,110.246609,-7.793258,6/25/2024,6,Drone (rice field)
Selomerto 2,Pekalongan,32749,109.880692,-7.410252,6/27/2024,3,Drone (rice field)
Sleman 1,Pekalongan,32749,110.247562,-7.792276,6/25/2024,6,Drone (rice field)
Sleman 1,Pekalongan,32749,110.247172,-7.793505,6/25/2024,6,Drone (rice field)
Sleman 1,Pekalongan,32749,110.246653,-7.793269,6/25/2024,6,Drone (rice field)
Sleman 1,Pekalongan,32749,110.246754,-7.793388,6/25/2024,6,Drone (rice field)
Sleman 1,Pekalongan,32749,110.247491,-7.793168,6/25/2024,6,Drone (rice field)
Sleman 1,Pekalongan,32749,110.246779,-7.793306,6/25/2024,6,Drone (rice field)
Sleman 1,Pekalongan,32749,110.247515,-7.79326,6/25/2024,6,Drone (rice field)
15_tegal01_dukuhwaru,Brebes_Tegal,32749,109.094719,-6.969692,6/28/2024,5,Drone (rice field)
