point,x,y,date,S2ndvi_fused,VV_fused,VH_fused
0,494225.6593214362,9241670.999743782,2024-11-07,0.13592761853037372,-10.656435297117516,-18.1906320073991
0,494225.6593214362,9241670.999743782,2024-11-19,0.1810856782241982,-10.511185678769003,-17.97337547928765
0,494225.6593214362,9241670.999743782,2024-12-01,0.21505935820756067,-9.982591413154035,-17.353681627957286
0,494225.6593214362,9241670.999743782,2024-12-13,0.11613762398140323,-12.063139578582415,-18.71586935045614
0,494225.6593214362,9241670.999743782,2024-12-25,0.14932158849749666,-11.317957136957636,-18.37004674429961
0,494225.6593214362,9241670.999743782,2025-01-06,0.14268209308962707,-11.474164845159239,-18.37540236779554
0,494225.6593214362,9241670.999743782,2025-01-18,0.02759008424778364,-13.424795673092541,-20.344120235949728
0,494225.6593214362,9241670.999743782,2025-01-30,-0.009315068980538244,-14.427799505779126,-20.66708658262418
0,494225.6593214362,9241670.999743782,2025-02-11,-0.01741784101740365,-14.014341879053145,-20.83574070757936
0,494225.6593214362,9241670.999743782,2025-02-23,-0.06560397522835937,-15.672177016532528,-21.39279946924547
0,494225.6593214362,9241670.999743782,2025-03-07,-0.06983556126717072,-15.095885147054624,-21.346314438935295
0,494225.6593214362,9241670.999743782,2025-03-19,-0.03726375872271753,-14.432445345804815,-20.68428553982771
0,494225.6593214362,9241670.999743782,2025-03-31,-0.15160866477633678,-17.003278267767563,-23.79142282159655
0,494225.6593214362,9241670.999743782,2025-04-12,-0.08171203468056307,-15.867338596223776,-21.997120951731315
0,494225.6593214362,9241670.999743782,2025-04-24,0.05896563792967252,-13.556365216571367,-20.00137429968849
0,494225.6593214362,9241670.999743782,2025-05-06,0.19406399363589805,-10.33858220005314,-17.711838929499937
0,494225.6593214362,9241670.999743782,2025-05-18,0.13061716577901517,-11.501590482287977,-18.668259671188853
0,494225.6593214362,9241670.999743782,2025-05-30,-0.0903387500504804,-15.949799142531973,-21.9315419511646
0,494225.6593214362,9241670.999743782,2025-06-11,0.19086299413513552,-10.207467248195723,-17.76721313323065
0,494225.6593214362,9241670.999743782,2025-06-23,0.16735950942493583,-10.340855187907579,-18.23410173941304
0,494225.6593214362,9241670.999743782,2025-07-05,0.2045427607394813,-10.242609410615417,-17.466786495824397
0,494225.6593214362,9241670.999743782,2025-07-17,0.12836018170714633,-11.71463246689013,-18.890892552857526
0,494225.6593214362,9241670.999743782,2025-07-29,0.09373702804436089,-11.773450739754297,-19.32241109743834
0,494225.6593214362,9241670.999743782,2025-08-10,0.206875533540559,-9.801590463036806,-17.206254652391113
0,494225.6593214362,9241670.999743782,2025-08-22,0.3549751121787027,-7.696042847540824,-15.579488184725246
0,494225.6593214362,9241670.999743782,2025-09-03,0.39468886706575357,-7.45611087098473,-14.84474721625466
0,494225.6593214362,9241670.999743782,2025-09-15,0.4240662763028216,-7.0907616407664795,-14.406739362914163
0,494225.6593214362,9241670.999743782,2025-09-27,0.38908291358982555,-6.708556900314037,-14.642008615264285
0,494225.6593214362,9241670.999743782,2025-10-09,0.3165753716552254,-8.176421199744272,-15.687124199255178
0,494225.6593214362,9241670.999743782,2025-10-21,0.23231906964737403,-9.050654586632637,-16.23442298514242
0,494225.6593214362,9241670.999743782,2025-11-02,0.030028669044322845,-13.494353089645813,-20.211845156906662
1,455167.5968810374,9243942.653784472,2024-11-07,0.28754076126072187,-8.517009591673652,-16.22389497895012
1,455167.5968810374,9243942.653784472,2024-11-19,0.31101741332112126,-8.972080643876815,-16.149579050918902
1,455167.5968810374,9243942.653784472,2024-12-01,0.3409934367717525,-7.797553781996873,-14.840672357587158
1,455167.5968810374,9243942.653784472,2024-12-13,0.3475187576533236,-9.471251085967992,-15.727896427376821
1,455167.5968810374,9243942.653784472,2024-12-25,0.3072871404851321,-6.842744428217685,-15.31542610769803
1,455167.5968810374,9243942.653784472,2025-01-06,0.3140660255700973,-6.088311444335044,-14.77938528325501
1,455167.5968810374,9243942.653784472,2025-01-18,0.32670384853054535,-3.4332583199934588,-12.956359260794835
1,455167.5968810374,9243942.653784472,2025-01-30,0.31097061076857335,-6.896832901887214,-15.09360554512157
1,455167.5968810374,9243942.653784472,2025-02-11,0.323611589298347,-7.6356312043628005,-15.170257474675621
1,455167.5968810374,9243942.653784472,2025-02-23,0.33661650392723774,-4.831133625982056,-13.433409011600531
1,455167.5968810374,9243942.653784472,2025-03-07,0.33044547131863583,-6.533706373981055,-14.170929481988363
1,455167.5968810374,9243942.653784472,2025-03-19,0.31799335033720844,-9.915307562258226,-16.533852359457565
1,455167.5968810374,9243942.653784472,2025-03-31,0.28803503096440725,-13.298359264275717,-18.898119427057054
1,455167.5968810374,9243942.653784472,2025-04-12,0.30437524624860873,-12.80395150196821,-18.361705450420573
1,455167.5968810374,9243942.653784472,2025-04-24,0.30736442382667883,-15.07554032200555,-19.470583667642796
1,455167.5968810374,9243942.653784472,2025-05-06,0.31498967057985694,-10.27031007784097,-16.719511097989006
1,455167.5968810374,9243942.653784472,2025-05-18,0.29757252126737804,-11.769556540592133,-17.760386665531286
1,455167.5968810374,9243942.653784472,2025-05-30,0.29291270202340036,-10.882249038091928,-17.551775879654407
1,455167.5968810374,9243942.653784472,2025-06-11,0.2794878948364633,-11.205335707727388,-17.90028351165657
1,455167.5968810374,9243942.653784472,2025-06-23,0.2738861915506603,-13.076033256766713,-19.05406651005775
1,455167.5968810374,9243942.653784472,2025-07-05,0.2455773002871286,-13.187178981922534,-19.848015738227712
1,455167.5968810374,9243942.653784472,2025-07-17,0.2901616284341968,-10.018632523580235,-17.10847424921191
1,455167.5968810374,9243942.653784472,2025-07-29,0.2889065879797878,-10.8658802700087,-17.620948670873386
1,455167.5968810374,9243942.653784472,2025-08-10,0.3375496538608186,-8.764224716190187,-15.452398868494157
1,455167.5968810374,9243942.653784472,2025-08-22,0.3132586157843484,-8.714442060185153,-15.928767878902477
1,455167.5968810374,9243942.653784472,2025-09-03,0.3426145677929163,-8.212130600173293,-15.023288219489437
1,455167.5968810374,9243942.653784472,2025-09-15,0.3276729835121254,-6.931749443403927,-14.689191327568501
1,455167.5968810374,9243942.653784472,2025-09-27,0.3354655727404332,-9.189263341143132,-15.640252528181222
1,455167.5968810374,9243942.653784472,2025-10-09,0.3276547870737554,-8.632029480088702,-15.649987396134474
1,455167.5968810374,9243942.653784472,2025-10-21,0.3397249360715733,-8.017176629886972,-15.085315461601285
1,455167.5968810374,9243942.653784472,2025-11-02,0.35037620453249707,-8.066178409372828,-14.755069866751402
2,465117.75854116137,9230123.430505203,2024-11-07,0.26067818056121056,-8.381543601659628,-14.661916802858979
2,465117.75854116137,9230123.430505203,2024-11-19,0.11765520704049034,-11.980026524629892,-18.290994887956316
2,465117.75854116137,9230123.430505203,2024-12-01,0.13647846930071728,-11.819497265768796,-18.038583180396966
2,465117.75854116137,9230123.430505203,2024-12-13,0.2551334140756873,-9.339975974666899,-15.667004337135932
2,465117.75854116137,9230123.430505203,2024-12-25,0.3222289169046436,-7.961136311825618,-14.624965427639808
2,465117.75854116137,9230123.430505203,2025-01-06,0.33404882350830406,-8.71679811386947,-15.150890158458804
2,465117.75854116137,9230123.430505203,2025-01-18,0.32441366645709596,-7.942055738626914,-14.419884927948093
2,465117.75854116137,9230123.430505203,2025-01-30,0.26203801670302634,-9.345762061277533,-14.888575140743857
2,465117.75854116137,9230123.430505203,2025-02-11,0.3573833685019908,-7.375694922821898,-13.071013863988435
2,465117.75854116137,9230123.430505203,2025-02-23,0.35424713350797965,-7.497832036540385,-12.77125254424577
2,465117.75854116137,9230123.430505203,2025-03-07,0.2601391539430594,-8.45743300849966,-14.70331228262855
2,465117.75854116137,9230123.430505203,2025-03-19,0.27774394185607953,-8.942797679651648,-15.08108231511626
2,465117.75854116137,9230123.430505203,2025-03-31,0.08680369421640644,-12.737775472292245,-19.66357296379928
2,465117.75854116137,9230123.430505203,2025-04-12,0.13897089782286293,-11.24828027396063,-17.983783237419843
2,465117.75854116137,9230123.430505203,2025-04-24,0.25185613900391113,-9.434560646658294,-15.96416906182128
2,465117.75854116137,9230123.430505203,2025-05-06,0.23478120799514254,-9.818557423792331,-15.975047404729375
2,465117.75854116137,9230123.430505203,2025-05-18,0.3065894263255025,-8.771718291307755,-14.955854349115873
2,465117.75854116137,9230123.430505203,2025-05-30,0.29491551643791075,-8.54656025058502,-15.013555288627119
2,465117.75854116137,9230123.430505203,2025-06-11,0.34767450573329584,-8.018837848814579,-14.401050179679185
2,465117.75854116137,9230123.430505203,2025-06-23,0.334001672828945,-7.832280595935785,-13.296846413064323
2,465117.75854116137,9230123.430505203,2025-07-05,0.29990281918249656,-8.600162142822278,-14.13370000857511
2,465117.75854116137,9230123.430505203,2025-07-17,0.22976310261883362,-9.312135988019739,-15.501659188947158
2,465117.75854116137,9230123.430505203,2025-07-29,-0.017736641015976662,-15.289298863173535,-21.805990449058577
2,465117.75854116137,9230123.430505203,2025-08-10,0.07658203466173466,-12.827713732063105,-19.63699292300806
2,465117.75854116137,9230123.430505203,2025-08-22,0.1856490045425313,-10.798271589627275,-17.651627976068042
2,465117.75854116137,9230123.430505203,2025-09-03,0.30276885982875756,-8.446057890782024,-15.056156662028314
2,465117.75854116137,9230123.430505203,2025-09-15,0.289859380790842,-9.359290647625372,-15.645055449138829
2,465117.75854116137,9230123.430505203,2025-09-27,0.3003884340179355,-8.464622727461633,-14.713907111089217
2,465117.75854116137,9230123.430505203,2025-10-09,0.35383398271101374,-7.722075718602338,-14.189634729751479
2,465117.75854116137,9230123.430505203,2025-10-21,0.3565553356054232,-7.699668030674569,-13.854372311158285
2,465117.75854116137,9230123.430505203,2025-11-02,0.30558425513987125,-8.513731403495058,-13.633654706567036
3,459380.00640956056,9243357.550972825,2024-11-07,0.16509230186841173,-8.875582399235697,-16.05634545990982
3,459380.00640956056,9243357.550972825,2024-11-19,0.26012398177381924,-11.104936964398453,-18.37791418519705
3,459380.00640956056,9243357.550972825,2024-12-01,0.2688105338757186,-10.205461306541428,-17.214417698724063
3,459380.00640956056,9243357.550972825,2024-12-13,0.33552870144073993,-10.133881935677438,-16.81744079965761
3,459380.00640956056,9243357.550972825,2024-12-25,0.2736413231018308,-8.820743114282116,-15.595454670572733
3,459380.00640956056,9243357.550972825,2025-01-06,0.4327542031540247,-9.000374733745229,-13.599148387360891
3,459380.00640956056,9243357.550972825,2025-01-18,0.3339781069552584,-9.439395694406672,-15.058839372520044
3,459380.00640956056,9243357.550972825,2025-01-30,0.30252907738192847,-8.907214905151978,-15.108085435325544
3,459380.00640956056,9243357.550972825,2025-02-11,0.3431203471414235,-7.715939043289265,-12.980739295353299
3,459380.00640956056,9243357.550972825,2025-02-23,0.25262018801300823,-6.980826083256992,-13.99748828168175
3,459380.00640956056,9243357.550972825,2025-03-07,0.25297500910292436,-7.412270332617866,-13.225725149686468
3,459380.00640956056,9243357.550972825,2025-03-19,0.2902684853163494,-10.677769126272594,-17.300804840795756
3,459380.00640956056,9243357.550972825,2025-03-31,0.21366596319652026,-10.823162956456605,-19.00490171885931
3,459380.00640956056,9243357.550972825,2025-04-12,0.21980412031632965,-9.113963824520539,-16.790670003935087
3,459380.00640956056,9243357.550972825,2025-04-24,0.3522131175934683,-9.158231180728041,-15.93629462528188
3,459380.00640956056,9243357.550972825,2025-05-06,0.3927911471381906,-9.03447342559734,-15.0160642666862
3,459380.00640956056,9243357.550972825,2025-05-18,0.3999055466959074,-8.631273451496433,-14.305846989759962
3,459380.00640956056,9243357.550972825,2025-05-30,0.37800286508419373,-9.960899080665605,-14.744329576354227
3,459380.00640956056,9243357.550972825,2025-06-11,0.42795250068687546,-8.582513954084117,-12.603333973927892
3,459380.00640956056,9243357.550972825,2025-06-23,0.2537329838921491,-6.362020222370025,-12.274028187025397
3,459380.00640956056,9243357.550972825,2025-07-05,0.2513854867931988,-7.0265143612157726,-13.348050431987636
3,459380.00640956056,9243357.550972825,2025-07-17,0.26241235042990063,-6.370116388404515,-13.230731601133577
3,459380.00640956056,9243357.550972825,2025-07-29,0.331605400343162,-7.505659906118016,-13.438162306982315
3,459380.00640956056,9243357.550972825,2025-08-10,0.3570576994771674,-7.88107427494713,-12.930773106681679
3,459380.00640956056,9243357.550972825,2025-08-22,0.3786887233091699,-9.07654092812671,-13.48444796343951
3,459380.00640956056,9243357.550972825,2025-09-03,0.3221724618616387,-9.008896617741076,-15.099061013319655
3,459380.00640956056,9243357.550972825,2025-09-15,0.31355591650836556,-8.188945243341193,-13.939228466840586
3,459380.00640956056,9243357.550972825,2025-09-27,0.33133739877306895,-6.458891259166867,-11.837003273341612
3,459380.00640956056,9243357.550972825,2025-10-09,0.2296472616703915,-6.995942878012428,-13.376729331551902
3,459380.00640956056,9243357.550972825,2025-10-21,0.22143313917660729,-13.100140126973127,-19.82287475763556
3,459380.00640956056,9243357.550972825,2025-11-02,0.444208570035978,-15.736928412997758,-19.75648534877315
4,468694.02243723854,9226492.483638326,2024-11-07,-0.07875664781689112,-8.952010549512853,-16.43256736591832
4,468694.02243723854,9226492.483638326,2024-11-19,0.08867845754308679,-4.559273216485053,-14.378481630532686
4,468694.02243723854,9226492.483638326,2024-12-01,0.038913786380760956,-0.46876296873632395,-13.614345929479928
4,468694.02243723854,9226492.483638326,2024-12-13,0.009819842561751752,0.5793674533420452,-13.555854674974018
4,468694.02243723854,9226492.483638326,2024-12-25,0.22763924571631688,-8.225395259273657,-14.436457328800584
4,468694.02243723854,9226492.483638326,2025-01-06,0.2820404334038399,-6.779695254574919,-13.725856746192894
4,468694.02243723854,9226492.483638326,2025-01-18,0.3792733842932072,-7.616317997710875,-13.323536567746512
4,468694.02243723854,9226492.483638326,2025-01-30,0.25725989220885875,-7.360647437254591,-14.038745063080476
4,468694.02243723854,9226492.483638326,2025-02-11,0.3725648537773851,-7.677014171560171,-13.382660175897085
4,468694.02243723854,9226492.483638326,2025-02-23,0.41615722559827395,-7.51366797723616,-13.059673511808565
4,468694.02243723854,9226492.483638326,2025-03-07,0.4565092584640097,-6.113958603530281,-12.552958863340754
4,468694.02243723854,9226492.483638326,2025-03-19,-0.07742509812961784,-2.6475012132264992,-14.776923474276721
4,468694.02243723854,9226492.483638326,2025-03-31,0.11201850217289211,-6.578213694868271,-14.76347594317488
4,468694.02243723854,9226492.483638326,2025-04-12,0.08388216903840298,-7.766106069989816,-15.362342354140845
4,468694.02243723854,9226492.483638326,2025-04-24,0.14610449067148928,-4.899224053660565,-14.209827637681457
4,468694.02243723854,9226492.483638326,2025-05-06,0.2752392093345214,-6.091755247606319,-13.5872822241173
4,468694.02243723854,9226492.483638326,2025-05-18,0.48308596661880787,-7.3136042419576075,-12.742806036230526
4,468694.02243723854,9226492.483638326,2025-05-30,0.30564784326376915,-6.835308616969301,-13.58910464059513
4,468694.02243723854,9226492.483638326,2025-06-11,0.5131692210138479,-5.741707287224407,-12.110943155794399
4,468694.02243723854,9226492.483638326,2025-06-23,0.4182543699491664,-6.28873478482891,-12.742952384559896
4,468694.02243723854,9226492.483638326,2025-07-05,0.47879117039655356,-6.451860166146975,-12.376524547215064
4,468694.02243723854,9226492.483638326,2025-07-17,0.08261506694014858,-4.530288881736231,-14.291987637711577
4,468694.02243723854,9226492.483638326,2025-07-29,0.20657898494247634,-6.316743646192757,-14.080807734821198
4,468694.02243723854,9226492.483638326,2025-08-10,0.3523316820380745,-7.187804545777956,-13.475419574654563
4,468694.02243723854,9226492.483638326,2025-08-22,0.4441749861207548,-5.435860269171274,-12.438523583797105
4,468694.02243723854,9226492.483638326,2025-09-03,0.45040001382863015,-6.689141335953051,-12.649310913530957
4,468694.02243723854,9226492.483638326,2025-09-15,0.3710144942802349,-7.908203246791835,-13.419839254935173
4,468694.02243723854,9226492.483638326,2025-09-27,0.2854880194724643,-9.24659914847406,-14.35714880033406
4,468694.02243723854,9226492.483638326,2025-10-09,0.24511670030525648,-5.690123977417109,-13.66749549368614
4,468694.02243723854,9226492.483638326,2025-10-21,0.2238030628992157,-5.681699871705594,-13.778106713977076
4,468694.02243723854,9226492.483638326,2025-11-02,0.4658317400031933,-6.820556963515019,-12.557339347657203
5,472837.84180351644,9238889.234850045,2024-11-07,0.2352104042015839,-7.555227663219419,-14.017354189475991
5,472837.84180351644,9238889.234850045,2024-11-19,0.1625160741329189,-10.567230942464025,-17.598088166440245
5,472837.84180351644,9238889.234850045,2024-12-01,0.21650413753162515,-11.290882647144226,-17.673105926907922
5,472837.84180351644,9238889.234850045,2024-12-13,0.2745323776272649,-8.778514664405073,-15.094429466515729
5,472837.84180351644,9238889.234850045,2024-12-25,0.3699543756868459,-9.363590314021698,-15.01758118131447
5,472837.84180351644,9238889.234850045,2025-01-06,0.3380567402884391,-9.586642883858326,-14.40231240153524
5,472837.84180351644,9238889.234850045,2025-01-18,0.3776528907597906,-9.38476679490586,-13.548387766745492
5,472837.84180351644,9238889.234850045,2025-01-30,0.28456375361080377,-10.438066240873942,-15.902456454605076
5,472837.84180351644,9238889.234850045,2025-02-11,0.3989853502597863,-5.739667452100488,-10.97078024895426
5,472837.84180351644,9238889.234850045,2025-02-23,0.3546841786749168,-7.796102967275914,-13.022316471372626
5,472837.84180351644,9238889.234850045,2025-03-07,0.2696181306736667,-10.804867084527642,-16.398783854603053
5,472837.84180351644,9238889.234850045,2025-03-19,0.11082157692492561,-12.714355109673669,-19.9487362549613
5,472837.84180351644,9238889.234850045,2025-03-31,0.12184878256989759,-10.914015626001886,-19.19978808966779
5,472837.84180351644,9238889.234850045,2025-04-12,0.20970490402701236,-10.430752696443815,-17.763971084230633
5,472837.84180351644,9238889.234850045,2025-04-24,0.33964337798431593,-8.952068711325238,-15.20445263426877
5,472837.84180351644,9238889.234850045,2025-05-06,0.36060464490870464,-9.75912032845913,-15.253965046970134
5,472837.84180351644,9238889.234850045,2025-05-18,0.3891970976970912,-8.720772429915948,-13.686071381781641
5,472837.84180351644,9238889.234850045,2025-05-30,0.3461634114541096,-10.014784106429666,-14.508604424611343
5,472837.84180351644,9238889.234850045,2025-06-11,0.35727600193903275,-8.308995478500464,-13.281453537483145
5,472837.84180351644,9238889.234850045,2025-06-23,0.3415861310359226,-6.300332571893789,-11.248858873374555
5,472837.84180351644,9238889.234850045,2025-07-05,0.38558601403995274,-6.82707182760255,-11.8699777767422
5,472837.84180351644,9238889.234850045,2025-07-17,0.2719713099793473,-8.161432450578525,-14.51066587715184
5,472837.84180351644,9238889.234850045,2025-07-29,0.29295154347224095,-7.9937957782767715,-15.006067098376754
5,472837.84180351644,9238889.234850045,2025-08-10,0.39706235836402765,-6.367728837357406,-11.708587173423131
5,472837.84180351644,9238889.234850045,2025-08-22,0.3761222012451828,-7.006274068507368,-12.033929172750234
5,472837.84180351644,9238889.234850045,2025-09-03,0.22386394203319834,-7.78917472804922,-15.15173827499973
5,472837.84180351644,9238889.234850045,2025-09-15,0.22409015760596185,-8.30500125051297,-15.289017716387123
5,472837.84180351644,9238889.234850045,2025-09-27,0.23235781296583985,-9.184362593435372,-16.118226157694345
5,472837.84180351644,9238889.234850045,2025-10-09,0.12797211693387142,-13.174259325304053,-20.309389170485368
5,472837.84180351644,9238889.234850045,2025-10-21,0.16817608308728654,-12.860614219313714,-19.039345653137072
5,472837.84180351644,9238889.234850045,2025-11-02,0.2125747984656,-9.867860796006793,-16.89374592043776
6,484989.4192938779,9234572.458350735,2024-11-07,0.19723356186236415,-9.33666089532054,-16.162822715793506
6,484989.4192938779,9234572.458350735,2024-11-19,0.06339123628013649,-10.174319781650004,-18.492374271711242
6,484989.4192938779,9234572.458350735,2024-12-01,0.17339810994877605,-15.551671861695862,-21.09309189032544
6,484989.4192938779,9234572.458350735,2024-12-13,0.16012962800553773,-13.492684144523126,-20.19327456539991
6,484989.4192938779,9234572.458350735,2024-12-25,0.25383839276643294,-10.449637302594173,-17.660624167564052
6,484989.4192938779,9234572.458350735,2025-01-06,0.419254098624545,-9.789613875298045,-14.907723223388746
6,484989.4192938779,9234572.458350735,2025-01-18,0.28608057014661226,-11.096786053356436,-16.87690923431896
6,484989.4192938779,9234572.458350735,2025-01-30,0.28444204851495686,-10.020973436047086,-16.213592655307455
6,484989.4192938779,9234572.458350735,2025-02-11,0.3371369639905094,-7.494597667322713,-13.960436350506399
6,484989.4192938779,9234572.458350735,2025-02-23,0.3187235313417452,-9.477612028385611,-15.446737794627783
6,484989.4192938779,9234572.458350735,2025-03-07,0.43636339407473823,-6.991475176743156,-12.51724581701257
6,484989.4192938779,9234572.458350735,2025-03-19,0.26778203136524925,-4.642522984835791,-12.268591147182931
6,484989.4192938779,9234572.458350735,2025-03-31,0.16055591605503017,-13.73226520867368,-20.095168246283396
6,484989.4192938779,9234572.458350735,2025-04-12,0.05731163291059366,-12.687221239984297,-20.58436938780148
6,484989.4192938779,9234572.458350735,2025-04-24,0.12742866001273678,-12.417355551735703,-19.778122073690696
6,484989.4192938779,9234572.458350735,2025-05-06,0.09972615672495042,-12.030948743589327,-19.762503837918374
6,484989.4192938779,9234572.458350735,2025-05-18,0.31050452524822575,-9.90066331365701,-16.399966325879006
6,484989.4192938779,9234572.458350735,2025-05-30,0.24813920374838594,-8.72087744595954,-15.834150622000141
6,484989.4192938779,9234572.458350735,2025-06-11,0.26381693903200076,-8.249937586727834,-15.342127328685153
6,484989.4192938779,9234572.458350735,2025-06-23,0.3857119613593005,-8.071344705826007,-14.486491753885016
6,484989.4192938779,9234572.458350735,2025-07-05,0.4190009058882166,-5.109006903104016,-11.884076870672015
6,484989.4192938779,9234572.458350735,2025-07-17,0.19323023337318734,-4.751309912990049,-13.600027906781243
6,484989.4192938779,9234572.458350735,2025-07-29,0.24055652668409683,-6.787673289151555,-14.31053705393646
6,484989.4192938779,9234572.458350735,2025-08-10,0.3368417229098643,-7.01561998882242,-13.329521072528028
6,484989.4192938779,9234572.458350735,2025-08-22,0.3177711560602994,-6.9086508770922865,-13.957855959766427
6,484989.4192938779,9234572.458350735,2025-09-03,0.3091226663637889,-6.974824777019135,-14.040809178110738
6,484989.4192938779,9234572.458350735,2025-09-15,0.2949189298192806,-7.793196133933149,-14.671170003895643
6,484989.4192938779,9234572.458350735,2025-09-27,0.32239440694745886,-7.398509188484834,-14.080720772644032
6,484989.4192938779,9234572.458350735,2025-10-09,0.14398085690110818,-11.331473752733174,-18.445015961760213
6,484989.4192938779,9234572.458350735,2025-10-21,0.07970002362092435,-16.638561726781106,-22.437651680748704
6,484989.4192938779,9234572.458350735,2025-11-02,0.15475296978541553,-12.182277264150876,-19.181826793972053
7,483035.49770913634,9238218.94872739,2024-11-07,0.2625023650802591,-7.9207823383592375,-14.689026784252327
7,483035.49770913634,9238218.94872739,2024-11-19,0.230298826693387,-14.542298774294899,-20.751057593469906
7,483035.49770913634,9238218.94872739,2024-12-01,0.2536961269826616,-12.284297041468669,-19.177755917884987
7,483035.49770913634,9238218.94872739,2024-12-13,0.2777970327777906,-10.994692605793883,-18.03932746475445
7,483035.49770913634,9238218.94872739,2024-12-25,0.3041415531261896,-9.458562601804545,-17.07871259400931
7,483035.49770913634,9238218.94872739,2025-01-06,0.2982758540034456,-9.582043186643135,-16.816041923372435
7,483035.49770913634,9238218.94872739,2025-01-18,0.25786151269168883,-10.112280262876089,-16.27712270618903
7,483035.49770913634,9238218.94872739,2025-01-30,0.2560572160230154,-10.809715914276827,-17.173211185576655
7,483035.49770913634,9238218.94872739,2025-02-11,0.31013651083556004,-6.638362632991926,-13.554415505898383
7,483035.49770913634,9238218.94872739,2025-02-23,0.2557532618491038,-9.975124345000584,-15.914601782438364
7,483035.49770913634,9238218.94872739,2025-03-07,0.2869113285280869,-5.90489493778205,-13.139207480265796
7,483035.49770913634,9238218.94872739,2025-03-19,0.274582881183333,-7.787242743850393,-14.762431484834357
7,483035.49770913634,9238218.94872739,2025-03-31,0.28592209509336336,-7.725214755320764,-14.86545512326223
7,483035.49770913634,9238218.94872739,2025-04-12,0.2759274433638596,-6.928986403303293,-13.756567168259545
7,483035.49770913634,9238218.94872739,2025-04-24,0.250645901522837,-9.70081586777187,-16.4616964432344
7,483035.49770913634,9238218.94872739,2025-05-06,0.2437233283474322,-11.75631832220591,-18.910055479387037
7,483035.49770913634,9238218.94872739,2025-05-18,0.25766343593824814,-11.896654781972213,-19.43126889576758
7,483035.49770913634,9238218.94872739,2025-05-30,0.29051220580555065,-8.62989781583496,-16.552025025167886
7,483035.49770913634,9238218.94872739,2025-06-11,0.2682914000867041,-9.945137760061456,-16.818546150949143
7,483035.49770913634,9238218.94872739,2025-06-23,0.3054564155433161,-8.550551231013005,-15.996204681892351
7,483035.49770913634,9238218.94872739,2025-07-05,0.281824722322579,-11.056036503118696,-17.605978943676767
7,483035.49770913634,9238218.94872739,2025-07-17,0.2994027943191137,-8.807614194941046,-16.07169018067953
7,483035.49770913634,9238218.94872739,2025-07-29,0.2568301961494941,-11.00835577768495,-16.39101204694503
7,483035.49770913634,9238218.94872739,2025-08-10,0.2736202148961488,-6.11653694564286,-12.172769876609966
7,483035.49770913634,9238218.94872739,2025-08-22,0.289780983752075,-5.5683711804131955,-12.535224784188996
7,483035.49770913634,9238218.94872739,2025-09-03,0.26899546332335794,-8.246002708216658,-15.063978312528635
7,483035.49770913634,9238218.94872739,2025-09-15,0.24231538179608136,-10.741005842265997,-17.221127821416864
7,483035.49770913634,9238218.94872739,2025-09-27,0.2695626329119108,-10.65361735212704,-17.963607360996548
7,483035.49770913634,9238218.94872739,2025-10-09,0.252164216451167,-11.09322569933203,-18.622373979751224
7,483035.49770913634,9238218.94872739,2025-10-21,0.21245726603347923,-15.211862391481226,-21.479882923559693
7,483035.49770913634,9238218.94872739,2025-11-02,0.27994911838177855,-10.227302601602547,-18.118041444877683
8,448005.46233327535,9233052.609055817,2024-11-07,0.02155534609539366,-10.661001892604292,-13.827806521005172
8,448005.46233327535,9233052.609055817,2024-11-19,-0.00563915610483922,-16.618553298226285,-18.616124769309533
8,448005.46233327535,9233052.609055817,2024-12-01,-0.00430822398318253,-16.042991123028187,-17.984782872714735
8,448005.46233327535,9233052.609055817,2024-12-13,-0.008338716006940316,-12.364304542899188,-15.822665010641373
8,448005.46233327535,9233052.609055817,2024-12-25,-0.012644932292384935,-12.704257522305276,-16.517945276391593
8,448005.46233327535,9233052.609055817,2025-01-06,-0.0017588663487207983,-13.749423153065976,-17.588297839202404
8,448005.46233327535,9233052.609055817,2025-01-18,-0.0038089907195623086,-15.67147937263254,-18.268748184513434
8,448005.46233327535,9233052.609055817,2025-01-30,-0.0008692793559780171,-14.43077176187032,-16.7719572460907
8,448005.46233327535,9233052.609055817,2025-02-11,0.0016411244079100836,-12.939138714718315,-16.939841053866466
8,448005.46233327535,9233052.609055817,2025-02-23,-0.004893342221520729,-16.099491361121345,-18.920048698170426
8,448005.46233327535,9233052.609055817,2025-03-07,-0.0029724576705534634,-12.863036443598832,-16.79841548039608
8,448005.46233327535,9233052.609055817,2025-03-19,-0.010034053343946098,-17.11831782480211,-19.385145089421968
8,448005.46233327535,9233052.609055817,2025-03-31,0.004821505346182875,-11.303499920244802,-16.302236758543074
8,448005.46233327535,9233052.609055817,2025-04-12,-0.009632676516312846,-16.36577294386117,-19.392531245385285
8,448005.46233327535,9233052.609055817,2025-04-24,-0.007297947370893315,-16.53157936957142,-19.463392437498772
8,448005.46233327535,9233052.609055817,2025-05-06,-0.006469141469443079,-14.006338146122683,-17.23707720828829
8,448005.46233327535,9233052.609055817,2025-05-18,0.00845093914031677,-13.032793863985091,-17.044038546609343
8,448005.46233327535,9233052.609055817,2025-05-30,-0.00451961064373433,-15.845194830322018,-19.05290967244559
8,448005.46233327535,9233052.609055817,2025-06-11,-0.004586930162656957,-15.600731954428356,-19.14962341317807
8,448005.46233327535,9233052.609055817,2025-06-23,-0.008962294703844137,-17.17835030269876,-19.82910814562429
8,448005.46233327535,9233052.609055817,2025-07-05,0.0014308394351689297,-12.759699140150143,-17.944418932606958
8,448005.46233327535,9233052.609055817,2025-07-17,-0.004547885899974383,-18.222206075255393,-20.887215007219098
8,448005.46233327535,9233052.609055817,2025-07-29,0.00046377270242341706,-13.761044724343533,-18.842822195740602
8,448005.46233327535,9233052.609055817,2025-08-10,0.002486229056558339,-13.25507680080484,-16.57937532634485
8,448005.46233327535,9233052.609055817,2025-08-22,-0.007316854135505114,-14.439731721221365,-17.942111635384375
8,448005.46233327535,9233052.609055817,2025-09-03,0.0010970808286990697,-15.316868639646609,-18.96392240665427
8,448005.46233327535,9233052.609055817,2025-09-15,0.002524898630078017,-14.061501295333601,-18.045033424419888
8,448005.46233327535,9233052.609055817,2025-09-27,0.0071190977405174785,-13.25578944519461,-16.996872046059266
8,448005.46233327535,9233052.609055817,2025-10-09,0.0038240953456999474,-15.28262292207127,-18.924475051629877
8,448005.46233327535,9233052.609055817,2025-10-21,0.0038174329392334783,-14.007032761490159,-17.90313432873713
8,448005.46233327535,9233052.609055817,2025-11-02,-0.002712398539232527,-15.167128424530583,-17.84939734312189
9,458665.09748864605,9231806.415939407,2024-11-07,0.11622305499304902,-12.36737650071466,-19.39581704173866
9,458665.09748864605,9231806.415939407,2024-11-19,0.14182018853582562,-11.357725695265994,-18.463859210387177
9,458665.09748864605,9231806.415939407,2024-12-01,0.2149237388236917,-10.41722205960558,-16.81694967921013
9,458665.09748864605,9231806.415939407,2024-12-13,0.22607712868406216,-9.36147804848317,-16.70175108408622
9,458665.09748864605,9231806.415939407,2024-12-25,0.39531244710511115,-7.001243741510077,-14.129209590760412
9,458665.09748864605,9231806.415939407,2025-01-06,0.41969177839829186,-6.913377976101091,-13.441155271322366
9,458665.09748864605,9231806.415939407,2025-01-18,0.3335096174115702,-6.174125897209906,-14.119326688838324
9,458665.09748864605,9231806.415939407,2025-01-30,0.3229511274775629,-5.652526736665294,-14.549237252458346
9,458665.09748864605,9231806.415939407,2025-02-11,0.29308683127849444,-8.494789210674842,-14.854443458865171
9,458665.09748864605,9231806.415939407,2025-02-23,0.3143031095828919,-6.732812126580486,-14.583355929282519
9,458665.09748864605,9231806.415939407,2025-03-07,0.17059697399626972,-8.786914698529408,-16.030621109594314
9,458665.09748864605,9231806.415939407,2025-03-19,0.027454686969188347,-14.33701767789518,-19.90613519511421
9,458665.09748864605,9231806.415939407,2025-03-31,0.06369061797435299,-12.559764342807046,-20.946761365963276
9,458665.09748864605,9231806.415939407,2025-04-12,0.17998281090234708,-8.793744561176071,-16.934314982676028
9,458665.09748864605,9231806.415939407,2025-04-24,0.23113242234172837,-9.841204025891491,-17.730114358214337
9,458665.09748864605,9231806.415939407,2025-05-06,0.35920176092773015,-7.127791284397718,-15.355977301693803
9,458665.09748864605,9231806.415939407,2025-05-18,0.3125667785997817,-7.490149217582777,-15.786451044408036
9,458665.09748864605,9231806.415939407,2025-05-30,0.32549231345509183,-6.746031788945457,-14.241578164324121
9,458665.09748864605,9231806.415939407,2025-06-11,0.38082316553172646,-7.841976328027277,-13.899014265148093
9,458665.09748864605,9231806.415939407,2025-06-23,0.3069162298828125,-6.006185080413576,-13.768697425389101
9,458665.09748864605,9231806.415939407,2025-07-05,0.25938570022799884,-5.915218173461054,-13.698964464856672
9,458665.09748864605,9231806.415939407,2025-07-17,0.2809026891694552,-6.55178685860972,-14.146228857595439
9,458665.09748864605,9231806.415939407,2025-07-29,0.27552923961743236,-10.179994927676542,-16.17700167292684
9,458665.09748864605,9231806.415939407,2025-08-10,0.27086736234765313,-11.592509742448172,-17.3240283938703
9,458665.09748864605,9231806.415939407,2025-08-22,0.2938180766865683,-8.896186229138657,-14.741578419076077
9,458665.09748864605,9231806.415939407,2025-09-03,0.2535543970192819,-9.434071556461431,-15.983913602246728
9,458665.09748864605,9231806.415939407,2025-09-15,0.24504932707069554,-9.573258980604791,-15.550156723884365
9,458665.09748864605,9231806.415939407,2025-09-27,0.2651791165159671,-7.614718276937706,-14.27835086846532
9,458665.09748864605,9231806.415939407,2025-10-09,0.24366150712400733,-8.393934109005826,-14.44685980797302
9,458665.09748864605,9231806.415939407,2025-10-21,0.11688733208936467,-10.980551089259293,-17.799344127954146
9,458665.09748864605,9231806.415939407,2025-11-02,0.07083328431384817,-15.225535049128801,-20.168031312787537
10,463248.1225192194,9243008.41215943,2024-11-07,0.15717970013246474,-12.034043996677898,-18.286042783243506
10,463248.1225192194,9243008.41215943,2024-11-19,0.22749307453927708,-9.905757497434385,-16.27427277617035
10,463248.1225192194,9243008.41215943,2024-12-01,0.2076585415245643,-16.258801344654827,-20.600768805568165
10,463248.1225192194,9243008.41215943,2024-12-13,0.18157749275666002,-14.044033523900932,-19.67806280843291
10,463248.1225192194,9243008.41215943,2024-12-25,0.22366376779713143,-9.760034749524516,-16.251066986469908
10,463248.1225192194,9243008.41215943,2025-01-06,0.22289590218433142,-11.592867975181605,-17.41132259784176
10,463248.1225192194,9243008.41215943,2025-01-18,0.32060772681151545,-9.666934394331026,-14.472351942526341
10,463248.1225192194,9243008.41215943,2025-01-30,0.3107606691084906,-10.652106934637894,-15.263436472684566
10,463248.1225192194,9243008.41215943,2025-02-11,0.32146162219361757,-7.964657815434543,-13.392246347495773
10,463248.1225192194,9243008.41215943,2025-02-23,0.3526210287741945,-9.69523610293494,-13.92191533629264
10,463248.1225192194,9243008.41215943,2025-03-07,0.29188915145607586,-8.93440007967614,-13.676515083407054
10,463248.1225192194,9243008.41215943,2025-03-19,0.21299296790932948,-8.53892073642709,-14.720450649404906
10,463248.1225192194,9243008.41215943,2025-03-31,0.16284437127971543,-14.122395543354187,-20.059544378779737
10,463248.1225192194,9243008.41215943,2025-04-12,0.0954715673639061,-11.59242685456065,-19.216212276592753
10,463248.1225192194,9243008.41215943,2025-04-24,0.1913971563869573,-10.783389144548616,-17.77006039421449
10,463248.1225192194,9243008.41215943,2025-05-06,0.27064097195258374,-10.393204217060543,-16.830904098859776
10,463248.1225192194,9243008.41215943,2025-05-18,0.36935954615391775,-10.155775265432338,-15.011751750374941
10,463248.1225192194,9243008.41215943,2025-05-30,0.2955208039602324,-10.64969697252237,-15.53239176171452
10,463248.1225192194,9243008.41215943,2025-06-11,0.3771178505029007,-11.064146923514832,-15.352021963732078
10,463248.1225192194,9243008.41215943,2025-06-23,0.34086354355470827,-9.830511717339196,-14.829263601988531
10,463248.1225192194,9243008.41215943,2025-07-05,0.4148644071121751,-6.055369993003738,-10.540162173753918
10,463248.1225192194,9243008.41215943,2025-07-17,0.28745127162627854,-8.193293464593964,-13.632669743399513
10,463248.1225192194,9243008.41215943,2025-07-29,0.3324926944886701,-8.42777770528581,-13.317440307966727
10,463248.1225192194,9243008.41215943,2025-08-10,0.3466878027306097,-8.84358662943596,-13.876692524713501
10,463248.1225192194,9243008.41215943,2025-08-22,0.34868487329871517,-8.62292569565113,-13.449226947855646
10,463248.1225192194,9243008.41215943,2025-09-03,0.32471689375246476,-9.76090631411589,-14.650844985186902
10,463248.1225192194,9243008.41215943,2025-09-15,0.3238345946028218,-8.943536184912576,-14.057110356822871
10,463248.1225192194,9243008.41215943,2025-09-27,0.3940425115381697,-8.480324141404703,-12.426751373646137
10,463248.1225192194,9243008.41215943,2025-10-09,0.271767301147741,-8.570558575821348,-13.927675483127494
10,463248.1225192194,9243008.41215943,2025-10-21,0.16788409828502898,-13.94440251566553,-19.093155419019926
10,463248.1225192194,9243008.41215943,2025-11-02,0.18201048365046896,-14.999344426921994,-20.268025030771273
11,484752.2070677343,9231711.73012449,2024-11-07,0.5404765589624342,-8.117363087040667,-13.853634095207404
11,484752.2070677343,9231711.73012449,2024-11-19,0.5388261225054974,-8.139716485895967,-14.925382322262266
11,484752.2070677343,9231711.73012449,2024-12-01,0.5241027032995218,-9.718105440846795,-15.236837557385602
11,484752.2070677343,9231711.73012449,2024-12-13,0.5185203116091609,-11.073276582067923,-16.773653221986407
11,484752.2070677343,9231711.73012449,2024-12-25,0.5608416102584891,-6.736758476401006,-13.342659873476682
11,484752.2070677343,9231711.73012449,2025-01-06,0.5561555071247766,-6.767515461513716,-12.769516326594053
11,484752.2070677343,9231711.73012449,2025-01-18,0.5343784238191025,-8.692774225831466,-14.507999138547026
11,484752.2070677343,9231711.73012449,2025-01-30,0.5314006980892401,-8.983027674504013,-14.765283037359703
11,484752.2070677343,9231711.73012449,2025-02-11,0.5662885972681312,-5.526287982330878,-12.126800473391361
11,484752.2070677343,9231711.73012449,2025-02-23,0.5519406371804475,-6.935600638701988,-13.294418897917247
11,484752.2070677343,9231711.73012449,2025-03-07,0.5422498357920023,-8.200388503221356,-14.562416595503212
11,484752.2070677343,9231711.73012449,2025-03-19,0.5342007292111618,-9.461689434199943,-15.037488868916583
11,484752.2070677343,9231711.73012449,2025-03-31,0.524466830199223,-10.530629094017097,-15.953217447623022
11,484752.2070677343,9231711.73012449,2025-04-12,0.5461682489960255,-7.346510045600224,-13.748965107724556
11,484752.2070677343,9231711.73012449,2025-04-24,0.5267818145568168,-9.491335547457949,-15.178135633496566
11,484752.2070677343,9231711.73012449,2025-05-06,0.531672057655537,-8.967250316297001,-14.670244434046493
11,484752.2070677343,9231711.73012449,2025-05-18,0.49485538718077215,-10.685621034754915,-16.254254844511443
11,484752.2070677343,9231711.73012449,2025-05-30,0.5465965276990987,-7.542651946777207,-13.178411809997845
11,484752.2070677343,9231711.73012449,2025-06-11,0.5347917997311894,-8.153115263214346,-14.088161121128785
11,484752.2070677343,9231711.73012449,2025-06-23,0.5340862415694266,-7.730123313352513,-13.946064166698012
11,484752.2070677343,9231711.73012449,2025-07-05,0.513480819186008,-10.71689653941682,-16.399931165634385
11,484752.2070677343,9231711.73012449,2025-07-17,0.5304572156078291,-8.58025058476892,-14.859806312927681
11,484752.2070677343,9231711.73012449,2025-07-29,0.4949000832113469,-12.457852457569468,-17.148906786411715
11,484752.2070677343,9231711.73012449,2025-08-10,0.5227651303955965,-8.95358476073521,-14.451625241559544
11,484752.2070677343,9231711.73012449,2025-08-22,0.5365165234440411,-8.979546605644874,-14.713576399636782
11,484752.2070677343,9231711.73012449,2025-09-03,0.5362160305097587,-8.929249352408117,-14.892058485683977
11,484752.2070677343,9231711.73012449,2025-09-15,0.5588258669747398,-6.583613924362335,-12.067948246019935
11,484752.2070677343,9231711.73012449,2025-09-27,0.5300395638748725,-9.158319883784515,-14.597041866525043
11,484752.2070677343,9231711.73012449,2025-10-09,0.5252174223064381,-10.003727614766124,-15.671888037890453
11,484752.2070677343,9231711.73012449,2025-10-21,0.5451379300173574,-7.561327200632375,-13.626301556692924
11,484752.2070677343,9231711.73012449,2025-11-02,0.5153173450876779,-10.554650019200015,-16.128774253756507
12,488119.23000643763,9234164.897670409,2024-11-07,0.245901280032041,-7.164464220594889,-14.158889598877078
12,488119.23000643763,9234164.897670409,2024-11-19,0.2501657862766629,-7.485860010155012,-14.377268585495443
12,488119.23000643763,9234164.897670409,2024-12-01,0.2628327470126577,-8.179217345840756,-14.89038254471651
12,488119.23000643763,9234164.897670409,2024-12-13,0.23408370368854448,-10.54638359307114,-17.843680478969375
12,488119.23000643763,9234164.897670409,2024-12-25,0.23780337485557168,-10.009492668869164,-17.76725643465241
12,488119.23000643763,9234164.897670409,2025-01-06,0.23719874426960896,-7.851127619414517,-15.608514696207406
12,488119.23000643763,9234164.897670409,2025-01-18,0.2781000962873961,-8.978198318473115,-15.448844908099446
12,488119.23000643763,9234164.897670409,2025-01-30,0.2782624288028367,-9.472265550430304,-16.24815460742194
12,488119.23000643763,9234164.897670409,2025-02-11,0.2595831725575945,-8.441971120373246,-15.478685651843648
12,488119.23000643763,9234164.897670409,2025-02-23,0.2769838895602412,-9.829572506020979,-16.894510486776966
12,488119.23000643763,9234164.897670409,2025-03-07,0.31186855297789945,-8.141787932834497,-15.28252650463207
12,488119.23000643763,9234164.897670409,2025-03-19,0.3042632817099349,-8.95183812844932,-15.498845201932962
12,488119.23000643763,9234164.897670409,2025-03-31,0.2521813237286284,-6.9374440461497775,-13.38260229650159
12,488119.23000643763,9234164.897670409,2025-04-12,0.22240494729182964,-7.375774704138696,-13.927137622849203
12,488119.23000643763,9234164.897670409,2025-04-24,0.22461733771477704,-7.105532953993158,-14.248473060236654
12,488119.23000643763,9234164.897670409,2025-05-06,0.29080661536462654,-11.582446601915613,-19.082211493175205
12,488119.23000643763,9234164.897670409,2025-05-18,0.2994988739770219,-11.09190484985303,-17.855433402986307
12,488119.23000643763,9234164.897670409,2025-05-30,0.25074577781848134,-8.676576457564162,-16.294392557025382
12,488119.23000643763,9234164.897670409,2025-06-11,0.2603804933180285,-8.532104237175195,-15.60183553111654
12,488119.23000643763,9234164.897670409,2025-06-23,0.3181619040152742,-8.526834895496968,-15.303062315904414
12,488119.23000643763,9234164.897670409,2025-07-05,0.25889158711254534,-8.280987110663725,-15.249492605042215
12,488119.23000643763,9234164.897670409,2025-07-17,0.3033101451912771,-7.428833108239594,-14.810032326861746
12,488119.23000643763,9234164.897670409,2025-07-29,0.3194302515570715,-9.449872011863437,-16.282710919676006
12,488119.23000643763,9234164.897670409,2025-08-10,0.21062515814723445,-5.4172847426107875,-11.95124875567169
12,488119.23000643763,9234164.897670409,2025-08-22,0.21491836443662682,-6.330263593448766,-13.51427275418659
12,488119.23000643763,9234164.897670409,2025-09-03,0.22669256282617406,-7.813469124512805,-15.324025270133925
12,488119.23000643763,9234164.897670409,2025-09-15,0.22114042035685577,-6.961204741017102,-14.402020421598674
12,488119.23000643763,9234164.897670409,2025-09-27,0.22504901035319005,-6.41859241200547,-13.862358016087905
12,488119.23000643763,9234164.897670409,2025-10-09,0.20972546387146795,-8.123748268999192,-15.196643529538706
12,488119.23000643763,9234164.897670409,2025-10-21,0.25752570720884743,-8.126798297521217,-15.064393103748031
12,488119.23000643763,9234164.897670409,2025-11-02,0.24114971938042018,-8.039196463337664,-15.722489374726335
13,455052.89583226095,9244529.368597005,2024-11-07,0.026050475488478837,-15.567772992833586,-20.535795146424533
13,455052.89583226095,9244529.368597005,2024-11-19,0.0936566989788111,-11.404327210812864,-18.617685859528294
13,455052.89583226095,9244529.368597005,2024-12-01,0.09437191505811886,-10.166081676464803,-17.698453987267772
13,455052.89583226095,9244529.368597005,2024-12-13,0.1642195160365631,-8.068009881245455,-17.39854367212895
13,455052.89583226095,9244529.368597005,2024-12-25,0.25862065259338074,-5.322990278789829,-17.06141379569531
13,455052.89583226095,9244529.368597005,2025-01-06,0.2748072005611294,-3.2195468201105246,-15.774215753043372
13,455052.89583226095,9244529.368597005,2025-01-18,0.18425816336483009,-5.194077221030177,-15.601788665905222
13,455052.89583226095,9244529.368597005,2025-01-30,0.20728130148474494,-5.394897768106404,-16.174854451947187
13,455052.89583226095,9244529.368597005,2025-02-11,0.18602957821826216,-7.632054718232667,-17.46992175571723
13,455052.89583226095,9244529.368597005,2025-02-23,0.26549385022368976,-3.203107738381055,-15.591187406408494
13,455052.89583226095,9244529.368597005,2025-03-07,0.16571575237268305,-6.687705895611518,-16.444970844672127
13,455052.89583226095,9244529.368597005,2025-03-19,0.0026809751187358982,-15.175352131297647,-19.844326630490514
13,455052.89583226095,9244529.368597005,2025-03-31,-0.03273160485286343,-20.258957641826495,-22.96893917906046
13,455052.89583226095,9244529.368597005,2025-04-12,-0.016785969165587902,-18.861846112289154,-22.237333020498554
13,455052.89583226095,9244529.368597005,2025-04-24,-0.047293119333548475,-19.58764998085305,-22.209875792998247
13,455052.89583226095,9244529.368597005,2025-05-06,8.42663960325396e-05,-17.078333335101235,-21.208290126918733
13,455052.89583226095,9244529.368597005,2025-05-18,-0.002915691412293392,-17.10323140413164,-21.16220115396264
13,455052.89583226095,9244529.368597005,2025-05-30,-0.056937723912675486,-19.31259047680935,-21.81283807583248
13,455052.89583226095,9244529.368597005,2025-06-11,0.002346646712007905,-17.553861242319638,-21.60027616809426
13,455052.89583226095,9244529.368597005,2025-06-23,-0.08999056559825139,-20.413203083932736,-22.00217053379681
13,455052.89583226095,9244529.368597005,2025-07-05,-0.00010735541875316057,-18.44725476874325,-22.202598772872523
13,455052.89583226095,9244529.368597005,2025-07-17,-0.06708565071612554,-20.587505197844177,-22.571233919238608
13,455052.89583226095,9244529.368597005,2025-07-29,-0.011594460169572551,-17.885315958610633,-21.58456080023981
13,455052.89583226095,9244529.368597005,2025-08-10,-0.09082812944334206,-21.166123586222028,-22.54035454008691
13,455052.89583226095,9244529.368597005,2025-08-22,0.015172789396431484,-16.39415031375596,-20.879977703600343
13,455052.89583226095,9244529.368597005,2025-09-03,0.043382351508223733,-15.51874178762015,-20.720142117667862
13,455052.89583226095,9244529.368597005,2025-09-15,0.02372938955942635,-16.425696157004726,-21.043581978328636
13,455052.89583226095,9244529.368597005,2025-09-27,0.08024677196216093,-14.485398136555858,-20.588835689341224
13,455052.89583226095,9244529.368597005,2025-10-09,0.1394410255685984,-9.443987280992564,-17.821207456546688
13,455052.89583226095,9244529.368597005,2025-10-21,0.16432759518331735,-10.06062589822191,-18.73980911930457
13,455052.89583226095,9244529.368597005,2025-11-02,0.17462363294730665,-8.323160687998122,-17.781296354522286
14,463707.43565953296,9241609.911635803,2024-11-07,0.16998856604001022,-10.341909306103835,-17.014449384845417
14,463707.43565953296,9241609.911635803,2024-11-19,0.00965555783612898,-5.879950257280982,-15.834516726307196
14,463707.43565953296,9241609.911635803,2024-12-01,0.18889294474405943,-10.044219657911151,-16.876313479713627
14,463707.43565953296,9241609.911635803,2024-12-13,0.1346860253489218,-9.191441254448625,-16.915406616821905
14,463707.43565953296,9241609.911635803,2024-12-25,0.24395578546410032,-8.657326300024462,-15.086051819400854
14,463707.43565953296,9241609.911635803,2025-01-06,0.3213487530468989,-8.736034206089188,-14.861817131020368
14,463707.43565953296,9241609.911635803,2025-01-18,0.43383838536635677,-11.44481065021237,-14.793932159274902
14,463707.43565953296,9241609.911635803,2025-01-30,0.49489676070253075,-11.676680071858238,-14.183745523486866
14,463707.43565953296,9241609.911635803,2025-02-11,0.317044870327009,-7.708655818137008,-13.402932423558664
14,463707.43565953296,9241609.911635803,2025-02-23,0.530947627886396,-11.088154744451554,-13.259857135336674
14,463707.43565953296,9241609.911635803,2025-03-07,0.24100599398383968,-7.658757396043021,-14.348406009213555
14,463707.43565953296,9241609.911635803,2025-03-19,0.28154053995624373,-7.89529919419655,-13.50099717956795
14,463707.43565953296,9241609.911635803,2025-03-31,-0.12572411433316844,-9.770524319801453,-20.736048937238476
14,463707.43565953296,9241609.911635803,2025-04-12,0.14319767159082306,-9.551804430163516,-16.95363805182565
14,463707.43565953296,9241609.911635803,2025-04-24,0.18962654141745214,-8.548314732110471,-16.098501962753886
14,463707.43565953296,9241609.911635803,2025-05-06,0.3130251947364869,-8.608310130282495,-14.48975260336319
14,463707.43565953296,9241609.911635803,2025-05-18,0.36600557126291455,-8.20162369170466,-13.734765628996215
14,463707.43565953296,9241609.911635803,2025-05-30,0.39615117866429683,-9.546580589570866,-13.806942610552422
14,463707.43565953296,9241609.911635803,2025-06-11,0.3933576505175169,-9.671309221415589,-14.30507595059274
14,463707.43565953296,9241609.911635803,2025-06-23,0.41586391059206496,-7.295817748962843,-11.728505963116284
14,463707.43565953296,9241609.911635803,2025-07-05,0.41668050020886604,-5.075449032205986,-10.067413624405603
14,463707.43565953296,9241609.911635803,2025-07-17,0.32225153360813663,-5.423243306309907,-11.106292643080684
14,463707.43565953296,9241609.911635803,2025-07-29,0.2841165591821522,-6.722913353011316,-13.003971499589294
14,463707.43565953296,9241609.911635803,2025-08-10,0.3079614988267949,-8.179007663292372,-14.07863536163504
14,463707.43565953296,9241609.911635803,2025-08-22,0.3331896547345171,-6.928482947308444,-12.517848783860272
14,463707.43565953296,9241609.911635803,2025-09-03,0.32137558377782244,-8.455275226601877,-14.05208917963321
14,463707.43565953296,9241609.911635803,2025-09-15,0.3004423807880351,-8.31783612747565,-14.06578581745713
14,463707.43565953296,9241609.911635803,2025-09-27,0.2102668559359128,-5.455048463966628,-13.015980682049722
14,463707.43565953296,9241609.911635803,2025-10-09,0.12781170782500295,-4.65263591701761,-13.232873538082877
14,463707.43565953296,9241609.911635803,2025-10-21,0.16034635444807316,-14.14110357022183,-20.098941052939562
14,463707.43565953296,9241609.911635803,2025-11-02,0.1053118313235574,-9.187315988784485,-17.292418946877532
15,467205.24605871603,9217620.724084102,2024-11-07,0.41360264018264015,-3.5792469765498582,-10.180369068159541
15,467205.24605871603,9217620.724084102,2024-11-19,0.40225400442631654,-2.7352583692276276,-11.14925254393244
15,467205.24605871603,9217620.724084102,2024-12-01,0.39659029127156975,-2.937025774140136,-12.19929704988093
15,467205.24605871603,9217620.724084102,2024-12-13,0.40157217365369424,-3.038584969547377,-11.78165878669886
15,467205.24605871603,9217620.724084102,2024-12-25,0.40698779486485115,-1.942524913200319,-9.661896207145128
15,467205.24605871603,9217620.724084102,2025-01-06,0.401473460245108,-3.4857065148920316,-12.745404271318218
15,467205.24605871603,9217620.724084102,2025-01-18,0.3985323388433925,-3.184426424086616,-12.139259032231838
15,467205.24605871603,9217620.724084102,2025-01-30,0.39556168992115975,-2.5574369513080235,-11.99555201629957
15,467205.24605871603,9217620.724084102,2025-02-11,0.40710766099433443,-2.6799256267324925,-10.360814050805748
15,467205.24605871603,9217620.724084102,2025-02-23,0.3917709140002397,-3.016477884014128,-13.005394410326241
15,467205.24605871603,9217620.724084102,2025-03-07,0.39242014387346763,-2.4247138321905934,-12.492647017019786
15,467205.24605871603,9217620.724084102,2025-03-19,0.3885828674805042,-2.1288601615756706,-11.975882277458068
15,467205.24605871603,9217620.724084102,2025-03-31,0.38976281208066066,-2.924634939913407,-13.222864455481423
15,467205.24605871603,9217620.724084102,2025-04-12,0.3865229191078252,-1.6570754940989418,-11.937646406042266
15,467205.24605871603,9217620.724084102,2025-04-24,0.3924928798504903,-3.0664282044910336,-11.989571687884268
15,467205.24605871603,9217620.724084102,2025-05-06,0.3894169286362535,-3.0517244225400053,-12.271899548027543
15,467205.24605871603,9217620.724084102,2025-05-18,0.40923154272110124,-2.9857201526873256,-10.3931523852623
15,467205.24605871603,9217620.724084102,2025-05-30,0.4024390333488642,-2.394947335156491,-10.798696225054902
15,467205.24605871603,9217620.724084102,2025-06-11,0.4028178089480574,-2.2621735698253493,-11.308728155164708
15,467205.24605871603,9217620.724084102,2025-06-23,0.41069866900538327,-2.1266862341914017,-10.441915540463654
15,467205.24605871603,9217620.724084102,2025-07-05,0.3935953344083979,-3.578440053521983,-11.619669491452898
15,467205.24605871603,9217620.724084102,2025-07-17,0.415084817879123,-2.5528666779010942,-9.94674833943605
15,467205.24605871603,9217620.724084102,2025-07-29,0.404169598977727,-2.7011179615486083,-11.173576585145314
15,467205.24605871603,9217620.724084102,2025-08-10,0.40156893072885497,-5.0812780643022055,-14.311803492006845
15,467205.24605871603,9217620.724084102,2025-08-22,0.4178577986977373,-2.9721118383658545,-11.189735295223624
15,467205.24605871603,9217620.724084102,2025-09-03,0.39669033603318626,-1.599396732173321,-11.21460581216564
15,467205.24605871603,9217620.724084102,2025-09-15,0.40063425175071876,-2.7825494191066165,-10.377741017305981
15,467205.24605871603,9217620.724084102,2025-09-27,0.40741486882278943,-3.74043598787825,-11.319231562750675
15,467205.24605871603,9217620.724084102,2025-10-09,0.3827670178405919,-2.209259103998272,-12.204832024084899
15,467205.24605871603,9217620.724084102,2025-10-21,0.3950232518803195,-2.5277498339339677,-11.32917682427216
15,467205.24605871603,9217620.724084102,2025-11-02,0.3981192329303826,-2.7400247002181124,-11.780760550318286
16,498921.2417437863,9244679.093437327,2024-11-07,0.34966365302000324,-8.924432482747418,-15.69201250202543
16,498921.2417437863,9244679.093437327,2024-11-19,0.3254689640619117,-9.010476580769762,-15.439491268403351
16,498921.2417437863,9244679.093437327,2024-12-01,0.38376287106098433,-7.9643462179381395,-14.470597326526313
16,498921.2417437863,9244679.093437327,2024-12-13,0.3739003971769488,-7.826137108174362,-14.680287069065603
16,498921.2417437863,9244679.093437327,2024-12-25,0.3461266451063524,-7.1632638905865385,-14.406973573679121
16,498921.2417437863,9244679.093437327,2025-01-06,0.4816150925914464,-4.957354797489065,-13.025850477013197
16,498921.2417437863,9244679.093437327,2025-01-18,0.41868469196335123,-6.567378193741334,-14.002010695010291
16,498921.2417437863,9244679.093437327,2025-01-30,0.32963082514026204,-7.662077133605871,-15.555261435638565
16,498921.2417437863,9244679.093437327,2025-02-11,0.23603205592489276,-9.7738121519442,-17.048220768506894
16,498921.2417437863,9244679.093437327,2025-02-23,-0.04119942637815022,-16.858130092117587,-21.34978762224093
16,498921.2417437863,9244679.093437327,2025-03-07,0.05026803662447149,-14.644636889416603,-19.91258138837095
16,498921.2417437863,9244679.093437327,2025-03-19,-0.08023070070876098,-17.723702093200057,-21.801928814088583
16,498921.2417437863,9244679.093437327,2025-03-31,-0.1510549048394273,-18.769936099712595,-23.174410976649096
16,498921.2417437863,9244679.093437327,2025-04-12,-0.04771014242823629,-16.2017897436924,-21.313893916507354
16,498921.2417437863,9244679.093437327,2025-04-24,-0.003229382409456222,-15.64998820671688,-20.795176364665203
16,498921.2417437863,9244679.093437327,2025-05-06,0.1921567871629078,-10.44560059674266,-17.36827689286612
16,498921.2417437863,9244679.093437327,2025-05-18,0.06946846425544659,-14.223424048256653,-19.85270978513414
16,498921.2417437863,9244679.093437327,2025-05-30,0.19560024260598047,-10.710560061328598,-17.68957004615689
16,498921.2417437863,9244679.093437327,2025-06-11,0.3603412932058542,-8.264035634687332,-15.402234399256333
16,498921.2417437863,9244679.093437327,2025-06-23,0.33912816125002004,-9.504017562626528,-16.179486659619204
16,498921.2417437863,9244679.093437327,2025-07-05,0.3273623616079587,-8.941590949501544,-15.41308996476093
16,498921.2417437863,9244679.093437327,2025-07-17,0.35603771839301823,-8.956702562673529,-15.656165948633783
16,498921.2417437863,9244679.093437327,2025-07-29,0.3525303585482506,-9.141945356284033,-15.456107255388673
16,498921.2417437863,9244679.093437327,2025-08-10,0.32232208466919204,-7.074176687444536,-15.03210675680898
16,498921.2417437863,9244679.093437327,2025-08-22,0.2473558220490959,-9.544156596615144,-16.103037240981415
16,498921.2417437863,9244679.093437327,2025-09-03,0.1549555644188143,-11.580570016370576,-17.95195534779836
16,498921.2417437863,9244679.093437327,2025-09-15,0.04985648662184389,-14.319681965133071,-19.976427299374915
16,498921.2417437863,9244679.093437327,2025-09-27,0.1810482937255282,-11.159394703257018,-17.89693198666126
16,498921.2417437863,9244679.093437327,2025-10-09,0.25461090325185687,-10.650684746096989,-17.287305820770147
16,498921.2417437863,9244679.093437327,2025-10-21,0.3527602708179309,-9.036658632641945,-15.860090294799608
16,498921.2417437863,9244679.093437327,2025-11-02,0.399117309987963,-7.279276785524692,-14.274856479075794
17,461639.9675519364,9256592.02926797,2024-11-07,0.20734874311119111,-10.113773498388417,-16.798967484745088
17,461639.9675519364,9256592.02926797,2024-11-19,0.2297303565405191,-9.773469100364892,-16.57624318931495
17,461639.9675519364,9256592.02926797,2024-12-01,-0.23168001814214667,-16.486176568693015,-20.36468980626293
17,461639.9675519364,9256592.02926797,2024-12-13,0.01802885356380593,-12.72664745642692,-18.174184161762806
17,461639.9675519364,9256592.02926797,2024-12-25,-0.0692135583365753,-14.256715477121599,-19.288581293974406
17,461639.9675519364,9256592.02926797,2025-01-06,-0.05767258180566087,-13.954077293645536,-18.858282623856603
17,461639.9675519364,9256592.02926797,2025-01-18,-0.05287461215850223,-13.805497058501796,-18.68610604277239
17,461639.9675519364,9256592.02926797,2025-01-30,0.008012549080215217,-13.226041023739421,-18.99854544329358
17,461639.9675519364,9256592.02926797,2025-02-11,-0.011198590210858353,-13.28536241624714,-18.5724466305815
17,461639.9675519364,9256592.02926797,2025-02-23,-0.04960091397071545,-13.661646928731809,-18.404063531988236
17,461639.9675519364,9256592.02926797,2025-03-07,0.0520130926225828,-12.138468735561279,-17.657213348440955
17,461639.9675519364,9256592.02926797,2025-03-19,0.005918164190320541,-12.192119156845205,-17.629522079237102
17,461639.9675519364,9256592.02926797,2025-03-31,-0.11433048760720366,-14.814293500111996,-19.49491112840334
17,461639.9675519364,9256592.02926797,2025-04-12,-0.09897702743538742,-14.511475370341735,-19.311809013575473
17,461639.9675519364,9256592.02926797,2025-04-24,-0.05837843892078334,-13.668492042762455,-18.589673195462478
17,461639.9675519364,9256592.02926797,2025-05-06,0.031817999392493926,-12.375484083540886,-17.999543572919933
17,461639.9675519364,9256592.02926797,2025-05-18,0.13278710924042983,-11.072727616232935,-17.425697415147646
17,461639.9675519364,9256592.02926797,2025-05-30,0.13757844202270095,-11.015984237463393,-17.072637570660916
17,461639.9675519364,9256592.02926797,2025-06-11,0.19663076084025985,-10.875588298419094,-16.853496063480957
17,461639.9675519364,9256592.02926797,2025-06-23,0.3939814965066702,-7.701863392122723,-15.176605039946226
17,461639.9675519364,9256592.02926797,2025-07-05,0.47849619057878984,-6.6783161770551285,-15.277079041062034
17,461639.9675519364,9256592.02926797,2025-07-17,0.45009806781622125,-6.559721009512855,-14.49843796036953
17,461639.9675519364,9256592.02926797,2025-07-29,0.4873594079095656,-5.334207836330401,-13.205595039271355
17,461639.9675519364,9256592.02926797,2025-08-10,0.2649410583839861,-8.49119944603179,-15.434473651461479
17,461639.9675519364,9256592.02926797,2025-08-22,0.24027968254958051,-9.012786982724041,-15.800488324091921
17,461639.9675519364,9256592.02926797,2025-09-03,0.09717617293494385,-11.508924063312628,-17.548239482873633
17,461639.9675519364,9256592.02926797,2025-09-15,0.15641815264439568,-10.433251675025087,-17.008825404358213
17,461639.9675519364,9256592.02926797,2025-09-27,0.04367629800534355,-12.561186581859609,-18.318539998138178
17,461639.9675519364,9256592.02926797,2025-10-09,0.0019080535494391399,-12.960534745826182,-18.63151432518682
17,461639.9675519364,9256592.02926797,2025-10-21,0.002994496313420289,-12.68348734998053,-18.32073834197572
17,461639.9675519364,9256592.02926797,2025-11-02,-0.11020080735329282,-14.879694895468198,-19.793751636765442
18,463965.2467097509,9239352.472076636,2024-11-07,0.288096141359973,-9.158005069821833,-15.579566936027527
18,463965.2467097509,9239352.472076636,2024-11-19,0.22360054781044253,-10.041158000265902,-16.809724651650463
18,463965.2467097509,9239352.472076636,2024-12-01,0.33643381799181343,-9.087946238396608,-14.955020106620548
18,463965.2467097509,9239352.472076636,2024-12-13,0.3322350353916823,-8.021246327716156,-14.674866727774662
18,463965.2467097509,9239352.472076636,2024-12-25,0.3629732397531602,-8.022250739070115,-13.975309295074108
18,463965.2467097509,9239352.472076636,2025-01-06,0.3521009465261775,-7.558262830514562,-14.193726632627303
18,463965.2467097509,9239352.472076636,2025-01-18,0.3864069185313234,-7.302979844584747,-13.541305310851799
18,463965.2467097509,9239352.472076636,2025-01-30,0.3766502652260494,-8.066102543545862,-13.95326894233062
18,463965.2467097509,9239352.472076636,2025-02-11,0.4248377511209006,-6.8502008738547255,-12.755746087151637
18,463965.2467097509,9239352.472076636,2025-02-23,0.30036943067127986,-8.993920397906242,-15.522057300021817
18,463965.2467097509,9239352.472076636,2025-03-07,0.3881412540215269,-7.494922981441697,-13.314982189052538
18,463965.2467097509,9239352.472076636,2025-03-19,0.37061584082325677,-7.661616134912707,-13.878222377660867
18,463965.2467097509,9239352.472076636,2025-03-31,0.3127143877047606,-8.345205530892338,-15.104698509935568
18,463965.2467097509,9239352.472076636,2025-04-12,0.3288625261232447,-8.596415103830484,-15.40512188216596
18,463965.2467097509,9239352.472076636,2025-04-24,0.3873556377017584,-6.608512535626999,-13.531424563432582
18,463965.2467097509,9239352.472076636,2025-05-06,0.3723153793081093,-8.62800648440343,-14.734604059921104
18,463965.2467097509,9239352.472076636,2025-05-18,0.3847407258857319,-8.561517166718419,-14.518791716674544
18,463965.2467097509,9239352.472076636,2025-05-30,0.3411063570052124,-7.569793789513054,-14.379773370324788
18,463965.2467097509,9239352.472076636,2025-06-11,0.3936363105571461,-8.561673219749906,-14.401605124294369
18,463965.2467097509,9239352.472076636,2025-06-23,0.3604830719692833,-7.687266406469034,-14.080423451807295
18,463965.2467097509,9239352.472076636,2025-07-05,0.3260961913819004,-7.92812936160611,-14.541111261746234
18,463965.2467097509,9239352.472076636,2025-07-17,0.3647449225347945,-6.688253380927204,-13.463552777041922
18,463965.2467097509,9239352.472076636,2025-07-29,0.3495134189011957,-8.096888211442483,-14.413676226269468
18,463965.2467097509,9239352.472076636,2025-08-10,0.3700853291971723,-7.959393380857903,-13.98141867466842
18,463965.2467097509,9239352.472076636,2025-08-22,0.280138052478887,-9.505203158455808,-16.317822100018898
18,463965.2467097509,9239352.472076636,2025-09-03,0.347357668116261,-8.81802699764702,-14.783141842951531
18,463965.2467097509,9239352.472076636,2025-09-15,0.3195398890608224,-8.540455744296828,-15.116036955347337
18,463965.2467097509,9239352.472076636,2025-09-27,0.30796554900143275,-8.628627638215033,-15.047667630109864
18,463965.2467097509,9239352.472076636,2025-10-09,0.27650609018908107,-7.801573667823212,-15.136527684296603
18,463965.2467097509,9239352.472076636,2025-10-21,0.27450263763611216,-9.308922867213207,-15.793642031928353
18,463965.2467097509,9239352.472076636,2025-11-02,0.30737898636328187,-9.50747938437452,-15.57424513758689
19,456471.7694949021,9251615.784200767,2024-11-07,0.18299211902034948,-10.39299571599009,-17.48629289758943
19,456471.7694949021,9251615.784200767,2024-11-19,0.21199772153542365,-9.444652261370384,-15.88208993749288
19,456471.7694949021,9251615.784200767,2024-12-01,0.31340997839738116,-7.702163041921305,-14.15707292242334
19,456471.7694949021,9251615.784200767,2024-12-13,-0.03774580191607263,-13.903026460951462,-20.543034440593075
19,456471.7694949021,9251615.784200767,2024-12-25,-0.10041033717564085,-14.444294779995381,-20.287096663944
19,456471.7694949021,9251615.784200767,2025-01-06,0.03486786401806191,-13.489899031351804,-20.96659401981315
19,456471.7694949021,9251615.784200767,2025-01-18,0.19082297051538893,-10.088437304915693,-16.93339563519288
19,456471.7694949021,9251615.784200767,2025-01-30,0.2754426615872308,-9.05713474825231,-16.537419642146464
19,456471.7694949021,9251615.784200767,2025-02-11,0.3551627353645781,-7.572233026675672,-14.897158166253261
19,456471.7694949021,9251615.784200767,2025-02-23,0.5585275168090353,-4.9076447584002105,-13.486143032198541
19,456471.7694949021,9251615.784200767,2025-03-07,0.4564762442213189,-6.317711046956652,-13.874558358839241
19,456471.7694949021,9251615.784200767,2025-03-19,0.27929431584752273,-8.582954496399584,-14.029405221548654
19,456471.7694949021,9251615.784200767,2025-03-31,0.5696912945029409,-5.267265876261895,-14.657583575864415
19,456471.7694949021,9251615.784200767,2025-04-12,0.18238865825956022,-9.037525903917851,-14.74648644758403
19,456471.7694949021,9251615.784200767,2025-04-24,0.08084571296600426,-10.916499738971359,-17.09857469611596
19,456471.7694949021,9251615.784200767,2025-05-06,-0.07122155627894361,-14.795386424063938,-21.864549874531964
19,456471.7694949021,9251615.784200767,2025-05-18,0.051541418391803706,-12.980982581155445,-20.437265987477847
19,456471.7694949021,9251615.784200767,2025-05-30,0.3185480592659908,-9.483855347940093,-18.686072181119297
19,456471.7694949021,9251615.784200767,2025-06-11,0.32449200381044074,-9.224185776174005,-17.3596140020906
19,456471.7694949021,9251615.784200767,2025-06-23,0.42339751694284355,-7.720168324186572,-15.834412729632964
19,456471.7694949021,9251615.784200767,2025-07-05,0.34189439585237147,-8.153222368324153,-14.298519497727634
19,456471.7694949021,9251615.784200767,2025-07-17,0.45432006343835935,-6.865636303291143,-15.476754800706788
19,456471.7694949021,9251615.784200767,2025-07-29,0.3091143394452218,-8.141538469569863,-14.399694176045974
19,456471.7694949021,9251615.784200767,2025-08-10,0.3097664446865426,-6.785303222019779,-13.537944327913042
19,456471.7694949021,9251615.784200767,2025-08-22,0.18624832558206272,-8.73739752928134,-14.224211822853663
19,456471.7694949021,9251615.784200767,2025-09-03,0.18427586782680028,-9.209121209793498,-15.287315407125604
19,456471.7694949021,9251615.784200767,2025-09-15,0.19367342108806135,-9.03723739093071,-15.08849253021057
19,456471.7694949021,9251615.784200767,2025-09-27,0.2558694351493467,-9.133069339947102,-16.227567711127428
19,456471.7694949021,9251615.784200767,2025-10-09,0.17872268499054145,-9.630119504306574,-15.71329132297169
19,456471.7694949021,9251615.784200767,2025-10-21,0.16351247310324274,-9.420049943384361,-14.711954141197072
19,456471.7694949021,9251615.784200767,2025-11-02,0.22308698943745717,-8.761741013991314,-14.477944428420644
20,471281.9540284132,9241478.445345815,2024-11-07,0.16858803970861044,-9.053219522981685,-15.276155168134185
20,471281.9540284132,9241478.445345815,2024-11-19,0.21030712317271735,-8.062077471689491,-15.139423357816796
20,471281.9540284132,9241478.445345815,2024-12-01,0.16739419050505866,-10.158872674317678,-17.664983817846544
20,471281.9540284132,9241478.445345815,2024-12-13,0.15222686968340174,-10.86056708364116,-17.696425256476026
20,471281.9540284132,9241478.445345815,2024-12-25,0.20635502758335966,-8.944049708529883,-16.99638659314218
20,471281.9540284132,9241478.445345815,2025-01-06,0.21473072811496624,-7.846193510600063,-14.882114605721428
20,471281.9540284132,9241478.445345815,2025-01-18,0.21358977950241018,-7.9191282571475785,-15.14945096621647
20,471281.9540284132,9241478.445345815,2025-01-30,0.1962016564736739,-8.630876137975097,-14.566929826156446
20,471281.9540284132,9241478.445345815,2025-02-11,0.20910269005683338,-8.001833871953588,-13.823074956875658
20,471281.9540284132,9241478.445345815,2025-02-23,0.20665527828441752,-8.100909639423008,-13.728223015196267
20,471281.9540284132,9241478.445345815,2025-03-07,0.22041200307894843,-7.47329633325347,-13.437669788408233
20,471281.9540284132,9241478.445345815,2025-03-19,0.21126888689840592,-6.745390086080224,-12.641756791001567
20,471281.9540284132,9241478.445345815,2025-03-31,0.15608238339771946,-10.68012144782741,-17.964215921541168
20,471281.9540284132,9241478.445345815,2025-04-12,0.09888363733525968,-12.586569885034823,-19.045193977151772
20,471281.9540284132,9241478.445345815,2025-04-24,0.1470342521488702,-10.924030648825665,-18.467081323673924
20,471281.9540284132,9241478.445345815,2025-05-06,0.18426388325385404,-9.609184143140332,-17.30947800062394
20,471281.9540284132,9241478.445345815,2025-05-18,0.23903025173026654,-8.330370703078266,-15.306536912295767
20,471281.9540284132,9241478.445345815,2025-05-30,0.22287364811597996,-7.521731443978167,-15.258020598121382
20,471281.9540284132,9241478.445345815,2025-06-11,0.2715857317699569,-7.0864627550705945,-13.57916010094064
20,471281.9540284132,9241478.445345815,2025-06-23,0.24420496079729573,-8.186161087108973,-14.895521278258053
20,471281.9540284132,9241478.445345815,2025-07-05,0.22095835905048836,-7.419120708353078,-13.085424425119964
20,471281.9540284132,9241478.445345815,2025-07-17,0.240964690941451,-5.506198942992301,-11.944759332375611
20,471281.9540284132,9241478.445345815,2025-07-29,0.17776615254590966,-9.084141824744616,-16.592531341912878
20,471281.9540284132,9241478.445345815,2025-08-10,0.1929786811102954,-8.654691537283593,-14.856214876857385
20,471281.9540284132,9241478.445345815,2025-08-22,0.1888518848354363,-9.320775681236142,-15.19951510218694
20,471281.9540284132,9241478.445345815,2025-09-03,0.16041349788078144,-10.614423023854886,-16.386143180631624
20,471281.9540284132,9241478.445345815,2025-09-15,0.19451131367374816,-8.49592506394369,-14.502245586988067
20,471281.9540284132,9241478.445345815,2025-09-27,0.1723464949877365,-9.842453229890163,-16.506411833983872
20,471281.9540284132,9241478.445345815,2025-10-09,0.16899920249650627,-8.187798487033817,-15.604214674583572
20,471281.9540284132,9241478.445345815,2025-10-21,0.15898507165364906,-10.528125631592369,-17.674970537063384
20,471281.9540284132,9241478.445345815,2025-11-02,0.11237771808190775,-12.783187162324257,-20.15879765490311
21,480099.1982158917,9242474.814709818,2024-11-07,0.07000911935029364,-9.187203818212517,-15.731831982177047
21,480099.1982158917,9242474.814709818,2024-11-19,0.26524455492632787,-8.439164830003218,-14.752047250885514
21,480099.1982158917,9242474.814709818,2024-12-01,0.1987286589056909,-8.568933621869423,-15.488138551627705
21,480099.1982158917,9242474.814709818,2024-12-13,0.21572797047798792,-9.154655530293935,-15.15256644231918
21,480099.1982158917,9242474.814709818,2024-12-25,0.20925605868492547,-8.497988008026196,-15.482746621727426
21,480099.1982158917,9242474.814709818,2025-01-06,0.31655353615082454,-8.002384102318828,-14.656366380346922
21,480099.1982158917,9242474.814709818,2025-01-18,0.2503570679164475,-8.117951611673139,-15.000247762922205
21,480099.1982158917,9242474.814709818,2025-01-30,0.4167393990897632,-7.8584138578434155,-13.14349306851728
21,480099.1982158917,9242474.814709818,2025-02-11,0.2915049292260472,-7.921974784495062,-14.359474732182433
21,480099.1982158917,9242474.814709818,2025-02-23,0.3964498103336318,-7.810875384046694,-13.388782773056619
21,480099.1982158917,9242474.814709818,2025-03-07,0.43731312821653023,-8.287770980177884,-12.803957818859612
21,480099.1982158917,9242474.814709818,2025-03-19,0.28510127313777445,-8.154106402679716,-14.590990976508333
21,480099.1982158917,9242474.814709818,2025-03-31,0.1799691723798158,-8.969803488151918,-15.60895011881163
21,480099.1982158917,9242474.814709818,2025-04-12,0.2614153032846258,-8.876927861597373,-14.322874492897558
21,480099.1982158917,9242474.814709818,2025-04-24,0.24560349239821888,-8.68884505799792,-14.493146575809346
21,480099.1982158917,9242474.814709818,2025-05-06,0.20287154876849114,-8.667840119377578,-15.489791587289197
21,480099.1982158917,9242474.814709818,2025-05-18,0.25070437492838704,-8.91509659455713,-14.63700835540846
21,480099.1982158917,9242474.814709818,2025-05-30,0.2927668091476493,-8.367509446621458,-14.451754338126952
21,480099.1982158917,9242474.814709818,2025-06-11,0.23470051088475744,-8.737123808590004,-15.033267831793777
21,480099.1982158917,9242474.814709818,2025-06-23,0.3687203754286291,-8.607421097539303,-14.255659897247686
21,480099.1982158917,9242474.814709818,2025-07-05,0.3222242573937688,-8.349573266625894,-14.152086416736621
21,480099.1982158917,9242474.814709818,2025-07-17,0.36396104357683545,-8.774209588847135,-14.912316344158299
21,480099.1982158917,9242474.814709818,2025-07-29,0.41509308605828754,-8.621352217194351,-13.610346182399525
21,480099.1982158917,9242474.814709818,2025-08-10,0.3411970527613827,-8.462918801196938,-14.349351067984813
21,480099.1982158917,9242474.814709818,2025-08-22,0.33757759378411806,-8.447409033728368,-13.95811299586868
21,480099.1982158917,9242474.814709818,2025-09-03,0.33087408045701944,-8.68635174727058,-14.20941768959876
21,480099.1982158917,9242474.814709818,2025-09-15,0.3240278252545352,-8.459614605603441,-14.450874698705137
21,480099.1982158917,9242474.814709818,2025-09-27,0.39571827455078057,-8.463216035714236,-13.241796793115002
21,480099.1982158917,9242474.814709818,2025-10-09,0.13935734182974377,-8.844468501709388,-15.844538082431738
21,480099.1982158917,9242474.814709818,2025-10-21,0.17523019313901422,-8.71352415992811,-14.95191277128832
21,480099.1982158917,9242474.814709818,2025-11-02,0.27039752944131773,-8.755321343463143,-14.617302281734299
22,465351.86352802615,9220135.072343927,2024-11-07,0.25976518459393244,-9.023174170553956,-15.19336615082735
22,465351.86352802615,9220135.072343927,2024-11-19,0.3291818456919571,-7.160684281995337,-13.301884882452077
22,465351.86352802615,9220135.072343927,2024-12-01,0.22656786203353096,-11.046994271537825,-17.620445345621196
22,465351.86352802615,9220135.072343927,2024-12-13,0.249885914308697,-9.341296098292112,-15.359940379903847
22,465351.86352802615,9220135.072343927,2024-12-25,0.21668396219359143,-11.39095158542813,-18.035908292074325
22,465351.86352802615,9220135.072343927,2025-01-06,0.2565706114666752,-9.67147645235703,-16.405502784796212
22,465351.86352802615,9220135.072343927,2025-01-18,0.2704354147770621,-8.982621122232244,-15.767546573640445
22,465351.86352802615,9220135.072343927,2025-01-30,0.302147466650585,-9.00562792043027,-14.453314149414913
22,465351.86352802615,9220135.072343927,2025-02-11,0.3299046397125304,-8.767789048203872,-14.567269051004441
22,465351.86352802615,9220135.072343927,2025-02-23,0.2949748033199105,-8.568575290196254,-14.74337662556192
22,465351.86352802615,9220135.072343927,2025-03-07,0.36317294575229603,-7.87936529507574,-13.408685394935944
22,465351.86352802615,9220135.072343927,2025-03-19,0.35215523118728653,-7.814858177804901,-13.654228996717158
22,465351.86352802615,9220135.072343927,2025-03-31,0.3087290558922879,-8.466451730831853,-14.17149654869547
22,465351.86352802615,9220135.072343927,2025-04-12,0.3175685616421471,-7.409048302295593,-13.234696251290377
22,465351.86352802615,9220135.072343927,2025-04-24,0.2674524045183162,-7.213657939713661,-14.461943638376898
22,465351.86352802615,9220135.072343927,2025-05-06,0.17889174609696537,-11.883798131382113,-18.6613579581227
22,465351.86352802615,9220135.072343927,2025-05-18,0.1799272361652382,-13.143321129401624,-19.588833393489644
22,465351.86352802615,9220135.072343927,2025-05-30,0.17793393603212865,-13.568096292527137,-19.678539341635137
22,465351.86352802615,9220135.072343927,2025-06-11,0.22210201526603013,-10.992364544017144,-17.624972324189315
22,465351.86352802615,9220135.072343927,2025-06-23,0.29995239634045434,-9.55697914961794,-15.926039213951556
22,465351.86352802615,9220135.072343927,2025-07-05,0.2935737084203488,-7.883119824564383,-14.790043202396637
22,465351.86352802615,9220135.072343927,2025-07-17,0.324939674418327,-7.296603911642114,-14.925315644595159
22,465351.86352802615,9220135.072343927,2025-07-29,0.3519830134616223,-6.580046601742277,-13.474545250412712
22,465351.86352802615,9220135.072343927,2025-08-10,0.3072107349095864,-9.54720721313087,-15.101299811389232
22,465351.86352802615,9220135.072343927,2025-08-22,0.29086680760159633,-8.190058275589863,-14.182319228852167
22,465351.86352802615,9220135.072343927,2025-09-03,0.3263646804639806,-5.925804846966065,-11.924884079667768
22,465351.86352802615,9220135.072343927,2025-09-15,0.2982679762702891,-7.847396149213574,-13.468416228757345
22,465351.86352802615,9220135.072343927,2025-09-27,0.2561423356419115,-9.872971092308791,-16.374890509709566
22,465351.86352802615,9220135.072343927,2025-10-09,0.23579485488591234,-9.27998592339841,-16.36817864810895
22,465351.86352802615,9220135.072343927,2025-10-21,0.26289570609310114,-8.545884898989549,-15.029926202979732
22,465351.86352802615,9220135.072343927,2025-11-02,0.20964887966008916,-11.928337848758183,-18.336495533326964
23,474447.08491063735,9235439.42950664,2024-11-07,0.20753347931567778,-9.196977784163247,-16.01831825938147
23,474447.08491063735,9235439.42950664,2024-11-19,0.146462882600271,-12.421223765144632,-18.493784742609847
23,474447.08491063735,9235439.42950664,2024-12-01,0.21213496245682595,-10.721822519194598,-17.40957770956081
23,474447.08491063735,9235439.42950664,2024-12-13,0.2788041774190524,-8.918044651207124,-15.48503574363868
23,474447.08491063735,9235439.42950664,2024-12-25,0.35288079708769354,-8.699655071222058,-15.249652430301573
23,474447.08491063735,9235439.42950664,2025-01-06,0.34423343098594766,-9.227195788822376,-15.121686077542286
23,474447.08491063735,9235439.42950664,2025-01-18,0.2582461005549829,-10.532767719144795,-15.590203521134928
23,474447.08491063735,9235439.42950664,2025-01-30,0.2526441355137851,-9.752229939972032,-16.181886971748135
23,474447.08491063735,9235439.42950664,2025-02-11,0.3268812246112847,-8.224484293308937,-13.81710023631523
23,474447.08491063735,9235439.42950664,2025-02-23,0.3489292211778334,-7.523134566061319,-13.22899604754951
23,474447.08491063735,9235439.42950664,2025-03-07,0.1272218719160138,-12.975003554837663,-18.69383831420414
23,474447.08491063735,9235439.42950664,2025-03-19,0.21787909433800334,-9.770189328214979,-16.875881620884066
23,474447.08491063735,9235439.42950664,2025-03-31,0.23922706619639061,-8.942851796096447,-15.922085001938727
23,474447.08491063735,9235439.42950664,2025-04-12,0.20328938845880837,-10.181991255156728,-17.78579562584826
23,474447.08491063735,9235439.42950664,2025-04-24,0.31037884296109813,-8.623949088662782,-15.973955897122362
23,474447.08491063735,9235439.42950664,2025-05-06,0.34955019810680843,-8.450789142648125,-14.966938732523303
23,474447.08491063735,9235439.42950664,2025-05-18,0.3391486549815316,-9.141565357090924,-15.326919020971387
23,474447.08491063735,9235439.42950664,2025-05-30,0.2827752334208037,-9.338774366920008,-15.126762983087927
23,474447.08491063735,9235439.42950664,2025-06-11,0.314563824833991,-9.479156593676962,-15.31411010766057
23,474447.08491063735,9235439.42950664,2025-06-23,0.31539190768987496,-6.909638226965985,-12.838571872898857
23,474447.08491063735,9235439.42950664,2025-07-05,0.34449293053366487,-7.202092095470718,-13.560520183963334
23,474447.08491063735,9235439.42950664,2025-07-17,0.29796874735596723,-6.954489315006196,-14.240981516056578
23,474447.08491063735,9235439.42950664,2025-07-29,0.36841003181381277,-6.230831781989558,-12.923587144293935
23,474447.08491063735,9235439.42950664,2025-08-10,0.35117269082608377,-7.496191336908552,-14.188059531928939
23,474447.08491063735,9235439.42950664,2025-08-22,0.3362142751234412,-6.908887388526962,-12.837014374054979
23,474447.08491063735,9235439.42950664,2025-09-03,0.29163786527188457,-8.097642709234211,-14.074083023573172
23,474447.08491063735,9235439.42950664,2025-09-15,0.25674678673941853,-9.122558055448913,-14.949839164301109
23,474447.08491063735,9235439.42950664,2025-09-27,0.24163405915965241,-9.880423216029417,-16.577992355332263
23,474447.08491063735,9235439.42950664,2025-10-09,0.1469721071042247,-11.719717345142616,-19.175672199796352
23,474447.08491063735,9235439.42950664,2025-10-21,0.18639550346582842,-11.116013082980466,-18.292004964951175
23,474447.08491063735,9235439.42950664,2025-11-02,0.2707176901738263,-9.39978512216813,-15.597169296851526
24,452515.9111299196,9243464.806085395,2024-11-07,0.1487945372857751,-3.491281625613855,-10.26873417417605
24,452515.9111299196,9243464.806085395,2024-11-19,0.1357081594270681,-4.704485837804973,-10.516613259969558
24,452515.9111299196,9243464.806085395,2024-12-01,0.14022232258241749,-4.333953760462303,-10.599117291667403
24,452515.9111299196,9243464.806085395,2024-12-13,0.12783234356276654,-5.0105925609225626,-11.097455049655435
24,452515.9111299196,9243464.806085395,2024-12-25,0.1469521366105421,-3.6930126063306226,-11.044634891153425
24,452515.9111299196,9243464.806085395,2025-01-06,0.19624906686332197,-3.043701616806243,-10.210851229503126
24,452515.9111299196,9243464.806085395,2025-01-18,0.15231981829588828,-3.445559465227068,-10.439239441586464
24,452515.9111299196,9243464.806085395,2025-01-30,0.14639082811514398,-3.717563764612983,-11.11277004234092
24,452515.9111299196,9243464.806085395,2025-02-11,0.17261211287493122,-2.132096244699488,-9.527339698502871
24,452515.9111299196,9243464.806085395,2025-02-23,0.1416506603875544,-4.123954786633438,-10.963091323274213
24,452515.9111299196,9243464.806085395,2025-03-07,0.14451425654223884,-3.3791330935374964,-10.149733658402619
24,452515.9111299196,9243464.806085395,2025-03-19,0.14064205180112704,-4.004122592126199,-11.236840297009365
24,452515.9111299196,9243464.806085395,2025-03-31,0.12469181569267977,-5.358824539692208,-11.225548078742337
24,452515.9111299196,9243464.806085395,2025-04-12,0.13895288137616277,-4.437512947504087,-11.097646901106582
24,452515.9111299196,9243464.806085395,2025-04-24,0.14169184419150935,-4.1217317066312,-10.876522171828276
24,452515.9111299196,9243464.806085395,2025-05-06,0.14225186978467885,-3.9273748983743717,-10.704226545637294
24,452515.9111299196,9243464.806085395,2025-05-18,0.12845483834662255,-4.0339958433973475,-11.027040975709005
24,452515.9111299196,9243464.806085395,2025-05-30,0.1345826614767338,-4.591703794267911,-11.243352553734319
24,452515.9111299196,9243464.806085395,2025-06-11,0.13665368208576095,-3.8643276475415367,-10.678780597257873
24,452515.9111299196,9243464.806085395,2025-06-23,0.13590329562662837,-4.00033903546634,-10.690654954460314
24,452515.9111299196,9243464.806085395,2025-07-05,0.12320580498355971,-5.365561274879834,-11.322734581633751
24,452515.9111299196,9243464.806085395,2025-07-17,0.13873508313143845,-4.117055660407097,-9.940846267545256
24,452515.9111299196,9243464.806085395,2025-07-29,0.1455234022702717,-3.409868962257626,-11.341724564706928
24,452515.9111299196,9243464.806085395,2025-08-10,0.13343786406689984,-4.845754089119407,-11.182189902417267
24,452515.9111299196,9243464.806085395,2025-08-22,0.14749459850506377,-3.620063090247764,-10.564917189734048
24,452515.9111299196,9243464.806085395,2025-09-03,0.1445612076242228,-4.118206061014849,-10.753380243955068
24,452515.9111299196,9243464.806085395,2025-09-15,0.1473042972100746,-3.8494532166166877,-10.215897147082469
24,452515.9111299196,9243464.806085395,2025-09-27,0.14485028860195995,-4.0840986679127935,-10.768881729678647
24,452515.9111299196,9243464.806085395,2025-10-09,0.14593044895862683,-4.865810915469609,-10.966952244583137
24,452515.9111299196,9243464.806085395,2025-10-21,0.15174275390711442,-3.596355702600491,-10.451780706029853
24,452515.9111299196,9243464.806085395,2025-11-02,0.11896235144876524,-5.637908494779749,-11.817283397700995
25,462531.16610938805,9242898.160494206,2024-11-07,0.12325520993638303,-10.456926179249649,-18.7709016901201
25,462531.16610938805,9242898.160494206,2024-11-19,0.22331995785313768,-9.116071997498267,-16.60338379611504
25,462531.16610938805,9242898.160494206,2024-12-01,0.17280224064712965,-10.769665789517749,-18.160410962431566
25,462531.16610938805,9242898.160494206,2024-12-13,0.16756039912875162,-10.36754524805871,-18.181244713585706
25,462531.16610938805,9242898.160494206,2024-12-25,0.19466880138552742,-9.651156406211726,-17.387658896062206
25,462531.16610938805,9242898.160494206,2025-01-06,0.3214791773405666,-9.037622757518694,-15.591852943207599
25,462531.16610938805,9242898.160494206,2025-01-18,0.2652431104550509,-8.627173804226468,-15.527941204295045
25,462531.16610938805,9242898.160494206,2025-01-30,0.37291698274082896,-7.957301743578185,-12.909508094824634
25,462531.16610938805,9242898.160494206,2025-02-11,0.3160075999916788,-8.397740513089214,-14.314631694437832
25,462531.16610938805,9242898.160494206,2025-02-23,0.3274209641339419,-7.735170707587701,-13.89197062710132
25,462531.16610938805,9242898.160494206,2025-03-07,0.2256089119690453,-9.37653045665683,-15.64679982318876
25,462531.16610938805,9242898.160494206,2025-03-19,0.16264202415494788,-10.306332608458625,-17.659490135407466
25,462531.16610938805,9242898.160494206,2025-03-31,0.11192827563838392,-11.519556719906163,-19.73180341864792
25,462531.16610938805,9242898.160494206,2025-04-12,0.09931943666614185,-11.29309837504925,-19.61331128871862
25,462531.16610938805,9242898.160494206,2025-04-24,0.2385296160056983,-9.466359088941875,-16.800263397127495
25,462531.16610938805,9242898.160494206,2025-05-06,0.33044791712302857,-8.853428896001676,-14.768604913078718
25,462531.16610938805,9242898.160494206,2025-05-18,0.3377546251665055,-8.688712317847918,-14.997256793164754
25,462531.16610938805,9242898.160494206,2025-05-30,0.326250215239908,-8.747336900392739,-14.166935748386582
25,462531.16610938805,9242898.160494206,2025-06-11,0.3916587631556573,-8.624281891355839,-13.45335080039534
25,462531.16610938805,9242898.160494206,2025-06-23,0.35798832303456984,-7.345156312774863,-12.722945135985134
25,462531.16610938805,9242898.160494206,2025-07-05,0.35489495681577005,-7.72042446430794,-13.262162952287536
25,462531.16610938805,9242898.160494206,2025-07-17,0.2746086281938218,-8.353852263038073,-14.813481443869748
25,462531.16610938805,9242898.160494206,2025-07-29,0.3633060851609912,-7.7580206203366044,-12.7442768151808
25,462531.16610938805,9242898.160494206,2025-08-10,0.3518407070712636,-7.932251212077896,-13.42239899716127
25,462531.16610938805,9242898.160494206,2025-08-22,0.3691664485049867,-7.514801381714134,-12.660316930889515
25,462531.16610938805,9242898.160494206,2025-09-03,0.29636358614264,-8.482840703022395,-14.566604128334706
25,462531.16610938805,9242898.160494206,2025-09-15,0.3357075187681377,-7.393298259318113,-12.472510302228585
25,462531.16610938805,9242898.160494206,2025-09-27,0.23566195874670526,-9.388438563386773,-16.388894117263217
25,462531.16610938805,9242898.160494206,2025-10-09,0.12592196549075105,-11.583616662055386,-19.428571314681676
25,462531.16610938805,9242898.160494206,2025-10-21,0.08673001314144807,-12.281438272144563,-20.2848427512747
25,462531.16610938805,9242898.160494206,2025-11-02,0.23366410592300288,-9.510400211149111,-16.464346245358577
26,478402.7748687897,9230143.880556958,2024-11-07,0.1912751869547114,-8.478911033895738,-15.61242947695442
26,478402.7748687897,9230143.880556958,2024-11-19,0.2564637231625254,-11.476481627646333,-17.003257382610737
26,478402.7748687897,9230143.880556958,2024-12-01,0.20380746183347534,-11.676238953840398,-17.47525763460872
26,478402.7748687897,9230143.880556958,2024-12-13,0.20052578897793646,-8.466374516840649,-15.543239249092387
26,478402.7748687897,9230143.880556958,2024-12-25,0.4518570380474515,-11.406424446885062,-15.84112999162474
26,478402.7748687897,9230143.880556958,2025-01-06,0.4380132149573355,-8.627742212857928,-14.530554018063087
26,478402.7748687897,9230143.880556958,2025-01-18,0.26230514649541053,-9.692822492277168,-15.87866487814469
26,478402.7748687897,9230143.880556958,2025-01-30,0.11889031401217585,-7.843019860144318,-15.707053654593363
26,478402.7748687897,9230143.880556958,2025-02-11,0.20274895787346622,-6.412206124765865,-14.278064814891469
26,478402.7748687897,9230143.880556958,2025-02-23,0.36359636453226973,-8.480331830293187,-14.46656302153755
26,478402.7748687897,9230143.880556958,2025-03-07,0.35400863870398896,-7.074191807662926,-13.674442881694581
26,478402.7748687897,9230143.880556958,2025-03-19,0.166916191069858,-6.379824748031055,-14.101507361932349
26,478402.7748687897,9230143.880556958,2025-03-31,0.34522464556273735,-11.187513348175186,-16.236691412998134
26,478402.7748687897,9230143.880556958,2025-04-12,0.08870931303968374,-10.34722020882426,-17.366014130452175
26,478402.7748687897,9230143.880556958,2025-04-24,0.18194839329094836,-10.814734056998951,-16.880799473813973
26,478402.7748687897,9230143.880556958,2025-05-06,0.1602463896156235,-11.983880165957105,-17.823394477528733
26,478402.7748687897,9230143.880556958,2025-05-18,0.27934573485510156,-10.374896095634812,-15.917108185366478
26,478402.7748687897,9230143.880556958,2025-05-30,0.2680371288443536,-9.565808407729667,-15.763206765326894
26,478402.7748687897,9230143.880556958,2025-06-11,0.2128326995063171,-9.924371738199632,-16.348829930575207
26,478402.7748687897,9230143.880556958,2025-06-23,0.3684745782735508,-9.008988998790535,-15.261397357655452
26,478402.7748687897,9230143.880556958,2025-07-05,0.24672196556847517,-9.349142319531213,-16.31445571881435
26,478402.7748687897,9230143.880556958,2025-07-17,0.2744133824942254,-10.744438464821187,-16.727499179237284
26,478402.7748687897,9230143.880556958,2025-07-29,0.2334266332970971,-8.931666949452032,-15.49110246518296
26,478402.7748687897,9230143.880556958,2025-08-10,0.16259241639086586,-7.913786736354828,-15.56216114961154
26,478402.7748687897,9230143.880556958,2025-08-22,0.16718457309826326,-10.822078940106216,-17.325587178401385
26,478402.7748687897,9230143.880556958,2025-09-03,0.2493963912744779,-9.708702810591046,-15.974234083846378
26,478402.7748687897,9230143.880556958,2025-09-15,0.1080019120632024,-8.383544895680163,-15.675302787171052
26,478402.7748687897,9230143.880556958,2025-09-27,0.24121610135816227,-10.76921097296498,-16.674206112694623
26,478402.7748687897,9230143.880556958,2025-10-09,0.12705877799352772,-11.177228897051096,-17.64063181645955
26,478402.7748687897,9230143.880556958,2025-10-21,0.12929097660228595,-12.04036407218842,-18.088553120588642
26,478402.7748687897,9230143.880556958,2025-11-02,0.2746893470946314,-13.963537387649469,-18.395853126429596
27,461065.4225960922,9255127.264673471,2024-11-07,0.25651509136092643,-9.171191143032907,-15.864248066602396
27,461065.4225960922,9255127.264673471,2024-11-19,0.3112699451144717,-8.780210629941607,-14.71034919580365
27,461065.4225960922,9255127.264673471,2024-12-01,0.26088655295812413,-9.127828407396237,-16.17850534650388
27,461065.4225960922,9255127.264673471,2024-12-13,0.17741597718074734,-10.505877997462719,-18.212466110683643
27,461065.4225960922,9255127.264673471,2024-12-25,0.2121549711685182,-8.989520084758208,-16.792718252140553
27,461065.4225960922,9255127.264673471,2025-01-06,0.3030621240295354,-7.261034586327976,-13.929362625023995
27,461065.4225960922,9255127.264673471,2025-01-18,0.3742528601056838,-7.97489100966826,-12.635013006100637
27,461065.4225960922,9255127.264673471,2025-01-30,0.3183368014062211,-8.115179761017883,-14.105454309969847
27,461065.4225960922,9255127.264673471,2025-02-11,0.2891936965500778,-8.158021772208256,-14.852239128729561
27,461065.4225960922,9255127.264673471,2025-02-23,0.3101761873750938,-8.272108549532188,-14.408395611842755
27,461065.4225960922,9255127.264673471,2025-03-07,0.3610656302911895,-7.381955537577573,-12.569771449115027
27,461065.4225960922,9255127.264673471,2025-03-19,0.313285949744107,-8.028521893415753,-14.219652440571707
27,461065.4225960922,9255127.264673471,2025-03-31,0.3620233182630081,-7.680314019217011,-12.746047077193237
27,461065.4225960922,9255127.264673471,2025-04-12,0.3420304184816038,-7.131905779320683,-12.14274367107853
27,461065.4225960922,9255127.264673471,2025-04-24,0.36865501743891577,-8.000049379076119,-13.182506656348746
27,461065.4225960922,9255127.264673471,2025-05-06,0.38957758456620817,-8.870951205110318,-13.387102273138092
27,461065.4225960922,9255127.264673471,2025-05-18,0.3308510495469772,-9.422163963827073,-15.411238737056268
27,461065.4225960922,9255127.264673471,2025-05-30,0.3443118085714126,-8.005652314682763,-13.393664706395894
27,461065.4225960922,9255127.264673471,2025-06-11,0.3708445167381999,-7.777351678787614,-12.959865258248016
27,461065.4225960922,9255127.264673471,2025-06-23,0.3473437165539188,-8.013854878216986,-13.609366351074888
27,461065.4225960922,9255127.264673471,2025-07-05,0.34593189047300466,-8.342459683018006,-13.708041600178635
27,461065.4225960922,9255127.264673471,2025-07-17,0.347065261037655,-7.314844250186193,-12.311091598100276
27,461065.4225960922,9255127.264673471,2025-07-29,0.3322761818345208,-7.4117973770301875,-12.605083832025755
27,461065.4225960922,9255127.264673471,2025-08-10,0.31899200979703557,-8.056822570444025,-13.656739224624035
27,461065.4225960922,9255127.264673471,2025-08-22,0.3544783622491792,-6.970737255165621,-11.83515907429112
27,461065.4225960922,9255127.264673471,2025-09-03,0.37796096255689443,-7.52257157393669,-12.037140103596265
27,461065.4225960922,9255127.264673471,2025-09-15,0.38634630614624177,-8.218286931503785,-12.94167747878176
27,461065.4225960922,9255127.264673471,2025-09-27,0.34072726480423815,-8.172516581441435,-13.59013251764668
27,461065.4225960922,9255127.264673471,2025-10-09,0.36205865396150394,-8.75806963649889,-14.449090455049651
27,461065.4225960922,9255127.264673471,2025-10-21,0.3330360453763076,-8.699417052726151,-14.277620929392755
27,461065.4225960922,9255127.264673471,2025-11-02,0.32813353828545083,-8.611162416870803,-14.184832858441379
28,476314.88962580037,9227712.690875664,2024-11-07,0.14145649372290064,-6.48000754640789,-14.104419298113195
28,476314.88962580037,9227712.690875664,2024-11-19,0.06219169627208382,-6.468705198299005,-15.935914673954864
28,476314.88962580037,9227712.690875664,2024-12-01,0.2760600426640443,-10.397525796267196,-17.81075077704533
28,476314.88962580037,9227712.690875664,2024-12-13,0.22371020032858885,-8.522844197324925,-16.39886946983413
28,476314.88962580037,9227712.690875664,2024-12-25,0.18554520266174432,-8.366923129425729,-16.46741374281602
28,476314.88962580037,9227712.690875664,2025-01-06,0.31759753953559544,-8.721774963439872,-15.625180995490537
28,476314.88962580037,9227712.690875664,2025-01-18,0.4334839621808916,-10.296350062111717,-14.716383041471675
28,476314.88962580037,9227712.690875664,2025-01-30,0.4282282636387448,-9.10631155769325,-13.035646674105054
28,476314.88962580037,9227712.690875664,2025-02-11,0.3990767924968775,-7.9981724011927655,-11.924085591859377
28,476314.88962580037,9227712.690875664,2025-02-23,0.338121455980006,-9.830648439388652,-15.803053617310333
28,476314.88962580037,9227712.690875664,2025-03-07,0.269225783173232,-8.117867296681824,-14.13646785802346
28,476314.88962580037,9227712.690875664,2025-03-19,0.2351395969456792,-6.1606553234432315,-12.24206109680392
28,476314.88962580037,9227712.690875664,2025-03-31,0.22138504273817816,-7.5596264668233815,-13.929293891983539
28,476314.88962580037,9227712.690875664,2025-04-12,0.24411358803560726,-8.827262653905661,-16.06061192708899
28,476314.88962580037,9227712.690875664,2025-04-24,0.17153274982096844,-9.50559753954592,-18.21087227692684
28,476314.88962580037,9227712.690875664,2025-05-06,0.23455694105849817,-9.857724813692382,-17.441447233114182
28,476314.88962580037,9227712.690875664,2025-05-18,0.27286951354404665,-7.772147852733698,-14.638213927852403
28,476314.88962580037,9227712.690875664,2025-05-30,0.3134888501743289,-8.546077856208795,-14.34326190570084
28,476314.88962580037,9227712.690875664,2025-06-11,0.4397089977964219,-9.72703618229056,-14.018637945002379
28,476314.88962580037,9227712.690875664,2025-06-23,0.35423230057025945,-8.4890753850496,-14.545648193816207
28,476314.88962580037,9227712.690875664,2025-07-05,0.49300954402471747,-9.790426470886958,-13.04635215882153
28,476314.88962580037,9227712.690875664,2025-07-17,0.34974478046815693,-5.651258089720512,-9.510740787111313
28,476314.88962580037,9227712.690875664,2025-07-29,0.09639217056084595,-6.370546000796066,-15.22428846057609
28,476314.88962580037,9227712.690875664,2025-08-10,0.2901747279606022,-7.696961445804802,-12.615753911141782
28,476314.88962580037,9227712.690875664,2025-08-22,0.20444720086719434,-6.67843760768702,-13.592097630307077
28,476314.88962580037,9227712.690875664,2025-09-03,0.21799217728207554,-8.341136454763618,-15.84731855837653
28,476314.88962580037,9227712.690875664,2025-09-15,0.2420705671170339,-8.294147837618002,-14.964025555173004
28,476314.88962580037,9227712.690875664,2025-09-27,0.1466107230195162,-5.947216814943303,-13.578082844651535
28,476314.88962580037,9227712.690875664,2025-10-09,0.16529517248660144,-9.053254012291632,-17.380118742476668
28,476314.88962580037,9227712.690875664,2025-10-21,0.12577941899196604,-8.056558605549787,-17.024968330886637
28,476314.88962580037,9227712.690875664,2025-11-02,0.061132786369750614,-6.7818821922553525,-16.423881328988525
29,467892.3375974731,9217922.084971571,2024-11-07,0.2833300818289694,-6.030974479373066,-12.339674247909043
29,467892.3375974731,9217922.084971571,2024-11-19,0.27276407611079806,-4.8608889068643935,-11.42495556207574
29,467892.3375974731,9217922.084971571,2024-12-01,0.1347903686434225,-7.272177632069509,-15.725477475362071
29,467892.3375974731,9217922.084971571,2024-12-13,0.23662969919964977,-9.26051732226215,-16.135356861423716
29,467892.3375974731,9217922.084971571,2024-12-25,0.229922270052935,-10.241483717587357,-17.568528421172907
29,467892.3375974731,9217922.084971571,2025-01-06,0.3277253974159608,-8.726362179009588,-14.920206520342886
29,467892.3375974731,9217922.084971571,2025-01-18,0.3015148705388052,-8.799669867952051,-15.076549529571603
29,467892.3375974731,9217922.084971571,2025-01-30,0.44006270064841224,-9.573626829070086,-14.03002626398641
29,467892.3375974731,9217922.084971571,2025-02-11,0.35270556144112897,-9.37534139120158,-14.986535971940834
29,467892.3375974731,9217922.084971571,2025-02-23,0.35454518321947237,-7.866883848872034,-13.41749112455629
29,467892.3375974731,9217922.084971571,2025-03-07,0.428639178896449,-9.904479490227496,-14.623086209472778
29,467892.3375974731,9217922.084971571,2025-03-19,0.325240707378092,-9.471873968367099,-15.600506329522862
29,467892.3375974731,9217922.084971571,2025-03-31,0.12663242221886006,-6.550294231894744,-15.094571097693054
29,467892.3375974731,9217922.084971571,2025-04-12,0.2892813254530434,-8.810531472513697,-14.854919098701545
29,467892.3375974731,9217922.084971571,2025-04-24,0.2139730277958915,-10.631694690505242,-17.841347330604524
29,467892.3375974731,9217922.084971571,2025-05-06,0.14174582352767875,-11.870516127130411,-20.172925771464715
29,467892.3375974731,9217922.084971571,2025-05-18,0.2176406057901732,-12.728438489969676,-20.06914274362179
29,467892.3375974731,9217922.084971571,2025-05-30,0.19374432469360325,-9.579395163471249,-17.305480800197795
29,467892.3375974731,9217922.084971571,2025-06-11,0.21209983925604095,-9.660345611496481,-17.56723146494744
29,467892.3375974731,9217922.084971571,2025-06-23,0.32630079252884664,-9.847934620103358,-16.220143754075483
29,467892.3375974731,9217922.084971571,2025-07-05,0.23034943935376032,-7.569497454314002,-14.761507050565148
29,467892.3375974731,9217922.084971571,2025-07-17,0.38296018709916285,-8.037141042257227,-13.483403807514808
29,467892.3375974731,9217922.084971571,2025-07-29,0.40135055883454107,-9.47290056434559,-14.608340524056114
29,467892.3375974731,9217922.084971571,2025-08-10,0.3428779145091659,-6.582941524502743,-12.254356135800315
29,467892.3375974731,9217922.084971571,2025-08-22,0.23065285791358434,-6.113286138387428,-13.097079158933324
29,467892.3375974731,9217922.084971571,2025-09-03,0.19972958832270454,-5.391733410587031,-12.887467705928978
29,467892.3375974731,9217922.084971571,2025-09-15,0.3652230315500487,-7.5796665308735385,-12.819619733218538
29,467892.3375974731,9217922.084971571,2025-09-27,0.3226929550435094,-7.4808304892509305,-13.44497707275503
29,467892.3375974731,9217922.084971571,2025-10-09,0.20926418478930975,-7.044007159588341,-14.44292870321157
29,467892.3375974731,9217922.084971571,2025-10-21,0.22069713896024332,-8.97830889772852,-16.165740335670733
29,467892.3375974731,9217922.084971571,2025-11-02,0.18088384024491988,-7.371216053269692,-15.215061222197532
30,455109.290368328,9221671.071251191,2024-11-07,0.604831251243837,-7.968180900416564,-13.723290631490661
30,455109.290368328,9221671.071251191,2024-11-19,0.6029232985815927,-6.368359387299672,-11.417057898245833
30,455109.290368328,9221671.071251191,2024-12-01,0.5917131258511559,-6.932624547106389,-12.431075263217597
30,455109.290368328,9221671.071251191,2024-12-13,0.6253318913839434,-6.644093165733718,-12.570693489112125
30,455109.290368328,9221671.071251191,2024-12-25,0.5845794624966948,-7.784878957542112,-12.681509640343831
30,455109.290368328,9221671.071251191,2025-01-06,0.5355207460676444,-6.973673635693251,-13.20603966380268
30,455109.290368328,9221671.071251191,2025-01-18,0.5977771078643928,-5.694306075410869,-12.629588986292365
30,455109.290368328,9221671.071251191,2025-01-30,0.5873300697350871,-6.945224275995227,-12.994087785996111
30,455109.290368328,9221671.071251191,2025-02-11,0.6019320554524611,-5.710738636076763,-12.073159176356015
30,455109.290368328,9221671.071251191,2025-02-23,0.6091304997657234,-5.412584648633252,-11.37064012470284
30,455109.290368328,9221671.071251191,2025-03-07,0.5942678404128588,-6.554224187575902,-12.213542911819129
30,455109.290368328,9221671.071251191,2025-03-19,0.6042970879236514,-5.486101034078336,-11.797852211777059
30,455109.290368328,9221671.071251191,2025-03-31,0.5962416009369952,-5.924964339925297,-12.645696453180578
30,455109.290368328,9221671.071251191,2025-04-12,0.5971308679964719,-6.106504658410167,-12.3840800285115
30,455109.290368328,9221671.071251191,2025-04-24,0.608333499585377,-5.534812085797115,-11.486808581001718
30,455109.290368328,9221671.071251191,2025-05-06,0.6032531644078566,-5.69962811330298,-11.805882057860986
30,455109.290368328,9221671.071251191,2025-05-18,0.5817907838143803,-6.748412078894037,-12.487613991800858
30,455109.290368328,9221671.071251191,2025-05-30,0.6095477019623696,-4.891007406664499,-11.73366549989988
30,455109.290368328,9221671.071251191,2025-06-11,0.6006972457026893,-5.694983303476173,-11.997397731574479
30,455109.290368328,9221671.071251191,2025-06-23,0.6180738424652028,-4.852034425821642,-11.607986986859402
30,455109.290368328,9221671.071251191,2025-07-05,0.6040211027299416,-5.728975210740825,-11.785408657759032
30,455109.290368328,9221671.071251191,2025-07-17,0.5983690535356411,-5.851522600606665,-11.46559949535806
30,455109.290368328,9221671.071251191,2025-07-29,0.5960561816849778,-5.901369390772205,-12.548925387911225
30,455109.290368328,9221671.071251191,2025-08-10,0.5767062600173719,-7.61725580397928,-12.358879431051108
30,455109.290368328,9221671.071251191,2025-08-22,0.612006920350144,-4.615302687585797,-10.720153367026148
30,455109.290368328,9221671.071251191,2025-09-03,0.5800650268106896,-6.958952336925459,-13.117283671018088
30,455109.290368328,9221671.071251191,2025-09-15,0.6030117718480018,-6.3252200573410935,-11.772700046692853
30,455109.290368328,9221671.071251191,2025-09-27,0.5886491334889791,-6.572112390880544,-12.5081752068576
30,455109.290368328,9221671.071251191,2025-10-09,0.6235847101796882,-5.545241770803121,-11.841266721241848
30,455109.290368328,9221671.071251191,2025-10-21,0.6206675317575978,-5.41617819561812,-11.201591583471549
30,455109.290368328,9221671.071251191,2025-11-02,0.596128858591864,-6.341506199616773,-12.32695347597635
31,453864.3533304056,9243704.355511565,2024-11-07,0.17208690873892474,-8.142311683239988,-15.165547158917924
31,453864.3533304056,9243704.355511565,2024-11-19,0.1473974337811112,-9.689414847301833,-15.777939154063937
31,453864.3533304056,9243704.355511565,2024-12-01,0.1592723561196472,-10.469792810217278,-16.711663407130715
31,453864.3533304056,9243704.355511565,2024-12-13,0.21838203087884434,-11.516428713133498,-18.313131057982805
31,453864.3533304056,9243704.355511565,2024-12-25,0.16296257272670264,-10.697339180457156,-17.16119520114117
31,453864.3533304056,9243704.355511565,2025-01-06,0.18270332266589043,-9.822649670184925,-16.848481551878614
31,453864.3533304056,9243704.355511565,2025-01-18,0.1625409500986399,-9.934416181369015,-16.36426210349223
31,453864.3533304056,9243704.355511565,2025-01-30,0.16715976566676197,-8.710527033472582,-15.49681016835664
31,453864.3533304056,9243704.355511565,2025-02-11,0.15038815090736757,-10.722239204304444,-16.686885975503323
31,453864.3533304056,9243704.355511565,2025-02-23,0.2486343505027851,-6.574834311324042,-15.86859688398328
31,453864.3533304056,9243704.355511565,2025-03-07,0.2481903374803389,-5.387469795663446,-15.230533813221262
31,453864.3533304056,9243704.355511565,2025-03-19,0.25073342920481534,-6.902158134230007,-15.931266484297245
31,453864.3533304056,9243704.355511565,2025-03-31,0.23410697444331413,-8.518446410474304,-17.06144338792004
31,453864.3533304056,9243704.355511565,2025-04-12,0.22230159973812721,-9.245643222357307,-17.147876188792555
31,453864.3533304056,9243704.355511565,2025-04-24,0.23801343461150798,-9.465995995521363,-17.360350723602675
31,453864.3533304056,9243704.355511565,2025-05-06,0.23436375555412192,-8.608470811224436,-16.86565688906148
31,453864.3533304056,9243704.355511565,2025-05-18,0.19824378574687665,-8.355391204744578,-15.990632490738001
31,453864.3533304056,9243704.355511565,2025-05-30,0.1571239373937778,-10.988372362118838,-17.074300717527834
31,453864.3533304056,9243704.355511565,2025-06-11,0.20375871835170456,-8.479901262600404,-16.321894762503437
31,453864.3533304056,9243704.355511565,2025-06-23,0.18090189268729195,-8.412350612381662,-15.72709506978868
31,453864.3533304056,9243704.355511565,2025-07-05,0.1683094104207536,-6.8801447993412035,-14.051614500749558
31,453864.3533304056,9243704.355511565,2025-07-17,0.13846849999406388,-10.116008909776376,-16.44432432252143
31,453864.3533304056,9243704.355511565,2025-07-29,0.1535341256280491,-8.632288740557579,-15.201841486205783
31,453864.3533304056,9243704.355511565,2025-08-10,0.16580509541180377,-8.117171082131128,-15.166996338724877
31,453864.3533304056,9243704.355511565,2025-08-22,0.2054022824530425,-9.416297810417177,-16.68340879749363
31,453864.3533304056,9243704.355511565,2025-09-03,0.16697018898177687,-10.324387371464757,-16.905484438074563
31,453864.3533304056,9243704.355511565,2025-09-15,0.1500356215288813,-10.348288884446092,-16.547635792055253
31,453864.3533304056,9243704.355511565,2025-09-27,0.10992818046897596,-11.979981636963627,-16.8869152572694
31,453864.3533304056,9243704.355511565,2025-10-09,0.11602194733510834,-11.142282456851655,-16.709783269213855
31,453864.3533304056,9243704.355511565,2025-10-21,0.12872745400460178,-10.790159856876848,-16.47230131797796
31,453864.3533304056,9243704.355511565,2025-11-02,0.1742136048883306,-9.023174396908995,-15.929869453496512
32,486489.4318053801,9239436.338119436,2024-11-07,0.33438201395096534,-8.245938715260657,-14.191249397359938
32,486489.4318053801,9239436.338119436,2024-11-19,0.40423077183228157,-6.017710935402022,-13.165505766446088
32,486489.4318053801,9239436.338119436,2024-12-01,0.3414325156174734,-6.87067896956185,-13.143535748670589
32,486489.4318053801,9239436.338119436,2024-12-13,0.2971823753427682,-7.544551687424594,-13.217406158882966
32,486489.4318053801,9239436.338119436,2024-12-25,0.351442119726522,-8.532609101936872,-15.327185853527117
32,486489.4318053801,9239436.338119436,2025-01-06,0.3763996047059863,-6.3774048042510625,-12.525931012457685
32,486489.4318053801,9239436.338119436,2025-01-18,0.4288640315032125,-5.442091295396226,-12.878442341336594
32,486489.4318053801,9239436.338119436,2025-01-30,0.3454307804740405,-7.212627665525182,-13.631029367910985
32,486489.4318053801,9239436.338119436,2025-02-11,0.24318814297362662,-8.123035175204105,-13.008494408731588
32,486489.4318053801,9239436.338119436,2025-02-23,0.3423972386345835,-7.719919733963381,-14.201728008807153
32,486489.4318053801,9239436.338119436,2025-03-07,0.2275003787635151,-7.231029406104718,-11.963871146369883
32,486489.4318053801,9239436.338119436,2025-03-19,0.2873869929261645,-7.384020023982214,-13.072885640823811
32,486489.4318053801,9239436.338119436,2025-03-31,0.32348544840271787,-8.90039190639074,-15.32810952101545
32,486489.4318053801,9239436.338119436,2025-04-12,0.233020998321151,-7.400059892612934,-13.108149891277366
32,486489.4318053801,9239436.338119436,2025-04-24,0.3489666160480282,-8.387791253106874,-14.722636148840403
32,486489.4318053801,9239436.338119436,2025-05-06,0.3516920617877572,-8.94359266108094,-15.696882241167431
32,486489.4318053801,9239436.338119436,2025-05-18,0.3548107959193478,-7.882996338479469,-14.679784790727865
32,486489.4318053801,9239436.338119436,2025-05-30,0.35726515226400996,-7.401796504087815,-14.064412617140412
32,486489.4318053801,9239436.338119436,2025-06-11,0.3792510139332027,-8.000197806952011,-14.757434257425603
32,486489.4318053801,9239436.338119436,2025-06-23,0.3409120633368319,-8.014282462092801,-14.292078674995896
32,486489.4318053801,9239436.338119436,2025-07-05,0.2939974466569129,-8.251487755454054,-14.030436648923612
32,486489.4318053801,9239436.338119436,2025-07-17,0.23036523134414094,-8.49025932810386,-14.041126952546607
32,486489.4318053801,9239436.338119436,2025-07-29,0.22736763905656604,-9.442007722127302,-14.530387538403083
32,486489.4318053801,9239436.338119436,2025-08-10,0.3331695636505198,-7.864548602203223,-14.225401620350585
32,486489.4318053801,9239436.338119436,2025-08-22,0.4097771892909319,-7.584257745009956,-14.30454453690294
32,486489.4318053801,9239436.338119436,2025-09-03,0.45900104600875224,-5.703794370659617,-13.398248378887345
32,486489.4318053801,9239436.338119436,2025-09-15,0.3338040059645751,-7.109799113952054,-12.921566063828722
32,486489.4318053801,9239436.338119436,2025-09-27,0.3603806522891202,-7.4212075640271795,-14.141225384089013
32,486489.4318053801,9239436.338119436,2025-10-09,0.25930557351649114,-8.964928811893623,-14.798891373376039
32,486489.4318053801,9239436.338119436,2025-10-21,0.3117632911004341,-7.853442086250293,-13.84437838019817
32,486489.4318053801,9239436.338119436,2025-11-02,0.2729706118120654,-7.8362499797661656,-13.163348147226722
33,457806.0808996355,9249295.270328602,2024-11-07,0.1046786261097629,-11.29721375974031,-16.34850228729399
33,457806.0808996355,9249295.270328602,2024-11-19,0.029173357929982727,-12.371973054797923,-16.568497340245475
33,457806.0808996355,9249295.270328602,2024-12-01,0.02237140981364137,-12.665680688630456,-16.793430962396712
33,457806.0808996355,9249295.270328602,2024-12-13,0.07024248711943057,-11.03144950404014,-15.83102826431837
33,457806.0808996355,9249295.270328602,2024-12-25,0.09035506314564395,-10.11599834463826,-15.392366040514624
33,457806.0808996355,9249295.270328602,2025-01-06,0.006731573344504804,-12.767806478825925,-16.713468987327033
33,457806.0808996355,9249295.270328602,2025-01-18,0.1520584891096216,-9.377606277046349,-14.913225386474918
33,457806.0808996355,9249295.270328602,2025-01-30,0.1254506468538144,-9.187434595499735,-14.398061892795202
33,457806.0808996355,9249295.270328602,2025-02-11,0.17984333192703642,-7.906860101695618,-13.71208455788812
33,457806.0808996355,9249295.270328602,2025-02-23,0.30570539930511154,-5.825602387407852,-13.043552679626195
33,457806.0808996355,9249295.270328602,2025-03-07,0.3102830838227454,-6.220189716167283,-13.133615791887044
33,457806.0808996355,9249295.270328602,2025-03-19,0.3673188776540145,-5.610125898905386,-13.553223561972272
33,457806.0808996355,9249295.270328602,2025-03-31,0.19640181430622305,-8.203306985636809,-14.21822194215578
33,457806.0808996355,9249295.270328602,2025-04-12,0.13659897299049037,-8.548753975673977,-14.389539111652521
33,457806.0808996355,9249295.270328602,2025-04-24,0.053934107588705996,-10.077657359772138,-14.935959424674548
33,457806.0808996355,9249295.270328602,2025-05-06,0.048189774310903585,-10.674866354651623,-15.2125523182391
33,457806.0808996355,9249295.270328602,2025-05-18,0.1125683022230812,-9.01328319332833,-14.19831356237298
33,457806.0808996355,9249295.270328602,2025-05-30,0.17321175223001725,-9.538228059190308,-15.33261029829686
33,457806.0808996355,9249295.270328602,2025-06-11,0.3130546630840839,-8.919263350306563,-15.795388070215683
33,457806.0808996355,9249295.270328602,2025-06-23,0.2895788986050571,-8.644570706750393,-14.961150986814271
33,457806.0808996355,9249295.270328602,2025-07-05,0.19033337792783692,-9.87851580669502,-15.046567683543776
33,457806.0808996355,9249295.270328602,2025-07-17,0.1565083308333591,-10.405691484720016,-15.06427231108528
33,457806.0808996355,9249295.270328602,2025-07-29,0.2399631852028395,-7.917056683645857,-14.18082181533903
33,457806.0808996355,9249295.270328602,2025-08-10,0.13166600387589827,-8.128623213958848,-13.416071489623764
33,457806.0808996355,9249295.270328602,2025-08-22,0.1670690433159951,-7.99849675690421,-14.376567257803167
33,457806.0808996355,9249295.270328602,2025-09-03,0.12969852481481003,-9.087103965371327,-14.622753375393838
33,457806.0808996355,9249295.270328602,2025-09-15,0.09204017568632053,-9.604352571976813,-14.765675883053863
33,457806.0808996355,9249295.270328602,2025-09-27,0.09943332171407629,-10.029458672665955,-15.131914965659089
33,457806.0808996355,9249295.270328602,2025-10-09,0.03303354162549746,-11.181555028764885,-15.440283778123028
33,457806.0808996355,9249295.270328602,2025-10-21,0.09563104781777569,-9.461009189339647,-14.624789900885158
33,457806.0808996355,9249295.270328602,2025-11-02,0.08461027261627033,-10.278909547088297,-15.048518960373315
34,462833.5206671291,9254630.571585642,2024-11-07,0.3568839019528485,-6.171375357800774,-11.469780149628889
34,462833.5206671291,9254630.571585642,2024-11-19,0.3370535606288296,-7.379356497422491,-13.952762694712689
34,462833.5206671291,9254630.571585642,2024-12-01,0.3319649288673025,-5.736180946620426,-12.354330277549773
34,462833.5206671291,9254630.571585642,2024-12-13,0.3168591826660474,-5.313732898582599,-11.965205511742454
34,462833.5206671291,9254630.571585642,2024-12-25,0.3113376760944909,-6.676609236808939,-12.512529397942942
34,462833.5206671291,9254630.571585642,2025-01-06,0.30635201261385403,-3.5238356307630543,-10.389547510097952
34,462833.5206671291,9254630.571585642,2025-01-18,0.3736387726999737,-6.60637257849693,-11.038004565785783
34,462833.5206671291,9254630.571585642,2025-01-30,0.329945816429582,-5.572677833759126,-12.27921823284992
34,462833.5206671291,9254630.571585642,2025-02-11,0.3054151860404831,-2.781401524331457,-10.445440824007168
34,462833.5206671291,9254630.571585642,2025-02-23,0.3316001176921262,-5.4332646042789206,-12.02785340136541
34,462833.5206671291,9254630.571585642,2025-03-07,0.31815926544052625,-3.770537457704658,-10.870480538513487
34,462833.5206671291,9254630.571585642,2025-03-19,0.34484140241042693,-6.034057916900819,-11.980806429598504
34,462833.5206671291,9254630.571585642,2025-03-31,0.3603369336957524,-9.12675476911997,-14.660919999684678
34,462833.5206671291,9254630.571585642,2025-04-12,0.3416139689426447,-5.745570241182181,-11.915990911181908
34,462833.5206671291,9254630.571585642,2025-04-24,0.35103194814938027,-6.506326089412745,-12.573976671119215
34,462833.5206671291,9254630.571585642,2025-05-06,0.36347271162375944,-6.457166495070274,-11.747990409978478
34,462833.5206671291,9254630.571585642,2025-05-18,0.3432243944488446,-5.090925765041825,-11.00640239704986
34,462833.5206671291,9254630.571585642,2025-05-30,0.344185886828342,-4.8894281338830625,-10.707031647105287
34,462833.5206671291,9254630.571585642,2025-06-11,0.357826318562717,-5.77323818293741,-11.337048671374134
34,462833.5206671291,9254630.571585642,2025-06-23,0.35534505595945076,-5.505975042752172,-11.184938060363539
34,462833.5206671291,9254630.571585642,2025-07-05,0.3464878333972948,-6.306960951414348,-12.899306984063257
34,462833.5206671291,9254630.571585642,2025-07-17,0.3704919598916078,-5.95314548184435,-11.04000501341406
34,462833.5206671291,9254630.571585642,2025-07-29,0.36456541926528097,-6.494979375380591,-11.639626624844315
34,462833.5206671291,9254630.571585642,2025-08-10,0.3636120203726281,-7.444319873214603,-12.310776258810002
34,462833.5206671291,9254630.571585642,2025-08-22,0.36024856878094014,-6.759504397633143,-11.903465201978815
34,462833.5206671291,9254630.571585642,2025-09-03,0.3511668079362036,-5.599502006592338,-11.451760024660526
34,462833.5206671291,9254630.571585642,2025-09-15,0.36779520461487963,-6.695020085981975,-11.52150839251437
34,462833.5206671291,9254630.571585642,2025-09-27,0.3480593076279807,-7.148695860758162,-13.078073533344936
34,462833.5206671291,9254630.571585642,2025-10-09,0.33381528810908667,-5.866396877988328,-12.087534453138238
34,462833.5206671291,9254630.571585642,2025-10-21,0.3508809027923375,-5.73207147172634,-11.255002890407054
34,462833.5206671291,9254630.571585642,2025-11-02,0.338694182877761,-4.887700376950203,-11.00977136787943
35,473328.91308432067,9248439.33863097,2024-11-07,0.24570063419597238,-6.50787381225344,-13.41374380099992
35,473328.91308432067,9248439.33863097,2024-11-19,0.28039022295259625,-7.5209722002631345,-13.899951272258823
35,473328.91308432067,9248439.33863097,2024-12-01,0.21948896306656346,-5.945825757257695,-12.712205885755377
35,473328.91308432067,9248439.33863097,2024-12-13,0.19873461618109395,-5.809152096972442,-12.381912263649117
35,473328.91308432067,9248439.33863097,2024-12-25,0.2911106108983524,-7.355356626567842,-13.687915374988092
35,473328.91308432067,9248439.33863097,2025-01-06,0.30649307934488895,-8.017449892451264,-14.05849182621254
35,473328.91308432067,9248439.33863097,2025-01-18,0.22306964955734934,-6.042009820505526,-12.776882537107847
35,473328.91308432067,9248439.33863097,2025-01-30,0.30699386517027494,-8.312710998659746,-14.269200559349478
35,473328.91308432067,9248439.33863097,2025-02-11,0.22685285512817627,-6.172716972789536,-12.803247778034939
35,473328.91308432067,9248439.33863097,2025-02-23,0.201733600741612,-5.559495098620074,-12.260735341264892
35,473328.91308432067,9248439.33863097,2025-03-07,0.2813849404539885,-7.560421228316338,-13.899549395316402
35,473328.91308432067,9248439.33863097,2025-03-19,0.193510716282842,-6.039739481621047,-12.515177882869018
35,473328.91308432067,9248439.33863097,2025-03-31,0.31841265772257754,-8.634921263701191,-14.4531155477556
35,473328.91308432067,9248439.33863097,2025-04-12,0.26254762274907884,-7.101199710029813,-13.790194165666417
35,473328.91308432067,9248439.33863097,2025-04-24,0.2599707907888012,-7.156187088037968,-13.72102834520732
35,473328.91308432067,9248439.33863097,2025-05-06,0.26552124134863175,-7.382562158972713,-13.614151428391837
35,473328.91308432067,9248439.33863097,2025-05-18,0.23314290513082178,-6.8941847958723095,-13.003696546314336
35,473328.91308432067,9248439.33863097,2025-05-30,0.23068396704626384,-6.213279348217216,-12.962422522929256
35,473328.91308432067,9248439.33863097,2025-06-11,0.256282455204678,-6.9236718941121564,-13.39194212601667
35,473328.91308432067,9248439.33863097,2025-06-23,0.2649738037165338,-7.025489052551634,-13.2254344686733
35,473328.91308432067,9248439.33863097,2025-07-05,0.23764761625338388,-6.488075865496592,-12.961588152918697
35,473328.91308432067,9248439.33863097,2025-07-17,0.26462126277660175,-7.603139041592996,-13.02527144958376
35,473328.91308432067,9248439.33863097,2025-07-29,0.2804564291790582,-7.458600005852362,-13.680071905310045
35,473328.91308432067,9248439.33863097,2025-08-10,0.2663338261028603,-6.815390899826989,-13.711451546526156
35,473328.91308432067,9248439.33863097,2025-08-22,0.34873031188027154,-9.06439558271944,-14.997623433595315
35,473328.91308432067,9248439.33863097,2025-09-03,0.29926760735092606,-8.164381452792842,-14.614756547186555
35,473328.91308432067,9248439.33863097,2025-09-15,0.2660745715628872,-6.828886943621903,-13.867715194293485
35,473328.91308432067,9248439.33863097,2025-09-27,0.28650967988397474,-7.5815380177619796,-14.160298615069449
35,473328.91308432067,9248439.33863097,2025-10-09,0.2364802299476948,-6.944372723068385,-13.520189194128188
35,473328.91308432067,9248439.33863097,2025-10-21,0.25945894218435805,-6.840972230537263,-13.32756546888665
35,473328.91308432067,9248439.33863097,2025-11-02,0.24011738598295454,-6.387075525597602,-13.247690029486265
36,459712.4633315662,9237210.55237026,2024-11-07,0.1715023617869549,-3.192652811712792,-9.40138824733405
36,459712.4633315662,9237210.55237026,2024-11-19,0.1874274258243402,-1.2883315650264997,-7.059568184513795
36,459712.4633315662,9237210.55237026,2024-12-01,0.18848518736768108,-1.8769759616203645,-8.277138029107897
36,459712.4633315662,9237210.55237026,2024-12-13,0.15323796244233556,-4.678905712374453,-10.662782304459979
36,459712.4633315662,9237210.55237026,2024-12-25,0.15232149545117774,-5.661071165661763,-12.246824849783971
36,459712.4633315662,9237210.55237026,2025-01-06,0.1520466626892643,-5.340929036532306,-11.369831692569113
36,459712.4633315662,9237210.55237026,2025-01-18,0.15696023737709996,-5.537367870107205,-12.211466225865108
36,459712.4633315662,9237210.55237026,2025-01-30,0.1874543391549425,-4.13244485676343,-12.457161657450204
36,459712.4633315662,9237210.55237026,2025-02-11,0.19998759728963855,-3.27023529148532,-12.017946316109525
36,459712.4633315662,9237210.55237026,2025-02-23,0.18798120234540092,-1.7510790968636194,-7.990216992229258
36,459712.4633315662,9237210.55237026,2025-03-07,0.20890708117646473,-3.13938803132179,-12.537866853339198
36,459712.4633315662,9237210.55237026,2025-03-19,0.17995737954752203,-1.9220643346077761,-7.462562736674467
36,459712.4633315662,9237210.55237026,2025-03-31,0.2426826564496365,-0.919675695511724,-11.634454331469954
36,459712.4633315662,9237210.55237026,2025-04-12,0.18999300419899048,-2.1283664766157093,-8.652662178445016
36,459712.4633315662,9237210.55237026,2025-04-24,0.1861441324153942,-0.5527364041179479,-5.560261228901347
36,459712.4633315662,9237210.55237026,2025-05-06,0.1998263985317443,-1.4207430542628137,-8.494377284613371
36,459712.4633315662,9237210.55237026,2025-05-18,0.18737353193442077,-3.912568745406456,-11.890071428308548
36,459712.4633315662,9237210.55237026,2025-05-30,0.18074734464901374,0.0042264126006155145,-3.9700795538964666
36,459712.4633315662,9237210.55237026,2025-06-11,0.18807571419853486,-2.1634567223561354,-8.75940906460465
36,459712.4633315662,9237210.55237026,2025-06-23,0.18096435110675355,-1.6157039143544534,-7.032000929385969
36,459712.4633315662,9237210.55237026,2025-07-05,0.14531590191579657,-5.525593464489526,-10.702058666349487
36,459712.4633315662,9237210.55237026,2025-07-17,0.19769932703274246,-1.0889749552056731,-7.537436386797426
36,459712.4633315662,9237210.55237026,2025-07-29,0.17432683902281654,-4.843831384541647,-12.435638184119231
36,459712.4633315662,9237210.55237026,2025-08-10,0.1862186905774427,-3.3094911580776003,-10.752276793659505
36,459712.4633315662,9237210.55237026,2025-08-22,0.19126774641801458,0.0021256659768371655,-4.811961518777831
36,459712.4633315662,9237210.55237026,2025-09-03,0.19215765817965774,1.052636880772066,-3.084925092196354
36,459712.4633315662,9237210.55237026,2025-09-15,0.198626080343923,-1.819220641210157,-9.245583348630854
36,459712.4633315662,9237210.55237026,2025-09-27,0.18621097235461287,-3.6900483360704475,-11.400880871926311
36,459712.4633315662,9237210.55237026,2025-10-09,0.19177814699847753,-0.944661987865139,-6.952438384124289
36,459712.4633315662,9237210.55237026,2025-10-21,0.19660168354684593,0.9926386955749678,-3.7184340889882126
36,459712.4633315662,9237210.55237026,2025-11-02,0.19572717083662172,1.237645285582234,-3.0602423925553675
37,481201.85098582914,9231985.149185553,2024-11-07,0.27282438214185956,-6.945133430894648,-15.19707203432092
37,481201.85098582914,9231985.149185553,2024-11-19,0.1758850173987489,-14.057830819649343,-19.591177988607463
37,481201.85098582914,9231985.149185553,2024-12-01,0.2379940652569029,-11.843212959711185,-18.352478496094488
37,481201.85098582914,9231985.149185553,2024-12-13,0.32217897764152736,-10.128768750147508,-16.80197172841957
37,481201.85098582914,9231985.149185553,2024-12-25,0.2940796388567701,-8.989144211537269,-15.833229849814463
37,481201.85098582914,9231985.149185553,2025-01-06,0.3718598509861515,-10.114952095287483,-14.8303473005796
37,481201.85098582914,9231985.149185553,2025-01-18,0.2950138831909873,-9.296949393480759,-15.745219621750373
37,481201.85098582914,9231985.149185553,2025-01-30,0.32514872423742447,-7.968403415211588,-14.365067198399485
37,481201.85098582914,9231985.149185553,2025-02-11,0.338431075976743,-8.134352296535189,-13.659363288811411
37,481201.85098582914,9231985.149185553,2025-02-23,0.33006004694418023,-9.048555065500672,-13.972109172610715
37,481201.85098582914,9231985.149185553,2025-03-07,0.3670245906263153,-5.444067034568754,-12.535061857337471
37,481201.85098582914,9231985.149185553,2025-03-19,0.26158667837530925,-9.538428343090308,-15.431408339450506
37,481201.85098582914,9231985.149185553,2025-03-31,0.2836742722460194,-8.159676498537511,-16.47671317889871
37,481201.85098582914,9231985.149185553,2025-04-12,0.22858535925684276,-12.008515792272316,-18.97472172213423
37,481201.85098582914,9231985.149185553,2025-04-24,0.25619076394375867,-10.863397305773107,-18.32972522781903
37,481201.85098582914,9231985.149185553,2025-05-06,0.3162060182072637,-7.853502972108102,-16.263060376325907
37,481201.85098582914,9231985.149185553,2025-05-18,0.38972882327313757,-5.788876033594573,-13.661950314059398
37,481201.85098582914,9231985.149185553,2025-05-30,0.29498352459091637,-8.573774364000798,-15.840492465539718
37,481201.85098582914,9231985.149185553,2025-06-11,0.3251335613485436,-7.764014507173644,-14.392333034715355
37,481201.85098582914,9231985.149185553,2025-06-23,0.3826596700106608,-7.775961563789605,-13.808721647092765
37,481201.85098582914,9231985.149185553,2025-07-05,0.3561556104538283,-5.353266170278181,-13.106710589987735
37,481201.85098582914,9231985.149185553,2025-07-17,0.3032014157161549,-7.565237436855984,-13.821724845953172
37,481201.85098582914,9231985.149185553,2025-07-29,0.3038576380250454,-7.1764093124043296,-14.005699688239666
37,481201.85098582914,9231985.149185553,2025-08-10,0.32551252890715654,-5.898554971317745,-13.237792295032463
37,481201.85098582914,9231985.149185553,2025-08-22,0.3168529643758019,-8.002416481512713,-15.341106908323615
37,481201.85098582914,9231985.149185553,2025-09-03,0.3119522419365413,-8.991587593923283,-14.9122599244294
37,481201.85098582914,9231985.149185553,2025-09-15,0.3153270328862328,-7.631771743072487,-14.21835244707323
37,481201.85098582914,9231985.149185553,2025-09-27,0.2905973381341842,-9.119102136851492,-15.995769968244295
37,481201.85098582914,9231985.149185553,2025-10-09,0.2169044739062092,-12.083786327859272,-18.932863350646333
37,481201.85098582914,9231985.149185553,2025-10-21,0.2365188490508212,-11.66936321178964,-18.085410832791293
37,481201.85098582914,9231985.149185553,2025-11-02,0.253050167191184,-10.535899115735496,-17.746310575338008
38,459945.74270521745,9246726.280926006,2024-11-07,0.01323715187627797,-15.984558615607202,-20.51246362232407
38,459945.74270521745,9246726.280926006,2024-11-19,0.06664220622546732,-14.52313436291239,-19.713127092335526
38,459945.74270521745,9246726.280926006,2024-12-01,0.17905739691392586,-12.897613050034288,-20.347241138354555
38,459945.74270521745,9246726.280926006,2024-12-13,0.24906917193750536,-9.815453416624024,-17.436855574549366
38,459945.74270521745,9246726.280926006,2024-12-25,0.2756558726097658,-8.420655234450287,-15.696021013698813
38,459945.74270521745,9246726.280926006,2025-01-06,0.34617674589262426,-6.826973607807229,-15.07871821911187
38,459945.74270521745,9246726.280926006,2025-01-18,0.2217116248003331,-8.747276323281849,-14.94500475244515
38,459945.74270521745,9246726.280926006,2025-01-30,0.2997898292972403,-7.396464876702806,-15.031227509848712
38,459945.74270521745,9246726.280926006,2025-02-11,0.2764535696969709,-7.197236373792744,-14.042567286818045
38,459945.74270521745,9246726.280926006,2025-02-23,0.31763978888879923,-6.278588558670546,-13.7589300639989
38,459945.74270521745,9246726.280926006,2025-03-07,0.30458768956227517,-4.907996224237071,-12.203190632294817
38,459945.74270521745,9246726.280926006,2025-03-19,0.17012523726829387,-8.555952451154937,-13.726881197178287
38,459945.74270521745,9246726.280926006,2025-03-31,0.2341288800960335,-9.20754541041056,-16.03679930949591
38,459945.74270521745,9246726.280926006,2025-04-12,0.18809114343837816,-9.996483988720072,-16.47411242535833
38,459945.74270521745,9246726.280926006,2025-04-24,0.07311768911130714,-14.30974737394139,-19.8093987267621
38,459945.74270521745,9246726.280926006,2025-05-06,0.20643054576366493,-11.749391749582522,-19.69859491656403
38,459945.74270521745,9246726.280926006,2025-05-18,0.2560939689062346,-10.11559762801257,-18.321338464895106
38,459945.74270521745,9246726.280926006,2025-05-30,0.27098021630998514,-8.690700363221659,-16.270261088815882
38,459945.74270521745,9246726.280926006,2025-06-11,0.31259487383059087,-8.122034414451718,-15.500493334104288
38,459945.74270521745,9246726.280926006,2025-06-23,0.38246131474030265,-6.363321839344382,-15.194363792145914
38,459945.74270521745,9246726.280926006,2025-07-05,0.2818917143050604,-7.101315012401493,-13.221580735340824
38,459945.74270521745,9246726.280926006,2025-07-17,0.2801250522635175,-6.453612495518945,-12.875384361267333
38,459945.74270521745,9246726.280926006,2025-07-29,0.2762326061328924,-5.629066448406142,-12.332385952786083
38,459945.74270521745,9246726.280926006,2025-08-10,0.21262573984785182,-7.000923217061054,-12.239087210325764
38,459945.74270521745,9246726.280926006,2025-08-22,0.22978141619700748,-8.030358197942345,-13.935254227375497
38,459945.74270521745,9246726.280926006,2025-09-03,0.2639839994096652,-7.475741835200712,-14.041075534715151
38,459945.74270521745,9246726.280926006,2025-09-15,0.22673802414470878,-7.942304740416246,-13.377050652556079
38,459945.74270521745,9246726.280926006,2025-09-27,0.1789028603737593,-10.875201375000183,-17.113152579668157
38,459945.74270521745,9246726.280926006,2025-10-09,0.008526874935512407,-15.740294934124336,-19.888014986001952
38,459945.74270521745,9246726.280926006,2025-10-21,0.026957733542630757,-16.45914682059471,-21.741231775161395
38,459945.74270521745,9246726.280926006,2025-11-02,0.3131940922219378,-10.273308886602429,-20.01048028345715
39,464219.2011975178,9220106.23683558,2024-11-07,0.4839402549412361,-8.30487630475535,-13.718909719659612
39,464219.2011975178,9220106.23683558,2024-11-19,0.42697868760540664,-9.065486471382092,-15.824741936620207
39,464219.2011975178,9220106.23683558,2024-12-01,0.4590453340362979,-7.868808621666205,-14.172843318071811
39,464219.2011975178,9220106.23683558,2024-12-13,0.44214352470885193,-8.95228534340907,-15.38332210757568
39,464219.2011975178,9220106.23683558,2024-12-25,0.48331978713274004,-7.5254758278763125,-13.250568351823869
39,464219.2011975178,9220106.23683558,2025-01-06,0.49523196187031837,-6.849929547143309,-13.11403581501078
39,464219.2011975178,9220106.23683558,2025-01-18,0.4980486284149294,-5.306808740814005,-11.518061493646071
39,464219.2011975178,9220106.23683558,2025-01-30,0.41892138989948097,-10.26740886098789,-16.765622195843985
39,464219.2011975178,9220106.23683558,2025-02-11,0.5070330347472835,-6.437190193600626,-11.91035351218728
39,464219.2011975178,9220106.23683558,2025-02-23,0.46519657433680106,-4.398838962709578,-11.965395828887655
39,464219.2011975178,9220106.23683558,2025-03-07,0.48684731097674816,-4.620231551560664,-11.450634721036636
39,464219.2011975178,9220106.23683558,2025-03-19,0.4410579239199225,-4.6528693483671155,-12.67643636257316
39,464219.2011975178,9220106.23683558,2025-03-31,0.45123317932546364,-6.744025317017789,-14.042375991213818
39,464219.2011975178,9220106.23683558,2025-04-12,0.4773571042515548,-7.0182867288186825,-13.177179321549968
39,464219.2011975178,9220106.23683558,2025-04-24,0.48579051877835505,-5.9581320056734075,-12.424195906109613
39,464219.2011975178,9220106.23683558,2025-05-06,0.44747967734547484,-6.587166872018406,-13.529158648100486
39,464219.2011975178,9220106.23683558,2025-05-18,0.3966160100186904,-7.713594779316125,-14.183327021691971
39,464219.2011975178,9220106.23683558,2025-05-30,0.46646543962195863,-7.70862714589536,-13.8587015502161
39,464219.2011975178,9220106.23683558,2025-06-11,0.46823187741227174,-8.128647337147695,-13.659334807912039
39,464219.2011975178,9220106.23683558,2025-06-23,0.4654226559919297,-7.014456383709086,-13.28685612287649
39,464219.2011975178,9220106.23683558,2025-07-05,0.5015342183958099,-8.523188503822665,-13.290940459768365
39,464219.2011975178,9220106.23683558,2025-07-17,0.45022943449704506,-5.921815531180771,-13.048467207110928
39,464219.2011975178,9220106.23683558,2025-07-29,0.4074742043672411,-8.697276304819043,-16.372360282279505
39,464219.2011975178,9220106.23683558,2025-08-10,0.42454554026235886,-7.786996925500156,-14.966168295005458
39,464219.2011975178,9220106.23683558,2025-08-22,0.4796964112621532,-7.57266603390769,-14.31320268222773
39,464219.2011975178,9220106.23683558,2025-09-03,0.49472295788190745,-8.934045575448437,-14.092807509148983
39,464219.2011975178,9220106.23683558,2025-09-15,0.5181545234702565,-7.1242105796499535,-12.344669144266888
39,464219.2011975178,9220106.23683558,2025-09-27,0.47412472037728537,-8.144276609800173,-13.885074615455151
39,464219.2011975178,9220106.23683558,2025-10-09,0.5099403688690397,-6.507925791583538,-11.883182593537361
39,464219.2011975178,9220106.23683558,2025-10-21,0.5024570751305087,-7.820793545190489,-13.245901884752078
39,464219.2011975178,9220106.23683558,2025-11-02,0.45010949626196406,-7.585248124064393,-14.273171172003442
40,462733.3934012915,9220536.896055946,2024-11-07,0.21627413696961392,-4.958444726423338,-9.146851563368342
40,462733.3934012915,9220536.896055946,2024-11-19,0.2216793031282564,-6.027528866202937,-10.297870205651803
40,462733.3934012915,9220536.896055946,2024-12-01,0.20871026293584277,-5.9032711975438135,-10.927411504528392
40,462733.3934012915,9220536.896055946,2024-12-13,0.2073772500479284,-3.4952042874926543,-10.293685711581528
40,462733.3934012915,9220536.896055946,2024-12-25,0.21494428996885895,-5.1382660576126,-9.96685582247129
40,462733.3934012915,9220536.896055946,2025-01-06,0.25769066469762175,-4.907012311472565,-9.384974958946904
40,462733.3934012915,9220536.896055946,2025-01-18,0.22391460433746993,-4.255535200643308,-8.15451283415335
40,462733.3934012915,9220536.896055946,2025-01-30,0.21563768093103758,-4.084475139560203,-9.438728442233078
40,462733.3934012915,9220536.896055946,2025-02-11,0.22110700002898603,-4.630685188863734,-8.681502528674965
40,462733.3934012915,9220536.896055946,2025-02-23,0.2089265265478757,-6.322263652475784,-10.981295077612831
40,462733.3934012915,9220536.896055946,2025-03-07,0.2050749851737815,-5.009487673699671,-9.489855222783502
40,462733.3934012915,9220536.896055946,2025-03-19,0.19265119107138506,-5.038478541594427,-9.944174585415917
40,462733.3934012915,9220536.896055946,2025-03-31,0.20916585618391687,-6.019472558610463,-10.879248339655545
40,462733.3934012915,9220536.896055946,2025-04-12,0.21617089061409206,-5.412122577722489,-9.175410702176622
40,462733.3934012915,9220536.896055946,2025-04-24,0.20629304372181195,-5.785313955080199,-10.4400683082763
40,462733.3934012915,9220536.896055946,2025-05-06,0.19735920279590566,-5.719564926833346,-10.129559238318144
40,462733.3934012915,9220536.896055946,2025-05-18,0.20351950512308317,-6.077973081421302,-10.450651220321358
40,462733.3934012915,9220536.896055946,2025-05-30,0.2045439878697013,-6.450632484370828,-11.707456290304608
40,462733.3934012915,9220536.896055946,2025-06-11,0.22281651076928521,-6.4969651532921375,-10.319198092875181
40,462733.3934012915,9220536.896055946,2025-06-23,0.2143879772182197,-6.429478910076783,-10.320072241317815
40,462733.3934012915,9220536.896055946,2025-07-05,0.2074027237341891,-6.387235854347392,-11.238070537985998
40,462733.3934012915,9220536.896055946,2025-07-17,0.20881921353482213,-6.084794464079921,-11.12613213083327
40,462733.3934012915,9220536.896055946,2025-07-29,0.20957349446517265,-6.234456567266717,-11.311051608627832
40,462733.3934012915,9220536.896055946,2025-08-10,0.21254333526016234,-4.490432531746461,-10.210346669839794
40,462733.3934012915,9220536.896055946,2025-08-22,0.2129740143910789,-5.7165361499243685,-10.442025879330707
40,462733.3934012915,9220536.896055946,2025-09-03,0.20360524808289854,-6.202396739426159,-11.495265038730594
40,462733.3934012915,9220536.896055946,2025-09-15,0.21143671553677565,-5.223456326378381,-9.904980080200032
40,462733.3934012915,9220536.896055946,2025-09-27,0.21140604653629588,-5.585254914600682,-9.811828869719712
40,462733.3934012915,9220536.896055946,2025-10-09,0.21955772468142773,-4.881763566839741,-9.662090849018345
40,462733.3934012915,9220536.896055946,2025-10-21,0.2143217516780961,-5.511124328023986,-10.483317807116707
40,462733.3934012915,9220536.896055946,2025-11-02,0.20633811636763433,-6.24747903444859,-11.378412156649857
41,459950.5286955755,9224770.966160655,2024-11-07,0.2306843298829573,-6.392467164215123,-14.1411013379131
41,459950.5286955755,9224770.966160655,2024-11-19,0.27427307733811074,-6.016170523526773,-13.291160819431418
41,459950.5286955755,9224770.966160655,2024-12-01,0.26328896412836655,-5.6903415148137375,-13.818198969225714
41,459950.5286955755,9224770.966160655,2024-12-13,0.30545868987286934,-7.218006349715374,-15.160348485086011
41,459950.5286955755,9224770.966160655,2024-12-25,0.3037036564968322,-6.569210701431378,-13.528960666101892
41,459950.5286955755,9224770.966160655,2025-01-06,0.30520797537534744,-5.510266441778494,-13.39766408604436
41,459950.5286955755,9224770.966160655,2025-01-18,0.26219922299135545,-5.408600027036587,-13.29651245916074
41,459950.5286955755,9224770.966160655,2025-01-30,0.2879116117463139,-6.784096452073223,-13.472943443334367
41,459950.5286955755,9224770.966160655,2025-02-11,0.2117984632385466,-4.592367717665617,-13.109551140433679
41,459950.5286955755,9224770.966160655,2025-02-23,0.2844521136431559,-6.64019379928901,-13.543936963127821
41,459950.5286955755,9224770.966160655,2025-03-07,0.28562001645950014,-6.533933366083072,-13.163638384887193
41,459950.5286955755,9224770.966160655,2025-03-19,0.2402228992801644,-5.146560251502158,-13.874877033804491
41,459950.5286955755,9224770.966160655,2025-03-31,0.2891721208882177,-8.100049792609212,-16.35478500438989
41,459950.5286955755,9224770.966160655,2025-04-12,0.3066105562152911,-10.055462514161508,-17.386043004137402
41,459950.5286955755,9224770.966160655,2025-04-24,0.32507443280256276,-10.862270951226133,-17.976562918414267
41,459950.5286955755,9224770.966160655,2025-05-06,0.30105345568580594,-8.211571987068947,-15.18905829450954
41,459950.5286955755,9224770.966160655,2025-05-18,0.275795465290201,-6.430152687383556,-13.54885735731749
41,459950.5286955755,9224770.966160655,2025-05-30,0.28828760828224376,-7.200348818127393,-14.387146702522688
41,459950.5286955755,9224770.966160655,2025-06-11,0.3035668518105092,-6.407285606924418,-13.85439918201356
41,459950.5286955755,9224770.966160655,2025-06-23,0.3149189042748731,-7.441690356062546,-14.496533040297631
41,459950.5286955755,9224770.966160655,2025-07-05,0.3005825374292281,-7.690180492987265,-14.085146772736367
41,459950.5286955755,9224770.966160655,2025-07-17,0.30037722669100014,-6.995083834006287,-13.280952166113352
41,459950.5286955755,9224770.966160655,2025-07-29,0.2673635116418512,-5.862830208040739,-13.304529460654715
41,459950.5286955755,9224770.966160655,2025-08-10,0.26592126526289506,-6.363300931321613,-13.079558269745664
41,459950.5286955755,9224770.966160655,2025-08-22,0.2590651750473566,-5.153521244691777,-13.540566580863022
41,459950.5286955755,9224770.966160655,2025-09-03,0.2762218877217153,-6.5823474636884995,-13.766543260507062
41,459950.5286955755,9224770.966160655,2025-09-15,0.23368644417897338,-3.8967790586148254,-11.973473581969168
41,459950.5286955755,9224770.966160655,2025-09-27,0.24593852999955573,-4.705045751029033,-12.981695371723134
41,459950.5286955755,9224770.966160655,2025-10-09,0.26558079654375905,-4.914624870012288,-13.28256514376012
41,459950.5286955755,9224770.966160655,2025-10-21,0.27745569540762144,-6.449877892907993,-14.126839494108117
41,459950.5286955755,9224770.966160655,2025-11-02,0.26796215125655864,-5.843922555315739,-13.628391428311401
42,479352.9287121297,9232148.317847133,2024-11-07,0.1676802848441386,-8.845158381929116,-15.928993868874386
42,479352.9287121297,9232148.317847133,2024-11-19,0.21055698764343272,-12.208223935345828,-17.75122104188241
42,479352.9287121297,9232148.317847133,2024-12-01,0.22555350183409648,-7.363214761355362,-14.443845657777132
42,479352.9287121297,9232148.317847133,2024-12-13,0.2657600850260219,-9.225808295447534,-16.823699896924744
42,479352.9287121297,9232148.317847133,2024-12-25,0.2760728448405863,-9.070212375568829,-15.364965340055367
42,479352.9287121297,9232148.317847133,2025-01-06,0.39198369005175704,-8.136983156698562,-17.001452366282724
42,479352.9287121297,9232148.317847133,2025-01-18,0.22360613900878748,-7.4216237336378885,-14.44112550623832
42,479352.9287121297,9232148.317847133,2025-01-30,0.2077049564442315,-7.638195764861628,-14.221749056278973
42,479352.9287121297,9232148.317847133,2025-02-11,0.1763622714341962,-8.300241459902248,-13.967417524373081
42,479352.9287121297,9232148.317847133,2025-02-23,0.16853901056806178,-9.09803185387372,-14.382934785941549
42,479352.9287121297,9232148.317847133,2025-03-07,0.18515639313736854,-8.54436989265467,-14.364313468123
42,479352.9287121297,9232148.317847133,2025-03-19,0.15141111358192574,-7.246812566747995,-13.383582766012397
42,479352.9287121297,9232148.317847133,2025-03-31,0.16784004293402502,-9.04779278753417,-15.038219139160576
42,479352.9287121297,9232148.317847133,2025-04-12,0.17678356839400577,-10.677600571243044,-17.73235970585653
42,479352.9287121297,9232148.317847133,2025-04-24,0.2441957937149091,-9.332949127194677,-16.713794125360305
42,479352.9287121297,9232148.317847133,2025-05-06,0.2775135668713216,-8.997231830933044,-17.369006306529442
42,479352.9287121297,9232148.317847133,2025-05-18,0.29141173051602476,-7.081861884057696,-14.770089201817887
42,479352.9287121297,9232148.317847133,2025-05-30,0.2553081521024386,-6.580745910473729,-14.568697631158217
42,479352.9287121297,9232148.317847133,2025-06-11,0.34081668466711046,-7.94225321618996,-15.51168928406716
42,479352.9287121297,9232148.317847133,2025-06-23,0.294466646514117,-7.401261128832694,-14.26370841535566
42,479352.9287121297,9232148.317847133,2025-07-05,0.14325704561469915,-7.214318833429363,-12.346920792160423
42,479352.9287121297,9232148.317847133,2025-07-17,0.2185267229783146,-4.215502972326191,-13.105479343390511
42,479352.9287121297,9232148.317847133,2025-07-29,0.19194667261090553,-6.586746612725415,-13.53808066147133
42,479352.9287121297,9232148.317847133,2025-08-10,0.21771212647782798,-7.066136008132285,-14.397919998171924
42,479352.9287121297,9232148.317847133,2025-08-22,0.23082600261188413,-6.843237227731068,-14.239545144900005
42,479352.9287121297,9232148.317847133,2025-09-03,0.1734506321914061,-7.735409954649897,-13.601251299275619
42,479352.9287121297,9232148.317847133,2025-09-15,0.20811961961350545,-6.605409665795695,-13.858636482638815
42,479352.9287121297,9232148.317847133,2025-09-27,0.21582682211301268,-7.258930296138683,-14.13036429208746
42,479352.9287121297,9232148.317847133,2025-10-09,0.14064933514861372,-8.167233039180429,-14.455490058606081
42,479352.9287121297,9232148.317847133,2025-10-21,0.21098311095347197,-9.2899756336476,-15.551615919533809
42,479352.9287121297,9232148.317847133,2025-11-02,0.2524355659022041,-9.086559078403237,-16.396996957984975
43,449074.88311356417,9230262.884457588,2024-11-07,0.12193260024113364,-4.266107121051143,-10.372001263399627
43,449074.88311356417,9230262.884457588,2024-11-19,0.13455628956417476,-5.06423894988752,-11.219572500820494
43,449074.88311356417,9230262.884457588,2024-12-01,0.12985065831711792,-5.3339716687581955,-10.769384007082081
43,449074.88311356417,9230262.884457588,2024-12-13,0.11212879343709209,-4.769269873967409,-10.641614501672985
43,449074.88311356417,9230262.884457588,2024-12-25,0.10326464003046103,-5.963009813247659,-10.651054011811238
43,449074.88311356417,9230262.884457588,2025-01-06,0.14345600572303352,-3.546341920478778,-11.092017703377147
43,449074.88311356417,9230262.884457588,2025-01-18,0.14171185266029748,-4.1782100380629075,-10.862272284072068
43,449074.88311356417,9230262.884457588,2025-01-30,0.14354895541172638,-3.853004193427524,-10.556568319343377
43,449074.88311356417,9230262.884457588,2025-02-11,0.1283464245264459,-5.328581595901049,-10.424888716952962
43,449074.88311356417,9230262.884457588,2025-02-23,0.14242632777671646,-4.2732092720834665,-11.228289190321506
43,449074.88311356417,9230262.884457588,2025-03-07,0.1361344360250777,-4.343064788360153,-11.043791429297556
43,449074.88311356417,9230262.884457588,2025-03-19,0.13712529476438948,-5.078763409510191,-10.549324769358641
43,449074.88311356417,9230262.884457588,2025-03-31,0.1383462256641789,-4.432134732644526,-10.673843983122849
43,449074.88311356417,9230262.884457588,2025-04-12,0.14082767473365848,-4.487373008941443,-11.20900423992001
43,449074.88311356417,9230262.884457588,2025-04-24,0.13585740148806996,-4.4403426464268865,-10.797146152401597
43,449074.88311356417,9230262.884457588,2025-05-06,0.1292920637724567,-5.363028569546398,-10.392730351127097
43,449074.88311356417,9230262.884457588,2025-05-18,0.1436461950121516,-4.612360148797155,-11.237622377502303
43,449074.88311356417,9230262.884457588,2025-05-30,0.13606063447001668,-4.608028299476237,-10.55344450764278
43,449074.88311356417,9230262.884457588,2025-06-11,0.14593742458030684,-4.10663818294405,-10.561788841884374
43,449074.88311356417,9230262.884457588,2025-06-23,0.14331182116925642,-4.845135313246247,-10.574731632428145
43,449074.88311356417,9230262.884457588,2025-07-05,0.1554381141277184,-4.179438792666146,-10.885673445767813
43,449074.88311356417,9230262.884457588,2025-07-17,0.14542422606306815,-3.821300078022923,-10.683012495992687
43,449074.88311356417,9230262.884457588,2025-07-29,0.14113079900914316,-4.267720365862769,-10.295213933485762
43,449074.88311356417,9230262.884457588,2025-08-10,0.1436144162896116,-4.151215120273248,-10.72192736394122
43,449074.88311356417,9230262.884457588,2025-08-22,0.14251898608547098,-3.961347705354643,-10.607298884777009
43,449074.88311356417,9230262.884457588,2025-09-03,0.1441357907467997,-4.512150123709385,-10.670041071232566
43,449074.88311356417,9230262.884457588,2025-09-15,0.15192662939918244,-4.49259941240183,-10.83233807096557
43,449074.88311356417,9230262.884457588,2025-09-27,0.14396554544227985,-4.895765999730466,-10.542752440197152
43,449074.88311356417,9230262.884457588,2025-10-09,0.13447001214634932,-5.072166817654888,-10.800416488546604
43,449074.88311356417,9230262.884457588,2025-10-21,0.12352326335874333,-5.250824597046112,-10.434466753089618
43,449074.88311356417,9230262.884457588,2025-11-02,0.14225455329616382,-4.0852409368783915,-10.778751925180087
44,491432.4451316046,9242149.290268747,2024-11-07,0.23072445612507922,-7.594581286334626,-15.441344252330856
44,491432.4451316046,9242149.290268747,2024-11-19,0.19586744014608903,-8.613972975410366,-15.581239608288652
44,491432.4451316046,9242149.290268747,2024-12-01,0.30038086049478263,-7.233470704815269,-13.842559835480461
44,491432.4451316046,9242149.290268747,2024-12-13,0.28718469586703776,-7.426647121531887,-14.047237125860645
44,491432.4451316046,9242149.290268747,2024-12-25,0.35905195704928894,-6.17521909283283,-11.751185152422504
44,491432.4451316046,9242149.290268747,2025-01-06,0.3029002237473555,-7.121914292579373,-13.862263413850263
44,491432.4451316046,9242149.290268747,2025-01-18,0.4156470329128613,-5.1767027428618295,-12.345511178747447
44,491432.4451316046,9242149.290268747,2025-01-30,0.23293274764138255,-7.792917336279783,-15.225530510888136
44,491432.4451316046,9242149.290268747,2025-02-11,0.10885669652847813,-9.608796507169107,-17.150348742737943
44,491432.4451316046,9242149.290268747,2025-02-23,0.06763198345237406,-9.783361837365625,-18.127373132804667
44,491432.4451316046,9242149.290268747,2025-03-07,0.14670737959147218,-7.739319228319672,-15.613106383948601
44,491432.4451316046,9242149.290268747,2025-03-19,0.1310777000362578,-7.987811847749065,-16.24961738043599
44,491432.4451316046,9242149.290268747,2025-03-31,0.02858456715811497,-10.256843850655224,-18.44635577472697
44,491432.4451316046,9242149.290268747,2025-04-12,0.06222184256396493,-9.683524975291538,-17.10654962137479
44,491432.4451316046,9242149.290268747,2025-04-24,0.24948725343873798,-7.305084797156818,-13.716467005901478
44,491432.4451316046,9242149.290268747,2025-05-06,0.28419054730206506,-7.843871308693158,-13.689816297265791
44,491432.4451316046,9242149.290268747,2025-05-18,0.36608601643277056,-6.429357713412571,-12.720131639148748
44,491432.4451316046,9242149.290268747,2025-05-30,0.022429753276787062,-10.921769926079003,-18.453249718272193
44,491432.4451316046,9242149.290268747,2025-06-11,0.23687405329176314,-8.143546511857714,-15.79319774801043
44,491432.4451316046,9242149.290268747,2025-06-23,0.27177338896204006,-7.234459154144764,-14.874489416027357
44,491432.4451316046,9242149.290268747,2025-07-05,0.2108799419562498,-8.109838811239678,-15.572226221953501
44,491432.4451316046,9242149.290268747,2025-07-17,0.2355073629549156,-7.325282753253915,-15.719307948133531
44,491432.4451316046,9242149.290268747,2025-07-29,0.13823874813529363,-9.111521393711916,-17.459932729575808
44,491432.4451316046,9242149.290268747,2025-08-10,0.20112864323868043,-8.459402807532937,-16.141299297802657
44,491432.4451316046,9242149.290268747,2025-08-22,0.38015563011624576,-6.117346935889544,-13.137394477819454
44,491432.4451316046,9242149.290268747,2025-09-03,0.3776354905864091,-7.156755819504311,-13.644612833829088
44,491432.4451316046,9242149.290268747,2025-09-15,0.4147938688995312,-6.921273975842857,-13.34847527114495
44,491432.4451316046,9242149.290268747,2025-09-27,0.32107267236063186,-6.9904887007201815,-13.474455816975818
44,491432.4451316046,9242149.290268747,2025-10-09,0.2593474856871277,-7.534364489823086,-14.149163140349087
44,491432.4451316046,9242149.290268747,2025-10-21,0.27699811336102226,-7.690210093254566,-14.438713477169342
44,491432.4451316046,9242149.290268747,2025-11-02,0.3443551319253934,-6.652636440370853,-13.110994076855278
45,468555.45216687274,9242020.200102998,2024-11-07,0.21804710462247373,-3.328066864417133,-9.502427068504671
45,468555.45216687274,9242020.200102998,2024-11-19,0.1736352147758315,-4.782292047080406,-12.104983566435005
45,468555.45216687274,9242020.200102998,2024-12-01,0.22880936623560572,-4.210925283131382,-9.503375579042494
45,468555.45216687274,9242020.200102998,2024-12-13,0.18621109798305505,-5.245438143576018,-11.174702780375664
45,468555.45216687274,9242020.200102998,2024-12-25,0.210807999595865,-5.0397886118799695,-11.29984590167853
45,468555.45216687274,9242020.200102998,2025-01-06,0.21416829361712966,-5.040578763834002,-11.010797905054654
45,468555.45216687274,9242020.200102998,2025-01-18,0.22171460218236294,-5.164231159806772,-10.39795804566445
45,468555.45216687274,9242020.200102998,2025-01-30,0.20957631042022984,-4.345329694901135,-11.199136860904723
45,468555.45216687274,9242020.200102998,2025-02-11,0.2457090943810401,-3.1516032855929383,-7.733135406622775
45,468555.45216687274,9242020.200102998,2025-02-23,0.22007724517155336,-6.013463077266089,-10.791736196945473
45,468555.45216687274,9242020.200102998,2025-03-07,0.22348323088705938,-5.286160045939889,-12.131807007035288
45,468555.45216687274,9242020.200102998,2025-03-19,0.2273513321216795,-4.260206166275053,-9.643567108750831
45,468555.45216687274,9242020.200102998,2025-03-31,0.24204118843795722,-3.9012126929677065,-9.34131820976999
45,468555.45216687274,9242020.200102998,2025-04-12,0.21294636041465936,-5.424576965454778,-11.69560349919073
45,468555.45216687274,9242020.200102998,2025-04-24,0.22560772006684024,-4.849571774667102,-10.868137572968017
45,468555.45216687274,9242020.200102998,2025-05-06,0.22872018348009515,-4.449023330230566,-10.060036044608228
45,468555.45216687274,9242020.200102998,2025-05-18,0.22837858843709655,-4.156242380290544,-10.261247633595834
45,468555.45216687274,9242020.200102998,2025-05-30,0.2227671140160597,-4.70700255169465,-10.171229670315396
45,468555.45216687274,9242020.200102998,2025-06-11,0.2339133796484135,-3.918453180117978,-9.124100837034396
45,468555.45216687274,9242020.200102998,2025-06-23,0.22626964694179968,-3.8672951308775643,-9.692791642004693
45,468555.45216687274,9242020.200102998,2025-07-05,0.2189825991148441,-4.871112243823804,-11.140228725240505
45,468555.45216687274,9242020.200102998,2025-07-17,0.22913578887833405,-4.756630569111016,-9.511288511805445
45,468555.45216687274,9242020.200102998,2025-07-29,0.2263827439303189,-2.5987357752067073,-8.914182312597175
45,468555.45216687274,9242020.200102998,2025-08-10,0.2181808124774646,-3.3018079204393818,-10.282440847534382
45,468555.45216687274,9242020.200102998,2025-08-22,0.23344886495421854,-4.281482772010869,-9.98187160771994
45,468555.45216687274,9242020.200102998,2025-09-03,0.2199129787991984,-4.145260092024591,-9.97026157907942
45,468555.45216687274,9242020.200102998,2025-09-15,0.21770073661357206,-4.626611701565273,-9.940791799724476
45,468555.45216687274,9242020.200102998,2025-09-27,0.22605649825145566,-3.997234500972163,-9.676749704805662
45,468555.45216687274,9242020.200102998,2025-10-09,0.22443594172140283,-4.642162473587766,-9.683084841239705
45,468555.45216687274,9242020.200102998,2025-10-21,0.22154674236434826,-3.3677450219516825,-9.550834478153003
45,468555.45216687274,9242020.200102998,2025-11-02,0.19787089927204796,-5.21542359527317,-12.465871162670584
46,461674.38594307785,9219924.824686911,2024-11-07,0.23117169622036418,-8.856269026488519,-15.115028571628073
46,461674.38594307785,9219924.824686911,2024-11-19,0.20672966484585428,-7.024562972287575,-13.80063556057277
46,461674.38594307785,9219924.824686911,2024-12-01,0.30257859983527136,-13.126938744374783,-17.442518848101173
46,461674.38594307785,9219924.824686911,2024-12-13,0.004663017680697656,-9.622743398886236,-19.05659397404856
46,461674.38594307785,9219924.824686911,2024-12-25,0.18602154837547163,-9.738023714762654,-16.383355107972452
46,461674.38594307785,9219924.824686911,2025-01-06,0.13268162722518312,-7.089889307217453,-15.18886130081923
46,461674.38594307785,9219924.824686911,2025-01-18,0.2995154961991546,-8.927080924985262,-14.14411542200755
46,461674.38594307785,9219924.824686911,2025-01-30,0.29883226685948233,-16.42179457328914,-20.122603092052852
46,461674.38594307785,9219924.824686911,2025-02-11,0.3456881545890743,-9.932508184028778,-14.250721676472207
46,461674.38594307785,9219924.824686911,2025-02-23,0.2832987148335726,-9.312379384470598,-14.694698483859284
46,461674.38594307785,9219924.824686911,2025-03-07,0.2050035557000539,-7.238500995893595,-14.729508787719197
46,461674.38594307785,9219924.824686911,2025-03-19,0.27027622172018984,-8.060434262850615,-13.963912681310317
46,461674.38594307785,9219924.824686911,2025-03-31,0.23950142767022836,-7.142512124712753,-13.343812788736637
46,461674.38594307785,9219924.824686911,2025-04-12,0.15691600420828045,-5.621828606999137,-13.489142507117931
46,461674.38594307785,9219924.824686911,2025-04-24,0.15223630855418746,-7.125783343237093,-14.767968078686247
46,461674.38594307785,9219924.824686911,2025-05-06,0.14676737467556378,-11.023793558940362,-17.914543936449704
46,461674.38594307785,9219924.824686911,2025-05-18,0.1456060328994736,-11.223232515174763,-18.19051218398096
46,461674.38594307785,9219924.824686911,2025-05-30,0.08714748348195878,-9.875336994223627,-18.09142068646863
46,461674.38594307785,9219924.824686911,2025-06-11,0.11755580186643015,-6.808052613818537,-15.251810055103023
46,461674.38594307785,9219924.824686911,2025-06-23,0.23261832901686186,-11.841627503202945,-17.615548656265812
46,461674.38594307785,9219924.824686911,2025-07-05,0.10612909707293335,-7.947082873349043,-16.27058628365575
46,461674.38594307785,9219924.824686911,2025-07-17,0.2537090744381436,-8.4478498316102,-15.08834758477457
46,461674.38594307785,9219924.824686911,2025-07-29,0.34410606558703116,-8.219038302535392,-13.416565844929735
46,461674.38594307785,9219924.824686911,2025-08-10,0.33930050984211857,-8.304884575590439,-13.411546840791495
46,461674.38594307785,9219924.824686911,2025-08-22,0.28952684180966537,-6.929582369624956,-12.639323012892124
46,461674.38594307785,9219924.824686911,2025-09-03,0.1948030988424762,-5.214364136971206,-12.544807801237075
46,461674.38594307785,9219924.824686911,2025-09-15,0.2233747077550304,-7.338587024367711,-13.748896268339289
46,461674.38594307785,9219924.824686911,2025-09-27,0.1875183253931728,-6.711771763854998,-13.998063331873158
46,461674.38594307785,9219924.824686911,2025-10-09,0.27920619409119457,-7.857880250390034,-13.503036735367887
46,461674.38594307785,9219924.824686911,2025-10-21,0.23055698291928103,-10.977677900107388,-16.881641576276948
46,461674.38594307785,9219924.824686911,2025-11-02,0.2430447229062175,-6.988726592012916,-13.449392255692567
47,459708.35640182823,9229993.107302204,2024-11-07,0.28647973667924165,-10.92483526201192,-16.067865348509994
47,459708.35640182823,9229993.107302204,2024-11-19,0.18150759555825657,-8.893740517734315,-12.836768859511716
47,459708.35640182823,9229993.107302204,2024-12-01,0.302593201808829,-9.184948089311876,-14.769466751332631
47,459708.35640182823,9229993.107302204,2024-12-13,0.3044365467334262,-8.912150152251385,-14.548678331345483
47,459708.35640182823,9229993.107302204,2024-12-25,0.37728645606691413,-9.265219093218201,-14.732560009740876
47,459708.35640182823,9229993.107302204,2025-01-06,0.38704239806544516,-8.516286595182471,-13.871648627014801
47,459708.35640182823,9229993.107302204,2025-01-18,0.2984415966463068,-9.016393979781157,-14.4997437849986
47,459708.35640182823,9229993.107302204,2025-01-30,0.28042497050587073,-8.509851201675017,-13.549573942348237
47,459708.35640182823,9229993.107302204,2025-02-11,0.31480533322779364,-7.028303249149276,-12.96450963824213
47,459708.35640182823,9229993.107302204,2025-02-23,0.2701564427656763,-6.96938250396679,-11.781790212848117
47,459708.35640182823,9229993.107302204,2025-03-07,0.3203043585996888,-9.740092705031042,-15.75955050077497
47,459708.35640182823,9229993.107302204,2025-03-19,0.18054774958374176,-10.631492773716104,-15.343773439171837
47,459708.35640182823,9229993.107302204,2025-03-31,0.2765589555091032,-10.633427840483009,-15.532431056886889
47,459708.35640182823,9229993.107302204,2025-04-12,0.2539020864564362,-9.090251188173182,-13.582837442479075
47,459708.35640182823,9229993.107302204,2025-04-24,0.22610462513401858,-8.598372231961479,-12.987668868472923
47,459708.35640182823,9229993.107302204,2025-05-06,0.29138391289247856,-9.02089641957984,-14.326324815979033
47,459708.35640182823,9229993.107302204,2025-05-18,0.2979322830286313,-8.844438332827236,-14.468910274799464
47,459708.35640182823,9229993.107302204,2025-05-30,0.2670373390994554,-6.2956925433155995,-11.04324893493
47,459708.35640182823,9229993.107302204,2025-06-11,0.3289168815570209,-8.639642803504655,-13.576932262372186
47,459708.35640182823,9229993.107302204,2025-06-23,0.3221397317411114,-6.4695204483246425,-11.541830727039377
47,459708.35640182823,9229993.107302204,2025-07-05,0.2877779482392088,-6.903102183475195,-12.160863701294415
47,459708.35640182823,9229993.107302204,2025-07-17,0.23049690031300452,-7.788647076157711,-12.390533900355067
47,459708.35640182823,9229993.107302204,2025-07-29,0.33873688241621003,-6.658232312201957,-13.158572364621731
47,459708.35640182823,9229993.107302204,2025-08-10,0.37599709719223007,-8.467516834124844,-13.695837553762207
47,459708.35640182823,9229993.107302204,2025-08-22,0.3476340098309949,-5.561051969265211,-10.601546410559461
47,459708.35640182823,9229993.107302204,2025-09-03,0.2864107992736141,-6.371025933832562,-11.302444221396271
47,459708.35640182823,9229993.107302204,2025-09-15,0.24834060525471618,-7.616839334055756,-12.362424746183443
47,459708.35640182823,9229993.107302204,2025-09-27,0.2691488456803057,-7.867523870741666,-13.829444848703853
47,459708.35640182823,9229993.107302204,2025-10-09,0.2273914134424077,-6.412336062434665,-11.858391622845902
47,459708.35640182823,9229993.107302204,2025-10-21,0.23220537942673625,-5.627579096992292,-11.427921865527997
47,459708.35640182823,9229993.107302204,2025-11-02,0.2650215170819872,-8.253787505597971,-12.910617868492345
48,467470.90560960874,9228224.033544542,2024-11-07,0.41055161245290495,-8.667993844097435,-12.912724818408847
48,467470.90560960874,9228224.033544542,2024-11-19,0.3593660376444314,-7.582725437290919,-12.919521792065321
48,467470.90560960874,9228224.033544542,2024-12-01,0.3827540560730204,-9.55391562369092,-13.784012721507255
48,467470.90560960874,9228224.033544542,2024-12-13,0.3966204738387932,-9.325396368524979,-13.187962699707573
48,467470.90560960874,9228224.033544542,2024-12-25,0.3782783186037345,-7.140098283250264,-12.314139325431416
48,467470.90560960874,9228224.033544542,2025-01-06,0.36459582341051827,-8.597044640151964,-13.567898406131654
48,467470.90560960874,9228224.033544542,2025-01-18,0.3645943047934662,-7.717084769425742,-12.869753262302131
48,467470.90560960874,9228224.033544542,2025-01-30,0.32127905505214943,-8.044384706527214,-14.424973476216712
48,467470.90560960874,9228224.033544542,2025-02-11,0.32610099019324734,-6.811000115386958,-13.302142793901183
48,467470.90560960874,9228224.033544542,2025-02-23,0.35513496893544266,-6.2249600222010475,-11.968772122986245
48,467470.90560960874,9228224.033544542,2025-03-07,0.29146594823628547,-4.797914869726673,-12.264504022925568
48,467470.90560960874,9228224.033544542,2025-03-19,0.3777204627100626,-7.038422151354703,-11.913366497698863
48,467470.90560960874,9228224.033544542,2025-03-31,0.3699336245019698,-8.322331037457221,-13.173029505379619
48,467470.90560960874,9228224.033544542,2025-04-12,0.35470159345666663,-8.257791178812047,-13.649639728520219
48,467470.90560960874,9228224.033544542,2025-04-24,0.34608059867019036,-7.91655815736897,-14.044052609938086
48,467470.90560960874,9228224.033544542,2025-05-06,0.3224270467721178,-8.515583968278564,-14.560141729639078
48,467470.90560960874,9228224.033544542,2025-05-18,0.32025765121369,-10.013990336540509,-15.265832072708358
48,467470.90560960874,9228224.033544542,2025-05-30,0.3215783077333719,-7.077353752180002,-13.64874725946541
48,467470.90560960874,9228224.033544542,2025-06-11,0.338010856285489,-7.987933319121444,-14.022861066976567
48,467470.90560960874,9228224.033544542,2025-06-23,0.3365646202149234,-6.530487870275944,-12.21912476003895
48,467470.90560960874,9228224.033544542,2025-07-05,0.3179381142019177,-7.508948630616671,-14.071872789213518
48,467470.90560960874,9228224.033544542,2025-07-17,0.33736024309409585,-6.883066454968439,-12.284540008539231
48,467470.90560960874,9228224.033544542,2025-07-29,0.35250690219100433,-7.68332634641061,-13.139982888555666
48,467470.90560960874,9228224.033544542,2025-08-10,0.3518376474060625,-8.366061360271443,-13.69446126342734
48,467470.90560960874,9228224.033544542,2025-08-22,0.3743746976204174,-6.85407463327881,-11.975273257916848
48,467470.90560960874,9228224.033544542,2025-09-03,0.3813494027374003,-7.454964085416165,-13.066075910900386
48,467470.90560960874,9228224.033544542,2025-09-15,0.38856635452704424,-7.651718985347873,-12.823609627017026
48,467470.90560960874,9228224.033544542,2025-09-27,0.36350858509089296,-7.545352032528049,-12.765967714042349
48,467470.90560960874,9228224.033544542,2025-10-09,0.3770064998829727,-8.161495737303095,-12.74513642193008
48,467470.90560960874,9228224.033544542,2025-10-21,0.35942591769401677,-8.405118450299222,-13.60478035135839
48,467470.90560960874,9228224.033544542,2025-11-02,0.39184781787905204,-7.843516701920599,-12.154935013613931
49,468229.1425524272,9244061.769870304,2024-11-07,0.26025933572097915,-4.199295495273841,-8.993848709529887
49,468229.1425524272,9244061.769870304,2024-11-19,0.35568557141766993,-5.88043156588787,-11.172614355423685
49,468229.1425524272,9244061.769870304,2024-12-01,0.34750584220404,-5.484857435404702,-11.038609559500262
49,468229.1425524272,9244061.769870304,2024-12-13,0.31749149135830285,-5.068820926478884,-10.216583910011224
49,468229.1425524272,9244061.769870304,2024-12-25,0.25889970163588416,-4.2492640412694165,-9.521296415721315
49,468229.1425524272,9244061.769870304,2025-01-06,0.37494690284188226,-5.659069858081916,-11.855922151012024
49,468229.1425524272,9244061.769870304,2025-01-18,0.36282353616703455,-5.520040785690851,-11.514634235116326
49,468229.1425524272,9244061.769870304,2025-01-30,0.3554095493369777,-5.555680426215929,-11.267429965586706
49,468229.1425524272,9244061.769870304,2025-02-11,0.2986002668655551,-4.473398060410011,-9.805603623605892
49,468229.1425524272,9244061.769870304,2025-02-23,0.3534426348928894,-5.716546902267899,-11.153546939455767
49,468229.1425524272,9244061.769870304,2025-03-07,0.3565776164247163,-5.242907323671412,-11.737598916294184
49,468229.1425524272,9244061.769870304,2025-03-19,0.3226801615555735,-5.07508436229676,-10.379634861716374
49,468229.1425524272,9244061.769870304,2025-03-31,0.28445130828491405,-4.96416716421442,-9.198976793323622
49,468229.1425524272,9244061.769870304,2025-04-12,0.3136975204744922,-4.882245777669166,-10.008526540170484
49,468229.1425524272,9244061.769870304,2025-04-24,0.3878365372879607,-5.914790911704022,-11.847216024211647
49,468229.1425524272,9244061.769870304,2025-05-06,0.39235244773225614,-6.004921928584695,-11.159371783264998
49,468229.1425524272,9244061.769870304,2025-05-18,0.3726966802176209,-5.4206452333370105,-10.692719319656064
49,468229.1425524272,9244061.769870304,2025-05-30,0.3183274776305085,-4.86032822130405,-10.309685401799012
49,468229.1425524272,9244061.769870304,2025-06-11,0.3860857054967477,-5.43268757563479,-11.045718120530138
49,468229.1425524272,9244061.769870304,2025-06-23,0.3644865415797059,-5.098536369654941,-10.7796342338715
49,468229.1425524272,9244061.769870304,2025-07-05,0.36674018786162027,-5.0248387024161,-11.570838533375081
49,468229.1425524272,9244061.769870304,2025-07-17,0.341837561618372,-4.412037356665668,-10.520234817275808
49,468229.1425524272,9244061.769870304,2025-07-29,0.3431553494536312,-5.295035141416944,-10.785334906377328
49,468229.1425524272,9244061.769870304,2025-08-10,0.3163178286641251,-5.093061850951528,-10.24201266297739
49,468229.1425524272,9244061.769870304,2025-08-22,0.3400937758457661,-6.190825436589796,-11.897212483242335
49,468229.1425524272,9244061.769870304,2025-09-03,0.294584737734119,-5.098175394311543,-10.431577313566278
49,468229.1425524272,9244061.769870304,2025-09-15,0.3179290837527713,-5.760125328430894,-11.281738589219609
49,468229.1425524272,9244061.769870304,2025-09-27,0.30074227268510306,-4.4185124257193715,-9.891248331711566
49,468229.1425524272,9244061.769870304,2025-10-09,0.285303208066811,-4.473212295647632,-9.872946781535823
49,468229.1425524272,9244061.769870304,2025-10-21,0.3411948344457673,-5.277507169309448,-11.418668910069167
49,468229.1425524272,9244061.769870304,2025-11-02,0.34670549794766586,-5.574398225412579,-10.984587472697097
50,463438.5407893947,9255693.773142764,2024-11-07,0.22115712920512015,-3.8253426651909583,-11.900461751149123
50,463438.5407893947,9255693.773142764,2024-11-19,0.1746459133221866,-4.870810678510547,-13.49987970101551
50,463438.5407893947,9255693.773142764,2024-12-01,0.22366348389186988,-4.514961379254485,-11.741702196291858
50,463438.5407893947,9255693.773142764,2024-12-13,0.21871089844688751,-4.123757412774362,-12.06470328166062
50,463438.5407893947,9255693.773142764,2024-12-25,0.2350717412414439,-3.5814978781563,-11.41526355111483
50,463438.5407893947,9255693.773142764,2025-01-06,0.20612949062447622,-3.392888117907755,-12.492163325455817
50,463438.5407893947,9255693.773142764,2025-01-18,0.19274095948207598,-4.260929071130591,-12.89739438691427
50,463438.5407893947,9255693.773142764,2025-01-30,0.23043688257786,-3.706873787159271,-11.572584140254687
50,463438.5407893947,9255693.773142764,2025-02-11,0.2608211659645578,-3.0481884366189256,-10.525373129590628
50,463438.5407893947,9255693.773142764,2025-02-23,0.23086110764266565,-3.273989130892004,-11.599182198489792
50,463438.5407893947,9255693.773142764,2025-03-07,0.2408152648020252,-3.5863356819647145,-11.782036663786325
50,463438.5407893947,9255693.773142764,2025-03-19,0.23866363591219592,-4.127278394852255,-11.591042712524041
50,463438.5407893947,9255693.773142764,2025-03-31,0.20171622441371792,-4.067293898806679,-12.587966004441114
50,463438.5407893947,9255693.773142764,2025-04-12,0.24188957545413864,-3.9269901440721005,-11.529918431568042
50,463438.5407893947,9255693.773142764,2025-04-24,0.19070976926137065,-4.639687268610465,-12.644513982950702
50,463438.5407893947,9255693.773142764,2025-05-06,0.20109655395585596,-4.210929137356976,-12.320796380310492
50,463438.5407893947,9255693.773142764,2025-05-18,0.20732503755173684,-4.125098445493616,-12.083655927951602
50,463438.5407893947,9255693.773142764,2025-05-30,0.21695456783714367,-3.9082064526166325,-12.046107104988579
50,463438.5407893947,9255693.773142764,2025-06-11,0.21364858518073793,-4.332954245074101,-11.990520344497998
50,463438.5407893947,9255693.773142764,2025-06-23,0.2062370898486027,-4.39584762253504,-12.388586853425938
50,463438.5407893947,9255693.773142764,2025-07-05,0.1847967172955834,-4.474801208015673,-12.836564029334369
50,463438.5407893947,9255693.773142764,2025-07-17,0.21117545872611942,-4.474627402264778,-11.974129611082502
50,463438.5407893947,9255693.773142764,2025-07-29,0.20804772012968736,-3.7827326972251045,-12.131849547714491
50,463438.5407893947,9255693.773142764,2025-08-10,0.2157826332924045,-3.8030915056709254,-11.740497301393926
50,463438.5407893947,9255693.773142764,2025-08-22,0.2224106290120115,-4.459608825757693,-12.2972646047923
50,463438.5407893947,9255693.773142764,2025-09-03,0.2388197233579653,-4.132986193833117,-11.649566366511879
50,463438.5407893947,9255693.773142764,2025-09-15,0.2285642656404497,-3.568065804567467,-11.949529733961963
50,463438.5407893947,9255693.773142764,2025-09-27,0.2441007122272104,-3.833329994158871,-11.060532865773993
50,463438.5407893947,9255693.773142764,2025-10-09,0.21666310779436185,-4.567540492038962,-12.268108471114058
50,463438.5407893947,9255693.773142764,2025-10-21,0.21301497611413114,-4.091365722560566,-12.163731874375175
50,463438.5407893947,9255693.773142764,2025-11-02,0.23141778064037188,-4.224727066321664,-11.486327997325413
51,492877.6308570401,9237296.878424976,2024-11-07,0.5438661817055604,-7.4940059888212796,-14.022292822131572
51,492877.6308570401,9237296.878424976,2024-11-19,0.5317498111500553,-6.548044301101251,-12.906549531184739
51,492877.6308570401,9237296.878424976,2024-12-01,0.5426703250691978,-6.978107949755016,-13.069751262965475
51,492877.6308570401,9237296.878424976,2024-12-13,0.5446219820193523,-6.623093671527267,-13.372400014831717
51,492877.6308570401,9237296.878424976,2024-12-25,0.39083841812174236,-5.755756050518359,-10.258789352483591
51,492877.6308570401,9237296.878424976,2025-01-06,0.4637432117979776,-5.818064052413296,-12.18871093716036
51,492877.6308570401,9237296.878424976,2025-01-18,0.5569115519942823,-6.33048489138567,-14.04783313589283
51,492877.6308570401,9237296.878424976,2025-01-30,0.4944999460760033,-5.872554042031289,-11.848681211381843
51,492877.6308570401,9237296.878424976,2025-02-11,0.49210988235151637,-6.30676735238393,-11.47839519862139
51,492877.6308570401,9237296.878424976,2025-02-23,0.5301213094249697,-6.432324249198264,-12.914880017048777
51,492877.6308570401,9237296.878424976,2025-03-07,0.520213420497173,-6.893497353001229,-12.365268005526758
51,492877.6308570401,9237296.878424976,2025-03-19,0.5381901830626898,-6.267319775955726,-12.35439957685753
51,492877.6308570401,9237296.878424976,2025-03-31,0.48297421350928765,-5.753099523050679,-11.464649559576559
51,492877.6308570401,9237296.878424976,2025-04-12,0.5143909513267138,-6.089546398525049,-12.387823689039177
51,492877.6308570401,9237296.878424976,2025-04-24,0.5426016333907724,-6.299126600325656,-13.051399106474259
51,492877.6308570401,9237296.878424976,2025-05-06,0.4877462983573526,-6.174317017407708,-11.388237968046369
51,492877.6308570401,9237296.878424976,2025-05-18,0.5121220539912694,-6.140608394630442,-11.266317444147823
51,492877.6308570401,9237296.878424976,2025-05-30,0.5077420283156123,-6.138985290338546,-12.20809270980221
51,492877.6308570401,9237296.878424976,2025-06-11,0.5095462744523178,-5.919102383367119,-11.722029290628035
51,492877.6308570401,9237296.878424976,2025-06-23,0.5128369357594362,-6.370499926865629,-12.216649654191983
51,492877.6308570401,9237296.878424976,2025-07-05,0.5413433462517626,-6.754231511008204,-13.158596967111285
51,492877.6308570401,9237296.878424976,2025-07-17,0.45100938095059395,-5.756464547950634,-11.006820790492872
51,492877.6308570401,9237296.878424976,2025-07-29,0.4724039633045149,-6.024193764385413,-11.175180266979158
51,492877.6308570401,9237296.878424976,2025-08-10,0.5650639506439675,-6.733487683620736,-14.124562991242959
51,492877.6308570401,9237296.878424976,2025-08-22,0.5277266922519053,-6.44176716303786,-12.557643852289356
51,492877.6308570401,9237296.878424976,2025-09-03,0.513903098456814,-6.133993999423503,-11.468991851530276
51,492877.6308570401,9237296.878424976,2025-09-15,0.512723225320981,-6.1158063117581465,-12.22034189587203
51,492877.6308570401,9237296.878424976,2025-09-27,0.4767537714735445,-6.1287975139374895,-10.978652854924196
51,492877.6308570401,9237296.878424976,2025-10-09,0.55083694251164,-6.907233631038727,-12.4333021610563
51,492877.6308570401,9237296.878424976,2025-10-21,0.5688920610781275,-6.903297723706805,-13.302492285015243
51,492877.6308570401,9237296.878424976,2025-11-02,0.4782418451611702,-5.951566029661949,-11.150232309389363
52,492674.16493545973,9239991.840280948,2024-11-07,0.32726880157194616,-8.587456321834251,-14.676923608613128
52,492674.16493545973,9239991.840280948,2024-11-19,0.27685389375039354,-7.285444151968173,-13.98016502201158
52,492674.16493545973,9239991.840280948,2024-12-01,0.3187364346938782,-5.065917427506652,-14.434904811749247
52,492674.16493545973,9239991.840280948,2024-12-13,0.35670491812474675,-3.4615700617894536,-13.607967612917227
52,492674.16493545973,9239991.840280948,2024-12-25,0.3282126458370117,-4.25374921320225,-13.211880315158059
52,492674.16493545973,9239991.840280948,2025-01-06,0.3398427665132296,-4.4100825532683485,-13.100079312692936
52,492674.16493545973,9239991.840280948,2025-01-18,0.34741909318719594,-3.823097943207611,-13.903938101473907
52,492674.16493545973,9239991.840280948,2025-01-30,0.30872719413164557,-5.5904337610761425,-14.344202611218387
52,492674.16493545973,9239991.840280948,2025-02-11,0.25049027413947683,-8.24966539713389,-15.009493618521798
52,492674.16493545973,9239991.840280948,2025-02-23,0.35244625704371507,-3.6970821731082175,-13.531860981306444
52,492674.16493545973,9239991.840280948,2025-03-07,0.35735320438408047,-4.455914721135297,-13.283194362706247
52,492674.16493545973,9239991.840280948,2025-03-19,0.3612241534366439,-3.8551214215262672,-12.85341459321861
52,492674.16493545973,9239991.840280948,2025-03-31,0.344121681941485,-4.686412264495399,-13.952923898329551
52,492674.16493545973,9239991.840280948,2025-04-12,0.33133523662210734,-4.734106868077503,-13.55244123120976
52,492674.16493545973,9239991.840280948,2025-04-24,0.3189837040033776,-5.390882595128071,-13.616537200809349
52,492674.16493545973,9239991.840280948,2025-05-06,0.3193123520110928,-5.32040677270682,-13.424821344667539
52,492674.16493545973,9239991.840280948,2025-05-18,0.3221778624193532,-5.025209437106926,-13.281743316073538
52,492674.16493545973,9239991.840280948,2025-05-30,0.2734573264729073,-7.350278840024692,-14.293269169759975
52,492674.16493545973,9239991.840280948,2025-06-11,0.3139759424035327,-5.542215408954055,-13.678801671875036
52,492674.16493545973,9239991.840280948,2025-06-23,0.30380692945576687,-6.01629284664402,-13.875095295641474
52,492674.16493545973,9239991.840280948,2025-07-05,0.2836422166950124,-6.931373652405938,-14.036636514845684
52,492674.16493545973,9239991.840280948,2025-07-17,0.3130898995188199,-5.435769049988288,-13.035649782434612
52,492674.16493545973,9239991.840280948,2025-07-29,0.31529274779738803,-5.05082087698606,-13.362280858270129
52,492674.16493545973,9239991.840280948,2025-08-10,0.22282706087663892,-8.40461494699785,-15.007435934711456
52,492674.16493545973,9239991.840280948,2025-08-22,0.25245008348214004,-7.0836789699513325,-14.055638226498518
52,492674.16493545973,9239991.840280948,2025-09-03,0.22536033915335105,-8.029808895895787,-14.417080434412165
52,492674.16493545973,9239991.840280948,2025-09-15,0.24262666531679417,-8.735982285249289,-14.712622798647217
52,492674.16493545973,9239991.840280948,2025-09-27,0.26171303000671,-7.7717924246983845,-14.776185485913643
52,492674.16493545973,9239991.840280948,2025-10-09,0.19892487511659127,-9.930524856796032,-16.000047201013864
52,492674.16493545973,9239991.840280948,2025-10-21,0.1970657047964628,-9.287368581341148,-15.513661125927122
52,492674.16493545973,9239991.840280948,2025-11-02,0.09936054780339254,-14.50355210533,-18.702354996024642
53,473247.91026327637,9236850.788607806,2024-11-07,0.24750430314029348,-10.128292248858637,-15.7867442175579
53,473247.91026327637,9236850.788607806,2024-11-19,-0.03772525443662894,-14.811913807500437,-17.718697545309993
53,473247.91026327637,9236850.788607806,2024-12-01,0.19371810034386674,-10.837564244967508,-15.58920678581187
53,473247.91026327637,9236850.788607806,2024-12-13,0.2646279422134399,-10.100973356441635,-16.490827849700047
53,473247.91026327637,9236850.788607806,2024-12-25,0.35906950063325077,-8.357519374062136,-15.228734990973253
53,473247.91026327637,9236850.788607806,2025-01-06,0.44568973131357675,-6.602895076861668,-13.568654118567597
53,473247.91026327637,9236850.788607806,2025-01-18,0.36287552618583424,-8.048237833631726,-14.405745555695692
53,473247.91026327637,9236850.788607806,2025-01-30,0.31818237220895784,-8.577526301215117,-14.047539284795853
53,473247.91026327637,9236850.788607806,2025-02-11,0.4332914118467654,-6.561521523647565,-12.861314234589976
53,473247.91026327637,9236850.788607806,2025-02-23,0.4884157744730596,-5.721860272195611,-12.69956223718302
53,473247.91026327637,9236850.788607806,2025-03-07,0.3709910278821168,-7.824619829940119,-14.05888797440413
53,473247.91026327637,9236850.788607806,2025-03-19,0.31331161541202285,-8.533237239177168,-13.679091822584407
53,473247.91026327637,9236850.788607806,2025-03-31,0.1900822126745437,-11.562958891515283,-17.76427562807375
53,473247.91026327637,9236850.788607806,2025-04-12,0.2677351240385449,-9.97562528905505,-16.308928193879723
53,473247.91026327637,9236850.788607806,2025-04-24,0.4354231053984293,-7.273423752215643,-13.815721934248868
53,473247.91026327637,9236850.788607806,2025-05-06,0.4083790789406093,-8.044743760783517,-13.994517708442304
53,473247.91026327637,9236850.788607806,2025-05-18,0.4531332631832695,-7.188698354005431,-14.348582894326304
53,473247.91026327637,9236850.788607806,2025-05-30,0.29092132135492427,-8.861066211047167,-13.702077044563342
53,473247.91026327637,9236850.788607806,2025-06-11,0.296914317731696,-8.947820987301382,-14.259632911673414
53,473247.91026327637,9236850.788607806,2025-06-23,0.3705583786159042,-6.277229093013436,-12.26905378888733
53,473247.91026327637,9236850.788607806,2025-07-05,0.3024695601065034,-8.038511864390017,-14.00886084988193
53,473247.91026327637,9236850.788607806,2025-07-17,0.28686579545534163,-9.335478774976488,-15.351568193710461
53,473247.91026327637,9236850.788607806,2025-07-29,0.5763593824639657,-4.600774279863577,-12.78184408017184
53,473247.91026327637,9236850.788607806,2025-08-10,0.5280309804950301,-5.546018801665183,-12.103572798229502
53,473247.91026327637,9236850.788607806,2025-08-22,0.4729959739692444,-5.686989693388697,-12.404677584831887
53,473247.91026327637,9236850.788607806,2025-09-03,0.39047058792685246,-6.318840894836285,-12.674181381804601
53,473247.91026327637,9236850.788607806,2025-09-15,0.2450454650422114,-9.468425649182736,-15.565701883802973
53,473247.91026327637,9236850.788607806,2025-09-27,0.16915680521948423,-11.882196167528733,-17.82728871986904
53,473247.91026327637,9236850.788607806,2025-10-09,0.11671680455237207,-12.77905697270308,-18.378181123429442
53,473247.91026327637,9236850.788607806,2025-10-21,0.16894145071342248,-10.921628559689111,-16.686514186350042
53,473247.91026327637,9236850.788607806,2025-11-02,0.39652045355599486,-7.828696942999011,-15.253340207238475
54,474765.8228672643,9240253.178344594,2024-11-07,0.07536412967706141,-12.102080883530157,-18.088666350033183
54,474765.8228672643,9240253.178344594,2024-11-19,0.16731455303005321,-10.728766465265812,-16.742105580010133
54,474765.8228672643,9240253.178344594,2024-12-01,0.09208561847890578,-11.97744098152688,-18.319758515222574
54,474765.8228672643,9240253.178344594,2024-12-13,0.21502915661674876,-9.90815043970157,-16.047822811923524
54,474765.8228672643,9240253.178344594,2024-12-25,0.365445847026851,-8.24857865547209,-15.054883893415035
54,474765.8228672643,9240253.178344594,2025-01-06,0.26880101766961195,-9.016838401457498,-14.907197704312244
54,474765.8228672643,9240253.178344594,2025-01-18,0.29287683197756714,-8.646040916830373,-14.093933163715743
54,474765.8228672643,9240253.178344594,2025-01-30,0.38204509745786164,-7.069981178461262,-13.251252693168304
54,474765.8228672643,9240253.178344594,2025-02-11,0.418764245075386,-6.510851349338385,-11.942529252775872
54,474765.8228672643,9240253.178344594,2025-02-23,0.3003506372892598,-8.485282185154825,-14.329926096766657
54,474765.8228672643,9240253.178344594,2025-03-07,0.3192949564353103,-8.139616669660509,-14.26668552867608
54,474765.8228672643,9240253.178344594,2025-03-19,0.2461469481796199,-8.047504650758473,-14.880566707369928
54,474765.8228672643,9240253.178344594,2025-03-31,0.24449734351471408,-8.578920733722018,-14.980487771789182
54,474765.8228672643,9240253.178344594,2025-04-12,0.16786110595353637,-10.154892399275436,-16.537393330117848
54,474765.8228672643,9240253.178344594,2025-04-24,0.2947909277885932,-8.712731894727368,-15.310239743150705
54,474765.8228672643,9240253.178344594,2025-05-06,0.36893689800697693,-8.038548894410065,-14.463647053920571
54,474765.8228672643,9240253.178344594,2025-05-18,0.41176012667875805,-7.607268393062075,-13.871921989447976
54,474765.8228672643,9240253.178344594,2025-05-30,0.33704745921333445,-7.879942897649498,-13.52004453508112
54,474765.8228672643,9240253.178344594,2025-06-11,0.360198779002089,-8.420404805410483,-14.089460878813412
54,474765.8228672643,9240253.178344594,2025-06-23,0.3503716169353637,-7.078278262042283,-12.896685465681493
54,474765.8228672643,9240253.178344594,2025-07-05,0.3009117262869158,-7.656381302651564,-12.609739601352057
54,474765.8228672643,9240253.178344594,2025-07-17,0.30033811291791634,-8.149458113021815,-14.065502827226595
54,474765.8228672643,9240253.178344594,2025-07-29,0.4124319104311617,-6.747152234395586,-13.377498962151794
54,474765.8228672643,9240253.178344594,2025-08-10,0.5301776248168069,-5.05980216560428,-11.288162311133243
54,474765.8228672643,9240253.178344594,2025-08-22,0.41356752395461605,-6.5987233399033745,-11.847338010718438
54,474765.8228672643,9240253.178344594,2025-09-03,0.2665684529811005,-8.666009800435269,-14.652483081982705
54,474765.8228672643,9240253.178344594,2025-09-15,0.23718755947502518,-9.135742077915374,-14.916042811934737
54,474765.8228672643,9240253.178344594,2025-09-27,0.23996365775728795,-9.415171903941548,-16.37130619585371
54,474765.8228672643,9240253.178344594,2025-10-09,0.14594720623601196,-10.507763890287594,-17.27547789666336
54,474765.8228672643,9240253.178344594,2025-10-21,-0.0035282084221243126,-14.014868798437202,-19.981612979180717
54,474765.8228672643,9240253.178344594,2025-11-02,0.13408510027913914,-11.27891125235231,-17.45404307260593
55,484378.051596208,9232252.026378073,2024-11-07,0.11234110748850232,-7.105597570824649,-15.690125180330869
55,484378.051596208,9232252.026378073,2024-11-19,0.06882747510650064,-11.25958715753405,-18.941359662336033
55,484378.051596208,9232252.026378073,2024-12-01,0.21768251454805304,-12.15063396772059,-18.87930050942523
55,484378.051596208,9232252.026378073,2024-12-13,0.2833110462545708,-8.230173532949784,-15.746016291383091
55,484378.051596208,9232252.026378073,2024-12-25,0.40852738264033267,-9.097835563204846,-15.279029724442484
55,484378.051596208,9232252.026378073,2025-01-06,0.5240995712130585,-10.605406377893877,-15.285560706451266
55,484378.051596208,9232252.026378073,2025-01-18,0.30470409921280245,-10.050407984291443,-16.26691367918404
55,484378.051596208,9232252.026378073,2025-01-30,0.2889027548884407,-10.254948062465155,-16.60378866611918
55,484378.051596208,9232252.026378073,2025-02-11,0.42381689458493443,-8.895686892496663,-14.02850729276932
55,484378.051596208,9232252.026378073,2025-02-23,0.4712224192144813,-9.908986410621235,-14.282842162849777
55,484378.051596208,9232252.026378073,2025-03-07,0.2917669534187537,-8.05191310340238,-13.700856453677149
55,484378.051596208,9232252.026378073,2025-03-19,0.12456155144497938,-7.584669737260881,-15.24930989713495
55,484378.051596208,9232252.026378073,2025-03-31,0.20937970570857606,-12.452843909456782,-19.207722928549295
55,484378.051596208,9232252.026378073,2025-04-12,0.08451921261872461,-10.205496646548657,-19.229153909041642
55,484378.051596208,9232252.026378073,2025-04-24,0.2900159726458321,-10.47569691314144,-17.259816902915567
55,484378.051596208,9232252.026378073,2025-05-06,0.41106085005920967,-10.890438635509355,-16.07014848967898
55,484378.051596208,9232252.026378073,2025-05-18,0.4225833732781367,-9.104910394008506,-14.999859121770893
55,484378.051596208,9232252.026378073,2025-05-30,0.28515305602352387,-7.972526328736853,-14.871342108866411
55,484378.051596208,9232252.026378073,2025-06-11,0.40834752637896554,-8.341508158213571,-13.771720401160037
55,484378.051596208,9232252.026378073,2025-06-23,0.3483838826461654,-7.859268517939227,-13.924764279673964
55,484378.051596208,9232252.026378073,2025-07-05,0.17169785359601597,-5.963427900918655,-14.586113694900053
55,484378.051596208,9232252.026378073,2025-07-17,0.18861497115238346,-7.116304700611314,-15.092239862098257
55,484378.051596208,9232252.026378073,2025-07-29,0.24564197293120693,-9.285068713365956,-16.677670340388485
55,484378.051596208,9232252.026378073,2025-08-10,0.43902893616717065,-7.101758387525243,-12.815496751240355
55,484378.051596208,9232252.026378073,2025-08-22,0.4864791568059267,-7.451548201906127,-12.493947980882366
55,484378.051596208,9232252.026378073,2025-09-03,0.2761611377656984,-8.74502042509361,-15.480375446563361
55,484378.051596208,9232252.026378073,2025-09-15,0.22314264098337067,-8.14934574955238,-15.554950118619823
55,484378.051596208,9232252.026378073,2025-09-27,0.34404216183917097,-5.685238878475106,-12.430131916687362
55,484378.051596208,9232252.026378073,2025-10-09,0.0951521120453721,-11.801381176581256,-19.59017269156432
55,484378.051596208,9232252.026378073,2025-10-21,0.0848414734376082,-11.893612860054304,-20.230926383633197
55,484378.051596208,9232252.026378073,2025-11-02,0.1703934962557799,-9.847431491424466,-17.62071788271053
56,467343.26667809614,9227646.860673668,2024-11-07,0.26254851270372404,-8.036732705637617,-14.776442364558244
56,467343.26667809614,9227646.860673668,2024-11-19,0.21008070840787857,-15.062636669555502,-19.795772828034842
56,467343.26667809614,9227646.860673668,2024-12-01,0.2374074353099453,-13.847161556834644,-18.58002635650312
56,467343.26667809614,9227646.860673668,2024-12-13,0.3317077648656821,-10.231127072723524,-16.61766527326713
56,467343.26667809614,9227646.860673668,2024-12-25,0.42630135929819213,-8.662200568808654,-15.994013449521336
56,467343.26667809614,9227646.860673668,2025-01-06,0.43394821139535894,-10.39843295282929,-15.926004372111521
56,467343.26667809614,9227646.860673668,2025-01-18,0.340633647984048,-9.598185477929851,-15.309715367625495
56,467343.26667809614,9227646.860673668,2025-01-30,0.31410525245607324,-10.339219671748824,-14.795339680836683
56,467343.26667809614,9227646.860673668,2025-02-11,0.38705672209752096,-7.362188795292077,-12.583703085026517
56,467343.26667809614,9227646.860673668,2025-02-23,0.3490813264676786,-9.001577884002945,-14.081198319211278
56,467343.26667809614,9227646.860673668,2025-03-07,0.4000625132800464,-7.076768451386294,-13.13655040564429
56,467343.26667809614,9227646.860673668,2025-03-19,0.20441969052707587,-10.025810437683631,-15.13830811876967
56,467343.26667809614,9227646.860673668,2025-03-31,0.24981423008982595,-13.922790313597035,-20.450580914929848
56,467343.26667809614,9227646.860673668,2025-04-12,0.1430714233071936,-14.781858032824513,-19.780567218287757
56,467343.26667809614,9227646.860673668,2025-04-24,0.29686922914585506,-11.690256508857125,-17.818339891879482
56,467343.26667809614,9227646.860673668,2025-05-06,0.32121722626846927,-10.751457962101433,-17.94057368623819
56,467343.26667809614,9227646.860673668,2025-05-18,0.4069552946246492,-9.833272754078864,-16.441274047515616
56,467343.26667809614,9227646.860673668,2025-05-30,0.3499089143802212,-9.294784246481322,-15.318491736003384
56,467343.26667809614,9227646.860673668,2025-06-11,0.4484319447228016,-8.352499493948892,-14.849301589693265
56,467343.26667809614,9227646.860673668,2025-06-23,0.45408222691962746,-6.632148261445847,-12.7963933627099
56,467343.26667809614,9227646.860673668,2025-07-05,0.4172424011406112,-8.259547284366434,-13.977080797957353
56,467343.26667809614,9227646.860673668,2025-07-17,0.3441830503808779,-5.3007600666251395,-11.901350627168625
56,467343.26667809614,9227646.860673668,2025-07-29,0.3375635451073276,-6.676964631987027,-12.716262432995654
56,467343.26667809614,9227646.860673668,2025-08-10,0.46569780356933366,-6.149457200245792,-12.564183410417865
56,467343.26667809614,9227646.860673668,2025-08-22,0.4697438393447977,-5.751586877372079,-11.603679106497529
56,467343.26667809614,9227646.860673668,2025-09-03,0.3745366691439389,-7.5624643772261315,-12.579928733874013
56,467343.26667809614,9227646.860673668,2025-09-15,0.35539773677146963,-9.285627725114473,-13.971348016172316
56,467343.26667809614,9227646.860673668,2025-09-27,0.4050077634222117,-6.807629179770684,-12.726676632366445
56,467343.26667809614,9227646.860673668,2025-10-09,0.3752540489399901,-6.455097951740534,-12.555446245689406
56,467343.26667809614,9227646.860673668,2025-10-21,0.24995278827211392,-10.008009042097472,-15.949542712982687
56,467343.26667809614,9227646.860673668,2025-11-02,0.3357605841854612,-9.815744695475983,-15.529636334681197
57,455360.3029055214,9220279.15723274,2024-11-07,0.3023215876918733,-5.057313609165212,-12.304997824080827
57,455360.3029055214,9220279.15723274,2024-11-19,0.3264968118892904,-6.185261942061078,-12.350074505932547
57,455360.3029055214,9220279.15723274,2024-12-01,0.28240119669545943,-4.122704993849583,-12.151579849638255
57,455360.3029055214,9220279.15723274,2024-12-13,0.28510048605574007,-5.535670189390995,-12.116924784928063
57,455360.3029055214,9220279.15723274,2024-12-25,0.31764180305378664,-5.763738627071172,-12.14556807273078
57,455360.3029055214,9220279.15723274,2025-01-06,0.3140546280860616,-5.291040517288298,-11.987538667717356
57,455360.3029055214,9220279.15723274,2025-01-18,0.3089011224831925,-5.340959219842357,-11.79331285954995
57,455360.3029055214,9220279.15723274,2025-01-30,0.323975380701195,-6.054470157357764,-12.050161034649342
57,455360.3029055214,9220279.15723274,2025-02-11,0.296169502253451,-4.750648941091098,-11.852902568880456
57,455360.3029055214,9220279.15723274,2025-02-23,0.3374766670589177,-6.6899187323347356,-12.199185240598478
57,455360.3029055214,9220279.15723274,2025-03-07,0.32920696505559005,-6.162741214954449,-11.761345496785513
57,455360.3029055214,9220279.15723274,2025-03-19,0.32565275373726105,-5.633520439399732,-11.360617566266779
57,455360.3029055214,9220279.15723274,2025-03-31,0.32119894354279727,-5.887379333199692,-12.229076069184275
57,455360.3029055214,9220279.15723274,2025-04-12,0.3321967714554981,-6.199550147580334,-12.088632566779404
57,455360.3029055214,9220279.15723274,2025-04-24,0.32407125424007127,-5.3766044005648945,-12.583024742695711
57,455360.3029055214,9220279.15723274,2025-05-06,0.22132722515038467,-4.411165063680009,-11.995052170514057
57,455360.3029055214,9220279.15723274,2025-05-18,0.2885074253559752,-4.526895310636286,-12.089973302008096
57,455360.3029055214,9220279.15723274,2025-05-30,0.3197883825571521,-5.864765647941,-12.169185593322032
57,455360.3029055214,9220279.15723274,2025-06-11,0.32828306822269415,-5.3743809617508225,-11.887764254629076
57,455360.3029055214,9220279.15723274,2025-06-23,0.33138876743816803,-5.1747435221941,-12.216235603000268
57,455360.3029055214,9220279.15723274,2025-07-05,0.3366017373792387,-6.658405943421057,-12.406555307142416
57,455360.3029055214,9220279.15723274,2025-07-17,0.3310036109118544,-6.4330629261250785,-13.06198417231765
57,455360.3029055214,9220279.15723274,2025-07-29,0.3126470375566489,-5.832204445462553,-12.240345970602931
57,455360.3029055214,9220279.15723274,2025-08-10,0.2995944261933419,-5.8607894024958656,-11.829442650218818
57,455360.3029055214,9220279.15723274,2025-08-22,0.33141121753215724,-5.5455055573855825,-11.770074135568201
57,455360.3029055214,9220279.15723274,2025-09-03,0.31945332448853625,-6.030167436062371,-11.920314128794347
57,455360.3029055214,9220279.15723274,2025-09-15,0.29980233330854267,-5.555151405335434,-11.686671388943804
57,455360.3029055214,9220279.15723274,2025-09-27,0.3180779428710138,-5.537261357342834,-12.32587523994023
57,455360.3029055214,9220279.15723274,2025-10-09,0.33045079115351655,-5.6165858654870915,-11.745282436956387
57,455360.3029055214,9220279.15723274,2025-10-21,0.32084199653805257,-5.054746969625819,-11.95400551257879
57,455360.3029055214,9220279.15723274,2025-11-02,0.29448771647868455,-4.663968863689357,-11.665380364937551
58,468452.7999574412,9246004.412920889,2024-11-07,0.20995634658880455,-8.556921982535023,-15.192294733338134
58,468452.7999574412,9246004.412920889,2024-11-19,0.33773536989258546,-7.0069562425035645,-13.146982516423503
58,468452.7999574412,9246004.412920889,2024-12-01,0.31330175760179596,-7.142201440649986,-13.591156798702507
58,468452.7999574412,9246004.412920889,2024-12-13,0.15902843171700712,-10.239955570532377,-16.364647202554707
58,468452.7999574412,9246004.412920889,2024-12-25,0.28479694569353686,-7.444132347888084,-14.169484957844908
58,468452.7999574412,9246004.412920889,2025-01-06,0.2159779359442404,-8.090052433270879,-15.531096697471627
58,468452.7999574412,9246004.412920889,2025-01-18,0.30378262024449804,-7.42929295097135,-13.862003065697438
58,468452.7999574412,9246004.412920889,2025-01-30,0.3320502940840059,-8.199805585602133,-13.734895501810232
58,468452.7999574412,9246004.412920889,2025-02-11,0.2583887722372043,-7.877329600415416,-14.769309303988873
58,468452.7999574412,9246004.412920889,2025-02-23,0.2838747913981626,-8.336415841182834,-14.55640787899958
58,468452.7999574412,9246004.412920889,2025-03-07,0.3642523114062449,-7.9524019050451,-13.595129209654495
58,468452.7999574412,9246004.412920889,2025-03-19,0.3577702263139379,-6.928778627709218,-13.09144101474849
58,468452.7999574412,9246004.412920889,2025-03-31,0.20653729936379073,-7.976196393456575,-15.633409185632583
58,468452.7999574412,9246004.412920889,2025-04-12,0.17739958003935088,-7.4636489944400815,-15.467238977324707
58,468452.7999574412,9246004.412920889,2025-04-24,0.17732523082581736,-9.730021844869128,-16.445771424688274
58,468452.7999574412,9246004.412920889,2025-05-06,0.14354989634129908,-8.848464823035096,-17.147109152877842
58,468452.7999574412,9246004.412920889,2025-05-18,0.23874251585139755,-9.401657247361465,-16.61607483186093
58,468452.7999574412,9246004.412920889,2025-05-30,0.2176957718119499,-7.743502034710809,-15.359244002283953
58,468452.7999574412,9246004.412920889,2025-06-11,0.3555281380203007,-7.965285276304371,-14.45840014084129
58,468452.7999574412,9246004.412920889,2025-06-23,0.3497668454948233,-8.243121730971591,-14.582191026450506
58,468452.7999574412,9246004.412920889,2025-07-05,0.32733631320408973,-8.171788962213908,-14.926632330828697
58,468452.7999574412,9246004.412920889,2025-07-17,0.30807955837608947,-6.4680808645607515,-12.897560951105884
58,468452.7999574412,9246004.412920889,2025-07-29,0.17964241475764764,-8.107873055688723,-15.722669156644766
58,468452.7999574412,9246004.412920889,2025-08-10,0.2386624159578261,-6.287690060023932,-13.784447942395204
58,468452.7999574412,9246004.412920889,2025-08-22,0.2684923238669541,-7.066509649330061,-14.095318122539076
58,468452.7999574412,9246004.412920889,2025-09-03,0.2517504339036525,-8.27497858096403,-15.060971083705269
58,468452.7999574412,9246004.412920889,2025-09-15,0.27373244153966997,-7.4917190868411785,-14.141527359559234
58,468452.7999574412,9246004.412920889,2025-09-27,0.1401163683743489,-8.67094470009964,-16.97733761318445
58,468452.7999574412,9246004.412920889,2025-10-09,0.1863155045133778,-9.022060802830223,-16.359156190532797
58,468452.7999574412,9246004.412920889,2025-10-21,0.23565059964756013,-8.221239836477201,-14.796039187135815
58,468452.7999574412,9246004.412920889,2025-11-02,0.2620921229402216,-8.95483463990095,-15.160108683517365
59,491480.23960812954,9234938.214313986,2024-11-07,0.2572059425273213,-6.783199949696207,-13.120259368536823
59,491480.23960812954,9234938.214313986,2024-11-19,0.2422099383695017,-7.9735774404606214,-15.346734074580269
59,491480.23960812954,9234938.214313986,2024-12-01,0.2290019131367562,-8.152578097036864,-15.896022918353225
59,491480.23960812954,9234938.214313986,2024-12-13,0.25535087073352003,-9.005022331397031,-16.05249689597031
59,491480.23960812954,9234938.214313986,2024-12-25,0.22518854053123954,-8.527965801097618,-16.392726180840437
59,491480.23960812954,9234938.214313986,2025-01-06,0.22085901320658602,-8.016578535948982,-15.853308996009227
59,491480.23960812954,9234938.214313986,2025-01-18,0.3867735067083906,-9.090423506878553,-14.096373730240503
59,491480.23960812954,9234938.214313986,2025-01-30,0.34465981344044094,-8.353084154713487,-13.822874963113987
59,491480.23960812954,9234938.214313986,2025-02-11,0.3957907848221959,-8.183635112889743,-14.480129726891565
59,491480.23960812954,9234938.214313986,2025-02-23,0.3599529171305845,-8.80794591327373,-14.211831000761881
59,491480.23960812954,9234938.214313986,2025-03-07,0.3784789755764964,-7.904692647400655,-12.764452509351798
59,491480.23960812954,9234938.214313986,2025-03-19,0.3576334033744173,-7.655715296397883,-13.027971047936957
59,491480.23960812954,9234938.214313986,2025-03-31,0.3520458202099936,-9.170557522409133,-14.936104503994757
59,491480.23960812954,9234938.214313986,2025-04-12,0.25522912780692547,-7.305832025231143,-13.00832468934564
59,491480.23960812954,9234938.214313986,2025-04-24,0.22582956870142845,-8.97444935728034,-16.3673644130158
59,491480.23960812954,9234938.214313986,2025-05-06,0.16822489257082518,-9.005459829208279,-17.970911549849266
59,491480.23960812954,9234938.214313986,2025-05-18,0.22899497140831276,-10.037359490282725,-18.013450823690455
59,491480.23960812954,9234938.214313986,2025-05-30,0.26158798023714225,-9.121702066611702,-16.724672510825314
59,491480.23960812954,9234938.214313986,2025-06-11,0.22234269023867387,-8.263946407818898,-16.690722329565908
59,491480.23960812954,9234938.214313986,2025-06-23,0.3650019492601732,-8.668808201253825,-14.755935148477613
59,491480.23960812954,9234938.214313986,2025-07-05,0.3205625346907819,-8.308049812987681,-15.000973617316392
59,491480.23960812954,9234938.214313986,2025-07-17,0.39984267940388396,-8.98501678183143,-14.804120045111109
59,491480.23960812954,9234938.214313986,2025-07-29,0.33958827015240534,-7.991834132763963,-14.871646127175422
59,491480.23960812954,9234938.214313986,2025-08-10,0.17714130567084013,-6.01149064659106,-13.340668553448229
59,491480.23960812954,9234938.214313986,2025-08-22,0.22220437878334826,-6.601679284687199,-12.827153595784184
59,491480.23960812954,9234938.214313986,2025-09-03,0.22523173507545818,-6.893460761916323,-13.305053216387348
59,491480.23960812954,9234938.214313986,2025-09-15,0.24782738985986075,-6.982887905274021,-13.325383977866329
59,491480.23960812954,9234938.214313986,2025-09-27,0.28269541636929796,-7.876641049329918,-14.362334131186085
59,491480.23960812954,9234938.214313986,2025-10-09,0.32114559580397484,-8.749128218863357,-14.123580144395433
59,491480.23960812954,9234938.214313986,2025-10-21,0.22731157806302948,-8.073082588428305,-15.997276830807131
59,491480.23960812954,9234938.214313986,2025-11-02,0.23649468343033675,-7.275628135004106,-14.384095395485502
60,462686.3129048868,9250744.086397573,2024-11-07,0.23058602420063962,-7.767313571367363,-14.57989646732284
60,462686.3129048868,9250744.086397573,2024-11-19,0.3015070494195041,-6.631965690600829,-13.835869137935724
60,462686.3129048868,9250744.086397573,2024-12-01,0.19606960854205088,-10.16728423517722,-16.313557391224
60,462686.3129048868,9250744.086397573,2024-12-13,0.22606259546602456,-9.98375071546692,-15.811770313853255
60,462686.3129048868,9250744.086397573,2024-12-25,0.19692850496260178,-9.15186780071015,-14.914386404578238
60,462686.3129048868,9250744.086397573,2025-01-06,0.20308465246602064,-10.038262160635446,-16.49837335695938
60,462686.3129048868,9250744.086397573,2025-01-18,0.28995766560354874,-6.609183937108303,-12.757141230810833
60,462686.3129048868,9250744.086397573,2025-01-30,0.31236631815917243,-6.5092376617918015,-14.375496715010062
60,462686.3129048868,9250744.086397573,2025-02-11,0.28689478059029144,-7.046805156011998,-13.93192729744517
60,462686.3129048868,9250744.086397573,2025-02-23,0.3196008981396972,-6.187906842778642,-13.946170261620772
60,462686.3129048868,9250744.086397573,2025-03-07,0.2587100836759407,-7.721989419045092,-13.705702623649
60,462686.3129048868,9250744.086397573,2025-03-19,0.3397479325129888,-6.1336858348402234,-12.57450928313591
60,462686.3129048868,9250744.086397573,2025-03-31,0.28825159838498315,-6.861169455737153,-13.438594400791374
60,462686.3129048868,9250744.086397573,2025-04-12,0.2772145682172931,-6.232552112183434,-12.903525093264305
60,462686.3129048868,9250744.086397573,2025-04-24,0.2236594672382568,-8.766172823425638,-15.682000709764619
60,462686.3129048868,9250744.086397573,2025-05-06,0.27518032258551106,-8.210408133587862,-15.66780016065124
60,462686.3129048868,9250744.086397573,2025-05-18,0.3217652769662447,-7.119016674182064,-14.411352725492605
60,462686.3129048868,9250744.086397573,2025-05-30,0.23545796807052602,-8.900909117413407,-15.566816534534581
60,462686.3129048868,9250744.086397573,2025-06-11,0.24413898478958074,-8.44183271585499,-15.12396818470863
60,462686.3129048868,9250744.086397573,2025-06-23,0.33063784325005086,-6.586091028329448,-13.43642785811657
60,462686.3129048868,9250744.086397573,2025-07-05,0.31640248228332835,-7.745698722093686,-14.847726392774709
60,462686.3129048868,9250744.086397573,2025-07-17,0.31985431057108843,-7.437315590078884,-14.118137134342662
60,462686.3129048868,9250744.086397573,2025-07-29,0.3332999070749592,-6.904211788454178,-14.287406622030176
60,462686.3129048868,9250744.086397573,2025-08-10,0.25955440653228184,-7.274988769110961,-12.826987818164246
60,462686.3129048868,9250744.086397573,2025-08-22,0.2723864963006876,-6.1440198201811445,-12.90675695571278
60,462686.3129048868,9250744.086397573,2025-09-03,0.26482367484299635,-6.816892978780467,-14.070331276035567
60,462686.3129048868,9250744.086397573,2025-09-15,0.2999436776186511,-5.88701444774204,-13.017789374505526
60,462686.3129048868,9250744.086397573,2025-09-27,0.25798526326462284,-8.2160249927867,-15.269438681120466
60,462686.3129048868,9250744.086397573,2025-10-09,0.2039419925483997,-8.814656797760927,-15.250550937826565
60,462686.3129048868,9250744.086397573,2025-10-21,0.20938361961666696,-8.610567433206633,-15.597239283396853
60,462686.3129048868,9250744.086397573,2025-11-02,0.25566452839944465,-8.221145145483256,-15.084611594515978
61,484831.7450674702,9242487.123083567,2024-11-07,0.3624671743199557,-13.976924387338437,-18.619826103349112
61,484831.7450674702,9242487.123083567,2024-11-19,0.40864084268561296,-14.073524199089977,-18.461306025325488
61,484831.7450674702,9242487.123083567,2024-12-01,0.44604667697020584,-11.946966026294225,-16.81977574978947
61,484831.7450674702,9242487.123083567,2024-12-13,0.32951950682514125,-15.211075170329385,-19.36600193396847
61,484831.7450674702,9242487.123083567,2024-12-25,0.361746038078943,-15.44059928341574,-19.80567310127572
61,484831.7450674702,9242487.123083567,2025-01-06,0.44912139973762305,-12.682679389918949,-17.781683591523457
61,484831.7450674702,9242487.123083567,2025-01-18,0.42042070009406834,-13.64316761220406,-17.120834895936746
61,484831.7450674702,9242487.123083567,2025-01-30,0.4231305160471252,-13.179001449163927,-18.06894427323215
61,484831.7450674702,9242487.123083567,2025-02-11,0.4292867515710769,-12.617098323780619,-18.527939398018425
61,484831.7450674702,9242487.123083567,2025-02-23,0.45464229001947476,-11.498116006220258,-16.30555411119463
61,484831.7450674702,9242487.123083567,2025-03-07,0.4310764253514725,-11.719419987231124,-17.4941271011057
61,484831.7450674702,9242487.123083567,2025-03-19,0.46490549023206923,-11.052194193239774,-15.38187452742365
61,484831.7450674702,9242487.123083567,2025-03-31,0.41221207811784405,-13.554504155483167,-18.889342726014423
61,484831.7450674702,9242487.123083567,2025-04-12,0.38647465429982064,-15.037224560117515,-20.440807894463276
61,484831.7450674702,9242487.123083567,2025-04-24,0.4068912594949265,-13.529314833536516,-18.759827148996784
61,484831.7450674702,9242487.123083567,2025-05-06,0.44462826852319803,-11.443194175034543,-16.333901068314667
61,484831.7450674702,9242487.123083567,2025-05-18,0.41145724690886243,-14.04588357756175,-18.990529498411462
61,484831.7450674702,9242487.123083567,2025-05-30,0.3901898626366921,-15.170629468794909,-19.1053440895184
61,484831.7450674702,9242487.123083567,2025-06-11,0.45961160894730096,-11.617958121494317,-15.87835882854318
61,484831.7450674702,9242487.123083567,2025-06-23,0.4262058993376715,-12.668766883375934,-16.6462948868362
61,484831.7450674702,9242487.123083567,2025-07-05,0.4117506945520186,-13.161953969343989,-18.226750260948553
61,484831.7450674702,9242487.123083567,2025-07-17,0.3591473237667767,-18.038354500277897,-22.21435090063452
61,484831.7450674702,9242487.123083567,2025-07-29,0.4232126315452974,-13.538605992812391,-17.706301523691504
61,484831.7450674702,9242487.123083567,2025-08-10,0.4317852513009889,-13.610012996565349,-17.70070963352474
61,484831.7450674702,9242487.123083567,2025-08-22,0.48129388925734545,-10.19803012128764,-14.916664368843197
61,484831.7450674702,9242487.123083567,2025-09-03,0.4486271032906652,-13.068428684800294,-17.974705045078245
61,484831.7450674702,9242487.123083567,2025-09-15,0.46101198151394784,-12.712931217721987,-17.635765265383846
61,484831.7450674702,9242487.123083567,2025-09-27,0.4053772214583864,-14.158288708065394,-18.951276861991612
61,484831.7450674702,9242487.123083567,2025-10-09,0.43964638723735544,-14.438534610051482,-19.2476858046915
61,484831.7450674702,9242487.123083567,2025-10-21,0.4596936454608574,-13.476299292687077,-17.852365017713385
61,484831.7450674702,9242487.123083567,2025-11-02,0.4315768878753732,-13.061374267057118,-16.450794143781472
62,457714.92837483657,9254004.122692717,2024-11-07,0.23934933365797886,-9.174988602076398,-14.83517643125483
62,457714.92837483657,9254004.122692717,2024-11-19,0.2111011405804665,-8.920337845007737,-14.448572405445422
62,457714.92837483657,9254004.122692717,2024-12-01,0.27137276579992076,-9.66163684263249,-14.98765566466201
62,457714.92837483657,9254004.122692717,2024-12-13,0.2612587425708662,-9.562634937343484,-14.860534011907832
62,457714.92837483657,9254004.122692717,2024-12-25,0.10668275889621139,-7.244276667720533,-14.080236971414795
62,457714.92837483657,9254004.122692717,2025-01-06,0.10640336932974785,-8.488230154042883,-13.671361463762624
62,457714.92837483657,9254004.122692717,2025-01-18,0.19520917913378666,-8.753270806455923,-14.265441358261336
62,457714.92837483657,9254004.122692717,2025-01-30,0.1951103606236652,-8.668537102909346,-14.385129105618695
62,457714.92837483657,9254004.122692717,2025-02-11,0.09281477683367462,-7.053425600673083,-13.985482421015876
62,457714.92837483657,9254004.122692717,2025-02-23,0.16803785781966096,-8.354865604866022,-14.115121821559894
62,457714.92837483657,9254004.122692717,2025-03-07,0.1962257249087487,-8.653648778388485,-14.436403123059254
62,457714.92837483657,9254004.122692717,2025-03-19,0.3161002108288747,-9.83201986571814,-15.019294243255056
62,457714.92837483657,9254004.122692717,2025-03-31,0.177675957837644,-8.197556070165906,-14.59956154805783
62,457714.92837483657,9254004.122692717,2025-04-12,0.29705574555795083,-10.172972799795122,-14.773160744181702
62,457714.92837483657,9254004.122692717,2025-04-24,0.25269897697831467,-9.406879744382376,-14.70529700528641
62,457714.92837483657,9254004.122692717,2025-05-06,0.2715251173348414,-9.335058745832882,-15.039015117844636
62,457714.92837483657,9254004.122692717,2025-05-18,0.23006930279176144,-8.571192401852507,-14.688555451648156
62,457714.92837483657,9254004.122692717,2025-05-30,0.13556506090150217,-7.50953766292976,-14.468454252809158
62,457714.92837483657,9254004.122692717,2025-06-11,0.17850737131076352,-8.153720403530803,-14.733615913586226
62,457714.92837483657,9254004.122692717,2025-06-23,0.18401420472473537,-8.339092665901209,-14.715176037206282
62,457714.92837483657,9254004.122692717,2025-07-05,0.1496695858996318,-7.2659422568489385,-14.4108797387659
62,457714.92837483657,9254004.122692717,2025-07-17,0.16417142352234887,-7.902862045463452,-14.63450776332395
62,457714.92837483657,9254004.122692717,2025-07-29,0.1525432405300298,-7.695244378734875,-14.656526990788363
62,457714.92837483657,9254004.122692717,2025-08-10,0.1419280714336082,-7.752119974906218,-14.688176300425887
62,457714.92837483657,9254004.122692717,2025-08-22,0.13615912625088905,-7.762957454944444,-14.515022356365971
62,457714.92837483657,9254004.122692717,2025-09-03,0.11449619454445169,-6.99620062056985,-14.094926437314601
62,457714.92837483657,9254004.122692717,2025-09-15,0.1388553155362942,-8.244112453516909,-14.368013554777992
62,457714.92837483657,9254004.122692717,2025-09-27,0.1302437575148945,-7.54059902446308,-14.281532620886333
62,457714.92837483657,9254004.122692717,2025-10-09,0.1056540297279381,-7.2238047290066385,-14.115024345362922
62,457714.92837483657,9254004.122692717,2025-10-21,0.09941278624085262,-7.483878002481692,-13.931677189876055
62,457714.92837483657,9254004.122692717,2025-11-02,0.1321613322594208,-7.74559085932054,-14.03679468591311
63,460055.40116591775,9251297.239653142,2024-11-07,0.3876126816103635,-6.628305822885396,-14.769211587198821
63,460055.40116591775,9251297.239653142,2024-11-19,0.37665830396840283,-6.088948273418527,-13.698987322836915
63,460055.40116591775,9251297.239653142,2024-12-01,0.07263880336144649,-13.01307834541785,-17.101074190828594
63,460055.40116591775,9251297.239653142,2024-12-13,-0.04013729026738294,-16.094765600310133,-19.41974720534448
63,460055.40116591775,9251297.239653142,2024-12-25,0.08239361641070003,-14.767965960980622,-19.981402861551903
63,460055.40116591775,9251297.239653142,2025-01-06,-0.04515269351071777,-16.435365446471117,-19.78954716668896
63,460055.40116591775,9251297.239653142,2025-01-18,0.09377923003978328,-14.671944251480518,-20.100901349123426
63,460055.40116591775,9251297.239653142,2025-01-30,0.20792870476647352,-12.199953145360297,-19.016766249426727
63,460055.40116591775,9251297.239653142,2025-02-11,0.29312808923248046,-9.721284591423824,-17.2495043567263
63,460055.40116591775,9251297.239653142,2025-02-23,0.3467168645794509,-7.049117530788884,-14.454773677634426
63,460055.40116591775,9251297.239653142,2025-03-07,0.39196691511734705,-7.094633616431304,-15.012240564257894
63,460055.40116591775,9251297.239653142,2025-03-19,0.4284511014285773,-5.879458379167371,-14.325745932225743
63,460055.40116591775,9251297.239653142,2025-03-31,0.47026218237774364,-4.961713336024363,-14.170602885489062
63,460055.40116591775,9251297.239653142,2025-04-12,0.3190719081253437,-6.928821096988657,-13.67301040036785
63,460055.40116591775,9251297.239653142,2025-04-24,0.3254651944274273,-6.213981284464255,-13.361647103313267
63,460055.40116591775,9251297.239653142,2025-05-06,0.300828546148686,-7.911966567085787,-14.911062937403608
63,460055.40116591775,9251297.239653142,2025-05-18,0.3343608366861603,-6.860102907294433,-13.950165267581689
63,460055.40116591775,9251297.239653142,2025-05-30,0.14564920759289657,-13.647879820849516,-19.758292966802863
63,460055.40116591775,9251297.239653142,2025-06-11,0.1348942008783329,-14.182696176598988,-20.50806010744291
63,460055.40116591775,9251297.239653142,2025-06-23,0.3161193413047399,-9.449913787349391,-17.628923508304545
63,460055.40116591775,9251297.239653142,2025-07-05,0.37530083663738956,-7.458713957804639,-15.927617061528483
63,460055.40116591775,9251297.239653142,2025-07-17,0.45309017147089736,-5.93491521079441,-15.202789461918863
63,460055.40116591775,9251297.239653142,2025-07-29,0.43415746109922704,-4.8457048835933145,-12.912968537652327
63,460055.40116591775,9251297.239653142,2025-08-10,0.40337027540198034,-6.97601819537155,-15.486414360846501
63,460055.40116591775,9251297.239653142,2025-08-22,0.3893702429660912,-6.084442635151019,-14.156612897496023
63,460055.40116591775,9251297.239653142,2025-09-03,0.3299403370767527,-5.594651073036228,-12.631238928509788
63,460055.40116591775,9251297.239653142,2025-09-15,0.31204030587245773,-6.403831931194671,-13.441390585514046
63,460055.40116591775,9251297.239653142,2025-09-27,0.33757254301752804,-7.494261625147572,-14.915285354971461
63,460055.40116591775,9251297.239653142,2025-10-09,0.3280588438188478,-8.563937763477181,-15.658035012918512
63,460055.40116591775,9251297.239653142,2025-10-21,0.2644775812709423,-9.55973867140744,-15.450925425197301
63,460055.40116591775,9251297.239653142,2025-11-02,0.33945460376395886,-7.213969174250991,-14.535211734853974
64,489443.4430363055,9241597.942143587,2024-11-07,0.2750273303337683,-7.618513337023185,-13.840708077954302
64,489443.4430363055,9241597.942143587,2024-11-19,0.2707965962492323,-7.852608688170314,-12.849267341294667
64,489443.4430363055,9241597.942143587,2024-12-01,0.23245353589324935,-6.175768935192982,-12.542802499654695
64,489443.4430363055,9241597.942143587,2024-12-13,0.23829494556416028,-6.7972742056833635,-13.40484842286427
64,489443.4430363055,9241597.942143587,2024-12-25,0.22017910366956522,-6.092328947144713,-13.68334375082909
64,489443.4430363055,9241597.942143587,2025-01-06,0.2430481128083826,-6.887081319095187,-13.1798611660127
64,489443.4430363055,9241597.942143587,2025-01-18,0.2236242641689719,-5.915502787865432,-12.752583628209656
64,489443.4430363055,9241597.942143587,2025-01-30,0.24181488517397046,-6.4183258429686285,-12.245995870526729
64,489443.4430363055,9241597.942143587,2025-02-11,0.24322460535101004,-6.635975011654101,-12.604746120806924
64,489443.4430363055,9241597.942143587,2025-02-23,0.2407886695684781,-6.365237212870273,-12.219507059085702
64,489443.4430363055,9241597.942143587,2025-03-07,0.2969501368781278,-6.46480180564643,-13.266028116474043
64,489443.4430363055,9241597.942143587,2025-03-19,0.29359851070165205,-6.124264728559615,-11.344195314403013
64,489443.4430363055,9241597.942143587,2025-03-31,0.21479322360702088,-6.169299613964635,-12.682646298375941
64,489443.4430363055,9241597.942143587,2025-04-12,0.22514070222988222,-7.568583798895191,-13.155242979770643
64,489443.4430363055,9241597.942143587,2025-04-24,0.21972172549683297,-6.266263128749838,-12.884003024971145
64,489443.4430363055,9241597.942143587,2025-05-06,0.22954284560871596,-5.967022977802422,-12.093559258535137
64,489443.4430363055,9241597.942143587,2025-05-18,0.18143339023580177,-6.933152053581171,-12.993432087235181
64,489443.4430363055,9241597.942143587,2025-05-30,0.25982572814208843,-8.305263457839485,-14.838564163856988
64,489443.4430363055,9241597.942143587,2025-06-11,0.19481599469489197,-7.24070353204108,-12.935244644248487
64,489443.4430363055,9241597.942143587,2025-06-23,0.20793857719550413,-7.730074264335163,-14.238947433421675
64,489443.4430363055,9241597.942143587,2025-07-05,0.2556853079337272,-7.799651329585554,-14.082564214098968
64,489443.4430363055,9241597.942143587,2025-07-17,0.2545060846745142,-6.976177286504668,-12.19569238543336
64,489443.4430363055,9241597.942143587,2025-07-29,0.3088185216605277,-7.926890896358605,-12.682339485251536
64,489443.4430363055,9241597.942143587,2025-08-10,0.32209995219805154,-8.664231923173743,-14.238062095161649
64,489443.4430363055,9241597.942143587,2025-08-22,0.28531167817132663,-6.37705693274635,-12.962865596647559
64,489443.4430363055,9241597.942143587,2025-09-03,0.29567695919456133,-6.967196576531757,-13.300890315562146
64,489443.4430363055,9241597.942143587,2025-09-15,0.27335958442920144,-6.076590715160876,-11.978955022926707
64,489443.4430363055,9241597.942143587,2025-09-27,0.22974797354348125,-5.931028830047096,-12.239582606210265
64,489443.4430363055,9241597.942143587,2025-10-09,0.16451083259629462,-6.091291416704328,-12.639646908103794
64,489443.4430363055,9241597.942143587,2025-10-21,0.1801974973724586,-6.375032681568056,-12.411275631251321
64,489443.4430363055,9241597.942143587,2025-11-02,0.25984259918371266,-8.132671814131692,-14.452612113488499
65,461923.54818452697,9245129.916387133,2024-11-07,0.14990824790683407,-8.195924417525626,-15.538092430970588
65,461923.54818452697,9245129.916387133,2024-11-19,0.18667350814750688,-6.694532676039225,-13.90124916798632
65,461923.54818452697,9245129.916387133,2024-12-01,0.08283188132678582,-9.036212331224137,-17.490693392656606
65,461923.54818452697,9245129.916387133,2024-12-13,0.10979117584889793,-12.282068886693391,-19.578461118368608
65,461923.54818452697,9245129.916387133,2024-12-25,0.14524916126508675,-11.167425607715781,-18.170906703135735
65,461923.54818452697,9245129.916387133,2025-01-06,0.13627504413165775,-9.890529376887361,-17.2948718046592
65,461923.54818452697,9245129.916387133,2025-01-18,0.14175899777216008,-9.347514334426252,-16.769030278274254
65,461923.54818452697,9245129.916387133,2025-01-30,0.2606094956134764,-9.671920679443314,-15.070154870259321
65,461923.54818452697,9245129.916387133,2025-02-11,0.17993514670771762,-7.273483322106122,-14.476584298157182
65,461923.54818452697,9245129.916387133,2025-02-23,0.25991010622677563,-6.6791876059260336,-12.681780432576247
65,461923.54818452697,9245129.916387133,2025-03-07,0.2783186038669183,-8.21752532468037,-13.265251051289312
65,461923.54818452697,9245129.916387133,2025-03-19,0.23260440718365524,-3.60676724121467,-10.731893092277344
65,461923.54818452697,9245129.916387133,2025-03-31,0.15907727761708862,-5.7533905677260275,-13.601408293254426
65,461923.54818452697,9245129.916387133,2025-04-12,0.12286980109311248,-7.763359467372247,-15.572669669772077
65,461923.54818452697,9245129.916387133,2025-04-24,0.08991724543996903,-9.367741978473477,-17.590476385374537
65,461923.54818452697,9245129.916387133,2025-05-06,0.060159752612109624,-9.902380252388816,-18.722016752776316
65,461923.54818452697,9245129.916387133,2025-05-18,0.1495684634299677,-9.490329678524887,-17.06797831093245
65,461923.54818452697,9245129.916387133,2025-05-30,0.18563416225856127,-9.402266984038846,-16.0897399453038
65,461923.54818452697,9245129.916387133,2025-06-11,0.32599287012530265,-8.873608153060745,-13.805409650841927
65,461923.54818452697,9245129.916387133,2025-06-23,0.31754042527104737,-8.701315086240934,-13.774985692653994
65,461923.54818452697,9245129.916387133,2025-07-05,0.35608769232806436,-9.24631555198588,-13.485495782899182
65,461923.54818452697,9245129.916387133,2025-07-17,0.29202749700748803,-7.53564955739747,-12.736935120748958
65,461923.54818452697,9245129.916387133,2025-07-29,0.16706942779778045,-5.063669681237519,-12.885677323895958
65,461923.54818452697,9245129.916387133,2025-08-10,0.2610405106958178,-7.063672161545396,-12.761798701437288
65,461923.54818452697,9245129.916387133,2025-08-22,0.22929989239975215,-8.649510606324942,-14.634634896712189
65,461923.54818452697,9245129.916387133,2025-09-03,0.1965333899879519,-8.207433586654721,-14.888665085446018
65,461923.54818452697,9245129.916387133,2025-09-15,0.28233105159086647,-8.19925101406059,-13.304176847405484
65,461923.54818452697,9245129.916387133,2025-09-27,0.21022564347992118,-7.418634028616867,-14.093701961778978
65,461923.54818452697,9245129.916387133,2025-10-09,0.18719907162052027,-5.115339056585562,-12.467056406677946
65,461923.54818452697,9245129.916387133,2025-10-21,0.09819758790472295,-11.686604764602517,-19.083002629203396
65,461923.54818452697,9245129.916387133,2025-11-02,0.26118430799012393,-14.846528005382481,-19.210249436397017
66,491699.47179231985,9241880.724191854,2024-11-07,0.24472485669081484,-7.874951782805939,-12.499481022070762
66,491699.47179231985,9241880.724191854,2024-11-19,0.2705186462498096,-7.719283699547117,-13.341197430750594
66,491699.47179231985,9241880.724191854,2024-12-01,0.2155920106045181,-8.981892054066972,-13.644983460702326
66,491699.47179231985,9241880.724191854,2024-12-13,0.2902512926473919,-7.389582445085647,-12.997569432275355
66,491699.47179231985,9241880.724191854,2024-12-25,0.12119401584823838,-9.764991789845663,-15.98961558375743
66,491699.47179231985,9241880.724191854,2025-01-06,0.16083298620602096,-9.276342148560234,-15.77292404848495
66,491699.47179231985,9241880.724191854,2025-01-18,0.16661027595797057,-9.49607870237237,-15.073740149025117
66,491699.47179231985,9241880.724191854,2025-01-30,0.04634416414714494,-11.383452217719691,-17.399135205139316
66,491699.47179231985,9241880.724191854,2025-02-11,0.056248861666709074,-11.172302910687662,-17.238118007248328
66,491699.47179231985,9241880.724191854,2025-02-23,0.054910122152334095,-11.419363643596647,-16.911117373185082
66,491699.47179231985,9241880.724191854,2025-03-07,-0.011509755038335345,-12.142599630966949,-17.086421241090903
66,491699.47179231985,9241880.724191854,2025-03-19,0.07262127481447687,-10.42997411165197,-15.819227098326156
66,491699.47179231985,9241880.724191854,2025-03-31,-0.0461660406651144,-12.436675604706537,-19.07799056039964
66,491699.47179231985,9241880.724191854,2025-04-12,-0.029723417189254864,-12.559642231731548,-18.186396802959543
66,491699.47179231985,9241880.724191854,2025-04-24,0.056463604166981526,-10.923566854045252,-16.963012583751606
66,491699.47179231985,9241880.724191854,2025-05-06,0.19933471208113762,-8.537144315905625,-14.686724462775542
66,491699.47179231985,9241880.724191854,2025-05-18,0.20003445254263588,-8.565069900347913,-14.874255019085693
66,491699.47179231985,9241880.724191854,2025-05-30,0.013257989590408775,-12.137326836724466,-17.594775659925553
66,491699.47179231985,9241880.724191854,2025-06-11,0.14269225727838852,-9.068850353402476,-15.886061022710496
66,491699.47179231985,9241880.724191854,2025-06-23,0.1449990635011335,-9.417890172087176,-15.940729268430111
66,491699.47179231985,9241880.724191854,2025-07-05,0.04173171909236702,-11.083969255564966,-18.192129541099657
66,491699.47179231985,9241880.724191854,2025-07-17,0.20509888015753136,-8.546666066746372,-14.400812978460191
66,491699.47179231985,9241880.724191854,2025-07-29,0.11664309244158316,-10.34612726079095,-17.052834940650335
66,491699.47179231985,9241880.724191854,2025-08-10,0.19305168586337548,-10.093963457044588,-15.646084990056147
66,491699.47179231985,9241880.724191854,2025-08-22,0.3084136867292153,-7.976909234253317,-13.849747960433026
66,491699.47179231985,9241880.724191854,2025-09-03,0.26469475296064376,-9.349161988526214,-15.039003744245992
66,491699.47179231985,9241880.724191854,2025-09-15,0.27780258875765057,-9.194235074475047,-14.479580001963207
66,491699.47179231985,9241880.724191854,2025-09-27,0.27874287590638713,-7.494462070927481,-13.363410584253497
66,491699.47179231985,9241880.724191854,2025-10-09,0.28724978517299266,-6.664909639683632,-12.55175359183615
66,491699.47179231985,9241880.724191854,2025-10-21,0.2531985738084329,-7.711476063479432,-13.195270853172527
66,491699.47179231985,9241880.724191854,2025-11-02,0.2520413911158763,-7.621326848896729,-14.4326668982422
67,462347.9683912919,9227216.470498761,2024-11-07,0.3298953147722498,-4.981717719925036,-12.825269182279005
67,462347.9683912919,9227216.470498761,2024-11-19,0.31900258509099855,-5.479656830835354,-11.86704457842862
67,462347.9683912919,9227216.470498761,2024-12-01,0.3537137321057571,-4.9350673657608235,-11.496888669629188
67,462347.9683912919,9227216.470498761,2024-12-13,0.3727380963313669,-5.9054983245424,-11.573597941237528
67,462347.9683912919,9227216.470498761,2024-12-25,0.36375174303800456,-5.382063758905366,-12.110186676671894
67,462347.9683912919,9227216.470498761,2025-01-06,0.3570695161533743,-4.721299255281661,-11.14958749188353
67,462347.9683912919,9227216.470498761,2025-01-18,0.3292081835624178,-5.009625260905893,-12.69103358708937
67,462347.9683912919,9227216.470498761,2025-01-30,0.342140783024621,-5.9244681035823055,-12.922290440469762
67,462347.9683912919,9227216.470498761,2025-02-11,0.363214195767099,-5.221727898255526,-11.318832439079996
67,462347.9683912919,9227216.470498761,2025-02-23,0.3616122334634948,-5.195016862894878,-11.368379982810938
67,462347.9683912919,9227216.470498761,2025-03-07,0.3419202583173719,-4.5006665785452915,-11.647001823252742
67,462347.9683912919,9227216.470498761,2025-03-19,0.3265412866403859,-5.1830458595828865,-11.911965930287758
67,462347.9683912919,9227216.470498761,2025-03-31,0.3260124524339028,-5.239226897715101,-13.04526982403149
67,462347.9683912919,9227216.470498761,2025-04-12,0.31488632031955555,-5.991754946507742,-12.740557183689189
67,462347.9683912919,9227216.470498761,2025-04-24,0.34447396265526103,-4.581700584886753,-11.038597764616355
67,462347.9683912919,9227216.470498761,2025-05-06,0.331964385118845,-5.973337153455204,-12.862499891116155
67,462347.9683912919,9227216.470498761,2025-05-18,0.3349266750838024,-5.082325495855258,-12.015577661090278
67,462347.9683912919,9227216.470498761,2025-05-30,0.3617706454225317,-4.967007895693343,-11.15524590183794
67,462347.9683912919,9227216.470498761,2025-06-11,0.3416525712615528,-5.960904350883849,-12.679643701090926
67,462347.9683912919,9227216.470498761,2025-06-23,0.371947035354216,-5.753005798501374,-11.276740249319547
67,462347.9683912919,9227216.470498761,2025-07-05,0.35173006255772926,-4.774083203061067,-12.13717317161122
67,462347.9683912919,9227216.470498761,2025-07-17,0.37320980999139636,-5.212709994663617,-11.473057077051156
67,462347.9683912919,9227216.470498761,2025-07-29,0.37869821847440954,-6.855761251302477,-13.171958264936771
67,462347.9683912919,9227216.470498761,2025-08-10,0.3688278033850601,-5.9594828568090525,-13.047945709429746
67,462347.9683912919,9227216.470498761,2025-08-22,0.40530650685803826,-4.403164745171745,-9.941309895379291
67,462347.9683912919,9227216.470498761,2025-09-03,0.39304391645096665,-5.934514539404455,-11.148419504934676
67,462347.9683912919,9227216.470498761,2025-09-15,0.3310625436449901,-4.906201190250127,-12.24790167568776
67,462347.9683912919,9227216.470498761,2025-09-27,0.35100427153208985,-5.792089807512655,-12.395209639270515
67,462347.9683912919,9227216.470498761,2025-10-09,0.3561996245295236,-5.0389940911717295,-11.39955850779249
67,462347.9683912919,9227216.470498761,2025-10-21,0.3572088642716998,-2.8042385592626813,-9.21232799445566
67,462347.9683912919,9227216.470498761,2025-11-02,0.36245536146979357,-5.141423253940826,-11.281225522896753
68,471038.9177007015,9240756.899088582,2024-11-07,0.2822829401796806,-10.16311773602127,-16.878113457588515
68,471038.9177007015,9240756.899088582,2024-11-19,0.2706686209854757,-10.344155638130813,-17.577301297052966
68,471038.9177007015,9240756.899088582,2024-12-01,0.30768350861868493,-10.077099380088375,-16.119900751358895
68,471038.9177007015,9240756.899088582,2024-12-13,0.28938978996380926,-10.24046099799195,-16.852878483024718
68,471038.9177007015,9240756.899088582,2024-12-25,0.3238582343512209,-8.548165555095508,-14.911746123380968
68,471038.9177007015,9240756.899088582,2025-01-06,0.3153939104688919,-8.588239029379011,-15.236521671140915
68,471038.9177007015,9240756.899088582,2025-01-18,0.36196095996058275,-7.802641648186876,-13.22113102418534
68,471038.9177007015,9240756.899088582,2025-01-30,0.35028379820999456,-8.280346808332798,-13.840067698910788
68,471038.9177007015,9240756.899088582,2025-02-11,0.3401274528026177,-7.86826288543846,-14.043611094281149
68,471038.9177007015,9240756.899088582,2025-02-23,0.3460416398819812,-8.329748983319483,-14.014699283801992
68,471038.9177007015,9240756.899088582,2025-03-07,0.361298962575762,-7.2160013470722255,-12.863848400163969
68,471038.9177007015,9240756.899088582,2025-03-19,0.31904885634113783,-8.65533506743316,-15.169799322192448
68,471038.9177007015,9240756.899088582,2025-03-31,0.19607837460759797,-12.016293962832501,-20.196962132610615
68,471038.9177007015,9240756.899088582,2025-04-12,0.2919485641590412,-11.306762952613191,-17.973126966039228
68,471038.9177007015,9240756.899088582,2025-04-24,0.25422637396613307,-10.96832359960039,-18.43064316275161
68,471038.9177007015,9240756.899088582,2025-05-06,0.2742004594811433,-10.634118177743542,-17.99045528235833
68,471038.9177007015,9240756.899088582,2025-05-18,0.3274468142284394,-8.644570780169085,-15.655326472785791
68,471038.9177007015,9240756.899088582,2025-05-30,0.31071771973881457,-7.419359823011563,-14.934136207689031
68,471038.9177007015,9240756.899088582,2025-06-11,0.3544760459066623,-7.320902127802415,-13.299109967388096
68,471038.9177007015,9240756.899088582,2025-06-23,0.37697964233147196,-8.2719463882647,-13.587389635647076
68,471038.9177007015,9240756.899088582,2025-07-05,0.3663903742804104,-6.7438246952625125,-12.811504091925556
68,471038.9177007015,9240756.899088582,2025-07-17,0.3279692684640208,-7.881990424544472,-14.100275577152903
68,471038.9177007015,9240756.899088582,2025-07-29,0.3212776418461472,-7.802097333519745,-14.7399440999667
68,471038.9177007015,9240756.899088582,2025-08-10,0.3604929720952429,-7.382594507625781,-13.059151323262356
68,471038.9177007015,9240756.899088582,2025-08-22,0.36582587483827717,-8.400845122118799,-13.3657938111972
68,471038.9177007015,9240756.899088582,2025-09-03,0.3253524800688421,-8.756027445375778,-14.663785722043205
68,471038.9177007015,9240756.899088582,2025-09-15,0.32437306539563127,-8.52263619600879,-14.515932921595255
68,471038.9177007015,9240756.899088582,2025-09-27,0.3155759810770971,-9.07625692050208,-15.427305494329877
68,471038.9177007015,9240756.899088582,2025-10-09,0.308690709066445,-8.064278070229049,-14.728522050707857
68,471038.9177007015,9240756.899088582,2025-10-21,0.27735198095624175,-10.226508300216187,-17.368941884048514
68,471038.9177007015,9240756.899088582,2025-11-02,0.27765860517841745,-10.139525287832255,-17.239703057037687
69,483030.323396994,9231951.52069125,2024-11-07,0.11889773702684565,-6.909647954200912,-15.072238717060166
69,483030.323396994,9231951.52069125,2024-11-19,0.13401473826956314,-8.197164137656543,-16.095053685261515
69,483030.323396994,9231951.52069125,2024-12-01,0.30748223733416835,-14.136426643413248,-20.090772020141664
69,483030.323396994,9231951.52069125,2024-12-13,0.20811898530796805,-10.696809366183256,-18.252903963909137
69,483030.323396994,9231951.52069125,2024-12-25,0.2531056378617143,-8.552560073549234,-16.14145179597317
69,483030.323396994,9231951.52069125,2025-01-06,0.3770240529273543,-9.199980530226584,-14.665879307915404
69,483030.323396994,9231951.52069125,2025-01-18,0.31306746945223757,-9.553892994481922,-14.796439687663096
69,483030.323396994,9231951.52069125,2025-01-30,0.18426401631261446,-6.996814846925679,-14.567674043528466
69,483030.323396994,9231951.52069125,2025-02-11,0.29621045690140857,-7.809133937828278,-13.172874077382321
69,483030.323396994,9231951.52069125,2025-02-23,0.3744034635114274,-10.60223870281515,-14.71400871142741
69,483030.323396994,9231951.52069125,2025-03-07,0.25266070893342335,-7.1240710392874735,-12.850037309093235
69,483030.323396994,9231951.52069125,2025-03-19,0.1422454001576662,-5.490403380324286,-13.898435927336553
69,483030.323396994,9231951.52069125,2025-03-31,0.2670066105771071,-11.3357186882875,-17.761794466388025
69,483030.323396994,9231951.52069125,2025-04-12,0.21577520990150073,-9.436316741939141,-16.491898134946634
69,483030.323396994,9231951.52069125,2025-04-24,0.13900291129364067,-10.237438651126636,-19.06895670885816
69,483030.323396994,9231951.52069125,2025-05-06,0.18616846288120886,-10.406300041542023,-18.931775538610474
69,483030.323396994,9231951.52069125,2025-05-18,0.1918578248147633,-8.045300717145794,-15.595728089417051
69,483030.323396994,9231951.52069125,2025-05-30,0.23737056265633108,-8.443731760867802,-15.105709846278899
69,483030.323396994,9231951.52069125,2025-06-11,0.18345024883860006,-7.163405223728397,-14.772758444284799
69,483030.323396994,9231951.52069125,2025-06-23,0.3080128370368322,-7.792139721120867,-14.210907716008068
69,483030.323396994,9231951.52069125,2025-07-05,0.3135412335018023,-8.369722577424414,-13.506754651126446
69,483030.323396994,9231951.52069125,2025-07-17,0.14780995442143138,-4.641553229622245,-12.66610330972516
69,483030.323396994,9231951.52069125,2025-07-29,0.15981728155961686,-6.574849890554906,-14.46467497607421
69,483030.323396994,9231951.52069125,2025-08-10,0.18656420340861904,-5.563711345413626,-12.742383940170177
69,483030.323396994,9231951.52069125,2025-08-22,0.20966020781441821,-7.065699341592162,-14.321372209241702
69,483030.323396994,9231951.52069125,2025-09-03,0.17627171826254184,-7.655938335362609,-15.477703777692682
69,483030.323396994,9231951.52069125,2025-09-15,0.15130329208988882,-9.237015457781167,-16.987177891441217
69,483030.323396994,9231951.52069125,2025-09-27,0.2208302737389819,-5.440686058471327,-12.053550836954638
69,483030.323396994,9231951.52069125,2025-10-09,0.16774318476416913,-6.230482760202986,-14.275373584307003
69,483030.323396994,9231951.52069125,2025-10-21,0.1554177822775516,-12.555439447375841,-21.38331226516724
69,483030.323396994,9231951.52069125,2025-11-02,0.21986972183344697,-10.474095388842686,-17.761892358270558
70,469929.8311135617,9223366.933888087,2024-11-07,0.20593205270278858,-8.01134694959404,-13.617594859181146
70,469929.8311135617,9223366.933888087,2024-11-19,0.2240343809185485,-9.232093362495371,-14.495882997856151
70,469929.8311135617,9223366.933888087,2024-12-01,0.3631610749593693,-7.190016806900005,-14.192858945931548
70,469929.8311135617,9223366.933888087,2024-12-13,0.3414175590478084,-7.371315758792476,-14.015934566342528
70,469929.8311135617,9223366.933888087,2024-12-25,0.4126157340591635,-6.457771791451492,-13.439731405088871
70,469929.8311135617,9223366.933888087,2025-01-06,0.34963122121993734,-7.568496825062434,-14.063839223692792
70,469929.8311135617,9223366.933888087,2025-01-18,0.34322906383008667,-6.9855546853697845,-13.427607497542274
70,469929.8311135617,9223366.933888087,2025-01-30,0.20721392510722775,-9.067967325313045,-13.86378973395264
70,469929.8311135617,9223366.933888087,2025-02-11,0.3012390724480141,-7.184577645222596,-12.84010892131905
70,469929.8311135617,9223366.933888087,2025-02-23,0.3476227043991905,-6.534979598934998,-12.789866923700368
70,469929.8311135617,9223366.933888087,2025-03-07,0.27192010963170643,-6.3023618241490125,-12.071761773689646
70,469929.8311135617,9223366.933888087,2025-03-19,0.36034062356668906,-6.68987011019915,-13.317895911094398
70,469929.8311135617,9223366.933888087,2025-03-31,0.312874855623858,-7.929671753950897,-14.304927376195945
70,469929.8311135617,9223366.933888087,2025-04-12,0.19410390104933134,-10.031689321985235,-15.553198998148613
70,469929.8311135617,9223366.933888087,2025-04-24,0.3982163239466522,-6.690751513983592,-13.993678880271041
70,469929.8311135617,9223366.933888087,2025-05-06,0.4070608199554867,-7.453727483780666,-14.455378352866664
70,469929.8311135617,9223366.933888087,2025-05-18,0.31268438296160067,-7.682763257232473,-13.408134600793325
70,469929.8311135617,9223366.933888087,2025-05-30,0.3488346629013591,-6.942305005489804,-13.478898188717078
70,469929.8311135617,9223366.933888087,2025-06-11,0.37330587710749663,-6.984615632369626,-12.958599014634306
70,469929.8311135617,9223366.933888087,2025-06-23,0.3074886374136965,-7.322618126432979,-12.94355133089234
70,469929.8311135617,9223366.933888087,2025-07-05,0.37810260243367133,-5.003459779144641,-11.873041209653923
70,469929.8311135617,9223366.933888087,2025-07-17,0.33689052353122445,-5.947000924210263,-13.022888217429418
70,469929.8311135617,9223366.933888087,2025-07-29,0.32347327341644166,-7.809612807931951,-14.048944252592046
70,469929.8311135617,9223366.933888087,2025-08-10,0.4014843372493762,-6.326717015633348,-12.238606930529496
70,469929.8311135617,9223366.933888087,2025-08-22,0.40993436246919956,-6.858820347208233,-12.94050057251942
70,469929.8311135617,9223366.933888087,2025-09-03,0.29592366267530373,-7.314906256036432,-12.72652025524292
70,469929.8311135617,9223366.933888087,2025-09-15,0.30947706647488127,-5.618175646716484,-11.565383008089869
70,469929.8311135617,9223366.933888087,2025-09-27,0.2609746242929473,-8.365890867473004,-13.888269488155139
70,469929.8311135617,9223366.933888087,2025-10-09,0.1874773313359369,-8.793016589531286,-14.305834328090803
70,469929.8311135617,9223366.933888087,2025-10-21,0.15506723182652474,-10.517415907189514,-15.700969635025384
70,469929.8311135617,9223366.933888087,2025-11-02,0.24701555199396819,-9.283928327993358,-15.078982704808002
71,448309.5313640029,9232242.819583712,2024-11-07,-0.06803013549746904,-14.344148803183883,-19.22570699836595
71,448309.5313640029,9232242.819583712,2024-11-19,-0.08271475423571359,-17.77695396907416,-19.372811597934643
71,448309.5313640029,9232242.819583712,2024-12-01,-0.07062497540050074,-16.677866305488543,-19.96909119855699
71,448309.5313640029,9232242.819583712,2024-12-13,-0.06859639871212232,-14.331556781147025,-19.303757305271862
71,448309.5313640029,9232242.819583712,2024-12-25,-0.06491083909815042,-13.649592713573442,-19.00154148131133
71,448309.5313640029,9232242.819583712,2025-01-06,-0.05346806920389906,-15.911982270910618,-20.8571606095415
71,448309.5313640029,9232242.819583712,2025-01-18,-0.06005820153551653,-15.733201891195794,-20.498205801007867
71,448309.5313640029,9232242.819583712,2025-01-30,-0.06353941082596232,-16.053938282575295,-20.32862965283695
71,448309.5313640029,9232242.819583712,2025-02-11,-0.055109808615588125,-13.240132564021131,-19.72475181018264
71,448309.5313640029,9232242.819583712,2025-02-23,-0.06771704959054421,-13.892977338530574,-18.857295281069305
71,448309.5313640029,9232242.819583712,2025-03-07,-0.0623716262185323,-19.02013264871388,-21.947816700419278
71,448309.5313640029,9232242.819583712,2025-03-19,-0.06865570021343308,-17.703778122013464,-20.40626918200012
71,448309.5313640029,9232242.819583712,2025-03-31,-0.04758802739652922,-15.237207802733113,-21.430807883245315
71,448309.5313640029,9232242.819583712,2025-04-12,-0.036817659578963394,-15.394764774225752,-20.95318680553948
71,448309.5313640029,9232242.819583712,2025-04-24,-0.052740307338612555,-16.90352284597282,-21.281133470284175
71,448309.5313640029,9232242.819583712,2025-05-06,-0.06567246702126474,-18.419883390865973,-21.17940491724244
71,448309.5313640029,9232242.819583712,2025-05-18,-0.049652853166891164,-17.017450660801348,-21.614575360728963
71,448309.5313640029,9232242.819583712,2025-05-30,-0.05999129917336354,-16.00051684641246,-20.63765665473186
71,448309.5313640029,9232242.819583712,2025-06-11,-0.06141567142487761,-17.16368891332811,-21.018841374079983
71,448309.5313640029,9232242.819583712,2025-06-23,-0.07032335714181062,-18.869278419986774,-20.883181734687394
71,448309.5313640029,9232242.819583712,2025-07-05,-0.058822014724473994,-17.616535803361177,-21.553038217097573
71,448309.5313640029,9232242.819583712,2025-07-17,-0.06061566186754283,-15.367099044906448,-20.46861204689382
71,448309.5313640029,9232242.819583712,2025-07-29,-0.05920473505944895,-19.01762442206479,-22.992698064896167
71,448309.5313640029,9232242.819583712,2025-08-10,-0.06897419688455404,-17.1182133492182,-20.96308643746317
71,448309.5313640029,9232242.819583712,2025-08-22,-0.0689170116463735,-17.676845986505015,-20.973638056439608
71,448309.5313640029,9232242.819583712,2025-09-03,-0.07266166101660627,-14.759123220300301,-18.96264769216754
71,448309.5313640029,9232242.819583712,2025-09-15,-0.06825267930568636,-16.338608087581655,-20.0245467678072
71,448309.5313640029,9232242.819583712,2025-09-27,-0.06172274764386399,-16.15695039196162,-20.654007959896028
71,448309.5313640029,9232242.819583712,2025-10-09,-0.07195680380298652,-15.759079586010015,-19.68860248708377
71,448309.5313640029,9232242.819583712,2025-10-21,-0.07237536805014595,-15.8413752260622,-20.08296820266621
71,448309.5313640029,9232242.819583712,2025-11-02,-0.0625099407848587,-13.892841321431762,-19.349789839439026
72,479424.00275677635,9238757.965594456,2024-11-07,0.2516789165569043,-2.27236690733919,-2.3787607119965353
72,479424.00275677635,9238757.965594456,2024-11-19,0.25006538247058363,-1.7876536841781694,0.12351787969472738
72,479424.00275677635,9238757.965594456,2024-12-01,0.2541223046346412,-1.8179522850979133,-0.8111314150531843
72,479424.00275677635,9238757.965594456,2024-12-13,0.252262486465848,-2.646543819719951,-5.6304618441562315
72,479424.00275677635,9238757.965594456,2024-12-25,0.23213399099333443,-2.2136472897125943,-2.5211304406497668
72,479424.00275677635,9238757.965594456,2025-01-06,0.2532975082859971,-3.37976687046842,-4.280602914438757
72,479424.00275677635,9238757.965594456,2025-01-18,0.253357682423348,-2.716910026875493,-3.415223244812582
72,479424.00275677635,9238757.965594456,2025-01-30,0.2529168823676689,-3.6780956501594195,-5.410526503226672
72,479424.00275677635,9238757.965594456,2025-02-11,0.25440960017704595,0.031817444147131724,1.853811435060523
72,479424.00275677635,9238757.965594456,2025-02-23,0.2533352014002521,-2.3293074832812017,-3.0299719430931464
72,479424.00275677635,9238757.965594456,2025-03-07,0.25049735516864424,-0.3910807922424713,0.6347540830005505
72,479424.00275677635,9238757.965594456,2025-03-19,0.2553299907628674,-1.3639648677605143,-1.1540791055121526
72,479424.00275677635,9238757.965594456,2025-03-31,0.25279056115183896,-4.4280122665287465,-8.609165874298835
72,479424.00275677635,9238757.965594456,2025-04-12,0.25160417940787555,-1.5947041080885644,-1.193927364405739
72,479424.00275677635,9238757.965594456,2025-04-24,0.254460494314965,-3.038074019492492,-2.9542107638220276
72,479424.00275677635,9238757.965594456,2025-05-06,0.2572801126134945,-2.4074701443023194,-3.621933424243667
72,479424.00275677635,9238757.965594456,2025-05-18,0.25804987586725164,-2.2304821689442345,-2.4321791854462327
72,479424.00275677635,9238757.965594456,2025-05-30,0.2540192024353566,-0.9796026515323006,-0.09196365084120428
72,479424.00275677635,9238757.965594456,2025-06-11,0.25387644162929285,-1.9564960308978874,-1.4805880627534098
72,479424.00275677635,9238757.965594456,2025-06-23,0.2554346184048303,-1.3350568641922638,-1.0963300916629266
72,479424.00275677635,9238757.965594456,2025-07-05,0.2533254170242698,-2.6385407420126894,-5.8134071732295665
72,479424.00275677635,9238757.965594456,2025-07-17,0.2564953636863424,-1.3018878894434798,0.6034475791714766
72,479424.00275677635,9238757.965594456,2025-07-29,0.2514905542767367,-4.885311766728471,-8.042724035310933
72,479424.00275677635,9238757.965594456,2025-08-10,0.2533510244670274,-2.9160534901876205,-4.198579255771056
72,479424.00275677635,9238757.965594456,2025-08-22,0.2575773432701306,-2.0033654924022177,-1.2843393193916137
72,479424.00275677635,9238757.965594456,2025-09-03,0.25682637593014834,-2.5924128248153298,-1.461490154398176
72,479424.00275677635,9238757.965594456,2025-09-15,0.2593194936940085,-1.299043309644071,-0.7640423676114336
72,479424.00275677635,9238757.965594456,2025-09-27,0.2530318145725984,-3.667499630862273,-5.157999481548803
72,479424.00275677635,9238757.965594456,2025-10-09,0.25822605971637436,-1.420021468540519,0.10271265244841388
72,479424.00275677635,9238757.965594456,2025-10-21,0.2557041883314551,-2.687264334960939,-1.8997117275254949
72,479424.00275677635,9238757.965594456,2025-11-02,0.2536974054727593,-1.2402282872736023,-1.0566233015509525
73,491893.8667914206,9238022.8815513,2024-11-07,0.19803387687462404,-9.719234243387744,-17.643300650521436
73,491893.8667914206,9238022.8815513,2024-11-19,0.1819021012681326,-10.214059467045852,-18.570432225341925
73,491893.8667914206,9238022.8815513,2024-12-01,0.19365726532722088,-9.832726240734678,-18.219085733667765
73,491893.8667914206,9238022.8815513,2024-12-13,0.15629702976378118,-8.88434748567611,-18.24152890665131
73,491893.8667914206,9238022.8815513,2024-12-25,0.33293108872677424,-8.773115756610219,-15.968257287893078
73,491893.8667914206,9238022.8815513,2025-01-06,0.296913548332867,-5.407154769459955,-14.93398232761151
73,491893.8667914206,9238022.8815513,2025-01-18,0.2002285977506776,-5.02047984320744,-15.693250606642
73,491893.8667914206,9238022.8815513,2025-01-30,0.19763916790707936,-4.30437134781635,-15.36539107497191
73,491893.8667914206,9238022.8815513,2025-02-11,0.08646714553745907,-13.75807989867143,-21.649843570503734
73,491893.8667914206,9238022.8815513,2025-02-23,0.11818154510184621,-8.190647600028628,-18.403130823026753
73,491893.8667914206,9238022.8815513,2025-03-07,0.02839658670906392,-8.439583156724051,-19.016909847887078
73,491893.8667914206,9238022.8815513,2025-03-19,-0.003419624091006074,-8.741744646502859,-20.070038595824816
73,491893.8667914206,9238022.8815513,2025-03-31,0.016953183079400747,-12.47553775702766,-21.477876777792943
73,491893.8667914206,9238022.8815513,2025-04-12,0.07951496512243295,-13.876346846382477,-21.102141651886747
73,491893.8667914206,9238022.8815513,2025-04-24,0.08903344581834913,-13.839646686629601,-21.479096658638205
73,491893.8667914206,9238022.8815513,2025-05-06,0.10114578889787938,-12.355562501193091,-20.987587416143576
73,491893.8667914206,9238022.8815513,2025-05-18,0.11413731682584986,-11.355353364474396,-19.94571703938639
73,491893.8667914206,9238022.8815513,2025-05-30,0.13729680164863603,-15.329455959800223,-21.761675714342296
73,491893.8667914206,9238022.8815513,2025-06-11,0.1287550234274546,-13.025322955975449,-20.76864732136152
73,491893.8667914206,9238022.8815513,2025-06-23,0.09597181270597817,-11.566616528387959,-21.0960784453055
73,491893.8667914206,9238022.8815513,2025-07-05,0.1294770972459342,-10.03135826866434,-19.183432774274486
73,491893.8667914206,9238022.8815513,2025-07-17,0.29109573236637193,-10.850633138230934,-18.417051648897715
73,491893.8667914206,9238022.8815513,2025-07-29,0.4464859364751147,-8.964296026688064,-14.957752639016324
73,491893.8667914206,9238022.8815513,2025-08-10,0.4600608363380174,-9.407597670557967,-14.893568758152101
73,491893.8667914206,9238022.8815513,2025-08-22,0.41975795850747377,-8.912702251741456,-14.914297809104337
73,491893.8667914206,9238022.8815513,2025-09-03,0.4049047736133181,-8.598374304682741,-14.730692154704016
73,491893.8667914206,9238022.8815513,2025-09-15,0.3529992283704434,-6.529949741500078,-13.347667614634585
73,491893.8667914206,9238022.8815513,2025-09-27,0.34654078855711046,-8.37377340370448,-15.422613075009322
73,491893.8667914206,9238022.8815513,2025-10-09,0.22531064649466281,-6.8811331177337625,-15.575800404962553
73,491893.8667914206,9238022.8815513,2025-10-21,0.08764175983657604,-14.635323133884317,-21.921055934287928
73,491893.8667914206,9238022.8815513,2025-11-02,0.13117575492296812,-16.862642749501525,-22.62061059668121
74,471242.80878741114,9241421.134721242,2024-11-07,0.15403012464757876,-8.400860981373073,-14.725819386048336
74,471242.80878741114,9241421.134721242,2024-11-19,0.23965609256191128,-9.371841428701476,-17.544865335935825
74,471242.80878741114,9241421.134721242,2024-12-01,0.221944074170407,-11.00040181505609,-18.28360939615051
74,471242.80878741114,9241421.134721242,2024-12-13,0.19994956560841493,-13.012108970202204,-19.25415018481205
74,471242.80878741114,9241421.134721242,2024-12-25,0.24500122748745623,-8.625861094745954,-16.313934517553456
74,471242.80878741114,9241421.134721242,2025-01-06,0.21044027954163505,-10.043842359105392,-17.07635282007726
74,471242.80878741114,9241421.134721242,2025-01-18,0.19258482030704724,-8.359165414203853,-15.035045098091258
74,471242.80878741114,9241421.134721242,2025-01-30,0.1896160765239187,-7.587083026442331,-14.283591400817272
74,471242.80878741114,9241421.134721242,2025-02-11,0.17330842915656725,-7.2547470513369285,-13.429570380965641
74,471242.80878741114,9241421.134721242,2025-02-23,0.17888212037863893,-8.153850373647607,-14.37936688897153
74,471242.80878741114,9241421.134721242,2025-03-07,0.1537676515526072,-8.092041438384154,-13.441036090022218
74,471242.80878741114,9241421.134721242,2025-03-19,0.14252454955369356,-6.501716830075328,-12.48896010325648
74,471242.80878741114,9241421.134721242,2025-03-31,0.21514649540034075,-8.697857758958527,-16.115162605253104
74,471242.80878741114,9241421.134721242,2025-04-12,0.1847128117156926,-13.261385552712738,-18.93863945532544
74,471242.80878741114,9241421.134721242,2025-04-24,0.2002737885505629,-11.546707473208524,-18.423334804366515
74,471242.80878741114,9241421.134721242,2025-05-06,0.22868910171607543,-8.846723280366238,-16.712265112182696
74,471242.80878741114,9241421.134721242,2025-05-18,0.25944227965181665,-8.024306283537062,-16.045912578941497
74,471242.80878741114,9241421.134721242,2025-05-30,0.20104199481842552,-7.148887896823576,-14.31992789688628
74,471242.80878741114,9241421.134721242,2025-06-11,0.20129293566137027,-7.929493938798616,-14.982579687568295
74,471242.80878741114,9241421.134721242,2025-06-23,0.19724485511836595,-8.14605511388055,-13.628082026380378
74,471242.80878741114,9241421.134721242,2025-07-05,0.1572872093145941,-6.2321086639641745,-12.007500550292704
74,471242.80878741114,9241421.134721242,2025-07-17,0.1493943121782257,-6.2535422071797395,-11.937289059538134
74,471242.80878741114,9241421.134721242,2025-07-29,0.1978573281015141,-8.745155915695603,-16.125584357843774
74,471242.80878741114,9241421.134721242,2025-08-10,0.16051856097974362,-7.262366329746056,-12.834236580919363
74,471242.80878741114,9241421.134721242,2025-08-22,0.2002769005177034,-10.123902045815818,-16.55693497432384
74,471242.80878741114,9241421.134721242,2025-09-03,0.17888694687315107,-9.85123447994198,-15.746834365855886
74,471242.80878741114,9241421.134721242,2025-09-15,0.16052590832709568,-7.3776178492778355,-13.28413992357456
74,471242.80878741114,9241421.134721242,2025-09-27,0.20550098388108043,-9.10014715546136,-16.111603311339227
74,471242.80878741114,9241421.134721242,2025-10-09,0.2046157606318539,-9.06887999836766,-16.02469742209433
74,471242.80878741114,9241421.134721242,2025-10-21,0.21978651799022308,-11.423076616188794,-18.56145528215826
74,471242.80878741114,9241421.134721242,2025-11-02,0.2252545086404484,-11.94812150717106,-19.194229374220463
75,464457.9561800435,9250765.562310252,2024-11-07,0.2120421543997534,-7.7567309054671965,-14.327685343079173
75,464457.9561800435,9250765.562310252,2024-11-19,0.21924991741642033,-8.667417053653418,-15.380237150865433
75,464457.9561800435,9250765.562310252,2024-12-01,0.2381876048623505,-7.661523500794349,-14.573072369674207
75,464457.9561800435,9250765.562310252,2024-12-13,0.11649627565263289,-12.76980154259681,-18.706653627527857
75,464457.9561800435,9250765.562310252,2024-12-25,0.16975790076959366,-11.183921751104208,-17.77881075893652
75,464457.9561800435,9250765.562310252,2025-01-06,0.19558053965127306,-12.455073811963217,-18.631361849502298
75,464457.9561800435,9250765.562310252,2025-01-18,0.2380579009575837,-7.990310026326561,-13.749957937432965
75,464457.9561800435,9250765.562310252,2025-01-30,0.2270198020216227,-8.412354206575847,-14.643258431431798
75,464457.9561800435,9250765.562310252,2025-02-11,0.22274557820372048,-8.528218181103021,-15.111602627226777
75,464457.9561800435,9250765.562310252,2025-02-23,0.22061953699396614,-8.805556770849888,-14.778982261533141
75,464457.9561800435,9250765.562310252,2025-03-07,0.20822720122315885,-9.308125238957969,-15.707883800544193
75,464457.9561800435,9250765.562310252,2025-03-19,0.23519681475242213,-9.454663964790177,-15.577954435293643
75,464457.9561800435,9250765.562310252,2025-03-31,0.21569674742804332,-8.885846347237276,-15.455227816538986
75,464457.9561800435,9250765.562310252,2025-04-12,0.23662088900098638,-7.237736813700577,-13.085164307142456
75,464457.9561800435,9250765.562310252,2025-04-24,0.19857313722661576,-7.710066249709583,-13.642958113661273
75,464457.9561800435,9250765.562310252,2025-05-06,0.13871772858542553,-11.038700183217827,-17.93714466502272
75,464457.9561800435,9250765.562310252,2025-05-18,0.12120042623855755,-12.539931725877665,-19.174012410168668
75,464457.9561800435,9250765.562310252,2025-05-30,0.1906646263006201,-9.997874417471152,-17.082247917838842
75,464457.9561800435,9250765.562310252,2025-06-11,0.25012934566753453,-7.893946141434682,-14.955337715623395
75,464457.9561800435,9250765.562310252,2025-06-23,0.292483861024194,-8.3439611917915,-15.334010503909315
75,464457.9561800435,9250765.562310252,2025-07-05,0.3220652660692164,-6.204436237326912,-13.10050634588361
75,464457.9561800435,9250765.562310252,2025-07-17,0.2927270526647151,-7.61402979992544,-13.51000136617642
75,464457.9561800435,9250765.562310252,2025-07-29,0.3114777944862504,-5.6740457090522645,-11.515121493853115
75,464457.9561800435,9250765.562310252,2025-08-10,0.3060554476448605,-4.221834707881845,-11.062928150642794
75,464457.9561800435,9250765.562310252,2025-08-22,0.24764108054275896,-5.57440168882726,-12.500702870793816
75,464457.9561800435,9250765.562310252,2025-09-03,0.22431464478469054,-7.0965064960091375,-13.777845615656942
75,464457.9561800435,9250765.562310252,2025-09-15,0.20495738246909453,-8.662254426084441,-14.626465938541395
75,464457.9561800435,9250765.562310252,2025-09-27,0.22985539606138247,-8.35283567951557,-14.287893450103327
75,464457.9561800435,9250765.562310252,2025-10-09,0.24046258295985695,-5.416337451312748,-12.29149148406266
75,464457.9561800435,9250765.562310252,2025-10-21,0.17432115021060968,-10.003407093963727,-16.10134711871682
75,464457.9561800435,9250765.562310252,2025-11-02,0.2611850159926395,-6.4578879767590776,-13.546809458337417
76,465599.48247414775,9221393.710740786,2024-11-07,0.42085572967809065,-7.80775108731612,-12.629661850848871
76,465599.48247414775,9221393.710740786,2024-11-19,0.40257909655404767,-7.056824695928979,-12.372322934748448
76,465599.48247414775,9221393.710740786,2024-12-01,0.2310436256716841,-11.075708223233889,-16.69693053396659
76,465599.48247414775,9221393.710740786,2024-12-13,0.1586848929700695,-9.4653085114521,-16.326438835754285
76,465599.48247414775,9221393.710740786,2024-12-25,0.19318515369620864,-11.810818324789524,-17.359494371760327
76,465599.48247414775,9221393.710740786,2025-01-06,0.17310412626192234,-11.035969902618124,-17.077792025043074
76,465599.48247414775,9221393.710740786,2025-01-18,0.20253179022670026,-9.71761962642815,-16.18181510659946
76,465599.48247414775,9221393.710740786,2025-01-30,0.24676789167670068,-8.237858829779213,-14.7965569007618
76,465599.48247414775,9221393.710740786,2025-02-11,0.3145970689241996,-9.17438311345438,-14.624701922886455
76,465599.48247414775,9221393.710740786,2025-02-23,0.32553452052955434,-9.286155158845803,-14.573090824508256
76,465599.48247414775,9221393.710740786,2025-03-07,0.4145494247094431,-6.715400656890132,-12.34166263249845
76,465599.48247414775,9221393.710740786,2025-03-19,0.4287593140232348,-7.555726332749667,-12.618249810917078
76,465599.48247414775,9221393.710740786,2025-03-31,0.3886646127180602,-8.105482570195399,-13.163236924397543
76,465599.48247414775,9221393.710740786,2025-04-12,0.28720901616188493,-6.226940904108943,-12.887487786816507
76,465599.48247414775,9221393.710740786,2025-04-24,0.1968887512944968,-9.046157448569122,-15.569936718094182
76,465599.48247414775,9221393.710740786,2025-05-06,0.07775735628809483,-13.261761700963861,-19.720152250154563
76,465599.48247414775,9221393.710740786,2025-05-18,0.10099855726178503,-12.73503883254637,-18.872185972609323
76,465599.48247414775,9221393.710740786,2025-05-30,0.12196880134554347,-9.721540367114388,-17.065760654412934
76,465599.48247414775,9221393.710740786,2025-06-11,0.2766683489852502,-8.390053273524634,-14.642234107139963
76,465599.48247414775,9221393.710740786,2025-06-23,0.27694678966498365,-10.594355100119959,-16.45046075152474
76,465599.48247414775,9221393.710740786,2025-07-05,0.34790031708513347,-10.155851403552417,-15.419666297125092
76,465599.48247414775,9221393.710740786,2025-07-17,0.3999626912751937,-9.141826530694383,-14.089805864889467
76,465599.48247414775,9221393.710740786,2025-07-29,0.277616467164412,-8.503632910711021,-15.24739696177028
76,465599.48247414775,9221393.710740786,2025-08-10,0.3563424492428668,-8.595989938535627,-13.904747852871045
76,465599.48247414775,9221393.710740786,2025-08-22,0.42650117218837424,-7.004181512657865,-11.782505838065497
76,465599.48247414775,9221393.710740786,2025-09-03,0.3484576213821363,-5.721281636132179,-11.778903656095615
76,465599.48247414775,9221393.710740786,2025-09-15,0.29404709740093576,-7.140178679115672,-13.228252334864129
76,465599.48247414775,9221393.710740786,2025-09-27,0.25773444344107244,-7.427909183930661,-14.183278995641825
76,465599.48247414775,9221393.710740786,2025-10-09,0.18494875304168884,-9.384765675777736,-15.949154168914525
76,465599.48247414775,9221393.710740786,2025-10-21,0.19686701841618173,-10.80671577599222,-16.750172312808004
76,465599.48247414775,9221393.710740786,2025-11-02,0.12719359053415186,-9.958477010558209,-17.1528880977146
77,464425.6279938235,9246579.431662349,2024-11-07,0.250329428194168,-6.726304710524936,-16.171118112694888
77,464425.6279938235,9246579.431662349,2024-11-19,0.25127942567565864,-5.491231471757339,-15.460881141451626
77,464425.6279938235,9246579.431662349,2024-12-01,0.24567449736092364,-6.311888729825626,-16.1537896660086
77,464425.6279938235,9246579.431662349,2024-12-13,0.302839714813036,-5.704812858341109,-14.454180695595479
77,464425.6279938235,9246579.431662349,2024-12-25,0.2464930693029535,-6.516292066113453,-16.254324729509488
77,464425.6279938235,9246579.431662349,2025-01-06,0.31047996288888124,-6.982212499073937,-15.345327915059944
77,464425.6279938235,9246579.431662349,2025-01-18,0.251818132592006,-6.407988033360736,-16.01370055522277
77,464425.6279938235,9246579.431662349,2025-01-30,0.23036461032545838,-7.164423298069101,-17.182269281022574
77,464425.6279938235,9246579.431662349,2025-02-11,0.2782977400468148,-5.157140321929998,-14.374023288160387
77,464425.6279938235,9246579.431662349,2025-02-23,0.26360272097336995,-7.106321431269688,-16.06476020343037
77,464425.6279938235,9246579.431662349,2025-03-07,0.290577339576808,-5.443011425552443,-14.2368844077151
77,464425.6279938235,9246579.431662349,2025-03-19,0.31605011268684124,-6.180030281928628,-13.78217007422221
77,464425.6279938235,9246579.431662349,2025-03-31,0.22693943905332314,-7.894522765102922,-17.747922922523333
77,464425.6279938235,9246579.431662349,2025-04-12,0.2789487050980235,-7.317224718391227,-15.54713695288051
77,464425.6279938235,9246579.431662349,2025-04-24,0.24440362134948626,-6.780040096937009,-16.817663112936145
77,464425.6279938235,9246579.431662349,2025-05-06,0.25371852498438613,-6.7454128508645645,-16.3545738498932
77,464425.6279938235,9246579.431662349,2025-05-18,0.27483924614540867,-5.527040461343638,-14.570819436560477
77,464425.6279938235,9246579.431662349,2025-05-30,0.2970014869794173,-6.399212404069769,-14.538254860305104
77,464425.6279938235,9246579.431662349,2025-06-11,0.26960024076812017,-6.534865801487773,-15.285749220878897
77,464425.6279938235,9246579.431662349,2025-06-23,0.29002001227216495,-6.635627310804375,-14.801452491957026
77,464425.6279938235,9246579.431662349,2025-07-05,0.28149406877089556,-5.880381239468809,-14.918643820889303
77,464425.6279938235,9246579.431662349,2025-07-17,0.31387729720214286,-6.115712980451029,-13.875667346371612
77,464425.6279938235,9246579.431662349,2025-07-29,0.301168981570636,-6.994722915223368,-14.907369250448621
77,464425.6279938235,9246579.431662349,2025-08-10,0.2918017269937726,-4.922241515882278,-13.26322752099314
77,464425.6279938235,9246579.431662349,2025-08-22,0.2594187600911816,-7.439038132170925,-16.00184937104129
77,464425.6279938235,9246579.431662349,2025-09-03,0.23073308597423725,-7.582950003509621,-17.020076886642947
77,464425.6279938235,9246579.431662349,2025-09-15,0.2377233994090772,-5.847422466708486,-15.69931830010303
77,464425.6279938235,9246579.431662349,2025-09-27,0.2469723520678906,-8.356950089112733,-17.3838680343551
77,464425.6279938235,9246579.431662349,2025-10-09,0.2024362622594464,-6.987646834101607,-17.704402247549766
77,464425.6279938235,9246579.431662349,2025-10-21,0.23178768334320995,-5.575934946928423,-15.517458567394103
77,464425.6279938235,9246579.431662349,2025-11-02,0.21502693104649773,-6.375953562421771,-17.190728244325413
78,453159.5963428128,9229878.498010935,2024-11-07,0.13881551710816842,-10.973630778528994,-17.623045396686376
78,453159.5963428128,9229878.498010935,2024-11-19,0.15881905910612082,-9.66380979442405,-17.109293882514596
78,453159.5963428128,9229878.498010935,2024-12-01,0.18673599560870568,-9.167177671063751,-16.243013485142416
78,453159.5963428128,9229878.498010935,2024-12-13,0.13058887893363041,-10.957993341589082,-17.583947819304118
78,453159.5963428128,9229878.498010935,2024-12-25,0.19905155914752307,-8.591158547854326,-16.550781047955507
78,453159.5963428128,9229878.498010935,2025-01-06,0.2903695180350964,-8.109434161129963,-15.554124652482294
78,453159.5963428128,9229878.498010935,2025-01-18,0.20879002638343902,-8.370875084666494,-15.36295803509919
78,453159.5963428128,9229878.498010935,2025-01-30,0.22267659165475107,-7.89235295676405,-14.649012633300456
78,453159.5963428128,9229878.498010935,2025-02-11,0.2736575113887818,-5.946907781164051,-13.345851970482464
78,453159.5963428128,9229878.498010935,2025-02-23,0.2243320044068215,-7.9192719317681615,-13.977416784060267
78,453159.5963428128,9229878.498010935,2025-03-07,0.2749165411249521,-7.329365853651799,-13.940716444019234
78,453159.5963428128,9229878.498010935,2025-03-19,0.1479289760963437,-9.144349342999718,-15.226183679457737
78,453159.5963428128,9229878.498010935,2025-03-31,0.15836627686602783,-10.22086478681691,-17.170120770588433
78,453159.5963428128,9229878.498010935,2025-04-12,0.15698621811910374,-9.45784647661893,-16.912105002040803
78,453159.5963428128,9229878.498010935,2025-04-24,0.16974064901167282,-9.892451296156931,-16.633606912953795
78,453159.5963428128,9229878.498010935,2025-05-06,0.18330493223612582,-9.561520130191965,-15.979851965194346
78,453159.5963428128,9229878.498010935,2025-05-18,0.24389737579385376,-9.088689268723115,-15.543136558892046
78,453159.5963428128,9229878.498010935,2025-05-30,0.2348910721029665,-7.408282137704642,-14.462262723461695
78,453159.5963428128,9229878.498010935,2025-06-11,0.29618985076625165,-8.728460196949694,-14.851789721417466
78,453159.5963428128,9229878.498010935,2025-06-23,0.29217421653463066,-7.734089662425936,-14.927754465874909
78,453159.5963428128,9229878.498010935,2025-07-05,0.24447174009960582,-7.083338648062348,-13.933371262882627
78,453159.5963428128,9229878.498010935,2025-07-17,0.20465321123824332,-7.672799258001232,-13.790487058304796
78,453159.5963428128,9229878.498010935,2025-07-29,0.18922283549857205,-7.638299309717792,-14.628439342551022
78,453159.5963428128,9229878.498010935,2025-08-10,0.17482511985768603,-7.742122336500247,-14.954890591348578
78,453159.5963428128,9229878.498010935,2025-08-22,0.18505258875342898,-7.477238844698412,-14.024066654439169
78,453159.5963428128,9229878.498010935,2025-09-03,0.18390787095428396,-8.023529051648177,-14.14872865393038
78,453159.5963428128,9229878.498010935,2025-09-15,0.2008128542400845,-8.14877182221306,-14.691840224228896
78,453159.5963428128,9229878.498010935,2025-09-27,0.18294743303520278,-9.744909208479825,-16.063394906053155
78,453159.5963428128,9229878.498010935,2025-10-09,0.14176906297778796,-10.035386878800471,-16.670774185015716
78,453159.5963428128,9229878.498010935,2025-10-21,0.07246146300754987,-12.972708919911707,-19.11766615972976
78,453159.5963428128,9229878.498010935,2025-11-02,0.05818205282114039,-14.163166800148671,-18.8980673364483
79,468715.09706346464,9242078.792943956,2024-11-07,0.26917522040730846,-7.146891042599881,-13.2187753876921
79,468715.09706346464,9242078.792943956,2024-11-19,0.293825557704466,-6.531209246163627,-12.92749424222308
79,468715.09706346464,9242078.792943956,2024-12-01,0.32166015442892293,-5.135879492205774,-11.704700598157903
79,468715.09706346464,9242078.792943956,2024-12-13,0.294145167657128,-6.474615160464459,-13.208284517289037
79,468715.09706346464,9242078.792943956,2024-12-25,0.2791768917341186,-7.216647361034138,-13.616517859234689
79,468715.09706346464,9242078.792943956,2025-01-06,0.3168049401087844,-4.983617431650255,-12.286189895065396
79,468715.09706346464,9242078.792943956,2025-01-18,0.3148580081755396,-5.330472027569079,-12.13975984057904
79,468715.09706346464,9242078.792943956,2025-01-30,0.31149034674336695,-5.270476867641686,-12.50063986377821
79,468715.09706346464,9242078.792943956,2025-02-11,0.32835167972535567,-4.911327874189085,-11.307541766115483
79,468715.09706346464,9242078.792943956,2025-02-23,0.32988371026100005,-4.702579330345049,-11.3630314528547
79,468715.09706346464,9242078.792943956,2025-03-07,0.3208588054237362,-5.335216606692965,-12.342293427955983
79,468715.09706346464,9242078.792943956,2025-03-19,0.2951177428179933,-5.788768064201696,-13.124806100489234
79,468715.09706346464,9242078.792943956,2025-03-31,0.2882295755401907,-7.510760342487038,-13.619776759279713
79,468715.09706346464,9242078.792943956,2025-04-12,0.27552482477897444,-7.0904082387455505,-13.557608540414236
79,468715.09706346464,9242078.792943956,2025-04-24,0.3218692668872405,-4.83843062869808,-11.486296946794077
79,468715.09706346464,9242078.792943956,2025-05-06,0.3266360691544087,-4.216453555079623,-11.495434202928864
79,468715.09706346464,9242078.792943956,2025-05-18,0.328788758765924,-5.530690492617915,-12.407062737340059
79,468715.09706346464,9242078.792943956,2025-05-30,0.3200236666037082,-5.110302420076481,-11.876738523839984
79,468715.09706346464,9242078.792943956,2025-06-11,0.3285925079243118,-5.736702588734766,-12.58670853839056
79,468715.09706346464,9242078.792943956,2025-06-23,0.3354214189915748,-5.008539690760197,-11.16495290069275
79,468715.09706346464,9242078.792943956,2025-07-05,0.32037606224804754,-5.459022005738824,-11.921466239081093
79,468715.09706346464,9242078.792943956,2025-07-17,0.29469320067137245,-6.294441467997546,-12.049592214746651
79,468715.09706346464,9242078.792943956,2025-07-29,0.30006225889637866,-6.301027590702556,-12.295907872732538
79,468715.09706346464,9242078.792943956,2025-08-10,0.3073202050169675,-6.395881206703177,-12.557061923215208
79,468715.09706346464,9242078.792943956,2025-08-22,0.3263772869177814,-5.706594119257669,-12.173413062776877
79,468715.09706346464,9242078.792943956,2025-09-03,0.3118877726881531,-6.359558060775295,-12.370626555337601
79,468715.09706346464,9242078.792943956,2025-09-15,0.3095106801834597,-5.819686237631165,-12.168861724808913
79,468715.09706346464,9242078.792943956,2025-09-27,0.29011039508864916,-6.935948662432732,-12.887365096460707
79,468715.09706346464,9242078.792943956,2025-10-09,0.2577154286265949,-7.790032479686122,-13.975559747889395
79,468715.09706346464,9242078.792943956,2025-10-21,0.2748390604560862,-5.678097252672856,-12.49362212636238
79,468715.09706346464,9242078.792943956,2025-11-02,0.3060966360747017,-6.284040079882572,-12.045978969233413
80,468989.526088977,9217284.708426733,2024-11-07,0.20942874196026143,-8.987864268459047,-15.420098238852436
80,468989.526088977,9217284.708426733,2024-11-19,0.22953858860864026,-7.658186765770844,-14.977133200820465
80,468989.526088977,9217284.708426733,2024-12-01,0.0789556585993679,-14.270018860982258,-19.824154513591278
80,468989.526088977,9217284.708426733,2024-12-13,0.16436789170972554,-10.560296044268023,-17.865039402654766
80,468989.526088977,9217284.708426733,2024-12-25,0.12138138491149877,-12.335864088134898,-18.82539331987695
80,468989.526088977,9217284.708426733,2025-01-06,0.20825337864385876,-8.919856465245246,-15.954136080547137
80,468989.526088977,9217284.708426733,2025-01-18,0.25887212466803544,-6.349387740614583,-13.62761295738738
80,468989.526088977,9217284.708426733,2025-01-30,0.2050442370289096,-8.729243459762483,-15.678966848841911
80,468989.526088977,9217284.708426733,2025-02-11,0.20168170788876474,-8.865484595975646,-15.565182187610015
80,468989.526088977,9217284.708426733,2025-02-23,0.27439377975184537,-5.682373544909252,-13.410629447662352
80,468989.526088977,9217284.708426733,2025-03-07,0.27802329481089566,-6.192747022257986,-13.763173029887595
80,468989.526088977,9217284.708426733,2025-03-19,0.2790650667389194,-5.562249133936779,-13.14915699179751
80,468989.526088977,9217284.708426733,2025-03-31,0.21309956541170977,-8.366397178664855,-15.24148625192262
80,468989.526088977,9217284.708426733,2025-04-12,0.16278006674097764,-9.913792018149293,-16.607956434696668
80,468989.526088977,9217284.708426733,2025-04-24,0.10513972089096091,-12.863970945954444,-19.157742381245868
80,468989.526088977,9217284.708426733,2025-05-06,0.05479341654617778,-15.672798594618612,-21.372656380613897
80,468989.526088977,9217284.708426733,2025-05-18,0.07155865781587574,-13.326418861757483,-19.67147452773243
80,468989.526088977,9217284.708426733,2025-05-30,0.18252921177167308,-9.740790297548836,-16.85061699795987
80,468989.526088977,9217284.708426733,2025-06-11,0.17712184469962766,-9.881123837303456,-17.17997741980039
80,468989.526088977,9217284.708426733,2025-06-23,0.09949215789033558,-14.126781262143947,-19.5673267116752
80,468989.526088977,9217284.708426733,2025-07-05,0.19297939267906106,-9.274599216326454,-16.37127391651184
80,468989.526088977,9217284.708426733,2025-07-17,0.21777794034035816,-9.042702553454728,-15.976340763265316
80,468989.526088977,9217284.708426733,2025-07-29,0.23433997668800188,-8.401262801884766,-15.562092560668527
80,468989.526088977,9217284.708426733,2025-08-10,0.22296264844655372,-8.913836531198472,-16.24645599320004
80,468989.526088977,9217284.708426733,2025-08-22,0.22670658313551623,-8.216683769348398,-15.713054288745719
80,468989.526088977,9217284.708426733,2025-09-03,0.22135584943850994,-7.3503125789129795,-14.298424057500783
80,468989.526088977,9217284.708426733,2025-09-15,0.2342274603575571,-6.533839826592201,-13.261468093095791
80,468989.526088977,9217284.708426733,2025-09-27,0.22159223927263952,-7.978222647958459,-14.670655342802165
80,468989.526088977,9217284.708426733,2025-10-09,0.17771375150396296,-9.034112646785301,-16.0259833852716
80,468989.526088977,9217284.708426733,2025-10-21,0.07192268438730251,-14.758491323475921,-20.168665771824838
80,468989.526088977,9217284.708426733,2025-11-02,0.16613296297232993,-10.440759824655796,-16.989693190225996
81,456712.7201014056,9253847.861734334,2024-11-07,0.15247711620053148,-9.495232650292815,-16.907559073328297
81,456712.7201014056,9253847.861734334,2024-11-19,0.18142740027269494,-9.034736787698407,-16.163628585553237
81,456712.7201014056,9253847.861734334,2024-12-01,0.18518994731355803,-9.206151031269519,-15.84456237560131
81,456712.7201014056,9253847.861734334,2024-12-13,0.06608129811411784,-12.103395377592687,-17.941136246367083
81,456712.7201014056,9253847.861734334,2024-12-25,0.06928730371396957,-11.873244895163229,-18.03102547278108
81,456712.7201014056,9253847.861734334,2025-01-06,0.12840986849612568,-8.84619856684079,-16.130644172052722
81,456712.7201014056,9253847.861734334,2025-01-18,0.18117354342158992,-8.700136385940283,-16.495783894465752
81,456712.7201014056,9253847.861734334,2025-01-30,0.1896399907822119,-9.27706495846151,-15.593954412370406
81,456712.7201014056,9253847.861734334,2025-02-11,0.17587177024866857,-9.275653299973042,-16.15970337220216
81,456712.7201014056,9253847.861734334,2025-02-23,0.15189249704463686,-9.641684003862247,-16.79069752855427
81,456712.7201014056,9253847.861734334,2025-03-07,0.2887593365107442,-7.458109879328381,-15.501681217249848
81,456712.7201014056,9253847.861734334,2025-03-19,0.2509829671273567,-9.16205873504952,-15.932269764756073
81,456712.7201014056,9253847.861734334,2025-03-31,0.21546423303215168,-8.437590283589483,-15.342590887952234
81,456712.7201014056,9253847.861734334,2025-04-12,0.24297430481815968,-8.335352335859358,-16.277221060497183
81,456712.7201014056,9253847.861734334,2025-04-24,0.21187257347883515,-8.527697697235851,-16.091501332774392
81,456712.7201014056,9253847.861734334,2025-05-06,0.18203524339987529,-9.497989296150353,-16.533093077334527
81,456712.7201014056,9253847.861734334,2025-05-18,0.20094303333942182,-8.66339229454162,-15.03714192419336
81,456712.7201014056,9253847.861734334,2025-05-30,0.1516476263763178,-9.861422861378847,-16.58943610464365
81,456712.7201014056,9253847.861734334,2025-06-11,0.11129104152970908,-11.365487351896588,-17.289253450365926
81,456712.7201014056,9253847.861734334,2025-06-23,0.1006737255759888,-11.422075207076196,-17.759201329038845
81,456712.7201014056,9253847.861734334,2025-07-05,0.10345502219588246,-11.839695595054348,-17.065682849814845
81,456712.7201014056,9253847.861734334,2025-07-17,0.14762141699914497,-9.437861733350845,-16.411045918542232
81,456712.7201014056,9253847.861734334,2025-07-29,0.1351007809950664,-9.919128630084423,-16.50295710459412
81,456712.7201014056,9253847.861734334,2025-08-10,0.10564596449762076,-10.645287932706804,-17.41562460698292
81,456712.7201014056,9253847.861734334,2025-08-22,0.15185313098197975,-9.077296532083446,-16.200567511526685
81,456712.7201014056,9253847.861734334,2025-09-03,0.12861786989898352,-9.846363813382165,-16.609899092830588
81,456712.7201014056,9253847.861734334,2025-09-15,0.14570307731966933,-8.733826592080888,-16.497757138586213
81,456712.7201014056,9253847.861734334,2025-09-27,0.13576282294130512,-9.901315445636529,-17.202230857548255
81,456712.7201014056,9253847.861734334,2025-10-09,0.11867877546045894,-10.030469470128404,-16.959914895144223
81,456712.7201014056,9253847.861734334,2025-10-21,0.13420162363001492,-9.260041901362715,-16.8261380094906
81,456712.7201014056,9253847.861734334,2025-11-02,0.20181974486103835,-8.444248629355116,-15.895507597130639
82,480235.35085148807,9235553.620248454,2024-11-07,0.21776944957595956,-6.304432815504322,-13.145512307327635
82,480235.35085148807,9235553.620248454,2024-11-19,0.20434580108737418,-9.254752336027687,-17.23849250961063
82,480235.35085148807,9235553.620248454,2024-12-01,0.14744376795115804,-14.45542685755086,-21.170649267015317
82,480235.35085148807,9235553.620248454,2024-12-13,0.18651074550796543,-11.994078477397139,-19.693574052107675
82,480235.35085148807,9235553.620248454,2024-12-25,0.3655746586837877,-8.701502655751145,-16.241745906182796
82,480235.35085148807,9235553.620248454,2025-01-06,0.2654603004070919,-8.671384331686765,-15.68154632620728
82,480235.35085148807,9235553.620248454,2025-01-18,0.2783562724473552,-8.803805249483103,-14.606301752548372
82,480235.35085148807,9235553.620248454,2025-01-30,0.24595204110302868,-10.076173360408806,-16.309855130185166
82,480235.35085148807,9235553.620248454,2025-02-11,0.4035278993784652,-7.3357664404691985,-12.878964056732261
82,480235.35085148807,9235553.620248454,2025-02-23,0.2599844081441294,-9.574022906043078,-15.54177326423379
82,480235.35085148807,9235553.620248454,2025-03-07,0.32458032169252765,-8.373997733519456,-13.500226871881987
82,480235.35085148807,9235553.620248454,2025-03-19,0.23482337839726738,-7.0236540550342,-11.70828403902385
82,480235.35085148807,9235553.620248454,2025-03-31,0.15019055360558642,-13.650331735892735,-21.459877211457325
82,480235.35085148807,9235553.620248454,2025-04-12,0.09692196628158994,-14.817425298108985,-21.803632708293375
82,480235.35085148807,9235553.620248454,2025-04-24,0.16131825285873108,-11.072018817875783,-19.60828318836576
82,480235.35085148807,9235553.620248454,2025-05-06,0.2541168009302404,-10.150133804892445,-18.908250082820906
82,480235.35085148807,9235553.620248454,2025-05-18,0.3605655928225604,-9.708098881950319,-16.875029971921002
82,480235.35085148807,9235553.620248454,2025-05-30,0.2579579023131696,-9.051692639795464,-16.022648680442913
82,480235.35085148807,9235553.620248454,2025-06-11,0.2586609140019271,-9.161347715412983,-15.900324963194002
82,480235.35085148807,9235553.620248454,2025-06-23,0.3541210274068361,-8.314547530590431,-14.360845075216059
82,480235.35085148807,9235553.620248454,2025-07-05,0.39014468133277586,-7.75188923456996,-12.527391413879696
82,480235.35085148807,9235553.620248454,2025-07-17,0.2265763083055367,-7.41271462131275,-14.072261060130288
82,480235.35085148807,9235553.620248454,2025-07-29,0.23718371028926566,-7.449398576607127,-14.464617620430364
82,480235.35085148807,9235553.620248454,2025-08-10,0.25568376361659856,-9.258292122083885,-15.463455506528836
82,480235.35085148807,9235553.620248454,2025-08-22,0.292999687548256,-7.36194201026394,-13.003562236650703
82,480235.35085148807,9235553.620248454,2025-09-03,0.29166573049353917,-7.100708835704833,-13.39040866116359
82,480235.35085148807,9235553.620248454,2025-09-15,0.22651672926979294,-8.39640358657297,-14.762850907480384
82,480235.35085148807,9235553.620248454,2025-09-27,0.3206709369527222,-7.202980405840728,-12.343998454871004
82,480235.35085148807,9235553.620248454,2025-10-09,0.17307234990481252,-11.278179312951336,-18.034151898020536
82,480235.35085148807,9235553.620248454,2025-10-21,0.09676680806295321,-14.806143688196965,-21.79516725427556
82,480235.35085148807,9235553.620248454,2025-11-02,0.23934136971668674,-9.401993507352623,-17.23811415446545
83,495151.2782624962,9241932.906523842,2024-11-07,0.2279510851870476,-9.30397869134418,-14.042281549394891
83,495151.2782624962,9241932.906523842,2024-11-19,0.047681356075080464,-11.386370850220993,-17.501068214579774
83,495151.2782624962,9241932.906523842,2024-12-01,0.08210480141009528,-8.979503361457565,-15.842955810629904
83,495151.2782624962,9241932.906523842,2024-12-13,0.16538365505726688,-9.717928160068,-15.091459354387327
83,495151.2782624962,9241932.906523842,2024-12-25,0.2552116341868519,-8.595371656511073,-13.388552291120268
83,495151.2782624962,9241932.906523842,2025-01-06,0.1793987409633367,-7.584346006601077,-13.843196059197005
83,495151.2782624962,9241932.906523842,2025-01-18,0.09083572637108268,-10.002756481274707,-16.234099550806295
83,495151.2782624962,9241932.906523842,2025-01-30,0.01413964961245856,-13.312671623288876,-18.90857434694882
83,495151.2782624962,9241932.906523842,2025-02-11,0.03593412273367779,-10.353250920363026,-17.059174579313495
83,495151.2782624962,9241932.906523842,2025-02-23,0.05761973791167424,-13.052232447093656,-18.19527075907245
83,495151.2782624962,9241932.906523842,2025-03-07,-0.02477063065281615,-12.524469376050416,-19.03950082037894
83,495151.2782624962,9241932.906523842,2025-03-19,-0.010901138893029988,-11.79670322392492,-18.02392522026875
83,495151.2782624962,9241932.906523842,2025-03-31,-0.10567840142264406,-13.032235789441476,-20.491249342886523
83,495151.2782624962,9241932.906523842,2025-04-12,-0.046662876595259445,-12.046270512361934,-18.781419952326406
83,495151.2782624962,9241932.906523842,2025-04-24,-0.030518389313678604,-12.769597981444175,-19.386623919273276
83,495151.2782624962,9241932.906523842,2025-05-06,-0.0029765683179212854,-11.003828359226869,-18.101244443748897
83,495151.2782624962,9241932.906523842,2025-05-18,-0.048714101075508304,-7.796995435941071,-16.4801243664017
83,495151.2782624962,9241932.906523842,2025-05-30,0.14117816512634562,-9.293985028045112,-15.2058896880662
83,495151.2782624962,9241932.906523842,2025-06-11,0.06428979154859357,-8.791563803919697,-15.953307122774493
83,495151.2782624962,9241932.906523842,2025-06-23,0.08478827172232639,-8.173552314810184,-15.241379996808874
83,495151.2782624962,9241932.906523842,2025-07-05,0.053698784650597145,-7.536814921133511,-15.507642034257145
83,495151.2782624962,9241932.906523842,2025-07-17,0.07578198985797346,-9.51386022706628,-15.882382306638986
83,495151.2782624962,9241932.906523842,2025-07-29,0.05568914809757321,-7.078970380501625,-14.936134972269523
83,495151.2782624962,9241932.906523842,2025-08-10,0.12564000860699792,-8.617285473302905,-15.14338224434633
83,495151.2782624962,9241932.906523842,2025-08-22,0.30065491557850643,-6.975765368771758,-11.897570454549557
83,495151.2782624962,9241932.906523842,2025-09-03,0.2178645040732035,-10.463215095361,-15.86911594287201
83,495151.2782624962,9241932.906523842,2025-09-15,0.20077451285767434,-7.39886000421527,-13.391728537793075
83,495151.2782624962,9241932.906523842,2025-09-27,0.1137674303012774,-7.212767728050544,-14.539962828749946
83,495151.2782624962,9241932.906523842,2025-10-09,0.1488270423057096,-8.81365445172304,-15.09348299105582
83,495151.2782624962,9241932.906523842,2025-10-21,0.19899456292422812,-7.834127841777697,-13.649593473506702
83,495151.2782624962,9241932.906523842,2025-11-02,0.004300476383761007,-12.28309013840473,-18.529169406747034
84,465850.44343186123,9251079.291173574,2024-11-07,0.2276878440211023,-10.14933037518828,-15.649122278091955
84,465850.44343186123,9251079.291173574,2024-11-19,0.3205081718682492,-8.562887236482814,-13.991886620832194
84,465850.44343186123,9251079.291173574,2024-12-01,0.28776023017835345,-7.437355653595455,-14.151410152586712
84,465850.44343186123,9251079.291173574,2024-12-13,0.14704081922708673,-13.763642084816667,-18.373855879220763
84,465850.44343186123,9251079.291173574,2024-12-25,0.12172891484613006,-13.045062084422355,-18.560200644012724
84,465850.44343186123,9251079.291173574,2025-01-06,0.2095300249626877,-10.093297710072704,-16.48421016527153
84,465850.44343186123,9251079.291173574,2025-01-18,0.20144369153331748,-8.857906577558492,-15.967834021687848
84,465850.44343186123,9251079.291173574,2025-01-30,0.2885883277938877,-8.688312858249622,-14.536358801949284
84,465850.44343186123,9251079.291173574,2025-02-11,0.28213224440953966,-8.841540620393372,-14.687166511674562
84,465850.44343186123,9251079.291173574,2025-02-23,0.24798038470067882,-9.229936840630252,-15.350594478025718
84,465850.44343186123,9251079.291173574,2025-03-07,0.2964980704299808,-9.321520425783573,-14.612806455105824
84,465850.44343186123,9251079.291173574,2025-03-19,0.2922595827933723,-7.093280857517019,-13.970807796367401
84,465850.44343186123,9251079.291173574,2025-03-31,0.329042338842032,-8.424237505681793,-13.812868778063368
84,465850.44343186123,9251079.291173574,2025-04-12,0.2500356252423211,-8.851703627224385,-15.196420749087384
84,465850.44343186123,9251079.291173574,2025-04-24,0.0777195453158882,-12.880065789353278,-19.111758626193662
84,465850.44343186123,9251079.291173574,2025-05-06,0.13511143514902924,-13.568097217039266,-18.43269710907051
84,465850.44343186123,9251079.291173574,2025-05-18,0.08424724402890446,-10.660337759169213,-18.649598500735806
84,465850.44343186123,9251079.291173574,2025-05-30,0.09985555888531408,-9.94337516549323,-17.919040123092227
84,465850.44343186123,9251079.291173574,2025-06-11,0.30695846847280633,-7.406034340134459,-14.209729652152257
84,465850.44343186123,9251079.291173574,2025-06-23,0.3290997196042239,-7.95710720280325,-14.316760320630692
84,465850.44343186123,9251079.291173574,2025-07-05,0.351048906545971,-7.970958683742121,-13.882088840518312
84,465850.44343186123,9251079.291173574,2025-07-17,0.3192765713064669,-8.542418171121883,-14.457349291689244
84,465850.44343186123,9251079.291173574,2025-07-29,0.3359005360922629,-7.146746645219194,-13.498838179520565
84,465850.44343186123,9251079.291173574,2025-08-10,0.2624468434397602,-6.487746457400574,-13.80894293939901
84,465850.44343186123,9251079.291173574,2025-08-22,0.3014748992933058,-5.785449117345668,-12.989290995153336
84,465850.44343186123,9251079.291173574,2025-09-03,0.26673363775633513,-7.008574402952329,-14.043466527658639
84,465850.44343186123,9251079.291173574,2025-09-15,0.2549465589596264,-8.57807691589542,-14.801620445300225
84,465850.44343186123,9251079.291173574,2025-09-27,0.2137168039650993,-9.108278184382675,-15.853495499660335
84,465850.44343186123,9251079.291173574,2025-10-09,0.23624203012110653,-7.247593389488576,-14.396468635823137
84,465850.44343186123,9251079.291173574,2025-10-21,0.09277864012100023,-13.597837675167886,-19.00084902173544
84,465850.44343186123,9251079.291173574,2025-11-02,0.13768571708113886,-13.850456234598713,-18.5642343747689
85,474210.0814614933,9247725.990199214,2024-11-07,0.16051608657166022,-5.81789330013151,-10.670381775667739
85,474210.0814614933,9247725.990199214,2024-11-19,0.21427565753720337,-5.55367135605458,-10.252500775578497
85,474210.0814614933,9247725.990199214,2024-12-01,0.21615269851991667,-5.428934289276494,-10.484334538539779
85,474210.0814614933,9247725.990199214,2024-12-13,0.22468892416766673,-6.021115954021864,-11.008595253845215
85,474210.0814614933,9247725.990199214,2024-12-25,0.18849787052876493,-6.641815509212136,-11.098926766146606
85,474210.0814614933,9247725.990199214,2025-01-06,0.20471128063665517,-5.395538398245601,-10.35231844302112
85,474210.0814614933,9247725.990199214,2025-01-18,0.21290378942655258,-5.837902593720716,-10.29213981267641
85,474210.0814614933,9247725.990199214,2025-01-30,0.21288999091017505,-6.79722681011101,-11.328339779499116
85,474210.0814614933,9247725.990199214,2025-02-11,0.22179901711883607,-4.365584094076388,-10.436506003893141
85,474210.0814614933,9247725.990199214,2025-02-23,0.21338375556136566,-6.413514099593153,-11.009318696033596
85,474210.0814614933,9247725.990199214,2025-03-07,0.216699512423537,-5.149491982524997,-10.288602608552642
85,474210.0814614933,9247725.990199214,2025-03-19,0.24096788091996435,-5.499474495381701,-10.771795825949818
85,474210.0814614933,9247725.990199214,2025-03-31,0.21980445628837747,-6.149711835191215,-11.978731668195811
85,474210.0814614933,9247725.990199214,2025-04-12,0.22153090164350175,-5.949971218734505,-11.161457104846775
85,474210.0814614933,9247725.990199214,2025-04-24,0.2234264245727463,-6.096479814113533,-10.878255248151218
85,474210.0814614933,9247725.990199214,2025-05-06,0.22727356349030178,-5.837189142821277,-11.22212141400218
85,474210.0814614933,9247725.990199214,2025-05-18,0.2236163554562741,-5.770296008412773,-11.307664718650598
85,474210.0814614933,9247725.990199214,2025-05-30,0.21527735624128874,-5.305439556600138,-10.179487340564009
85,474210.0814614933,9247725.990199214,2025-06-11,0.21202182011814052,-6.440459591959105,-10.772272612874934
85,474210.0814614933,9247725.990199214,2025-06-23,0.23522821028220417,-5.801140567468316,-11.27382952039625
85,474210.0814614933,9247725.990199214,2025-07-05,0.22262642102461547,-5.995619251900315,-12.363485782064405
85,474210.0814614933,9247725.990199214,2025-07-17,0.24508643644032557,-0.27551454174538303,-10.824575396434131
85,474210.0814614933,9247725.990199214,2025-07-29,0.23628457252803547,-3.931709974437574,-11.42753571836544
85,474210.0814614933,9247725.990199214,2025-08-10,0.24321224366518396,-2.411973046907026,-11.40339069601177
85,474210.0814614933,9247725.990199214,2025-08-22,0.2401138665666579,-5.0294774904388655,-11.160701268942807
85,474210.0814614933,9247725.990199214,2025-09-03,0.23252556164686225,-6.06163893741866,-10.94630602210867
85,474210.0814614933,9247725.990199214,2025-09-15,0.23064728159399384,-5.1993239456397395,-10.811088501114693
85,474210.0814614933,9247725.990199214,2025-09-27,0.2166457684477292,-5.511540894275885,-10.670176736722102
85,474210.0814614933,9247725.990199214,2025-10-09,0.22168690841731317,-5.274247404071466,-10.516780135808517
85,474210.0814614933,9247725.990199214,2025-10-21,0.14494618432918224,-6.175243000639932,-11.14394089086841
85,474210.0814614933,9247725.990199214,2025-11-02,0.2152665557176365,-6.330750677400627,-11.287734012801414
86,495640.10505325644,9236062.08909513,2024-11-07,0.2227032651027578,-7.136403772847043,-14.388330562781519
86,495640.10505325644,9236062.08909513,2024-11-19,0.20753478081892446,-8.23416705613477,-16.975209604180442
86,495640.10505325644,9236062.08909513,2024-12-01,0.27615040488944936,-12.44741220409551,-19.632567705752525
86,495640.10505325644,9236062.08909513,2024-12-13,0.21981321172729457,-7.0878165043011965,-15.348106117358238
86,495640.10505325644,9236062.08909513,2024-12-25,0.2891270319015172,-8.634573300986315,-15.73260028735104
86,495640.10505325644,9236062.08909513,2025-01-06,0.33418223789185464,-9.954157787571106,-16.17108993291281
86,495640.10505325644,9236062.08909513,2025-01-18,0.37236374796310917,-10.168482299123962,-14.300269486912317
86,495640.10505325644,9236062.08909513,2025-01-30,0.27912180556554506,-8.891020299430586,-15.610702097812402
86,495640.10505325644,9236062.08909513,2025-02-11,0.3155415256223762,-6.425821077082899,-12.316885486074856
86,495640.10505325644,9236062.08909513,2025-02-23,0.18239412046736464,-5.436403550600142,-14.613996425342163
86,495640.10505325644,9236062.08909513,2025-03-07,0.21655752978501747,-6.73948036358526,-14.833671908104376
86,495640.10505325644,9236062.08909513,2025-03-19,0.19944104984435845,-9.76197253442065,-18.400308607148656
86,495640.10505325644,9236062.08909513,2025-03-31,0.2350653320339162,-6.932260074535924,-14.73042055206916
86,495640.10505325644,9236062.08909513,2025-04-12,0.2485264731844614,-9.545562290306533,-16.58463905354202
86,495640.10505325644,9236062.08909513,2025-04-24,0.2817431886740488,-8.198559017930807,-15.556903581294895
86,495640.10505325644,9236062.08909513,2025-05-06,0.2867884427384708,-7.655182469115655,-14.019309218306534
86,495640.10505325644,9236062.08909513,2025-05-18,0.28463728760561313,-6.906675295921704,-13.253946797290064
86,495640.10505325644,9236062.08909513,2025-05-30,0.29531908064905776,-8.582680124784003,-14.796353890486307
86,495640.10505325644,9236062.08909513,2025-06-11,0.3240153360833569,-9.608966680713165,-14.782265330518886
86,495640.10505325644,9236062.08909513,2025-06-23,0.24919583514992197,-5.849736213044311,-12.413614648960436
86,495640.10505325644,9236062.08909513,2025-07-05,0.24870798906315472,-5.331965551980619,-12.561185436762146
86,495640.10505325644,9236062.08909513,2025-07-17,0.25585523905406155,-7.410389279759848,-14.684836778695145
86,495640.10505325644,9236062.08909513,2025-07-29,0.31702033844169186,-7.485405293765034,-13.265244793393832
86,495640.10505325644,9236062.08909513,2025-08-10,0.2716024363109849,-5.7727975874947655,-13.464446135791308
86,495640.10505325644,9236062.08909513,2025-08-22,0.29591377136090113,-7.332491896137435,-13.928210953068477
86,495640.10505325644,9236062.08909513,2025-09-03,0.28793971344460506,-7.142003710035585,-13.318995243204759
86,495640.10505325644,9236062.08909513,2025-09-15,0.23065086515356606,-5.538359202481644,-13.488326372233242
86,495640.10505325644,9236062.08909513,2025-09-27,0.23395094158988614,-6.510505854523067,-14.296314917527278
86,495640.10505325644,9236062.08909513,2025-10-09,0.21824298599163844,-6.983856370643247,-14.201604959952263
86,495640.10505325644,9236062.08909513,2025-10-21,0.1879294211804377,-6.445671325621612,-14.695862738984378
86,495640.10505325644,9236062.08909513,2025-11-02,0.2540157994034653,-10.922706197650534,-18.59214451674507
87,498977.5979523279,9239701.915561754,2024-11-07,0.1636574582760767,-10.747017160228372,-19.56324471714964
87,498977.5979523279,9239701.915561754,2024-11-19,0.31666476008491956,-10.373760972856621,-17.47118094789444
87,498977.5979523279,9239701.915561754,2024-12-01,0.14781149461468043,-9.824283457461725,-18.789734812836127
87,498977.5979523279,9239701.915561754,2024-12-13,0.16018075948957997,-7.956086130473581,-16.397758250730362
87,498977.5979523279,9239701.915561754,2024-12-25,0.40302248753583675,-9.49822817282034,-15.208354511994505
87,498977.5979523279,9239701.915561754,2025-01-06,0.49026861261120874,-11.086583934771161,-16.63506617494172
87,498977.5979523279,9239701.915561754,2025-01-18,0.6606422415271993,-13.360996169374012,-17.031688382508346
87,498977.5979523279,9239701.915561754,2025-01-30,0.5678053168009801,-12.080087307961533,-16.57938691950669
87,498977.5979523279,9239701.915561754,2025-02-11,0.4063202441396164,-7.039334937307654,-12.777959015016238
87,498977.5979523279,9239701.915561754,2025-02-23,0.3402764696905081,-6.928274964567223,-13.050327650430168
87,498977.5979523279,9239701.915561754,2025-03-07,0.1286445389591562,-5.917759978167501,-14.315855747431309
87,498977.5979523279,9239701.915561754,2025-03-19,0.17273536637804787,-10.305554113438603,-18.75746685746349
87,498977.5979523279,9239701.915561754,2025-03-31,0.32217143947877735,-9.609877170845255,-16.3798497982673
87,498977.5979523279,9239701.915561754,2025-04-12,0.3135411981605588,-9.328310379058944,-16.46820542758081
87,498977.5979523279,9239701.915561754,2025-04-24,0.4745914036888446,-9.798642266110111,-15.288458774793863
87,498977.5979523279,9239701.915561754,2025-05-06,0.7402894196476082,-12.965367638007681,-15.622156110015585
87,498977.5979523279,9239701.915561754,2025-05-18,0.5765472411782959,-10.79350995191724,-14.757398955701335
87,498977.5979523279,9239701.915561754,2025-05-30,0.5548389416000913,-9.896310869048401,-14.104853014892122
87,498977.5979523279,9239701.915561754,2025-06-11,0.3915827393208054,-8.612024379579898,-14.458411926583619
87,498977.5979523279,9239701.915561754,2025-06-23,0.25275085507305667,-5.883774219621092,-12.400995013760632
87,498977.5979523279,9239701.915561754,2025-07-05,0.28045907667651937,-5.852664204373935,-12.457866119118316
87,498977.5979523279,9239701.915561754,2025-07-17,0.40138566441296697,-7.584453506192108,-13.45124419205751
87,498977.5979523279,9239701.915561754,2025-07-29,0.40819010174109294,-8.089841462392481,-14.337034421202207
87,498977.5979523279,9239701.915561754,2025-08-10,0.5145918336444182,-9.55173980327389,-14.495172983415113
87,498977.5979523279,9239701.915561754,2025-08-22,0.3420017124173354,-7.610667641841828,-14.278355088666391
87,498977.5979523279,9239701.915561754,2025-09-03,0.3679550875137561,-7.353690518328843,-13.204486633006885
87,498977.5979523279,9239701.915561754,2025-09-15,0.3950617922217623,-7.892686930108778,-13.065580754709584
87,498977.5979523279,9239701.915561754,2025-09-27,0.3222897831694518,-6.712932036052193,-13.002178806424784
87,498977.5979523279,9239701.915561754,2025-10-09,0.25632933959764626,-6.751654827939232,-13.176517075994107
87,498977.5979523279,9239701.915561754,2025-10-21,0.29323252924025994,-9.30157345962164,-15.912492476386188
87,498977.5979523279,9239701.915561754,2025-11-02,0.13818761466543947,-6.734980184965204,-15.186895274900422
88,475152.3619695123,9237238.910179926,2024-11-07,0.19886640655877288,-9.07196975012418,-16.503288094001928
88,475152.3619695123,9237238.910179926,2024-11-19,0.16488945853857584,-9.103410811161083,-16.355214735663065
88,475152.3619695123,9237238.910179926,2024-12-01,0.28818924356016595,-7.825663642949399,-14.618147468705754
88,475152.3619695123,9237238.910179926,2024-12-13,0.2215861376673222,-9.1285002075907,-16.088924892685107
88,475152.3619695123,9237238.910179926,2024-12-25,0.3021740209002547,-7.3345100301019475,-14.070086657906968
88,475152.3619695123,9237238.910179926,2025-01-06,0.40535611507048364,-7.3304898765553785,-13.782243764487449
88,475152.3619695123,9237238.910179926,2025-01-18,0.29692415454670434,-8.960213701218747,-14.652878344938092
88,475152.3619695123,9237238.910179926,2025-01-30,0.30279999092462223,-8.740414057721207,-14.504839553119966
88,475152.3619695123,9237238.910179926,2025-02-11,0.31474645537639473,-7.491452736436157,-14.063998859462524
88,475152.3619695123,9237238.910179926,2025-02-23,0.3702726332203381,-5.633381290688336,-12.703233952716808
88,475152.3619695123,9237238.910179926,2025-03-07,0.2854670050189218,-8.677424908784248,-14.817495883996257
88,475152.3619695123,9237238.910179926,2025-03-19,0.2875120433400715,-7.577226932617094,-14.587472923989543
88,475152.3619695123,9237238.910179926,2025-03-31,0.11342946183429917,-10.259793190825814,-18.305674348338002
88,475152.3619695123,9237238.910179926,2025-04-12,0.2711656117396046,-8.783075664104432,-15.282954971105484
88,475152.3619695123,9237238.910179926,2025-04-24,0.3372023348058175,-7.757896013717615,-14.362740287218722
88,475152.3619695123,9237238.910179926,2025-05-06,0.35428262136896527,-7.8342994894845415,-14.413177614788138
88,475152.3619695123,9237238.910179926,2025-05-18,0.3684518728850931,-7.415737290710615,-13.70648087988955
88,475152.3619695123,9237238.910179926,2025-05-30,0.35938995118395445,-7.424216843032215,-13.218696825507015
88,475152.3619695123,9237238.910179926,2025-06-11,0.3466842050486365,-6.662491139924791,-13.323117214319762
88,475152.3619695123,9237238.910179926,2025-06-23,0.26358005050332445,-6.603285718021924,-13.745800986543982
88,475152.3619695123,9237238.910179926,2025-07-05,0.25845284313028266,-7.164744219699042,-14.133091113254945
88,475152.3619695123,9237238.910179926,2025-07-17,0.2723843041356682,-7.8032644195829235,-15.221399297520776
88,475152.3619695123,9237238.910179926,2025-07-29,0.3177527183761015,-8.166336526359569,-14.41048368394347
88,475152.3619695123,9237238.910179926,2025-08-10,0.2823234457833863,-7.553275641595212,-14.326273188233927
88,475152.3619695123,9237238.910179926,2025-08-22,0.31844158846824333,-7.595419050080387,-13.401188937407206
88,475152.3619695123,9237238.910179926,2025-09-03,0.23291181690187168,-8.918541824687287,-15.228720760752983
88,475152.3619695123,9237238.910179926,2025-09-15,0.16174589295853137,-9.383335477592198,-17.003733185245665
88,475152.3619695123,9237238.910179926,2025-09-27,0.24783194375046338,-8.819345251174896,-15.54495973122542
88,475152.3619695123,9237238.910179926,2025-10-09,0.1573413368510842,-8.718701627891482,-17.261598118736046
88,475152.3619695123,9237238.910179926,2025-10-21,0.21933158714130363,-9.018970731913303,-16.39057149964824
88,475152.3619695123,9237238.910179926,2025-11-02,0.2361994835835407,-8.499930690764064,-15.706464364356133
89,499429.20189812157,9241634.21092979,2024-11-07,0.12391730718134286,-10.001785134774575,-18.749984912954652
89,499429.20189812157,9241634.21092979,2024-11-19,0.26540966466215377,-11.042088065317893,-18.67025271286285
89,499429.20189812157,9241634.21092979,2024-12-01,0.2997143213914111,-12.955164189353777,-19.899764011670644
89,499429.20189812157,9241634.21092979,2024-12-13,0.21731126184542485,-11.553732603685516,-19.74863892206547
89,499429.20189812157,9241634.21092979,2024-12-25,0.30058204727862,-9.903417203929125,-17.210902360959043
89,499429.20189812157,9241634.21092979,2025-01-06,0.3443863667934057,-9.643203973730488,-16.40931258418943
89,499429.20189812157,9241634.21092979,2025-01-18,0.486549470336048,-11.462868370942154,-16.145274979462016
89,499429.20189812157,9241634.21092979,2025-01-30,0.5575518952808323,-10.636193250255781,-14.490735694000593
89,499429.20189812157,9241634.21092979,2025-02-11,0.49342605335142653,-8.793086546125167,-13.906505035627687
89,499429.20189812157,9241634.21092979,2025-02-23,0.50400541476803,-9.875722751970832,-14.524310249559436
89,499429.20189812157,9241634.21092979,2025-03-07,0.3962498043790167,-8.415523577796165,-14.653424661430915
89,499429.20189812157,9241634.21092979,2025-03-19,0.23514134696277433,-9.951035762763576,-16.99211201079233
89,499429.20189812157,9241634.21092979,2025-03-31,0.1498995743955248,-12.351074940692282,-21.330448931724206
89,499429.20189812157,9241634.21092979,2025-04-12,0.18466308806134007,-11.072843877101803,-19.804184289372397
89,499429.20189812157,9241634.21092979,2025-04-24,0.42541430536873176,-10.756991987728718,-17.162777017077627
89,499429.20189812157,9241634.21092979,2025-05-06,0.44846047052847193,-10.159947955722064,-15.50062227330891
89,499429.20189812157,9241634.21092979,2025-05-18,0.5486149323206139,-10.50360783282244,-15.15475179563155
89,499429.20189812157,9241634.21092979,2025-05-30,0.43631866329430014,-9.559950449672693,-15.133108948198505
89,499429.20189812157,9241634.21092979,2025-06-11,0.5223613353544825,-10.586283835356483,-14.9122682658486
89,499429.20189812157,9241634.21092979,2025-06-23,0.26258679954608366,-9.949950155671193,-16.606303359668708
89,499429.20189812157,9241634.21092979,2025-07-05,0.17177927204656035,-13.456194887661187,-22.01369634488925
89,499429.20189812157,9241634.21092979,2025-07-17,0.19030006184892476,-9.97030116634978,-18.734707334828933
89,499429.20189812157,9241634.21092979,2025-07-29,0.24282016912513982,-11.219623779786602,-20.26851055418916
89,499429.20189812157,9241634.21092979,2025-08-10,0.5205841424979915,-9.87322537243792,-15.019629866199239
89,499429.20189812157,9241634.21092979,2025-08-22,0.5068958417689938,-8.595022479980283,-13.756922737457415
89,499429.20189812157,9241634.21092979,2025-09-03,0.4995997005729609,-10.043096107098924,-14.728817863574964
89,499429.20189812157,9241634.21092979,2025-09-15,0.503908421720152,-9.563343151926384,-13.960081058195248
89,499429.20189812157,9241634.21092979,2025-09-27,0.42164183519961773,-8.850856133750053,-14.703054515042474
89,499429.20189812157,9241634.21092979,2025-10-09,0.15140485101338721,-9.460922045432957,-17.941439657794962
89,499429.20189812157,9241634.21092979,2025-10-21,0.1412952064915529,-13.525396913925135,-22.473370792406705
89,499429.20189812157,9241634.21092979,2025-11-02,0.2519618820289274,-10.916607155585563,-18.736157019829555
90,464056.8066605632,9240203.830173992,2024-11-07,0.26353593500535033,-8.136285961356545,-15.640068853890096
90,464056.8066605632,9240203.830173992,2024-11-19,0.23314702980312185,-9.075753091240244,-15.97670309635229
90,464056.8066605632,9240203.830173992,2024-12-01,0.22043166840962714,-6.445914084423225,-14.969747136515876
90,464056.8066605632,9240203.830173992,2024-12-13,0.25488600187176025,-8.68007029471272,-16.151410628282765
90,464056.8066605632,9240203.830173992,2024-12-25,0.3610127427851261,-9.19244539893748,-15.831141353548038
90,464056.8066605632,9240203.830173992,2025-01-06,0.438629415198149,-9.322615345949096,-14.739793014980474
90,464056.8066605632,9240203.830173992,2025-01-18,0.42582833589402397,-10.094201831590942,-14.375528682140661
90,464056.8066605632,9240203.830173992,2025-01-30,0.34543831863771834,-9.189797168143336,-15.021603938124509
90,464056.8066605632,9240203.830173992,2025-02-11,0.32947927445389097,-6.794278623697959,-13.39948210768491
90,464056.8066605632,9240203.830173992,2025-02-23,0.41961692485591695,-9.618142700523302,-14.104610533259804
90,464056.8066605632,9240203.830173992,2025-03-07,0.2970999960211979,-5.478075288433938,-12.907785342059793
90,464056.8066605632,9240203.830173992,2025-03-19,0.2053688916502156,-10.039239986041292,-17.117632746752953
90,464056.8066605632,9240203.830173992,2025-03-31,0.20377600907440568,-8.606075196700148,-16.630131397743316
90,464056.8066605632,9240203.830173992,2025-04-12,0.20980515522890797,-9.076288936762385,-17.402398945455214
90,464056.8066605632,9240203.830173992,2025-04-24,0.43158046856069526,-10.173391913654942,-15.340981410662978
90,464056.8066605632,9240203.830173992,2025-05-06,0.407371916798813,-9.175552226677821,-15.687383913320277
90,464056.8066605632,9240203.830173992,2025-05-18,0.4803034270420431,-8.542540632011958,-13.194873170096917
90,464056.8066605632,9240203.830173992,2025-05-30,0.3834659760384572,-9.622320164938884,-14.719700324821586
90,464056.8066605632,9240203.830173992,2025-06-11,0.3940434033223706,-8.59865297676314,-14.423371671595154
90,464056.8066605632,9240203.830173992,2025-06-23,0.32781398985254195,-6.711069797167807,-11.923017485843499
90,464056.8066605632,9240203.830173992,2025-07-05,0.269036649317617,-6.388776715536505,-13.053328689623877
90,464056.8066605632,9240203.830173992,2025-07-17,0.2972882369087798,-4.158457106165493,-12.04600423672969
90,464056.8066605632,9240203.830173992,2025-07-29,0.3589659746123756,-6.823214238443518,-13.87772189095559
90,464056.8066605632,9240203.830173992,2025-08-10,0.42826600639120105,-6.590740041079461,-11.973433628458412
90,464056.8066605632,9240203.830173992,2025-08-22,0.31524590492881477,-6.418887807851957,-12.938948949792938
90,464056.8066605632,9240203.830173992,2025-09-03,0.32069858718262617,-7.63973635791477,-13.49706701013149
90,464056.8066605632,9240203.830173992,2025-09-15,0.2976645896537929,-7.87869290560104,-14.224308050152471
90,464056.8066605632,9240203.830173992,2025-09-27,0.24410613070186588,-7.482420895351535,-15.077679065027514
90,464056.8066605632,9240203.830173992,2025-10-09,0.24016503351797816,-7.845147301767732,-15.213389721715753
90,464056.8066605632,9240203.830173992,2025-10-21,0.21904896159450582,-12.997260543102136,-19.09460862876966
90,464056.8066605632,9240203.830173992,2025-11-02,0.22095426252048828,-10.067942367877924,-17.821912989949354
91,486998.206844573,9241764.075986559,2024-11-07,0.45319700553808223,-6.804483010966533,-13.200037065525331
91,486998.206844573,9241764.075986559,2024-11-19,0.411734062719784,-7.44347437780967,-13.536816892399806
91,486998.206844573,9241764.075986559,2024-12-01,0.41863563129473147,-6.69229874471989,-12.737891224959558
91,486998.206844573,9241764.075986559,2024-12-13,0.4633888626575227,-5.267780961862492,-12.177224304146424
91,486998.206844573,9241764.075986559,2024-12-25,0.46718219991452303,-6.521380665503577,-13.688118267448539
91,486998.206844573,9241764.075986559,2025-01-06,0.3834446900694879,-7.083948574281616,-12.202222568026496
91,486998.206844573,9241764.075986559,2025-01-18,0.41882844435716304,-6.822985071874009,-12.918886167570639
91,486998.206844573,9241764.075986559,2025-01-30,0.36337360647759454,-7.964971036787365,-12.778271357753622
91,486998.206844573,9241764.075986559,2025-02-11,0.44289875283324864,-5.542432694287862,-11.927810686615416
91,486998.206844573,9241764.075986559,2025-02-23,0.4654018789984057,-4.615661769790784,-11.363739470274899
91,486998.206844573,9241764.075986559,2025-03-07,0.451721849434764,-5.556779569290319,-11.949879030442801
91,486998.206844573,9241764.075986559,2025-03-19,0.4665954437226327,-5.371294547809567,-12.532947286246673
91,486998.206844573,9241764.075986559,2025-03-31,0.5128852844048201,-5.236069092407308,-13.626559070695137
91,486998.206844573,9241764.075986559,2025-04-12,0.4245428457696589,-5.831867967019451,-11.934597740871718
91,486998.206844573,9241764.075986559,2025-04-24,0.400886635278778,-6.0618017275668725,-11.536137687201245
91,486998.206844573,9241764.075986559,2025-05-06,0.35262219668601336,-6.957643752328726,-12.576448786232222
91,486998.206844573,9241764.075986559,2025-05-18,0.4014215114047949,-6.32967831293438,-11.90367769814142
91,486998.206844573,9241764.075986559,2025-05-30,0.43980712008431,-6.05585371566066,-12.522862302844844
91,486998.206844573,9241764.075986559,2025-06-11,0.41620896909787586,-6.335114482350772,-12.606482801137737
91,486998.206844573,9241764.075986559,2025-06-23,0.4227445581783582,-6.662877461582384,-13.442404458696608
91,486998.206844573,9241764.075986559,2025-07-05,0.41905531790007877,-6.96829807816277,-13.120514608186262
91,486998.206844573,9241764.075986559,2025-07-17,0.46342075781587044,-5.330148342565321,-12.1357238554133
91,486998.206844573,9241764.075986559,2025-07-29,0.44341738672412373,-5.95681978347992,-12.006719269619978
91,486998.206844573,9241764.075986559,2025-08-10,0.45454028005911384,-6.418312251010227,-13.132103673559381
91,486998.206844573,9241764.075986559,2025-08-22,0.43614298373064964,-6.327996483845437,-12.286103594271793
91,486998.206844573,9241764.075986559,2025-09-03,0.45149685474524365,-6.2271339951155715,-12.63344372640122
91,486998.206844573,9241764.075986559,2025-09-15,0.4398062467772625,-6.199303474516048,-12.793739643773625
91,486998.206844573,9241764.075986559,2025-09-27,0.46710581391831957,-6.097366122706439,-13.401303936360412
91,486998.206844573,9241764.075986559,2025-10-09,0.43319640502050505,-6.979461195138225,-13.347259344227165
91,486998.206844573,9241764.075986559,2025-10-21,0.4216990099676259,-6.592946973252287,-12.454079607158395
91,486998.206844573,9241764.075986559,2025-11-02,0.49349996706021504,-5.252320595731706,-13.064061930722186
92,473916.1846918246,9247407.906082476,2024-11-07,0.23801802406022698,-7.6840300571775755,-14.543578914999767
92,473916.1846918246,9247407.906082476,2024-11-19,0.2884408125243682,-7.782006995275369,-13.266939616276945
92,473916.1846918246,9247407.906082476,2024-12-01,0.32118881700709523,-7.471774044666901,-12.092973410048906
92,473916.1846918246,9247407.906082476,2024-12-13,0.22655901834231487,-7.208039945240797,-12.881222667384195
92,473916.1846918246,9247407.906082476,2024-12-25,0.20442847584998705,-7.358892346656127,-13.670599377858073
92,473916.1846918246,9247407.906082476,2025-01-06,0.19826469313721284,-7.792493518221658,-15.721366759326681
92,473916.1846918246,9247407.906082476,2025-01-18,0.24356825509609972,-7.254283600690227,-13.996737231473396
92,473916.1846918246,9247407.906082476,2025-01-30,0.26382220514817506,-7.47513967207176,-13.6513377312125
92,473916.1846918246,9247407.906082476,2025-02-11,0.1773576464174147,-6.951592897297598,-15.512583869050022
92,473916.1846918246,9247407.906082476,2025-02-23,0.3073565665146852,-7.27228408544108,-12.283981635883384
92,473916.1846918246,9247407.906082476,2025-03-07,0.2854120668317134,-6.299036916552659,-11.981257209305113
92,473916.1846918246,9247407.906082476,2025-03-19,0.29493622145586307,-7.307623595741196,-12.653303125543768
92,473916.1846918246,9247407.906082476,2025-03-31,0.23652463040847507,-7.175664698632395,-14.11518327703391
92,473916.1846918246,9247407.906082476,2025-04-12,0.3428561861308949,-6.839542169092177,-11.672131845934201
92,473916.1846918246,9247407.906082476,2025-04-24,0.19727609215904363,-7.422461815661234,-13.916296849159703
92,473916.1846918246,9247407.906082476,2025-05-06,0.20928791213769782,-6.802114742692291,-12.768301672339456
92,473916.1846918246,9247407.906082476,2025-05-18,0.2272789627190591,-8.358700563055312,-15.38365334334244
92,473916.1846918246,9247407.906082476,2025-05-30,0.2718921857377172,-7.0291989436847775,-13.021246851516487
92,473916.1846918246,9247407.906082476,2025-06-11,0.2837508022744417,-7.261969752187527,-12.914441733733659
92,473916.1846918246,9247407.906082476,2025-06-23,0.33163160616183884,-6.745841404665718,-12.247302022672688
92,473916.1846918246,9247407.906082476,2025-07-05,0.3015794101501072,-6.591039535517741,-11.812270217968459
92,473916.1846918246,9247407.906082476,2025-07-17,0.3461944162147538,-7.577608315024731,-12.355506209555045
92,473916.1846918246,9247407.906082476,2025-07-29,0.27091436926210527,-7.30895418405651,-14.412410366359083
92,473916.1846918246,9247407.906082476,2025-08-10,0.2542489046147759,-7.62770616303921,-14.830732885227313
92,473916.1846918246,9247407.906082476,2025-08-22,0.310527308273455,-7.639135185045471,-13.263176442103921
92,473916.1846918246,9247407.906082476,2025-09-03,0.28510206102030083,-8.059195469549438,-14.264382467096427
92,473916.1846918246,9247407.906082476,2025-09-15,0.31439769660952127,-7.554827183560757,-12.738002687911246
92,473916.1846918246,9247407.906082476,2025-09-27,0.23574043272537487,-7.775034911892376,-14.689263368093643
92,473916.1846918246,9247407.906082476,2025-10-09,0.2980942578762309,-7.20269041296782,-12.351049708690216
92,473916.1846918246,9247407.906082476,2025-10-21,0.3038829403612074,-6.978593409362097,-12.107273708131702
92,473916.1846918246,9247407.906082476,2025-11-02,0.36552558579044625,-6.514013769514978,-10.00758875680949
93,502090.1570604852,9248317.398202782,2024-11-07,0.3674411391946029,-9.319710493117666,-15.751255900452588
93,502090.1570604852,9248317.398202782,2024-11-19,0.3818067333407178,-8.346859988839508,-15.662434844236953
93,502090.1570604852,9248317.398202782,2024-12-01,0.4456335861196975,-6.961089917715789,-13.946080611832123
93,502090.1570604852,9248317.398202782,2024-12-13,0.4328328750437035,-6.675513818368168,-14.365750825791578
93,502090.1570604852,9248317.398202782,2024-12-25,0.3812873775212133,-6.707170232852219,-14.593031964018849
93,502090.1570604852,9248317.398202782,2025-01-06,0.39263808100074254,-8.397387552557678,-15.33291895750526
93,502090.1570604852,9248317.398202782,2025-01-18,0.38389487819382473,-7.718679887242168,-15.684322390177176
93,502090.1570604852,9248317.398202782,2025-01-30,0.29724747090907405,-11.12766864788485,-17.809781995170244
93,502090.1570604852,9248317.398202782,2025-02-11,0.25588974788608465,-11.539883299101401,-18.986958684204037
93,502090.1570604852,9248317.398202782,2025-02-23,0.2520014920795285,-11.665593383283964,-19.08598836213177
93,502090.1570604852,9248317.398202782,2025-03-07,0.30820589633907886,-10.124937511698462,-17.617504747766347
93,502090.1570604852,9248317.398202782,2025-03-19,0.2237526194668712,-12.318247084036289,-18.858957570718275
93,502090.1570604852,9248317.398202782,2025-03-31,0.18219990897941313,-13.30108432104015,-20.86620618202811
93,502090.1570604852,9248317.398202782,2025-04-12,0.3308495398487804,-9.508315873051332,-16.676631453446078
93,502090.1570604852,9248317.398202782,2025-04-24,0.3647557295333927,-9.23136538082346,-16.897250519392117
93,502090.1570604852,9248317.398202782,2025-05-06,0.41778936874055894,-8.673207220413262,-15.541597764678109
93,502090.1570604852,9248317.398202782,2025-05-18,0.4146140016242177,-9.046782499404165,-15.673128030616484
93,502090.1570604852,9248317.398202782,2025-05-30,0.4034139352180164,-8.813449927136045,-14.956113726078437
93,502090.1570604852,9248317.398202782,2025-06-11,0.443751534461133,-8.153233373169257,-14.212425410628262
93,502090.1570604852,9248317.398202782,2025-06-23,0.3980413363957718,-7.433325726675639,-14.412870311814887
93,502090.1570604852,9248317.398202782,2025-07-05,0.2674240888570256,-11.73205860251015,-18.61752930687027
93,502090.1570604852,9248317.398202782,2025-07-17,0.20213384260144662,-13.10040536516799,-19.79888504308989
93,502090.1570604852,9248317.398202782,2025-07-29,0.10048870410400448,-17.23138231489373,-22.87556916848775
93,502090.1570604852,9248317.398202782,2025-08-10,0.21013438350450123,-12.554835350679252,-20.269905177863553
93,502090.1570604852,9248317.398202782,2025-08-22,0.2947452325971386,-10.747846631896529,-18.450672418755964
93,502090.1570604852,9248317.398202782,2025-09-03,0.36934960527432104,-9.036002585559846,-15.941357869815157
93,502090.1570604852,9248317.398202782,2025-09-15,0.35968246757778477,-9.837213394136928,-16.920089138025084
93,502090.1570604852,9248317.398202782,2025-09-27,0.36755103020104735,-9.635813660822592,-16.553520455849718
93,502090.1570604852,9248317.398202782,2025-10-09,0.38873328332235746,-9.45476010999099,-15.482820488560488
93,502090.1570604852,9248317.398202782,2025-10-21,0.3640579908487479,-9.733319848309472,-15.989645603303149
93,502090.1570604852,9248317.398202782,2025-11-02,0.421992495505628,-7.236630199895101,-14.613640243221083
94,478301.3411596689,9242662.959249368,2024-11-07,0.18176263415755892,-3.0719406866937184,-9.64259576897955
94,478301.3411596689,9242662.959249368,2024-11-19,0.15100330895447914,-3.482270136559574,-10.233347227802362
94,478301.3411596689,9242662.959249368,2024-12-01,0.17212985560642022,-3.3260787403277385,-11.007553540929457
94,478301.3411596689,9242662.959249368,2024-12-13,0.13653965170505167,-3.570052651495212,-9.693556277798764
94,478301.3411596689,9242662.959249368,2024-12-25,0.07612196226156502,-4.1320908354015335,-10.118169508088215
94,478301.3411596689,9242662.959249368,2025-01-06,0.20850300604213906,-4.147449331450029,-12.895837438247987
94,478301.3411596689,9242662.959249368,2025-01-18,0.1850167549392614,-4.109813204366052,-11.92754252111035
94,478301.3411596689,9242662.959249368,2025-01-30,0.17481417644572778,-3.6731072445570425,-11.292795275915058
94,478301.3411596689,9242662.959249368,2025-02-11,0.17019389716470743,-4.255970686445922,-11.402969501206563
94,478301.3411596689,9242662.959249368,2025-02-23,0.14940905333831278,-3.52537119354391,-10.190874383880988
94,478301.3411596689,9242662.959249368,2025-03-07,0.13604950693180207,-3.657310828952969,-9.854381733439887
94,478301.3411596689,9242662.959249368,2025-03-19,0.14734229414831787,-3.63369823795429,-11.002052224137074
94,478301.3411596689,9242662.959249368,2025-03-31,0.14917199743058387,-3.5684639308663586,-10.203244347819794
94,478301.3411596689,9242662.959249368,2025-04-12,0.14416234576708115,-3.7940671518199487,-11.305131780828713
94,478301.3411596689,9242662.959249368,2025-04-24,0.15123546616287234,-3.6266271415121607,-11.300777275955154
94,478301.3411596689,9242662.959249368,2025-05-06,0.13003945094506844,-3.6000030964600835,-10.110423026375205
94,478301.3411596689,9242662.959249368,2025-05-18,0.18968612919941813,-3.1354817241826547,-11.002703470916215
94,478301.3411596689,9242662.959249368,2025-05-30,0.18831357538558446,-3.860417542270049,-11.933740636283439
94,478301.3411596689,9242662.959249368,2025-06-11,0.18588623231719642,-3.240794717570454,-11.520034656701842
94,478301.3411596689,9242662.959249368,2025-06-23,0.17487059427494583,-3.3459198269854094,-11.381645931351207
94,478301.3411596689,9242662.959249368,2025-07-05,0.17550516448299586,-3.5333484064639666,-11.708932250016769
94,478301.3411596689,9242662.959249368,2025-07-17,0.18936143125737945,-4.497236399222298,-12.18939573798784
94,478301.3411596689,9242662.959249368,2025-07-29,0.20384625354889763,-3.6908754476773997,-11.203793211465634
94,478301.3411596689,9242662.959249368,2025-08-10,0.19291130310148305,-3.3327145473071456,-12.070652795282202
94,478301.3411596689,9242662.959249368,2025-08-22,0.2091043176577752,-3.947517707701116,-11.953431085408138
94,478301.3411596689,9242662.959249368,2025-09-03,0.18879623412886698,-4.430489352934785,-12.243618801081514
94,478301.3411596689,9242662.959249368,2025-09-15,0.15515542593911127,-3.568886249816252,-10.735212820730727
94,478301.3411596689,9242662.959249368,2025-09-27,0.14498075789607234,-3.395527551727257,-9.945781014217136
94,478301.3411596689,9242662.959249368,2025-10-09,0.2173102177117158,-3.766482374737559,-11.765916173902422
94,478301.3411596689,9242662.959249368,2025-10-21,0.20875810692538288,-4.422117264538034,-11.749591881504037
94,478301.3411596689,9242662.959249368,2025-11-02,0.143342690066395,-3.0949966201337147,-9.726504466875127
95,462936.8889807986,9246184.245341988,2024-11-07,0.17978550149750505,-8.70775012201634,-15.051244089588268
95,462936.8889807986,9246184.245341988,2024-11-19,0.24976828065168077,-7.189461210997476,-13.550508772813327
95,462936.8889807986,9246184.245341988,2024-12-01,0.22873323582259134,-8.29140478280161,-15.9676958264026
95,462936.8889807986,9246184.245341988,2024-12-13,0.12841158089507232,-12.63333062936226,-19.48967183363901
95,462936.8889807986,9246184.245341988,2024-12-25,0.15456364848836168,-11.372605612930704,-19.078392166912373
95,462936.8889807986,9246184.245341988,2025-01-06,0.2212428893157784,-11.004905820426806,-18.01203052796081
95,462936.8889807986,9246184.245341988,2025-01-18,0.24439469928850566,-7.5986947854100215,-15.483468702313223
95,462936.8889807986,9246184.245341988,2025-01-30,0.21858167451216168,-8.640858796838637,-15.256320016840696
95,462936.8889807986,9246184.245341988,2025-02-11,0.25468026281095757,-7.102418552475113,-14.739676014652543
95,462936.8889807986,9246184.245341988,2025-02-23,0.29303176893221267,-5.416589084402796,-13.661697207199552
95,462936.8889807986,9246184.245341988,2025-03-07,0.2355761727441157,-8.788621642347971,-14.44816933259982
95,462936.8889807986,9246184.245341988,2025-03-19,0.26621729781808806,-7.06792347478548,-13.945660221952588
95,462936.8889807986,9246184.245341988,2025-03-31,0.24309516187867405,-7.623345930877573,-15.18556910860135
95,462936.8889807986,9246184.245341988,2025-04-12,0.10054189939373323,-13.602557863750803,-19.772247774112543
95,462936.8889807986,9246184.245341988,2025-04-24,0.12911585793235503,-12.585979396219408,-19.683999074950794
95,462936.8889807986,9246184.245341988,2025-05-06,0.15079424615720477,-11.337607100973344,-18.46505135732304
95,462936.8889807986,9246184.245341988,2025-05-18,0.21170947786399888,-9.155211447140976,-17.720806032468396
95,462936.8889807986,9246184.245341988,2025-05-30,0.22023820932767305,-8.641739864906643,-15.96874414487106
95,462936.8889807986,9246184.245341988,2025-06-11,0.297252411233522,-7.0382263407903025,-14.776317915201291
95,462936.8889807986,9246184.245341988,2025-06-23,0.2842330250934312,-7.810477074547691,-14.308581931286477
95,462936.8889807986,9246184.245341988,2025-07-05,0.2758707809144517,-7.936522549636481,-14.595555872477338
95,462936.8889807986,9246184.245341988,2025-07-17,0.3049643916936118,-4.563840736156851,-11.778925282917388
95,462936.8889807986,9246184.245341988,2025-07-29,0.23860277900392088,-6.568711825109819,-13.429868212737343
95,462936.8889807986,9246184.245341988,2025-08-10,0.21243168092432177,-7.879046704852386,-13.42488101854456
95,462936.8889807986,9246184.245341988,2025-08-22,0.2168039691944679,-8.17610242599982,-15.442040653824966
95,462936.8889807986,9246184.245341988,2025-09-03,0.22775600685493758,-7.72615067764604,-14.363718294097158
95,462936.8889807986,9246184.245341988,2025-09-15,0.22107890304103528,-8.347443070684555,-14.091568227497534
95,462936.8889807986,9246184.245341988,2025-09-27,0.21929958109493755,-8.595758406989267,-15.096665935530305
95,462936.8889807986,9246184.245341988,2025-10-09,0.21002131824487044,-7.669718799412216,-14.567233036237027
95,462936.8889807986,9246184.245341988,2025-10-21,0.13814067047226686,-11.989037084098378,-18.460547470890035
95,462936.8889807986,9246184.245341988,2025-11-02,0.1989973853509578,-9.728442610960654,-18.14160045374243
96,491308.63570739847,9235394.899991183,2024-11-07,0.23965662432258322,-6.754136007510294,-14.222828993693886
96,491308.63570739847,9235394.899991183,2024-11-19,0.13128292851826226,-4.990613219338947,-14.72642975125681
96,491308.63570739847,9235394.899991183,2024-12-01,0.18089214013217736,-5.955656869816833,-14.787192844041362
96,491308.63570739847,9235394.899991183,2024-12-13,0.10947851489708676,-6.174120717807423,-16.247963587453274
96,491308.63570739847,9235394.899991183,2024-12-25,0.19786410789761885,-10.560440095921429,-19.010701019381692
96,491308.63570739847,9235394.899991183,2025-01-06,0.17316344269022443,-7.097445603803152,-16.104286616315004
96,491308.63570739847,9235394.899991183,2025-01-18,0.3247897550506086,-9.674734716167738,-15.90780093863835
96,491308.63570739847,9235394.899991183,2025-01-30,0.2501461514807843,-8.225156668074476,-15.818897780670882
96,491308.63570739847,9235394.899991183,2025-02-11,0.3567376721946472,-8.601257572766713,-14.982949049902926
96,491308.63570739847,9235394.899991183,2025-02-23,0.3909572594721568,-9.894944926941236,-14.893478760668506
96,491308.63570739847,9235394.899991183,2025-03-07,0.34581457580107944,-8.072678258129672,-14.251832720930206
96,491308.63570739847,9235394.899991183,2025-03-19,0.34106335253121717,-8.172145718423877,-14.225416459433886
96,491308.63570739847,9235394.899991183,2025-03-31,0.21169677056480815,-6.3584137977636805,-14.09635214056201
96,491308.63570739847,9235394.899991183,2025-04-12,0.205417533990425,-6.655531947299746,-14.552694545297442
96,491308.63570739847,9235394.899991183,2025-04-24,0.12041094414380143,-4.666572625723739,-14.500902399201944
96,491308.63570739847,9235394.899991183,2025-05-06,0.14098856029047413,-8.717120656171764,-18.370275608088516
96,491308.63570739847,9235394.899991183,2025-05-18,0.2709096179268136,-11.83060730980796,-18.543786961393813
96,491308.63570739847,9235394.899991183,2025-05-30,0.1802197072627565,-7.918287893834299,-16.81471900736785
96,491308.63570739847,9235394.899991183,2025-06-11,0.26841602623514743,-7.837485794744497,-15.54820180622647
96,491308.63570739847,9235394.899991183,2025-06-23,0.41293476269329943,-9.222629672399217,-14.091560989490693
96,491308.63570739847,9235394.899991183,2025-07-05,0.3593057779650514,-8.558027871747921,-14.114292653031725
96,491308.63570739847,9235394.899991183,2025-07-17,0.4734607586551444,-11.058423765043209,-14.408410841424057
96,491308.63570739847,9235394.899991183,2025-07-29,0.2859872664456136,-7.971526987390563,-15.275407256038132
96,491308.63570739847,9235394.899991183,2025-08-10,0.17190447858342384,-4.304332632895336,-13.222786636310255
96,491308.63570739847,9235394.899991183,2025-08-22,0.2071418537533349,-3.4243372317378427,-11.636099275530116
96,491308.63570739847,9235394.899991183,2025-09-03,0.20118482143764582,-4.719079392226051,-13.228227906182749
96,491308.63570739847,9235394.899991183,2025-09-15,0.2759977227415724,-6.819162144784728,-13.401656676807413
96,491308.63570739847,9235394.899991183,2025-09-27,0.2278747294759182,-6.309149054180642,-14.269350762039105
96,491308.63570739847,9235394.899991183,2025-10-09,0.2964995982914085,-6.998148084437251,-13.695240253501689
96,491308.63570739847,9235394.899991183,2025-10-21,0.2949361262297331,-8.610277130990049,-15.13438876382525
96,491308.63570739847,9235394.899991183,2025-11-02,0.29563712705353395,-7.587024338699719,-14.310974093746273
97,480460.1297978328,9231294.09787235,2024-11-07,0.12324027660794315,-6.717606166061843,-14.074462152763408
97,480460.1297978328,9231294.09787235,2024-11-19,0.10224504771163043,-7.483895507389353,-14.737592032049921
97,480460.1297978328,9231294.09787235,2024-12-01,0.32763879946944563,-8.900409467700268,-14.47555143655421
97,480460.1297978328,9231294.09787235,2024-12-13,0.30033009387761883,-7.919139198750449,-14.340211833307626
97,480460.1297978328,9231294.09787235,2024-12-25,0.36832568095511775,-8.70174135806033,-14.38708856064251
97,480460.1297978328,9231294.09787235,2025-01-06,0.3661162210977803,-7.569278579862831,-14.478317486966391
97,480460.1297978328,9231294.09787235,2025-01-18,0.2736968074719616,-8.29045611914073,-14.599712188250098
97,480460.1297978328,9231294.09787235,2025-01-30,0.12045493514805025,-5.603804539764291,-13.530238280190154
97,480460.1297978328,9231294.09787235,2025-02-11,0.2638394216699631,-7.039481346550421,-12.923393432461975
97,480460.1297978328,9231294.09787235,2025-02-23,0.21659558300964277,-6.790901893321862,-13.458015974662697
97,480460.1297978328,9231294.09787235,2025-03-07,0.30481719640220406,-7.736173476588531,-13.17697132003679
97,480460.1297978328,9231294.09787235,2025-03-19,0.3098482115057253,-8.400404021220414,-14.070935928374173
97,480460.1297978328,9231294.09787235,2025-03-31,0.26791496662695485,-9.324837193711268,-14.763088229093743
97,480460.1297978328,9231294.09787235,2025-04-12,0.20438346547618436,-7.6489239060536285,-14.132909999721711
97,480460.1297978328,9231294.09787235,2025-04-24,0.29331270722020913,-9.142055689895756,-14.848212058118218
97,480460.1297978328,9231294.09787235,2025-05-06,0.3491063162747213,-9.292407670801053,-14.932967548877938
97,480460.1297978328,9231294.09787235,2025-05-18,0.4337453930902495,-8.841870303911785,-14.305782123269797
97,480460.1297978328,9231294.09787235,2025-05-30,0.29221123417917727,-7.950832660938784,-13.738574166590402
97,480460.1297978328,9231294.09787235,2025-06-11,0.24731995896228262,-7.572084184354637,-14.034036943637005
97,480460.1297978328,9231294.09787235,2025-06-23,0.38177809708059385,-8.382228546158247,-14.102729113751453
97,480460.1297978328,9231294.09787235,2025-07-05,0.3737540762809649,-8.421950499112652,-13.630954480979794
97,480460.1297978328,9231294.09787235,2025-07-17,0.16346784081257149,-7.000045844449124,-14.104489911286652
97,480460.1297978328,9231294.09787235,2025-07-29,0.14485391818719395,-6.031439611866093,-13.9439826363936
97,480460.1297978328,9231294.09787235,2025-08-10,0.20638088036885885,-6.528441852180931,-13.164406364370825
97,480460.1297978328,9231294.09787235,2025-08-22,0.26921393763760754,-7.618493194311568,-14.501929662355241
97,480460.1297978328,9231294.09787235,2025-09-03,0.3129432887786059,-8.922983877492145,-14.386380088238242
97,480460.1297978328,9231294.09787235,2025-09-15,0.22497414218275333,-7.331099155027186,-13.490752147077014
97,480460.1297978328,9231294.09787235,2025-09-27,0.24844869398234062,-7.578075974184423,-14.021342576626468
97,480460.1297978328,9231294.09787235,2025-10-09,0.17970207272344924,-7.957458073859921,-14.641766490415103
97,480460.1297978328,9231294.09787235,2025-10-21,0.19768986588950113,-8.380223263872871,-14.854604891824886
97,480460.1297978328,9231294.09787235,2025-11-02,0.2381591801769222,-6.8346061681352035,-13.109992185495095
98,462159.41918740293,9252939.543252591,2024-11-07,0.28360310204664824,-8.748589366151444,-14.332603744528239
98,462159.41918740293,9252939.543252591,2024-11-19,0.28709852035853356,-7.731218211525514,-14.109493669852977
98,462159.41918740293,9252939.543252591,2024-12-01,0.29044300670700907,-8.219120807212787,-14.345672583260798
98,462159.41918740293,9252939.543252591,2024-12-13,0.25605538111031734,-7.810772937334266,-13.335253370060677
98,462159.41918740293,9252939.543252591,2024-12-25,0.2598898061608209,-7.640045519450656,-13.446101781278614
98,462159.41918740293,9252939.543252591,2025-01-06,0.24498081703385532,-9.731902038142728,-15.965140548806517
98,462159.41918740293,9252939.543252591,2025-01-18,0.40060738848761984,-10.745766657360598,-17.957577021538448
98,462159.41918740293,9252939.543252591,2025-01-30,0.3705224343110214,-9.398466383588154,-16.768947199380904
98,462159.41918740293,9252939.543252591,2025-02-11,0.35923215079739124,-8.650131184927535,-16.248193175195087
98,462159.41918740293,9252939.543252591,2025-02-23,0.310246031396428,-8.298267454457017,-14.879544598741463
98,462159.41918740293,9252939.543252591,2025-03-07,0.3225990843839749,-8.12429129235503,-14.76803772175395
98,462159.41918740293,9252939.543252591,2025-03-19,0.361049516461595,-9.159829458984683,-14.585698917282018
98,462159.41918740293,9252939.543252591,2025-03-31,0.32334070945506366,-9.393494790160215,-15.5534630724869
98,462159.41918740293,9252939.543252591,2025-04-12,0.26985560054833213,-7.535893023610009,-12.901529153890833
98,462159.41918740293,9252939.543252591,2025-04-24,0.19582692589083192,-6.525321591762928,-11.789974702100775
98,462159.41918740293,9252939.543252591,2025-05-06,0.26383053341390333,-8.052146596420915,-14.241950169301896
98,462159.41918740293,9252939.543252591,2025-05-18,0.20996264096438833,-7.149697143425239,-12.371979802568541
98,462159.41918740293,9252939.543252591,2025-05-30,0.38916260336472835,-10.511821755614164,-17.591125529195914
98,462159.41918740293,9252939.543252591,2025-06-11,0.2949001492005296,-8.504686590300949,-15.761108101421591
98,462159.41918740293,9252939.543252591,2025-06-23,0.41529589829705305,-9.412015397691823,-17.372245729711906
98,462159.41918740293,9252939.543252591,2025-07-05,0.37144601225472434,-8.144207457003203,-14.752361468312435
98,462159.41918740293,9252939.543252591,2025-07-17,0.3828831046798373,-8.070348033821785,-14.90907176259346
98,462159.41918740293,9252939.543252591,2025-07-29,0.3563196760118923,-8.160361409966193,-14.387708870148451
98,462159.41918740293,9252939.543252591,2025-08-10,0.3261952948400162,-8.857207335190374,-14.817831847705667
98,462159.41918740293,9252939.543252591,2025-08-22,0.21722842367988748,-7.5534058587322095,-12.957098539952455
98,462159.41918740293,9252939.543252591,2025-09-03,0.2361696850763479,-7.308128805740845,-13.633236493721636
98,462159.41918740293,9252939.543252591,2025-09-15,0.23105877076397763,-8.1966040910189,-13.735945210149842
98,462159.41918740293,9252939.543252591,2025-09-27,0.3055275457346087,-8.978192606962159,-14.967353949018214
98,462159.41918740293,9252939.543252591,2025-10-09,0.3320073826356721,-9.222646556534654,-16.16294280524482
98,462159.41918740293,9252939.543252591,2025-10-21,0.2775495842099412,-7.847311071570123,-13.764391663333635
98,462159.41918740293,9252939.543252591,2025-11-02,0.22475414088911372,-7.5279950367131505,-12.442882637908745
99,466051.75171534833,9245471.847843273,2024-11-07,0.19678596792722483,-11.463657468236969,-17.980632592495454
99,466051.75171534833,9245471.847843273,2024-11-19,0.2641736747837141,-11.32055427034047,-17.115292996550462
99,466051.75171534833,9245471.847843273,2024-12-01,0.32582068808969245,-9.659673212036132,-15.690776445694086
99,466051.75171534833,9245471.847843273,2024-12-13,0.2954861497346624,-10.106752290300863,-16.435004268941192
99,466051.75171534833,9245471.847843273,2024-12-25,0.21340868381878325,-10.947667343056413,-17.860944490595433
99,466051.75171534833,9245471.847843273,2025-01-06,0.25412782459327915,-10.925831481238607,-17.03212934934279
99,466051.75171534833,9245471.847843273,2025-01-18,0.2625397005650186,-10.512279139634817,-16.943765629308484
99,466051.75171534833,9245471.847843273,2025-01-30,0.27354675932876854,-11.158634255192906,-16.920952244905056
99,466051.75171534833,9245471.847843273,2025-02-11,0.30534989438111326,-8.310239280898715,-15.697022046068247
99,466051.75171534833,9245471.847843273,2025-02-23,0.3228514468521688,-9.570762603334131,-15.717912782897876
99,466051.75171534833,9245471.847843273,2025-03-07,0.274690571568032,-8.865706736937414,-15.875698984937976
99,466051.75171534833,9245471.847843273,2025-03-19,0.2958727633325878,-8.406128880206005,-15.3753459100187
99,466051.75171534833,9245471.847843273,2025-03-31,0.22996273156866504,-11.762457702121123,-17.788010137249017
99,466051.75171534833,9245471.847843273,2025-04-12,0.22654527272181202,-11.139640445118273,-17.67364765706825
99,466051.75171534833,9245471.847843273,2025-04-24,0.26947343039634386,-10.033787915968068,-16.65132121717467
99,466051.75171534833,9245471.847843273,2025-05-06,0.3316028645191074,-8.699379971093073,-15.596032996672177
99,466051.75171534833,9245471.847843273,2025-05-18,0.3943172184244853,-7.9320966258134105,-14.415845623555235
99,466051.75171534833,9245471.847843273,2025-05-30,0.30061797756311176,-9.187394537892148,-15.990449325855433
99,466051.75171534833,9245471.847843273,2025-06-11,0.3583429379732672,-8.810478308912558,-14.827858566691269
99,466051.75171534833,9245471.847843273,2025-06-23,0.3145017349585749,-8.377112486805595,-15.379609192016202
99,466051.75171534833,9245471.847843273,2025-07-05,0.31264379232882933,-8.783031580190091,-15.467802307268384
99,466051.75171534833,9245471.847843273,2025-07-17,0.37719388300591755,-7.168518922751242,-14.041603067438924
99,466051.75171534833,9245471.847843273,2025-07-29,0.3176444840989728,-8.078542137465242,-15.561862015494457
99,466051.75171534833,9245471.847843273,2025-08-10,0.3725552332424922,-7.408399541490791,-14.307366823182099
99,466051.75171534833,9245471.847843273,2025-08-22,0.39149788972092603,-7.792354185654617,-14.305402533937098
99,466051.75171534833,9245471.847843273,2025-09-03,0.3504946947613419,-8.911504052459277,-15.326870752001655
99,466051.75171534833,9245471.847843273,2025-09-15,0.3734918914632597,-8.464724860249586,-14.59917140159298
99,466051.75171534833,9245471.847843273,2025-09-27,0.3252387611175742,-9.630732292250991,-15.691253445961536
99,466051.75171534833,9245471.847843273,2025-10-09,0.2976469905586145,-10.158802897067355,-16.545231010219563
99,466051.75171534833,9245471.847843273,2025-10-21,0.3467017265494263,-9.117043326399116,-15.233466534470477
99,466051.75171534833,9245471.847843273,2025-11-02,0.3340173899989371,-8.581454450999274,-15.290836141165407
100,463408.7013278217,9231780.47891177,2024-11-07,0.3083616839190631,-9.943226963716546,-16.016372637392507
100,463408.7013278217,9231780.47891177,2024-11-19,0.3056435637272577,-10.47405340529906,-17.074463758141384
100,463408.7013278217,9231780.47891177,2024-12-01,0.3119903958431262,-7.535720985660226,-13.729259950440557
100,463408.7013278217,9231780.47891177,2024-12-13,0.3052051880371407,-12.358208141407552,-17.956421844481625
100,463408.7013278217,9231780.47891177,2024-12-25,0.2872584126662661,-11.509997532554458,-16.451971806049166
100,463408.7013278217,9231780.47891177,2025-01-06,0.32889747073384723,-8.140791208610427,-16.03112269084538
100,463408.7013278217,9231780.47891177,2025-01-18,0.35082774423915175,-6.726341898218211,-15.073519906074184
100,463408.7013278217,9231780.47891177,2025-01-30,0.332200877833949,-6.355095858901571,-13.643038399093209
100,463408.7013278217,9231780.47891177,2025-02-11,0.36449613959206595,-5.238608523566604,-14.302042217817196
100,463408.7013278217,9231780.47891177,2025-02-23,0.39235955417527096,-2.336785094337097,-12.86486602116068
100,463408.7013278217,9231780.47891177,2025-03-07,0.3732117168745961,-5.072678355990206,-14.134014420850976
100,463408.7013278217,9231780.47891177,2025-03-19,0.3246515447910621,-7.071858441925343,-13.960560784393722
100,463408.7013278217,9231780.47891177,2025-03-31,0.2797697715079477,-15.292289307363905,-19.944691650951132
100,463408.7013278217,9231780.47891177,2025-04-12,0.2977400335289714,-12.196740093492982,-17.796873628195996
100,463408.7013278217,9231780.47891177,2025-04-24,0.32360607642079886,-9.757063226836435,-16.9280293223119
100,463408.7013278217,9231780.47891177,2025-05-06,0.3526749548825795,-9.991952368873065,-17.79938001618087
100,463408.7013278217,9231780.47891177,2025-05-18,0.29928798683536334,-9.53657959816682,-16.053119485644068
100,463408.7013278217,9231780.47891177,2025-05-30,0.3427344419799341,-6.487642989687947,-14.371904578810629
100,463408.7013278217,9231780.47891177,2025-06-11,0.3736073155636781,-5.508240138624911,-15.018311470603248
100,463408.7013278217,9231780.47891177,2025-06-23,0.35419076982028685,-4.44258159620132,-12.690860340876819
100,463408.7013278217,9231780.47891177,2025-07-05,0.33956863580258023,-6.086246066113279,-13.723061316669398
100,463408.7013278217,9231780.47891177,2025-07-17,0.3269157410589326,-5.28793614312481,-12.948121853311266
100,463408.7013278217,9231780.47891177,2025-07-29,0.3078592660967588,-8.590140635888744,-15.680370865970506
100,463408.7013278217,9231780.47891177,2025-08-10,0.31913720708348303,-11.636693671111557,-18.95670914458403
100,463408.7013278217,9231780.47891177,2025-08-22,0.3361829198602386,-10.359627497741092,-17.405774615257762
100,463408.7013278217,9231780.47891177,2025-09-03,0.36550507615879746,-8.628288285693532,-16.654018720341107
100,463408.7013278217,9231780.47891177,2025-09-15,0.35098512297427836,-8.671744383143363,-15.528451605748895
100,463408.7013278217,9231780.47891177,2025-09-27,0.3262220560984352,-8.109899171827298,-14.804893903726366
100,463408.7013278217,9231780.47891177,2025-10-09,0.3130264099150184,-7.900264653441792,-14.399194108221797
100,463408.7013278217,9231780.47891177,2025-10-21,0.3325331622931324,-8.486164055641765,-16.488970774107283
100,463408.7013278217,9231780.47891177,2025-11-02,0.3237913673272163,-9.956175292463108,-16.896534669955944
101,480743.93083535053,9231092.020154422,2024-11-07,0.14456258849726694,-8.337500840350591,-16.842697364235057
101,480743.93083535053,9231092.020154422,2024-11-19,0.07532998829345336,-12.001483777858638,-21.292099771720345
101,480743.93083535053,9231092.020154422,2024-12-01,0.20950354642328062,-11.495546803256847,-18.769625369690882
101,480743.93083535053,9231092.020154422,2024-12-13,0.19528095819085994,-7.904536963229777,-16.776447734244538
101,480743.93083535053,9231092.020154422,2024-12-25,0.284044488475124,-9.915463737498067,-17.608351207799853
101,480743.93083535053,9231092.020154422,2025-01-06,0.39864232874831784,-8.800407733850168,-14.245618406062432
101,480743.93083535053,9231092.020154422,2025-01-18,0.28489787988766213,-9.110713950229398,-15.504778594688164
101,480743.93083535053,9231092.020154422,2025-01-30,0.34186957075208196,-9.137926174395986,-14.567666731502337
101,480743.93083535053,9231092.020154422,2025-02-11,0.3714652933581686,-8.750175765514786,-13.744731438727623
101,480743.93083535053,9231092.020154422,2025-02-23,0.35733294041249414,-7.621988450372253,-13.039261690385207
101,480743.93083535053,9231092.020154422,2025-03-07,0.39208249641952686,-8.178289387134994,-12.91906355664849
101,480743.93083535053,9231092.020154422,2025-03-19,0.26294482560305343,-6.320036070285569,-13.540627323104989
101,480743.93083535053,9231092.020154422,2025-03-31,0.04693105313813972,-9.159328367369612,-19.554753557155017
101,480743.93083535053,9231092.020154422,2025-04-12,0.14036781215643984,-12.578181144626614,-20.60108695455559
101,480743.93083535053,9231092.020154422,2025-04-24,0.17961697232315504,-11.849944971941165,-19.425437624998587
101,480743.93083535053,9231092.020154422,2025-05-06,0.19310995706582082,-10.602285700058742,-18.18142640945388
101,480743.93083535053,9231092.020154422,2025-05-18,0.3445080856618394,-9.448336088738282,-15.082700173949815
101,480743.93083535053,9231092.020154422,2025-05-30,0.20828654106671246,-9.105081020316009,-16.790831541104048
101,480743.93083535053,9231092.020154422,2025-06-11,0.3537290799929682,-8.343307070514046,-14.656437997179196
101,480743.93083535053,9231092.020154422,2025-06-23,0.3630253022579131,-8.915452781173574,-14.811481630402728
101,480743.93083535053,9231092.020154422,2025-07-05,0.35087073243359884,-6.452174921107036,-12.169749069876794
101,480743.93083535053,9231092.020154422,2025-07-17,0.23560680007127294,-4.719588246984677,-12.078041482067167
101,480743.93083535053,9231092.020154422,2025-07-29,0.16625516368798002,-4.8053376311056475,-13.769648111727687
101,480743.93083535053,9231092.020154422,2025-08-10,0.2354929909392812,-7.599229389828062,-14.608979400579003
101,480743.93083535053,9231092.020154422,2025-08-22,0.23433715093104224,-7.552174075049706,-15.22080592263217
101,480743.93083535053,9231092.020154422,2025-09-03,0.24866199422309157,-7.953823871338528,-15.10723906201971
101,480743.93083535053,9231092.020154422,2025-09-15,0.27050896533336827,-7.5584142853641,-13.823099588360671
101,480743.93083535053,9231092.020154422,2025-09-27,0.21698331767900828,-7.009820980513148,-14.891907439302456
101,480743.93083535053,9231092.020154422,2025-10-09,0.1633375244548989,-8.618788220710593,-16.66738074990543
101,480743.93083535053,9231092.020154422,2025-10-21,0.11758981193781817,-12.4342303459682,-20.66342857371216
101,480743.93083535053,9231092.020154422,2025-11-02,0.1785650808213905,-9.525948339134196,-17.643583026666285
102,454011.96171368356,9229898.79440556,2024-11-07,0.1900898839434955,-8.843944615150782,-15.39300018123208
102,454011.96171368356,9229898.79440556,2024-11-19,0.09830587258752195,-11.635535923095754,-17.756489050135514
102,454011.96171368356,9229898.79440556,2024-12-01,0.023520969266012826,-15.114474367359298,-19.69719464103932
102,454011.96171368356,9229898.79440556,2024-12-13,0.0050200558129887,-13.839117097698676,-19.548172236166625
102,454011.96171368356,9229898.79440556,2024-12-25,0.22361989458628864,-9.117244123135075,-15.817082331742746
102,454011.96171368356,9229898.79440556,2025-01-06,0.17366584126117093,-10.361307252665888,-16.77417950763682
102,454011.96171368356,9229898.79440556,2025-01-18,0.2648639745040047,-7.935233743405959,-15.019791729058799
102,454011.96171368356,9229898.79440556,2025-01-30,0.0862324960358861,-11.712597242257724,-18.411631751935914
102,454011.96171368356,9229898.79440556,2025-02-11,0.13738402045544654,-10.87484028636577,-17.45150977093115
102,454011.96171368356,9229898.79440556,2025-02-23,0.3347970338135972,-7.776845709124387,-13.752212945004713
102,454011.96171368356,9229898.79440556,2025-03-07,0.1886789409560325,-8.686351704016735,-16.02866862081732
102,454011.96171368356,9229898.79440556,2025-03-19,0.1913857668309995,-8.972029002073528,-16.391379044759955
102,454011.96171368356,9229898.79440556,2025-03-31,0.27649908863106953,-8.647333850166083,-14.842623749029695
102,454011.96171368356,9229898.79440556,2025-04-12,0.14224710303360472,-10.664151802435788,-17.01089989638566
102,454011.96171368356,9229898.79440556,2025-04-24,0.03576098196524205,-13.911501856716427,-19.916005074180163
102,454011.96171368356,9229898.79440556,2025-05-06,0.05220051844325682,-12.708454172119085,-19.393438787888325
102,454011.96171368356,9229898.79440556,2025-05-18,-0.060936338864341216,-16.257113719400927,-21.137616913294035
102,454011.96171368356,9229898.79440556,2025-05-30,0.1024977575812859,-11.76420351756429,-18.120853411882106
102,454011.96171368356,9229898.79440556,2025-06-11,0.0633426885056974,-13.487911841559338,-18.953247290920583
102,454011.96171368356,9229898.79440556,2025-06-23,0.04041631482849681,-13.671558531157425,-19.160091343156786
102,454011.96171368356,9229898.79440556,2025-07-05,0.17162470396361917,-10.862292931859939,-16.833845486966794
102,454011.96171368356,9229898.79440556,2025-07-17,0.21509924508678835,-9.231820936158647,-16.07050501791374
102,454011.96171368356,9229898.79440556,2025-07-29,0.2732680710563066,-9.143775086890313,-15.79823932439356
102,454011.96171368356,9229898.79440556,2025-08-10,0.37236651892366845,-8.071495538616984,-14.063271919595973
102,454011.96171368356,9229898.79440556,2025-08-22,0.4508444803578711,-6.527903153709037,-12.373560404592546
102,454011.96171368356,9229898.79440556,2025-09-03,0.3320815565308318,-8.619381798095826,-14.450976684836768
102,454011.96171368356,9229898.79440556,2025-09-15,0.2977324301847793,-8.091632010513536,-14.086362754110127
102,454011.96171368356,9229898.79440556,2025-09-27,0.2289970541193757,-9.996057278962862,-15.375745090627825
102,454011.96171368356,9229898.79440556,2025-10-09,0.2773114388903347,-6.996513977620866,-13.701797766404068
102,454011.96171368356,9229898.79440556,2025-10-21,0.04483555342267355,-13.425183415287345,-19.39956511798387
102,454011.96171368356,9229898.79440556,2025-11-02,-0.06426593486059937,-15.753245551028662,-21.308477710433774
103,489836.435356739,9237656.489480788,2024-11-07,0.21078163902510053,-7.038792004206968,-13.656596106500366
103,489836.435356739,9237656.489480788,2024-11-19,0.10503679928914758,-11.264930569208627,-19.260406671242517
103,489836.435356739,9237656.489480788,2024-12-01,-0.07785443139332263,-16.526651927896857,-22.558502861465122
103,489836.435356739,9237656.489480788,2024-12-13,-0.01464265467873628,-14.092705995706217,-21.62705878586768
103,489836.435356739,9237656.489480788,2024-12-25,-0.06113250156812727,-14.093381462968338,-21.493450734421273
103,489836.435356739,9237656.489480788,2025-01-06,0.01881537242701281,-14.100402782854111,-20.69501737906911
103,489836.435356739,9237656.489480788,2025-01-18,0.020225197847713802,-14.673002782789013,-20.461879977126728
103,489836.435356739,9237656.489480788,2025-01-30,0.03934401411835792,-13.01449349392857,-20.492612339371448
103,489836.435356739,9237656.489480788,2025-02-11,0.11329184499695263,-13.673209308052048,-19.901543818700205
103,489836.435356739,9237656.489480788,2025-02-23,-0.007448692221521683,-14.615579836988712,-21.250088460900887
103,489836.435356739,9237656.489480788,2025-03-07,-0.07051111099882637,-15.785772471311567,-21.577553457758015
103,489836.435356739,9237656.489480788,2025-03-19,-0.07969784867468699,-15.311655582070152,-21.426610938331724
103,489836.435356739,9237656.489480788,2025-03-31,-0.07766039771033226,-13.836266309207552,-21.132616079030463
103,489836.435356739,9237656.489480788,2025-04-12,-0.08309743597472422,-15.505003867673748,-22.117755767073714
103,489836.435356739,9237656.489480788,2025-04-24,-0.08094495166085847,-15.790139198755808,-22.390800572443315
103,489836.435356739,9237656.489480788,2025-05-06,-0.010989118794736644,-13.036046748398368,-19.02735436689909
103,489836.435356739,9237656.489480788,2025-05-18,-0.065630444847944,-15.556168814905487,-21.374461004259693
103,489836.435356739,9237656.489480788,2025-05-30,-0.06467611641773907,-16.32649209028022,-22.260227097763963
103,489836.435356739,9237656.489480788,2025-06-11,-0.08303736886359142,-15.852629319967983,-22.44260158211048
103,489836.435356739,9237656.489480788,2025-06-23,-0.05660386619917007,-15.642810198640458,-22.18734049915459
103,489836.435356739,9237656.489480788,2025-07-05,-0.09123845091196711,-16.874749348314694,-22.81237762109611
103,489836.435356739,9237656.489480788,2025-07-17,0.13324289453149923,-11.452352279917715,-19.332871945202044
103,489836.435356739,9237656.489480788,2025-07-29,0.32246133621220957,-9.516394544085292,-16.995498788108126
103,489836.435356739,9237656.489480788,2025-08-10,0.39092427471102403,-9.132188907123437,-14.622419221791091
103,489836.435356739,9237656.489480788,2025-08-22,0.38709353977518524,-8.048696809012839,-14.512975527179076
103,489836.435356739,9237656.489480788,2025-09-03,0.3819307643765412,-8.304880953547979,-14.142476297067603
103,489836.435356739,9237656.489480788,2025-09-15,0.28368521626887155,-6.998402351253732,-13.619204631527019
103,489836.435356739,9237656.489480788,2025-09-27,0.24296991260357959,-9.460252286436683,-16.040100303828787
103,489836.435356739,9237656.489480788,2025-10-09,0.2670963671313604,-6.657253590335426,-13.511538773947525
103,489836.435356739,9237656.489480788,2025-10-21,0.09276796828523384,-12.90987193614518,-19.043984174071245
103,489836.435356739,9237656.489480788,2025-11-02,-0.11544097807722403,-17.344535739109514,-23.325557499578082
104,462722.9982523859,9253401.05030296,2024-11-07,0.10625789615734652,-2.062719207745345,-8.222333197407783
104,462722.9982523859,9253401.05030296,2024-11-19,0.11384139153229397,-2.915137527630523,-9.84178331384845
104,462722.9982523859,9253401.05030296,2024-12-01,0.11750839020777706,-2.6212077582113844,-10.211749104749668
104,462722.9982523859,9253401.05030296,2024-12-13,0.0951448021789481,-2.0939982060067828,-8.1902749602243
104,462722.9982523859,9253401.05030296,2024-12-25,0.10878495572625625,-1.0584467293744604,-8.008239929726491
104,462722.9982523859,9253401.05030296,2025-01-06,0.13741385646978702,-1.1752012922276316,-10.189124617264103
104,462722.9982523859,9253401.05030296,2025-01-18,0.1274456978542826,-2.696722360064341,-11.724526267352894
104,462722.9982523859,9253401.05030296,2025-01-30,0.1198894210771641,-2.5295815665823564,-10.510025899770826
104,462722.9982523859,9253401.05030296,2025-02-11,0.12732967339577864,-1.2614416999414075,-10.867656911775743
104,462722.9982523859,9253401.05030296,2025-02-23,0.12252140103877669,-2.194662521647601,-10.703049085155417
104,462722.9982523859,9253401.05030296,2025-03-07,0.11982652409163495,-0.6615583307861679,-9.628162227638894
104,462722.9982523859,9253401.05030296,2025-03-19,0.11937584200637681,-3.167342937432199,-10.807253472180737
104,462722.9982523859,9253401.05030296,2025-03-31,0.11975650944746546,-2.9960862982401237,-10.763315803128215
104,462722.9982523859,9253401.05030296,2025-04-12,0.11207078726810242,-1.7748935635738725,-10.423179602394626
104,462722.9982523859,9253401.05030296,2025-04-24,0.11491965547847131,-2.570455234341068,-10.921068573839856
104,462722.9982523859,9253401.05030296,2025-05-06,0.10802715149992148,-3.7316354907779656,-11.449647589497646
104,462722.9982523859,9253401.05030296,2025-05-18,0.11616682056177632,-2.3435686400668425,-10.46116296433923
104,462722.9982523859,9253401.05030296,2025-05-30,0.11964850001846992,-1.3069681594116311,-9.759121226579751
104,462722.9982523859,9253401.05030296,2025-06-11,0.12376308065959538,-2.686855887792119,-11.423892208933635
104,462722.9982523859,9253401.05030296,2025-06-23,0.12441177279476805,-3.2714099263290226,-11.463775453030912
104,462722.9982523859,9253401.05030296,2025-07-05,0.11841938836789803,-2.0717522525700955,-9.879865962776304
104,462722.9982523859,9253401.05030296,2025-07-17,0.12137645463723773,-3.670315713401328,-10.717294282556033
104,462722.9982523859,9253401.05030296,2025-07-29,0.11920908653952225,-4.334280717290557,-11.53723515469692
104,462722.9982523859,9253401.05030296,2025-08-10,0.12661910673079435,-3.473946578214812,-11.943712114603615
104,462722.9982523859,9253401.05030296,2025-08-22,0.12680823703326125,-3.6231759358639697,-11.407154202773844
104,462722.9982523859,9253401.05030296,2025-09-03,0.1248365302925742,-3.4383624688183225,-10.666626285716108
104,462722.9982523859,9253401.05030296,2025-09-15,0.12200954221428996,-1.7694870575090387,-9.548097580271934
104,462722.9982523859,9253401.05030296,2025-09-27,0.11848396321045786,-3.2155466259363594,-10.703648028766708
104,462722.9982523859,9253401.05030296,2025-10-09,0.12738047664863975,-3.115553383197103,-11.2809574772008
104,462722.9982523859,9253401.05030296,2025-10-21,0.11539852780095709,-0.9680024637921696,-8.74126009068117
104,462722.9982523859,9253401.05030296,2025-11-02,0.11788416336680449,-3.134395804616081,-10.567527977831071
105,459854.9485625229,9228128.859150171,2024-11-07,0.5142851966207842,-14.455497642956264,-17.822022512896254
105,459854.9485625229,9228128.859150171,2024-11-19,0.4413033123420091,-12.01922994112823,-17.658740143279044
105,459854.9485625229,9228128.859150171,2024-12-01,0.51213205723373,-10.126224664090342,-16.195923767777305
105,459854.9485625229,9228128.859150171,2024-12-13,0.5437888902306374,-10.887493062861154,-15.720957793587322
105,459854.9485625229,9228128.859150171,2024-12-25,0.5509904647718725,-7.827817490908276,-13.33564196882163
105,459854.9485625229,9228128.859150171,2025-01-06,0.5400702285382447,-9.03248648608174,-14.745038122394014
105,459854.9485625229,9228128.859150171,2025-01-18,0.5321952845301761,-8.449821961456005,-14.52302202708695
105,459854.9485625229,9228128.859150171,2025-01-30,0.5435027051980341,-8.389280454962295,-13.934280956456913
105,459854.9485625229,9228128.859150171,2025-02-11,0.5683598371083267,-6.982417057041705,-12.12998678827939
105,459854.9485625229,9228128.859150171,2025-02-23,0.5190581697117356,-6.6099527136427705,-14.442116842243395
105,459854.9485625229,9228128.859150171,2025-03-07,0.5355015593411299,-8.284521581285821,-14.29177156972034
105,459854.9485625229,9228128.859150171,2025-03-19,0.5252025457555534,-16.258762935755463,-18.60219174688326
105,459854.9485625229,9228128.859150171,2025-03-31,0.4957493535567058,-10.231110863278666,-17.055794397476248
105,459854.9485625229,9228128.859150171,2025-04-12,0.5061265125228492,-10.146672397411423,-16.89354830310105
105,459854.9485625229,9228128.859150171,2025-04-24,0.49589810121229755,-9.805874927662668,-17.199859433086647
105,459854.9485625229,9228128.859150171,2025-05-06,0.5114481838269167,-10.597830313358198,-16.73942843838802
105,459854.9485625229,9228128.859150171,2025-05-18,0.5181626375352403,-10.991313971659862,-16.395359829620205
105,459854.9485625229,9228128.859150171,2025-05-30,0.5362651457534693,-8.27100687517281,-14.248239415215817
105,459854.9485625229,9228128.859150171,2025-06-11,0.5446584818003788,-8.786496277982533,-13.210436783393503
105,459854.9485625229,9228128.859150171,2025-06-23,0.5178261779264712,-8.316807228576124,-14.967907677728395
105,459854.9485625229,9228128.859150171,2025-07-05,0.5453583468952944,-9.900381410574699,-14.446738804593668
105,459854.9485625229,9228128.859150171,2025-07-17,0.5524649311955584,-7.158547962413964,-12.759468859130811
105,459854.9485625229,9228128.859150171,2025-07-29,0.5285226450393049,-6.717044102383037,-14.069363805234921
105,459854.9485625229,9228128.859150171,2025-08-10,0.532914116889099,-7.864476632457134,-14.220691645815727
105,459854.9485625229,9228128.859150171,2025-08-22,0.557117504523022,-8.333909656734066,-13.152984436496823
105,459854.9485625229,9228128.859150171,2025-09-03,0.5516833360460863,-7.846955779697231,-13.321806348805
105,459854.9485625229,9228128.859150171,2025-09-15,0.5620724675214808,-7.576044586860492,-13.05665638495861
105,459854.9485625229,9228128.859150171,2025-09-27,0.5394338374540367,-8.023653038967677,-13.99100049972644
105,459854.9485625229,9228128.859150171,2025-10-09,0.5270563388253179,-8.664294137615517,-15.387788784947205
105,459854.9485625229,9228128.859150171,2025-10-21,0.5322178228609574,-11.610648279578136,-16.34450878692061
105,459854.9485625229,9228128.859150171,2025-11-02,0.5195758296164986,-11.947632345757315,-16.553663981312294
106,489276.95456476416,9239861.989477212,2024-11-07,0.16752711519399907,-9.552074838484758,-16.757968907045743
106,489276.95456476416,9239861.989477212,2024-11-19,0.164828198991006,-9.87373821790077,-17.942743946036156
106,489276.95456476416,9239861.989477212,2024-12-01,0.13847430384696652,-9.726365268869417,-18.085079290647307
106,489276.95456476416,9239861.989477212,2024-12-13,0.2817591705359011,-11.370367775816183,-18.195437398192198
106,489276.95456476416,9239861.989477212,2024-12-25,0.1643911969793765,-9.49172977599531,-18.090139647014297
106,489276.95456476416,9239861.989477212,2025-01-06,0.23762924606971592,-8.713042887651063,-15.90456882972341
106,489276.95456476416,9239861.989477212,2025-01-18,0.2899257765299345,-9.620651388978914,-16.267564288573993
106,489276.95456476416,9239861.989477212,2025-01-30,0.36670396507480835,-10.373317399379893,-16.19212382139257
106,489276.95456476416,9239861.989477212,2025-02-11,0.22960250896777784,-7.389074281030018,-14.605872824810252
106,489276.95456476416,9239861.989477212,2025-02-23,0.2643748789793084,-8.73184461750283,-15.622918904202855
106,489276.95456476416,9239861.989477212,2025-03-07,0.3743968849779177,-8.608482801448119,-14.56075117032257
106,489276.95456476416,9239861.989477212,2025-03-19,0.3167292912654208,-7.938484883459433,-14.520682190874636
106,489276.95456476416,9239861.989477212,2025-03-31,0.09901631231657525,-6.636352850270313,-15.163786254050255
106,489276.95456476416,9239861.989477212,2025-04-12,0.1156864039011923,-6.856258136442905,-15.035856433225586
106,489276.95456476416,9239861.989477212,2025-04-24,0.08468366395207857,-7.680386688970016,-16.480843336972704
106,489276.95456476416,9239861.989477212,2025-05-06,0.12261203469499984,-11.002880609556387,-19.286211245920672
106,489276.95456476416,9239861.989477212,2025-05-18,0.10041382191282038,-11.632381361797963,-20.13780654585335
106,489276.95456476416,9239861.989477212,2025-05-30,0.03560992186226605,-11.259770172814115,-20.85307333265897
106,489276.95456476416,9239861.989477212,2025-06-11,0.1242964975682772,-10.519717840089877,-19.270535251568777
106,489276.95456476416,9239861.989477212,2025-06-23,0.3084509000705812,-10.3302661329855,-17.6829239894284
106,489276.95456476416,9239861.989477212,2025-07-05,0.31248028883500123,-9.485954169849547,-15.872085882800553
106,489276.95456476416,9239861.989477212,2025-07-17,0.46879282249021487,-11.571811063177975,-17.11950509823736
106,489276.95456476416,9239861.989477212,2025-07-29,0.435532126107092,-11.75407656077462,-17.876306265651184
106,489276.95456476416,9239861.989477212,2025-08-10,0.437846160405192,-9.944056244357986,-15.360926507201905
106,489276.95456476416,9239861.989477212,2025-08-22,0.2965866385418403,-9.039047142777362,-15.512789295197432
106,489276.95456476416,9239861.989477212,2025-09-03,0.19468135477049975,-6.512541539168218,-14.100624861000085
106,489276.95456476416,9239861.989477212,2025-09-15,0.1862316479717887,-7.565661014614511,-14.579656148893092
106,489276.95456476416,9239861.989477212,2025-09-27,0.16004517576083593,-6.8970996418709785,-14.873471075685314
106,489276.95456476416,9239861.989477212,2025-10-09,0.03754900935083244,-7.772470925589513,-16.899306885759223
106,489276.95456476416,9239861.989477212,2025-10-21,0.14805136120563994,-13.676038087626287,-21.036773884092334
106,489276.95456476416,9239861.989477212,2025-11-02,0.32930010136739196,-13.34853021865057,-19.73527425401511
107,460218.9349174545,9228002.846869616,2024-11-07,0.33467947608081017,-3.5743569964978223,-10.941328226050588
107,460218.9349174545,9228002.846869616,2024-11-19,0.3095815666332199,-4.704494499828219,-12.518929496359087
107,460218.9349174545,9228002.846869616,2024-12-01,0.3211230022769396,-4.087400664108707,-11.702570394294796
107,460218.9349174545,9228002.846869616,2024-12-13,0.34527423393149165,-4.477860529916699,-11.683983448352631
107,460218.9349174545,9228002.846869616,2024-12-25,0.32224293630828343,-3.870275295674045,-11.718164968133314
107,460218.9349174545,9228002.846869616,2025-01-06,0.36365993767604987,-3.787101044876264,-11.362590640231206
107,460218.9349174545,9228002.846869616,2025-01-18,0.3107979932019405,-4.5447990680378565,-12.489960829441781
107,460218.9349174545,9228002.846869616,2025-01-30,0.317610963349426,-4.0305984089928675,-12.098457845176327
107,460218.9349174545,9228002.846869616,2025-02-11,0.3248552325071326,-3.8083559351459377,-11.486507873595139
107,460218.9349174545,9228002.846869616,2025-02-23,0.3165195423387489,-4.016809820011799,-12.219156468869553
107,460218.9349174545,9228002.846869616,2025-03-07,0.2871285476323542,-5.388075955012161,-11.605092593759561
107,460218.9349174545,9228002.846869616,2025-03-19,0.3206760340129325,-5.18176140586577,-12.56547836382944
107,460218.9349174545,9228002.846869616,2025-03-31,0.29564730603555867,-5.397882253457325,-13.53567929952883
107,460218.9349174545,9228002.846869616,2025-04-12,0.3186710059927409,-4.008435833938406,-11.545960572760215
107,460218.9349174545,9228002.846869616,2025-04-24,0.3135371232790447,-4.252454766476092,-11.766693384220787
107,460218.9349174545,9228002.846869616,2025-05-06,0.31208996619801294,-5.01525029080783,-12.669110419406927
107,460218.9349174545,9228002.846869616,2025-05-18,0.3187243227579726,-3.9576408564921923,-11.610484136417604
107,460218.9349174545,9228002.846869616,2025-05-30,0.32157152882666584,-4.010714744257621,-11.702622687249988
107,460218.9349174545,9228002.846869616,2025-06-11,0.313446558966699,-3.8906503861803565,-12.61165274323896
107,460218.9349174545,9228002.846869616,2025-06-23,0.3077465023744106,-3.6197997039679195,-11.747760455703137
107,460218.9349174545,9228002.846869616,2025-07-05,0.3103743289429453,-4.686403916841559,-12.448205489763753
107,460218.9349174545,9228002.846869616,2025-07-17,0.315323763051256,-3.890199931857665,-11.95296280326795
107,460218.9349174545,9228002.846869616,2025-07-29,0.3041000051249501,-4.116025173935206,-12.876931821596106
107,460218.9349174545,9228002.846869616,2025-08-10,0.3006602390199566,-4.232161401780721,-12.525552855561997
107,460218.9349174545,9228002.846869616,2025-08-22,0.31769061034250484,-4.107503212585783,-12.33211964262647
107,460218.9349174545,9228002.846869616,2025-09-03,0.3079102347587614,-4.62969748529172,-12.22857793400368
107,460218.9349174545,9228002.846869616,2025-09-15,0.30894054195062376,-4.213186999237143,-12.18502607643489
107,460218.9349174545,9228002.846869616,2025-09-27,0.3140497348611404,-4.638670905830314,-12.098525291886641
107,460218.9349174545,9228002.846869616,2025-10-09,0.31012598547189263,-4.3799681056525275,-12.565795924839394
107,460218.9349174545,9228002.846869616,2025-10-21,0.3112468931812355,-4.217345773602465,-11.958653971851895
107,460218.9349174545,9228002.846869616,2025-11-02,0.30758393411953616,-4.8378847242949,-12.644200569669811
108,460491.24840664124,9216642.846213177,2024-11-07,0.23529305488771038,-8.256568027695149,-15.339543445033751
108,460491.24840664124,9216642.846213177,2024-11-19,0.23199098704983612,-8.963367244048055,-16.021814872329625
108,460491.24840664124,9216642.846213177,2024-12-01,0.2719325761525941,-13.461795210249711,-19.488433149589792
108,460491.24840664124,9216642.846213177,2024-12-13,0.14163859064139217,-8.263916804491892,-17.098505770325165
108,460491.24840664124,9216642.846213177,2024-12-25,0.2988639460708228,-8.567318865298736,-15.049772669586115
108,460491.24840664124,9216642.846213177,2025-01-06,0.48827581641234336,-9.484126245729056,-14.404679832935084
108,460491.24840664124,9216642.846213177,2025-01-18,0.44707571530302703,-10.808220914066892,-14.58897506955162
108,460491.24840664124,9216642.846213177,2025-01-30,0.356602311543876,-9.999895479112855,-15.162670305015999
108,460491.24840664124,9216642.846213177,2025-02-11,0.5467597842235365,-10.818522472309644,-14.241259389581112
108,460491.24840664124,9216642.846213177,2025-02-23,0.38318010130980606,-9.69185955061946,-14.5041876991908
108,460491.24840664124,9216642.846213177,2025-03-07,0.3643976167802963,-9.863309998154765,-14.438682896191512
108,460491.24840664124,9216642.846213177,2025-03-19,0.2768854799453719,-6.413827925718538,-13.904319687446172
108,460491.24840664124,9216642.846213177,2025-03-31,0.1361045923255874,-7.258703099031433,-15.828923682485145
108,460491.24840664124,9216642.846213177,2025-04-12,0.14488837817091008,-6.6493754024554885,-13.859294482625735
108,460491.24840664124,9216642.846213177,2025-04-24,0.16905518831893043,-6.946291834439725,-14.245433071903726
108,460491.24840664124,9216642.846213177,2025-05-06,0.032523333186819825,-9.976559654566765,-17.789627737976236
108,460491.24840664124,9216642.846213177,2025-05-18,0.15782515227701915,-10.913953504595574,-17.53837708089241
108,460491.24840664124,9216642.846213177,2025-05-30,0.2780810167984281,-10.200192164886388,-16.47059116469844
108,460491.24840664124,9216642.846213177,2025-06-11,0.08906058973152589,-9.473014336518068,-17.887394839915007
108,460491.24840664124,9216642.846213177,2025-06-23,0.2774254674933368,-8.667498229081284,-16.254295957825544
108,460491.24840664124,9216642.846213177,2025-07-05,0.19292442275868027,-7.561279214304656,-15.323704749500925
108,460491.24840664124,9216642.846213177,2025-07-17,0.4931142142788525,-8.738694588317,-13.639483998579395
108,460491.24840664124,9216642.846213177,2025-07-29,0.5341491342112611,-10.82516569627104,-15.005248111099059
108,460491.24840664124,9216642.846213177,2025-08-10,0.5270226428665272,-8.790344312278439,-12.685622121759076
108,460491.24840664124,9216642.846213177,2025-08-22,0.45901655746600534,-10.878460004234565,-14.457203250209146
108,460491.24840664124,9216642.846213177,2025-09-03,0.2854526753789914,-8.481762930737684,-13.763730762542352
108,460491.24840664124,9216642.846213177,2025-09-15,0.18539335046194905,-6.694325805481746,-12.492990998800133
108,460491.24840664124,9216642.846213177,2025-09-27,0.1972796208255938,-7.906717495226848,-14.958391880767609
108,460491.24840664124,9216642.846213177,2025-10-09,0.30207936284262016,-6.779483164542201,-13.493978252934062
108,460491.24840664124,9216642.846213177,2025-10-21,0.3105766951331716,-7.484379370002369,-14.03241438625148
108,460491.24840664124,9216642.846213177,2025-11-02,0.2326767125212641,-7.288635661206875,-14.507749239858429
109,472617.53773854475,9236561.486777415,2024-11-07,0.30275636960480923,-7.929183863431192,-14.866418373615023
109,472617.53773854475,9236561.486777415,2024-11-19,0.13906389539829112,-11.261675215042992,-17.545588964376794
109,472617.53773854475,9236561.486777415,2024-12-01,0.05190223801690902,-13.205880172064845,-18.681114017126248
109,472617.53773854475,9236561.486777415,2024-12-13,0.25237618098346143,-9.009083335643544,-15.597979994856912
109,472617.53773854475,9236561.486777415,2024-12-25,0.2698924842549452,-8.575108901654009,-15.179665563578002
109,472617.53773854475,9236561.486777415,2025-01-06,0.35596210501421255,-6.788125121931582,-14.094845424548097
109,472617.53773854475,9236561.486777415,2025-01-18,0.3396232697177485,-7.004266481383891,-14.562003439678103
109,472617.53773854475,9236561.486777415,2025-01-30,0.23483047604534396,-9.442346886988844,-15.75472849041333
109,472617.53773854475,9236561.486777415,2025-02-11,0.3532150550774385,-7.279530667422269,-13.393104661769819
109,472617.53773854475,9236561.486777415,2025-02-23,0.33546932223275866,-7.509547533093702,-13.90860893946919
109,472617.53773854475,9236561.486777415,2025-03-07,0.12968698884313618,-10.600345369504534,-16.589440721681388
109,472617.53773854475,9236561.486777415,2025-03-19,0.19781493125998317,-9.506854601031463,-16.44833868510967
109,472617.53773854475,9236561.486777415,2025-03-31,0.16209782285890742,-10.521643927309976,-17.633437095439138
109,472617.53773854475,9236561.486777415,2025-04-12,0.1501112685748951,-10.891595582720507,-17.112866740276203
109,472617.53773854475,9236561.486777415,2025-04-24,0.289120344255615,-8.631399463008565,-15.558983298411533
109,472617.53773854475,9236561.486777415,2025-05-06,0.3570705462314953,-7.186460798570811,-14.568203925503456
109,472617.53773854475,9236561.486777415,2025-05-18,0.3946087147710603,-7.176129064871195,-14.014875428817488
109,472617.53773854475,9236561.486777415,2025-05-30,0.2674387679465901,-8.821502066339198,-15.147290268930467
109,472617.53773854475,9236561.486777415,2025-06-11,0.24937369619190233,-9.384440454357106,-15.108320428433885
109,472617.53773854475,9236561.486777415,2025-06-23,0.3143281279963658,-7.59896516993835,-13.742528782539107
109,472617.53773854475,9236561.486777415,2025-07-05,0.29049111166828345,-7.077137053905257,-14.685520454714045
109,472617.53773854475,9236561.486777415,2025-07-17,0.23419003659833468,-9.17235661463859,-15.797671732658754
109,472617.53773854475,9236561.486777415,2025-07-29,0.34782136044541423,-7.4315147040734635,-14.18633798056992
109,472617.53773854475,9236561.486777415,2025-08-10,0.43479989565255006,-6.144879965843071,-12.759327240918495
109,472617.53773854475,9236561.486777415,2025-08-22,0.3955769332384328,-6.398715442335732,-12.746641598109546
109,472617.53773854475,9236561.486777415,2025-09-03,0.26697682479563145,-8.460701661586308,-14.924583701956305
109,472617.53773854475,9236561.486777415,2025-09-15,0.27606466642223687,-7.927709832675779,-15.300241091071621
109,472617.53773854475,9236561.486777415,2025-09-27,0.22491547346468238,-9.38533231412373,-16.360877192960146
109,472617.53773854475,9236561.486777415,2025-10-09,0.04428880712409078,-13.394837271295087,-19.452433617436597
109,472617.53773854475,9236561.486777415,2025-10-21,0.0180847422289456,-14.20156629965728,-19.715468569232694
109,472617.53773854475,9236561.486777415,2025-11-02,0.21023058771277067,-9.690410341877238,-16.590733222856905
110,464348.86124561273,9215998.724853972,2024-11-07,0.2227576506887035,-9.471815878402372,-16.91202327979834
110,464348.86124561273,9215998.724853972,2024-11-19,0.13701755021094203,-7.846708820972597,-16.806680837550857
110,464348.86124561273,9215998.724853972,2024-12-01,0.3235685729687456,-11.727801559334113,-18.5168056025756
110,464348.86124561273,9215998.724853972,2024-12-13,0.1309303344688043,-8.286574921155358,-17.355694762440976
110,464348.86124561273,9215998.724853972,2024-12-25,0.23683253943189045,-10.777902497622398,-18.64058156956305
110,464348.86124561273,9215998.724853972,2025-01-06,0.2883988963588438,-9.633812055584755,-17.64004063577689
110,464348.86124561273,9215998.724853972,2025-01-18,0.2589065398182451,-8.135852778587342,-14.634763056859649
110,464348.86124561273,9215998.724853972,2025-01-30,0.3164831422247431,-9.981064558423208,-16.021392508982863
110,464348.86124561273,9215998.724853972,2025-02-11,0.27637639200704966,-8.763112484727223,-15.220705462821067
110,464348.86124561273,9215998.724853972,2025-02-23,0.3143027611912512,-8.831617371247145,-14.317360764511466
110,464348.86124561273,9215998.724853972,2025-03-07,0.40498482328460267,-10.083885127233247,-14.172202976619563
110,464348.86124561273,9215998.724853972,2025-03-19,0.2918278276208238,-7.149665334369614,-13.825454172639327
110,464348.86124561273,9215998.724853972,2025-03-31,0.36153234302604387,-9.160093218255385,-13.641787242463332
110,464348.86124561273,9215998.724853972,2025-04-12,0.2146060869676244,-7.222735762537511,-14.05251701050882
110,464348.86124561273,9215998.724853972,2025-04-24,0.18677064944031033,-7.143647258812772,-14.200970830997532
110,464348.86124561273,9215998.724853972,2025-05-06,0.22019666590609388,-8.348891159070329,-14.565877388194723
110,464348.86124561273,9215998.724853972,2025-05-18,0.31360529869640863,-11.574528958152555,-18.53084956508345
110,464348.86124561273,9215998.724853972,2025-05-30,0.20481395384065565,-8.001480089921461,-15.778462317777278
110,464348.86124561273,9215998.724853972,2025-06-11,0.21312715522685294,-9.139362157186113,-15.980924230178653
110,464348.86124561273,9215998.724853972,2025-06-23,0.16810598376638394,-8.646745828568392,-17.493298887135587
110,464348.86124561273,9215998.724853972,2025-07-05,0.05674079229553189,-6.165718446660852,-16.663596476268896
110,464348.86124561273,9215998.724853972,2025-07-17,0.33123815929189254,-8.715701188645356,-14.791251191668689
110,464348.86124561273,9215998.724853972,2025-07-29,0.36867823205157807,-9.054399148162842,-14.993002045439324
110,464348.86124561273,9215998.724853972,2025-08-10,0.35773564695815396,-9.030270285955728,-15.326694040753772
110,464348.86124561273,9215998.724853972,2025-08-22,0.421021294507103,-9.263317182084887,-13.468647411234887
110,464348.86124561273,9215998.724853972,2025-09-03,0.38817316039154426,-10.03588498866297,-14.383287711597465
110,464348.86124561273,9215998.724853972,2025-09-15,0.3182401939202068,-8.635138500812614,-13.241907129884467
110,464348.86124561273,9215998.724853972,2025-09-27,0.23210773512155583,-7.121672301148876,-13.751732808687743
110,464348.86124561273,9215998.724853972,2025-10-09,0.209191585297954,-6.394963812357323,-12.77141604534729
110,464348.86124561273,9215998.724853972,2025-10-21,0.2737560566897263,-8.680482606528171,-13.858635698457318
110,464348.86124561273,9215998.724853972,2025-11-02,0.38209707708761403,-8.611108493014113,-12.288995478720636
111,452691.35857093084,9230744.329846319,2024-11-07,0.15359644343099288,-9.974195265911353,-16.966919410000507
111,452691.35857093084,9230744.329846319,2024-11-19,0.057908991877602095,-12.113197646638058,-18.28166640605555
111,452691.35857093084,9230744.329846319,2024-12-01,0.1695742201540514,-10.118500050394589,-17.553563865022486
111,452691.35857093084,9230744.329846319,2024-12-13,0.13125795421039022,-10.264034048780589,-16.895763181477346
111,452691.35857093084,9230744.329846319,2024-12-25,0.3216388076969937,-7.612629096923012,-16.180605310081035
111,452691.35857093084,9230744.329846319,2025-01-06,0.45086237139300295,-3.352813066274341,-13.06771952260346
111,452691.35857093084,9230744.329846319,2025-01-18,0.3418920410825438,-4.960639151252593,-13.650156748237007
111,452691.35857093084,9230744.329846319,2025-01-30,0.4215528192553003,-3.2987093197949564,-12.946509229777357
111,452691.35857093084,9230744.329846319,2025-02-11,0.33865697396428607,-5.259857571006817,-14.031810630392386
111,452691.35857093084,9230744.329846319,2025-02-23,0.2607548885833923,-7.021462531721817,-14.927702448028269
111,452691.35857093084,9230744.329846319,2025-03-07,0.017602693687387955,-12.847041504460197,-18.733493312260393
111,452691.35857093084,9230744.329846319,2025-03-19,-0.15820595004950389,-16.979276194908596,-20.617276883319064
111,452691.35857093084,9230744.329846319,2025-03-31,-0.0011668507604601641,-14.384686318179853,-20.134533608695477
111,452691.35857093084,9230744.329846319,2025-04-12,0.05991826185336163,-12.23061565127872,-18.513265570853157
111,452691.35857093084,9230744.329846319,2025-04-24,0.034251595341874636,-14.36098550993026,-20.398437465585786
111,452691.35857093084,9230744.329846319,2025-05-06,0.18522630483926572,-10.118552641479187,-17.784004309863573
111,452691.35857093084,9230744.329846319,2025-05-18,0.2530894918857428,-8.271912209686004,-15.970772035035777
111,452691.35857093084,9230744.329846319,2025-05-30,0.17917053067446095,-8.453243574560249,-15.236519864804857
111,452691.35857093084,9230744.329846319,2025-06-11,0.29766947303043734,-7.417279168502053,-14.828607542810426
111,452691.35857093084,9230744.329846319,2025-06-23,0.33867537248038737,-6.42913456912271,-14.718880777588334
111,452691.35857093084,9230744.329846319,2025-07-05,0.10015847236082479,-9.760966515281693,-15.415358902776454
111,452691.35857093084,9230744.329846319,2025-07-17,0.22697535269443164,-6.406143698999924,-13.321667767594125
111,452691.35857093084,9230744.329846319,2025-07-29,0.21939013297972704,-7.190391339124703,-14.58042337870054
111,452691.35857093084,9230744.329846319,2025-08-10,0.13333412071815234,-9.261263278115576,-15.345512553855343
111,452691.35857093084,9230744.329846319,2025-08-22,0.22131599098214705,-7.118365107412304,-14.717834434005818
111,452691.35857093084,9230744.329846319,2025-09-03,0.23543535230347196,-6.003025905809196,-13.774382832702114
111,452691.35857093084,9230744.329846319,2025-09-15,0.23201177194497272,-6.640705030905417,-14.519872051372337
111,452691.35857093084,9230744.329846319,2025-09-27,0.23100022647031526,-6.558816095697484,-14.21450139476247
111,452691.35857093084,9230744.329846319,2025-10-09,0.20730960697983186,-7.802386872797581,-15.596384773563202
111,452691.35857093084,9230744.329846319,2025-10-21,0.0734853479953397,-12.309061776160538,-18.628105708493766
111,452691.35857093084,9230744.329846319,2025-11-02,0.03521015346628001,-12.577162078877128,-18.215468322539845
112,475694.7439603312,9235386.158332858,2024-11-07,0.30688524281922835,-6.002756406757137,-12.331068860479139
112,475694.7439603312,9235386.158332858,2024-11-19,0.22051010548200378,-7.919492785817711,-14.29730729365893
112,475694.7439603312,9235386.158332858,2024-12-01,0.24409343329775868,-6.416307244251273,-14.219308037051414
112,475694.7439603312,9235386.158332858,2024-12-13,0.2927417320784747,-5.5901007411378405,-13.116268167608151
112,475694.7439603312,9235386.158332858,2024-12-25,0.2420254115600533,-8.956565221959327,-14.919604204887497
112,475694.7439603312,9235386.158332858,2025-01-06,0.30823357547475244,-7.853285099022445,-14.40262734106116
112,475694.7439603312,9235386.158332858,2025-01-18,0.24589890322256558,-7.53437741149512,-14.450389104275304
112,475694.7439603312,9235386.158332858,2025-01-30,0.2480690592455304,-8.334236098430534,-14.59074507009235
112,475694.7439603312,9235386.158332858,2025-02-11,0.28442568755117165,-7.70374884882534,-13.398691432214623
112,475694.7439603312,9235386.158332858,2025-02-23,0.27804703853927754,-6.45748727663131,-13.265150706372568
112,475694.7439603312,9235386.158332858,2025-03-07,0.18622589196180642,-9.344026263286045,-15.575996401697159
112,475694.7439603312,9235386.158332858,2025-03-19,0.2902818521164259,-7.556566683706445,-13.195157732408655
112,475694.7439603312,9235386.158332858,2025-03-31,0.26112038434672646,-8.34531328560857,-14.222779284997138
112,475694.7439603312,9235386.158332858,2025-04-12,0.22017143982433537,-8.095397587905813,-15.354203027843074
112,475694.7439603312,9235386.158332858,2025-04-24,0.3163408460334583,-7.390964801775312,-13.324462062970294
112,475694.7439603312,9235386.158332858,2025-05-06,0.3104518654954262,-6.955696878107846,-13.837862673565914
112,475694.7439603312,9235386.158332858,2025-05-18,0.33479249816724416,-7.510236890228261,-13.275550484172372
112,475694.7439603312,9235386.158332858,2025-05-30,0.2770448504026423,-7.958593219593311,-13.672728509096869
112,475694.7439603312,9235386.158332858,2025-06-11,0.2726028977338147,-7.242497397026977,-13.618064379758527
112,475694.7439603312,9235386.158332858,2025-06-23,0.2743669416002767,-4.529248527801668,-11.987744225394245
112,475694.7439603312,9235386.158332858,2025-07-05,0.2787755745940391,-7.140604346707583,-13.416977031149932
112,475694.7439603312,9235386.158332858,2025-07-17,0.28966526324151254,-6.024323945574567,-11.903329580445321
112,475694.7439603312,9235386.158332858,2025-07-29,0.23417254122359063,-6.700900651797444,-14.140849117376796
112,475694.7439603312,9235386.158332858,2025-08-10,0.20905389791684986,-9.699137149283976,-16.009873959769628
112,475694.7439603312,9235386.158332858,2025-08-22,0.2840815327697805,-6.353540715982916,-12.64612306953866
112,475694.7439603312,9235386.158332858,2025-09-03,0.2820780570577437,-7.445542334212216,-13.400172538304686
112,475694.7439603312,9235386.158332858,2025-09-15,0.1730156116205443,-10.423710506891485,-17.034670306512947
112,475694.7439603312,9235386.158332858,2025-09-27,0.15805703433604887,-11.148623122734538,-17.858595100744243
112,475694.7439603312,9235386.158332858,2025-10-09,0.20622271798160158,-8.363770329706652,-14.94958388105038
112,475694.7439603312,9235386.158332858,2025-10-21,0.2026474342325611,-9.587343946486662,-16.19756218070922
112,475694.7439603312,9235386.158332858,2025-11-02,0.25853599900486945,-7.514744119118368,-14.086434756125326
113,461319.6904962273,9228002.76259859,2024-11-07,0.24510654556505682,-9.102125416065997,-15.493318077545332
113,461319.6904962273,9228002.76259859,2024-11-19,0.1383536129460298,-11.168197188060581,-18.52732052563075
113,461319.6904962273,9228002.76259859,2024-12-01,0.151691562905688,-9.055024060067328,-17.191337592968676
113,461319.6904962273,9228002.76259859,2024-12-13,0.39845866621650494,-10.46909887079279,-16.049132843880848
113,461319.6904962273,9228002.76259859,2024-12-25,0.4174393766025227,-9.515710306560598,-15.254225077013928
113,461319.6904962273,9228002.76259859,2025-01-06,0.4836574630431838,-9.442847140127254,-14.00064532689801
113,461319.6904962273,9228002.76259859,2025-01-18,0.3823494644972284,-7.806966455716897,-13.83871847375685
113,461319.6904962273,9228002.76259859,2025-01-30,0.2793711997715791,-9.434404845543565,-15.934399584753109
113,461319.6904962273,9228002.76259859,2025-02-11,0.4560794132900986,-6.875248206011385,-12.468918056994777
113,461319.6904962273,9228002.76259859,2025-02-23,0.296627122608456,-8.842754607128974,-15.404753613294687
113,461319.6904962273,9228002.76259859,2025-03-07,0.12521040524675472,-12.192144742837584,-19.251547927934734
113,461319.6904962273,9228002.76259859,2025-03-19,0.12204992141050533,-12.242776258163214,-18.708811212087014
113,461319.6904962273,9228002.76259859,2025-03-31,0.07600729365364955,-10.806404730273416,-19.042297755708617
113,461319.6904962273,9228002.76259859,2025-04-12,0.15003971403398614,-9.60020756621697,-17.535321673870467
113,461319.6904962273,9228002.76259859,2025-04-24,0.2910121924418431,-8.38506594489962,-15.827257458193337
113,461319.6904962273,9228002.76259859,2025-05-06,0.4223943713627596,-8.168621389106713,-14.121301656509308
113,461319.6904962273,9228002.76259859,2025-05-18,0.43886491653476833,-7.839392923495576,-13.465825106747083
113,461319.6904962273,9228002.76259859,2025-05-30,0.40110168291941245,-8.584088499158613,-14.057799194563827
113,461319.6904962273,9228002.76259859,2025-06-11,0.4862139601474442,-8.260744384898615,-12.709205492676485
113,461319.6904962273,9228002.76259859,2025-06-23,0.2890617889136852,-8.147774684959739,-14.346592723665978
113,461319.6904962273,9228002.76259859,2025-07-05,0.30919904490092043,-7.517912908769408,-13.857997631379828
113,461319.6904962273,9228002.76259859,2025-07-17,0.3151142375684011,-7.547977279177507,-14.184919502814312
113,461319.6904962273,9228002.76259859,2025-07-29,0.42792047559172686,-7.563119857453281,-13.327677971590216
113,461319.6904962273,9228002.76259859,2025-08-10,0.494137699853479,-7.941958318514493,-13.126443989639267
113,461319.6904962273,9228002.76259859,2025-08-22,0.41658828768567213,-6.467442530924734,-12.066888969700697
113,461319.6904962273,9228002.76259859,2025-09-03,0.2715873468491319,-8.796232277586284,-15.325840601474262
113,461319.6904962273,9228002.76259859,2025-09-15,0.35745172967586125,-7.315373462104516,-13.252113636862164
113,461319.6904962273,9228002.76259859,2025-09-27,0.23584437962796756,-8.767127731141246,-16.061872495651286
113,461319.6904962273,9228002.76259859,2025-10-09,0.08776270646810919,-10.946528276091943,-18.0735077548484
113,461319.6904962273,9228002.76259859,2025-10-21,0.06179776276415766,-12.812476148291402,-20.042017079322633
113,461319.6904962273,9228002.76259859,2025-11-02,0.2537226641401583,-10.580936304835724,-16.87112432281446
114,460283.3678216073,9234960.046273666,2024-11-07,0.3612473376094457,-7.728587001852462,-14.128741244311104
114,460283.3678216073,9234960.046273666,2024-11-19,0.3019866609394954,-10.098607971190606,-16.077386102871664
114,460283.3678216073,9234960.046273666,2024-12-01,0.3167753624218348,-9.952055230462262,-16.183399614452203
114,460283.3678216073,9234960.046273666,2024-12-13,0.35022115049531183,-8.325377443288795,-14.928257724921677
114,460283.3678216073,9234960.046273666,2024-12-25,0.37575204794597566,-8.929868591983162,-14.852846414951683
114,460283.3678216073,9234960.046273666,2025-01-06,0.40427611537087127,-8.252083840419036,-14.26076730625032
114,460283.3678216073,9234960.046273666,2025-01-18,0.35802787135978215,-7.35778825684849,-14.522208125490016
114,460283.3678216073,9234960.046273666,2025-01-30,0.34483892250440745,-9.951432679664599,-15.392658286892908
114,460283.3678216073,9234960.046273666,2025-02-11,0.37364944561989,-7.726861811253832,-14.153099590350285
114,460283.3678216073,9234960.046273666,2025-02-23,0.40204738083932756,-7.550029293078109,-13.319044256459993
114,460283.3678216073,9234960.046273666,2025-03-07,0.3287391854815897,-6.64721886389682,-12.958472456710368
114,460283.3678216073,9234960.046273666,2025-03-19,0.26191038983416687,-11.730996780196099,-17.059710506236236
114,460283.3678216073,9234960.046273666,2025-03-31,0.21245245611265015,-8.753026393882589,-18.891808581080163
114,460283.3678216073,9234960.046273666,2025-04-12,0.3268422404636272,-8.64344480635418,-15.319100221728629
114,460283.3678216073,9234960.046273666,2025-04-24,0.38264871148034063,-8.324804943620006,-15.31766349762619
114,460283.3678216073,9234960.046273666,2025-05-06,0.402989681793002,-8.402780660240635,-14.209728169661835
114,460283.3678216073,9234960.046273666,2025-05-18,0.394961768384745,-7.78881204376615,-14.413641136471076
114,460283.3678216073,9234960.046273666,2025-05-30,0.40141725187731125,-8.656609605168073,-13.549645896102566
114,460283.3678216073,9234960.046273666,2025-06-11,0.3959168128331644,-7.278914595097076,-12.840510238709047
114,460283.3678216073,9234960.046273666,2025-06-23,0.3043124058897087,-7.546949137423878,-13.988152987704892
114,460283.3678216073,9234960.046273666,2025-07-05,0.23327879896976006,-10.88678076363538,-17.192009254140835
114,460283.3678216073,9234960.046273666,2025-07-17,0.3576874192066341,-9.223498818525464,-16.158154647226887
114,460283.3678216073,9234960.046273666,2025-07-29,0.23081277131951655,-13.00982173414085,-19.263060103633457
114,460283.3678216073,9234960.046273666,2025-08-10,0.2674147293710788,-8.603384194128987,-16.12000046484592
114,460283.3678216073,9234960.046273666,2025-08-22,0.34859192589978377,-9.17714410174682,-15.278034546267282
114,460283.3678216073,9234960.046273666,2025-09-03,0.38936459377313304,-9.004829054640535,-14.39747094921296
114,460283.3678216073,9234960.046273666,2025-09-15,0.4029334551804464,-8.598961951155559,-14.320893988735529
114,460283.3678216073,9234960.046273666,2025-09-27,0.40619351965926415,-9.292002374120653,-14.260957836285627
114,460283.3678216073,9234960.046273666,2025-10-09,0.4016266602030497,-9.743161332688032,-14.642627214797898
114,460283.3678216073,9234960.046273666,2025-10-21,0.4594794960595693,-6.950918211090095,-12.652011999105497
114,460283.3678216073,9234960.046273666,2025-11-02,0.3846543658369973,-8.541873640496657,-13.999829573618452
115,460234.41373228177,9238910.05080331,2024-11-07,0.19057078156262403,-3.7502266983677863,-10.5415544453171
115,460234.41373228177,9238910.05080331,2024-11-19,0.1791504855136731,-4.796736243430244,-11.490782032558291
115,460234.41373228177,9238910.05080331,2024-12-01,0.22425542935433146,-4.835947119199049,-9.54139748708887
115,460234.41373228177,9238910.05080331,2024-12-13,0.2083482417651872,-5.4714656211269,-11.029069467988164
115,460234.41373228177,9238910.05080331,2024-12-25,0.2094453956425509,-4.788943690188426,-10.458665387246
115,460234.41373228177,9238910.05080331,2025-01-06,0.22768216175329845,-4.703549724341674,-9.224381606268933
115,460234.41373228177,9238910.05080331,2025-01-18,0.1954549988489264,-4.01624981660849,-10.722465351838288
115,460234.41373228177,9238910.05080331,2025-01-30,0.20675137821609202,-4.498354034776166,-10.382487086291386
115,460234.41373228177,9238910.05080331,2025-02-11,0.2354548939419364,-2.656146584562102,-7.164250851268339
115,460234.41373228177,9238910.05080331,2025-02-23,0.22137190361849027,-3.8933865255050972,-8.99913949444192
115,460234.41373228177,9238910.05080331,2025-03-07,0.21220719870795063,-3.85560823064174,-9.51604353736154
115,460234.41373228177,9238910.05080331,2025-03-19,0.21751268863528803,-5.309913572142971,-10.491851054413857
115,460234.41373228177,9238910.05080331,2025-03-31,0.18948167837182603,-5.705347164364218,-12.394460318814218
115,460234.41373228177,9238910.05080331,2025-04-12,0.21855073589820412,-5.260337417194132,-10.363541833382124
115,460234.41373228177,9238910.05080331,2025-04-24,0.19739476496319713,-4.582456629170226,-11.226787199461869
115,460234.41373228177,9238910.05080331,2025-05-06,0.22905598273978764,-1.6789611993729179,-6.738726382641008
115,460234.41373228177,9238910.05080331,2025-05-18,0.21590494332749322,-5.064418269366346,-10.440595011961433
115,460234.41373228177,9238910.05080331,2025-05-30,0.2014686411269663,-3.67363138221135,-10.081484024426445
115,460234.41373228177,9238910.05080331,2025-06-11,0.21761314632442055,-4.567398765077196,-10.028115843524997
115,460234.41373228177,9238910.05080331,2025-06-23,0.22016415441611673,-4.257401199040821,-9.421530923351138
115,460234.41373228177,9238910.05080331,2025-07-05,0.19894090459070446,-6.63314337515031,-12.433521147399123
115,460234.41373228177,9238910.05080331,2025-07-17,0.20495274095649146,-4.277189088583555,-9.907218028878345
115,460234.41373228177,9238910.05080331,2025-07-29,0.18377780435470364,-4.8619391970731165,-12.156096171078168
115,460234.41373228177,9238910.05080331,2025-08-10,0.2051418161125348,-5.84997512668992,-11.280384301455694
115,460234.41373228177,9238910.05080331,2025-08-22,0.20498455794205792,-5.141461310595266,-11.261187334432472
115,460234.41373228177,9238910.05080331,2025-09-03,0.21180130798604677,-4.48575131440481,-10.389474764632038
115,460234.41373228177,9238910.05080331,2025-09-15,0.21159004210982685,-3.238442896669179,-9.346621816505891
115,460234.41373228177,9238910.05080331,2025-09-27,0.20874600898084866,-5.238156093889673,-11.32416424719504
115,460234.41373228177,9238910.05080331,2025-10-09,0.20823552710557824,-4.208840254298159,-10.07869410039531
115,460234.41373228177,9238910.05080331,2025-10-21,0.2151891256688695,-3.755171123896985,-9.306334572056098
115,460234.41373228177,9238910.05080331,2025-11-02,0.2162745779804414,-4.160977546601892,-9.524934871806337
116,460966.71867332904,9254364.666241873,2024-11-07,0.29294093301618984,-9.097871597624634,-15.14655089725425
116,460966.71867332904,9254364.666241873,2024-11-19,0.2694852131132349,-9.083883990702203,-15.575145834145706
116,460966.71867332904,9254364.666241873,2024-12-01,0.30518116527026695,-9.279629465224286,-15.047928571556
116,460966.71867332904,9254364.666241873,2024-12-13,0.1899668104883486,-9.819467060770968,-16.9870161613333
116,460966.71867332904,9254364.666241873,2024-12-25,0.15812907371443255,-12.598432363437901,-19.703738506700077
116,460966.71867332904,9254364.666241873,2025-01-06,0.18968930816032295,-14.525571434593672,-20.718183547846238
116,460966.71867332904,9254364.666241873,2025-01-18,0.23352280301383377,-10.723085942574878,-17.42248489385384
116,460966.71867332904,9254364.666241873,2025-01-30,0.20053408205923545,-9.637470053433987,-17.26129137374315
116,460966.71867332904,9254364.666241873,2025-02-11,0.2633475515701552,-9.64130730275693,-16.089434703109355
116,460966.71867332904,9254364.666241873,2025-02-23,0.26919503162026176,-9.099873828220359,-15.592032402626547
116,460966.71867332904,9254364.666241873,2025-03-07,0.33048663774860587,-8.515103032114125,-14.026768735279171
116,460966.71867332904,9254364.666241873,2025-03-19,0.3422987417710361,-9.101787021683016,-14.741789898233591
116,460966.71867332904,9254364.666241873,2025-03-31,0.2628915349775645,-8.857504877465697,-15.536197212105227
116,460966.71867332904,9254364.666241873,2025-04-12,0.334753939600899,-7.547962289685399,-13.20230965787743
116,460966.71867332904,9254364.666241873,2025-04-24,0.25606205844807245,-6.622307667305936,-13.741851881797736
116,460966.71867332904,9254364.666241873,2025-05-06,0.2533605607822901,-6.011953351502659,-13.188756577015965
116,460966.71867332904,9254364.666241873,2025-05-18,0.1254299502166834,-9.98197772930579,-18.507579405720605
116,460966.71867332904,9254364.666241873,2025-05-30,0.19169242817585336,-15.782692969794295,-21.831018868235407
116,460966.71867332904,9254364.666241873,2025-06-11,0.1718189259135417,-12.469683158671366,-19.92968030609101
116,460966.71867332904,9254364.666241873,2025-06-23,0.2442291057227698,-11.395057801139206,-18.21965216191323
116,460966.71867332904,9254364.666241873,2025-07-05,0.24416079734304152,-8.213647726173733,-16.130053475167983
116,460966.71867332904,9254364.666241873,2025-07-17,0.31369951749050506,-7.838915836733676,-14.455968270231624
116,460966.71867332904,9254364.666241873,2025-07-29,0.3092809534359198,-8.032669361416716,-14.6214515232301
116,460966.71867332904,9254364.666241873,2025-08-10,0.31266199370820835,-8.179994926203367,-14.367446346471414
116,460966.71867332904,9254364.666241873,2025-08-22,0.2980317730383505,-6.648658139709832,-12.858076982153879
116,460966.71867332904,9254364.666241873,2025-09-03,0.2862157896183504,-4.882907402140283,-11.947985832220677
116,460966.71867332904,9254364.666241873,2025-09-15,0.26178261663497976,-8.013370117793656,-14.815760735250235
116,460966.71867332904,9254364.666241873,2025-09-27,0.28753911209930266,-8.254402177558521,-14.643035164094721
116,460966.71867332904,9254364.666241873,2025-10-09,0.26909187189711775,-9.109014020186534,-15.877892607165629
116,460966.71867332904,9254364.666241873,2025-10-21,0.2989551928345565,-9.123231562080113,-15.125649136645468
116,460966.71867332904,9254364.666241873,2025-11-02,0.2422806800361788,-6.000070995135139,-13.873645468972676
117,472579.22967249295,9240422.54316405,2024-11-07,0.1586409925443114,-7.360164637023967,-14.21813306419111
117,472579.22967249295,9240422.54316405,2024-11-19,0.11853688200002865,-13.587021018455477,-19.3970273424397
117,472579.22967249295,9240422.54316405,2024-12-01,0.1809381370315262,-11.344684272126337,-17.564021153962553
117,472579.22967249295,9240422.54316405,2024-12-13,0.3849878241383995,-8.91772250223157,-15.213170180029563
117,472579.22967249295,9240422.54316405,2024-12-25,0.26690210932453867,-8.182401121329717,-15.056338900379904
117,472579.22967249295,9240422.54316405,2025-01-06,0.29452454018119373,-7.411741264495752,-14.192014135972924
117,472579.22967249295,9240422.54316405,2025-01-18,0.3271051330243444,-6.8515983144556465,-13.089346118850509
117,472579.22967249295,9240422.54316405,2025-01-30,0.3040981595717154,-7.760477418536071,-13.745573971418315
117,472579.22967249295,9240422.54316405,2025-02-11,0.35575727186412526,-5.674905295073166,-12.282786921646531
117,472579.22967249295,9240422.54316405,2025-02-23,0.3230857436368463,-7.031171293528331,-13.199033056388028
117,472579.22967249295,9240422.54316405,2025-03-07,0.2497942276562931,-9.256397574676317,-15.449347571054263
117,472579.22967249295,9240422.54316405,2025-03-19,0.16653172927844637,-8.662772733101999,-14.751081077861913
117,472579.22967249295,9240422.54316405,2025-03-31,0.15937854813276678,-11.176569126358125,-18.42218738593575
117,472579.22967249295,9240422.54316405,2025-04-12,0.10535001892795773,-11.63914134237815,-18.46890836618602
117,472579.22967249295,9240422.54316405,2025-04-24,0.24192112891058629,-10.082047790582441,-17.057271684917442
117,472579.22967249295,9240422.54316405,2025-05-06,0.3154443219903366,-8.871225416066022,-15.490162123649814
117,472579.22967249295,9240422.54316405,2025-05-18,0.37519937340535114,-6.3613997595133505,-13.88676702708403
117,472579.22967249295,9240422.54316405,2025-05-30,0.3464148254680435,-6.036367309519326,-12.55107575790108
117,472579.22967249295,9240422.54316405,2025-06-11,0.37183011920069486,-6.782247217015504,-13.135752039636753
117,472579.22967249295,9240422.54316405,2025-06-23,0.246035752727721,-5.694114038430882,-12.271052656556218
117,472579.22967249295,9240422.54316405,2025-07-05,0.23643742793600034,-5.968682552812595,-12.58209582614018
117,472579.22967249295,9240422.54316405,2025-07-17,0.295119033351162,-6.3995814775414495,-13.214280098340124
117,472579.22967249295,9240422.54316405,2025-07-29,0.3756750704673684,-7.925817921387446,-13.804778976141751
117,472579.22967249295,9240422.54316405,2025-08-10,0.45073461935917253,-6.9891789245061995,-13.50551949434043
117,472579.22967249295,9240422.54316405,2025-08-22,0.39530570633051676,-5.369902203954021,-11.844716684792235
117,472579.22967249295,9240422.54316405,2025-09-03,0.310383584138355,-7.158776240918139,-13.551899850123835
117,472579.22967249295,9240422.54316405,2025-09-15,0.12636961300414248,-11.90629386222626,-18.466120929269334
117,472579.22967249295,9240422.54316405,2025-09-27,0.19419744524344743,-10.2488310993625,-17.322257792379258
117,472579.22967249295,9240422.54316405,2025-10-09,0.05631769955008467,-15.318451508296459,-20.88784462792809
117,472579.22967249295,9240422.54316405,2025-10-21,0.08515968582254207,-13.538905598885847,-19.602679610464765
117,472579.22967249295,9240422.54316405,2025-11-02,0.17369914252587257,-11.018050847580497,-17.916603194385022
118,492577.25648008665,9240303.597580533,2024-11-07,0.27674805851060946,-10.046153821869497,-15.826417680483072
118,492577.25648008665,9240303.597580533,2024-11-19,0.14447705079907203,-8.459554262406623,-15.279714838410957
118,492577.25648008665,9240303.597580533,2024-12-01,0.1668978748328689,-8.845695620123362,-15.501327652789595
118,492577.25648008665,9240303.597580533,2024-12-13,0.10822390110995221,-8.107401101378079,-15.44848040705228
118,492577.25648008665,9240303.597580533,2024-12-25,0.1434387029899288,-8.643437154420331,-15.660138981615765
118,492577.25648008665,9240303.597580533,2025-01-06,0.043626999345687804,-6.5180488667811325,-14.844928722925141
118,492577.25648008665,9240303.597580533,2025-01-18,0.10774907184734134,-7.941208814287974,-15.137816961645195
118,492577.25648008665,9240303.597580533,2025-01-30,-0.09602329389571265,-5.329976128712286,-14.862952380778442
118,492577.25648008665,9240303.597580533,2025-02-11,0.013136854420084429,-7.38551960266233,-15.66371780635259
118,492577.25648008665,9240303.597580533,2025-02-23,-0.15028300374383244,-4.696958979344657,-14.910380477242837
118,492577.25648008665,9240303.597580533,2025-03-07,-0.135696385910951,-5.596718020327538,-15.036363632135844
118,492577.25648008665,9240303.597580533,2025-03-19,-0.08012028195305898,-6.331104938296805,-15.09726862675229
118,492577.25648008665,9240303.597580533,2025-03-31,-0.09366150099826656,-5.453466622046818,-15.108592146599152
118,492577.25648008665,9240303.597580533,2025-04-12,-0.022322394957941638,-6.957965419895466,-15.176316985546201
118,492577.25648008665,9240303.597580533,2025-04-24,0.07160532118340858,-6.890742680893227,-14.499034164998747
118,492577.25648008665,9240303.597580533,2025-05-06,0.03635379305564001,-7.07758478747296,-14.724793949672536
118,492577.25648008665,9240303.597580533,2025-05-18,-0.03669043682780934,-6.108647374777205,-14.525908414259467
118,492577.25648008665,9240303.597580533,2025-05-30,0.11132283577364004,-8.111551183854065,-15.383802056233105
118,492577.25648008665,9240303.597580533,2025-06-11,0.04575598873214587,-7.778525076802382,-15.00860260273759
118,492577.25648008665,9240303.597580533,2025-06-23,0.08479581734160796,-7.922311522692353,-14.98843437595185
118,492577.25648008665,9240303.597580533,2025-07-05,0.06533198060454368,-7.261511062339197,-14.816976895419348
118,492577.25648008665,9240303.597580533,2025-07-17,0.13730042974231887,-7.431834985683038,-14.63732141286029
118,492577.25648008665,9240303.597580533,2025-07-29,0.12529982249131486,-8.347932977804165,-15.088460195043504
118,492577.25648008665,9240303.597580533,2025-08-10,0.19099603385183325,-9.103894249821328,-15.601142262573319
118,492577.25648008665,9240303.597580533,2025-08-22,0.24910833216102132,-9.531989548710154,-15.471444485051917
118,492577.25648008665,9240303.597580533,2025-09-03,0.3072402540035053,-10.799455890500118,-16.07610977858274
118,492577.25648008665,9240303.597580533,2025-09-15,0.39419063976638996,-10.088307552857025,-15.148271725780294
118,492577.25648008665,9240303.597580533,2025-09-27,0.17104727918443013,-8.940492455820724,-15.587523886375973
118,492577.25648008665,9240303.597580533,2025-10-09,0.20685781363428418,-10.427252014450968,-15.834640270985448
118,492577.25648008665,9240303.597580533,2025-10-21,0.18475673285544283,-9.775596001709179,-15.791493091427922
118,492577.25648008665,9240303.597580533,2025-11-02,-0.03297778415813313,-6.0843087940277805,-14.844279968066452
119,458767.8279533926,9232049.452098163,2024-11-07,0.31687007011958995,-6.401408937327752,-12.758706945650406
119,458767.8279533926,9232049.452098163,2024-11-19,0.23010073606896184,-8.459296333026732,-14.754360756289158
119,458767.8279533926,9232049.452098163,2024-12-01,0.31211002827234824,-7.035114932885766,-13.677970954173237
119,458767.8279533926,9232049.452098163,2024-12-13,0.19365947312670817,-10.087943163220375,-16.330176992657037
119,458767.8279533926,9232049.452098163,2024-12-25,0.32850246450770404,-7.393817113304585,-13.556777238692264
119,458767.8279533926,9232049.452098163,2025-01-06,0.33418176072721417,-7.521485829083655,-14.276684464222992
119,458767.8279533926,9232049.452098163,2025-01-18,0.2753058975201776,-7.555986159351174,-14.63699981805104
119,458767.8279533926,9232049.452098163,2025-01-30,0.3460425204817341,-5.885529912321372,-13.00498314654411
119,458767.8279533926,9232049.452098163,2025-02-11,0.37889226230827916,-5.398855382552985,-12.155865164873296
119,458767.8279533926,9232049.452098163,2025-02-23,0.3250322979366234,-6.6248200817076395,-13.413006309076323
119,458767.8279533926,9232049.452098163,2025-03-07,0.2681664692159788,-6.96578485680386,-13.742446558251924
119,458767.8279533926,9232049.452098163,2025-03-19,0.10107135494657332,-12.376827468139654,-17.99455602543457
119,458767.8279533926,9232049.452098163,2025-03-31,0.26268298848818233,-7.620132210068233,-15.002053111166788
119,458767.8279533926,9232049.452098163,2025-04-12,0.1923808488650226,-9.278809886332535,-16.399345390135615
119,458767.8279533926,9232049.452098163,2025-04-24,0.21540034531220809,-8.994852018709032,-15.916061434289965
119,458767.8279533926,9232049.452098163,2025-05-06,0.2630646319594557,-7.9879064137876465,-15.387896873910078
119,458767.8279533926,9232049.452098163,2025-05-18,0.305056781638224,-7.293862292825343,-14.35889293782469
119,458767.8279533926,9232049.452098163,2025-05-30,0.29564801860600154,-7.821672180712372,-13.932252173223196
119,458767.8279533926,9232049.452098163,2025-06-11,0.36832488418130777,-7.43581407182546,-12.885259053332572
119,458767.8279533926,9232049.452098163,2025-06-23,0.34509613562834274,-6.162656167271079,-13.15803979498693
119,458767.8279533926,9232049.452098163,2025-07-05,0.355136169883522,-5.598191672625394,-12.310332556601384
119,458767.8279533926,9232049.452098163,2025-07-17,0.34449707242309424,-6.062011941112703,-11.97046254614115
119,458767.8279533926,9232049.452098163,2025-07-29,0.31333772743424704,-7.192377127005721,-13.548040026735732
119,458767.8279533926,9232049.452098163,2025-08-10,0.3888584032578526,-5.919883193582598,-12.111008904691102
119,458767.8279533926,9232049.452098163,2025-08-22,0.41903379437057664,-5.785457042524564,-11.620588982509672
119,458767.8279533926,9232049.452098163,2025-09-03,0.36270421455488605,-6.9637365143710515,-13.153732946618142
119,458767.8279533926,9232049.452098163,2025-09-15,0.3614590020359238,-6.45100979052325,-12.533782083673117
119,458767.8279533926,9232049.452098163,2025-09-27,0.35331386300216516,-5.992761517664252,-12.024054669741295
119,458767.8279533926,9232049.452098163,2025-10-09,0.3020573928442085,-6.49575711445361,-13.47308011062507
119,458767.8279533926,9232049.452098163,2025-10-21,0.2147203228068339,-9.119217373831873,-15.489871270323018
119,458767.8279533926,9232049.452098163,2025-11-02,0.16826487690402597,-10.452936937361034,-16.990134364666428
120,464642.7029310688,9217198.903811477,2024-11-07,0.30696955629745526,-9.440858427286274,-14.727292721265929
120,464642.7029310688,9217198.903811477,2024-11-19,0.28395436139384594,-7.281853400032728,-13.665177524691638
120,464642.7029310688,9217198.903811477,2024-12-01,0.290612163368204,-7.660086770451347,-14.194153285517796
120,464642.7029310688,9217198.903811477,2024-12-13,0.2800535652702756,-7.005170714659437,-13.482217765900064
120,464642.7029310688,9217198.903811477,2024-12-25,0.2169322043853893,-8.620198767118264,-15.373646239021753
120,464642.7029310688,9217198.903811477,2025-01-06,0.2388368750218735,-7.995109401120492,-14.034714377453154
120,464642.7029310688,9217198.903811477,2025-01-18,0.3024953481859648,-8.288188947825507,-15.246616810623868
120,464642.7029310688,9217198.903811477,2025-01-30,0.2858483594353796,-7.308705647633138,-14.001802959280612
120,464642.7029310688,9217198.903811477,2025-02-11,0.2939489982472862,-8.045106865015814,-14.008699655142413
120,464642.7029310688,9217198.903811477,2025-02-23,0.3023695872767439,-8.727377463835793,-14.207704448664215
120,464642.7029310688,9217198.903811477,2025-03-07,0.36835977037325085,-6.5423410663403185,-14.353296823862394
120,464642.7029310688,9217198.903811477,2025-03-19,0.3652389321555418,-7.666985117732309,-13.523303137467943
120,464642.7029310688,9217198.903811477,2025-03-31,0.2983005196099008,-9.873359149380356,-14.624183910246074
120,464642.7029310688,9217198.903811477,2025-04-12,0.25253310809583585,-8.093647893819899,-13.217495986042447
120,464642.7029310688,9217198.903811477,2025-04-24,0.2303731168690853,-6.979881640451882,-13.886669544290783
120,464642.7029310688,9217198.903811477,2025-05-06,0.2263077200157539,-7.04120786275632,-13.85247757651228
120,464642.7029310688,9217198.903811477,2025-05-18,0.31910345495663534,-9.80054202818333,-15.254838458451301
120,464642.7029310688,9217198.903811477,2025-05-30,0.29646257467238046,-7.771636582003466,-15.16802017621927
120,464642.7029310688,9217198.903811477,2025-06-11,0.215286824558028,-8.351800927919903,-14.680259157606718
120,464642.7029310688,9217198.903811477,2025-06-23,0.2884421085160498,-8.03998594079923,-14.722151224956592
120,464642.7029310688,9217198.903811477,2025-07-05,0.2802073109226509,-7.140810832361709,-14.994185637346915
120,464642.7029310688,9217198.903811477,2025-07-17,0.37399608895567543,-7.837532339907401,-13.898010877761633
120,464642.7029310688,9217198.903811477,2025-07-29,0.4063406958197275,-8.83434005976827,-15.095913007816993
120,464642.7029310688,9217198.903811477,2025-08-10,0.39993188458818796,-8.920438125726344,-14.305252831361726
120,464642.7029310688,9217198.903811477,2025-08-22,0.3642419991659649,-7.974429502821399,-14.61514578490788
120,464642.7029310688,9217198.903811477,2025-09-03,0.31675628972798153,-8.567879126755212,-13.4405225899804
120,464642.7029310688,9217198.903811477,2025-09-15,0.22691681390379437,-7.346751327458798,-13.162253369473797
120,464642.7029310688,9217198.903811477,2025-09-27,0.2910266788634288,-8.112871139786606,-13.23758247567745
120,464642.7029310688,9217198.903811477,2025-10-09,0.2537281737216779,-7.2416054644770345,-13.598624305861462
120,464642.7029310688,9217198.903811477,2025-10-21,0.26268648982541065,-8.098475298167893,-14.570656459132588
120,464642.7029310688,9217198.903811477,2025-11-02,0.27976077018194656,-7.021045673575818,-13.38401267385127
121,497844.57317842095,9239998.407226771,2024-11-07,0.28901071051022037,-6.900509725076197,-13.139243261881486
121,497844.57317842095,9239998.407226771,2024-11-19,0.30211588855064536,-5.511702672478997,-13.051758991066734
121,497844.57317842095,9239998.407226771,2024-12-01,0.3435410992845258,-8.824138023061792,-15.101207203758147
121,497844.57317842095,9239998.407226771,2024-12-13,0.3499567885540704,-9.96404109256501,-16.764219395258003
121,497844.57317842095,9239998.407226771,2024-12-25,0.3491310984464178,-8.349455884336667,-14.877383245894663
121,497844.57317842095,9239998.407226771,2025-01-06,0.36173445992369646,-9.487450913173516,-15.417593364868493
121,497844.57317842095,9239998.407226771,2025-01-18,0.37004051187925313,-10.570130061526628,-15.611700651772127
121,497844.57317842095,9239998.407226771,2025-01-30,0.35886886569150556,-9.885639680031003,-15.507215242062596
121,497844.57317842095,9239998.407226771,2025-02-11,0.3293769693577865,-5.402562923547442,-12.407219874994363
121,497844.57317842095,9239998.407226771,2025-02-23,0.3620604741346944,-9.639326371178663,-14.588617875183512
121,497844.57317842095,9239998.407226771,2025-03-07,0.2993562147322433,-5.3450998343409495,-13.031278802387249
121,497844.57317842095,9239998.407226771,2025-03-19,0.286524489079923,-6.583198485296259,-15.022631189201237
121,497844.57317842095,9239998.407226771,2025-03-31,0.3268654200184432,-8.350541640269723,-16.121783260000388
121,497844.57317842095,9239998.407226771,2025-04-12,0.32076492382317173,-8.277175432401563,-15.925213384300664
121,497844.57317842095,9239998.407226771,2025-04-24,0.34828088427549836,-8.362965939471314,-14.880213861482234
121,497844.57317842095,9239998.407226771,2025-05-06,0.37946746197789266,-10.433380449810276,-15.827958556681823
121,497844.57317842095,9239998.407226771,2025-05-18,0.3995538799460383,-11.043735414470051,-15.781173757040975
121,497844.57317842095,9239998.407226771,2025-05-30,0.35723234383977615,-9.471477473030827,-14.81814997279271
121,497844.57317842095,9239998.407226771,2025-06-11,0.36964396262592203,-10.5528431341761,-15.098724761314042
121,497844.57317842095,9239998.407226771,2025-06-23,0.2783763383148048,-4.571867450031933,-12.72142954504033
121,497844.57317842095,9239998.407226771,2025-07-05,0.29712783748208804,-5.45546479346776,-13.540396989565167
121,497844.57317842095,9239998.407226771,2025-07-17,0.3220458483501315,-6.754677933960319,-13.757597607437559
121,497844.57317842095,9239998.407226771,2025-07-29,0.3470670731364737,-6.578140253413286,-13.943409684525225
121,497844.57317842095,9239998.407226771,2025-08-10,0.3652529141584529,-8.402465644643643,-15.29527147363821
121,497844.57317842095,9239998.407226771,2025-08-22,0.3356968749093209,-6.647325701665668,-13.640946625544792
121,497844.57317842095,9239998.407226771,2025-09-03,0.3241754752955261,-7.650713200673766,-13.947140112451262
121,497844.57317842095,9239998.407226771,2025-09-15,0.3233537828964757,-7.694607426764313,-14.122150660300465
121,497844.57317842095,9239998.407226771,2025-09-27,0.33388097764590474,-7.7733120995229275,-14.025742903827648
121,497844.57317842095,9239998.407226771,2025-10-09,0.27583407282171674,-5.537200487183957,-12.791371987501815
121,497844.57317842095,9239998.407226771,2025-10-21,0.3114440138215242,-10.61654110546082,-16.838348931391035
121,497844.57317842095,9239998.407226771,2025-11-02,0.33759919767355123,-8.251953624103507,-14.598906353058767
122,497285.44130405027,9237450.642998962,2024-11-07,0.3465176272095826,-7.190651644511379,-13.336609610668514
122,497285.44130405027,9237450.642998962,2024-11-19,0.46537584018108985,-5.470612934219505,-12.26557630284513
122,497285.44130405027,9237450.642998962,2024-12-01,0.4240446502800933,-6.568407974388659,-12.78922306148937
122,497285.44130405027,9237450.642998962,2024-12-13,0.44696716562743033,-5.919039328395431,-12.742147723333021
122,497285.44130405027,9237450.642998962,2024-12-25,0.4708757457127878,-5.051052673071974,-11.410731895655196
122,497285.44130405027,9237450.642998962,2025-01-06,0.442282799346305,-5.330279486763617,-12.326256726026424
122,497285.44130405027,9237450.642998962,2025-01-18,0.4436718746114719,-6.117449114896207,-12.118072601310253
122,497285.44130405027,9237450.642998962,2025-01-30,0.46816342507655934,-5.36218012874492,-12.436772828525218
122,497285.44130405027,9237450.642998962,2025-02-11,0.49118080113760715,-5.407492717131831,-12.425296253730254
122,497285.44130405027,9237450.642998962,2025-02-23,0.4719999516484019,-5.195502500899425,-12.777126350713075
122,497285.44130405027,9237450.642998962,2025-03-07,0.4694830080196723,-5.956046335490008,-12.00105457747644
122,497285.44130405027,9237450.642998962,2025-03-19,0.48729823135800726,-6.057306185562066,-12.717438548937546
122,497285.44130405027,9237450.642998962,2025-03-31,0.4104502690708914,-6.8577609811816,-13.392154259070095
122,497285.44130405027,9237450.642998962,2025-04-12,0.478132088935029,-5.877075657030575,-12.315140451260666
122,497285.44130405027,9237450.642998962,2025-04-24,0.4814834106570455,-5.604768625155863,-12.791947154629652
122,497285.44130405027,9237450.642998962,2025-05-06,0.45016287855110665,-6.604076388622392,-13.85067069232393
122,497285.44130405027,9237450.642998962,2025-05-18,0.45036263014924693,-4.932908795650329,-11.80164648577516
122,497285.44130405027,9237450.642998962,2025-05-30,0.4565836809675489,-5.732668384681223,-12.205669654626126
122,497285.44130405027,9237450.642998962,2025-06-11,0.46412950234637074,-5.811523147871512,-12.870166021659784
122,497285.44130405027,9237450.642998962,2025-06-23,0.4478035644625254,-5.742067837115215,-12.805240275931226
122,497285.44130405027,9237450.642998962,2025-07-05,0.47229481786628313,-5.280325500645474,-12.217024489008708
122,497285.44130405027,9237450.642998962,2025-07-17,0.4531651174811668,-5.819374109783867,-12.361308411970455
122,497285.44130405027,9237450.642998962,2025-07-29,0.4472771457282521,-5.898271292008471,-13.131296998928503
122,497285.44130405027,9237450.642998962,2025-08-10,0.471569210785569,-5.751828832382171,-11.946120925353762
122,497285.44130405027,9237450.642998962,2025-08-22,0.41566490834135833,-6.375355676364718,-13.36022656194749
122,497285.44130405027,9237450.642998962,2025-09-03,0.4279218730620774,-6.386629850496358,-12.897490708307892
122,497285.44130405027,9237450.642998962,2025-09-15,0.457722090305305,-5.737505271175184,-11.934573395680502
122,497285.44130405027,9237450.642998962,2025-09-27,0.4548472897240068,-5.740555466856757,-12.457247451526188
122,497285.44130405027,9237450.642998962,2025-10-09,0.38086647865459167,-6.491769953534937,-13.78991910906403
122,497285.44130405027,9237450.642998962,2025-10-21,0.47468515834292985,-5.2280149971172705,-12.119612192833033
122,497285.44130405027,9237450.642998962,2025-11-02,0.4552210254813721,-5.721982672239246,-12.504429397098983
123,463315.4930966474,9243083.767622184,2024-11-07,0.17576759482009685,-11.097688394368692,-17.803528833528407
123,463315.4930966474,9243083.767622184,2024-11-19,0.25696865386614665,-7.564655911853942,-14.440748437356005
123,463315.4930966474,9243083.767622184,2024-12-01,0.27665673467890495,-9.548555624138654,-15.579717859944243
123,463315.4930966474,9243083.767622184,2024-12-13,0.27999710820711887,-8.916898363348873,-15.058460661776408
123,463315.4930966474,9243083.767622184,2024-12-25,0.10960455537243516,-9.674811725179486,-18.430497794710927
123,463315.4930966474,9243083.767622184,2025-01-06,0.19249532734522928,-9.175997469227083,-16.69409135861904
123,463315.4930966474,9243083.767622184,2025-01-18,0.2972900483862323,-9.967436542898588,-15.54821654059316
123,463315.4930966474,9243083.767622184,2025-01-30,0.27110751683054757,-8.677539569758538,-15.028576548703684
123,463315.4930966474,9243083.767622184,2025-02-11,0.3278886055561385,-7.071755521784119,-12.90631421311991
123,463315.4930966474,9243083.767622184,2025-02-23,0.3787216538701978,-8.972094300342453,-13.46949658134058
123,463315.4930966474,9243083.767622184,2025-03-07,0.306578632226243,-7.211994728796895,-11.985242481330697
123,463315.4930966474,9243083.767622184,2025-03-19,0.239677236775877,-5.9847352781361245,-12.57621981523614
123,463315.4930966474,9243083.767622184,2025-03-31,0.12929330940570496,-11.837598771754596,-19.70146158846989
123,463315.4930966474,9243083.767622184,2025-04-12,0.12766866762329002,-8.843391747372557,-16.902806215359657
123,463315.4930966474,9243083.767622184,2025-04-24,0.20754510872778775,-8.978331149337793,-16.208019166577927
123,463315.4930966474,9243083.767622184,2025-05-06,0.2903444680535789,-9.759919298776113,-16.213911081374125
123,463315.4930966474,9243083.767622184,2025-05-18,0.37236097258749523,-8.094138944278699,-13.967253853395706
123,463315.4930966474,9243083.767622184,2025-05-30,0.3234007457294456,-9.382648151316038,-14.685664200551427
123,463315.4930966474,9243083.767622184,2025-06-11,0.4094915158946108,-9.946725459217914,-14.467947304678589
123,463315.4930966474,9243083.767622184,2025-06-23,0.4031294499069978,-9.370670840255723,-13.435268730154862
123,463315.4930966474,9243083.767622184,2025-07-05,0.43938984712762275,-6.26801511908684,-10.472607913331888
123,463315.4930966474,9243083.767622184,2025-07-17,0.2715140514197927,-7.3888607613201716,-13.468675655772595
123,463315.4930966474,9243083.767622184,2025-07-29,0.30009779694146527,-8.29797332668249,-14.42950044284476
123,463315.4930966474,9243083.767622184,2025-08-10,0.43518499972230096,-7.872809577937528,-12.041923892090505
123,463315.4930966474,9243083.767622184,2025-08-22,0.3994244138181807,-7.28326965561882,-12.346515455788918
123,463315.4930966474,9243083.767622184,2025-09-03,0.37882690389899404,-8.97565369109216,-13.843683000122894
123,463315.4930966474,9243083.767622184,2025-09-15,0.38168904035028256,-8.436109505836756,-12.99210421612904
123,463315.4930966474,9243083.767622184,2025-09-27,0.3497686185363508,-8.798833371505701,-13.819584913453435
123,463315.4930966474,9243083.767622184,2025-10-09,0.2875126681424178,-7.753683779080283,-13.938647963738402
123,463315.4930966474,9243083.767622184,2025-10-21,0.17338167299686097,-12.043919630173265,-18.20586359990644
123,463315.4930966474,9243083.767622184,2025-11-02,0.1791106052976191,-12.652738466523623,-19.48061542486822
124,481646.3518981826,9238217.24400751,2024-11-07,0.2901500282773666,-8.380936008291057,-15.61343684809044
124,481646.3518981826,9238217.24400751,2024-11-19,0.11137726525386818,-10.902402576612126,-18.602664586876674
124,481646.3518981826,9238217.24400751,2024-12-01,0.35498430811612647,-13.53840000312837,-18.203408636822832
124,481646.3518981826,9238217.24400751,2024-12-13,0.2268232628458128,-10.186157131135175,-17.453695774515417
124,481646.3518981826,9238217.24400751,2024-12-25,0.3251000818154391,-8.929890230564233,-16.148056166948006
124,481646.3518981826,9238217.24400751,2025-01-06,0.32471002045427155,-9.790726687003936,-16.138639520341222
124,481646.3518981826,9238217.24400751,2025-01-18,0.3278591733356615,-8.549278206177673,-15.31162787142545
124,481646.3518981826,9238217.24400751,2025-01-30,0.3330136227828991,-9.97875937084869,-16.16859093437915
124,481646.3518981826,9238217.24400751,2025-02-11,0.44008290688041757,-5.027772290212289,-12.251582333539467
124,481646.3518981826,9238217.24400751,2025-02-23,0.48763738539574786,-9.850222094969096,-14.408123673184791
124,481646.3518981826,9238217.24400751,2025-03-07,0.49677919273113313,-7.834974416153042,-12.710502005808754
124,481646.3518981826,9238217.24400751,2025-03-19,0.3685888367524045,-7.343435281931853,-13.279949374151043
124,481646.3518981826,9238217.24400751,2025-03-31,0.14174831609932584,-7.451088082837112,-16.91305143050573
124,481646.3518981826,9238217.24400751,2025-04-12,0.21394619889656236,-11.64629137294807,-17.958970936865953
124,481646.3518981826,9238217.24400751,2025-04-24,0.1268431569611549,-14.429435542888534,-20.813130116330868
124,481646.3518981826,9238217.24400751,2025-05-06,0.07577344663002905,-11.041458812485333,-19.639504317423455
124,481646.3518981826,9238217.24400751,2025-05-18,0.15645997227708433,-11.558083451153237,-18.989635711579194
124,481646.3518981826,9238217.24400751,2025-05-30,0.2241958016366142,-9.09776252231329,-16.787132078094704
124,481646.3518981826,9238217.24400751,2025-06-11,0.1964017164843242,-9.564269152759465,-17.3867519003158
124,481646.3518981826,9238217.24400751,2025-06-23,0.47133027103595504,-11.345089091769776,-16.251974897784745
124,481646.3518981826,9238217.24400751,2025-07-05,0.42453451332500225,-13.10496327166642,-18.0347706292046
124,481646.3518981826,9238217.24400751,2025-07-17,0.4825158655916626,-11.464714699933886,-15.99412759940735
124,481646.3518981826,9238217.24400751,2025-07-29,0.5354314775155056,-11.937388535165706,-15.398698871520796
124,481646.3518981826,9238217.24400751,2025-08-10,0.3320606946488695,-5.10346187941909,-13.172374170254333
124,481646.3518981826,9238217.24400751,2025-08-22,0.30763416337134397,-6.238044698064655,-13.651606533274915
124,481646.3518981826,9238217.24400751,2025-09-03,0.28941337230322584,-6.375611724139281,-13.997297793986249
124,481646.3518981826,9238217.24400751,2025-09-15,0.17266412739137882,-8.932360274382622,-16.871232997105633
124,481646.3518981826,9238217.24400751,2025-09-27,0.26839797959191036,-10.793061610868797,-17.390007473816606
124,481646.3518981826,9238217.24400751,2025-10-09,0.12297789317414529,-11.111298306107974,-19.02591927106667
124,481646.3518981826,9238217.24400751,2025-10-21,0.14533633358140874,-15.962384526782468,-21.81832231651768
124,481646.3518981826,9238217.24400751,2025-11-02,0.12182043558853745,-12.199950963085463,-19.87953290374119
125,469197.98823017906,9243702.679552011,2024-11-07,0.23185303478557215,-6.371919315680335,-9.68909776094534
125,469197.98823017906,9243702.679552011,2024-11-19,0.2393194742239279,-6.436740348742533,-11.673888261558348
125,469197.98823017906,9243702.679552011,2024-12-01,0.23841671420534088,-6.802569326965223,-11.364308423210627
125,469197.98823017906,9243702.679552011,2024-12-13,0.24769071172089224,-7.327112739716619,-11.896229976090437
125,469197.98823017906,9243702.679552011,2024-12-25,0.2502987167377987,-5.717371201134215,-12.375715992259408
125,469197.98823017906,9243702.679552011,2025-01-06,0.233334273929431,-5.993757319259305,-10.155686252006063
125,469197.98823017906,9243702.679552011,2025-01-18,0.23474531832885148,-6.332898013053693,-10.469893752902975
125,469197.98823017906,9243702.679552011,2025-01-30,0.2330616262951415,-5.727223342621354,-10.132413709723817
125,469197.98823017906,9243702.679552011,2025-02-11,0.23436381373963971,-5.727210147664674,-10.480680114919272
125,469197.98823017906,9243702.679552011,2025-02-23,0.2385351122002601,-6.27414898527657,-11.494399257890505
125,469197.98823017906,9243702.679552011,2025-03-07,0.23823737850853655,-6.299928535063317,-11.409969965323322
125,469197.98823017906,9243702.679552011,2025-03-19,0.23302863933819531,-6.272104318229303,-10.022099668730009
125,469197.98823017906,9243702.679552011,2025-03-31,0.23958398351805926,-7.705216704647496,-11.508358321050299
125,469197.98823017906,9243702.679552011,2025-04-12,0.230359820257454,-6.005865015025513,-11.899434960462285
125,469197.98823017906,9243702.679552011,2025-04-24,0.2224128876114082,-6.854212691521461,-9.609052847606291
125,469197.98823017906,9243702.679552011,2025-05-06,0.2428710607234483,-6.294945041312133,-11.039558723877908
125,469197.98823017906,9243702.679552011,2025-05-18,0.24856908861231083,-7.37507112104788,-11.782370380482725
125,469197.98823017906,9243702.679552011,2025-05-30,0.2388029984002328,-6.384230649671066,-11.545539814361199
125,469197.98823017906,9243702.679552011,2025-06-11,0.24103337413539794,-6.157236953477229,-10.474377129958018
125,469197.98823017906,9243702.679552011,2025-06-23,0.2352230414177791,-6.275803303978275,-10.536340996982885
125,469197.98823017906,9243702.679552011,2025-07-05,0.23605319429458235,-6.672740525678527,-10.984408478012426
125,469197.98823017906,9243702.679552011,2025-07-17,0.23258722616925462,-6.164167878869675,-10.523314970000193
125,469197.98823017906,9243702.679552011,2025-07-29,0.2314067010600429,-6.931199761475256,-12.141681900076538
125,469197.98823017906,9243702.679552011,2025-08-10,0.23061406434970677,-6.611593022863161,-10.906222136855005
125,469197.98823017906,9243702.679552011,2025-08-22,0.23965607778887388,-6.582284957362594,-11.315739427947268
125,469197.98823017906,9243702.679552011,2025-09-03,0.23272919069093398,-6.833337024654571,-10.91196182184325
125,469197.98823017906,9243702.679552011,2025-09-15,0.2302588048435834,-5.898060818624474,-11.420144308811896
125,469197.98823017906,9243702.679552011,2025-09-27,0.2377322844566029,-6.36394765285854,-11.262960439891698
125,469197.98823017906,9243702.679552011,2025-10-09,0.24471015280463917,-6.499136114977203,-10.552782157370952
125,469197.98823017906,9243702.679552011,2025-10-21,0.2393184325706301,-5.9420277788896305,-11.765756878178504
125,469197.98823017906,9243702.679552011,2025-11-02,0.24251450400523944,-7.320013091159466,-12.363861933301685
126,488317.04798508045,9238809.508511923,2024-11-07,0.23976919435594957,-9.777398141207627,-16.41343453616738
126,488317.04798508045,9238809.508511923,2024-11-19,0.2240318577674378,-12.281950542238313,-19.003631695397726
126,488317.04798508045,9238809.508511923,2024-12-01,0.22842916768747848,-10.835525198118386,-17.842758304569177
126,488317.04798508045,9238809.508511923,2024-12-13,0.17481884377319853,-11.279782037235115,-18.524810773076858
126,488317.04798508045,9238809.508511923,2024-12-25,0.17705495950080977,-13.295388516662904,-20.673162511630224
126,488317.04798508045,9238809.508511923,2025-01-06,0.24546674090507,-10.703148512181912,-17.298182401671227
126,488317.04798508045,9238809.508511923,2025-01-18,0.24969554033371513,-8.38662974404016,-15.513129197808814
126,488317.04798508045,9238809.508511923,2025-01-30,0.25379310338503647,-9.616180141536478,-16.29347755371519
126,488317.04798508045,9238809.508511923,2025-02-11,0.25007936615011367,-8.044188623344912,-15.372095756508456
126,488317.04798508045,9238809.508511923,2025-02-23,0.2545880095168211,-8.6405149909796,-15.567639017097267
126,488317.04798508045,9238809.508511923,2025-03-07,0.30024916471769275,-7.613435213138661,-14.174862614675694
126,488317.04798508045,9238809.508511923,2025-03-19,0.27322427016879647,-6.5675860558088175,-14.121348953452978
126,488317.04798508045,9238809.508511923,2025-03-31,0.2562606055928716,-6.627717631717856,-13.316498417090939
126,488317.04798508045,9238809.508511923,2025-04-12,0.2097534115022723,-6.953241457114315,-15.035043580734047
126,488317.04798508045,9238809.508511923,2025-04-24,0.19802229618452652,-10.597087161396711,-17.869645753885344
126,488317.04798508045,9238809.508511923,2025-05-06,0.17520820098595613,-10.662930783541853,-18.514416183809573
126,488317.04798508045,9238809.508511923,2025-05-18,0.11084576017310832,-12.75690834369298,-21.627765656380564
126,488317.04798508045,9238809.508511923,2025-05-30,0.17887554600878683,-13.005374361478658,-20.716147935019062
126,488317.04798508045,9238809.508511923,2025-06-11,0.1650154895682288,-9.518800827862863,-18.921217482108684
126,488317.04798508045,9238809.508511923,2025-06-23,0.24510033342933027,-9.615881420824484,-17.47988782510997
126,488317.04798508045,9238809.508511923,2025-07-05,0.2816277865671612,-11.31452614884671,-17.76399217035769
126,488317.04798508045,9238809.508511923,2025-07-17,0.3360289443174084,-10.717933568122874,-16.054083856313035
126,488317.04798508045,9238809.508511923,2025-07-29,0.2287797420911431,-9.301093431716762,-18.4780157636457
126,488317.04798508045,9238809.508511923,2025-08-10,0.3450382785117468,-10.681408554273473,-15.510904239803065
126,488317.04798508045,9238809.508511923,2025-08-22,0.27818303797015975,-7.87228764691469,-14.158406821549871
126,488317.04798508045,9238809.508511923,2025-09-03,0.22713894936226942,-5.01550590062479,-13.258303198411786
126,488317.04798508045,9238809.508511923,2025-09-15,0.24721116904586826,-6.234276335679815,-13.405897610430598
126,488317.04798508045,9238809.508511923,2025-09-27,0.238052052432953,-7.183160881002935,-14.950457904129994
126,488317.04798508045,9238809.508511923,2025-10-09,0.1913150586886983,-8.327500333635848,-16.573427233109214
126,488317.04798508045,9238809.508511923,2025-10-21,0.180252968767783,-11.862881104900787,-19.253786520341592
126,488317.04798508045,9238809.508511923,2025-11-02,0.22579450025614128,-13.350074828294005,-19.728878604840066
127,476394.45725981996,9231781.340066852,2024-11-07,0.38082143288363696,-10.561797660161535,-17.262090916189955
127,476394.45725981996,9231781.340066852,2024-11-19,0.2841390242286192,-13.54474655357097,-19.931945837637134
127,476394.45725981996,9231781.340066852,2024-12-01,0.4227326169925424,-9.904392835460136,-17.14479598704629
127,476394.45725981996,9231781.340066852,2024-12-13,0.4114786965869257,-9.477549274225924,-16.06973381145032
127,476394.45725981996,9231781.340066852,2024-12-25,0.3987918499185636,-10.284571095796752,-16.663065220841005
127,476394.45725981996,9231781.340066852,2025-01-06,0.42040959188292093,-8.916157004467022,-15.257585938330793
127,476394.45725981996,9231781.340066852,2025-01-18,0.33527962526632654,-9.80199295244098,-15.923881455242798
127,476394.45725981996,9231781.340066852,2025-01-30,0.2992145655645047,-9.390028589750726,-14.96125486393976
127,476394.45725981996,9231781.340066852,2025-02-11,0.3443424698729008,-5.888211720097248,-11.177180878992047
127,476394.45725981996,9231781.340066852,2025-02-23,0.4008131675579918,-6.243016569439844,-12.32403717405003
127,476394.45725981996,9231781.340066852,2025-03-07,0.1904747587305449,-10.675668538696645,-15.197747954579523
127,476394.45725981996,9231781.340066852,2025-03-19,0.3193506776925338,-9.430886272740207,-15.74342529441117
127,476394.45725981996,9231781.340066852,2025-03-31,0.3958617768303408,-13.261713059911376,-20.977774588426342
127,476394.45725981996,9231781.340066852,2025-04-12,0.33042194506822914,-10.488068274431981,-17.420108538943907
127,476394.45725981996,9231781.340066852,2025-04-24,0.39415398049722816,-10.773219264088702,-17.793316895243755
127,476394.45725981996,9231781.340066852,2025-05-06,0.45244104087187875,-9.073759823070038,-16.259395438550214
127,476394.45725981996,9231781.340066852,2025-05-18,0.5047702158110304,-8.57960465490005,-16.11891381414097
127,476394.45725981996,9231781.340066852,2025-05-30,0.4410020806597841,-6.685678048680741,-13.376358954195142
127,476394.45725981996,9231781.340066852,2025-06-11,0.42314109746894085,-8.348600962582278,-14.771527199496187
127,476394.45725981996,9231781.340066852,2025-06-23,0.3637275550029601,-7.533657209546876,-13.346824662105229
127,476394.45725981996,9231781.340066852,2025-07-05,0.23470458284911755,-7.803021286220144,-12.375199246876516
127,476394.45725981996,9231781.340066852,2025-07-17,0.2768050083467326,-7.7538668583385935,-13.017793194512082
127,476394.45725981996,9231781.340066852,2025-07-29,0.35773643617197287,-7.138554349863398,-13.283480388443348
127,476394.45725981996,9231781.340066852,2025-08-10,0.3399432069841603,-7.859749323082823,-13.843055131346286
127,476394.45725981996,9231781.340066852,2025-08-22,0.3528133250521642,-7.915179149283814,-13.817787078184073
127,476394.45725981996,9231781.340066852,2025-09-03,0.32479474818382453,-9.178073991697438,-14.965860824073362
127,476394.45725981996,9231781.340066852,2025-09-15,0.3676509322202894,-8.215819971859538,-14.591774813150003
127,476394.45725981996,9231781.340066852,2025-09-27,0.4088837451221474,-9.473257069840564,-16.4362160703862
127,476394.45725981996,9231781.340066852,2025-10-09,0.25356774588638054,-12.875147542669602,-19.018310180123077
127,476394.45725981996,9231781.340066852,2025-10-21,0.2860399200066034,-11.28591099857275,-17.600781512366527
127,476394.45725981996,9231781.340066852,2025-11-02,0.2947289248118029,-11.092112100718351,-17.01876387161715
128,469130.7438406742,9243921.992537763,2024-11-07,0.10174865553868828,-7.788800198231251,-12.831231694237959
128,469130.7438406742,9243921.992537763,2024-11-19,0.03132559570032229,-8.461568763043331,-14.728325004945095
128,469130.7438406742,9243921.992537763,2024-12-01,0.04626097218236729,-8.681721047735955,-14.011673588846515
128,469130.7438406742,9243921.992537763,2024-12-13,0.006413086780460944,-7.789985025043512,-13.855762449832387
128,469130.7438406742,9243921.992537763,2024-12-25,0.04647220376807025,-6.351572201686662,-12.704232356956915
128,469130.7438406742,9243921.992537763,2025-01-06,0.10758017441969031,-7.530797345601268,-12.849380833265805
128,469130.7438406742,9243921.992537763,2025-01-18,0.09316026581838448,-7.960430831144627,-12.984985972246788
128,469130.7438406742,9243921.992537763,2025-01-30,0.11600250427194402,-7.7503688045064045,-12.36258492713451
128,469130.7438406742,9243921.992537763,2025-02-11,0.13993356010043906,-6.34118669267768,-12.740612113971386
128,469130.7438406742,9243921.992537763,2025-02-23,0.12151204647219584,-6.347196035145587,-13.384106670857811
128,469130.7438406742,9243921.992537763,2025-03-07,0.17664406314517067,-6.193670973809904,-11.575667708796635
128,469130.7438406742,9243921.992537763,2025-03-19,0.11400508334709987,-7.280909177149533,-12.839604741644274
128,469130.7438406742,9243921.992537763,2025-03-31,0.050671740667153,-7.87052911250883,-14.559068463132409
128,469130.7438406742,9243921.992537763,2025-04-12,-0.025919244549871087,-8.650482582541093,-13.666111169934442
128,469130.7438406742,9243921.992537763,2025-04-24,0.009850323470718902,-8.913624026066914,-14.56905935067413
128,469130.7438406742,9243921.992537763,2025-05-06,0.024279492723990978,-7.67393186924426,-14.387994204284917
128,469130.7438406742,9243921.992537763,2025-05-18,0.11348237682318746,-8.041846437658716,-13.80033088634681
128,469130.7438406742,9243921.992537763,2025-05-30,0.10161894904396876,-6.9635105462117055,-13.550728731288016
128,469130.7438406742,9243921.992537763,2025-06-11,0.22183305399590075,-6.342004799526691,-11.786408588970252
128,469130.7438406742,9243921.992537763,2025-06-23,0.1817630190226589,-7.007442471436669,-12.20512837435365
128,469130.7438406742,9243921.992537763,2025-07-05,0.14966208194116845,-6.764612052067905,-13.919519506798208
128,469130.7438406742,9243921.992537763,2025-07-17,0.07643162919828624,-6.906704374866641,-14.02517206118181
128,469130.7438406742,9243921.992537763,2025-07-29,0.0725746715860033,-7.699563320259562,-14.249684454713973
128,469130.7438406742,9243921.992537763,2025-08-10,0.12909629033976255,-7.013706542061174,-12.77186077041168
128,469130.7438406742,9243921.992537763,2025-08-22,0.13534218876648593,-6.883179534547393,-13.081706097584302
128,469130.7438406742,9243921.992537763,2025-09-03,0.12152543569342031,-7.794802017550975,-12.838675785417067
128,469130.7438406742,9243921.992537763,2025-09-15,0.09985058841510093,-8.124185922567975,-14.219520870340826
128,469130.7438406742,9243921.992537763,2025-09-27,0.09349062548826025,-7.684072178576251,-13.212755785036833
128,469130.7438406742,9243921.992537763,2025-10-09,0.12091099856436449,-7.385162967831035,-13.124427732856997
128,469130.7438406742,9243921.992537763,2025-10-21,0.0368544902075757,-8.355996384697931,-14.625083909629613
128,469130.7438406742,9243921.992537763,2025-11-02,0.08075793860405081,-7.686618714756884,-13.658922116128924
129,456568.58079197723,9222567.348326115,2024-11-07,0.18053707590102283,-9.61176812814971,-16.083492038169418
129,456568.58079197723,9222567.348326115,2024-11-19,0.19537269848021174,-9.992274080325922,-16.9863985245542
129,456568.58079197723,9222567.348326115,2024-12-01,0.12931934438431913,-10.105060325761277,-15.612836553686
129,456568.58079197723,9222567.348326115,2024-12-13,0.1257773244048091,-8.6989375485123,-15.569734661729537
129,456568.58079197723,9222567.348326115,2024-12-25,0.13503925856152704,-11.210718603761347,-17.365469490884834
129,456568.58079197723,9222567.348326115,2025-01-06,0.19922632288883418,-10.221565243298611,-16.323083338521897
129,456568.58079197723,9222567.348326115,2025-01-18,0.14197919878818335,-10.896116433017518,-17.066362649720755
129,456568.58079197723,9222567.348326115,2025-01-30,0.20361191279993449,-8.241484074972096,-14.614070316949295
129,456568.58079197723,9222567.348326115,2025-02-11,0.1850331506883729,-8.644280165182563,-14.771215541212756
129,456568.58079197723,9222567.348326115,2025-02-23,0.2755222609514371,-6.883113750341222,-14.299750330730378
129,456568.58079197723,9222567.348326115,2025-03-07,0.3925544179020405,-6.007403274494351,-13.152701175424944
129,456568.58079197723,9222567.348326115,2025-03-19,0.25263259835674995,-6.360072561139404,-13.000458269150574
129,456568.58079197723,9222567.348326115,2025-03-31,0.17977721926519866,-9.892825214149825,-16.477436344321966
129,456568.58079197723,9222567.348326115,2025-04-12,0.17100823264340076,-9.478009839405527,-15.954241088523386
129,456568.58079197723,9222567.348326115,2025-04-24,0.1769937921782298,-9.179939963386849,-15.669308862131256
129,456568.58079197723,9222567.348326115,2025-05-06,0.17629553897210604,-10.382696339935347,-17.13373932679044
129,456568.58079197723,9222567.348326115,2025-05-18,0.23191351147397862,-9.157181674329289,-15.785449940987268
129,456568.58079197723,9222567.348326115,2025-05-30,0.22107028008965882,-7.952567287751305,-14.597616169079448
129,456568.58079197723,9222567.348326115,2025-06-11,0.40371348917407,-7.636509237630437,-14.673183955212185
129,456568.58079197723,9222567.348326115,2025-06-23,0.39264399926762883,-6.141758024011051,-13.52924560134408
129,456568.58079197723,9222567.348326115,2025-07-05,0.2297697444534406,-6.864470409760983,-13.206612372933362
129,456568.58079197723,9222567.348326115,2025-07-17,0.16278148292395578,-6.733201764799402,-12.854066199220718
129,456568.58079197723,9222567.348326115,2025-07-29,0.12061674126653285,-8.344259427341232,-13.395127595612509
129,456568.58079197723,9222567.348326115,2025-08-10,0.16682244630132148,-7.692623738769928,-14.978517892978678
129,456568.58079197723,9222567.348326115,2025-08-22,0.15402776169364446,-6.95703327651857,-13.546394238391397
129,456568.58079197723,9222567.348326115,2025-09-03,0.15565419797663277,-7.724953877688887,-14.701678719672762
129,456568.58079197723,9222567.348326115,2025-09-15,0.1513015834662522,-6.905502096091456,-13.045733944287711
129,456568.58079197723,9222567.348326115,2025-09-27,0.22397806742897947,-8.282755638997969,-14.946682966458916
129,456568.58079197723,9222567.348326115,2025-10-09,0.16924892662448138,-7.533756178446704,-13.367964136257795
129,456568.58079197723,9222567.348326115,2025-10-21,0.13489453957206107,-10.465156495369078,-16.922156951581258
129,456568.58079197723,9222567.348326115,2025-11-02,0.09619606093066056,-10.683252254998376,-15.68804901223132
130,458523.7207360077,9234515.193782674,2024-11-07,0.2783090035817374,-5.69517589595672,-12.908990199592424
130,458523.7207360077,9234515.193782674,2024-11-19,0.2510607454934431,-5.766556157320001,-12.512056270389948
130,458523.7207360077,9234515.193782674,2024-12-01,0.4077313523224851,-6.2173525886891365,-11.622568448924506
130,458523.7207360077,9234515.193782674,2024-12-13,0.4343664258917693,-6.0591593324942385,-12.113791572779785
130,458523.7207360077,9234515.193782674,2024-12-25,0.43747689082712005,-6.713042505502509,-11.441652913139508
130,458523.7207360077,9234515.193782674,2025-01-06,0.44819507942153824,-5.394296729889904,-11.712111558417295
130,458523.7207360077,9234515.193782674,2025-01-18,0.36524379960257314,-5.86229606625183,-11.963717402782022
130,458523.7207360077,9234515.193782674,2025-01-30,0.433826762977761,-6.434767379558354,-11.412427282512958
130,458523.7207360077,9234515.193782674,2025-02-11,0.40156307333498814,-6.117505461245343,-11.627186701023666
130,458523.7207360077,9234515.193782674,2025-02-23,0.3144690639373562,-5.190815325726314,-12.14159125507983
130,458523.7207360077,9234515.193782674,2025-03-07,0.2557146015529782,-4.443726540904723,-12.278213450474725
130,458523.7207360077,9234515.193782674,2025-03-19,0.2630783540205818,-5.524070832833277,-12.124575819698446
130,458523.7207360077,9234515.193782674,2025-03-31,0.41859082933055747,-6.380975289059137,-11.603129985296224
130,458523.7207360077,9234515.193782674,2025-04-12,0.3159455280273086,-5.8343928908932625,-12.70517380622055
130,458523.7207360077,9234515.193782674,2025-04-24,0.4621402569729173,-5.7903802059795355,-11.876852630266292
130,458523.7207360077,9234515.193782674,2025-05-06,0.48615173729091976,-5.932267947464478,-11.249745741520801
130,458523.7207360077,9234515.193782674,2025-05-18,0.4552817925479316,-5.675126892962453,-11.490063742065344
130,458523.7207360077,9234515.193782674,2025-05-30,0.3528488784589842,-5.480058649791658,-11.804149703290504
130,458523.7207360077,9234515.193782674,2025-06-11,0.35277528359669263,-5.626238192119567,-11.876485437260197
130,458523.7207360077,9234515.193782674,2025-06-23,0.2521141950799456,-5.623599171232639,-12.256161480675473
130,458523.7207360077,9234515.193782674,2025-07-05,0.21488864099476412,-5.02707497584064,-12.772285944513166
130,458523.7207360077,9234515.193782674,2025-07-17,0.22258202123631438,-4.97260580869125,-11.959003125933046
130,458523.7207360077,9234515.193782674,2025-07-29,0.25405369772678865,-5.4013364026107515,-12.456631080647742
130,458523.7207360077,9234515.193782674,2025-08-10,0.2791475951516168,-5.520003151119488,-13.038875196304925
130,458523.7207360077,9234515.193782674,2025-08-22,0.4731288862662213,-6.340612392291193,-11.803323603865048
130,458523.7207360077,9234515.193782674,2025-09-03,0.4692045937242342,-6.754682529174843,-12.014810285670263
130,458523.7207360077,9234515.193782674,2025-09-15,0.4189199049836779,-6.090013813098637,-11.165301529550767
130,458523.7207360077,9234515.193782674,2025-09-27,0.4175001405966527,-6.039716464364871,-12.097596983852837
130,458523.7207360077,9234515.193782674,2025-10-09,0.4010633177938795,-6.26338877445131,-11.367091455099086
130,458523.7207360077,9234515.193782674,2025-10-21,0.4304296605298078,-6.144144931124755,-11.627852221263009
130,458523.7207360077,9234515.193782674,2025-11-02,0.40041786968956233,-5.5574175693772006,-11.124517649165197
131,491634.45726396167,9238941.959373903,2024-11-07,0.10954244255450864,-9.433332221648175,-18.577320622834673
131,491634.45726396167,9238941.959373903,2024-11-19,0.05719105107032568,-10.285680903500065,-19.375323658049215
131,491634.45726396167,9238941.959373903,2024-12-01,0.08303645428174387,-9.157992535487844,-18.37297601259243
131,491634.45726396167,9238941.959373903,2024-12-13,0.21444978030782985,-7.5025783643409305,-15.385466025790432
131,491634.45726396167,9238941.959373903,2024-12-25,0.3000750920074719,-9.490444971180665,-16.931221474641056
131,491634.45726396167,9238941.959373903,2025-01-06,0.30817021605825023,-8.213962958164453,-14.233229204912103
131,491634.45726396167,9238941.959373903,2025-01-18,0.2444399336192173,-7.553027235589772,-14.925126430162242
131,491634.45726396167,9238941.959373903,2025-01-30,0.10952551334145372,-7.496879728400469,-17.084345996454218
131,491634.45726396167,9238941.959373903,2025-02-11,0.3344564124843401,-6.458556214840781,-12.899128548655472
131,491634.45726396167,9238941.959373903,2025-02-23,0.22102685930646332,-6.944813770074132,-14.990359313706492
131,491634.45726396167,9238941.959373903,2025-03-07,-0.016014496859629385,-10.635442697683866,-20.547280764478156
131,491634.45726396167,9238941.959373903,2025-03-19,-0.05358752080095375,-10.741960303079322,-21.296313813992032
131,491634.45726396167,9238941.959373903,2025-03-31,-0.06690139806062131,-10.516781756321857,-21.746912356657194
131,491634.45726396167,9238941.959373903,2025-04-12,-0.012872789306099336,-11.730962740531144,-20.644796000250356
131,491634.45726396167,9238941.959373903,2025-04-24,0.023038962803887536,-11.789706621726424,-21.052955470167376
131,491634.45726396167,9238941.959373903,2025-05-06,0.10992609537229389,-7.822432143491883,-16.579076893144926
131,491634.45726396167,9238941.959373903,2025-05-18,0.10138894845513541,-8.543200434499418,-17.093724459567593
131,491634.45726396167,9238941.959373903,2025-05-30,0.18072163981813205,-8.723839510108357,-16.564056257876622
131,491634.45726396167,9238941.959373903,2025-06-11,0.13582880496354835,-7.973979778916715,-16.34577223231991
131,491634.45726396167,9238941.959373903,2025-06-23,0.25992012633975287,-7.932161881286241,-15.056442595390052
131,491634.45726396167,9238941.959373903,2025-07-05,0.30778872445081684,-6.901517889069713,-13.560729879369758
131,491634.45726396167,9238941.959373903,2025-07-17,0.30133525380196047,-8.125774824090328,-15.566882484755771
131,491634.45726396167,9238941.959373903,2025-07-29,0.33319078784511547,-7.642071128369215,-14.108560640200277
131,491634.45726396167,9238941.959373903,2025-08-10,0.26400106352794,-7.858464104546595,-15.240108608137731
131,491634.45726396167,9238941.959373903,2025-08-22,0.2808199559845639,-6.675684180238822,-13.527205452224559
131,491634.45726396167,9238941.959373903,2025-09-03,0.28334168850469355,-7.28622781894668,-14.176433934364926
131,491634.45726396167,9238941.959373903,2025-09-15,0.271604125316931,-7.682373985714126,-14.96847058439268
131,491634.45726396167,9238941.959373903,2025-09-27,0.20822548942658095,-7.830746463363892,-15.65612246896702
131,491634.45726396167,9238941.959373903,2025-10-09,0.12451586151728343,-9.26193037823577,-17.962686612038702
131,491634.45726396167,9238941.959373903,2025-10-21,0.13768933068442638,-10.23242132449544,-18.761763436336622
131,491634.45726396167,9238941.959373903,2025-11-02,0.17302142210779703,-8.044449567302113,-16.33762682351286
132,481528.65685500344,9239430.713180562,2024-11-07,0.138161759911415,-12.072976315780442,-18.697450647873946
132,481528.65685500344,9239430.713180562,2024-11-19,0.11131769772567976,-11.897040610195328,-19.45389900252283
132,481528.65685500344,9239430.713180562,2024-12-01,0.19053891495746605,-11.624223575576865,-18.21758691752559
132,481528.65685500344,9239430.713180562,2024-12-13,0.3288821518098758,-9.196272837083761,-15.919046338602081
132,481528.65685500344,9239430.713180562,2024-12-25,0.37965009270352384,-8.514948189077257,-14.878863913383917
132,481528.65685500344,9239430.713180562,2025-01-06,0.3597518083282547,-8.941019915075232,-15.550924804868789
132,481528.65685500344,9239430.713180562,2025-01-18,0.2942928054161793,-9.533001925662616,-15.942731559559194
132,481528.65685500344,9239430.713180562,2025-01-30,0.3398505569490232,-7.982290187495879,-14.888762196641801
132,481528.65685500344,9239430.713180562,2025-02-11,0.4502368437846951,-4.803529884827447,-12.1015911428082
132,481528.65685500344,9239430.713180562,2025-02-23,0.4428095674244842,-4.397393802376011,-12.499828186861183
132,481528.65685500344,9239430.713180562,2025-03-07,0.3840263261197845,-7.208983724825753,-13.93038543280585
132,481528.65685500344,9239430.713180562,2025-03-19,0.21248748251684885,-8.857091498583927,-16.585702495386965
132,481528.65685500344,9239430.713180562,2025-03-31,0.24125080098576085,-8.287556990894712,-16.90408862485318
132,481528.65685500344,9239430.713180562,2025-04-12,0.27129536374782814,-7.806900359841654,-15.421023101858081
132,481528.65685500344,9239430.713180562,2025-04-24,0.23943278967458198,-9.575026495083335,-16.568496172146723
132,481528.65685500344,9239430.713180562,2025-05-06,0.18246784318885653,-11.515531638992348,-17.900642107784055
132,481528.65685500344,9239430.713180562,2025-05-18,0.07217405514566014,-14.345567593053234,-20.389261695557103
132,481528.65685500344,9239430.713180562,2025-05-30,0.11599218633696304,-13.962924381502617,-19.92489772981862
132,481528.65685500344,9239430.713180562,2025-06-11,0.2645744885906904,-8.989254900595485,-16.4947786415031
132,481528.65685500344,9239430.713180562,2025-06-23,0.21285938482183311,-10.978242965377714,-18.270812968819467
132,481528.65685500344,9239430.713180562,2025-07-05,0.36677302432448694,-7.61694544180445,-14.55921963368305
132,481528.65685500344,9239430.713180562,2025-07-17,0.2957290086192108,-9.35571884366894,-16.88360746323492
132,481528.65685500344,9239430.713180562,2025-07-29,0.2878861891232086,-9.544925594457403,-17.310906930733207
132,481528.65685500344,9239430.713180562,2025-08-10,0.3415900390258569,-8.280662914184147,-15.613161612848009
132,481528.65685500344,9239430.713180562,2025-08-22,0.37331372392930656,-7.277728821219932,-14.448712434542342
132,481528.65685500344,9239430.713180562,2025-09-03,0.3731359656271782,-7.1709914986792835,-13.737810041860211
132,481528.65685500344,9239430.713180562,2025-09-15,0.29601712514518785,-6.366536614880569,-14.308067492523744
132,481528.65685500344,9239430.713180562,2025-09-27,0.26672298047133636,-9.870027742462458,-16.528166457307588
132,481528.65685500344,9239430.713180562,2025-10-09,0.10504362572474729,-13.095308749437839,-19.940326906009624
132,481528.65685500344,9239430.713180562,2025-10-21,0.07263718252952261,-14.565216792104165,-20.836531930491436
132,481528.65685500344,9239430.713180562,2025-11-02,0.11856889977155408,-14.405987097225154,-19.911520357670696
133,469950.53171876975,9240349.61182798,2024-11-07,0.3297853355374502,-7.60488577139818,-13.519848974385699
133,469950.53171876975,9240349.61182798,2024-11-19,0.3786696802406599,-11.669515353897495,-16.330891796032333
133,469950.53171876975,9240349.61182798,2024-12-01,0.36873420531763046,-9.908042448125409,-15.565167264267057
133,469950.53171876975,9240349.61182798,2024-12-13,0.3823635113163323,-11.894376208763795,-17.227057142147753
133,469950.53171876975,9240349.61182798,2024-12-25,0.344555789440761,-6.76065806061364,-13.50650880513857
133,469950.53171876975,9240349.61182798,2025-01-06,0.3592036823584185,-8.289416357202665,-14.729617633889113
133,469950.53171876975,9240349.61182798,2025-01-18,0.36258993245802357,-9.042219883295678,-14.773813252325892
133,469950.53171876975,9240349.61182798,2025-01-30,0.3594773935601931,-8.684497512972237,-14.257919924638953
133,469950.53171876975,9240349.61182798,2025-02-11,0.3523434152726394,-7.180747180238713,-14.047899303797362
133,469950.53171876975,9240349.61182798,2025-02-23,0.3555514437977782,-7.84904897796506,-14.153588546715145
133,469950.53171876975,9240349.61182798,2025-03-07,0.3511802366123528,-6.393851201956382,-13.33817839719278
133,469950.53171876975,9240349.61182798,2025-03-19,0.36138247031071313,-7.903153807928145,-14.078871392508983
133,469950.53171876975,9240349.61182798,2025-03-31,0.37029015286916395,-10.175793635849407,-15.48041031285216
133,469950.53171876975,9240349.61182798,2025-04-12,0.3576323819592299,-8.995109566978941,-15.634978768719632
133,469950.53171876975,9240349.61182798,2025-04-24,0.3674328669373982,-9.138378096060846,-14.943603985778408
133,469950.53171876975,9240349.61182798,2025-05-06,0.36452955539866455,-7.948112603334977,-14.108543175548263
133,469950.53171876975,9240349.61182798,2025-05-18,0.3785793255114985,-8.937649782966778,-14.81306834100456
133,469950.53171876975,9240349.61182798,2025-05-30,0.3522635704381574,-7.484445918622319,-13.58976376885028
133,469950.53171876975,9240349.61182798,2025-06-11,0.36672480983817196,-8.79950589596493,-14.53281337109374
133,469950.53171876975,9240349.61182798,2025-06-23,0.3567851042980039,-7.656645335155345,-13.631206324418526
133,469950.53171876975,9240349.61182798,2025-07-05,0.3588755772996346,-7.919800797464268,-14.000125584745318
133,469950.53171876975,9240349.61182798,2025-07-17,0.3569583980271779,-7.500347173972214,-13.475125406656424
133,469950.53171876975,9240349.61182798,2025-07-29,0.35633559852165664,-7.738536536349609,-13.60360433131507
133,469950.53171876975,9240349.61182798,2025-08-10,0.3412437555732355,-5.824634225676666,-12.145444881322156
133,469950.53171876975,9240349.61182798,2025-08-22,0.34500386142656164,-6.1809936929656075,-12.445098954020006
133,469950.53171876975,9240349.61182798,2025-09-03,0.3508321576158398,-7.288393913246804,-13.114618180468117
133,469950.53171876975,9240349.61182798,2025-09-15,0.3447530069334686,-7.011722956562439,-13.046774757836632
133,469950.53171876975,9240349.61182798,2025-09-27,0.36787478479611807,-9.75948610019785,-15.493512285653432
133,469950.53171876975,9240349.61182798,2025-10-09,0.3508693162650741,-8.114864506508146,-13.688112399383376
133,469950.53171876975,9240349.61182798,2025-10-21,0.3564766278691803,-8.502060993703367,-14.941417887875504
133,469950.53171876975,9240349.61182798,2025-11-02,0.38778411333486906,-12.701670502241154,-17.86342352138157
134,469078.52323315386,9219541.988179743,2024-11-07,0.29832779814455707,-5.331941605501337,-13.439673335246601
134,469078.52323315386,9219541.988179743,2024-11-19,0.24289921769113762,-14.027103312916212,-19.122890053801342
134,469078.52323315386,9219541.988179743,2024-12-01,0.2388119761223828,-14.112843396914549,-19.232652885071424
134,469078.52323315386,9219541.988179743,2024-12-13,0.260461841053482,-10.483451106756638,-16.650764580828355
134,469078.52323315386,9219541.988179743,2024-12-25,0.34042622076827594,-11.15895428392939,-16.631634476734167
134,469078.52323315386,9219541.988179743,2025-01-06,0.35398634269942447,-10.763390750368018,-16.38804413182542
134,469078.52323315386,9219541.988179743,2025-01-18,0.37370108026893223,-10.485821837607853,-15.177478439302005
134,469078.52323315386,9219541.988179743,2025-01-30,0.3741687785752546,-9.520220288891753,-14.646226151389701
134,469078.52323315386,9219541.988179743,2025-02-11,0.36944877429132283,-9.11478709457487,-14.499226438013864
134,469078.52323315386,9219541.988179743,2025-02-23,0.32674154175865533,-10.587396966841425,-15.959105075398904
134,469078.52323315386,9219541.988179743,2025-03-07,0.32464706184454756,-8.063690532996176,-13.96982440593379
134,469078.52323315386,9219541.988179743,2025-03-19,0.2562696286272633,-14.270006576324874,-18.446667396009
134,469078.52323315386,9219541.988179743,2025-03-31,0.12691669262264593,-15.253076667059936,-21.582553229494938
134,469078.52323315386,9219541.988179743,2025-04-12,0.20911473221980775,-14.33297916853589,-19.51031224160211
134,469078.52323315386,9219541.988179743,2025-04-24,0.20702919014116883,-12.846067995500471,-18.98318841295753
134,469078.52323315386,9219541.988179743,2025-05-06,0.19184341350320377,-11.500156362961544,-18.543655487815087
134,469078.52323315386,9219541.988179743,2025-05-18,0.334688212655197,-10.530271238971247,-15.994882918438654
134,469078.52323315386,9219541.988179743,2025-05-30,0.2586621158894639,-9.07911006118941,-16.193827647974135
134,469078.52323315386,9219541.988179743,2025-06-11,0.36756855650525055,-9.701229393934103,-15.306099067192662
134,469078.52323315386,9219541.988179743,2025-06-23,0.3824196963399015,-9.164819603866883,-14.55524906235612
134,469078.52323315386,9219541.988179743,2025-07-05,0.3453445292497822,-9.218976674449575,-15.20172316621033
134,469078.52323315386,9219541.988179743,2025-07-17,0.3165415977046695,-4.799283916606868,-12.643017818472245
134,469078.52323315386,9219541.988179743,2025-07-29,0.25458626921805977,-6.050602594335363,-14.655081596771788
134,469078.52323315386,9219541.988179743,2025-08-10,0.31488284399142813,-8.714450018301532,-15.467425399032148
134,469078.52323315386,9219541.988179743,2025-08-22,0.44751549078074343,-7.964438089440405,-12.885556970693928
134,469078.52323315386,9219541.988179743,2025-09-03,0.35349346806072496,-6.661410676065102,-13.645013631450556
134,469078.52323315386,9219541.988179743,2025-09-15,0.37914948556968453,-7.003041146276752,-13.14813087498285
134,469078.52323315386,9219541.988179743,2025-09-27,0.3656365046265612,-8.161077695450773,-14.040642531116026
134,469078.52323315386,9219541.988179743,2025-10-09,0.27579612803904047,-7.161306658953535,-14.451101938146982
134,469078.52323315386,9219541.988179743,2025-10-21,0.22184055846978948,-8.796603474271205,-15.892423280600326
134,469078.52323315386,9219541.988179743,2025-11-02,0.26122461284413084,-12.378284857001834,-17.944593278036066
135,455665.40747756383,9244009.547145024,2024-11-07,0.0636404153116532,-14.464235819937784,-19.96956141627053
135,455665.40747756383,9244009.547145024,2024-11-19,0.2286690125808126,-8.940596484297691,-16.757156544499438
135,455665.40747756383,9244009.547145024,2024-12-01,0.25397983205036767,-9.254215333802929,-16.47909242848593
135,455665.40747756383,9244009.547145024,2024-12-13,0.35061614891790116,-8.625018879668287,-16.120575563391956
135,455665.40747756383,9244009.547145024,2024-12-25,0.3676268889544457,-5.456677533160058,-14.738806784175342
135,455665.40747756383,9244009.547145024,2025-01-06,0.4085156198537627,-4.508225731101692,-13.652807460017078
135,455665.40747756383,9244009.547145024,2025-01-18,0.33983026533002725,-5.428791692560699,-14.590697852888178
135,455665.40747756383,9244009.547145024,2025-01-30,0.18198554437154485,-9.592411861537723,-17.507870675905572
135,455665.40747756383,9244009.547145024,2025-02-11,0.13369483034840673,-10.669882534997345,-18.36238589136109
135,455665.40747756383,9244009.547145024,2025-02-23,0.21483235222817024,-8.266371073507452,-16.81196137960014
135,455665.40747756383,9244009.547145024,2025-03-07,0.15394875654648604,-8.346888450120654,-16.974978551098783
135,455665.40747756383,9244009.547145024,2025-03-19,0.15583789956654287,-8.945629303293192,-16.90275497492958
135,455665.40747756383,9244009.547145024,2025-03-31,-0.10338793247576283,-18.704710199136947,-23.08832095712036
135,455665.40747756383,9244009.547145024,2025-04-12,-0.022299622902100164,-17.561493298638453,-21.71204970348387
135,455665.40747756383,9244009.547145024,2025-04-24,-0.011240512647010564,-17.244052796953987,-21.56619090069934
135,455665.40747756383,9244009.547145024,2025-05-06,0.002485555812014345,-16.137291387031837,-21.18642659896114
135,455665.40747756383,9244009.547145024,2025-05-18,-0.03108175900065019,-16.45521940182277,-21.53212057097706
135,455665.40747756383,9244009.547145024,2025-05-30,0.0485107329173442,-15.11072981951567,-20.360846234875055
135,455665.40747756383,9244009.547145024,2025-06-11,0.16621980698841826,-10.30932589658907,-17.857495124903757
135,455665.40747756383,9244009.547145024,2025-06-23,0.10925430577607166,-12.27351483871283,-19.33651445606302
135,455665.40747756383,9244009.547145024,2025-07-05,0.22748659809480581,-7.764701588528394,-16.5456384683399
135,455665.40747756383,9244009.547145024,2025-07-17,0.3560430572249953,-3.268737479974777,-13.655535717330764
135,455665.40747756383,9244009.547145024,2025-07-29,0.3299591844702689,-5.634784730454121,-14.92683957036226
135,455665.40747756383,9244009.547145024,2025-08-10,0.30388509709576317,-5.9420828883090815,-14.822034015585414
135,455665.40747756383,9244009.547145024,2025-08-22,0.2589305749281854,-7.938542569604179,-16.194354359570116
135,455665.40747756383,9244009.547145024,2025-09-03,0.21894263611570786,-9.625851490983475,-17.152404699257673
135,455665.40747756383,9244009.547145024,2025-09-15,0.037809602604177484,-14.813272463609016,-20.480839789209575
135,455665.40747756383,9244009.547145024,2025-09-27,0.08775848942784652,-12.952244105789244,-19.418342501874626
135,455665.40747756383,9244009.547145024,2025-10-09,0.19604153861546164,-9.394070350238028,-16.96079803407693
135,455665.40747756383,9244009.547145024,2025-10-21,0.16161656401528965,-10.638403840817078,-18.024471162459733
135,455665.40747756383,9244009.547145024,2025-11-02,0.24055099560692061,-8.27358751497946,-16.469201914149235
136,460347.9805991686,9218119.16099384,2024-11-07,0.1429311887585615,-13.155867804431807,-17.43488949992129
136,460347.9805991686,9218119.16099384,2024-11-19,0.15272516235512154,-14.488350175466067,-19.426749329806047
136,460347.9805991686,9218119.16099384,2024-12-01,0.23000174982477406,-14.769551053347502,-18.881214549199797
136,460347.9805991686,9218119.16099384,2024-12-13,0.4295302086203448,-7.479718694757594,-14.29050460598885
136,460347.9805991686,9218119.16099384,2024-12-25,0.4233735367818905,-8.844195891145697,-15.370936826153043
136,460347.9805991686,9218119.16099384,2025-01-06,0.38548580807743743,-8.970162290677063,-14.913191984542982
136,460347.9805991686,9218119.16099384,2025-01-18,0.28055994118024247,-9.762009298986909,-14.978961344397536
136,460347.9805991686,9218119.16099384,2025-01-30,0.29035661596264145,-9.166227469431956,-14.252075735775568
136,460347.9805991686,9218119.16099384,2025-02-11,0.37829944896487455,-7.670423310902383,-14.140715076921913
136,460347.9805991686,9218119.16099384,2025-02-23,0.2918208702778047,-6.246563949978244,-13.922328963541913
136,460347.9805991686,9218119.16099384,2025-03-07,0.22865507650282843,-7.1698415321668,-13.99284677319725
136,460347.9805991686,9218119.16099384,2025-03-19,0.23151366534076617,-7.241741245989899,-14.074722751887375
136,460347.9805991686,9218119.16099384,2025-03-31,0.2150001672704176,-9.000579154193481,-15.91735474985972
136,460347.9805991686,9218119.16099384,2025-04-12,0.23508975014713684,-8.081257922089048,-14.767242467071634
136,460347.9805991686,9218119.16099384,2025-04-24,0.2392482374354949,-9.189677958117787,-14.946254352474137
136,460347.9805991686,9218119.16099384,2025-05-06,0.22647733772205503,-10.575977943976877,-16.744247050780075
136,460347.9805991686,9218119.16099384,2025-05-18,0.2234745422742459,-13.23156525081177,-17.732140420419082
136,460347.9805991686,9218119.16099384,2025-05-30,0.2434689433028483,-11.579587320848127,-17.69678776054941
136,460347.9805991686,9218119.16099384,2025-06-11,0.2080338401156659,-10.135074727061692,-16.802590980309187
136,460347.9805991686,9218119.16099384,2025-06-23,0.3414045112900395,-11.443133872300788,-16.84226217676623
136,460347.9805991686,9218119.16099384,2025-07-05,0.27541086240685747,-8.071011543324556,-15.204462711064618
136,460347.9805991686,9218119.16099384,2025-07-17,0.3734051774708511,-9.503999025523298,-16.07803671383295
136,460347.9805991686,9218119.16099384,2025-07-29,0.3885924472330084,-9.007869846379524,-13.560002641048708
136,460347.9805991686,9218119.16099384,2025-08-10,0.35341588739458174,-8.595537054007625,-14.584697366648035
136,460347.9805991686,9218119.16099384,2025-08-22,0.2133195800736603,-8.247485771956153,-14.069025893371133
136,460347.9805991686,9218119.16099384,2025-09-03,0.21480827883066805,-5.656357074666675,-12.961130708233359
136,460347.9805991686,9218119.16099384,2025-09-15,0.20391480173226656,-6.503643238270344,-12.964240419267018
136,460347.9805991686,9218119.16099384,2025-09-27,0.22092159912452286,-7.091069743798336,-13.85011821692495
136,460347.9805991686,9218119.16099384,2025-10-09,0.2841790553036183,-6.439804624401255,-13.685870448744602
136,460347.9805991686,9218119.16099384,2025-10-21,0.28755040449734715,-11.051098754908878,-16.61721976835504
136,460347.9805991686,9218119.16099384,2025-11-02,0.25527269734443736,-11.44985465146895,-16.866920691894766
137,462350.16167290095,9222679.908964615,2024-11-07,0.07523679418982324,-5.213810597564105,-12.666356576708784
137,462350.16167290095,9222679.908964615,2024-11-19,0.0949849886556165,-6.7796966441097,-15.030816308505926
137,462350.16167290095,9222679.908964615,2024-12-01,0.5349253436547277,-13.793911814805105,-17.950895739430646
137,462350.16167290095,9222679.908964615,2024-12-13,0.22094173874585213,-9.625251438812187,-17.141288754147023
137,462350.16167290095,9222679.908964615,2024-12-25,0.261853964947965,-8.027077065503315,-14.263106294983563
137,462350.16167290095,9222679.908964615,2025-01-06,0.3329184720693226,-8.900032886992655,-14.374292065149758
137,462350.16167290095,9222679.908964615,2025-01-18,0.3207748755856057,-8.660878935244007,-13.442042517122568
137,462350.16167290095,9222679.908964615,2025-01-30,0.4993657637890143,-11.650385950872591,-14.875376265220774
137,462350.16167290095,9222679.908964615,2025-02-11,0.2692298493986168,-7.798526776863044,-13.029220295982244
137,462350.16167290095,9222679.908964615,2025-02-23,0.3030585947836326,-8.88926209835224,-14.24584600483133
137,462350.16167290095,9222679.908964615,2025-03-07,0.0974393900133664,-4.783232523331936,-11.604250692074347
137,462350.16167290095,9222679.908964615,2025-03-19,0.17090572106888524,-6.528321042104268,-12.626512627013884
137,462350.16167290095,9222679.908964615,2025-03-31,0.4354716728288469,-12.49257191012642,-17.8076790615875
137,462350.16167290095,9222679.908964615,2025-04-12,0.2714089144376916,-10.79237835513349,-18.444037970280952
137,462350.16167290095,9222679.908964615,2025-04-24,0.2371675230257823,-9.966548421604752,-17.57948003942996
137,462350.16167290095,9222679.908964615,2025-05-06,0.26167221125544743,-9.485186446482567,-16.19773062975769
137,462350.16167290095,9222679.908964615,2025-05-18,0.27873386765248304,-8.861987104310023,-15.047841042436481
137,462350.16167290095,9222679.908964615,2025-05-30,0.26722058324587494,-8.30106978556039,-13.979328963966337
137,462350.16167290095,9222679.908964615,2025-06-11,0.32759925765177833,-8.877903922461654,-14.399625854779048
137,462350.16167290095,9222679.908964615,2025-06-23,0.3109203189698214,-8.36631675790358,-13.71345741935569
137,462350.16167290095,9222679.908964615,2025-07-05,0.2271295630709827,-7.30027148049144,-13.06342383836114
137,462350.16167290095,9222679.908964615,2025-07-17,0.1375718284523199,-6.4971445897443045,-13.648581091575979
137,462350.16167290095,9222679.908964615,2025-07-29,0.10032184046896223,-6.555252813498317,-14.750015908159265
137,462350.16167290095,9222679.908964615,2025-08-10,0.22832107880716665,-7.237256707492628,-12.664093296680095
137,462350.16167290095,9222679.908964615,2025-08-22,0.20476069557689303,-7.540306862655802,-14.17024331482407
137,462350.16167290095,9222679.908964615,2025-09-03,0.24131187562610049,-7.6738079962670245,-13.477258940452447
137,462350.16167290095,9222679.908964615,2025-09-15,0.24783852042361967,-7.722909697909503,-13.442006224957142
137,462350.16167290095,9222679.908964615,2025-09-27,0.27128160886143365,-8.062699394496518,-13.470191990902755
137,462350.16167290095,9222679.908964615,2025-10-09,0.11733712616400416,-5.62993652505166,-12.327486631282582
137,462350.16167290095,9222679.908964615,2025-10-21,0.1797224130711394,-8.531209062298082,-15.90460766923219
137,462350.16167290095,9222679.908964615,2025-11-02,0.24778724112172218,-8.670431722533346,-15.075203418033944
138,456993.44060449686,9236823.402344124,2024-11-07,0.18309538872031386,-6.720749243559349,-13.556132276872171
138,456993.44060449686,9236823.402344124,2024-11-19,0.16914828511240818,-6.313634400854122,-11.671105854279105
138,456993.44060449686,9236823.402344124,2024-12-01,0.2244799546553193,-7.790461897274815,-14.565730302961587
138,456993.44060449686,9236823.402344124,2024-12-13,0.21865332488632577,-7.597498378687246,-13.509798178540535
138,456993.44060449686,9236823.402344124,2024-12-25,0.20647181187183253,-7.028460557514469,-13.87059525736314
138,456993.44060449686,9236823.402344124,2025-01-06,0.2099213941504027,-6.765094935191614,-12.63978653107755
138,456993.44060449686,9236823.402344124,2025-01-18,0.21297010101872163,-6.935264188519819,-13.101528809425565
138,456993.44060449686,9236823.402344124,2025-01-30,0.2139028223132392,-7.050018375951265,-13.160573306538794
138,456993.44060449686,9236823.402344124,2025-02-11,0.19395873193746688,-5.3745290295484,-10.877355280096792
138,456993.44060449686,9236823.402344124,2025-02-23,0.2038108215281889,-5.922263083354634,-12.372362122987303
138,456993.44060449686,9236823.402344124,2025-03-07,0.2277885263223787,-6.058055992422542,-13.041928624434055
138,456993.44060449686,9236823.402344124,2025-03-19,0.18432337005796778,-8.183585169528081,-14.074891937603537
138,456993.44060449686,9236823.402344124,2025-03-31,0.2053706551945772,-6.144982636841521,-12.430697312707405
138,456993.44060449686,9236823.402344124,2025-04-12,0.206648444606229,-7.6996012331589,-15.08944448416902
138,456993.44060449686,9236823.402344124,2025-04-24,0.27003526616212553,-7.704485994557052,-14.63374109060534
138,456993.44060449686,9236823.402344124,2025-05-06,0.26452793428035276,-6.557545257075812,-12.673011017117222
138,456993.44060449686,9236823.402344124,2025-05-18,0.2700286269822593,-6.82393613423323,-12.14201764922993
138,456993.44060449686,9236823.402344124,2025-05-30,0.20793388409551763,-6.467551129848484,-12.58350147142581
138,456993.44060449686,9236823.402344124,2025-06-11,0.26649188213460573,-6.868650944124201,-13.604213312475576
138,456993.44060449686,9236823.402344124,2025-06-23,0.17840832565355197,-6.654278163262693,-13.645542662171582
138,456993.44060449686,9236823.402344124,2025-07-05,0.17953672368112944,-6.377840534251765,-12.78692751451376
138,456993.44060449686,9236823.402344124,2025-07-17,0.201055211016402,-6.3111913306638785,-13.366078722409277
138,456993.44060449686,9236823.402344124,2025-07-29,0.2329480636998272,-7.432759842881703,-13.09086246617205
138,456993.44060449686,9236823.402344124,2025-08-10,0.24765656719166368,-6.962396089489656,-13.851003651192995
138,456993.44060449686,9236823.402344124,2025-08-22,0.23492060587334723,-6.923836052789016,-13.89671223224591
138,456993.44060449686,9236823.402344124,2025-09-03,0.22742307369068737,-7.0614850135755,-13.078824937136984
138,456993.44060449686,9236823.402344124,2025-09-15,0.1992089406868301,-5.318024903380062,-12.130964545664678
138,456993.44060449686,9236823.402344124,2025-09-27,0.1836897760819303,-6.2070919257559405,-12.4611326962501
138,456993.44060449686,9236823.402344124,2025-10-09,0.16948301089206108,-6.922784582788705,-13.147626727157375
138,456993.44060449686,9236823.402344124,2025-10-21,0.1604875661523138,-6.951474326157023,-12.93509130941023
138,456993.44060449686,9236823.402344124,2025-11-02,0.20596629999741956,-5.834953298637831,-12.971115383510027
139,460860.72994813573,9226777.44731183,2024-11-07,0.09773272988585727,-10.037335590661408,-17.94412561223788
139,460860.72994813573,9226777.44731183,2024-11-19,0.25256454372945014,-7.7299024486638634,-15.057448854888003
139,460860.72994813573,9226777.44731183,2024-12-01,0.14993102931806934,-9.754051029943545,-16.595550752853562
139,460860.72994813573,9226777.44731183,2024-12-13,0.10322798137864508,-10.459653416772351,-17.458998290888744
139,460860.72994813573,9226777.44731183,2024-12-25,0.2442460669733535,-7.579238280064019,-15.189843520727496
139,460860.72994813573,9226777.44731183,2025-01-06,0.3360708420881654,-7.4175704625471806,-14.062265335710197
139,460860.72994813573,9226777.44731183,2025-01-18,0.3215643554356594,-6.924183709286284,-13.602096275242927
139,460860.72994813573,9226777.44731183,2025-01-30,0.29032758802405007,-7.252430889677381,-14.28865402706949
139,460860.72994813573,9226777.44731183,2025-02-11,0.3601013443539224,-6.590558409047099,-12.700945619637833
139,460860.72994813573,9226777.44731183,2025-02-23,0.30761863883946117,-6.70231848829958,-14.188218883621879
139,460860.72994813573,9226777.44731183,2025-03-07,0.33811567432062284,-6.884786216301963,-13.13621036313155
139,460860.72994813573,9226777.44731183,2025-03-19,0.05243331560909201,-10.9815982149847,-17.130475950571494
139,460860.72994813573,9226777.44731183,2025-03-31,0.16147652076444677,-8.879415679819664,-16.913518963427393
139,460860.72994813573,9226777.44731183,2025-04-12,0.17566239042939474,-9.298174214595445,-16.689730065083484
139,460860.72994813573,9226777.44731183,2025-04-24,0.13692384125420734,-9.27232336988389,-16.397128483895518
139,460860.72994813573,9226777.44731183,2025-05-06,0.250393360814069,-7.398668372997975,-14.75927319090554
139,460860.72994813573,9226777.44731183,2025-05-18,0.32421432628626556,-7.187575510950268,-14.145332405690342
139,460860.72994813573,9226777.44731183,2025-05-30,0.302703616914656,-7.425317018218045,-13.78672356474899
139,460860.72994813573,9226777.44731183,2025-06-11,0.35885214211601674,-8.423306979828398,-13.896425591811147
139,460860.72994813573,9226777.44731183,2025-06-23,0.33987147611952306,-6.416269204241481,-13.340516869942478
139,460860.72994813573,9226777.44731183,2025-07-05,0.38607813567407573,-5.94224261039293,-12.41486514801924
139,460860.72994813573,9226777.44731183,2025-07-17,0.30016284935583754,-6.9828543393204985,-13.11608258841647
139,460860.72994813573,9226777.44731183,2025-07-29,0.3159311649713391,-7.626141324109212,-13.739002198084625
139,460860.72994813573,9226777.44731183,2025-08-10,0.3952209147471173,-6.392584889566123,-12.963441391024979
139,460860.72994813573,9226777.44731183,2025-08-22,0.3176491612386522,-7.041711742587568,-12.923087219993793
139,460860.72994813573,9226777.44731183,2025-09-03,0.2501787212640617,-8.009248039471911,-14.3820689322331
139,460860.72994813573,9226777.44731183,2025-09-15,0.2969409132336535,-6.98172464168229,-13.796514182933036
139,460860.72994813573,9226777.44731183,2025-09-27,0.25768210772188205,-8.203795364732667,-14.544491836310812
139,460860.72994813573,9226777.44731183,2025-10-09,0.288128475542694,-6.703060055002359,-13.462511010760151
139,460860.72994813573,9226777.44731183,2025-10-21,0.2302537948004987,-8.052331660662373,-14.712112434807374
139,460860.72994813573,9226777.44731183,2025-11-02,0.2467183948319023,-8.115365308567657,-14.940018890170824
140,481993.580295346,9237723.14611185,2024-11-07,0.27355195687344386,-9.165718185606002,-15.821251820362392
140,481993.580295346,9237723.14611185,2024-11-19,0.3622381252905694,-7.95232186972082,-14.014905903982914
140,481993.580295346,9237723.14611185,2024-12-01,0.34023804526277124,-8.278847566279758,-14.494197873181564
140,481993.580295346,9237723.14611185,2024-12-13,0.045142570648212726,-12.547883420713802,-20.877974063906837
140,481993.580295346,9237723.14611185,2024-12-25,0.19607149140679941,-10.355106697111113,-17.233513532982556
140,481993.580295346,9237723.14611185,2025-01-06,0.11851609137363034,-11.258843898624836,-19.19793868254078
140,481993.580295346,9237723.14611185,2025-01-18,0.2768543142852346,-9.517769895019418,-15.996600282722365
140,481993.580295346,9237723.14611185,2025-01-30,0.3313710842091938,-8.979476384268,-14.919291379676801
140,481993.580295346,9237723.14611185,2025-02-11,0.3046118587561271,-7.589031174962858,-14.773687828720174
140,481993.580295346,9237723.14611185,2025-02-23,0.35561521730655576,-8.383359717270995,-14.29480769795757
140,481993.580295346,9237723.14611185,2025-03-07,0.40538063063546076,-6.439970173731883,-13.473880704703703
140,481993.580295346,9237723.14611185,2025-03-19,0.31866289104872403,-8.235381074337099,-14.816004521347464
140,481993.580295346,9237723.14611185,2025-03-31,0.3281045076396275,-6.577438282422779,-13.287588078762894
140,481993.580295346,9237723.14611185,2025-04-12,0.2736532701832549,-9.621942411116162,-15.318641247413044
140,481993.580295346,9237723.14611185,2025-04-24,0.15654978537801495,-11.60829982129547,-18.41018931335927
140,481993.580295346,9237723.14611185,2025-05-06,0.09432607158490014,-11.812066806356459,-19.577097359084654
140,481993.580295346,9237723.14611185,2025-05-18,0.11584908522354903,-11.87816016762066,-19.713462339795473
140,481993.580295346,9237723.14611185,2025-05-30,0.26319340760755133,-8.446998293119945,-15.775161982272841
140,481993.580295346,9237723.14611185,2025-06-11,0.2516347339711396,-9.333203198743817,-16.318249836604327
140,481993.580295346,9237723.14611185,2025-06-23,0.39641599646310366,-9.215041460362334,-15.068535868008528
140,481993.580295346,9237723.14611185,2025-07-05,0.3908982408613555,-8.825992683936926,-15.006149833567187
140,481993.580295346,9237723.14611185,2025-07-17,0.40232371246979104,-8.80778114893176,-14.566007813722328
140,481993.580295346,9237723.14611185,2025-07-29,0.40533780334338787,-6.585682579204288,-13.320893292651212
140,481993.580295346,9237723.14611185,2025-08-10,0.3846201818223249,-6.254998485228124,-12.452848794945794
140,481993.580295346,9237723.14611185,2025-08-22,0.34510059295432166,-6.479668284490191,-12.911483201965451
140,481993.580295346,9237723.14611185,2025-09-03,0.3375878643790001,-6.8145280847633245,-13.93908771670688
140,481993.580295346,9237723.14611185,2025-09-15,0.2558491337101611,-7.873638631980485,-15.133950031308194
140,481993.580295346,9237723.14611185,2025-09-27,0.3264642273911995,-8.662241121988922,-14.867213096069635
140,481993.580295346,9237723.14611185,2025-10-09,0.16762979652849505,-10.906309043695234,-17.909015757367875
140,481993.580295346,9237723.14611185,2025-10-21,0.04557666605856919,-15.128709180688228,-21.957555507391834
140,481993.580295346,9237723.14611185,2025-11-02,0.12509092694250523,-12.72565968077068,-19.6923050139257
141,463389.6059945895,9230158.485105993,2024-11-07,0.2261803306864551,-6.443868129998844,-12.67261297259377
141,463389.6059945895,9230158.485105993,2024-11-19,0.20371892786372975,-6.556111983296751,-12.953071326877106
141,463389.6059945895,9230158.485105993,2024-12-01,0.27839553807727674,-8.240316645737513,-13.244500627291789
141,463389.6059945895,9230158.485105993,2024-12-13,0.29600032471350707,-8.7866844955129,-13.21352660622947
141,463389.6059945895,9230158.485105993,2024-12-25,0.2249678590068532,-6.264698905859088,-12.140768406487444
141,463389.6059945895,9230158.485105993,2025-01-06,0.20351182610558766,-5.79723482099941,-12.927113576553714
141,463389.6059945895,9230158.485105993,2025-01-18,0.2156847060966382,-6.003523840405487,-12.258695681711334
141,463389.6059945895,9230158.485105993,2025-01-30,0.23667333849519043,-6.883316220127536,-13.083460337415726
141,463389.6059945895,9230158.485105993,2025-02-11,0.22117957220820386,-6.062649886390857,-11.82872617346232
141,463389.6059945895,9230158.485105993,2025-02-23,0.23753610324014887,-6.796625706741686,-12.653874843126031
141,463389.6059945895,9230158.485105993,2025-03-07,0.16781677715181575,-5.6651619333759875,-12.686122634103684
141,463389.6059945895,9230158.485105993,2025-03-19,0.2819011389035711,-8.653597504232794,-14.387037920411219
141,463389.6059945895,9230158.485105993,2025-03-31,0.3030357397002735,-9.40349260529757,-14.70440071271026
141,463389.6059945895,9230158.485105993,2025-04-12,0.2243162249823864,-8.16448902710773,-13.988213728729939
141,463389.6059945895,9230158.485105993,2025-04-24,0.23753480795385315,-7.712143199055014,-13.838889656930036
141,463389.6059945895,9230158.485105993,2025-05-06,0.21877623348839434,-6.772452201381258,-13.003163406958944
141,463389.6059945895,9230158.485105993,2025-05-18,0.23998417072083247,-6.360164631979456,-13.132812151487146
141,463389.6059945895,9230158.485105993,2025-05-30,0.23679496020882748,-6.8389004791916985,-12.901442327569844
141,463389.6059945895,9230158.485105993,2025-06-11,0.30259664792701735,-7.807171174123761,-12.900153933766997
141,463389.6059945895,9230158.485105993,2025-06-23,0.2805734489251205,-7.465985814264981,-14.007580957125768
141,463389.6059945895,9230158.485105993,2025-07-05,0.2758342203031623,-6.803842466681572,-12.783241532782188
141,463389.6059945895,9230158.485105993,2025-07-17,0.27872919454202694,-8.2116188937624,-14.107442674539918
141,463389.6059945895,9230158.485105993,2025-07-29,0.28031380926783855,-8.480034095217084,-12.459579890567138
141,463389.6059945895,9230158.485105993,2025-08-10,0.23391496091139471,-7.220054375303918,-13.26219542564091
141,463389.6059945895,9230158.485105993,2025-08-22,0.197478353918509,-6.22349752141986,-12.334131856905023
141,463389.6059945895,9230158.485105993,2025-09-03,0.20891015038400831,-5.858047076811722,-11.6748818178036
141,463389.6059945895,9230158.485105993,2025-09-15,0.2150533769818574,-5.4338994498901645,-11.221968433835222
141,463389.6059945895,9230158.485105993,2025-09-27,0.23955220059860025,-6.750333677425232,-12.239631816744321
141,463389.6059945895,9230158.485105993,2025-10-09,0.299898365605665,-8.146423724678398,-12.946565770377992
141,463389.6059945895,9230158.485105993,2025-10-21,0.26414958336404026,-6.954461049490562,-13.034212977063595
141,463389.6059945895,9230158.485105993,2025-11-02,0.1956428801706003,-5.331839429947072,-12.106523533202374
142,469701.97393890034,9247345.2359401,2024-11-07,0.22385861670751328,-7.861414715237722,-13.880691038678934
142,469701.97393890034,9247345.2359401,2024-11-19,0.2877146808099805,-7.255579134066319,-14.552382996541711
142,469701.97393890034,9247345.2359401,2024-12-01,0.023107428248051065,-9.282578354194518,-17.1736513868969
142,469701.97393890034,9247345.2359401,2024-12-13,0.23063261266632062,-8.478827065818981,-15.34423132954815
142,469701.97393890034,9247345.2359401,2024-12-25,0.15952282495443293,-8.043168074002113,-15.766289744784146
142,469701.97393890034,9247345.2359401,2025-01-06,0.20338581855285562,-8.098672612137673,-15.444535875432104
142,469701.97393890034,9247345.2359401,2025-01-18,0.2573230589707647,-8.59330058659564,-15.171688624423071
142,469701.97393890034,9247345.2359401,2025-01-30,0.48191187319215084,-8.010246418138784,-13.274446072240062
142,469701.97393890034,9247345.2359401,2025-02-11,0.42908408428807626,-8.078417935078079,-13.70084935171923
142,469701.97393890034,9247345.2359401,2025-02-23,0.4259094586102928,-8.632950721812325,-13.885011327005664
142,469701.97393890034,9247345.2359401,2025-03-07,0.44389874145188546,-8.101631702962104,-13.59346413946354
142,469701.97393890034,9247345.2359401,2025-03-19,0.6503271315137511,-7.42321475846116,-11.808588342504672
142,469701.97393890034,9247345.2359401,2025-03-31,0.1708240686726783,-8.868773159483863,-15.917063865087481
142,469701.97393890034,9247345.2359401,2025-04-12,-0.024942765472284578,-10.006622905883251,-17.483115013398205
142,469701.97393890034,9247345.2359401,2025-04-24,0.22709731332969357,-8.432830794482669,-14.955934257396358
142,469701.97393890034,9247345.2359401,2025-05-06,0.09057759643321972,-9.40841235226825,-16.69038123251987
142,469701.97393890034,9247345.2359401,2025-05-18,0.4389820470220103,-9.082731683837721,-15.263416965077049
142,469701.97393890034,9247345.2359401,2025-05-30,0.3829120219484059,-8.257292321085165,-14.107889149157748
142,469701.97393890034,9247345.2359401,2025-06-11,0.5003868247939086,-8.417075921347429,-13.614660110526174
142,469701.97393890034,9247345.2359401,2025-06-23,0.4734382992098196,-7.39603462539506,-13.0759190482981
142,469701.97393890034,9247345.2359401,2025-07-05,0.4135368952622133,-8.65754599538937,-13.829274326300915
142,469701.97393890034,9247345.2359401,2025-07-17,0.1418746479293855,-8.91578653648959,-15.314123646644758
142,469701.97393890034,9247345.2359401,2025-07-29,0.14357022256127022,-8.167449210797395,-15.337133236827201
142,469701.97393890034,9247345.2359401,2025-08-10,0.2633527204576615,-7.387064419222805,-13.971857974190804
142,469701.97393890034,9247345.2359401,2025-08-22,0.5453207800512673,-7.243771971571904,-13.029510309499054
142,469701.97393890034,9247345.2359401,2025-09-03,0.5647513408981619,-7.071043145430911,-13.070760230307776
142,469701.97393890034,9247345.2359401,2025-09-15,0.6094565989633558,-7.431291329580527,-12.15762494242558
142,469701.97393890034,9247345.2359401,2025-09-27,0.30559459348044965,-8.543863267251256,-14.785763872186372
142,469701.97393890034,9247345.2359401,2025-10-09,0.1263141174901601,-8.304123383278572,-15.499973347231236
142,469701.97393890034,9247345.2359401,2025-10-21,0.2378262665230398,-8.090591866979535,-15.17702063029657
142,469701.97393890034,9247345.2359401,2025-11-02,0.054733253543464144,-9.828163940923995,-17.087276586171594
143,461562.8104482815,9251167.694043146,2024-11-07,0.18827505580250145,-8.88136561920869,-15.466056025648292
143,461562.8104482815,9251167.694043146,2024-11-19,0.28597627708824547,-9.782762867963072,-15.073375944919427
143,461562.8104482815,9251167.694043146,2024-12-01,0.30318578835638343,-7.573252826854573,-11.9379804981521
143,461562.8104482815,9251167.694043146,2024-12-13,0.12067498258809709,-7.129957709526229,-13.963823918517212
143,461562.8104482815,9251167.694043146,2024-12-25,0.17639794979262438,-11.745687427734751,-18.44298372484629
143,461562.8104482815,9251167.694043146,2025-01-06,0.40185786835277004,-13.790684155305406,-18.134203012059835
143,461562.8104482815,9251167.694043146,2025-01-18,0.07830596819855207,-7.605463714411633,-15.994667580409217
143,461562.8104482815,9251167.694043146,2025-01-30,0.08329103578214953,-6.45975338174356,-14.439181589699771
143,461562.8104482815,9251167.694043146,2025-02-11,0.15677447197756375,-8.556020869130121,-15.810215263279964
143,461562.8104482815,9251167.694043146,2025-02-23,0.23513309693723294,-8.236571178867813,-14.00215685617339
143,461562.8104482815,9251167.694043146,2025-03-07,0.31712980261784307,-9.091068882425866,-13.631751895387469
143,461562.8104482815,9251167.694043146,2025-03-19,0.3990227353384877,-9.266672269018539,-13.117736404992668
143,461562.8104482815,9251167.694043146,2025-03-31,0.35132087199994877,-9.323773779605188,-13.319090353107985
143,461562.8104482815,9251167.694043146,2025-04-12,0.23081116518085532,-7.479412846816857,-13.086977844712079
143,461562.8104482815,9251167.694043146,2025-04-24,0.20634181015654499,-6.032012303407477,-11.308389452559076
143,461562.8104482815,9251167.694043146,2025-05-06,0.2126265824255809,-7.549676448527489,-12.913002251323375
143,461562.8104482815,9251167.694043146,2025-05-18,0.11206306023365019,-6.384038898896642,-13.715524283757517
143,461562.8104482815,9251167.694043146,2025-05-30,0.10755639820693119,-9.084896349086378,-17.365997767364675
143,461562.8104482815,9251167.694043146,2025-06-11,0.11318180856543758,-7.707637761657182,-15.908043381199722
143,461562.8104482815,9251167.694043146,2025-06-23,0.2593773163511603,-7.276350459807486,-13.143318899903951
143,461562.8104482815,9251167.694043146,2025-07-05,0.2818094663983682,-7.800574609966657,-13.75825242134402
143,461562.8104482815,9251167.694043146,2025-07-17,0.40910725689621824,-9.800567872591667,-13.505288022372898
143,461562.8104482815,9251167.694043146,2025-07-29,0.35237214812103757,-9.619929527044638,-14.612936439515735
143,461562.8104482815,9251167.694043146,2025-08-10,0.31524144783367825,-8.391974080852178,-13.053828843385666
143,461562.8104482815,9251167.694043146,2025-08-22,0.22353947774797303,-6.894490657902757,-11.837200572790405
143,461562.8104482815,9251167.694043146,2025-09-03,0.2371276642603788,-7.319128505576979,-12.035013476888995
143,461562.8104482815,9251167.694043146,2025-09-15,0.2533641997647013,-8.60431383270424,-13.552040828180933
143,461562.8104482815,9251167.694043146,2025-09-27,0.2325382180030756,-10.267698090513798,-16.648268442486074
143,461562.8104482815,9251167.694043146,2025-10-09,0.24207512230722364,-9.8232320128239,-15.67609180268533
143,461562.8104482815,9251167.694043146,2025-10-21,0.20165990881823503,-8.54925162021114,-15.145111712375744
143,461562.8104482815,9251167.694043146,2025-11-02,0.23207863664106573,-7.301685741623542,-12.860073938906268
144,477010.50319447037,9224727.589638263,2024-11-07,0.5042137778215309,-7.217480999817365,-13.240938677697606
144,477010.50319447037,9224727.589638263,2024-11-19,0.4592233179689294,-6.712982826505231,-13.745318345485579
144,477010.50319447037,9224727.589638263,2024-12-01,0.5231235762098058,-5.7666060142092075,-13.386247267556323
144,477010.50319447037,9224727.589638263,2024-12-13,0.5040329539086243,-7.075104100549025,-13.489697061069624
144,477010.50319447037,9224727.589638263,2024-12-25,0.5433620242484458,-6.639390005474294,-12.827967267799632
144,477010.50319447037,9224727.589638263,2025-01-06,0.5246605244838549,-6.177273110040668,-12.551816694679905
144,477010.50319447037,9224727.589638263,2025-01-18,0.4964243039613549,-7.653416803767992,-13.439985833221217
144,477010.50319447037,9224727.589638263,2025-01-30,0.5302366767401648,-5.587616004501943,-12.853730245158129
144,477010.50319447037,9224727.589638263,2025-02-11,0.5085288382896296,-6.893969004987823,-13.261984735205404
144,477010.50319447037,9224727.589638263,2025-02-23,0.5359203889873358,-5.454962709383505,-12.41162405174515
144,477010.50319447037,9224727.589638263,2025-03-07,0.5043633202259821,-6.787733819010128,-12.867331597065629
144,477010.50319447037,9224727.589638263,2025-03-19,0.522217738968255,-6.667311786082486,-12.048580732599719
144,477010.50319447037,9224727.589638263,2025-03-31,0.5007098535902382,-7.82650392897848,-14.416317357432298
144,477010.50319447037,9224727.589638263,2025-04-12,0.40979079244019445,-7.498186601326257,-13.475203256301056
144,477010.50319447037,9224727.589638263,2025-04-24,0.49379282920051076,-8.76866857427318,-14.91395902931239
144,477010.50319447037,9224727.589638263,2025-05-06,0.5199154742391704,-6.452119428599721,-13.407980855820748
144,477010.50319447037,9224727.589638263,2025-05-18,0.5371355332873303,-6.241475442016121,-12.24745011403055
144,477010.50319447037,9224727.589638263,2025-05-30,0.5293789376244711,-5.60474328767617,-12.92507868038992
144,477010.50319447037,9224727.589638263,2025-06-11,0.5230353321323742,-6.371736948452838,-13.117479830595874
144,477010.50319447037,9224727.589638263,2025-06-23,0.5468006670132304,-5.943910878922568,-12.800769554392486
144,477010.50319447037,9224727.589638263,2025-07-05,0.5345434302412323,-6.459592800698566,-12.875695623143878
144,477010.50319447037,9224727.589638263,2025-07-17,0.5407989014262907,-5.9042239677203545,-12.787971718087222
144,477010.50319447037,9224727.589638263,2025-07-29,0.5233328220819283,-7.131588533473014,-13.000258552547413
144,477010.50319447037,9224727.589638263,2025-08-10,0.5254067807846818,-6.300736510926527,-13.346137735341031
144,477010.50319447037,9224727.589638263,2025-08-22,0.5272484220831937,-6.106397398038286,-12.869980164726915
144,477010.50319447037,9224727.589638263,2025-09-03,0.5223869618872725,-5.876576193443397,-12.931763825179292
144,477010.50319447037,9224727.589638263,2025-09-15,0.526253035420815,-6.075663360551697,-13.130986484291093
144,477010.50319447037,9224727.589638263,2025-09-27,0.5188109325753892,-6.333017065422228,-12.976057046627306
144,477010.50319447037,9224727.589638263,2025-10-09,0.5144047843172087,-6.278107251278688,-13.147858430624959
144,477010.50319447037,9224727.589638263,2025-10-21,0.5258247575663109,-5.155282243799899,-12.575022096490487
144,477010.50319447037,9224727.589638263,2025-11-02,0.5345353933860381,-5.446519523691683,-12.58462238841951
145,460417.57402200194,9220874.681483109,2024-11-07,0.29451968916618704,-8.209227985612875,-13.026224573691785
145,460417.57402200194,9220874.681483109,2024-11-19,0.2527962177050584,-9.453076389917614,-14.903448738724208
145,460417.57402200194,9220874.681483109,2024-12-01,0.34014741582434915,-8.594937572492999,-13.428729380856355
145,460417.57402200194,9220874.681483109,2024-12-13,0.3337736199737196,-8.959787942482608,-14.204255698013624
145,460417.57402200194,9220874.681483109,2024-12-25,0.36142988633005263,-8.194443510097383,-13.204253340351409
145,460417.57402200194,9220874.681483109,2025-01-06,0.2810423212501943,-7.941773671165707,-13.238718387203555
145,460417.57402200194,9220874.681483109,2025-01-18,0.20643898054156218,-8.955236662239523,-15.6945280577177
145,460417.57402200194,9220874.681483109,2025-01-30,0.337389840775999,-8.107808316184311,-13.004831351572381
145,460417.57402200194,9220874.681483109,2025-02-11,0.31113630693462024,-7.001965155101967,-12.330068421263192
145,460417.57402200194,9220874.681483109,2025-02-23,0.33024163064445694,-7.708760993189069,-12.727896971929798
145,460417.57402200194,9220874.681483109,2025-03-07,0.5167098382576161,-7.884212350255851,-10.213155359674877
145,460417.57402200194,9220874.681483109,2025-03-19,0.4745065727162203,-8.180554477058502,-11.131797040237297
145,460417.57402200194,9220874.681483109,2025-03-31,0.3904089203204842,-8.637697409989837,-13.793246094086532
145,460417.57402200194,9220874.681483109,2025-04-12,0.4047392641998297,-7.982594195244863,-12.229157118903757
145,460417.57402200194,9220874.681483109,2025-04-24,0.36187413996526696,-7.5470501190271815,-11.547810288194189
145,460417.57402200194,9220874.681483109,2025-05-06,0.25521339849100355,-8.248094888589762,-14.328430696697863
145,460417.57402200194,9220874.681483109,2025-05-18,0.2654291091941069,-8.163808161305232,-13.644958270400313
145,460417.57402200194,9220874.681483109,2025-05-30,0.3836132456725949,-7.90852155378868,-12.15042399694575
145,460417.57402200194,9220874.681483109,2025-06-11,0.2971265559316194,-8.09965824786721,-12.79066741790463
145,460417.57402200194,9220874.681483109,2025-06-23,0.3447852655482248,-8.205464661811494,-12.764020886712492
145,460417.57402200194,9220874.681483109,2025-07-05,0.35380823304335285,-7.617000881217509,-12.301652927662555
145,460417.57402200194,9220874.681483109,2025-07-17,0.44482457285561144,-7.537676606802778,-11.342823020950938
145,460417.57402200194,9220874.681483109,2025-07-29,0.4600252885657867,-9.060085086757312,-12.764724155324945
145,460417.57402200194,9220874.681483109,2025-08-10,0.43516610857223,-9.305848135873378,-13.310125630843437
145,460417.57402200194,9220874.681483109,2025-08-22,0.4562735340942278,-8.606266992668612,-12.928108758362587
145,460417.57402200194,9220874.681483109,2025-09-03,0.2615861954067801,-8.590448628551478,-14.570242191275515
145,460417.57402200194,9220874.681483109,2025-09-15,0.27784484715179353,-8.424060668266987,-13.947594632713356
145,460417.57402200194,9220874.681483109,2025-09-27,0.28211634465895175,-8.869886428589627,-14.45163676606621
145,460417.57402200194,9220874.681483109,2025-10-09,0.30427624502323325,-8.131149507354369,-13.166621939370472
145,460417.57402200194,9220874.681483109,2025-10-21,0.2944079398524033,-7.77610799019373,-12.67290148030149
145,460417.57402200194,9220874.681483109,2025-11-02,0.29978773276574583,-7.443747690278431,-12.913682471786807
146,491309.53978197114,9236631.059191298,2024-11-07,0.213839310787941,-10.985490269007558,-18.207591735126346
146,491309.53978197114,9236631.059191298,2024-11-19,0.22366542012267182,-9.259020727652802,-17.09595863162322
146,491309.53978197114,9236631.059191298,2024-12-01,0.21843720032536634,-9.725753558687906,-17.223111407783904
146,491309.53978197114,9236631.059191298,2024-12-13,0.247298106949995,-7.930882168708532,-16.771389532898933
146,491309.53978197114,9236631.059191298,2024-12-25,0.2763519200419353,-7.157464426576323,-15.817507223877314
146,491309.53978197114,9236631.059191298,2025-01-06,0.2670811095286096,-6.578718250241691,-14.895465549305783
146,491309.53978197114,9236631.059191298,2025-01-18,0.2670223937148623,-5.6753254885700954,-15.687108347955691
146,491309.53978197114,9236631.059191298,2025-01-30,0.24718254817751,-7.366793450615048,-16.26804890295577
146,491309.53978197114,9236631.059191298,2025-02-11,0.20586164662158202,-10.227903781517595,-18.295509206776504
146,491309.53978197114,9236631.059191298,2025-02-23,0.2594053392341531,-6.043127135386646,-16.25803314379106
146,491309.53978197114,9236631.059191298,2025-03-07,0.18655301255740203,-9.014024807987731,-17.55233164701348
146,491309.53978197114,9236631.059191298,2025-03-19,0.21345416173572765,-9.674489981460649,-17.957191943981126
146,491309.53978197114,9236631.059191298,2025-03-31,0.1681972575893127,-12.961809059981432,-19.98792749314511
146,491309.53978197114,9236631.059191298,2025-04-12,0.17741076556341911,-12.476852918286188,-19.346841625709235
146,491309.53978197114,9236631.059191298,2025-04-24,0.16003929083820118,-12.55076673925908,-19.464569737726016
146,491309.53978197114,9236631.059191298,2025-05-06,0.21158981644787425,-10.079330618748891,-17.70800650820627
146,491309.53978197114,9236631.059191298,2025-05-18,0.1902996249557675,-11.827373282935655,-18.338371486930072
146,491309.53978197114,9236631.059191298,2025-05-30,0.17950622395804813,-12.629241447664576,-18.876518928316596
146,491309.53978197114,9236631.059191298,2025-06-11,0.17799942971349603,-12.622669080586842,-19.082863908135412
146,491309.53978197114,9236631.059191298,2025-06-23,0.21612300031477089,-10.149195788717323,-17.445706767225513
146,491309.53978197114,9236631.059191298,2025-07-05,0.23409481835098103,-8.864595937152242,-16.179363836618457
146,491309.53978197114,9236631.059191298,2025-07-17,0.23647155117239305,-8.034593090655399,-16.863036083396707
146,491309.53978197114,9236631.059191298,2025-07-29,0.21895826251909328,-9.742561104355271,-17.197719287038876
146,491309.53978197114,9236631.059191298,2025-08-10,0.2249511964822356,-9.816627950969304,-17.395385161721215
146,491309.53978197114,9236631.059191298,2025-08-22,0.2546434092989402,-7.60866397825175,-15.583660676772057
146,491309.53978197114,9236631.059191298,2025-09-03,0.23890214136117574,-9.202544797511319,-16.372184914592832
146,491309.53978197114,9236631.059191298,2025-09-15,0.2621325422881849,-7.587579511743838,-14.527743834662443
146,491309.53978197114,9236631.059191298,2025-09-27,0.2663723293429665,-6.654885137302795,-14.564466809020306
146,491309.53978197114,9236631.059191298,2025-10-09,0.22379337441316896,-7.760869194475076,-15.54835414337716
146,491309.53978197114,9236631.059191298,2025-10-21,0.21861323488172485,-8.932589513162666,-16.17944218523967
146,491309.53978197114,9236631.059191298,2025-11-02,0.20997931402736592,-10.078226967474285,-17.92615419541161
147,474676.1857214124,9237165.285809558,2024-11-07,0.32659999980437016,-9.977950539862784,-15.38804564139878
147,474676.1857214124,9237165.285809558,2024-11-19,0.21357154169880216,-9.883155515759608,-17.203039134879717
147,474676.1857214124,9237165.285809558,2024-12-01,0.251632574785276,-9.732659950516474,-17.152881633097007
147,474676.1857214124,9237165.285809558,2024-12-13,0.40709550966196717,-8.548998235060065,-14.972528771404024
147,474676.1857214124,9237165.285809558,2024-12-25,0.437736565124897,-8.467632491439254,-14.195073337202713
147,474676.1857214124,9237165.285809558,2025-01-06,0.43083970085620227,-8.892694039767651,-14.156600007703439
147,474676.1857214124,9237165.285809558,2025-01-18,0.38050576431821415,-9.098691944635156,-14.635871550208943
147,474676.1857214124,9237165.285809558,2025-01-30,0.392463545980385,-8.551410076727961,-14.178216272699842
147,474676.1857214124,9237165.285809558,2025-02-11,0.4910896439623218,-6.5764611483335305,-11.568436208701801
147,474676.1857214124,9237165.285809558,2025-02-23,0.3352925268739629,-7.362673269553468,-14.620377932078016
147,474676.1857214124,9237165.285809558,2025-03-07,0.23047453299242707,-11.182508178419575,-18.183566892593674
147,474676.1857214124,9237165.285809558,2025-03-19,0.29601937755714774,-8.967325863848497,-15.504658013935725
147,474676.1857214124,9237165.285809558,2025-03-31,0.3290336787709125,-8.625113779751263,-15.307711960365985
147,474676.1857214124,9237165.285809558,2025-04-12,0.34331094903719905,-8.766437450571456,-15.610501531812309
147,474676.1857214124,9237165.285809558,2025-04-24,0.41854161245206345,-8.277161225973098,-14.357231660690639
147,474676.1857214124,9237165.285809558,2025-05-06,0.4495372073199997,-8.297761135977655,-13.846212447819648
147,474676.1857214124,9237165.285809558,2025-05-18,0.4344546992537673,-8.701311493413705,-14.227221927668225
147,474676.1857214124,9237165.285809558,2025-05-30,0.3627662512298736,-8.4409074740502,-14.64050409050355
147,474676.1857214124,9237165.285809558,2025-06-11,0.4637648843616127,-7.376199782833291,-12.407368259227745
147,474676.1857214124,9237165.285809558,2025-06-23,0.40559637724409897,-6.111176837692398,-11.731952656806062
147,474676.1857214124,9237165.285809558,2025-07-05,0.3914952453266853,-7.802501456391138,-12.945651521326361
147,474676.1857214124,9237165.285809558,2025-07-17,0.42255241616751343,-7.532564043741594,-13.494175070651698
147,474676.1857214124,9237165.285809558,2025-07-29,0.5028722828844862,-7.467420248722166,-12.52094873167361
147,474676.1857214124,9237165.285809558,2025-08-10,0.4300036167628531,-6.823485199568259,-13.021068597258427
147,474676.1857214124,9237165.285809558,2025-08-22,0.4479914540082231,-6.706559833963839,-11.848641974126979
147,474676.1857214124,9237165.285809558,2025-09-03,0.3519349984953797,-7.515868747446654,-13.27554524033085
147,474676.1857214124,9237165.285809558,2025-09-15,0.2716674175291529,-9.186127179959021,-15.718815899490746
147,474676.1857214124,9237165.285809558,2025-09-27,0.2759394622812903,-9.783473460313695,-16.756321117025777
147,474676.1857214124,9237165.285809558,2025-10-09,0.22556496027930525,-10.384059681998458,-17.40508634329805
147,474676.1857214124,9237165.285809558,2025-10-21,0.23402049956401852,-9.886407312141694,-17.30409629874665
147,474676.1857214124,9237165.285809558,2025-11-02,0.3344112061993435,-8.325424695688582,-15.077321066880744
148,477342.1611593179,9232957.369646138,2024-11-07,0.17654403776483538,-9.603302349732246,-16.688426802057645
148,477342.1611593179,9232957.369646138,2024-11-19,0.26469179610799515,-11.327169059543,-18.42816769659621
148,477342.1611593179,9232957.369646138,2024-12-01,0.2586266056659415,-11.322830850135379,-18.55885073837119
148,477342.1611593179,9232957.369646138,2024-12-13,0.3511599893740562,-10.3555712785448,-17.575083186893117
148,477342.1611593179,9232957.369646138,2024-12-25,0.4011879528383753,-9.569137159655572,-15.61477509963756
148,477342.1611593179,9232957.369646138,2025-01-06,0.44758442339877424,-10.620755768802947,-16.038883591653537
148,477342.1611593179,9232957.369646138,2025-01-18,0.33179553100668646,-10.83432114031571,-16.391982213050575
148,477342.1611593179,9232957.369646138,2025-01-30,0.2990121607249375,-9.300401132582005,-15.449637477927352
148,477342.1611593179,9232957.369646138,2025-02-11,0.3261319605904466,-7.259932088525511,-12.616920022986454
148,477342.1611593179,9232957.369646138,2025-02-23,0.306418842258061,-8.353495039678688,-14.250701697653703
148,477342.1611593179,9232957.369646138,2025-03-07,0.19829212422260178,-6.379964883557607,-13.04856808406231
148,477342.1611593179,9232957.369646138,2025-03-19,0.21186906611154813,-8.668095158732214,-14.837423828433474
148,477342.1611593179,9232957.369646138,2025-03-31,0.24492600097339584,-11.578430420391848,-19.143737357993018
148,477342.1611593179,9232957.369646138,2025-04-12,0.23630742115999773,-12.481639380024248,-18.820829285631614
148,477342.1611593179,9232957.369646138,2025-04-24,0.30829737586011097,-9.368293125527055,-16.419412885031484
148,477342.1611593179,9232957.369646138,2025-05-06,0.4011372889743482,-9.713089458779857,-16.39822551597283
148,477342.1611593179,9232957.369646138,2025-05-18,0.4411629706850583,-9.457043335244144,-15.104205094522694
148,477342.1611593179,9232957.369646138,2025-05-30,0.2632445264085836,-9.014515953245331,-15.936176494447995
148,477342.1611593179,9232957.369646138,2025-06-11,0.31000266600246695,-9.70219285305891,-15.642814468786927
148,477342.1611593179,9232957.369646138,2025-06-23,0.2643787239799831,-8.22091020408818,-14.312590370332337
148,477342.1611593179,9232957.369646138,2025-07-05,0.3218277106445515,-6.675423847902092,-12.539660183890495
148,477342.1611593179,9232957.369646138,2025-07-17,0.21873751421363904,-6.279432119637819,-13.218858874123013
148,477342.1611593179,9232957.369646138,2025-07-29,0.20786774735951322,-4.706063952032028,-12.409998213288391
148,477342.1611593179,9232957.369646138,2025-08-10,0.26295427655962333,-7.226607364893417,-13.49615635865145
148,477342.1611593179,9232957.369646138,2025-08-22,0.2449016008563211,-6.9140864928888774,-14.083201800060253
148,477342.1611593179,9232957.369646138,2025-09-03,0.26506213420992186,-7.494455821247984,-13.62842365578371
148,477342.1611593179,9232957.369646138,2025-09-15,0.23705691108850246,-9.817814921082304,-16.451218981322615
148,477342.1611593179,9232957.369646138,2025-09-27,0.24571426644460442,-8.229786279499569,-15.471029216644986
148,477342.1611593179,9232957.369646138,2025-10-09,0.1639006168356253,-9.599721736313999,-17.797534230203908
148,477342.1611593179,9232957.369646138,2025-10-21,0.23349825739147212,-14.544568063366189,-21.093312638402836
148,477342.1611593179,9232957.369646138,2025-11-02,0.3963060856463111,-12.497594377008287,-16.76714185280921
149,464868.7742143947,9240630.535268933,2024-11-07,0.23722512761714548,-10.577404848770536,-18.151279914333713
149,464868.7742143947,9240630.535268933,2024-11-19,0.1855492310346372,-8.858480891455383,-15.762039895455196
149,464868.7742143947,9240630.535268933,2024-12-01,0.2787000033437494,-11.954523776646052,-18.74820260810956
149,464868.7742143947,9240630.535268933,2024-12-13,0.19218104124814575,-9.098093665129666,-17.129623328688183
149,464868.7742143947,9240630.535268933,2024-12-25,0.2603891769731697,-8.517316614632545,-14.861242897773238
149,464868.7742143947,9240630.535268933,2025-01-06,0.3100408736343943,-9.342875184396352,-16.19382445624826
149,464868.7742143947,9240630.535268933,2025-01-18,0.24355455693147424,-8.495129309170549,-14.929484382887457
149,464868.7742143947,9240630.535268933,2025-01-30,0.22436699787964287,-7.573526562734786,-14.242179881220792
149,464868.7742143947,9240630.535268933,2025-02-11,0.25437491687219826,-6.875843252504384,-12.22591590252432
149,464868.7742143947,9240630.535268933,2025-02-23,0.2636187912678823,-7.888093552211744,-13.378242955017129
149,464868.7742143947,9240630.535268933,2025-03-07,0.20683161640317776,-8.61917333749768,-14.731533358219133
149,464868.7742143947,9240630.535268933,2025-03-19,0.19293303834244677,-9.869973307692815,-17.04805449187199
149,464868.7742143947,9240630.535268933,2025-03-31,0.2301294537044114,-9.554924105201838,-16.86313731981935
149,464868.7742143947,9240630.535268933,2025-04-12,0.24289801848336925,-9.053744137709659,-16.015376956754974
149,464868.7742143947,9240630.535268933,2025-04-24,0.28789436252117745,-8.264414811896218,-14.867360187802127
149,464868.7742143947,9240630.535268933,2025-05-06,0.34419099210243465,-9.395989926269756,-14.86392459170945
149,464868.7742143947,9240630.535268933,2025-05-18,0.30923846712342345,-7.944061191954195,-14.029894934158865
149,464868.7742143947,9240630.535268933,2025-05-30,0.26994091899967154,-8.298697394658305,-13.759252815569871
149,464868.7742143947,9240630.535268933,2025-06-11,0.3032664180336005,-7.92528132326952,-13.452064586408794
149,464868.7742143947,9240630.535268933,2025-06-23,0.20576671370999813,-7.100717230235876,-13.372864270890513
149,464868.7742143947,9240630.535268933,2025-07-05,0.2302423752918382,-7.131548942824456,-12.336901668776715
149,464868.7742143947,9240630.535268933,2025-07-17,0.23373873100552817,-6.453776441429027,-11.615459978249772
149,464868.7742143947,9240630.535268933,2025-07-29,0.2536417101061875,-8.129855803082133,-13.559748577162733
149,464868.7742143947,9240630.535268933,2025-08-10,0.24310241988049455,-7.394004061125846,-13.678119870635005
149,464868.7742143947,9240630.535268933,2025-08-22,0.2572282519291012,-7.409754669910218,-13.176969477105986
149,464868.7742143947,9240630.535268933,2025-09-03,0.27683782285195113,-8.406246346569462,-14.225385099389506
149,464868.7742143947,9240630.535268933,2025-09-15,0.23637252935381614,-8.084734487133828,-13.923620871694016
149,464868.7742143947,9240630.535268933,2025-09-27,0.21530241540320863,-8.582358059751847,-15.289866171225027
149,464868.7742143947,9240630.535268933,2025-10-09,0.20008464989826757,-8.183426862540305,-14.961810071577533
149,464868.7742143947,9240630.535268933,2025-10-21,0.2624658201830264,-11.904899956543442,-18.8806957091798
149,464868.7742143947,9240630.535268933,2025-11-02,0.25711983313560066,-10.616461393442815,-17.539427264711314
150,489236.15776297066,9234469.146194836,2024-11-07,0.26882467665398313,-7.274327734581386,-13.457502373093927
150,489236.15776297066,9234469.146194836,2024-11-19,0.19587686442210642,-6.330453690437089,-13.786276213052819
150,489236.15776297066,9234469.146194836,2024-12-01,0.2111691703749472,-6.430344155657313,-13.643281837015884
150,489236.15776297066,9234469.146194836,2024-12-13,0.17329570354159501,-6.33769143622185,-14.150048018358882
150,489236.15776297066,9234469.146194836,2024-12-25,0.2154708553784324,-11.852868148243923,-19.607231704725823
150,489236.15776297066,9234469.146194836,2025-01-06,0.11925134463127174,-9.147808563925281,-18.201223926004623
150,489236.15776297066,9234469.146194836,2025-01-18,0.26610057562672124,-8.72257209179398,-15.284808804128314
150,489236.15776297066,9234469.146194836,2025-01-30,0.33817755980101843,-9.709230297851374,-15.185849770517244
150,489236.15776297066,9234469.146194836,2025-02-11,0.3363672670944893,-9.641242586225841,-15.140172676841797
150,489236.15776297066,9234469.146194836,2025-02-23,0.24396736114150788,-6.795055942860367,-13.504325318105217
150,489236.15776297066,9234469.146194836,2025-03-07,0.432555706708363,-8.315360290819724,-12.000258885555944
150,489236.15776297066,9234469.146194836,2025-03-19,0.32738331031876766,-8.985982084783988,-14.563121393459113
150,489236.15776297066,9234469.146194836,2025-03-31,0.2625993787485932,-8.26491681524172,-14.832892081829453
150,489236.15776297066,9234469.146194836,2025-04-12,0.20823711066233336,-6.392779552154625,-13.51452514858821
150,489236.15776297066,9234469.146194836,2025-04-24,0.21166064451318184,-7.216118675980693,-14.33722179875175
150,489236.15776297066,9234469.146194836,2025-05-06,0.1504256168404427,-10.437519217208589,-18.949898931165606
150,489236.15776297066,9234469.146194836,2025-05-18,0.21192863773758308,-11.670680522940371,-19.47205855933793
150,489236.15776297066,9234469.146194836,2025-05-30,0.10885935395772645,-8.583598725474127,-17.745138752111032
150,489236.15776297066,9234469.146194836,2025-06-11,0.22477141123383235,-9.150462798766993,-16.60572633112516
150,489236.15776297066,9234469.146194836,2025-06-23,0.35962094681452755,-8.710114285876323,-13.944211795808158
150,489236.15776297066,9234469.146194836,2025-07-05,0.34166216841957653,-8.411591837869745,-13.681414700955001
150,489236.15776297066,9234469.146194836,2025-07-17,0.35377337153887567,-9.979941294299692,-15.446599797099415
150,489236.15776297066,9234469.146194836,2025-07-29,0.4178760835303629,-9.998474595065177,-14.177532071808683
150,489236.15776297066,9234469.146194836,2025-08-10,0.13833979757946718,-4.185148149134037,-12.386939544886364
150,489236.15776297066,9234469.146194836,2025-08-22,0.09248648183351518,-3.521213175373286,-12.482160957226764
150,489236.15776297066,9234469.146194836,2025-09-03,0.1571872949999636,-6.033544232579118,-14.098797756204947
150,489236.15776297066,9234469.146194836,2025-09-15,0.2527277348782692,-7.296191081960818,-13.746193862289322
150,489236.15776297066,9234469.146194836,2025-09-27,0.2637522941463649,-7.941135797261305,-14.452797711100565
150,489236.15776297066,9234469.146194836,2025-10-09,0.1732740017435236,-6.971705307100437,-14.978789750256556
150,489236.15776297066,9234469.146194836,2025-10-21,0.24009785747438453,-9.523487128421323,-16.490731814612786
150,489236.15776297066,9234469.146194836,2025-11-02,0.22191073689328009,-11.747797274102936,-19.391997918732223
151,466020.43578428496,9215960.979619548,2024-11-07,0.45952347468802685,-5.120621181249215,-10.578795350657051
151,466020.43578428496,9215960.979619548,2024-11-19,0.409377348856241,-4.922722545755049,-12.85320110493625
151,466020.43578428496,9215960.979619548,2024-12-01,0.4092988761628908,-6.0010161485415185,-12.599927274336558
151,466020.43578428496,9215960.979619548,2024-12-13,0.4123752842965199,-4.682280474604727,-12.600260708357577
151,466020.43578428496,9215960.979619548,2024-12-25,0.4373400221748452,-4.996220723876776,-11.44586518817322
151,466020.43578428496,9215960.979619548,2025-01-06,0.4567173854664059,-5.120263191519901,-12.424119524897073
151,466020.43578428496,9215960.979619548,2025-01-18,0.41953833194818546,-5.152804785348384,-11.742550150176696
151,466020.43578428496,9215960.979619548,2025-01-30,0.40885708275676447,-6.083243423614104,-12.625857285589865
151,466020.43578428496,9215960.979619548,2025-02-11,0.42468381466519856,-4.664073145694836,-11.326855547944376
151,466020.43578428496,9215960.979619548,2025-02-23,0.4202578772970057,-5.553778646395612,-11.570638188722961
151,466020.43578428496,9215960.979619548,2025-03-07,0.4135526306836735,-4.791911326059865,-11.984311343292442
151,466020.43578428496,9215960.979619548,2025-03-19,0.41516612579820494,-5.43358843943487,-11.96775670892857
151,466020.43578428496,9215960.979619548,2025-03-31,0.4045413983929616,-5.199936930135817,-13.288041292677217
151,466020.43578428496,9215960.979619548,2025-04-12,0.4319276011249552,-5.329505294368831,-11.590032665614888
151,466020.43578428496,9215960.979619548,2025-04-24,0.40961323614069783,-5.492668928727277,-12.641537291888863
151,466020.43578428496,9215960.979619548,2025-05-06,0.4150687363793497,-4.827805236753093,-12.57464766930235
151,466020.43578428496,9215960.979619548,2025-05-18,0.34662301330379247,-4.999490709024256,-12.099767521945648
151,466020.43578428496,9215960.979619548,2025-05-30,0.41059684139799807,-4.425793581159015,-12.847073332394986
151,466020.43578428496,9215960.979619548,2025-06-11,0.40263886799320225,-4.3293519044330475,-12.960913340370254
151,466020.43578428496,9215960.979619548,2025-06-23,0.4201678497219972,-5.079665605744963,-12.279097696375137
151,466020.43578428496,9215960.979619548,2025-07-05,0.38682853702689335,-5.3814332867116645,-12.217484431093771
151,466020.43578428496,9215960.979619548,2025-07-17,0.4156301085626003,-4.3321683024144395,-11.796340461998485
151,466020.43578428496,9215960.979619548,2025-07-29,0.4000567500731049,-4.509874852990948,-13.00709651385733
151,466020.43578428496,9215960.979619548,2025-08-10,0.3985464793347484,-5.442174428426805,-11.319538299078534
151,466020.43578428496,9215960.979619548,2025-08-22,0.4221408310501278,-5.151303222158713,-12.420870199146913
151,466020.43578428496,9215960.979619548,2025-09-03,0.41179954260811585,-4.821192540354894,-13.44301848145218
151,466020.43578428496,9215960.979619548,2025-09-15,0.4257261697810437,-4.175698138749386,-12.101193836379725
151,466020.43578428496,9215960.979619548,2025-09-27,0.41136789916063193,-4.613586957066962,-12.721497135387354
151,466020.43578428496,9215960.979619548,2025-10-09,0.4251046056736976,-4.489032058185926,-11.784421345338083
151,466020.43578428496,9215960.979619548,2025-10-21,0.4183667832809344,-5.004879732668052,-12.321430474181108
151,466020.43578428496,9215960.979619548,2025-11-02,0.41519271688554066,-5.51921994058505,-12.104860007450831
152,466079.40554025775,9248867.88108654,2024-11-07,0.07152623075362298,-3.9426045031529355,-9.966970632768392
152,466079.40554025775,9248867.88108654,2024-11-19,0.09346152034745646,-3.8765169804092747,-10.968493224344503
152,466079.40554025775,9248867.88108654,2024-12-01,0.10071192734288177,-3.707388556920696,-11.189564346723312
152,466079.40554025775,9248867.88108654,2024-12-13,0.08208092273020247,-4.507299886714156,-11.796145195029213
152,466079.40554025775,9248867.88108654,2024-12-25,0.09104625388178313,-3.8842139916315728,-10.730322790648573
152,466079.40554025775,9248867.88108654,2025-01-06,0.18654020572179492,-1.4781867444519214,-11.297372162302848
152,466079.40554025775,9248867.88108654,2025-01-18,0.11587280214985775,-3.459309169287915,-12.008918419869026
152,466079.40554025775,9248867.88108654,2025-01-30,0.12132568531738622,-2.984110784349837,-10.998135857923591
152,466079.40554025775,9248867.88108654,2025-02-11,0.11980600833721441,-2.842583456110139,-10.353210052515188
152,466079.40554025775,9248867.88108654,2025-02-23,0.0653604859965241,-5.025117217364409,-11.779467727309871
152,466079.40554025775,9248867.88108654,2025-03-07,0.10570579344481203,-3.2196458061651194,-10.086141275814475
152,466079.40554025775,9248867.88108654,2025-03-19,0.10078852500622289,-4.114975764397186,-12.172113595282712
152,466079.40554025775,9248867.88108654,2025-03-31,0.09075180426105045,-3.882375167396538,-10.691893718523245
152,466079.40554025775,9248867.88108654,2025-04-12,0.10019260082436386,-3.9127647131918795,-11.0694899081353
152,466079.40554025775,9248867.88108654,2025-04-24,0.10784802028386684,-3.502824105670042,-11.088708224280667
152,466079.40554025775,9248867.88108654,2025-05-06,0.09711024461872252,-3.942576645094107,-11.4207360550609
152,466079.40554025775,9248867.88108654,2025-05-18,0.10756920558680672,-3.7842264048575798,-11.870477368065561
152,466079.40554025775,9248867.88108654,2025-05-30,0.13534950200059317,-2.681728554328491,-11.509438906720362
152,466079.40554025775,9248867.88108654,2025-06-11,0.11072865521410848,-3.5139278310878406,-10.275094502775383
152,466079.40554025775,9248867.88108654,2025-06-23,0.10277012403961791,-3.45300070097839,-10.815521955071407
152,466079.40554025775,9248867.88108654,2025-07-05,0.11439072674686696,-3.6829186875409445,-12.321832393840507
152,466079.40554025775,9248867.88108654,2025-07-17,0.08983232887053572,-4.143948355523121,-11.091396918263092
152,466079.40554025775,9248867.88108654,2025-07-29,0.09044648025852489,-3.90300244267717,-11.620739590690855
152,466079.40554025775,9248867.88108654,2025-08-10,0.08542834858532901,-3.97558457924211,-10.370789572438937
152,466079.40554025775,9248867.88108654,2025-08-22,0.09728301461203842,-3.546312947478517,-10.666584182023577
152,466079.40554025775,9248867.88108654,2025-09-03,0.08505590923362057,-4.235134407484565,-10.846327826586721
152,466079.40554025775,9248867.88108654,2025-09-15,0.09349585378787763,-3.7441366744979367,-10.790806752062773
152,466079.40554025775,9248867.88108654,2025-09-27,0.09266418463181178,-3.8768892464185716,-10.66152781187207
152,466079.40554025775,9248867.88108654,2025-10-09,0.09579784169439415,-3.8454467601985662,-10.347357691773153
152,466079.40554025775,9248867.88108654,2025-10-21,0.07886645662551069,-3.840132603013997,-10.470208297482756
152,466079.40554025775,9248867.88108654,2025-11-02,0.1260019809560053,-3.125709423942486,-11.988602873251065
153,482894.2229504823,9231116.701917304,2024-11-07,0.19118460945421567,-4.329975164312294,-14.227323733524706
153,482894.2229504823,9231116.701917304,2024-11-19,0.10497137611335436,-2.5917811959627923,-14.35540313315382
153,482894.2229504823,9231116.701917304,2024-12-01,0.2682546242436991,-2.7630821089748974,-13.130906662043548
153,482894.2229504823,9231116.701917304,2024-12-13,0.20425109868629623,-2.5347423102903557,-13.058248156748485
153,482894.2229504823,9231116.701917304,2024-12-25,0.21640475795114109,-3.751712734247485,-13.8683989842315
153,482894.2229504823,9231116.701917304,2025-01-06,0.23463075084057097,-2.6742254229320093,-14.201558675513835
153,482894.2229504823,9231116.701917304,2025-01-18,0.27074912578769844,-3.621448045856503,-13.329821852515066
153,482894.2229504823,9231116.701917304,2025-01-30,0.24593278537603586,-3.013674996020686,-13.63552525690208
153,482894.2229504823,9231116.701917304,2025-02-11,0.314825343593483,-3.654901312309667,-12.485573748698846
153,482894.2229504823,9231116.701917304,2025-02-23,0.21451351364488053,-2.8976864924916743,-14.210798517260121
153,482894.2229504823,9231116.701917304,2025-03-07,0.2638069140068763,-2.82792113043027,-13.315633573399001
153,482894.2229504823,9231116.701917304,2025-03-19,0.29304207572419305,-3.1152634628269604,-12.979897562656905
153,482894.2229504823,9231116.701917304,2025-03-31,0.22210055755363514,-3.605147499964663,-14.267590211114019
153,482894.2229504823,9231116.701917304,2025-04-12,0.25737603872794146,-4.5284569955584715,-13.850149003787097
153,482894.2229504823,9231116.701917304,2025-04-24,0.18131554690840734,-3.4085184824330477,-13.752898216463436
153,482894.2229504823,9231116.701917304,2025-05-06,0.2552795798379513,-3.846103494409906,-13.700915064402569
153,482894.2229504823,9231116.701917304,2025-05-18,0.36857943680588867,-4.010590332516804,-12.77312407612565
153,482894.2229504823,9231116.701917304,2025-05-30,0.20974690138526192,-2.688807761466858,-14.242976929218688
153,482894.2229504823,9231116.701917304,2025-06-11,0.3778778081751474,-3.685591821951987,-13.385402585142785
153,482894.2229504823,9231116.701917304,2025-06-23,0.37599593811015475,-3.2488736624184513,-13.747862391476737
153,482894.2229504823,9231116.701917304,2025-07-05,0.3062702480297703,-4.444470302328019,-12.878735555470946
153,482894.2229504823,9231116.701917304,2025-07-17,0.32617414034238273,-3.3082497533295303,-12.792997615058997
153,482894.2229504823,9231116.701917304,2025-07-29,0.3325220981560689,-4.12938930021572,-12.633640269221864
153,482894.2229504823,9231116.701917304,2025-08-10,0.3374254075859235,-4.026739575140629,-11.940096768556332
153,482894.2229504823,9231116.701917304,2025-08-22,0.345046278788273,-3.675111982345883,-12.999347421047165
153,482894.2229504823,9231116.701917304,2025-09-03,0.2921552648366983,-3.9288425786941206,-13.003663909309502
153,482894.2229504823,9231116.701917304,2025-09-15,0.3181640669400915,-3.440030349830424,-12.603134738736632
153,482894.2229504823,9231116.701917304,2025-09-27,0.2792831550033651,-3.969734719486074,-13.264812303556896
153,482894.2229504823,9231116.701917304,2025-10-09,0.16705387890113604,-3.660690160394073,-14.039552130716544
153,482894.2229504823,9231116.701917304,2025-10-21,0.14188784445508257,-3.2638939652563965,-13.547315089216049
153,482894.2229504823,9231116.701917304,2025-11-02,0.25679060656866354,-2.3498524826943856,-13.233972604227839
154,488340.85920576146,9234130.511992412,2024-11-07,0.2002974331294498,-8.14774090033882,-16.055276017290904
154,488340.85920576146,9234130.511992412,2024-11-19,0.2204328088197167,-8.782672317649823,-16.854951480797062
154,488340.85920576146,9234130.511992412,2024-12-01,0.22945140024383537,-9.53427561378937,-17.733500892102604
154,488340.85920576146,9234130.511992412,2024-12-13,0.28463682764384474,-11.513735211002178,-18.92955987948757
154,488340.85920576146,9234130.511992412,2024-12-25,0.24065556443456154,-7.607130278706257,-15.32801642166895
154,488340.85920576146,9234130.511992412,2025-01-06,0.1753128944435995,-7.478331612949466,-15.968521362502724
154,488340.85920576146,9234130.511992412,2025-01-18,0.36028858287100957,-10.722368383086303,-16.597445707643832
154,488340.85920576146,9234130.511992412,2025-01-30,0.23062095060117324,-8.34738404967194,-16.012379203403444
154,488340.85920576146,9234130.511992412,2025-02-11,0.2873082101093945,-8.422498067136814,-14.555551426230116
154,488340.85920576146,9234130.511992412,2025-02-23,0.32019207093897023,-8.954319412115039,-14.939691388801075
154,488340.85920576146,9234130.511992412,2025-03-07,0.2697575762390869,-7.177033629642825,-14.027764375699771
154,488340.85920576146,9234130.511992412,2025-03-19,0.27728877371947336,-8.425103854172287,-14.697961619363666
154,488340.85920576146,9234130.511992412,2025-03-31,0.26887024927891345,-8.049940804417416,-14.759030018913416
154,488340.85920576146,9234130.511992412,2025-04-12,0.1955007521926702,-7.28504032326836,-14.527735298449953
154,488340.85920576146,9234130.511992412,2025-04-24,0.20966845152480484,-9.791554637833245,-17.54436076884212
154,488340.85920576146,9234130.511992412,2025-05-06,0.38050606685750654,-12.375989921186102,-18.522233389510202
154,488340.85920576146,9234130.511992412,2025-05-18,0.3290002317360986,-11.629823495293822,-18.571605761342248
154,488340.85920576146,9234130.511992412,2025-05-30,0.18779929031136353,-7.805383702111583,-16.165382802067594
154,488340.85920576146,9234130.511992412,2025-06-11,0.28197958961907527,-8.122974586033763,-15.317147457579068
154,488340.85920576146,9234130.511992412,2025-06-23,0.3714281896342937,-8.81310813851795,-15.208398592448475
154,488340.85920576146,9234130.511992412,2025-07-05,0.3744375430783265,-10.339954690730313,-15.827042449577212
154,488340.85920576146,9234130.511992412,2025-07-17,0.45684796013461454,-11.56667370574932,-16.266244662956712
154,488340.85920576146,9234130.511992412,2025-07-29,0.40739556613251593,-9.354398967434564,-14.289721120640394
154,488340.85920576146,9234130.511992412,2025-08-10,0.13098621559036233,-3.6510040207785437,-11.355302108530335
154,488340.85920576146,9234130.511992412,2025-08-22,0.12021874193334672,-4.482010712192771,-13.050398910736542
154,488340.85920576146,9234130.511992412,2025-09-03,0.15934073621170797,-5.809281292899162,-13.8715445687425
154,488340.85920576146,9234130.511992412,2025-09-15,0.22541732603411785,-7.628761251223123,-14.494279214926687
154,488340.85920576146,9234130.511992412,2025-09-27,0.2220832443614155,-7.208816692503403,-14.570533346423126
154,488340.85920576146,9234130.511992412,2025-10-09,0.1691818529359757,-6.825170864618308,-14.908532847502283
154,488340.85920576146,9234130.511992412,2025-10-21,0.30404603537736197,-10.455973004433954,-17.434883327592907
154,488340.85920576146,9234130.511992412,2025-11-02,0.3099296295994294,-10.811425661406497,-17.815320629485036
155,484499.1696930115,9240257.68390205,2024-11-07,0.19150137486584862,-8.27242352457108,-15.536740159532673
155,484499.1696930115,9240257.68390205,2024-11-19,0.2851556835088481,-13.745277826033462,-19.367980268617643
155,484499.1696930115,9240257.68390205,2024-12-01,0.2539352772472956,-15.138346483922053,-19.2042582955544
155,484499.1696930115,9240257.68390205,2024-12-13,0.2615762477590867,-15.294776787199345,-19.595871003093567
155,484499.1696930115,9240257.68390205,2024-12-25,0.36255308344832693,-8.982963025715058,-16.88323270776791
155,484499.1696930115,9240257.68390205,2025-01-06,0.4413652816498115,-10.165947310019224,-16.73878574658074
155,484499.1696930115,9240257.68390205,2025-01-18,0.2990232905205367,-6.801979092834545,-14.97054307840034
155,484499.1696930115,9240257.68390205,2025-01-30,0.2764359561393376,-6.917963490232447,-14.221719634611317
155,484499.1696930115,9240257.68390205,2025-02-11,0.27544462522497987,-5.884385314939625,-13.45472550945681
155,484499.1696930115,9240257.68390205,2025-02-23,0.3269965250932905,-2.2063095741020886,-12.751235782356957
155,484499.1696930115,9240257.68390205,2025-03-07,0.2602712013868137,-4.378784801150808,-11.832465013635101
155,484499.1696930115,9240257.68390205,2025-03-19,0.23251844745115674,-5.386870328960745,-13.981656731194875
155,484499.1696930115,9240257.68390205,2025-03-31,0.3369203572816548,-6.959328527566861,-16.475677179126908
155,484499.1696930115,9240257.68390205,2025-04-12,0.14845126492251684,-7.382545738141267,-15.358467767875046
155,484499.1696930115,9240257.68390205,2025-04-24,0.19012897845693755,-5.7195217205608735,-13.822702181203686
155,484499.1696930115,9240257.68390205,2025-05-06,0.1757957219615544,-10.939448568060154,-16.33720781501422
155,484499.1696930115,9240257.68390205,2025-05-18,0.14646236827660045,-13.48469153404612,-18.01241682989155
155,484499.1696930115,9240257.68390205,2025-05-30,0.2591902865761367,-15.721427114861815,-19.809667096476684
155,484499.1696930115,9240257.68390205,2025-06-11,0.24277963616678117,-13.65166392319803,-19.190704103282776
155,484499.1696930115,9240257.68390205,2025-06-23,0.2993069599176941,-11.291073998337767,-18.9335466194921
155,484499.1696930115,9240257.68390205,2025-07-05,0.32984462755700394,-8.158962268778392,-17.06331846423946
155,484499.1696930115,9240257.68390205,2025-07-17,0.39041490774017795,-8.905517088817202,-16.486527346159683
155,484499.1696930115,9240257.68390205,2025-07-29,0.44643879067067127,-6.8935895513298,-15.546747885467191
155,484499.1696930115,9240257.68390205,2025-08-10,0.4516109621080299,-8.056880885476621,-15.450906758238538
155,484499.1696930115,9240257.68390205,2025-08-22,0.4116055754110874,-8.236195558602663,-14.645613488751524
155,484499.1696930115,9240257.68390205,2025-09-03,0.3696284342581065,-8.526365962423359,-15.32128558642743
155,484499.1696930115,9240257.68390205,2025-09-15,0.18540691622697136,-5.373898582937134,-12.226460803363677
155,484499.1696930115,9240257.68390205,2025-09-27,0.2890164705726629,-7.125497132836146,-14.831137221081276
155,484499.1696930115,9240257.68390205,2025-10-09,0.16780164357352406,-9.223535229258378,-16.14404747155789
155,484499.1696930115,9240257.68390205,2025-10-21,0.2791541737730607,-15.091489134748318,-20.09873422154847
155,484499.1696930115,9240257.68390205,2025-11-02,0.26946573265370766,-16.54306509166203,-20.768347922492293
156,466097.3855191732,9221581.20311656,2024-11-07,0.2943651497393232,-6.8168759185036505,-12.633393644487368
156,466097.3855191732,9221581.20311656,2024-11-19,0.31876799171154757,-5.1426688155654325,-11.981941608167734
156,466097.3855191732,9221581.20311656,2024-12-01,0.24175890506813713,-8.693614785753148,-15.480751982394212
156,466097.3855191732,9221581.20311656,2024-12-13,0.09957909236442328,-10.915045663543244,-17.02455709220665
156,466097.3855191732,9221581.20311656,2024-12-25,0.14223795467922945,-9.939388133603279,-15.633154912317375
156,466097.3855191732,9221581.20311656,2025-01-06,0.17808511639004376,-11.788594249510574,-18.662889683253646
156,466097.3855191732,9221581.20311656,2025-01-18,0.19599956256852172,-10.619013828958433,-17.223870794199353
156,466097.3855191732,9221581.20311656,2025-01-30,0.18821765212821195,-9.748766498390406,-15.340975768431573
156,466097.3855191732,9221581.20311656,2025-02-11,0.23579242905979597,-8.616169415039039,-15.110297781982768
156,466097.3855191732,9221581.20311656,2025-02-23,0.27442121921595525,-7.555811065864617,-14.66691123092219
156,466097.3855191732,9221581.20311656,2025-03-07,0.24551232881004761,-7.431319620021297,-13.328246758125493
156,466097.3855191732,9221581.20311656,2025-03-19,0.34414233256432325,-7.965348387212582,-13.616235952777613
156,466097.3855191732,9221581.20311656,2025-03-31,0.23993927452703442,-8.600250045169311,-15.240861332291704
156,466097.3855191732,9221581.20311656,2025-04-12,0.23889898406859209,-6.492955811952387,-12.97443711201009
156,466097.3855191732,9221581.20311656,2025-04-24,0.21023200148685517,-6.484305548406877,-13.860362137371471
156,466097.3855191732,9221581.20311656,2025-05-06,0.053666036863840944,-13.583673588841226,-19.040540318803593
156,466097.3855191732,9221581.20311656,2025-05-18,0.13795560932922615,-12.852756152562892,-19.05243677809473
156,466097.3855191732,9221581.20311656,2025-05-30,0.260737115579279,-8.697407458209955,-16.21775274314198
156,466097.3855191732,9221581.20311656,2025-06-11,0.23503474273696826,-8.674559878147695,-15.553242500670768
156,466097.3855191732,9221581.20311656,2025-06-23,0.3416829377781752,-8.909256559134512,-15.927874529571572
156,466097.3855191732,9221581.20311656,2025-07-05,0.37252624189198236,-8.249399088241018,-15.402633035951176
156,466097.3855191732,9221581.20311656,2025-07-17,0.3950524698829916,-7.219970944775545,-14.138693616149068
156,466097.3855191732,9221581.20311656,2025-07-29,0.3900244552473876,-6.904348187614936,-14.280130108812024
156,466097.3855191732,9221581.20311656,2025-08-10,0.3099598356967532,-7.552161951482366,-14.186783821514716
156,466097.3855191732,9221581.20311656,2025-08-22,0.2094123379407864,-6.4969970777760215,-13.235240230363235
156,466097.3855191732,9221581.20311656,2025-09-03,0.21566462477220005,-5.12811242365864,-11.393689694743578
156,466097.3855191732,9221581.20311656,2025-09-15,0.22303656762259808,-6.9474699715364,-14.056601376530779
156,466097.3855191732,9221581.20311656,2025-09-27,0.28600109509275357,-6.717150244451399,-13.58634771152457
156,466097.3855191732,9221581.20311656,2025-10-09,0.22623351336220415,-7.963404666405924,-14.936463231438928
156,466097.3855191732,9221581.20311656,2025-10-21,0.21993802023482073,-8.016091484739395,-14.440883366636157
156,466097.3855191732,9221581.20311656,2025-11-02,0.3249426924298707,-4.941855140539324,-11.854079836692863
157,448552.8043324246,9233623.580081929,2024-11-07,0.034019945434360606,-6.349095289899597,-14.157530480305262
157,448552.8043324246,9233623.580081929,2024-11-19,0.02699571595927601,-4.600862993234361,-14.400864887777407
157,448552.8043324246,9233623.580081929,2024-12-01,0.025682566820115937,-5.1994092764496385,-14.290063208747277
157,448552.8043324246,9233623.580081929,2024-12-13,0.02549837212167142,-5.791342331168746,-14.145206603179725
157,448552.8043324246,9233623.580081929,2024-12-25,0.008453047361055958,-4.889496052838176,-13.986057350721952
157,448552.8043324246,9233623.580081929,2025-01-06,0.03002636297718632,-6.342541213712265,-14.424461127529613
157,448552.8043324246,9233623.580081929,2025-01-18,0.0439246087867248,-7.1541586255795355,-15.773105659586252
157,448552.8043324246,9233623.580081929,2025-01-30,0.03775198411776212,-6.2159245894536665,-15.510341087801605
157,448552.8043324246,9233623.580081929,2025-02-11,0.018890758004319504,-4.521986722145204,-13.694406774260866
157,448552.8043324246,9233623.580081929,2025-02-23,0.014723662622806805,-3.0590749100552763,-14.233430485677655
157,448552.8043324246,9233623.580081929,2025-03-07,0.0339893680986169,-5.950246248816012,-15.446934486171218
157,448552.8043324246,9233623.580081929,2025-03-19,0.031823609731956394,-6.284592795274517,-15.144645305611743
157,448552.8043324246,9233623.580081929,2025-03-31,0.047055927880425424,-8.083932071288288,-15.514464961674344
157,448552.8043324246,9233623.580081929,2025-04-12,0.03206479342515051,-5.762134233768806,-14.566753023579182
157,448552.8043324246,9233623.580081929,2025-04-24,0.02488968494993834,-5.542675827224036,-14.978735274678261
157,448552.8043324246,9233623.580081929,2025-05-06,0.029771557967287234,-6.026708644778445,-15.244805780471047
157,448552.8043324246,9233623.580081929,2025-05-18,0.016277098467085818,-6.15147215925458,-14.924349596095354
157,448552.8043324246,9233623.580081929,2025-05-30,0.03307042145486131,-5.965497930826554,-14.912761885063151
157,448552.8043324246,9233623.580081929,2025-06-11,0.04411083806012735,-6.511577962608078,-15.261166603632532
157,448552.8043324246,9233623.580081929,2025-06-23,0.045043640792653376,-6.6707868563802535,-15.374363905635397
157,448552.8043324246,9233623.580081929,2025-07-05,0.04724741746945378,-7.835489435839351,-15.762322329508006
157,448552.8043324246,9233623.580081929,2025-07-17,0.04838426949402176,-7.045894004914602,-15.507567031635144
157,448552.8043324246,9233623.580081929,2025-07-29,0.04401283935569395,-7.753317164991505,-15.12211141475669
157,448552.8043324246,9233623.580081929,2025-08-10,0.04565159550589131,-7.294094459765631,-15.174240784843887
157,448552.8043324246,9233623.580081929,2025-08-22,0.032875190385367334,-5.048430580770635,-14.91501169184056
157,448552.8043324246,9233623.580081929,2025-09-03,0.036263680346045706,-5.955019368683037,-15.338373502474314
157,448552.8043324246,9233623.580081929,2025-09-15,0.03781016285237587,-6.108899673567216,-15.0512225039271
157,448552.8043324246,9233623.580081929,2025-09-27,0.04631724232106044,-7.040997120221734,-15.446531895712814
157,448552.8043324246,9233623.580081929,2025-10-09,0.03946250708314337,-6.367063363698467,-15.339663233770379
157,448552.8043324246,9233623.580081929,2025-10-21,0.030356675858203397,-5.7536057031777394,-14.12594587534113
157,448552.8043324246,9233623.580081929,2025-11-02,0.0277171600984627,-5.81721619001686,-14.11019417740189
158,470539.9343752588,9242352.143734273,2024-11-07,-0.005928189041209564,-13.35006524309484,-16.85577618347378
158,470539.9343752588,9242352.143734273,2024-11-19,0.33083218594145536,-7.625716477073344,-13.861793493602914
158,470539.9343752588,9242352.143734273,2024-12-01,0.09621440898329509,-11.145246226417672,-16.183825628676082
158,470539.9343752588,9242352.143734273,2024-12-13,0.172245862587024,-10.156437820412412,-15.14859003346661
158,470539.9343752588,9242352.143734273,2024-12-25,0.24321887658325675,-8.945785853785114,-14.718156140613612
158,470539.9343752588,9242352.143734273,2025-01-06,0.3287429421742179,-7.569051947902135,-14.046447272554042
158,470539.9343752588,9242352.143734273,2025-01-18,0.285694494684088,-8.504473797896923,-13.932816670391702
158,470539.9343752588,9242352.143734273,2025-01-30,0.26366198575692934,-8.873374113586879,-14.079347864561026
158,470539.9343752588,9242352.143734273,2025-02-11,0.3836052994897694,-7.040617444759475,-12.95462624716796
158,470539.9343752588,9242352.143734273,2025-02-23,0.24013373202572208,-9.261780656481925,-14.246144920056063
158,470539.9343752588,9242352.143734273,2025-03-07,0.390826859202414,-6.903724755648652,-12.936370525475201
158,470539.9343752588,9242352.143734273,2025-03-19,0.4244261765008158,-6.291717016484601,-12.805029631806834
158,470539.9343752588,9242352.143734273,2025-03-31,0.2285439654375781,-10.129258421100477,-14.459925666295339
158,470539.9343752588,9242352.143734273,2025-04-12,0.04874900911498989,-11.655094184291091,-16.550878056589475
158,470539.9343752588,9242352.143734273,2025-04-24,0.2833475226021481,-8.25802230320135,-14.200278725054766
158,470539.9343752588,9242352.143734273,2025-05-06,0.34125967534586255,-8.15692461536541,-14.150892862579974
158,470539.9343752588,9242352.143734273,2025-05-18,0.43246959613461106,-7.035410596548183,-13.635350929893994
158,470539.9343752588,9242352.143734273,2025-05-30,0.25969828882995033,-8.982639902033666,-14.025776097517337
158,470539.9343752588,9242352.143734273,2025-06-11,0.2416242761741702,-9.125678379936037,-14.443323594295572
158,470539.9343752588,9242352.143734273,2025-06-23,0.30064799736903436,-8.563772191629315,-14.036160051489077
158,470539.9343752588,9242352.143734273,2025-07-05,0.2595655412355732,-8.220421257699815,-13.62726762636187
158,470539.9343752588,9242352.143734273,2025-07-17,0.2725853431628548,-8.259546628867959,-13.993802529479517
158,470539.9343752588,9242352.143734273,2025-07-29,0.3917969742826325,-7.086297639955377,-13.343513003905555
158,470539.9343752588,9242352.143734273,2025-08-10,0.45135640756465223,-6.264868529324639,-12.737586648681237
158,470539.9343752588,9242352.143734273,2025-08-22,0.4003334156442073,-7.355189172949046,-13.214932201367123
158,470539.9343752588,9242352.143734273,2025-09-03,0.31618432894912546,-7.352485807495751,-13.380275761010774
158,470539.9343752588,9242352.143734273,2025-09-15,0.2605095085509716,-8.456810230185924,-13.670347836346155
158,470539.9343752588,9242352.143734273,2025-09-27,0.369503232330724,-7.049815947162379,-13.471221207362575
158,470539.9343752588,9242352.143734273,2025-10-09,0.17160556119157144,-8.960428281094314,-15.095916612439614
158,470539.9343752588,9242352.143734273,2025-10-21,0.09983456981188477,-11.072338786657765,-15.579042885269846
158,470539.9343752588,9242352.143734273,2025-11-02,0.127476620920701,-10.79197470793487,-15.65884883344634
159,466077.0131566295,9231789.971316162,2024-11-07,0.18668966025419126,-2.7530978139337297,-11.888570351892826
159,466077.0131566295,9231789.971316162,2024-11-19,0.18468109508912686,-4.321847748083703,-12.561439560370214
159,466077.0131566295,9231789.971316162,2024-12-01,0.1864342263751824,-3.3158207111015803,-11.716535542240964
159,466077.0131566295,9231789.971316162,2024-12-13,0.18574769530694846,-3.1178332559275894,-12.267209231291648
159,466077.0131566295,9231789.971316162,2024-12-25,0.1854941748925379,-3.7556261761270036,-12.049503830983376
159,466077.0131566295,9231789.971316162,2025-01-06,0.1903017259759266,-3.8179974250381163,-11.725783032816109
159,466077.0131566295,9231789.971316162,2025-01-18,0.18514911862470318,-3.4509798340695905,-12.447775646619423
159,466077.0131566295,9231789.971316162,2025-01-30,0.18496615572329342,-3.7634303201878754,-12.378221633308133
159,466077.0131566295,9231789.971316162,2025-02-11,0.1880625275775655,-2.393746533922362,-11.234712524272894
159,466077.0131566295,9231789.971316162,2025-02-23,0.18662097031910652,-3.0380324855528986,-11.763172663079212
159,466077.0131566295,9231789.971316162,2025-03-07,0.1877479950340415,-3.1006195018905,-11.471212340126186
159,466077.0131566295,9231789.971316162,2025-03-19,0.19353450144328865,-2.2546731370862823,-11.366040716726681
159,466077.0131566295,9231789.971316162,2025-03-31,0.18366018479517748,-3.674191795669419,-13.255539518325623
159,466077.0131566295,9231789.971316162,2025-04-12,0.18075107179805228,-3.737697936150725,-12.170117901585602
159,466077.0131566295,9231789.971316162,2025-04-24,0.1822062183869842,-3.2951000576184155,-12.244378710118433
159,466077.0131566295,9231789.971316162,2025-05-06,0.1871078860734786,-3.055153523462702,-11.445640632216309
159,466077.0131566295,9231789.971316162,2025-05-18,0.1804357697778338,-3.0878290055902657,-11.83441649529692
159,466077.0131566295,9231789.971316162,2025-05-30,0.18698011559936475,-3.1784090155649087,-11.453300480301927
159,466077.0131566295,9231789.971316162,2025-06-11,0.18692102667108165,-3.424784168173541,-11.344679834908085
159,466077.0131566295,9231789.971316162,2025-06-23,0.18461919788600575,-3.4224352934515236,-11.799412801583122
159,466077.0131566295,9231789.971316162,2025-07-05,0.1885234649122451,-3.972988174931884,-11.882382751156815
159,466077.0131566295,9231789.971316162,2025-07-17,0.18782077409265135,-3.7367338922630466,-12.44834263341031
159,466077.0131566295,9231789.971316162,2025-07-29,0.1813973447455216,-4.325392261838898,-11.815567943357017
159,466077.0131566295,9231789.971316162,2025-08-10,0.18454431477672864,-4.43976111991001,-11.764403485649831
159,466077.0131566295,9231789.971316162,2025-08-22,0.181405061926191,-4.82844872604501,-13.22816195086977
159,466077.0131566295,9231789.971316162,2025-09-03,0.1857554869297997,-4.182181996048715,-12.005106888770333
159,466077.0131566295,9231789.971316162,2025-09-15,0.1874045419996178,-4.601791888877186,-12.443870821085484
159,466077.0131566295,9231789.971316162,2025-09-27,0.18345296164070468,-4.7052269192248195,-12.775696005136849
159,466077.0131566295,9231789.971316162,2025-10-09,0.18795421459860903,-4.018406229979192,-12.420964335958228
159,466077.0131566295,9231789.971316162,2025-10-21,0.18300167690122576,-4.821487384557556,-12.22038495824572
159,466077.0131566295,9231789.971316162,2025-11-02,0.18399859182044684,-4.965936310026738,-12.276824256717564
160,457692.0518511991,9248147.028277287,2024-11-07,0.12000252130291902,-9.441093848248649,-14.942613877479301
160,457692.0518511991,9248147.028277287,2024-11-19,0.1702595533324764,-8.659973373686555,-14.005266684062663
160,457692.0518511991,9248147.028277287,2024-12-01,0.13259399021861945,-9.33804703172568,-14.533535349188867
160,457692.0518511991,9248147.028277287,2024-12-13,0.1594947197296362,-8.908829840419715,-14.546625611551772
160,457692.0518511991,9248147.028277287,2024-12-25,0.04196167779776777,-10.164933857685519,-14.792808364700555
160,457692.0518511991,9248147.028277287,2025-01-06,0.21046929438924236,-8.3217312455879,-13.059105884371645
160,457692.0518511991,9248147.028277287,2025-01-18,0.1309451700483695,-9.194275581090007,-13.326917656714544
160,457692.0518511991,9248147.028277287,2025-01-30,0.1973810036132294,-8.115043297124693,-13.22306019917933
160,457692.0518511991,9248147.028277287,2025-02-11,0.18357749266794549,-8.354537055373246,-13.35282398643333
160,457692.0518511991,9248147.028277287,2025-02-23,0.10279308220943566,-9.775058217188818,-14.246220690190881
160,457692.0518511991,9248147.028277287,2025-03-07,0.21859210807727533,-8.993883641881098,-14.264315575303048
160,457692.0518511991,9248147.028277287,2025-03-19,0.111972864365137,-9.180387636687314,-15.17218162139248
160,457692.0518511991,9248147.028277287,2025-03-31,0.1594890513890846,-8.858287937706777,-14.187653716272457
160,457692.0518511991,9248147.028277287,2025-04-12,0.17435560054238763,-7.774061950015858,-12.87057444045401
160,457692.0518511991,9248147.028277287,2025-04-24,0.1417206765029681,-8.434832064868548,-13.728930398821333
160,457692.0518511991,9248147.028277287,2025-05-06,0.1619701466672552,-8.208973433583251,-13.700582799308968
160,457692.0518511991,9248147.028277287,2025-05-18,0.18991631818417995,-7.8688806949503345,-13.612041539523664
160,457692.0518511991,9248147.028277287,2025-05-30,0.17426099423657576,-8.57926460303731,-13.887656763043994
160,457692.0518511991,9248147.028277287,2025-06-11,0.3644667635630158,-7.759875771180957,-13.15040711087361
160,457692.0518511991,9248147.028277287,2025-06-23,0.3703778882678501,-7.1296043095847725,-12.566002193427611
160,457692.0518511991,9248147.028277287,2025-07-05,0.38978811620118337,-5.688027400343117,-11.524815246185149
160,457692.0518511991,9248147.028277287,2025-07-17,0.23040369482422107,-7.976863819045834,-13.333157223090215
160,457692.0518511991,9248147.028277287,2025-07-29,0.2270319158004273,-6.926790293473592,-12.210972525695325
160,457692.0518511991,9248147.028277287,2025-08-10,0.2384937876775716,-5.7902375649178905,-11.112216407743423
160,457692.0518511991,9248147.028277287,2025-08-22,0.15386926956191374,-8.278886585403628,-13.664832100921434
160,457692.0518511991,9248147.028277287,2025-09-03,0.18024516340406976,-7.4714900177926795,-12.147958292388907
160,457692.0518511991,9248147.028277287,2025-09-15,0.17199852380620048,-7.671219253101651,-12.97522549229725
160,457692.0518511991,9248147.028277287,2025-09-27,0.24303293756122069,-7.247120049764777,-12.256121453789685
160,457692.0518511991,9248147.028277287,2025-10-09,0.1298359873981082,-8.286133621967586,-13.349437634640314
160,457692.0518511991,9248147.028277287,2025-10-21,0.18070443290218816,-8.386604590068123,-13.253773313564492
160,457692.0518511991,9248147.028277287,2025-11-02,0.2002802596812565,-8.012343992033923,-12.824327518865909
161,462178.4147930357,9219875.579754863,2024-11-07,0.3653316267386716,-8.613486195872609,-13.508702607804482
161,462178.4147930357,9219875.579754863,2024-11-19,0.13759589519414464,-4.623153600492548,-12.289205800337452
161,462178.4147930357,9219875.579754863,2024-12-01,0.31697451252715825,-8.828492341199118,-15.06688979778227
161,462178.4147930357,9219875.579754863,2024-12-13,0.26709776126444296,-8.132665045399232,-14.173298340237666
161,462178.4147930357,9219875.579754863,2024-12-25,0.13438193499639287,-5.587967630962197,-13.95798765133419
161,462178.4147930357,9219875.579754863,2025-01-06,0.4058775688136572,-10.386039198716464,-15.592060306398116
161,462178.4147930357,9219875.579754863,2025-01-18,0.386259927835395,-9.02147842489848,-13.733192502765407
161,462178.4147930357,9219875.579754863,2025-01-30,0.4555250664371917,-10.753602733583064,-14.987818720925228
161,462178.4147930357,9219875.579754863,2025-02-11,0.34277396572646507,-8.289472375597155,-13.543159455991546
161,462178.4147930357,9219875.579754863,2025-02-23,0.38886623219374516,-8.902666250691013,-13.471051562494653
161,462178.4147930357,9219875.579754863,2025-03-07,0.45042978001492245,-9.391563199703933,-13.224680945165094
161,462178.4147930357,9219875.579754863,2025-03-19,0.3303667047489932,-6.724775869410882,-13.077621466365551
161,462178.4147930357,9219875.579754863,2025-03-31,0.2056690977522004,-7.241635114803335,-13.364262859700041
161,462178.4147930357,9219875.579754863,2025-04-12,0.20366087164125052,-6.400986498538541,-13.082279660028295
161,462178.4147930357,9219875.579754863,2025-04-24,0.1774952812428381,-6.327430478337951,-13.545079535395043
161,462178.4147930357,9219875.579754863,2025-05-06,0.22859811645886974,-7.969231383767454,-15.12198602431296
161,462178.4147930357,9219875.579754863,2025-05-18,0.25753736237117153,-8.994899511741409,-16.308078377592157
161,462178.4147930357,9219875.579754863,2025-05-30,0.18546468908662153,-7.236195805152883,-15.537036760222591
161,462178.4147930357,9219875.579754863,2025-06-11,0.1967162068039528,-5.466718973259724,-13.303648274281851
161,462178.4147930357,9219875.579754863,2025-06-23,0.41892422873488533,-8.672662889528437,-13.775528677440377
161,462178.4147930357,9219875.579754863,2025-07-05,0.3697742246898899,-8.216568305274983,-12.774397290333711
161,462178.4147930357,9219875.579754863,2025-07-17,0.44385818130352767,-8.20592207405316,-13.136794259280585
161,462178.4147930357,9219875.579754863,2025-07-29,0.4302189551306649,-8.201115952220333,-13.245997449413252
161,462178.4147930357,9219875.579754863,2025-08-10,0.4391137007905966,-9.254846215772512,-12.883417347319538
161,462178.4147930357,9219875.579754863,2025-08-22,0.2829626864098891,-7.647249403459464,-13.093368215760934
161,462178.4147930357,9219875.579754863,2025-09-03,0.1718705300723996,-5.190279898579339,-12.316061311016044
161,462178.4147930357,9219875.579754863,2025-09-15,0.19839893727300667,-6.350297359833978,-13.412409545496402
161,462178.4147930357,9219875.579754863,2025-09-27,0.20830970829921286,-6.895608512190442,-13.925433184926034
161,462178.4147930357,9219875.579754863,2025-10-09,0.26945235769984144,-7.210342500622209,-13.47257919073408
161,462178.4147930357,9219875.579754863,2025-10-21,0.2974627661689187,-7.692800402762152,-13.678423906586831
161,462178.4147930357,9219875.579754863,2025-11-02,0.29064962748917633,-7.363985348528778,-13.234554360144976
162,462663.8255274992,9243575.17155643,2024-11-07,0.0721892966502945,-9.685828743687729,-18.047557487570938
162,462663.8255274992,9243575.17155643,2024-11-19,0.28134947984166264,-6.951458974965906,-13.038330928371872
162,462663.8255274992,9243575.17155643,2024-12-01,0.20706117080060704,-10.719626868377267,-16.92311852728004
162,462663.8255274992,9243575.17155643,2024-12-13,0.19070461313640244,-13.259511871000143,-18.5466754479709
162,462663.8255274992,9243575.17155643,2024-12-25,0.177510227454367,-12.241736503121565,-18.48494994985326
162,462663.8255274992,9243575.17155643,2025-01-06,0.13961338425545125,-9.526950916110597,-17.163542079253055
162,462663.8255274992,9243575.17155643,2025-01-18,0.21697289686332474,-9.45509052177767,-15.86215446917379
162,462663.8255274992,9243575.17155643,2025-01-30,0.29049217932172067,-8.680590237227285,-14.122308810446516
162,462663.8255274992,9243575.17155643,2025-02-11,0.2646420017084986,-8.257958588274189,-14.239012572431164
162,462663.8255274992,9243575.17155643,2025-02-23,0.3016823484859689,-9.040599615784231,-14.197915358325634
162,462663.8255274992,9243575.17155643,2025-03-07,0.3108351372080138,-7.382751307233992,-12.41616489225
162,462663.8255274992,9243575.17155643,2025-03-19,0.3973784530738924,-7.706220643856325,-11.70084770194556
162,462663.8255274992,9243575.17155643,2025-03-31,0.12176922569044685,-9.256293031282645,-17.259118677318384
162,462663.8255274992,9243575.17155643,2025-04-12,0.09013628707234667,-11.125914669242672,-18.77035814315829
162,462663.8255274992,9243575.17155643,2025-04-24,0.16387021586567446,-10.005827598784553,-17.055101244724188
162,462663.8255274992,9243575.17155643,2025-05-06,0.16357576202737892,-10.678017427348447,-17.9431498163342
162,462663.8255274992,9243575.17155643,2025-05-18,0.2428012154560165,-9.946196030205087,-16.139780867596105
162,462663.8255274992,9243575.17155643,2025-05-30,0.30607237747653687,-8.985809593321717,-14.08793941281049
162,462663.8255274992,9243575.17155643,2025-06-11,0.32015289983091255,-9.796919001064127,-15.24516139454469
162,462663.8255274992,9243575.17155643,2025-06-23,0.3560553666874846,-9.493300280645174,-14.104784440366494
162,462663.8255274992,9243575.17155643,2025-07-05,0.27966437692365037,-7.901047870717285,-13.741995313220226
162,462663.8255274992,9243575.17155643,2025-07-17,0.2581854804732272,-7.299018081475692,-13.339740400080576
162,462663.8255274992,9243575.17155643,2025-07-29,0.24343658626128112,-7.097546895274601,-13.606426518207986
162,462663.8255274992,9243575.17155643,2025-08-10,0.280972617615038,-8.090667990511633,-13.918355380462462
162,462663.8255274992,9243575.17155643,2025-08-22,0.2990774996458898,-8.44547312505797,-13.871272910855833
162,462663.8255274992,9243575.17155643,2025-09-03,0.2637984937876462,-9.28039708300955,-15.14039897361636
162,462663.8255274992,9243575.17155643,2025-09-15,0.3211795478974647,-9.704760299228296,-14.225442325529787
162,462663.8255274992,9243575.17155643,2025-09-27,0.29264565105878526,-9.747504837220541,-14.847514377113646
162,462663.8255274992,9243575.17155643,2025-10-09,0.27397650986713457,-7.347528660635272,-13.377062379116644
162,462663.8255274992,9243575.17155643,2025-10-21,0.2109864582327758,-10.626107828938807,-16.931378210069845
162,462663.8255274992,9243575.17155643,2025-11-02,0.1306313802676703,-9.825032185731091,-17.521034918201405
163,477661.8351425853,9244753.53976635,2024-11-07,0.26940081285874556,-8.337189300516272,-13.952930492197419
163,477661.8351425853,9244753.53976635,2024-11-19,0.1836481627458552,-8.939505602373737,-14.40051631919894
163,477661.8351425853,9244753.53976635,2024-12-01,0.17039042491619594,-7.229898581354691,-13.744312679307848
163,477661.8351425853,9244753.53976635,2024-12-13,0.17031892800719767,-6.272217824598161,-13.966708829506965
163,477661.8351425853,9244753.53976635,2024-12-25,0.13695801075036373,-6.73354676352099,-14.198511401552574
163,477661.8351425853,9244753.53976635,2025-01-06,0.16554279621959292,-6.582684354700033,-13.492154737234138
163,477661.8351425853,9244753.53976635,2025-01-18,0.1586824911210267,-5.995418881736982,-13.317001339043355
163,477661.8351425853,9244753.53976635,2025-01-30,0.13190796611484712,-7.244462928600651,-14.591020986619524
163,477661.8351425853,9244753.53976635,2025-02-11,0.13538667797216888,-7.14880980743357,-14.462328165833567
163,477661.8351425853,9244753.53976635,2025-02-23,0.1212603052413674,-8.178501544787995,-15.339438036061834
163,477661.8351425853,9244753.53976635,2025-03-07,0.21679056894415877,-5.756328611960323,-13.442220318605386
163,477661.8351425853,9244753.53976635,2025-03-19,0.14662080971956248,-8.087654843254093,-14.73652771982179
163,477661.8351425853,9244753.53976635,2025-03-31,0.23414057506712288,-8.893651538112575,-14.567977526687136
163,477661.8351425853,9244753.53976635,2025-04-12,0.22399760981732775,-6.976901119196667,-14.301716147326735
163,477661.8351425853,9244753.53976635,2025-04-24,0.17895202492505874,-7.327262311465713,-14.374586397411981
163,477661.8351425853,9244753.53976635,2025-05-06,0.08343992405229717,-6.84272157331937,-14.030154000562867
163,477661.8351425853,9244753.53976635,2025-05-18,0.08944034149548923,-5.794348317860621,-13.501836972441495
163,477661.8351425853,9244753.53976635,2025-05-30,0.1375608211583983,-5.853076265524953,-13.698618349296794
163,477661.8351425853,9244753.53976635,2025-06-11,0.11951311990948933,-5.75052443058501,-14.035241513273997
163,477661.8351425853,9244753.53976635,2025-06-23,0.09275628203596972,-5.921780700095479,-14.563691702447676
163,477661.8351425853,9244753.53976635,2025-07-05,0.10809390233631937,-6.7579969009519285,-14.306271427706621
163,477661.8351425853,9244753.53976635,2025-07-17,0.06891517230361648,-6.090149307253347,-15.605791533056884
163,477661.8351425853,9244753.53976635,2025-07-29,0.055147868414367,-3.387931983094145,-14.238135901954461
163,477661.8351425853,9244753.53976635,2025-08-10,0.09677954921186152,-7.989119939726435,-15.04582746625434
163,477661.8351425853,9244753.53976635,2025-08-22,0.08844481035829552,-6.577687965462754,-14.616383389442579
163,477661.8351425853,9244753.53976635,2025-09-03,0.08808322477783023,-8.242535339222147,-15.535658510495935
163,477661.8351425853,9244753.53976635,2025-09-15,0.03943269251261486,-6.745845621251247,-14.814810890680667
163,477661.8351425853,9244753.53976635,2025-09-27,0.10344411348802279,-6.275031783013349,-14.675403412317952
163,477661.8351425853,9244753.53976635,2025-10-09,0.10723466479211707,-8.08166589802267,-15.020954700535755
163,477661.8351425853,9244753.53976635,2025-10-21,0.14001547126596667,-7.451802352524897,-14.528957053425533
163,477661.8351425853,9244753.53976635,2025-11-02,0.1341988673635178,-6.892284081273652,-14.346397712312283
164,461015.6439325918,9241397.512849728,2024-11-07,0.06582743986013498,-14.751601693273496,-20.54487941704773
164,461015.6439325918,9241397.512849728,2024-11-19,0.1392558293063167,-12.733102746192989,-18.69297511158556
164,461015.6439325918,9241397.512849728,2024-12-01,0.48024436169931417,-7.237631609869956,-17.23441665093787
164,461015.6439325918,9241397.512849728,2024-12-13,0.4128810997081114,-7.827724435758442,-16.772771818758166
164,461015.6439325918,9241397.512849728,2024-12-25,0.4314711230639692,-6.387799610296387,-14.53854530971839
164,461015.6439325918,9241397.512849728,2025-01-06,0.4489743314508722,-5.930037815590015,-14.265403348515811
164,461015.6439325918,9241397.512849728,2025-01-18,0.3581880807117037,-6.6716558124890675,-13.923891919236793
164,461015.6439325918,9241397.512849728,2025-01-30,0.3895767916819688,-5.386359903997919,-12.610332806343154
164,461015.6439325918,9241397.512849728,2025-02-11,0.37066667238306183,-7.279956247015132,-15.095176176222793
164,461015.6439325918,9241397.512849728,2025-02-23,0.2827126406018149,-7.734410713718473,-14.014287692487883
164,461015.6439325918,9241397.512849728,2025-03-07,0.3139636987448115,-8.609176961187934,-15.96620092010479
164,461015.6439325918,9241397.512849728,2025-03-19,0.0808159715788335,-12.349583617143853,-17.341721534935377
164,461015.6439325918,9241397.512849728,2025-03-31,0.2488076032730357,-12.341269741771328,-20.302877663815785
164,461015.6439325918,9241397.512849728,2025-04-12,0.2736709143331939,-10.10830244545224,-17.775066743522732
164,461015.6439325918,9241397.512849728,2025-04-24,0.38470660041841426,-8.841212242262296,-17.44356525703801
164,461015.6439325918,9241397.512849728,2025-05-06,0.3525393532043175,-8.207374293225623,-15.343684376810533
164,461015.6439325918,9241397.512849728,2025-05-18,0.4295902795134561,-7.28100046871006,-15.721368084375321
164,461015.6439325918,9241397.512849728,2025-05-30,0.2846299621490144,-7.832648775721419,-14.20147644803235
164,461015.6439325918,9241397.512849728,2025-06-11,0.30945676129239524,-8.071430149734429,-14.250427260042047
164,461015.6439325918,9241397.512849728,2025-06-23,0.2640012128423073,-6.176640399461958,-11.55281304572356
164,461015.6439325918,9241397.512849728,2025-07-05,0.32650938524427825,-5.3564008301382025,-12.037648017282423
164,461015.6439325918,9241397.512849728,2025-07-17,0.46197339751274324,-3.595379365866192,-12.138392602576266
164,461015.6439325918,9241397.512849728,2025-07-29,0.40951392430121886,-5.771071081783217,-13.759530650381857
164,461015.6439325918,9241397.512849728,2025-08-10,0.3133908410312209,-7.96066269567466,-14.592513849614395
164,461015.6439325918,9241397.512849728,2025-08-22,0.28838080039871183,-7.683120862190151,-13.824202697786728
164,461015.6439325918,9241397.512849728,2025-09-03,0.24062168337011747,-9.138260789697457,-14.985718733318409
164,461015.6439325918,9241397.512849728,2025-09-15,0.2376199421214456,-10.05337692340951,-16.61782704173613
164,461015.6439325918,9241397.512849728,2025-09-27,0.3031878781456777,-6.576726663024434,-13.36067878959724
164,461015.6439325918,9241397.512849728,2025-10-09,0.13525910736978258,-12.625631423315479,-19.00664917472574
164,461015.6439325918,9241397.512849728,2025-10-21,0.06753263576866006,-14.565472257066718,-20.02431651071161
164,461015.6439325918,9241397.512849728,2025-11-02,-0.11018310774237816,-16.433761150124006,-19.276714990660157
165,469401.5691923222,9244047.816453252,2024-11-07,0.2280698323447368,-9.271822576919009,-14.805286240461955
165,469401.5691923222,9244047.816453252,2024-11-19,0.3963544554238985,-7.114599916490172,-13.709067810057334
165,469401.5691923222,9244047.816453252,2024-12-01,0.142925350054307,-10.317711644267778,-15.688192443976973
165,469401.5691923222,9244047.816453252,2024-12-13,0.10500041816991787,-10.578639121727104,-16.0103367886366
165,469401.5691923222,9244047.816453252,2024-12-25,0.25276462145381345,-8.434327057940624,-15.25427429114992
165,469401.5691923222,9244047.816453252,2025-01-06,0.3058042025028627,-8.192579970533732,-14.895204185293599
165,469401.5691923222,9244047.816453252,2025-01-18,0.36948750767175803,-7.577588840467784,-13.029825604565321
165,469401.5691923222,9244047.816453252,2025-01-30,0.30514146490651134,-8.283890638121573,-14.30293979697811
165,469401.5691923222,9244047.816453252,2025-02-11,0.3905021123069162,-7.278191380070239,-13.109145360679022
165,469401.5691923222,9244047.816453252,2025-02-23,0.18358401489564855,-9.87366041974295,-14.867582863589778
165,469401.5691923222,9244047.816453252,2025-03-07,0.37599978498620223,-7.447587324819653,-13.322533487534319
165,469401.5691923222,9244047.816453252,2025-03-19,0.31783302125162033,-8.50618473388836,-14.461326281352449
165,469401.5691923222,9244047.816453252,2025-03-31,0.17975029440587081,-9.61155130564143,-17.13475454999209
165,469401.5691923222,9244047.816453252,2025-04-12,0.1679010765406821,-9.747611655015357,-15.88613302033612
165,469401.5691923222,9244047.816453252,2025-04-24,0.20013694894387898,-8.86177381638944,-15.649199848673272
165,469401.5691923222,9244047.816453252,2025-05-06,0.26666743318057695,-8.712864360534873,-15.056373554835794
165,469401.5691923222,9244047.816453252,2025-05-18,0.3436097562793463,-8.701426791034793,-14.71067138221593
165,469401.5691923222,9244047.816453252,2025-05-30,0.2600924651390404,-8.911571532201048,-14.234744356518918
165,469401.5691923222,9244047.816453252,2025-06-11,0.29043266300137605,-8.50398789629015,-14.171498896465996
165,469401.5691923222,9244047.816453252,2025-06-23,0.41628594436674216,-8.317528231054105,-14.416052269087963
165,469401.5691923222,9244047.816453252,2025-07-05,0.4526868121152676,-7.403302072239903,-13.362905202395055
165,469401.5691923222,9244047.816453252,2025-07-17,0.5520472591627932,-5.200489531622983,-12.209395990260541
165,469401.5691923222,9244047.816453252,2025-07-29,0.44031433518105234,-7.651107437236144,-13.997864041721506
165,469401.5691923222,9244047.816453252,2025-08-10,0.22687636130197453,-8.191087222124139,-13.698372521462668
165,469401.5691923222,9244047.816453252,2025-08-22,0.17935201848000254,-9.330925838178175,-14.503307589388138
165,469401.5691923222,9244047.816453252,2025-09-03,0.24192731181032232,-7.518221446526558,-13.526387557612997
165,469401.5691923222,9244047.816453252,2025-09-15,0.40373842858296516,-7.032813419877915,-13.568270545953279
165,469401.5691923222,9244047.816453252,2025-09-27,0.25236334964745727,-9.000916276124105,-14.355213394429756
165,469401.5691923222,9244047.816453252,2025-10-09,0.2507111317152305,-7.961593022777083,-14.506166890103838
165,469401.5691923222,9244047.816453252,2025-10-21,0.1019829845477501,-10.819948423380282,-16.11769238599204
165,469401.5691923222,9244047.816453252,2025-11-02,0.19772660515633908,-9.678678956268891,-14.874070254059365
166,447565.1798525796,9231432.090542454,2024-11-07,0.25326495112119524,-10.077687295208783,-15.498256491548466
166,447565.1798525796,9231432.090542454,2024-11-19,0.24906610097896936,-7.624443738582953,-13.36673888079024
166,447565.1798525796,9231432.090542454,2024-12-01,0.23081191900383305,-10.589448796211068,-16.134184914983607
166,447565.1798525796,9231432.090542454,2024-12-13,0.24802815074706533,-10.20267216508718,-15.013836401992162
166,447565.1798525796,9231432.090542454,2024-12-25,0.23827923309098137,-8.639826661737247,-14.598942725828232
166,447565.1798525796,9231432.090542454,2025-01-06,0.23255284430292614,-9.212915678082673,-13.68467834823336
166,447565.1798525796,9231432.090542454,2025-01-18,0.2314583852099876,-10.700769236184302,-15.159865736645093
166,447565.1798525796,9231432.090542454,2025-01-30,0.23008342844663934,-10.982254910589742,-15.675347717809174
166,447565.1798525796,9231432.090542454,2025-02-11,0.22203262862837542,-13.02557125999727,-17.50672033441583
166,447565.1798525796,9231432.090542454,2025-02-23,0.22336396949968326,-12.411922179563835,-18.032200572000875
166,447565.1798525796,9231432.090542454,2025-03-07,0.21395850106276765,-10.070707520775919,-16.187694530313028
166,447565.1798525796,9231432.090542454,2025-03-19,0.2196643076707857,-11.686699117622354,-16.01631541767669
166,447565.1798525796,9231432.090542454,2025-03-31,0.21351118176887487,-15.166719293064775,-19.510098619341072
166,447565.1798525796,9231432.090542454,2025-04-12,0.2332962931110804,-12.78906022717089,-18.042574228162533
166,447565.1798525796,9231432.090542454,2025-04-24,0.23999842864119864,-12.299813350191613,-17.25299277862372
166,447565.1798525796,9231432.090542454,2025-05-06,0.24081864955444937,-12.262647397225928,-17.051090098680866
166,447565.1798525796,9231432.090542454,2025-05-18,0.23129885216241428,-11.450346120024768,-16.57735968277229
166,447565.1798525796,9231432.090542454,2025-05-30,0.22540511628807808,-12.035739816696921,-17.14173301275104
166,447565.1798525796,9231432.090542454,2025-06-11,0.23806033763571088,-12.882108035689381,-17.612724355650993
166,447565.1798525796,9231432.090542454,2025-06-23,0.22105371057662285,-13.892558017377972,-18.63713056073029
166,447565.1798525796,9231432.090542454,2025-07-05,0.2281434808853871,-11.446662764805394,-16.20061966736644
166,447565.1798525796,9231432.090542454,2025-07-17,0.20795972345155775,-11.845128165097005,-16.063530821555606
166,447565.1798525796,9231432.090542454,2025-07-29,0.20742010949201964,-11.785608657909588,-16.37379046134304
166,447565.1798525796,9231432.090542454,2025-08-10,0.20874296665722145,-11.541256833614018,-16.698193883647125
166,447565.1798525796,9231432.090542454,2025-08-22,0.20931435456624156,-9.296821686556537,-15.755860057085842
166,447565.1798525796,9231432.090542454,2025-09-03,0.2144420582633062,-10.711439555900263,-15.440201717155954
166,447565.1798525796,9231432.090542454,2025-09-15,0.21741068282589834,-10.11417640177239,-15.513626875538353
166,447565.1798525796,9231432.090542454,2025-09-27,0.233683412373805,-10.132067296294181,-15.722220831599058
166,447565.1798525796,9231432.090542454,2025-10-09,0.2544315845910203,-9.04891876011148,-14.664496732244398
166,447565.1798525796,9231432.090542454,2025-10-21,0.2598415646155381,-7.726820377482138,-13.74645572111287
166,447565.1798525796,9231432.090542454,2025-11-02,0.2367644351370495,-8.970411419370958,-15.105361319554085
167,496979.59222830564,9240723.29579709,2024-11-07,0.3860120285518219,-11.3879474489508,-17.6080460021213
167,496979.59222830564,9240723.29579709,2024-11-19,0.3857010281849378,-10.801942654670178,-18.14163671330654
167,496979.59222830564,9240723.29579709,2024-12-01,0.37478858631149914,-10.875575782477975,-18.500104087888097
167,496979.59222830564,9240723.29579709,2024-12-13,0.35927064436669376,-10.714358871668459,-18.686045654845195
167,496979.59222830564,9240723.29579709,2024-12-25,0.33986494476720963,-9.181423941126399,-16.876220987646114
167,496979.59222830564,9240723.29579709,2025-01-06,0.3984754651231223,-9.833551305340084,-16.647771463647643
167,496979.59222830564,9240723.29579709,2025-01-18,0.45715539820578505,-9.628885129057423,-14.953093514689822
167,496979.59222830564,9240723.29579709,2025-01-30,0.4379457113463183,-8.435008152139634,-13.972521459509784
167,496979.59222830564,9240723.29579709,2025-02-11,0.3270500949903558,-6.33670396627676,-13.786389220549154
167,496979.59222830564,9240723.29579709,2025-02-23,0.3824080674104126,-5.729015404455573,-12.045536925609182
167,496979.59222830564,9240723.29579709,2025-03-07,0.35242928247606264,-6.746775791211307,-14.02331174287097
167,496979.59222830564,9240723.29579709,2025-03-19,0.3788024953575866,-5.062907868585238,-10.421264842964607
167,496979.59222830564,9240723.29579709,2025-03-31,0.4058295853256092,-6.501980634607323,-12.40982226236788
167,496979.59222830564,9240723.29579709,2025-04-12,0.38181820288507845,-11.129302364000848,-18.63590236796361
167,496979.59222830564,9240723.29579709,2025-04-24,0.3455751359361343,-8.559837929198892,-16.192741888708508
167,496979.59222830564,9240723.29579709,2025-05-06,0.4137937410859147,-9.108477035975632,-16.13439644146576
167,496979.59222830564,9240723.29579709,2025-05-18,0.49754379068860044,-9.693524315494866,-15.010751834773997
167,496979.59222830564,9240723.29579709,2025-05-30,0.4189113509231314,-9.283631993950097,-15.474748299544123
167,496979.59222830564,9240723.29579709,2025-06-11,0.5030250944922611,-9.759198804832122,-14.328497666556165
167,496979.59222830564,9240723.29579709,2025-06-23,0.436796590651156,-8.960978294490948,-14.654519858790296
167,496979.59222830564,9240723.29579709,2025-07-05,0.4385741048361761,-6.752199758260462,-11.90791580239997
167,496979.59222830564,9240723.29579709,2025-07-17,0.3843609816806675,-6.3114498774394,-11.63064348081284
167,496979.59222830564,9240723.29579709,2025-07-29,0.39963927206932603,-7.960840658911436,-14.473476438160022
167,496979.59222830564,9240723.29579709,2025-08-10,0.4228603882139081,-7.367313608186427,-14.315146123678005
167,496979.59222830564,9240723.29579709,2025-08-22,0.48616439256836697,-7.39674420119786,-12.808500413176583
167,496979.59222830564,9240723.29579709,2025-09-03,0.4442613805343705,-8.021176933853404,-14.354547598625883
167,496979.59222830564,9240723.29579709,2025-09-15,0.43130634050456806,-6.852654288230918,-12.672623089247235
167,496979.59222830564,9240723.29579709,2025-09-27,0.4329295577955227,-7.235577447256219,-12.63555821209609
167,496979.59222830564,9240723.29579709,2025-10-09,0.3281701629250258,-7.245107645686714,-14.056794523875034
167,496979.59222830564,9240723.29579709,2025-10-21,0.3310243451510418,-9.034878873080688,-16.231212146961393
167,496979.59222830564,9240723.29579709,2025-11-02,0.3521259153219858,-3.8117227974211803,-10.456821673007768
168,477805.0740016805,9235400.404628947,2024-11-07,0.16372064741971357,-6.755265214045689,-13.31393985539369
168,477805.0740016805,9235400.404628947,2024-11-19,0.1994693932300846,-13.96857189687713,-20.658920593787215
168,477805.0740016805,9235400.404628947,2024-12-01,0.26819811443332087,-10.470796961813285,-16.900839788737848
168,477805.0740016805,9235400.404628947,2024-12-13,0.2464491490234441,-8.412452149643284,-15.205301857993833
168,477805.0740016805,9235400.404628947,2024-12-25,0.3174413569929787,-9.624275318486228,-15.680135896778674
168,477805.0740016805,9235400.404628947,2025-01-06,0.38344584840601337,-9.366512720634166,-16.321169166877386
168,477805.0740016805,9235400.404628947,2025-01-18,0.25578869727750475,-10.57136807472371,-17.43471156107395
168,477805.0740016805,9235400.404628947,2025-01-30,0.25712511333134414,-8.91881304366346,-15.444115643473351
168,477805.0740016805,9235400.404628947,2025-02-11,0.25745506358823245,-6.257371858697255,-12.299269329719637
168,477805.0740016805,9235400.404628947,2025-02-23,0.25859144529069905,-7.970981113149443,-14.27896935723198
168,477805.0740016805,9235400.404628947,2025-03-07,0.20384881172636332,-9.501646086631823,-14.976255832737467
168,477805.0740016805,9235400.404628947,2025-03-19,0.17818058940373582,-7.185097316829743,-14.378988553467257
168,477805.0740016805,9235400.404628947,2025-03-31,0.2523145952241498,-15.55876879663133,-23.423596067788655
168,477805.0740016805,9235400.404628947,2025-04-12,0.2096358361343772,-11.678063144653478,-18.87180487818608
168,477805.0740016805,9235400.404628947,2025-04-24,0.32084232418674086,-9.79163291578942,-17.062788902734216
168,477805.0740016805,9235400.404628947,2025-05-06,0.38118311614820677,-9.549271128607561,-16.185164895441723
168,477805.0740016805,9235400.404628947,2025-05-18,0.41328267299823307,-9.411235673657345,-15.67599441503416
168,477805.0740016805,9235400.404628947,2025-05-30,0.26566163750224353,-9.584434631540153,-15.9420818469083
168,477805.0740016805,9235400.404628947,2025-06-11,0.27716891318343956,-9.985283959884896,-16.02882638884303
168,477805.0740016805,9235400.404628947,2025-06-23,0.34815282593763786,-10.111852951319594,-15.81616441527117
168,477805.0740016805,9235400.404628947,2025-07-05,0.2119910421583731,-5.947399515884707,-12.6009618551928
168,477805.0740016805,9235400.404628947,2025-07-17,0.20251096886241984,-5.081487939288456,-11.450528384677508
168,477805.0740016805,9235400.404628947,2025-07-29,0.19321612297933455,-5.3358817266181795,-12.943990771648128
168,477805.0740016805,9235400.404628947,2025-08-10,0.25411232698744257,-5.3533935402849,-11.875503579832444
168,477805.0740016805,9235400.404628947,2025-08-22,0.276043549912187,-6.460557360192765,-12.529782561999712
168,477805.0740016805,9235400.404628947,2025-09-03,0.2154358827123372,-6.325564017195996,-12.638537569868976
168,477805.0740016805,9235400.404628947,2025-09-15,0.19357769582050466,-8.507511264295108,-15.493084040379838
168,477805.0740016805,9235400.404628947,2025-09-27,0.23616587231235847,-11.172711974064441,-18.799729509761676
168,477805.0740016805,9235400.404628947,2025-10-09,0.1680356084638852,-11.98372365813884,-20.018508525255022
168,477805.0740016805,9235400.404628947,2025-10-21,0.19824977814884875,-11.353724713147905,-18.91117400327679
168,477805.0740016805,9235400.404628947,2025-11-02,0.27687983890899664,-9.253067160429048,-15.176331788801429
169,460383.2632474667,9254094.026248224,2024-11-07,0.23327355544123632,-7.2874266731957125,-12.643713811725588
169,460383.2632474667,9254094.026248224,2024-11-19,0.28593883230896366,-6.05927960362806,-12.377762266713361
169,460383.2632474667,9254094.026248224,2024-12-01,0.2914054972091233,-7.0457634836339675,-13.715286082688142
169,460383.2632474667,9254094.026248224,2024-12-13,0.23117200987583725,-6.517859788640546,-12.831271420314206
169,460383.2632474667,9254094.026248224,2024-12-25,0.22609339226211586,-9.264221753780808,-14.92005056710302
169,460383.2632474667,9254094.026248224,2025-01-06,0.23142311024052994,-11.91647611070582,-19.459682726370243
169,460383.2632474667,9254094.026248224,2025-01-18,0.2951376984498213,-10.796429193271493,-18.404422064322617
169,460383.2632474667,9254094.026248224,2025-01-30,0.2802824682694377,-9.302303969891616,-16.22583604702671
169,460383.2632474667,9254094.026248224,2025-02-11,0.3160204406041924,-8.214198865167633,-15.720981800959326
169,460383.2632474667,9254094.026248224,2025-02-23,0.30966293962103203,-6.794426026631071,-13.831073497426472
169,460383.2632474667,9254094.026248224,2025-03-07,0.34927363364181835,-8.823714306290928,-16.265986655920845
169,460383.2632474667,9254094.026248224,2025-03-19,0.33931059695637156,-8.990740554656403,-15.665784042213994
169,460383.2632474667,9254094.026248224,2025-03-31,0.29016786905701036,-8.774617359249358,-15.807996969312548
169,460383.2632474667,9254094.026248224,2025-04-12,0.27456185341284073,-7.69148756651325,-13.522748770832182
169,460383.2632474667,9254094.026248224,2025-04-24,0.24424560318820993,-6.782635560716827,-12.664783179082253
169,460383.2632474667,9254094.026248224,2025-05-06,0.26656555821990346,-6.518709311484798,-12.87558442695495
169,460383.2632474667,9254094.026248224,2025-05-18,0.2612527536559397,-8.113752497912188,-14.952275923755124
169,460383.2632474667,9254094.026248224,2025-05-30,0.28484958101898883,-11.507778284460109,-19.038275366866923
169,460383.2632474667,9254094.026248224,2025-06-11,0.28823280059453155,-10.227796795576891,-18.675762090399928
169,460383.2632474667,9254094.026248224,2025-06-23,0.3455709443142635,-10.283367880273941,-19.168867631440392
169,460383.2632474667,9254094.026248224,2025-07-05,0.3246594007130209,-9.906586221868569,-17.33571917645481
169,460383.2632474667,9254094.026248224,2025-07-17,0.3623770220896616,-8.951095267867046,-16.48082236909727
169,460383.2632474667,9254094.026248224,2025-07-29,0.37654833120835,-7.647568132359819,-15.365275979396007
169,460383.2632474667,9254094.026248224,2025-08-10,0.3564195077662565,-7.474281829345365,-15.027776676705598
169,460383.2632474667,9254094.026248224,2025-08-22,0.29090876984965547,-7.226996043065827,-14.10099146981589
169,460383.2632474667,9254094.026248224,2025-09-03,0.21591064335329008,-7.097149310007452,-12.587330754321982
169,460383.2632474667,9254094.026248224,2025-09-15,0.22545448237078972,-8.085406248374925,-14.106447706318221
169,460383.2632474667,9254094.026248224,2025-09-27,0.25740513805613396,-9.011723734431735,-15.337723839324227
169,460383.2632474667,9254094.026248224,2025-10-09,0.2428076805966569,-8.466662081494512,-14.460291953979043
169,460383.2632474667,9254094.026248224,2025-10-21,0.2769730183698781,-8.55515665506974,-15.548928486067014
169,460383.2632474667,9254094.026248224,2025-11-02,0.2960943044091205,-5.395255954267802,-11.798899814036849
170,502959.8576019066,9246681.066087618,2024-11-07,0.11834469269100567,-6.940642685967937,-12.583508016293223
170,502959.8576019066,9246681.066087618,2024-11-19,0.22746119164873943,-6.66306171150765,-12.190823995533936
170,502959.8576019066,9246681.066087618,2024-12-01,0.32377914535535623,-6.982731357131726,-12.559933170617882
170,502959.8576019066,9246681.066087618,2024-12-13,0.24091337324908518,-6.803235871232368,-12.145847735073025
170,502959.8576019066,9246681.066087618,2024-12-25,0.5290896405596999,-7.146686145714629,-13.036555669880494
170,502959.8576019066,9246681.066087618,2025-01-06,0.3750926984705722,-7.193304072060737,-12.715887053774953
170,502959.8576019066,9246681.066087618,2025-01-18,0.33735224652497164,-6.974183505830595,-12.666104542586694
170,502959.8576019066,9246681.066087618,2025-01-30,0.4068872333808886,-7.5190246342327764,-12.615227439386953
170,502959.8576019066,9246681.066087618,2025-02-11,0.4127418941998121,-7.525194791738734,-11.959387347484906
170,502959.8576019066,9246681.066087618,2025-02-23,0.30822178199061123,-7.135514083141461,-12.293758649087401
170,502959.8576019066,9246681.066087618,2025-03-07,0.22934719525004174,-7.171054380302627,-12.558958526546121
170,502959.8576019066,9246681.066087618,2025-03-19,0.258476176185557,-7.410225376170442,-11.585203273984776
170,502959.8576019066,9246681.066087618,2025-03-31,0.5133611253170207,-6.628074538124215,-13.927395743188116
170,502959.8576019066,9246681.066087618,2025-04-12,0.47783078906466614,-7.425030266952568,-12.700276835651907
170,502959.8576019066,9246681.066087618,2025-04-24,0.5251307560191367,-7.2631489453418405,-13.152044672067317
170,502959.8576019066,9246681.066087618,2025-05-06,0.5096289256877828,-7.452960280634461,-13.45575114185977
170,502959.8576019066,9246681.066087618,2025-05-18,0.1831797346797228,-6.815066656686659,-11.719028797131148
170,502959.8576019066,9246681.066087618,2025-05-30,0.3623578021460216,-7.120629611730222,-12.697811367540984
170,502959.8576019066,9246681.066087618,2025-06-11,0.2525465625897726,-6.963061007592684,-12.360058822991807
170,502959.8576019066,9246681.066087618,2025-06-23,0.3194081683715695,-7.091744855521543,-12.352944671643636
170,502959.8576019066,9246681.066087618,2025-07-05,0.23469464235499132,-7.169907639026849,-11.730651273141982
170,502959.8576019066,9246681.066087618,2025-07-17,0.4994383065527306,-7.457408539978836,-13.061566017093384
170,502959.8576019066,9246681.066087618,2025-07-29,0.5115062930124861,-7.3172510591109665,-12.550493000311814
170,502959.8576019066,9246681.066087618,2025-08-10,0.4203444598108444,-7.193531579593302,-12.717563567854821
170,502959.8576019066,9246681.066087618,2025-08-22,0.3620798969548139,-7.276556255939142,-12.491155777812954
170,502959.8576019066,9246681.066087618,2025-09-03,0.2946782351692241,-6.754457355244608,-12.581482209628856
170,502959.8576019066,9246681.066087618,2025-09-15,0.18100083790994345,-7.039588527876301,-12.05275462693243
170,502959.8576019066,9246681.066087618,2025-09-27,0.11328956658347017,-6.906771711891566,-11.897602149891128
170,502959.8576019066,9246681.066087618,2025-10-09,0.08477105733308832,-6.8173030998014905,-12.365090837240544
170,502959.8576019066,9246681.066087618,2025-10-21,0.07072246861620146,-6.6281699311704925,-12.017190683360555
170,502959.8576019066,9246681.066087618,2025-11-02,0.3981649798424917,-6.75958338958543,-13.319941088756199
171,460152.4721362782,9242252.558624007,2024-11-07,0.22003805146568095,-12.602486268959169,-18.85587536218914
171,460152.4721362782,9242252.558624007,2024-11-19,0.28062791913469826,-10.186439856472152,-16.760684547839052
171,460152.4721362782,9242252.558624007,2024-12-01,0.31712812192587586,-10.413568398327978,-16.030947825961622
171,460152.4721362782,9242252.558624007,2024-12-13,0.32740600169644724,-9.629880966159849,-15.405262007602712
171,460152.4721362782,9242252.558624007,2024-12-25,0.32127934237251404,-10.624348642358365,-16.039638679229203
171,460152.4721362782,9242252.558624007,2025-01-06,0.32220019662789906,-10.57878983325367,-16.3912756263093
171,460152.4721362782,9242252.558624007,2025-01-18,0.35290965414180614,-10.245842884084048,-15.122054570571333
171,460152.4721362782,9242252.558624007,2025-01-30,0.3560534688421714,-9.894648205610011,-14.875405060646408
171,460152.4721362782,9242252.558624007,2025-02-11,0.39170658839651845,-7.406584021743022,-12.819210144710949
171,460152.4721362782,9242252.558624007,2025-02-23,0.3973860513607147,-8.210420300129226,-13.086629628663738
171,460152.4721362782,9242252.558624007,2025-03-07,0.21704477041678077,-11.075564191703158,-18.04840865575781
171,460152.4721362782,9242252.558624007,2025-03-19,0.24243961321810487,-11.267323412812708,-18.177801255854156
171,460152.4721362782,9242252.558624007,2025-03-31,0.19495361757815108,-11.96345585882012,-19.618751652546884
171,460152.4721362782,9242252.558624007,2025-04-12,0.25158747078762445,-10.095193948645557,-16.956248506541144
171,460152.4721362782,9242252.558624007,2025-04-24,0.33550441782199186,-9.765617516535508,-16.118615139717566
171,460152.4721362782,9242252.558624007,2025-05-06,0.3475002893714662,-10.018943569223135,-16.217979489516612
171,460152.4721362782,9242252.558624007,2025-05-18,0.3882703939035428,-9.811075759334118,-14.872797923875634
171,460152.4721362782,9242252.558624007,2025-05-30,0.36851728856042887,-9.475349730859188,-14.379912456525647
171,460152.4721362782,9242252.558624007,2025-06-11,0.3853637677064711,-10.213559383034216,-14.821807229395477
171,460152.4721362782,9242252.558624007,2025-06-23,0.38515976625143844,-7.238989001584617,-12.278904247285139
171,460152.4721362782,9242252.558624007,2025-07-05,0.3438381143613221,-7.927593499130417,-13.326946025754783
171,460152.4721362782,9242252.558624007,2025-07-17,0.37491800672461373,-8.53772741373623,-13.459870199668051
171,460152.4721362782,9242252.558624007,2025-07-29,0.36949965327811307,-7.706388400953455,-13.730560644720818
171,460152.4721362782,9242252.558624007,2025-08-10,0.38438794793177833,-9.137200564070305,-14.218210619451916
171,460152.4721362782,9242252.558624007,2025-08-22,0.37860576916579675,-8.618856621296526,-13.718797435073835
171,460152.4721362782,9242252.558624007,2025-09-03,0.3786991243856508,-9.20612913533493,-14.324661253394577
171,460152.4721362782,9242252.558624007,2025-09-15,0.3559383695787055,-8.206478456842328,-13.427266667769153
171,460152.4721362782,9242252.558624007,2025-09-27,0.34959538052767974,-7.885875867569506,-14.028629405082611
171,460152.4721362782,9242252.558624007,2025-10-09,0.22865977410184712,-11.747502816265436,-18.2651387255891
171,460152.4721362782,9242252.558624007,2025-10-21,0.2063926468229792,-13.080883637641174,-19.578238402297643
171,460152.4721362782,9242252.558624007,2025-11-02,0.23334762500982337,-11.49228128269849,-18.49913985695837
172,463000.2255201336,9225143.241869077,2024-11-07,0.3718495193996929,-6.569527386996867,-13.057410697092612
172,463000.2255201336,9225143.241869077,2024-11-19,0.14084730984078275,-13.49896325199202,-18.187029335659293
172,463000.2255201336,9225143.241869077,2024-12-01,0.07688241360067419,-15.286015793086271,-19.31409194485534
172,463000.2255201336,9225143.241869077,2024-12-13,0.23060201447677736,-11.203906777625203,-17.448872393118112
172,463000.2255201336,9225143.241869077,2024-12-25,0.28320472235731575,-9.539488579426765,-15.718127964716777
172,463000.2255201336,9225143.241869077,2025-01-06,0.3234390139415068,-10.614776173647828,-17.00622396779437
172,463000.2255201336,9225143.241869077,2025-01-18,0.26157971954570786,-9.744107186893233,-15.209390685428367
172,463000.2255201336,9225143.241869077,2025-01-30,0.2676328725889963,-9.648190700021612,-15.265741514667608
172,463000.2255201336,9225143.241869077,2025-02-11,0.2719391704429923,-8.221337173836002,-12.682874061068008
172,463000.2255201336,9225143.241869077,2025-02-23,0.2862001861962083,-9.161496399355805,-15.009936841709106
172,463000.2255201336,9225143.241869077,2025-03-07,0.37994101041585593,-6.77867875816279,-13.884046154878336
172,463000.2255201336,9225143.241869077,2025-03-19,0.19805610676734212,-9.516490198956411,-15.252403615446323
172,463000.2255201336,9225143.241869077,2025-03-31,0.20364606499867202,-12.235763681245619,-18.174570136522814
172,463000.2255201336,9225143.241869077,2025-04-12,0.17528273659450302,-12.539461871428477,-19.259534852388313
172,463000.2255201336,9225143.241869077,2025-04-24,0.18014155421653133,-12.923252634083571,-18.642475455632272
172,463000.2255201336,9225143.241869077,2025-05-06,0.23780720413601888,-11.6676955004313,-17.458271673044507
172,463000.2255201336,9225143.241869077,2025-05-18,0.3370582914409693,-9.21745378327529,-15.607024760658897
172,463000.2255201336,9225143.241869077,2025-05-30,0.32476982128596765,-8.523425550925596,-15.309071015575185
172,463000.2255201336,9225143.241869077,2025-06-11,0.39302022553692684,-7.573734002410591,-15.02994084469895
172,463000.2255201336,9225143.241869077,2025-06-23,0.3824228356731779,-7.060112061965208,-14.014638420833172
172,463000.2255201336,9225143.241869077,2025-07-05,0.29882046529679257,-8.266045300204063,-13.067974088079247
172,463000.2255201336,9225143.241869077,2025-07-17,0.2682282499880182,-8.36165872201517,-13.915281825660971
172,463000.2255201336,9225143.241869077,2025-07-29,0.3484612566641704,-6.469578338433433,-13.707646121314287
172,463000.2255201336,9225143.241869077,2025-08-10,0.3201237106759457,-7.682888113376221,-13.50474830616831
172,463000.2255201336,9225143.241869077,2025-08-22,0.34063416593746765,-7.642658429494503,-13.336347355485145
172,463000.2255201336,9225143.241869077,2025-09-03,0.3474034929156888,-7.068842301723471,-12.472908918218549
172,463000.2255201336,9225143.241869077,2025-09-15,0.3453934081912143,-7.541305652145831,-13.520022479568091
172,463000.2255201336,9225143.241869077,2025-09-27,0.3296429737996333,-7.440443473239358,-13.627250063284178
172,463000.2255201336,9225143.241869077,2025-10-09,0.22418375876855415,-9.586712929483717,-14.797095416341097
172,463000.2255201336,9225143.241869077,2025-10-21,0.11376342101895237,-13.215666065249664,-17.489435808017184
172,463000.2255201336,9225143.241869077,2025-11-02,0.05605681352753411,-15.365919809055542,-18.563269053361562
173,480207.28746414674,9231870.684368413,2024-11-07,0.120557079955071,-13.368456831251256,-20.75337243889729
173,480207.28746414674,9231870.684368413,2024-11-19,0.10246937006842496,-14.203851320880414,-21.48208112121848
173,480207.28746414674,9231870.684368413,2024-12-01,0.12647172716735175,-14.44284510150257,-20.252347556260393
173,480207.28746414674,9231870.684368413,2024-12-13,0.21029914511481462,-11.139288034337694,-18.82159195922314
173,480207.28746414674,9231870.684368413,2024-12-25,0.28704421745386977,-9.853912053520522,-17.430570286111376
173,480207.28746414674,9231870.684368413,2025-01-06,0.35422966557311875,-8.657315859674458,-15.505573250022314
173,480207.28746414674,9231870.684368413,2025-01-18,0.27548281072574465,-9.442113200189729,-16.381788589792738
173,480207.28746414674,9231870.684368413,2025-01-30,0.327868668077567,-8.02389953923828,-14.823816645923989
173,480207.28746414674,9231870.684368413,2025-02-11,0.3488529936786714,-7.687631543229825,-14.065172511176279
173,480207.28746414674,9231870.684368413,2025-02-23,0.3406701939213147,-8.242108774627042,-14.115273682393083
173,480207.28746414674,9231870.684368413,2025-03-07,0.3680014335497183,-7.310740622671522,-13.41355664987449
173,480207.28746414674,9231870.684368413,2025-03-19,0.3453907524278405,-7.929648587622628,-14.082069231717718
173,480207.28746414674,9231870.684368413,2025-03-31,0.09505178136744102,-14.65152372309249,-21.559394277976757
173,480207.28746414674,9231870.684368413,2025-04-12,0.09564385593215949,-14.751552278692504,-21.265659589961942
173,480207.28746414674,9231870.684368413,2025-04-24,0.1669171301247685,-12.114342002379667,-19.82219022875283
173,480207.28746414674,9231870.684368413,2025-05-06,0.22339026844834176,-10.82327250396964,-18.884200428660133
173,480207.28746414674,9231870.684368413,2025-05-18,0.32766994932301763,-9.170943318458178,-16.361921095521133
173,480207.28746414674,9231870.684368413,2025-05-30,0.31345084673331575,-8.067746553461564,-15.45371851122686
173,480207.28746414674,9231870.684368413,2025-06-11,0.31729131254431975,-8.368437590403829,-15.104618564428929
173,480207.28746414674,9231870.684368413,2025-06-23,0.39743593007072203,-7.1169731401036795,-12.99157880111187
173,480207.28746414674,9231870.684368413,2025-07-05,0.3454593988274656,-7.980111477733519,-15.188101734884713
173,480207.28746414674,9231870.684368413,2025-07-17,0.29361338666418135,-7.389952463077955,-15.09247408582874
173,480207.28746414674,9231870.684368413,2025-07-29,0.29837689600785194,-7.6258496864648455,-15.042264995968278
173,480207.28746414674,9231870.684368413,2025-08-10,0.29465047968193697,-8.119934926771492,-15.092775532498667
173,480207.28746414674,9231870.684368413,2025-08-22,0.32713348994671027,-7.560634185072335,-14.274275202171674
173,480207.28746414674,9231870.684368413,2025-09-03,0.3120146050391626,-7.953153446946203,-14.666209621575076
173,480207.28746414674,9231870.684368413,2025-09-15,0.1565446178271213,-11.849480081047453,-19.350976771789632
173,480207.28746414674,9231870.684368413,2025-09-27,0.2793435932407243,-9.10197746813627,-16.40372868694229
173,480207.28746414674,9231870.684368413,2025-10-09,0.16978326421447132,-12.18868415486286,-18.759927855645515
173,480207.28746414674,9231870.684368413,2025-10-21,0.10189658952755859,-13.61006640671981,-21.190716697342722
173,480207.28746414674,9231870.684368413,2025-11-02,0.11454166288247891,-14.554869378939117,-20.729596970072844
174,458912.8967071283,9249822.748268813,2024-11-07,0.2520430331017791,-8.774821734966867,-14.79435033711703
174,458912.8967071283,9249822.748268813,2024-11-19,0.2626587233368234,-8.728976569497071,-15.044824825766394
174,458912.8967071283,9249822.748268813,2024-12-01,0.1967080362652724,-9.724215702073495,-15.173894453445252
174,458912.8967071283,9249822.748268813,2024-12-13,-0.07247082982764891,-15.58377595302239,-20.330973134306173
174,458912.8967071283,9249822.748268813,2024-12-25,0.022400071353820994,-13.932559041347403,-19.34338758179368
174,458912.8967071283,9249822.748268813,2025-01-06,-0.05840661223076621,-15.077884395430292,-19.240309830307318
174,458912.8967071283,9249822.748268813,2025-01-18,0.2697486655659356,-8.699264236971338,-15.214260353899245
174,458912.8967071283,9249822.748268813,2025-01-30,0.282281014336795,-8.552793995911552,-15.290904382253428
174,458912.8967071283,9249822.748268813,2025-02-11,0.308076938102423,-8.043994898690539,-14.956908671527811
174,458912.8967071283,9249822.748268813,2025-02-23,0.239484676853493,-9.25442182810704,-15.507027084706184
174,458912.8967071283,9249822.748268813,2025-03-07,0.26476376834881343,-8.548205417010918,-14.687258599912244
174,458912.8967071283,9249822.748268813,2025-03-19,0.33756772293843584,-6.763745751190026,-13.746039349486262
174,458912.8967071283,9249822.748268813,2025-03-31,0.32981500681097853,-7.446114322148373,-14.27429452608832
174,458912.8967071283,9249822.748268813,2025-04-12,0.11974057126906823,-11.493657913618527,-16.863884756601728
174,458912.8967071283,9249822.748268813,2025-04-24,0.14267704827073185,-10.951124913938674,-17.208189683428554
174,458912.8967071283,9249822.748268813,2025-05-06,0.10735271621118961,-11.966293328556965,-17.854051689804315
174,458912.8967071283,9249822.748268813,2025-05-18,0.0994306335486603,-12.598984492006307,-18.31364717766589
174,458912.8967071283,9249822.748268813,2025-05-30,0.3106044738922525,-8.268361540169504,-15.574646256142676
174,458912.8967071283,9249822.748268813,2025-06-11,0.316029006604583,-9.050621449602518,-16.153646265704968
174,458912.8967071283,9249822.748268813,2025-06-23,0.3637641426261582,-8.20320767973463,-15.409530702513612
174,458912.8967071283,9249822.748268813,2025-07-05,0.3148890123655037,-8.74926864054542,-14.789313414062015
174,458912.8967071283,9249822.748268813,2025-07-17,0.40854633742211566,-6.69453740379797,-14.471859468983572
174,458912.8967071283,9249822.748268813,2025-07-29,0.4218959655774508,-5.660354762305255,-13.481499918338223
174,458912.8967071283,9249822.748268813,2025-08-10,0.2775851337554381,-7.502663057303991,-13.367229639494148
174,458912.8967071283,9249822.748268813,2025-08-22,0.25896849174680453,-8.66689084751593,-14.975830112825447
174,458912.8967071283,9249822.748268813,2025-09-03,0.2752218066852039,-7.810514976636789,-13.320761219284886
174,458912.8967071283,9249822.748268813,2025-09-15,0.290292092127702,-8.142382217548683,-14.598721461477622
174,458912.8967071283,9249822.748268813,2025-09-27,0.3350760351398703,-7.421065910773809,-14.39290497526589
174,458912.8967071283,9249822.748268813,2025-10-09,0.34142329228296897,-6.657448343754604,-13.648214105009206
174,458912.8967071283,9249822.748268813,2025-10-21,0.03630061582596983,-13.517812833590922,-18.786458887941052
174,458912.8967071283,9249822.748268813,2025-11-02,0.31179187514054274,-7.851915797761447,-14.626996115565042
175,461916.2046416754,9252864.012248186,2024-11-07,0.2736443020232745,-8.700862046770169,-14.85419078120249
175,461916.2046416754,9252864.012248186,2024-11-19,0.3283141306220851,-8.520289777032414,-13.565945519461847
175,461916.2046416754,9252864.012248186,2024-12-01,0.2612279061179416,-7.537028997134496,-13.800411759401191
175,461916.2046416754,9252864.012248186,2024-12-13,0.2665766909209107,-9.827742031456403,-16.253885652538536
175,461916.2046416754,9252864.012248186,2024-12-25,0.23090879729497235,-10.91523115053718,-17.328100573095522
175,461916.2046416754,9252864.012248186,2025-01-06,0.24097510534776964,-12.903433729111086,-19.615022876996413
175,461916.2046416754,9252864.012248186,2025-01-18,0.27181094277335416,-10.286280571857569,-16.662261096783922
175,461916.2046416754,9252864.012248186,2025-01-30,0.3312821100018841,-10.386632724816081,-15.5925186675017
175,461916.2046416754,9252864.012248186,2025-02-11,0.2178096015536724,-8.31296741423122,-15.530348937727751
175,461916.2046416754,9252864.012248186,2025-02-23,0.2717466061716799,-8.594941845472876,-14.77354287471708
175,461916.2046416754,9252864.012248186,2025-03-07,0.3484303646747911,-9.950332273080713,-15.170415010198996
175,461916.2046416754,9252864.012248186,2025-03-19,0.37008428818553835,-9.539860862601177,-14.424977918729738
175,461916.2046416754,9252864.012248186,2025-03-31,0.2983309953238015,-8.219857710764732,-13.826086298753845
175,461916.2046416754,9252864.012248186,2025-04-12,0.24767340155635015,-7.581263899919048,-13.865439214581695
175,461916.2046416754,9252864.012248186,2025-04-24,0.25572030421744024,-7.008638617150988,-13.156488259573543
175,461916.2046416754,9252864.012248186,2025-05-06,0.2044796298090693,-6.229761466429294,-12.976554704272516
175,461916.2046416754,9252864.012248186,2025-05-18,0.2251944236020187,-10.73627481212635,-17.51239246340134
175,461916.2046416754,9252864.012248186,2025-05-30,0.3190594405480038,-14.872728498587815,-20.84843723030934
175,461916.2046416754,9252864.012248186,2025-06-11,0.22175320858184477,-10.1244401081797,-17.518262369490518
175,461916.2046416754,9252864.012248186,2025-06-23,0.2872654077774561,-8.86241904762731,-15.681597614247236
175,461916.2046416754,9252864.012248186,2025-07-05,0.31581990594500997,-10.159682853062177,-16.566752668439626
175,461916.2046416754,9252864.012248186,2025-07-17,0.2918103150199503,-8.548192859152202,-15.243963937989522
175,461916.2046416754,9252864.012248186,2025-07-29,0.4369112951395061,-11.048050810085439,-14.508299462664693
175,461916.2046416754,9252864.012248186,2025-08-10,0.3698701234373426,-11.653331534461385,-16.207396155400115
175,461916.2046416754,9252864.012248186,2025-08-22,0.30322357468612654,-7.371308397221176,-12.141057473069294
175,461916.2046416754,9252864.012248186,2025-09-03,0.23337734548951647,-7.790223457444283,-14.167193394242048
175,461916.2046416754,9252864.012248186,2025-09-15,0.21564264194912552,-8.19446188025171,-15.076132721905045
175,461916.2046416754,9252864.012248186,2025-09-27,0.30385449475846055,-8.845811803817112,-14.415792993177462
175,461916.2046416754,9252864.012248186,2025-10-09,0.3160065797156281,-8.936893744507024,-14.558722479842125
175,461916.2046416754,9252864.012248186,2025-10-21,0.3470742576407791,-8.830069928543256,-13.674955378506375
175,461916.2046416754,9252864.012248186,2025-11-02,0.3186282177715186,-7.849523019455493,-13.008883049810294
176,470783.236410018,9238157.300665403,2024-11-07,0.1476878897291069,-8.333274622784074,-14.574070610813857
176,470783.236410018,9238157.300665403,2024-11-19,0.17814981857615142,-12.346217799886087,-17.081991138505803
176,470783.236410018,9238157.300665403,2024-12-01,0.11964462790271128,-12.498681772437617,-18.068115710952473
176,470783.236410018,9238157.300665403,2024-12-13,0.1581508025901921,-9.850854252134727,-16.24076224998782
176,470783.236410018,9238157.300665403,2024-12-25,0.31145706466974404,-8.12017759810392,-12.971542589188516
176,470783.236410018,9238157.300665403,2025-01-06,0.26433712323636405,-8.055862008519739,-13.62670491565653
176,470783.236410018,9238157.300665403,2025-01-18,0.2558404417827859,-7.0048174916866,-13.24132538773156
176,470783.236410018,9238157.300665403,2025-01-30,0.25253095712538925,-8.479586367557973,-14.019251514076068
176,470783.236410018,9238157.300665403,2025-02-11,0.32053330631751853,-7.360788304480483,-12.409275395429637
176,470783.236410018,9238157.300665403,2025-02-23,0.34945062388497883,-6.311340257934218,-11.442080241859411
176,470783.236410018,9238157.300665403,2025-03-07,0.25082728180837816,-9.322603468544989,-14.461005493518975
176,470783.236410018,9238157.300665403,2025-03-19,0.05275869032661537,-11.962532956930813,-18.37655988244424
176,470783.236410018,9238157.300665403,2025-03-31,0.08426460124795834,-9.314873867974379,-17.050873053807127
176,470783.236410018,9238157.300665403,2025-04-12,0.10404829544204182,-10.731350750796096,-17.317333874320536
176,470783.236410018,9238157.300665403,2025-04-24,0.19573204381415546,-9.308191520333464,-15.684873450737657
176,470783.236410018,9238157.300665403,2025-05-06,0.27066674898759846,-7.544434190273622,-14.07501727519275
176,470783.236410018,9238157.300665403,2025-05-18,0.3478792166520317,-8.099507345952542,-13.23333340900851
176,470783.236410018,9238157.300665403,2025-05-30,0.27357359621257665,-7.46758904246953,-13.193125235575216
176,470783.236410018,9238157.300665403,2025-06-11,0.35780086091120344,-8.138842902979096,-13.026219545642094
176,470783.236410018,9238157.300665403,2025-06-23,0.2824780666692013,-5.268420920789165,-10.91993199570641
176,470783.236410018,9238157.300665403,2025-07-05,0.32596126967698863,-6.188005206504421,-11.74710270016273
176,470783.236410018,9238157.300665403,2025-07-17,0.18490353904820306,-7.64252890823509,-14.423599708035534
176,470783.236410018,9238157.300665403,2025-07-29,0.27381500937363246,-7.1262677922629045,-13.047311779759614
176,470783.236410018,9238157.300665403,2025-08-10,0.4076874098567898,-7.2813369777479355,-11.718032112097791
176,470783.236410018,9238157.300665403,2025-08-22,0.36731814907564,-5.833373454158128,-10.656369101857326
176,470783.236410018,9238157.300665403,2025-09-03,0.18495076258056453,-9.243243209726591,-15.53300060593009
176,470783.236410018,9238157.300665403,2025-09-15,0.17024378782193864,-8.52226783596279,-14.901732858646307
176,470783.236410018,9238157.300665403,2025-09-27,0.10092004795337467,-11.45024010805413,-17.843284621557387
176,470783.236410018,9238157.300665403,2025-10-09,0.06199913583812608,-15.500844072660817,-20.530130649522164
176,470783.236410018,9238157.300665403,2025-10-21,0.04437338024410015,-13.37531878529234,-19.480844926666002
176,470783.236410018,9238157.300665403,2025-11-02,0.102619064905595,-11.915482279295016,-18.04598113608698
177,475265.4273097887,9244080.318600828,2024-11-07,0.3719417933682211,-7.36196119504265,-13.228529167324716
177,475265.4273097887,9244080.318600828,2024-11-19,0.332946828772847,-8.2766937785502,-14.412651079065002
177,475265.4273097887,9244080.318600828,2024-12-01,0.36280174257515174,-8.207719406234805,-13.750379085323923
177,475265.4273097887,9244080.318600828,2024-12-13,0.3820807474809025,-7.711898380157925,-13.343229483291115
177,475265.4273097887,9244080.318600828,2024-12-25,0.24504554699951714,-10.267120595658135,-16.538713544554785
177,475265.4273097887,9244080.318600828,2025-01-06,0.37605665734918614,-7.345121775183953,-13.374352166468892
177,475265.4273097887,9244080.318600828,2025-01-18,0.3875014815611278,-6.791574231013346,-13.068523955019355
177,475265.4273097887,9244080.318600828,2025-01-30,0.3793752809629425,-7.3909410347864455,-13.306006286915707
177,475265.4273097887,9244080.318600828,2025-02-11,0.3630151987691725,-7.011336157895024,-13.62778635003344
177,475265.4273097887,9244080.318600828,2025-02-23,0.37779898223551217,-7.160768193185808,-13.317930396257067
177,475265.4273097887,9244080.318600828,2025-03-07,0.43437918364767253,-6.631282247183264,-12.02351150468914
177,475265.4273097887,9244080.318600828,2025-03-19,0.4422468962562995,-6.072664689344628,-11.899787940103609
177,475265.4273097887,9244080.318600828,2025-03-31,0.40962019380269565,-7.122190655375373,-12.708001373831118
177,475265.4273097887,9244080.318600828,2025-04-12,0.31054816442979766,-8.486084925111498,-15.560769879708902
177,475265.4273097887,9244080.318600828,2025-04-24,0.31602333739694016,-9.25497003955238,-15.391756605780904
177,475265.4273097887,9244080.318600828,2025-05-06,0.3381616934243732,-7.423171668654729,-13.915367941718412
177,475265.4273097887,9244080.318600828,2025-05-18,0.352320059396001,-8.041402297784431,-14.364769354083194
177,475265.4273097887,9244080.318600828,2025-05-30,0.36223105071365536,-7.507278200622427,-13.693878778597034
177,475265.4273097887,9244080.318600828,2025-06-11,0.38988829676203596,-6.944489061451757,-13.031190746068937
177,475265.4273097887,9244080.318600828,2025-06-23,0.4120010148448343,-7.051494043073612,-12.769653881181819
177,475265.4273097887,9244080.318600828,2025-07-05,0.4147628410004833,-7.108128124492947,-12.815031009844022
177,475265.4273097887,9244080.318600828,2025-07-17,0.45285676610551073,-6.507160324189805,-11.632204661278873
177,475265.4273097887,9244080.318600828,2025-07-29,0.44654052549339296,-6.221278653863482,-11.891921495260908
177,475265.4273097887,9244080.318600828,2025-08-10,0.36945929588899035,-8.139923898690064,-13.574557571689292
177,475265.4273097887,9244080.318600828,2025-08-22,0.33190708084010195,-7.594051733416882,-13.701027014888414
177,475265.4273097887,9244080.318600828,2025-09-03,0.29109755895938394,-8.587354044110151,-15.11176766717748
177,475265.4273097887,9244080.318600828,2025-09-15,0.3346336146183276,-6.852616890375864,-13.468416515136868
177,475265.4273097887,9244080.318600828,2025-09-27,0.2905575777755206,-9.393165764509737,-15.453351763019544
177,475265.4273097887,9244080.318600828,2025-10-09,0.2559381781041764,-9.338501652833,-15.687313986359474
177,475265.4273097887,9244080.318600828,2025-10-21,0.23172206127348952,-9.894821613513098,-16.45530804854281
177,475265.4273097887,9244080.318600828,2025-11-02,0.23814377070036835,-10.235938139060945,-16.687171197479284
178,466713.647531466,9248558.721436359,2024-11-07,0.07149970203552755,-3.8800112104436852,-9.866583070704525
178,466713.647531466,9248558.721436359,2024-11-19,0.11128520897588873,-4.823162465119049,-9.186739782395616
178,466713.647531466,9248558.721436359,2024-12-01,0.10312072267584135,-4.434652542948019,-9.574640262566584
178,466713.647531466,9248558.721436359,2024-12-13,0.07746509949066291,-4.056646394586364,-11.303010530818096
178,466713.647531466,9248558.721436359,2024-12-25,0.08928468167780279,-4.154375734230943,-10.990776054249704
178,466713.647531466,9248558.721436359,2025-01-06,0.09608497743250873,-4.130822254434582,-9.813615061558075
178,466713.647531466,9248558.721436359,2025-01-18,0.09393232032789414,-4.263585617591962,-10.545311136974819
178,466713.647531466,9248558.721436359,2025-01-30,0.09589317155986699,-4.105364841721514,-9.947400428149304
178,466713.647531466,9248558.721436359,2025-02-11,0.09419832527820836,-3.8750638705784355,-9.72761472868736
178,466713.647531466,9248558.721436359,2025-02-23,0.11013726459658994,-5.343903105043562,-10.395882236464802
178,466713.647531466,9248558.721436359,2025-03-07,0.08830073501665431,-4.129029964797239,-10.943903489266438
178,466713.647531466,9248558.721436359,2025-03-19,0.11666203153633625,-5.4593165659365575,-10.056911595520784
178,466713.647531466,9248558.721436359,2025-03-31,0.09540301175990037,-4.41851074968828,-10.645892574214676
178,466713.647531466,9248558.721436359,2025-04-12,0.11083285464602491,-5.199703510771696,-10.734303146390713
178,466713.647531466,9248558.721436359,2025-04-24,0.11365130371969095,-4.477718788386655,-9.357535945788843
178,466713.647531466,9248558.721436359,2025-05-06,0.1109305347076555,-4.604191104620608,-9.88954361318029
178,466713.647531466,9248558.721436359,2025-05-18,0.12048876701959821,-4.869679546875115,-9.810047653664537
178,466713.647531466,9248558.721436359,2025-05-30,0.1013648228667855,-4.365070533918267,-9.686104565686861
178,466713.647531466,9248558.721436359,2025-06-11,0.11572065425996497,-4.494190586989816,-8.975733311197365
178,466713.647531466,9248558.721436359,2025-06-23,0.10715627096086985,-4.321803457404574,-8.790299205573035
178,466713.647531466,9248558.721436359,2025-07-05,0.10402957359512031,-5.215629874466126,-11.372421158584363
178,466713.647531466,9248558.721436359,2025-07-17,0.11840226709097014,-5.520373380066248,-9.948037380630069
178,466713.647531466,9248558.721436359,2025-07-29,0.10534846748218371,-4.556820964366495,-9.908780964012973
178,466713.647531466,9248558.721436359,2025-08-10,0.1085341831079591,-4.857336327730008,-9.433365206816324
178,466713.647531466,9248558.721436359,2025-08-22,0.10036434624990237,-4.258313078109553,-9.28817608023833
178,466713.647531466,9248558.721436359,2025-09-03,0.09981356637583631,-5.162905484583085,-10.304977010860835
178,466713.647531466,9248558.721436359,2025-09-15,0.10276953783717838,-4.793581106337683,-10.15705250660961
178,466713.647531466,9248558.721436359,2025-09-27,0.08798844420165762,-4.001426249895652,-9.738149511862758
178,466713.647531466,9248558.721436359,2025-10-09,0.10287671570569923,-4.888421115261366,-10.003251801783883
178,466713.647531466,9248558.721436359,2025-10-21,0.09107840316905527,-4.188773044149895,-10.095271575592113
178,466713.647531466,9248558.721436359,2025-11-02,0.10957571917796773,-5.8545282035051125,-11.50086953507777
179,471526.9506110478,9247991.079598244,2024-11-07,0.5460300688899844,-7.543493841048576,-12.779756729231346
179,471526.9506110478,9247991.079598244,2024-11-19,0.5483692750827659,-6.482291851350353,-11.270064515272265
179,471526.9506110478,9247991.079598244,2024-12-01,0.5751535508410197,-6.44524130149882,-12.46113884760812
179,471526.9506110478,9247991.079598244,2024-12-13,0.5592941605055785,-6.610240181147166,-12.193026497920911
179,471526.9506110478,9247991.079598244,2024-12-25,0.5744186581993562,-6.529570974551026,-12.495552802291687
179,471526.9506110478,9247991.079598244,2025-01-06,0.5685169043567936,-7.862469687533258,-13.299947138579679
179,471526.9506110478,9247991.079598244,2025-01-18,0.5801553094352914,-7.223429021906022,-13.315827854795138
179,471526.9506110478,9247991.079598244,2025-01-30,0.5623693760491899,-8.100283679325615,-13.21124059840995
179,471526.9506110478,9247991.079598244,2025-02-11,0.5737772316002253,-7.9353938311595655,-13.5984570396428
179,471526.9506110478,9247991.079598244,2025-02-23,0.5606025668654434,-7.0622903368677115,-12.294783182395216
179,471526.9506110478,9247991.079598244,2025-03-07,0.6164159413691686,-6.814675077012997,-14.639522929372392
179,471526.9506110478,9247991.079598244,2025-03-19,0.5566435200034219,-7.827995278020625,-12.730957655360958
179,471526.9506110478,9247991.079598244,2025-03-31,0.6149221871833663,-6.55690072029404,-14.36384106088612
179,471526.9506110478,9247991.079598244,2025-04-12,0.5962096201194619,-6.842128413727778,-12.66656070793534
179,471526.9506110478,9247991.079598244,2025-04-24,0.6021055797590606,-7.486436900399824,-13.768054466497993
179,471526.9506110478,9247991.079598244,2025-05-06,0.5964140435237976,-7.74350687111951,-13.183514964622724
179,471526.9506110478,9247991.079598244,2025-05-18,0.6088737527256447,-6.647710023126295,-12.500516062213116
179,471526.9506110478,9247991.079598244,2025-05-30,0.5835622045158099,-6.530042394165431,-12.912724176169913
179,471526.9506110478,9247991.079598244,2025-06-11,0.5797847108251065,-7.80344453201476,-13.766035030195797
179,471526.9506110478,9247991.079598244,2025-06-23,0.6089103278577592,-8.109764576930248,-14.470173136394292
179,471526.9506110478,9247991.079598244,2025-07-05,0.5828335926189688,-5.758185073446211,-11.919698650551656
179,471526.9506110478,9247991.079598244,2025-07-17,0.5905111774707006,-5.674390643006124,-13.353430490739568
179,471526.9506110478,9247991.079598244,2025-07-29,0.5568187012678699,-10.403172040490773,-14.452691171600343
179,471526.9506110478,9247991.079598244,2025-08-10,0.5728233168346715,-9.551947574350159,-15.225459120169248
179,471526.9506110478,9247991.079598244,2025-08-22,0.5097329465783801,-8.432138670106015,-13.108147556694815
179,471526.9506110478,9247991.079598244,2025-09-03,0.5516355428230156,-6.823819671558046,-12.680485155541753
179,471526.9506110478,9247991.079598244,2025-09-15,0.5171918239444449,-7.7821780060946155,-11.908050661626701
179,471526.9506110478,9247991.079598244,2025-09-27,0.5759568811992342,-8.222518836037287,-13.929040957295362
179,471526.9506110478,9247991.079598244,2025-10-09,0.5722080535088785,-7.525321364653304,-12.914603802418165
179,471526.9506110478,9247991.079598244,2025-10-21,0.5776754441988441,-8.084458666962407,-13.758044043308024
179,471526.9506110478,9247991.079598244,2025-11-02,0.5483332794408277,-6.25362306510796,-11.084271303177996
180,493964.25031187275,9237571.835175738,2024-11-07,0.16882294152300686,-8.222127920776362,-16.643045274017375
180,493964.25031187275,9237571.835175738,2024-11-19,0.1953306642967111,-8.225661861131176,-16.812329433567044
180,493964.25031187275,9237571.835175738,2024-12-01,0.07315478651892769,-13.048624397430329,-19.46808990593997
180,493964.25031187275,9237571.835175738,2024-12-13,0.0650074283678689,-12.76719267694019,-19.958032738696456
180,493964.25031187275,9237571.835175738,2024-12-25,0.1315713259092251,-10.010868281496055,-18.185318731652327
180,493964.25031187275,9237571.835175738,2025-01-06,0.19712345490891378,-8.45786523857231,-16.799808956385696
180,493964.25031187275,9237571.835175738,2025-01-18,0.12857209802123964,-10.005220775074587,-18.707417450863737
180,493964.25031187275,9237571.835175738,2025-01-30,0.12580841510189295,-11.019180445753406,-18.29808277767227
180,493964.25031187275,9237571.835175738,2025-02-11,0.1709972612916325,-9.291154993750238,-17.28684157351017
180,493964.25031187275,9237571.835175738,2025-02-23,0.23910705512648553,-5.966780687652063,-16.136104682059603
180,493964.25031187275,9237571.835175738,2025-03-07,0.22217477819269354,-8.164777417966446,-15.710671435554241
180,493964.25031187275,9237571.835175738,2025-03-19,0.10679206570203077,-9.326638528603361,-17.41742827191018
180,493964.25031187275,9237571.835175738,2025-03-31,-0.044014146977132934,-15.525155047825862,-23.129722298646886
180,493964.25031187275,9237571.835175738,2025-04-12,0.011961101176078556,-13.738936339347354,-20.460796464519177
180,493964.25031187275,9237571.835175738,2025-04-24,-0.012279252492950032,-14.758933997028763,-21.732360509180424
180,493964.25031187275,9237571.835175738,2025-05-06,0.13508552757704623,-10.323898136778881,-18.26713033035138
180,493964.25031187275,9237571.835175738,2025-05-18,0.02623952858783954,-14.290270515397093,-21.12802517322937
180,493964.25031187275,9237571.835175738,2025-05-30,-0.036549356972142844,-16.201236245198306,-22.46386481738174
180,493964.25031187275,9237571.835175738,2025-06-11,0.10734481132607042,-11.15856856019459,-19.124465206064286
180,493964.25031187275,9237571.835175738,2025-06-23,0.1300312654636162,-10.614164777617875,-18.75839122155617
180,493964.25031187275,9237571.835175738,2025-07-05,0.11170722242536377,-10.85013636417755,-18.98106822188172
180,493964.25031187275,9237571.835175738,2025-07-17,0.14550486668766513,-10.570854124236684,-18.94269095085244
180,493964.25031187275,9237571.835175738,2025-07-29,0.22184851641726566,-8.326941803641338,-15.974143189339232
180,493964.25031187275,9237571.835175738,2025-08-10,0.23653584164416777,-8.078414167077593,-15.972677948642929
180,493964.25031187275,9237571.835175738,2025-08-22,0.2978116240491888,-5.996182533730187,-14.000559753503252
180,493964.25031187275,9237571.835175738,2025-09-03,0.278022402250355,-6.562755434149505,-14.386628014238237
180,493964.25031187275,9237571.835175738,2025-09-15,0.24356646323765668,-7.260415457192091,-15.133788221893411
180,493964.25031187275,9237571.835175738,2025-09-27,0.24725925673630228,-7.477408781006377,-15.008294944568672
180,493964.25031187275,9237571.835175738,2025-10-09,0.08116286054833699,-12.038269165849032,-19.073901290570976
180,493964.25031187275,9237571.835175738,2025-10-21,0.08210883928837415,-12.168283961095714,-19.5575262461579
180,493964.25031187275,9237571.835175738,2025-11-02,-0.036746746948299824,-16.761000471993576,-22.181812420975145
181,469100.24864441546,9246363.028682083,2024-11-07,0.2534441031544271,-8.040982418102445,-14.232574049758776
181,469100.24864441546,9246363.028682083,2024-11-19,0.256094387838906,-5.737393074433022,-11.61582812351342
181,469100.24864441546,9246363.028682083,2024-12-01,0.2521987224912837,-6.730602986339717,-13.384413109593288
181,469100.24864441546,9246363.028682083,2024-12-13,0.37459466900459365,-11.854068403626549,-17.307461529839863
181,469100.24864441546,9246363.028682083,2024-12-25,0.299553770810309,-10.134761234865532,-15.596819505316324
181,469100.24864441546,9246363.028682083,2025-01-06,0.28035723824705633,-8.04002414951147,-14.500998730361898
181,469100.24864441546,9246363.028682083,2025-01-18,0.3141674682912438,-8.635395150960447,-14.242046411007058
181,469100.24864441546,9246363.028682083,2025-01-30,0.28786258373853585,-7.564327951101819,-13.448125655726356
181,469100.24864441546,9246363.028682083,2025-02-11,0.325871495788102,-8.469177185628737,-13.542724768804074
181,469100.24864441546,9246363.028682083,2025-02-23,0.3453610138569787,-9.199622501841171,-14.027590249320296
181,469100.24864441546,9246363.028682083,2025-03-07,0.276630228905329,-7.303126098652147,-13.43031966667762
181,469100.24864441546,9246363.028682083,2025-03-19,0.2064385454749716,-5.665859289547653,-12.081643267767033
181,469100.24864441546,9246363.028682083,2025-03-31,0.2933684173377472,-7.97073720828323,-13.912700783726928
181,469100.24864441546,9246363.028682083,2025-04-12,0.21792748197334516,-8.016364316269321,-14.426218239606262
181,469100.24864441546,9246363.028682083,2025-04-24,0.27734504481528055,-9.757544566259313,-15.87061263336403
181,469100.24864441546,9246363.028682083,2025-05-06,0.2639706933811471,-8.045898560740897,-14.699071921234507
181,469100.24864441546,9246363.028682083,2025-05-18,0.35609688881793794,-9.109211072748462,-15.53689619438812
181,469100.24864441546,9246363.028682083,2025-05-30,0.26890030319290126,-7.815225554465847,-14.551000387746603
181,469100.24864441546,9246363.028682083,2025-06-11,0.38131514132786737,-8.790325608980165,-13.735836015045823
181,469100.24864441546,9246363.028682083,2025-06-23,0.3064677013124768,-7.01562790303441,-13.532907373786918
181,469100.24864441546,9246363.028682083,2025-07-05,0.3117072017842136,-7.567161036775246,-13.882104838953934
181,469100.24864441546,9246363.028682083,2025-07-17,0.19254376279174673,-5.1335214035093255,-12.430748474661751
181,469100.24864441546,9246363.028682083,2025-07-29,0.1706753783621595,-5.342569218162268,-13.75989807497898
181,469100.24864441546,9246363.028682083,2025-08-10,0.21635806149360073,-5.10078632587745,-11.991669194633403
181,469100.24864441546,9246363.028682083,2025-08-22,0.309676299119422,-7.469139721599584,-13.743301793308968
181,469100.24864441546,9246363.028682083,2025-09-03,0.3452465023492298,-9.160099754203696,-14.995693224164658
181,469100.24864441546,9246363.028682083,2025-09-15,0.3194405380573898,-8.059214265890967,-14.232672072736717
181,469100.24864441546,9246363.028682083,2025-09-27,0.2948974640747816,-7.52345373772113,-13.124457404011515
181,469100.24864441546,9246363.028682083,2025-10-09,0.2916846681744027,-8.555098567630312,-14.990615983777083
181,469100.24864441546,9246363.028682083,2025-10-21,0.30676279903406956,-8.393026479008173,-14.206620618502972
181,469100.24864441546,9246363.028682083,2025-11-02,0.24472698125633843,-6.707380782786743,-13.619064465155924
182,461151.67035775323,9247005.443886919,2024-11-07,0.17244016944166524,-7.015854930623265,-13.653050270063508
182,461151.67035775323,9247005.443886919,2024-11-19,0.2133901692024062,-7.192866365224855,-14.75720397676502
182,461151.67035775323,9247005.443886919,2024-12-01,0.19301911330639246,-11.785521298250192,-18.49841207210826
182,461151.67035775323,9247005.443886919,2024-12-13,0.17150033834328615,-13.807148382943076,-19.91088060290415
182,461151.67035775323,9247005.443886919,2024-12-25,0.19047104586389998,-11.543410516310807,-18.2335583328767
182,461151.67035775323,9247005.443886919,2025-01-06,0.2426445102877713,-11.455272478422245,-17.71847085268226
182,461151.67035775323,9247005.443886919,2025-01-18,0.1803995862438476,-8.238516070582385,-15.07960493291625
182,461151.67035775323,9247005.443886919,2025-01-30,0.22258363770951986,-7.657823246281842,-15.34612730570061
182,461151.67035775323,9247005.443886919,2025-02-11,0.28023227609474277,-6.322726379396295,-15.22437866254138
182,461151.67035775323,9247005.443886919,2025-02-23,0.22976385850721692,-6.07750089121689,-14.06197105614038
182,461151.67035775323,9247005.443886919,2025-03-07,0.2678533086311945,-6.12058169565237,-14.75349110066594
182,461151.67035775323,9247005.443886919,2025-03-19,0.16000657057794557,-6.410402055669292,-13.758881145804512
182,461151.67035775323,9247005.443886919,2025-03-31,0.2834947785223737,-5.508703251281663,-14.554769175263566
182,461151.67035775323,9247005.443886919,2025-04-12,0.15632643339777216,-11.631649617721898,-17.979031589936763
182,461151.67035775323,9247005.443886919,2025-04-24,0.10509362257949059,-17.1100902125504,-21.644046239069162
182,461151.67035775323,9247005.443886919,2025-05-06,0.15553051634576426,-13.465291682024446,-19.843716763646725
182,461151.67035775323,9247005.443886919,2025-05-18,0.22908897708910803,-11.16508617287119,-18.320854085735167
182,461151.67035775323,9247005.443886919,2025-05-30,0.2286027987837042,-9.886419719415512,-17.458518245313474
182,461151.67035775323,9247005.443886919,2025-06-11,0.34165724217434845,-7.150934660547087,-16.125549152262202
182,461151.67035775323,9247005.443886919,2025-06-23,0.320462110025147,-6.6734007058977625,-15.177652781944357
182,461151.67035775323,9247005.443886919,2025-07-05,0.32308708471246017,-6.7000458340531805,-15.550429608406217
182,461151.67035775323,9247005.443886919,2025-07-17,0.24201536185766634,-6.073723972851958,-14.83450400599992
182,461151.67035775323,9247005.443886919,2025-07-29,0.19530645722761525,-6.027940786071683,-13.937115746099165
182,461151.67035775323,9247005.443886919,2025-08-10,0.17586479890861423,-5.491222243774807,-13.166311895376335
182,461151.67035775323,9247005.443886919,2025-08-22,0.19022514254847553,-6.662664854485389,-13.791739814086835
182,461151.67035775323,9247005.443886919,2025-09-03,0.222912402915937,-7.114551259691955,-14.922637717702294
182,461151.67035775323,9247005.443886919,2025-09-15,0.22736303211797915,-9.934742605653481,-16.854606905873734
182,461151.67035775323,9247005.443886919,2025-09-27,0.23240672179228586,-6.040023031299911,-14.07768441054246
182,461151.67035775323,9247005.443886919,2025-10-09,0.12105716967659072,-9.421287389591814,-16.020592730097487
182,461151.67035775323,9247005.443886919,2025-10-21,0.11058216611294307,-14.757352653936794,-20.360884231066933
182,461151.67035775323,9247005.443886919,2025-11-02,0.17155070372669734,-14.060349374572677,-20.13905041477971
183,475463.3712312296,9246914.244199265,2024-11-07,0.20444388188269844,-5.851226121381729,-13.866704597119988
183,475463.3712312296,9246914.244199265,2024-11-19,0.21504824050213106,-2.876205666649346,-13.276520953373089
183,475463.3712312296,9246914.244199265,2024-12-01,0.24995001284759372,-1.3867133903388158,-11.97930527331096
183,475463.3712312296,9246914.244199265,2024-12-13,0.2035236540220165,-4.578382659795279,-13.94488171181328
183,475463.3712312296,9246914.244199265,2024-12-25,0.16425306036845633,-6.6045722753589855,-15.108362052616133
183,475463.3712312296,9246914.244199265,2025-01-06,0.18310110491444398,-3.9333014685054777,-12.766750852155967
183,475463.3712312296,9246914.244199265,2025-01-18,0.25451213629824465,-4.337767362831272,-12.054228705637474
183,475463.3712312296,9246914.244199265,2025-01-30,0.2052261754285404,-5.698853806816595,-13.828381008789242
183,475463.3712312296,9246914.244199265,2025-02-11,0.21348545953983405,-5.374436232053684,-13.523584026794914
183,475463.3712312296,9246914.244199265,2025-02-23,0.175420580536914,-5.034685821129056,-14.785705226235544
183,475463.3712312296,9246914.244199265,2025-03-07,0.20540290238543918,-5.0438518345661345,-13.771492147243476
183,475463.3712312296,9246914.244199265,2025-03-19,0.26692646305837614,-3.700535161266347,-13.227309760114862
183,475463.3712312296,9246914.244199265,2025-03-31,0.19052132085157797,-5.547967116612011,-14.31442525944704
183,475463.3712312296,9246914.244199265,2025-04-12,0.20792028819907116,-6.9658880031551,-15.538741691407443
183,475463.3712312296,9246914.244199265,2025-04-24,0.17915796082539448,-6.165593326760079,-15.271478271440103
183,475463.3712312296,9246914.244199265,2025-05-06,0.19479108355804,-5.813691266858819,-14.319006202351707
183,475463.3712312296,9246914.244199265,2025-05-18,0.1924165242882377,-5.804192525211228,-14.602568885595087
183,475463.3712312296,9246914.244199265,2025-05-30,0.19910259773836636,-6.04383983614971,-14.062481206758099
183,475463.3712312296,9246914.244199265,2025-06-11,0.13930804034946648,-8.373605233837932,-16.267643277664604
183,475463.3712312296,9246914.244199265,2025-06-23,0.2118747366522044,-6.452417688031344,-14.524811185043946
183,475463.3712312296,9246914.244199265,2025-07-05,0.21226115863441708,-7.215712546199786,-14.721940377719035
183,475463.3712312296,9246914.244199265,2025-07-17,0.1622995866130568,-8.160946860368984,-15.920970559522932
183,475463.3712312296,9246914.244199265,2025-07-29,0.12758476494074625,-8.507927733554691,-16.62869725084006
183,475463.3712312296,9246914.244199265,2025-08-10,0.13200453970271853,-7.053989132496474,-15.852291248556215
183,475463.3712312296,9246914.244199265,2025-08-22,0.10536497007818235,-7.4760530665126455,-16.93454103505676
183,475463.3712312296,9246914.244199265,2025-09-03,0.1294069110260888,-7.402535271388172,-15.768749484397867
183,475463.3712312296,9246914.244199265,2025-09-15,0.10018812335966365,-7.870289572882888,-16.63982096514402
183,475463.3712312296,9246914.244199265,2025-09-27,0.11753506237038158,-8.452526317107015,-17.01080962129854
183,475463.3712312296,9246914.244199265,2025-10-09,0.15237971530952557,-6.993995624478739,-15.684044024218931
183,475463.3712312296,9246914.244199265,2025-10-21,0.1763002614555307,-6.890779168580748,-14.900182315294318
183,475463.3712312296,9246914.244199265,2025-11-02,0.22779566908757354,-4.156608536754507,-12.944522842809691
184,458932.190049687,9222958.037685074,2024-11-07,0.45650049050667585,-7.409196206474145,-14.19511524907177
184,458932.190049687,9222958.037685074,2024-11-19,0.451243861259495,-8.289021258429777,-15.324022758851923
184,458932.190049687,9222958.037685074,2024-12-01,0.5450649328603723,-7.330777814234715,-12.355706547492069
184,458932.190049687,9222958.037685074,2024-12-13,0.5771660970480976,-8.506164377352864,-12.994779156404189
184,458932.190049687,9222958.037685074,2024-12-25,0.5201524075430614,-7.972939166676584,-13.796216059768547
184,458932.190049687,9222958.037685074,2025-01-06,0.5285879521122597,-7.659127968271025,-13.449146076385052
184,458932.190049687,9222958.037685074,2025-01-18,0.5055100968937669,-6.666287211890882,-12.659623083195912
184,458932.190049687,9222958.037685074,2025-01-30,0.5287285815078118,-7.435141556048987,-12.844554469553092
184,458932.190049687,9222958.037685074,2025-02-11,0.5420059011798256,-7.119205394815796,-12.036990086140607
184,458932.190049687,9222958.037685074,2025-02-23,0.5982497011552419,-8.017325882999437,-11.748602515674344
184,458932.190049687,9222958.037685074,2025-03-07,0.5436175558703206,-6.9537999074192784,-12.163173526769699
184,458932.190049687,9222958.037685074,2025-03-19,0.5450309170557616,-6.630278550764899,-11.819686271847406
184,458932.190049687,9222958.037685074,2025-03-31,0.5186474079386738,-8.110090896585914,-13.731830226434516
184,458932.190049687,9222958.037685074,2025-04-12,0.5259048340123222,-8.355350476647004,-14.23828966293958
184,458932.190049687,9222958.037685074,2025-04-24,0.5153409090081982,-7.893442083677063,-13.631555636954534
184,458932.190049687,9222958.037685074,2025-05-06,0.505346512317454,-8.030662423053542,-14.166884485481457
184,458932.190049687,9222958.037685074,2025-05-18,0.5347988864231279,-6.7927451840084805,-11.901884104946598
184,458932.190049687,9222958.037685074,2025-05-30,0.5000134408094932,-7.816078738953972,-13.893249833430545
184,458932.190049687,9222958.037685074,2025-06-11,0.5193370814237641,-6.978940461220005,-12.470883058307283
184,458932.190049687,9222958.037685074,2025-06-23,0.49494244875028737,-7.134112305575666,-13.183565111499362
184,458932.190049687,9222958.037685074,2025-07-05,0.4503108024988088,-7.741541605903235,-15.004503595480875
184,458932.190049687,9222958.037685074,2025-07-17,0.47963154349771275,-7.256481325160286,-13.627051688662318
184,458932.190049687,9222958.037685074,2025-07-29,0.4142458008862181,-7.0973214541304666,-14.747540242879941
184,458932.190049687,9222958.037685074,2025-08-10,0.41753603330777594,-8.630641868593061,-16.67874913860331
184,458932.190049687,9222958.037685074,2025-08-22,0.5103955580338494,-6.940864509821489,-12.861590250765838
184,458932.190049687,9222958.037685074,2025-09-03,0.4958142971628526,-7.859674700189073,-14.055178624580275
184,458932.190049687,9222958.037685074,2025-09-15,0.5182129794727215,-7.783401993304875,-13.730339835668138
184,458932.190049687,9222958.037685074,2025-09-27,0.4991173625993974,-7.791179675115848,-13.905158307450657
184,458932.190049687,9222958.037685074,2025-10-09,0.5601527348419235,-7.865461391325853,-12.516069933820326
184,458932.190049687,9222958.037685074,2025-10-21,0.5594489768176525,-7.968652847926759,-12.957686962352653
184,458932.190049687,9222958.037685074,2025-11-02,0.511559704925309,-8.633679927027865,-14.402694315150097
185,456389.03675699054,9250134.491936931,2024-11-07,-0.11350927967447114,-15.652950696715884,-19.2027895380785
185,456389.03675699054,9250134.491936931,2024-11-19,-0.06883183647161502,-13.527918397559356,-17.661546340201706
185,456389.03675699054,9250134.491936931,2024-12-01,-0.04538199190875089,-12.177456207374604,-18.013982137730256
185,456389.03675699054,9250134.491936931,2024-12-13,-0.12252605210154158,-14.052141836334878,-18.725119407855523
185,456389.03675699054,9250134.491936931,2024-12-25,-0.07683866831190121,-13.837778109241148,-18.288384598829595
185,456389.03675699054,9250134.491936931,2025-01-06,-0.024097588991624848,-12.211504308749275,-17.958126361291654
185,456389.03675699054,9250134.491936931,2025-01-18,-0.07981642369738286,-14.117073958615473,-17.71105116848526
185,456389.03675699054,9250134.491936931,2025-01-30,-0.060960760729538314,-13.077318730648763,-17.766551024619634
185,456389.03675699054,9250134.491936931,2025-02-11,-0.05282845160306674,-12.568796078852323,-18.087304610077435
185,456389.03675699054,9250134.491936931,2025-02-23,-0.07039123480122336,-13.681132242863312,-17.32486609627879
185,456389.03675699054,9250134.491936931,2025-03-07,-0.04944684353688279,-12.494448728247368,-17.543359612526196
185,456389.03675699054,9250134.491936931,2025-03-19,-0.10946611712975807,-15.589437258025997,-18.427058926870675
185,456389.03675699054,9250134.491936931,2025-03-31,-0.12202888928072528,-16.115797004424238,-19.212042928375453
185,456389.03675699054,9250134.491936931,2025-04-12,-0.10258499188012332,-15.1266964625725,-18.95677902961204
185,456389.03675699054,9250134.491936931,2025-04-24,-0.09121407630633742,-13.836943303409988,-18.27865388799391
185,456389.03675699054,9250134.491936931,2025-05-06,-0.09347264425026079,-13.900834283879632,-18.529845811928872
185,456389.03675699054,9250134.491936931,2025-05-18,-0.07161713127600748,-13.156569943486128,-17.76318647579491
185,456389.03675699054,9250134.491936931,2025-05-30,-0.036122612001157225,-11.697411468077064,-17.89034805976416
185,456389.03675699054,9250134.491936931,2025-06-11,-0.0664784340683111,-14.704341960352142,-18.63873668127011
185,456389.03675699054,9250134.491936931,2025-06-23,-0.12047790966588923,-15.983699712142814,-19.221532487719756
185,456389.03675699054,9250134.491936931,2025-07-05,-0.06302043934589377,-13.059197831959507,-18.579185198677393
185,456389.03675699054,9250134.491936931,2025-07-17,-0.09010148401615727,-15.077160411713182,-17.915515862092423
185,456389.03675699054,9250134.491936931,2025-07-29,-0.08660920306202452,-15.041512564778284,-18.22567695136747
185,456389.03675699054,9250134.491936931,2025-08-10,-0.069056589919761,-14.313150392540638,-18.199341070368995
185,456389.03675699054,9250134.491936931,2025-08-22,-0.0782952188780463,-14.611622225789935,-17.841812484395696
185,456389.03675699054,9250134.491936931,2025-09-03,0.039193975566080605,-10.271454979545679,-17.050542137473894
185,456389.03675699054,9250134.491936931,2025-09-15,-0.05713145805362554,-14.08894243148559,-18.681415528484052
185,456389.03675699054,9250134.491936931,2025-09-27,-0.08766219789837391,-15.340949206658262,-19.16837428543059
185,456389.03675699054,9250134.491936931,2025-10-09,-0.1003265415125036,-12.701436766161954,-17.99014874174488
185,456389.03675699054,9250134.491936931,2025-10-21,-0.12034334264069109,-13.683102359987581,-17.806702416322604
185,456389.03675699054,9250134.491936931,2025-11-02,-0.06554366757135584,-13.290566553535934,-17.948028996887814
186,459025.5050659374,9242750.115730308,2024-11-07,0.2915204962257247,-8.34819014016295,-14.042639145167369
186,459025.5050659374,9242750.115730308,2024-11-19,0.36964465580181416,-11.482884090143195,-18.019811043463044
186,459025.5050659374,9242750.115730308,2024-12-01,0.3325731568408262,-10.933922724584093,-17.83422026910596
186,459025.5050659374,9242750.115730308,2024-12-13,0.27835511287145254,-7.329705130612183,-13.923629504854421
186,459025.5050659374,9242750.115730308,2024-12-25,0.32275426304188937,-9.619572408509327,-16.189220442274006
186,459025.5050659374,9242750.115730308,2025-01-06,0.4749218974463122,-10.275751036636974,-14.91358531941385
186,459025.5050659374,9242750.115730308,2025-01-18,0.3617859159764817,-9.379446274805431,-15.267740617507148
186,459025.5050659374,9242750.115730308,2025-01-30,0.39787625583311664,-9.243898510071148,-14.533767109427828
186,459025.5050659374,9242750.115730308,2025-02-11,0.33945600262549575,-7.203768075365286,-12.637150797590893
186,459025.5050659374,9242750.115730308,2025-02-23,0.34706422127277065,-8.624899595928227,-14.461551425957705
186,459025.5050659374,9242750.115730308,2025-03-07,0.2139510250614492,-8.807200319198934,-16.556536055974064
186,459025.5050659374,9242750.115730308,2025-03-19,0.2550819891679186,-8.623318277250458,-15.488157384480282
186,459025.5050659374,9242750.115730308,2025-03-31,0.3223285836655379,-9.005161745478674,-15.356905391435077
186,459025.5050659374,9242750.115730308,2025-04-12,0.26965545741148567,-8.380418356401783,-14.697582831099048
186,459025.5050659374,9242750.115730308,2025-04-24,0.36395303718444894,-8.029864231676301,-14.248053987169493
186,459025.5050659374,9242750.115730308,2025-05-06,0.41558771899308555,-8.39555024528819,-13.991803200859007
186,459025.5050659374,9242750.115730308,2025-05-18,0.41288438020069274,-8.15723568454665,-13.66822483855682
186,459025.5050659374,9242750.115730308,2025-05-30,0.34613579866619354,-8.478793324633541,-14.276209179787251
186,459025.5050659374,9242750.115730308,2025-06-11,0.3608572851464121,-8.150247481943303,-14.26983514442907
186,459025.5050659374,9242750.115730308,2025-06-23,0.2737930429756691,-6.6405527354877805,-12.195600639886688
186,459025.5050659374,9242750.115730308,2025-07-05,0.2586877226090391,-6.971066800535486,-13.091389770269208
186,459025.5050659374,9242750.115730308,2025-07-17,0.2967576880660748,-7.066365638517501,-13.06856438791986
186,459025.5050659374,9242750.115730308,2025-07-29,0.406985681285432,-9.069393763424891,-14.23735216552766
186,459025.5050659374,9242750.115730308,2025-08-10,0.3784147801336726,-8.422357166924906,-14.073110444309766
186,459025.5050659374,9242750.115730308,2025-08-22,0.33529179218239713,-7.444492465258973,-13.141069864980263
186,459025.5050659374,9242750.115730308,2025-09-03,0.3884008196289023,-8.920645782036045,-14.14175542936489
186,459025.5050659374,9242750.115730308,2025-09-15,0.31486006302205816,-6.875423128343074,-12.654806932353559
186,459025.5050659374,9242750.115730308,2025-09-27,0.32378755656644886,-7.2264591070519835,-12.906441383569323
186,459025.5050659374,9242750.115730308,2025-10-09,0.26576605057227054,-7.8753122361851196,-14.395438517954283
186,459025.5050659374,9242750.115730308,2025-10-21,0.3747895981248788,-10.237322701092554,-15.953640509316772
186,459025.5050659374,9242750.115730308,2025-11-02,0.33825265033243346,-9.647717507487439,-15.99191754836477
187,462986.5038698831,9246227.200172417,2024-11-07,0.16051090021589384,-9.481569588874489,-16.398910888626403
187,462986.5038698831,9246227.200172417,2024-11-19,0.31832142957828863,-6.370269101652406,-15.288998358878112
187,462986.5038698831,9246227.200172417,2024-12-01,0.14713736643993616,-10.901968138361804,-17.14619229590482
187,462986.5038698831,9246227.200172417,2024-12-13,0.11184545299191831,-11.584848804016964,-17.907791754884112
187,462986.5038698831,9246227.200172417,2024-12-25,0.14218463842705592,-10.887609579246913,-16.930328936951636
187,462986.5038698831,9246227.200172417,2025-01-06,0.22645561535136022,-10.40459199218996,-16.754771853111254
187,462986.5038698831,9246227.200172417,2025-01-18,0.2680378194964646,-7.895030055994778,-15.08341611205215
187,462986.5038698831,9246227.200172417,2025-01-30,0.26458178130017806,-7.847836571093516,-15.658912307735902
187,462986.5038698831,9246227.200172417,2025-02-11,0.31977427133439307,-6.618065131783824,-14.16275196873379
187,462986.5038698831,9246227.200172417,2025-02-23,0.24398300233745354,-8.550232259842053,-15.272982414068075
187,462986.5038698831,9246227.200172417,2025-03-07,0.3255160294745272,-6.871365457065666,-14.251913944067107
187,462986.5038698831,9246227.200172417,2025-03-19,0.2903169731675631,-7.691788444271756,-13.988150598864804
187,462986.5038698831,9246227.200172417,2025-03-31,0.2441396240576009,-8.375519999350564,-15.932965456138374
187,462986.5038698831,9246227.200172417,2025-04-12,0.1950966827527733,-8.682851654770875,-15.484090124323336
187,462986.5038698831,9246227.200172417,2025-04-24,0.17950695961639151,-10.027913376780743,-16.90539418385907
187,462986.5038698831,9246227.200172417,2025-05-06,0.16090641853357884,-10.752153008171808,-17.707804128827124
187,462986.5038698831,9246227.200172417,2025-05-18,0.220252153220403,-9.427332492390725,-16.862107124119433
187,462986.5038698831,9246227.200172417,2025-05-30,0.26204898185294206,-7.935779121350745,-15.605341833960695
187,462986.5038698831,9246227.200172417,2025-06-11,0.3726047210234251,-6.786217054337335,-15.208883229108624
187,462986.5038698831,9246227.200172417,2025-06-23,0.3841853173976674,-6.421489063838633,-14.64184563108423
187,462986.5038698831,9246227.200172417,2025-07-05,0.31192128825677495,-8.928645732319035,-14.753390576032036
187,462986.5038698831,9246227.200172417,2025-07-17,0.2916143384238344,-7.203363091936083,-14.622000257837623
187,462986.5038698831,9246227.200172417,2025-07-29,0.25713489720028015,-7.110027024274743,-14.98450341025018
187,462986.5038698831,9246227.200172417,2025-08-10,0.24106640048522504,-7.677952650869731,-14.462256791687604
187,462986.5038698831,9246227.200172417,2025-08-22,0.22851389983685405,-8.436777568317074,-15.034210503056277
187,462986.5038698831,9246227.200172417,2025-09-03,0.23200999571989658,-8.24758486510574,-15.500738149406423
187,462986.5038698831,9246227.200172417,2025-09-15,0.2135256129451186,-9.34008048292269,-15.645781085309142
187,462986.5038698831,9246227.200172417,2025-09-27,0.24934044599780172,-8.408408110687718,-15.2148522992792
187,462986.5038698831,9246227.200172417,2025-10-09,0.1656817212947287,-9.594967210098869,-16.183155859298974
187,462986.5038698831,9246227.200172417,2025-10-21,0.0925810217563266,-11.982817535091565,-17.94027703383058
187,462986.5038698831,9246227.200172417,2025-11-02,0.1899799908059162,-9.60767233920709,-17.302613444690007
188,479073.8023213049,9238100.883046785,2024-11-07,0.05237492844686219,-4.677927021830557,-10.94882575368353
188,479073.8023213049,9238100.883046785,2024-11-19,0.08192698038433435,-5.347939503735432,-9.852695267705467
188,479073.8023213049,9238100.883046785,2024-12-01,0.061099087425605596,-4.672050839756232,-11.06313698825575
188,479073.8023213049,9238100.883046785,2024-12-13,0.07120972338748405,-4.6452301712477695,-10.02719535541349
188,479073.8023213049,9238100.883046785,2024-12-25,0.07081454847676062,-5.141892542292538,-11.170275212227363
188,479073.8023213049,9238100.883046785,2025-01-06,0.05154125966297518,-2.611792167157392,-10.542590284709767
188,479073.8023213049,9238100.883046785,2025-01-18,0.05445433460679294,-3.315482923664919,-10.755724168016362
188,479073.8023213049,9238100.883046785,2025-01-30,0.055135999710509274,-3.5635128296481016,-10.865548952985176
188,479073.8023213049,9238100.883046785,2025-02-11,0.056342849349531536,-1.3838150660660218,-9.571520521828583
188,479073.8023213049,9238100.883046785,2025-02-23,0.05562532706431869,-3.0233916848600835,-10.427923035870451
188,479073.8023213049,9238100.883046785,2025-03-07,0.056154778557404236,-2.2153491427842296,-9.68957186647932
188,479073.8023213049,9238100.883046785,2025-03-19,0.06275564046193927,-3.6992680739897223,-10.72551145260173
188,479073.8023213049,9238100.883046785,2025-03-31,0.07652737334152135,-5.587224732455741,-10.169915990729358
188,479073.8023213049,9238100.883046785,2025-04-12,0.06089604064531784,-4.460605097215885,-10.406807696621522
188,479073.8023213049,9238100.883046785,2025-04-24,0.06012556601833984,-4.875348029947289,-10.878664365198166
188,479073.8023213049,9238100.883046785,2025-05-06,0.05625231592696446,-2.8641274868514377,-10.431711388248845
188,479073.8023213049,9238100.883046785,2025-05-18,0.09765658219494308,-4.45300792931511,-10.35728336411545
188,479073.8023213049,9238100.883046785,2025-05-30,0.05563656900799018,-2.924552765016945,-10.35571368000644
188,479073.8023213049,9238100.883046785,2025-06-11,0.06036210974832969,-4.382455406951601,-10.928982603650844
188,479073.8023213049,9238100.883046785,2025-06-23,0.052482181231176164,-3.4860324971052097,-10.40513873524815
188,479073.8023213049,9238100.883046785,2025-07-05,0.062211035120012845,-6.010276801227185,-11.71736581746395
188,479073.8023213049,9238100.883046785,2025-07-17,0.06115259975795738,-3.2806591803145198,-10.183701043705893
188,479073.8023213049,9238100.883046785,2025-07-29,0.05816160775693408,-5.08781857994807,-11.20464234962646
188,479073.8023213049,9238100.883046785,2025-08-10,0.06894899216052375,-4.929600987545085,-10.832358169979896
188,479073.8023213049,9238100.883046785,2025-08-22,0.05875150912825116,-3.884707726597653,-10.745634807623283
188,479073.8023213049,9238100.883046785,2025-09-03,0.0590002010258996,-4.42468719966072,-10.391991202580451
188,479073.8023213049,9238100.883046785,2025-09-15,0.04554265482493985,-1.643484063832223,-10.173821756964843
188,479073.8023213049,9238100.883046785,2025-09-27,0.058350686731915694,-3.7587203753623775,-10.682684317972084
188,479073.8023213049,9238100.883046785,2025-10-09,0.051821772670058754,-4.223226468129981,-10.703256214847473
188,479073.8023213049,9238100.883046785,2025-10-21,0.0495179573169651,-3.072925501300737,-10.243280514234796
188,479073.8023213049,9238100.883046785,2025-11-02,0.06326381116621717,-4.236399480420231,-10.532173455982019
189,481112.01633900113,9235239.82996633,2024-11-07,0.27794817634114305,-7.960902247112655,-16.071227474366193
189,481112.01633900113,9235239.82996633,2024-11-19,0.07434457619556231,-14.656496062220775,-21.380033521670534
189,481112.01633900113,9235239.82996633,2024-12-01,0.20959870962239974,-10.903547111266482,-18.442214136301143
189,481112.01633900113,9235239.82996633,2024-12-13,0.2976559724208888,-8.861680884996616,-16.633766363134942
189,481112.01633900113,9235239.82996633,2024-12-25,0.40524970976947194,-5.7800061913282,-14.37116095056753
189,481112.01633900113,9235239.82996633,2025-01-06,0.29459374882675704,-8.785671856195284,-15.757738577969116
189,481112.01633900113,9235239.82996633,2025-01-18,0.22514772948232592,-10.668033779854024,-17.66603621069677
189,481112.01633900113,9235239.82996633,2025-01-30,0.2707185238808026,-9.260997311075002,-16.736203613924072
189,481112.01633900113,9235239.82996633,2025-02-11,0.4308660413377088,-4.6377030396981285,-12.426562421649088
189,481112.01633900113,9235239.82996633,2025-02-23,0.28555133827896645,-9.19931139322252,-15.689968222588748
189,481112.01633900113,9235239.82996633,2025-03-07,0.32249924015212506,-7.737907183386646,-14.60590356261839
189,481112.01633900113,9235239.82996633,2025-03-19,0.23085975544579648,-9.873447818584062,-17.323366646340183
189,481112.01633900113,9235239.82996633,2025-03-31,0.2806522230496401,-8.721071362473467,-16.971111235703898
189,481112.01633900113,9235239.82996633,2025-04-12,0.19586225246379912,-10.844008542629897,-19.0320260585041
189,481112.01633900113,9235239.82996633,2025-04-24,0.2818803297311692,-9.254369045426499,-17.13554092828066
189,481112.01633900113,9235239.82996633,2025-05-06,0.3086121264230344,-9.077993764853144,-16.587377531753464
189,481112.01633900113,9235239.82996633,2025-05-18,0.33593494523334205,-8.509623452621753,-15.898201165453056
189,481112.01633900113,9235239.82996633,2025-05-30,0.3148743707135875,-8.234146465246008,-15.20384842466504
189,481112.01633900113,9235239.82996633,2025-06-11,0.3141165383039991,-8.074525375524793,-15.562723528387313
189,481112.01633900113,9235239.82996633,2025-06-23,0.31684493642025563,-8.67920129351104,-15.3887099352614
189,481112.01633900113,9235239.82996633,2025-07-05,0.3759469278494521,-5.685954504585329,-13.440702991691001
189,481112.01633900113,9235239.82996633,2025-07-17,0.3267982425119555,-7.164873813808701,-14.364222197867932
189,481112.01633900113,9235239.82996633,2025-07-29,0.2819990748480287,-8.82533782178585,-16.545726698846533
189,481112.01633900113,9235239.82996633,2025-08-10,0.3481119742414221,-7.597515464822511,-14.634536483821062
189,481112.01633900113,9235239.82996633,2025-08-22,0.38717649958355393,-6.47102947687284,-13.311215216701498
189,481112.01633900113,9235239.82996633,2025-09-03,0.3473404329600604,-7.217047336819504,-14.568955734805474
189,481112.01633900113,9235239.82996633,2025-09-15,0.2555984331331025,-8.98551406635512,-16.521209636035323
189,481112.01633900113,9235239.82996633,2025-09-27,0.22176834159197228,-10.443740954118006,-18.351627965743788
189,481112.01633900113,9235239.82996633,2025-10-09,0.14589420066719455,-12.608227522175051,-19.926803853823447
189,481112.01633900113,9235239.82996633,2025-10-21,0.14631647144403306,-12.470555588706478,-20.11536399976589
189,481112.01633900113,9235239.82996633,2025-11-02,0.2348230868931791,-10.27126197499991,-17.652572327522424
190,461310.1839548229,9232254.138967218,2024-11-07,0.4332818581046107,-6.425974996859922,-12.481181373267411
190,461310.1839548229,9232254.138967218,2024-11-19,0.3938293179971484,-5.08571911887681,-12.108892544703666
190,461310.1839548229,9232254.138967218,2024-12-01,0.42592681486046224,-5.655669795116201,-11.94213970075228
190,461310.1839548229,9232254.138967218,2024-12-13,0.47956954029051685,-5.096053086519872,-11.098814524508933
190,461310.1839548229,9232254.138967218,2024-12-25,0.45880140345488435,-4.443297709364454,-10.677157842208421
190,461310.1839548229,9232254.138967218,2025-01-06,0.40959399524029194,-3.660774810286627,-10.484886649605311
190,461310.1839548229,9232254.138967218,2025-01-18,0.41091029326122686,-4.662805903271464,-11.372308143240618
190,461310.1839548229,9232254.138967218,2025-01-30,0.3845729317211102,-4.893221353505371,-12.177606771797823
190,461310.1839548229,9232254.138967218,2025-02-11,0.4270442187922003,-4.20936384896587,-10.593160683034732
190,461310.1839548229,9232254.138967218,2025-02-23,0.4198085577758439,-4.417533817076271,-10.946993575944012
190,461310.1839548229,9232254.138967218,2025-03-07,0.4162347207546495,-3.9938485106087036,-10.041965029026814
190,461310.1839548229,9232254.138967218,2025-03-19,0.45164309833782834,-4.968763561878498,-10.6152325942788
190,461310.1839548229,9232254.138967218,2025-03-31,0.40320707596333827,-3.9078318403960233,-10.855156503578065
190,461310.1839548229,9232254.138967218,2025-04-12,0.4225585803162314,-6.071756257129758,-12.580804945422416
190,461310.1839548229,9232254.138967218,2025-04-24,0.4117239651894266,-5.4288473237094985,-11.879362867427274
190,461310.1839548229,9232254.138967218,2025-05-06,0.43183616407283626,-4.95042042206894,-11.023750886410468
190,461310.1839548229,9232254.138967218,2025-05-18,0.3123115126647531,-4.762243477032914,-12.752565823839763
190,461310.1839548229,9232254.138967218,2025-05-30,0.40480929100602986,-5.241069604651689,-12.039268651088952
190,461310.1839548229,9232254.138967218,2025-06-11,0.4180537785665399,-5.191116045387937,-11.23043029132022
190,461310.1839548229,9232254.138967218,2025-06-23,0.4197364483396553,-5.430852503160639,-11.922686896807008
190,461310.1839548229,9232254.138967218,2025-07-05,0.4478418652818279,-5.258093398469435,-10.900602582502213
190,461310.1839548229,9232254.138967218,2025-07-17,0.4235101450825549,-5.293558518487528,-11.549977527571622
190,461310.1839548229,9232254.138967218,2025-07-29,0.3905362569863716,-5.763148020097854,-12.96786189853302
190,461310.1839548229,9232254.138967218,2025-08-10,0.4152978613140144,-6.976720292155173,-13.211976267416766
190,461310.1839548229,9232254.138967218,2025-08-22,0.44268359955194514,-5.787964721954928,-11.900349368085902
190,461310.1839548229,9232254.138967218,2025-09-03,0.4335112173411198,-7.091133620531153,-12.88246988494062
190,461310.1839548229,9232254.138967218,2025-09-15,0.4114243962756665,-4.439928816106283,-11.208412386989831
190,461310.1839548229,9232254.138967218,2025-09-27,0.40639244780877953,-5.412055576476379,-12.205409959736073
190,461310.1839548229,9232254.138967218,2025-10-09,0.44699430290196857,-6.782713447824273,-12.559276741910057
190,461310.1839548229,9232254.138967218,2025-10-21,0.4635308437614303,-7.07579888290285,-12.541355050608631
190,461310.1839548229,9232254.138967218,2025-11-02,0.39649825745506506,-4.466702384238436,-11.518084834947603
191,478772.3097444077,9230782.5750828,2024-11-07,0.16095662150335097,-10.203335488621612,-17.451160073163493
191,478772.3097444077,9230782.5750828,2024-11-19,0.10589506630015658,-9.968498675201642,-18.34144573336158
191,478772.3097444077,9230782.5750828,2024-12-01,0.008349319393422372,-15.062099008031218,-21.53552075412635
191,478772.3097444077,9230782.5750828,2024-12-13,0.2328063370374284,-9.666862614188998,-16.72358091258454
191,478772.3097444077,9230782.5750828,2024-12-25,0.25065886137705884,-8.457323775703575,-15.3761122555782
191,478772.3097444077,9230782.5750828,2025-01-06,0.3312354976708646,-8.12916488094944,-14.794825908193944
191,478772.3097444077,9230782.5750828,2025-01-18,0.24833372899477263,-9.02610943135813,-15.583534092036107
191,478772.3097444077,9230782.5750828,2025-01-30,0.2959858639221662,-7.408728710414994,-14.278769459729034
191,478772.3097444077,9230782.5750828,2025-02-11,0.3523916790766376,-5.793272568142536,-12.822075918806757
191,478772.3097444077,9230782.5750828,2025-02-23,0.2979894761142672,-8.042088784354505,-14.429732421210419
191,478772.3097444077,9230782.5750828,2025-03-07,0.281229291557902,-7.317816804999391,-14.509157553692926
191,478772.3097444077,9230782.5750828,2025-03-19,0.24556630350749872,-8.1327059214831,-15.369564345820393
191,478772.3097444077,9230782.5750828,2025-03-31,0.07582375221483663,-9.609933198249001,-18.76007860985271
191,478772.3097444077,9230782.5750828,2025-04-12,0.05883297838000237,-14.754916260931342,-20.515616505917606
191,478772.3097444077,9230782.5750828,2025-04-24,0.016255719814690733,-16.687767426252424,-22.014129025681342
191,478772.3097444077,9230782.5750828,2025-05-06,0.06422436059451617,-11.2768421547018,-19.478349968257234
191,478772.3097444077,9230782.5750828,2025-05-18,0.1335174181758699,-10.903315656172081,-18.50574063635415
191,478772.3097444077,9230782.5750828,2025-05-30,0.18286937090722757,-9.211020045441847,-16.778221848085305
191,478772.3097444077,9230782.5750828,2025-06-11,0.24453749253083462,-7.7056150461604265,-15.262151962568927
191,478772.3097444077,9230782.5750828,2025-06-23,0.2817888112194814,-7.452636276451295,-15.196146267103575
191,478772.3097444077,9230782.5750828,2025-07-05,0.2254541772004037,-7.996071785992122,-15.679831291773667
191,478772.3097444077,9230782.5750828,2025-07-17,0.200313275240808,-8.11486638643368,-15.867718013065124
191,478772.3097444077,9230782.5750828,2025-07-29,0.21949890213711193,-6.029785064117203,-14.901292725066051
191,478772.3097444077,9230782.5750828,2025-08-10,0.20886220205409495,-8.828375035429096,-15.789041150678266
191,478772.3097444077,9230782.5750828,2025-08-22,0.21751838532583417,-8.725814107889377,-15.681558428502063
191,478772.3097444077,9230782.5750828,2025-09-03,0.3074731360054651,-6.438925763461315,-13.794055071873663
191,478772.3097444077,9230782.5750828,2025-09-15,0.10321795209291786,-11.141404678635414,-18.388946944303438
191,478772.3097444077,9230782.5750828,2025-09-27,0.007951980290854144,-14.442644717460453,-21.36065645946362
191,478772.3097444077,9230782.5750828,2025-10-09,0.07203070789372008,-12.623442873966274,-19.486671193990983
191,478772.3097444077,9230782.5750828,2025-10-21,0.037167847789151554,-14.143640187680338,-20.954051062792704
191,478772.3097444077,9230782.5750828,2025-11-02,0.05055617870624782,-14.249424864243036,-20.56176627945993
192,498105.13985283434,9242317.615048554,2024-11-07,0.42758474345785247,-9.480687022333964,-14.810703339800028
192,498105.13985283434,9242317.615048554,2024-11-19,0.2952503907091465,-8.268954336449832,-15.132341514569527
192,498105.13985283434,9242317.615048554,2024-12-01,0.13233276468685035,-7.287727623349969,-16.059929311030427
192,498105.13985283434,9242317.615048554,2024-12-13,0.4364745662228212,-9.267546957746843,-14.482399128173178
192,498105.13985283434,9242317.615048554,2024-12-25,0.37985014336556533,-8.206823419141209,-14.520153835094138
192,498105.13985283434,9242317.615048554,2025-01-06,0.14766925929416516,-7.195750396499483,-15.780654230591233
192,498105.13985283434,9242317.615048554,2025-01-18,0.4171083375558035,-8.605250461427277,-14.024484324628727
192,498105.13985283434,9242317.615048554,2025-01-30,0.17669454028409226,-5.140377248914188,-13.29315892383838
192,498105.13985283434,9242317.615048554,2025-02-11,0.21879213754144128,-5.188986920116308,-12.765564716069607
192,498105.13985283434,9242317.615048554,2025-02-23,0.19483241818986397,-5.4136956783826,-13.360738150737173
192,498105.13985283434,9242317.615048554,2025-03-07,0.13530698042406905,-3.6137658802362616,-12.441945110580782
192,498105.13985283434,9242317.615048554,2025-03-19,0.2015517925728278,-5.6582658973403746,-13.554345314364765
192,498105.13985283434,9242317.615048554,2025-03-31,0.462180707008193,-9.461998758721757,-14.377302084223995
192,498105.13985283434,9242317.615048554,2025-04-12,0.10014592158346222,-7.734219804976933,-16.933154872812086
192,498105.13985283434,9242317.615048554,2025-04-24,0.20925543847226474,-10.271077558171637,-18.145364344977473
192,498105.13985283434,9242317.615048554,2025-05-06,0.3402563102162587,-10.995128496598003,-17.432539266266158
192,498105.13985283434,9242317.615048554,2025-05-18,0.3703099137834934,-8.80278937572456,-15.444372473671068
192,498105.13985283434,9242317.615048554,2025-05-30,0.23203202260305866,-8.157186198655976,-15.772369758812397
192,498105.13985283434,9242317.615048554,2025-06-11,0.4847113254053579,-10.46926192722039,-15.415907570301917
192,498105.13985283434,9242317.615048554,2025-06-23,0.37532384236998073,-8.137144167508472,-14.463839549014676
192,498105.13985283434,9242317.615048554,2025-07-05,0.38480254451064777,-6.902204961886697,-12.637686701362043
192,498105.13985283434,9242317.615048554,2025-07-17,0.20827631792952384,-5.23275501420256,-12.942277153891748
192,498105.13985283434,9242317.615048554,2025-07-29,0.251536617982279,-7.36661956246954,-14.28357672408346
192,498105.13985283434,9242317.615048554,2025-08-10,0.12709705799513274,-6.901190535509773,-15.624810362738137
192,498105.13985283434,9242317.615048554,2025-08-22,0.18466853694719496,-8.596373756602077,-16.359877060891467
192,498105.13985283434,9242317.615048554,2025-09-03,0.12280076809941334,-8.348565638676297,-17.471596627184052
192,498105.13985283434,9242317.615048554,2025-09-15,0.23062143577833433,-8.232869659502706,-15.73872201381293
192,498105.13985283434,9242317.615048554,2025-09-27,0.34504533342322435,-9.326578704966625,-15.637820620626263
192,498105.13985283434,9242317.615048554,2025-10-09,0.536258256239029,-11.688677589184483,-15.774790650633578
192,498105.13985283434,9242317.615048554,2025-10-21,0.5291981667326517,-10.394661992170654,-14.551928875414614
192,498105.13985283434,9242317.615048554,2025-11-02,0.47693573754032753,-9.740798040676568,-14.49106423694827
193,456192.61815735936,9253103.399062755,2024-11-07,0.10709778494879604,-9.013184907332388,-16.44802194862571
193,456192.61815735936,9253103.399062755,2024-11-19,0.16040867876627532,-5.86839786084902,-14.93131475387007
193,456192.61815735936,9253103.399062755,2024-12-01,0.14524168118195185,-7.128057799484768,-15.0025209257636
193,456192.61815735936,9253103.399062755,2024-12-13,0.15628555313921685,-6.233435587987654,-14.92835998758928
193,456192.61815735936,9253103.399062755,2024-12-25,0.07999954786658957,-10.193472312448684,-17.631851231573403
193,456192.61815735936,9253103.399062755,2025-01-06,0.0647893698517325,-7.9534869903761365,-16.248697555005524
193,456192.61815735936,9253103.399062755,2025-01-18,0.13675069363727782,-6.4255442142076955,-16.432097038442976
193,456192.61815735936,9253103.399062755,2025-01-30,0.14044878430398144,-6.655086241504822,-15.884919360874797
193,456192.61815735936,9253103.399062755,2025-02-11,0.12142048899046509,-8.111325871381833,-16.096778059521352
193,456192.61815735936,9253103.399062755,2025-02-23,0.13806204221661045,-7.15027539675561,-15.602958104251968
193,456192.61815735936,9253103.399062755,2025-03-07,0.17522385970263626,-5.408274263753081,-14.101293244479663
193,456192.61815735936,9253103.399062755,2025-03-19,0.15187239238417927,-6.666243970751102,-14.883642986463403
193,456192.61815735936,9253103.399062755,2025-03-31,0.12402479217716447,-7.831439823605283,-16.14732987437554
193,456192.61815735936,9253103.399062755,2025-04-12,0.1499804773049542,-7.406727407623244,-14.316629710602752
193,456192.61815735936,9253103.399062755,2025-04-24,0.17499362398251517,-6.9594641279269736,-14.523691270461438
193,456192.61815735936,9253103.399062755,2025-05-06,0.1690930834547094,-6.923517387538729,-15.133865723262218
193,456192.61815735936,9253103.399062755,2025-05-18,0.19856249520358463,-4.67151290141137,-14.017796332595331
193,456192.61815735936,9253103.399062755,2025-05-30,0.1499047518400836,-6.820394508885035,-14.902029543566753
193,456192.61815735936,9253103.399062755,2025-06-11,0.17711975931159163,-6.135729538447567,-14.837807950160892
193,456192.61815735936,9253103.399062755,2025-06-23,0.16321506303948458,-6.897703718831943,-14.732021000196326
193,456192.61815735936,9253103.399062755,2025-07-05,0.17367640469202272,-6.134734435642763,-14.11308537105043
193,456192.61815735936,9253103.399062755,2025-07-17,0.17916962404525816,-6.094192907323596,-13.175602085873697
193,456192.61815735936,9253103.399062755,2025-07-29,0.18855855800572374,-4.159937285417588,-13.217340948368081
193,456192.61815735936,9253103.399062755,2025-08-10,0.14899476142081866,-6.524946106037876,-14.99327710136745
193,456192.61815735936,9253103.399062755,2025-08-22,0.15574443898004456,-6.654038267154521,-14.748161184686152
193,456192.61815735936,9253103.399062755,2025-09-03,0.16599547310526366,-5.085005285968207,-13.533879947184994
193,456192.61815735936,9253103.399062755,2025-09-15,0.13372038308042217,-7.441406655014676,-14.933544237043655
193,456192.61815735936,9253103.399062755,2025-09-27,0.11926881262494549,-7.271046653212604,-14.581749984525722
193,456192.61815735936,9253103.399062755,2025-10-09,0.13676127749238295,-7.331289645630412,-14.9355529091816
193,456192.61815735936,9253103.399062755,2025-10-21,0.1573294384348182,-5.373425596517775,-14.304639493297431
193,456192.61815735936,9253103.399062755,2025-11-02,0.18041722337983523,-5.135314811031769,-13.92057297085959
194,458699.530135873,9239642.11793869,2024-11-07,0.294370627273996,-11.371633499743515,-17.528083326230476
194,458699.530135873,9239642.11793869,2024-11-19,0.14860739566968018,-7.979194630212959,-17.26969013452825
194,458699.530135873,9239642.11793869,2024-12-01,0.36062973060267917,-10.85766114435136,-16.517174137003185
194,458699.530135873,9239642.11793869,2024-12-13,0.15046718201067685,-8.290244111169534,-17.38620544897669
194,458699.530135873,9239642.11793869,2024-12-25,0.3284829215660195,-7.664640745625252,-13.403042684045184
194,458699.530135873,9239642.11793869,2025-01-06,0.37307312331795367,-8.3012813621328,-14.365399221535299
194,458699.530135873,9239642.11793869,2025-01-18,0.3900777699654454,-10.382611679813706,-15.42742643460585
194,458699.530135873,9239642.11793869,2025-01-30,0.3568406941861464,-8.395861472600286,-13.731963749868745
194,458699.530135873,9239642.11793869,2025-02-11,0.34334555142151585,-6.7238921450242275,-12.040217150466765
194,458699.530135873,9239642.11793869,2025-02-23,0.2999103675615541,-7.715009405582948,-13.984335010079112
194,458699.530135873,9239642.11793869,2025-03-07,0.2625821063623532,-7.579020925171188,-14.421793444752081
194,458699.530135873,9239642.11793869,2025-03-19,0.3242127723655582,-11.275865753003526,-17.701443002244197
194,458699.530135873,9239642.11793869,2025-03-31,0.24772329698124151,-11.10889074096065,-18.874712592951536
194,458699.530135873,9239642.11793869,2025-04-12,0.33986196738156227,-8.74804353686787,-14.243209300708882
194,458699.530135873,9239642.11793869,2025-04-24,0.42760041314598507,-10.166829467055273,-15.033117350521334
194,458699.530135873,9239642.11793869,2025-05-06,0.4582941240096913,-11.37014411983325,-15.37955517396483
194,458699.530135873,9239642.11793869,2025-05-18,0.4166653568542014,-8.937159009597725,-13.808291094213931
194,458699.530135873,9239642.11793869,2025-05-30,0.393740845056785,-10.049633199597327,-14.97428953977201
194,458699.530135873,9239642.11793869,2025-06-11,0.3779683513144376,-7.424005498861672,-12.887026314513198
194,458699.530135873,9239642.11793869,2025-06-23,0.29015993749688934,-5.934542258561499,-11.93951517320701
194,458699.530135873,9239642.11793869,2025-07-05,0.29671876199648184,-7.3706211825616474,-13.412958667986167
194,458699.530135873,9239642.11793869,2025-07-17,0.28876718898130616,-5.675293304568214,-12.168692101544984
194,458699.530135873,9239642.11793869,2025-07-29,0.3847826408665189,-8.307109183561497,-13.045424554924448
194,458699.530135873,9239642.11793869,2025-08-10,0.3458919188041166,-7.547018802747622,-13.513369167550671
194,458699.530135873,9239642.11793869,2025-08-22,0.3740030355785643,-7.7630908846630895,-12.812846452212344
194,458699.530135873,9239642.11793869,2025-09-03,0.34912979015810736,-7.358094125789854,-12.524808176034655
194,458699.530135873,9239642.11793869,2025-09-15,0.2355503445754404,-6.839537045317946,-13.806495116714432
194,458699.530135873,9239642.11793869,2025-09-27,0.2401560571873273,-7.066067546956333,-13.5324017285467
194,458699.530135873,9239642.11793869,2025-10-09,0.2083824482190868,-7.339166216273994,-14.488737549223547
194,458699.530135873,9239642.11793869,2025-10-21,0.23414970060869456,-7.003463056496042,-13.523051932200133
194,458699.530135873,9239642.11793869,2025-11-02,0.22630891109295753,-7.513177252321164,-15.097235850535563
195,457557.28361870826,9243786.95255223,2024-11-07,0.30867997853614193,-7.577853234007684,-14.8872444495576
195,457557.28361870826,9243786.95255223,2024-11-19,0.36914078240470577,-10.62308045740125,-17.003663090310937
195,457557.28361870826,9243786.95255223,2024-12-01,0.4006970917779325,-7.427266829307876,-13.45138566628889
195,457557.28361870826,9243786.95255223,2024-12-13,0.37629777198029885,-8.97335526485331,-15.486963366698951
195,457557.28361870826,9243786.95255223,2024-12-25,0.4434513993832282,-7.742376758685264,-13.579386315271572
195,457557.28361870826,9243786.95255223,2025-01-06,0.44316199222865016,-8.59302148259527,-14.318825298412674
195,457557.28361870826,9243786.95255223,2025-01-18,0.40228649512415726,-8.555724346850376,-14.263730517552645
195,457557.28361870826,9243786.95255223,2025-01-30,0.39289985146503953,-7.500433935916156,-13.778307428493575
195,457557.28361870826,9243786.95255223,2025-02-11,0.42002984072417615,-8.178357133386568,-13.357681030438895
195,457557.28361870826,9243786.95255223,2025-02-23,0.3647280387008016,-9.320520877933662,-16.155484056277587
195,457557.28361870826,9243786.95255223,2025-03-07,0.3343067767652912,-7.97193095360718,-15.896572756583986
195,457557.28361870826,9243786.95255223,2025-03-19,0.37413013766946573,-9.047161971321088,-15.618950651779803
195,457557.28361870826,9243786.95255223,2025-03-31,0.3393310597356346,-7.1254024731337795,-15.349583194786712
195,457557.28361870826,9243786.95255223,2025-04-12,0.3515635317358016,-7.123978650484856,-15.203481298464357
195,457557.28361870826,9243786.95255223,2025-04-24,0.4180075082466794,-9.023792540492007,-15.390602574482676
195,457557.28361870826,9243786.95255223,2025-05-06,0.40350608405161076,-8.606561418704597,-15.559843289201757
195,457557.28361870826,9243786.95255223,2025-05-18,0.43135299246720804,-7.741987550842699,-13.739128493901845
195,457557.28361870826,9243786.95255223,2025-05-30,0.4034006224661495,-7.938033365930499,-13.750195105567897
195,457557.28361870826,9243786.95255223,2025-06-11,0.4173551299510652,-7.351072721404969,-13.634403770903386
195,457557.28361870826,9243786.95255223,2025-06-23,0.37992602321268243,-6.201469067579056,-12.2307136381894
195,457557.28361870826,9243786.95255223,2025-07-05,0.3739406362399874,-5.747293811292192,-12.377148936716782
195,457557.28361870826,9243786.95255223,2025-07-17,0.39802578790015847,-7.644543023864228,-14.070728668693315
195,457557.28361870826,9243786.95255223,2025-07-29,0.40536057570838446,-7.3689050523777535,-14.662084011276514
195,457557.28361870826,9243786.95255223,2025-08-10,0.43833988137938645,-6.839291907258651,-12.795269718913682
195,457557.28361870826,9243786.95255223,2025-08-22,0.4162866665322711,-9.342992566124389,-13.466763697520111
195,457557.28361870826,9243786.95255223,2025-09-03,0.38122751870259525,-8.002013391711166,-14.743896105658527
195,457557.28361870826,9243786.95255223,2025-09-15,0.3540129395116657,-7.912974820185542,-14.648669185599285
195,457557.28361870826,9243786.95255223,2025-09-27,0.33517334264936416,-6.782758287321915,-13.316098852614749
195,457557.28361870826,9243786.95255223,2025-10-09,0.31619230186638814,-6.692457602297461,-14.195012626532177
195,457557.28361870826,9243786.95255223,2025-10-21,0.30733456749779814,-11.665888552869266,-18.46898309720526
195,457557.28361870826,9243786.95255223,2025-11-02,0.38066346909412513,-10.223581053728056,-16.29654313012162
196,458636.5361424684,9218129.43803502,2024-11-07,0.2821915373038493,-8.1422491651999,-12.8617342935627
196,458636.5361424684,9218129.43803502,2024-11-19,0.4040460069674547,-9.103413394720468,-15.232705874066372
196,458636.5361424684,9218129.43803502,2024-12-01,0.39547235481011017,-6.807445362214246,-13.052239789111534
196,458636.5361424684,9218129.43803502,2024-12-13,0.41961377457034515,-7.7470279642900355,-14.529237566233725
196,458636.5361424684,9218129.43803502,2024-12-25,0.36524372842720065,-8.760834383709247,-14.208337349302424
196,458636.5361424684,9218129.43803502,2025-01-06,0.4385738471974648,-8.592838001037864,-15.275855633425547
196,458636.5361424684,9218129.43803502,2025-01-18,0.3527495627568077,-7.6950979266833235,-13.197724806842942
196,458636.5361424684,9218129.43803502,2025-01-30,0.39074875484482746,-7.2671633481430264,-13.388020468750971
196,458636.5361424684,9218129.43803502,2025-02-11,0.5489936758494054,-5.155601172764353,-13.6504715290148
196,458636.5361424684,9218129.43803502,2025-02-23,0.35988650121759697,-6.7448840463928885,-12.464376999848843
196,458636.5361424684,9218129.43803502,2025-03-07,0.3836034270069357,-8.269160397009939,-13.321367986688156
196,458636.5361424684,9218129.43803502,2025-03-19,0.3957799897607827,-7.254420401771153,-13.099017219469204
196,458636.5361424684,9218129.43803502,2025-03-31,0.4104269229238495,-5.7789882454739905,-12.782084131346611
196,458636.5361424684,9218129.43803502,2025-04-12,0.36873757601311175,-6.149266115637785,-11.9684687455345
196,458636.5361424684,9218129.43803502,2025-04-24,0.33950841497543055,-8.29270780211575,-13.670341344225102
196,458636.5361424684,9218129.43803502,2025-05-06,0.5233692493488427,-9.551434920064501,-17.392397063042825
196,458636.5361424684,9218129.43803502,2025-05-18,0.32569743207543034,-8.860999816092141,-14.621860720499297
196,458636.5361424684,9218129.43803502,2025-05-30,0.26135045705419835,-8.589216940608123,-12.620478819664724
196,458636.5361424684,9218129.43803502,2025-06-11,0.34452316783046644,-8.712035665576785,-14.442533182356291
196,458636.5361424684,9218129.43803502,2025-06-23,0.357024200391556,-7.641915716917657,-13.790826115662131
196,458636.5361424684,9218129.43803502,2025-07-05,0.4975433388000039,-7.605088612238311,-15.285002089793545
196,458636.5361424684,9218129.43803502,2025-07-17,0.4343199147560728,-8.541945942063638,-14.945461787614223
196,458636.5361424684,9218129.43803502,2025-07-29,0.5249692779600272,-6.353287898015427,-14.332306841206046
196,458636.5361424684,9218129.43803502,2025-08-10,0.43805899643752744,-9.337891501112107,-15.110784049613546
196,458636.5361424684,9218129.43803502,2025-08-22,0.5064038900629712,-7.014764088366752,-13.90416002663517
196,458636.5361424684,9218129.43803502,2025-09-03,0.4666905993575784,-7.597978563206068,-14.43797700887503
196,458636.5361424684,9218129.43803502,2025-09-15,0.3958238720762228,-6.366592179350579,-12.469312890311704
196,458636.5361424684,9218129.43803502,2025-09-27,0.3708217944750281,-6.584627921952672,-12.988975810932704
196,458636.5361424684,9218129.43803502,2025-10-09,0.3428215477877942,-7.403431849827468,-13.180444380011387
196,458636.5361424684,9218129.43803502,2025-10-21,0.3460117615747051,-7.769162028567369,-13.469310139682847
196,458636.5361424684,9218129.43803502,2025-11-02,0.45717945533124293,-6.192752543858697,-13.43220140438604
197,458224.2778140301,9232434.420470906,2024-11-07,0.4573689162539354,-6.982260590225216,-13.294116595447392
197,458224.2778140301,9232434.420470906,2024-11-19,0.45465125422450525,-8.043354896816679,-13.661515856121298
197,458224.2778140301,9232434.420470906,2024-12-01,0.37873093084997084,-6.77436649418421,-12.510552325759908
197,458224.2778140301,9232434.420470906,2024-12-13,0.42227019987152636,-7.099530671423736,-13.035707766812497
197,458224.2778140301,9232434.420470906,2024-12-25,0.4683588391140493,-6.780557321812206,-12.542620961606378
197,458224.2778140301,9232434.420470906,2025-01-06,0.5221168638498742,-6.827846660876596,-13.431476027100441
197,458224.2778140301,9232434.420470906,2025-01-18,0.405748560560908,-7.343948269887871,-12.959682026616635
197,458224.2778140301,9232434.420470906,2025-01-30,0.39574903229858854,-7.541124577494051,-12.930170576704255
197,458224.2778140301,9232434.420470906,2025-02-11,0.3235056140400565,-6.891504128097755,-12.021905953277782
197,458224.2778140301,9232434.420470906,2025-02-23,0.38269566430710283,-6.2424308013191565,-12.370198619438293
197,458224.2778140301,9232434.420470906,2025-03-07,0.47748533731257076,-6.929317492317842,-12.758464685943164
197,458224.2778140301,9232434.420470906,2025-03-19,0.49347184376769665,-5.747636173674052,-12.735810690998335
197,458224.2778140301,9232434.420470906,2025-03-31,0.48604648087320046,-8.279845290780742,-14.040871513333176
197,458224.2778140301,9232434.420470906,2025-04-12,0.5105587134957681,-7.18576577957299,-13.406951590499444
197,458224.2778140301,9232434.420470906,2025-04-24,0.5081464119809739,-7.906187548033353,-13.882275285348623
197,458224.2778140301,9232434.420470906,2025-05-06,0.497505769676711,-7.451298584789659,-13.543899109481053
197,458224.2778140301,9232434.420470906,2025-05-18,0.4446402377440104,-7.377720213242061,-13.198941098073774
197,458224.2778140301,9232434.420470906,2025-05-30,0.47963855926185456,-7.042708745237897,-13.56505141386154
197,458224.2778140301,9232434.420470906,2025-06-11,0.4657245273679238,-6.955690504882375,-12.884182819026526
197,458224.2778140301,9232434.420470906,2025-06-23,0.47469848544501253,-6.625618645798864,-13.455778117563254
197,458224.2778140301,9232434.420470906,2025-07-05,0.5081939779767211,-6.52606750446542,-14.134465850690054
197,458224.2778140301,9232434.420470906,2025-07-17,0.3036195230521416,-6.858449673141052,-12.674300333742806
197,458224.2778140301,9232434.420470906,2025-07-29,0.2945945325816768,-7.273280626210609,-12.82920551400412
197,458224.2778140301,9232434.420470906,2025-08-10,0.31145284943694795,-7.296328069289205,-12.517108573645235
197,458224.2778140301,9232434.420470906,2025-08-22,0.34160825145045587,-6.829161436610088,-12.79224391103401
197,458224.2778140301,9232434.420470906,2025-09-03,0.31608620877918225,-7.545002558367237,-12.609073491830877
197,458224.2778140301,9232434.420470906,2025-09-15,0.30278475075236166,-6.869353080558447,-12.412621596406892
197,458224.2778140301,9232434.420470906,2025-09-27,0.3397593609137318,-7.4710176590843895,-12.620105160012216
197,458224.2778140301,9232434.420470906,2025-10-09,0.3978352506644407,-6.902302576461752,-12.830162842966434
197,458224.2778140301,9232434.420470906,2025-10-21,0.4270864308851823,-6.983477388313446,-12.859085809771557
197,458224.2778140301,9232434.420470906,2025-11-02,0.40813165938320506,-6.9126858036273395,-12.837945260630493
198,456434.96543643577,9219700.403301224,2024-11-07,0.2852992175310393,-9.343219204450769,-15.667820450866369
198,456434.96543643577,9219700.403301224,2024-11-19,0.28301924099574116,-9.554756483707473,-15.501735705067167
198,456434.96543643577,9219700.403301224,2024-12-01,0.36298637556367785,-7.956104044136436,-12.607664569157514
198,456434.96543643577,9219700.403301224,2024-12-13,0.22845426902512755,-7.6554499209374685,-14.12688198880729
198,456434.96543643577,9219700.403301224,2024-12-25,0.24606316315220372,-9.193889890564616,-15.931392695650276
198,456434.96543643577,9219700.403301224,2025-01-06,0.28498052110782984,-12.151942316176953,-17.995546875465365
198,456434.96543643577,9219700.403301224,2025-01-18,0.20112713179373193,-10.066869972555613,-17.58251415066001
198,456434.96543643577,9219700.403301224,2025-01-30,0.19986545365289451,-8.613847330738322,-16.23885132053901
198,456434.96543643577,9219700.403301224,2025-02-11,0.38353018610936623,-10.525253718674875,-15.413728495696713
198,456434.96543643577,9219700.403301224,2025-02-23,0.34315428853086954,-9.557285179711517,-14.480255338067431
198,456434.96543643577,9219700.403301224,2025-03-07,0.2967095266612162,-8.981843985904206,-15.398818889689874
198,456434.96543643577,9219700.403301224,2025-03-19,0.3777437217260419,-7.500275769942966,-12.479810171962876
198,456434.96543643577,9219700.403301224,2025-03-31,0.2212434223927447,-7.966159136367619,-15.234731547499935
198,456434.96543643577,9219700.403301224,2025-04-12,0.2750954161684249,-7.2428709218412255,-13.339440911594627
198,456434.96543643577,9219700.403301224,2025-04-24,0.22586718874436065,-10.694992161813198,-17.16749500030701
198,456434.96543643577,9219700.403301224,2025-05-06,0.26941265306828216,-13.166551321308228,-19.237558558713964
198,456434.96543643577,9219700.403301224,2025-05-18,0.23729638978430723,-13.949031105963638,-19.9694660186087
198,456434.96543643577,9219700.403301224,2025-05-30,0.20685019943785105,-10.756526648957415,-18.125634122201873
198,456434.96543643577,9219700.403301224,2025-06-11,0.1847012703762132,-9.226527468782235,-17.138762305127365
198,456434.96543643577,9219700.403301224,2025-06-23,0.2797642147586987,-8.74952395531145,-15.597289447508786
198,456434.96543643577,9219700.403301224,2025-07-05,0.22044611481372223,-7.81705322795125,-15.10918105240305
198,456434.96543643577,9219700.403301224,2025-07-17,0.311398117957448,-7.402654411165805,-13.741163809001499
198,456434.96543643577,9219700.403301224,2025-07-29,0.3351705572019806,-8.437974698160078,-14.036104770299998
198,456434.96543643577,9219700.403301224,2025-08-10,0.3070251527855903,-7.771950316127221,-13.465328540554125
198,456434.96543643577,9219700.403301224,2025-08-22,0.2200976037601951,-6.831235042876122,-13.718438552415893
198,456434.96543643577,9219700.403301224,2025-09-03,0.241848083565833,-7.224798636964291,-13.622959760857988
198,456434.96543643577,9219700.403301224,2025-09-15,0.26123627772552355,-6.103198503015417,-12.195043829753159
198,456434.96543643577,9219700.403301224,2025-09-27,0.21709334592356566,-7.581050780337397,-14.734957695588232
198,456434.96543643577,9219700.403301224,2025-10-09,0.30868552338922367,-7.658543766253331,-12.845943256306512
198,456434.96543643577,9219700.403301224,2025-10-21,0.23777461474728467,-9.16464114116232,-15.884486161844295
198,456434.96543643577,9219700.403301224,2025-11-02,0.28315694037469274,-8.758979534905365,-14.837220012857454
199,467144.1118203359,9216189.261934325,2024-11-07,0.2587268813387836,-5.372407630188393,-12.32602995758029
199,467144.1118203359,9216189.261934325,2024-11-19,0.23637290522640028,-5.945394026901033,-11.879156481845941
199,467144.1118203359,9216189.261934325,2024-12-01,0.249269609598903,-5.283358301552202,-11.483123442734056
199,467144.1118203359,9216189.261934325,2024-12-13,0.2632484292043454,-5.693605999915384,-12.105939784176508
199,467144.1118203359,9216189.261934325,2024-12-25,0.31612707642585364,-3.488114458000644,-11.651171153208569
199,467144.1118203359,9216189.261934325,2025-01-06,0.32851631917478014,-3.8008785898549107,-11.609086933308006
199,467144.1118203359,9216189.261934325,2025-01-18,0.24645459393763547,-5.2324247328873605,-11.207406784479174
199,467144.1118203359,9216189.261934325,2025-01-30,0.2770584935141595,-4.1824911451458675,-11.23321057635992
199,467144.1118203359,9216189.261934325,2025-02-11,0.3159333742765096,-4.152498485786374,-11.713315989689658
199,467144.1118203359,9216189.261934325,2025-02-23,0.28533797684631323,-4.035309497099155,-11.493809239888698
199,467144.1118203359,9216189.261934325,2025-03-07,0.2914081272529975,-4.274352194901937,-11.711906867035191
199,467144.1118203359,9216189.261934325,2025-03-19,0.28072713551704814,-3.56044078194716,-10.620982911406875
199,467144.1118203359,9216189.261934325,2025-03-31,0.2581080363376624,-4.962758425577645,-11.933609846845243
199,467144.1118203359,9216189.261934325,2025-04-12,0.26204615852300017,-4.946509254889524,-11.80876908350989
199,467144.1118203359,9216189.261934325,2025-04-24,0.27521903283681826,-4.672626058651476,-12.355449730236858
199,467144.1118203359,9216189.261934325,2025-05-06,0.2624366537249156,-5.699617011355981,-12.728398646486358
199,467144.1118203359,9216189.261934325,2025-05-18,0.2784844594737929,-3.3263159146319614,-10.140253548014012
199,467144.1118203359,9216189.261934325,2025-05-30,0.2885060934982131,-4.41181382931585,-12.395574606220432
199,467144.1118203359,9216189.261934325,2025-06-11,0.287426224731292,-4.089406231408708,-12.149734322302608
199,467144.1118203359,9216189.261934325,2025-06-23,0.27288433767958187,-5.288627653278803,-12.754383427302775
199,467144.1118203359,9216189.261934325,2025-07-05,0.28618565104944993,-4.326731360490823,-11.339317217618726
199,467144.1118203359,9216189.261934325,2025-07-17,0.28204083030403243,-4.10581130643307,-12.078613040291481
199,467144.1118203359,9216189.261934325,2025-07-29,0.22193748669921715,-7.240323648345191,-13.56718849494167
199,467144.1118203359,9216189.261934325,2025-08-10,0.24939187611206265,-4.9500208987034195,-11.695420438158685
199,467144.1118203359,9216189.261934325,2025-08-22,0.268738853440224,-4.023069754623759,-11.744884784362135
199,467144.1118203359,9216189.261934325,2025-09-03,0.24909707323641747,-4.852053462264039,-12.305426790939777
199,467144.1118203359,9216189.261934325,2025-09-15,0.24419242685807466,-4.080360666370811,-10.66468961048582
199,467144.1118203359,9216189.261934325,2025-09-27,0.25324480393764154,-5.735328580385976,-12.576721095531711
199,467144.1118203359,9216189.261934325,2025-10-09,0.2489094389826316,-5.451866811360774,-12.231990499478593
199,467144.1118203359,9216189.261934325,2025-10-21,0.23777484816187067,-5.395462573181327,-11.616869277223092
199,467144.1118203359,9216189.261934325,2025-11-02,0.24807719179586651,-5.482294158599481,-11.774952736575523
