fase,region,lokasi,sumber
6,Karawang,,Drone (50x50)
2,Indramayu,,Drone (50x50)
2,Karawang,21_Sumurgede,Drone (rice field)
2,Karawang,21_Sumurgede,Drone (rice field)
2,Karawang,21_Sumurgede,Drone (rice field)
2,Karawang,21_Sumurgede,Drone (rice field)
2,Karawang,21_Sumurgede,Drone (rice field)
2,Karawang,21_Sumurgede,Drone (rice field)
2,Karawang,21_Sumurgede,Drone (rice field)
2,Karawang,21_Sumurgede,Drone (50x50)
2,Karawang,21_Sumurgede,Drone (rice field)
2,Karawang,21_Sumurgede,Drone (rice field)
2,Karawang,21_Sumurgede,Drone (rice field)
2,Karawang,21_Sumurgede,Drone (rice field)
2,Karawang,21_Sumurgede,Drone (50x50)
2,Karawang,21_Sumurgede,Drone (rice field)
2,Karawang,21_Sumurgede,Drone (50x50)
2,Karawang,21_Sumurgede,Drone (rice field)
2,Karawang,21_Sumurgede,Drone (50x50)
2,Karawang,21_Sumurgede,Drone (50x50)
2,Karawang,21_Sumurgede,Drone (rice field)
2,Karawang,21_Sumurgede,Drone (rice field)
2,Karawang,21_Sumurgede,Drone (rice field)
2,Karawang,21_Sumurgede,Drone (rice field)
2,Karawang,21_Sumurgede,Drone (rice field)
2,Karawang,21_Sumurgede,Drone (50x50)
2,Karawang,21_Sumurgede,Drone (rice field)
2,Karawang,21_Sumurgede,Drone (50x50)
2,Karawang,21_Sumurgede,Drone (rice field)
2,Karawang,21_Sumurgede,Drone (rice field)
2,Karawang,21_Sumurgede,Drone (rice field)
2,Karawang,21_Sumurgede,Drone (rice field)
2,Karawang,21_Sumurgede,Drone (rice field)
2,Karawang,21_Sumurgede,Drone (50x50)
2,Karawang,21_Sumurgede,Drone (50x50)
2,Karawang,21_Sumurgede,Drone (rice field)
2,Karawang,21_Sumurgede,Drone (rice field)
2,Karawang,21_Sumurgede,Drone (50x50)
2,Karawang,21_Sumurgede,Drone (50x50)
2,Karawang,21_Sumurgede,Drone (rice field)
2,Karawang,21_Sumurgede,Drone (50x50)
2,Karawang,21_Sumurgede,Drone (rice field)
2,Karawang,21_Sumurgede,Drone (rice field)
2,Karawang,21_Sumurgede,Drone (rice field)
2,Karawang,21_Sumurgede,Drone (rice field)
2,Karawang,21_Sumurgede,Drone (50x50)
2,Karawang,21_Sumurgede,Drone (50x50)
2,Karawang,21_Sumurgede,Drone (rice field)
2,Karawang,21_Sumurgede,Drone (rice field)
2,Karawang,21_Sumurgede,Drone (50x50)
2,Karawang,21_Sumurgede,Drone (rice field)
2,Karawang,21_Sumurgede,Drone (50x50)
2,Karawang,21_Sumurgede,Drone (50x50)
2,Karawang,21_Sumurgede,Drone (rice field)
2,Karawang,21_Sumurgede,Drone (rice field)
2,Karawang,21_Sumurgede,Drone (rice field)
2,Karawang,21_Sumurgede,Drone (50x50)
2,Karawang,21_Sumurgede,Drone (rice field)
2,Karawang,21_Sumurgede,Drone (rice field)
2,Karawang,21_Sumurgede,Drone (rice field)
2,Karawang,21_Sumurgede,Drone (rice field)
2,Karawang,21_Sumurgede,Drone (50x50)
2,Karawang,21_Sumurgede,Drone (50x50)
2,Karawang,21_Sumurgede,Drone (rice field)
2,Karawang,21_Sumurgede,Drone (50x50)
2,Karawang,21_Sumurgede,Drone (50x50)
2,Karawang,21_Sumurgede,Drone (rice field)
2,Karawang,21_Sumurgede,Drone (50x50)
2,Karawang,21_Sumurgede,Drone (rice field)
2,Karawang,21_Sumurgede,Drone (rice field)
2,Karawang,21_Sumurgede,Drone (50x50)
2,Karawang,21_Sumurgede,Drone (50x50)
2,Karawang,21_Sumurgede,Drone (rice field)
2,Karawang,21_Sumurgede,Drone (rice field)
2,Karawang,21_Sumurgede,Drone (rice field)
2,Karawang,21_Sumurgede,Drone (50x50)
2,Karawang,21_Sumurgede,Drone (rice field)
2,Karawang,21_Sumurgede,Drone (50x50)
2,Karawang,21_Sumurgede,Drone (rice field)
2,Karawang,21_Sumurgede,Drone (rice field)
2,Karawang,21_Sumurgede,Drone (rice field)
2,Karawang,21_Sumurgede,Drone (rice field)
2,Karawang,21_Sumurgede,Drone (50x50)
2,Karawang,21_Sumurgede,Drone (rice field)
2,Karawang,21_Sumurgede,Drone (rice field)
2,Karawang,21_Sumurgede,Drone (rice field)
2,Karawang,21_Sumurgede,Drone (rice field)
2,Karawang,21_Sumurgede,Drone (rice field)
2,Karawang,21_Sumurgede,Drone (50x50)
2,Karawang,21_Sumurgede,Drone (rice field)
2,Karawang,21_Sumurgede,Drone (rice field)
2,Karawang,21_Sumurgede,Drone (rice field)
2,Karawang,21_Sumurgede,Drone (rice field)
2,Karawang,21_Sumurgede,Drone (rice field)
2,Karawang,21_Sumurgede,Drone (rice field)
2,Karawang,21_Sumurgede,Drone (rice field)
2,Karawang,21_Sumurgede,Drone (rice field)
2,Karawang,21_Sumurgede,Drone (rice field)
2,Karawang,21_Sumurgede,Drone (rice field)
2,Karawang,21_Sumurgede,Drone (rice field)
2,Karawang,21_Sumurgede,Drone (rice field)
2,Karawang,21_Sumurgede,Drone (rice field)
2,Karawang,21_Sumurgede,Drone (50x50)
2,Karawang,21_Sumurgede,Drone (rice field)
2,Karawang,21_Sumurgede,Drone (50x50)
2,Karawang,21_Sumurgede,Drone (rice field)
2,Karawang,21_Sumurgede,Drone (rice field)
2,Karawang,21_Sumurgede,Drone (50x50)
2,Karawang,21_Sumurgede,Drone (50x50)
2,Karawang,21_Sumurgede,Drone (rice field)
2,Karawang,21_Sumurgede,Drone (rice field)
2,Karawang,21_Sumurgede,Drone (rice field)
2,Karawang,21_Sumurgede,Drone (50x50)
2,Karawang,21_Sumurgede,Drone (rice field)
2,Karawang,21_Sumurgede,Drone (rice field)
2,Karawang,21_Sumurgede,Drone (rice field)
2,Karawang,21_Sumurgede,Drone (rice field)
2,Karawang,21_Sumurgede,Drone (50x50)
2,Karawang,21_Sumurgede,Drone (rice field)
2,Karawang,21_Sumurgede,Drone (rice field)
2,Karawang,21_Sumurgede,Drone (rice field)
2,Karawang,21_Sumurgede,Drone (50x50)
2,Karawang,21_Sumurgede,Drone (rice field)
3,Cirebon,20_Kroya1,Drone (rice field)
3,Cirebon,20_Kroya1,Drone (rice field)
3,Cirebon,20_Kroya1,Drone (rice field)
4,Cirebon,20_Kroya1,Drone (rice field)
4,Cirebon,20_Kroya1,Drone (rice field)
3,Cirebon,20_Kroya1,Drone (rice field)
3,Cirebon,20_Kroya1,Drone (rice field)
3,Cirebon,20_Kroya1,Drone (rice field)
3,Cirebon,20_Kroya1,Drone (rice field)
4,Cirebon,20_Kroya1,Drone (rice field)
3,Cirebon,20_Kroya1,Drone (rice field)
3,Cirebon,20_Kroya1,Drone (rice field)
3,Cirebon,20_Kroya1,Drone (rice field)
3,Cirebon,20_Kroya1,Drone (rice field)
3,Cirebon,20_Kroya1,Drone (rice field)
3,Cirebon,20_Kroya1,Drone (rice field)
4,Cirebon,20_Kroya1,Drone (rice field)
4,Indramayu,18_Kiarasari,Drone (rice field)
4,Indramayu,18_Kiarasari,Drone (rice field)
4,Indramayu,18_Kiarasari,Drone (rice field)
4,Indramayu,18_Kiarasari,Drone (rice field)
4,Indramayu,18_Kiarasari,Drone (rice field)
4,Indramayu,18_Kiarasari,Drone (rice field)
4,Indramayu,18_Kiarasari,Drone (rice field)
4,Indramayu,18_Kiarasari,Drone (rice field)
4,Indramayu,18_Kiarasari,Drone (rice field)
4,Indramayu,18_Kiarasari,Drone (rice field)
4,Indramayu,18_Kiarasari,Drone (rice field)
4,Indramayu,18_Kiarasari,Drone (rice field)
4,Indramayu,18_Kiarasari,Drone (rice field)
4,Indramayu,18_Kiarasari,Drone (rice field)
4,Indramayu,18_Kiarasari,Drone (rice field)
4,Indramayu,18_Kiarasari,Drone (rice field)
4,Indramayu,18_Kiarasari,Drone (rice field)
4,Indramayu,18_Kiarasari,Drone (rice field)
4,Indramayu,18_Kiarasari,Drone (rice field)
4,Indramayu,18_Kiarasari,Drone (rice field)
4,Indramayu,18_Kiarasari,Drone (rice field)
4,Indramayu,18_Kiarasari,Drone (rice field)
4,Indramayu,18_Kiarasari,Drone (rice field)
4,Indramayu,18_Kiarasari,Drone (rice field)
4,Indramayu,18_Kiarasari,Drone (rice field)
4,Indramayu,18_Kiarasari,Drone (rice field)
4,Indramayu,18 Kiarasari,Drone (rice field)
4,Indramayu,18_Kiarasari,Drone (rice field)
4,Indramayu,18_Kiarasari,Drone (rice field)
4,Indramayu,18_Kiarasari,Drone (rice field)
4,Indramayu,18_Kiarasari,Drone (rice field)
4,Indramayu,18_Kiarasari,Drone (rice field)
4,Indramayu,18_Kiarasari,Drone (rice field)
4,Indramayu,18_Kiarasari,Drone (rice field)
4,Indramayu,18_Kiarasari,Drone (rice field)
4,Indramayu,18_Kiarasari,Drone (rice field)
4,Indramayu,18_Kiarasari,Drone (rice field)
4,Indramayu,18_Kiarasari,Drone (rice field)
4,Indramayu,18_Kiarasari,Drone (rice field)
4,Indramayu,18_Kiarasari,Drone (rice field)
4,Indramayu,18_Kiarasari,Drone (rice field)
4,Indramayu,18_Kiarasari,Drone (rice field)
4,Indramayu,18_Kiarasari,Drone (rice field)
4,Indramayu,18_Kiarasari,Drone (rice field)
4,Indramayu,18_Kiarasari,Drone (rice field)
4,Indramayu,18_Kiarasari,Drone (rice field)
4,Indramayu,18_Kiarasari,Drone (rice field)
4,Indramayu,18_Kiarasari,Drone (rice field)
4,Indramayu,18_Kiarasari,Drone (rice field)
4,Indramayu,18_Kiarasari,Drone (rice field)
4,Indramayu,18_Kiarasari,Drone (rice field)
4,Indramayu,18 Kiarasari,Drone (rice field)
4,Indramayu,18_Kiarasari,Drone (rice field)
4,Indramayu,18_Kiarasari,Drone (rice field)
4,Indramayu,18_Kiarasari,Drone (rice field)
4,Indramayu,18_Kiarasari,Drone (rice field)
4,Indramayu,18_Kiarasari,Drone (rice field)
4,Indramayu,18_Kiarasari,Drone (rice field)
4,Indramayu,18_Kiarasari,Drone (rice field)
4,Indramayu,18_Kiarasari,Drone (rice field)
4,Indramayu,18_Kiarasari,Drone (rice field)
4,Indramayu,18_Kiarasari,Drone (rice field)
4,Indramayu,18_Kiarasari,Drone (rice field)
4,Indramayu,18_Kiarasari,Drone (rice field)
4,Indramayu,18_Kiarasari,Drone (rice field)
4,Indramayu,18_Kiarasari,Drone (rice field)
4,Indramayu,18_Kiarasari,Drone (rice field)
4,Indramayu,18_Kiarasari,Drone (rice field)
4,Indramayu,18_Kiarasari,Drone (rice field)
4,Indramayu,18_Kiarasari,Drone (rice field)
4,Indramayu,18_Kiarasari,Drone (rice field)
4,Karawang,5_Rengasdengklok04,Field Survey
3,Karawang,5_Rengasdengklok04,Field Survey
4,Karawang,5_Rengasdengklok04,Field Survey
2,Karawang,,Drone (50x50)
2,Karawang,,Drone (rice field)
4,Karawang,5_Rengasdengklok04,Field Survey
4,Karawang,5_Rengasdengklok04,Field Survey
4,Karawang,5_Rengasdengklok04,Field Survey
4,Karawang,5_Rengasdengklok04,Drone (50x50)
4,Karawang,5_Rengasdengklok04,Field Survey
4,Karawang,5_Rengasdengklok04,Drone (50x50)
4,Karawang,5_Rengasdengklok04,Field Survey
4,Karawang,5_Rengasdengklok04,Field Survey
4,Karawang,5_Rengasdengklok04,Field Survey
4,Karawang,5_Rengasdengklok04,Drone (50x50)
4,Karawang,5_Rengasdengklok04,Field Survey
4,Karawang,5 Rengasdengklok4,Field Survey
4,Karawang,5_Rengasdengklok04,Field Survey
4,Karawang,5_Rengasdengklok04,Field Survey
4,Karawang,5_Rengasdengklok04,Field Survey
3,Karawang,5_Rengasdengklok04,Field Survey
4,Karawang,5_Rengasdengklok04,Field Survey
4,Karawang,5_Rengasdengklok04,Field Survey
4,Karawang,5_Rengasdengklok04,Field Survey
4,Karawang,5_Rengasdengklok04,Drone (50x50)
4,Karawang,5_Rengasdengklok04,Field Survey
3,Karawang,5_Rengasdengklok04,Field Survey
4,Karawang,5_Rengasdengklok04,Field Survey
4,Karawang,5_Rengasdengklok04,Drone (50x50)
4,Karawang,5_Rengasdengklok04,Field Survey
6,Karawang,,Drone (50x50)
6,Karawang,,Drone (rice field)
4,Karawang,5_Rengasdengklok04,Field Survey
4,Karawang,5_Rengasdengklok04,Field Survey
4,Karawang,5_Rengasdengklok04,Field Survey
4,Karawang,5_Rengasdengklok04,Field Survey
1,Karawang,17_Rawamerta,Drone (rice field)
1,Karawang,17_Rawamerta,Drone (rice field)
1,Karawang,17_Rawamerta,Drone (rice field)
1,Karawang,17_Rawamerta,Drone (50x50)
1,Karawang,17_Rawamerta,Drone (rice field)
1,Karawang,17_Rawamerta,Drone (50x50)
1,Karawang,17_Rawamerta,Drone (rice field)
1,Karawang,17_Rawamerta,Drone (rice field)
1,Karawang,17_Rawamerta,Drone (50x50)
1,Karawang,17_Rawamerta,Drone (50x50)
1,Karawang,17_Rawamerta,Drone (rice field)
1,Karawang,17_Rawamerta,Drone (rice field)
1,Karawang,17_Rawamerta,Drone (rice field)
1,Karawang,17_Rawamerta,Drone (rice field)
5,Karawang,20_Sindangkerta,Drone (rice field)
1,Karawang,17_Rawamerta,Drone (rice field)
6,Karawang,17_Rawamerta,Drone (rice field)
1,Karawang,17_Rawamerta,Drone (rice field)
1,Karawang,17_Rawamerta,Drone (50x50)
1,Karawang,17_Rawamerta,Drone (rice field)
6,Karawang,20_Sindangkerta,Drone (50x50)
1,Karawang,17_Rawamerta,Drone (rice field)
1,Karawang,17_Rawamerta,Drone (50x50)
1,Karawang,17_Rawamerta,Drone (rice field)
1,Karawang,17_Rawamerta,Drone (rice field)
1,Karawang,17_Rawamerta,Drone (rice field)
1,Karawang,17_Rawamerta,Drone (rice field)
1,Karawang,17_Rawamerta,Drone (50x50)
1,Karawang,17_Rawamerta,Drone (50x50)
6,Karawang,17_Rawamerta,Drone (rice field)
1,Karawang,17_Rawamerta,Drone (rice field)
6,Karawang,20_Sindangkerta,Drone (rice field)
1,Karawang,17_Rawamerta,Drone (rice field)
6,Karawang,20_Sindangkerta,Drone (50x50)
1,Karawang,17_Rawamerta,Drone (rice field)
1,Karawang,17_Rawamerta,Drone (rice field)
1,Karawang,17_Rawamerta,Drone (50x50)
1,Karawang,17_Rawamerta,Drone (rice field)
1,Karawang,17_Rawamerta,Drone (rice field)
6,Karawang,20_Sindangkerta,Drone (50x50)
1,Karawang,17_Rawamerta,Drone (rice field)
1,Karawang,17_Rawamerta,Drone (rice field)
1,Karawang,17_Rawamerta,Drone (50x50)
6,Karawang,17_Rawamerta,Drone (rice field)
1,Karawang,17_Rawamerta,Drone (rice field)
6,Karawang,17_Rawamerta,Drone (50x50)
1,Karawang,17_Rawamerta,Drone (50x50)
6,Karawang,17_Rawamerta,Drone (rice field)
1,Karawang,17_Rawamerta,Drone (rice field)
6,Karawang,17_Rawamerta,Drone (50x50)
6,Karawang,17_Rawamerta,Drone (rice field)
1,Karawang,17_Rawamerta,Drone (rice field)
6,Karawang,17_Rawamerta,Drone (50x50)
6,Karawang,17_Rawamerta,Drone (rice field)
1,Karawang,17_Rawamerta,Drone (rice field)
6,Karawang,20_Sindangkerta,Drone (rice field)
1,Karawang,17_Rawamerta,Drone (50x50)
1,Karawang,17_Rawamerta,Drone (50x50)
1,Karawang,17_Rawamerta,Drone (rice field)
6,Karawang,17_Rawamerta,Drone (rice field)
6,Karawang,17_Rawamerta,Drone (rice field)
1,Karawang,17_Rawamerta,Drone (50x50)
1,Karawang,17_Rawamerta,Drone (rice field)
1,Karawang,17_Rawamerta,Drone (50x50)
6,Karawang,17_Rawamerta,Drone (rice field)
6,Karawang,17_Rawamerta,Drone (50x50)
6,Karawang,20_Sindangkerta,Drone (50x50)
5,Karawang,20_Sindangkerta,Drone (50x50)
6,Karawang,17_Rawamerta,Drone (rice field)
6,Karawang,20_Sindangkerta,Drone (rice field)
1,Karawang,17_Rawamerta,Drone (50x50)
1,Karawang,17_Rawamerta,Drone (rice field)
6,Karawang,17_Rawamerta,Drone (rice field)
1,Karawang,17_Rawamerta,Drone (rice field)
6,Karawang,17_Rawamerta,Drone (rice field)
6,Karawang,17_Rawamerta,Drone (rice field)
6,Karawang,17_Rawamerta,Drone (rice field)
6,Karawang,20_Sindangkerta,Drone (rice field)
6,Karawang,17_Rawamerta,Drone (rice field)
6,Karawang,20_Sindangkerta,Drone (rice field)
6,Karawang,17_Rawamerta,Drone (50x50)
6,Karawang,17_Rawamerta,Drone (rice field)
6,Karawang,20_Sindangkerta,Drone (rice field)
6,Karawang,17_Rawamerta,Drone (50x50)
1,Karawang,17_Rawamerta,Drone (rice field)
6,Karawang,20_Sindangkerta,Drone (50x50)
6,Karawang,20_Sindangkerta,Drone (50x50)
1,Karawang,17_Rawamerta,Drone (rice field)
6,Karawang,17_Rawamerta,Drone (rice field)
6,Karawang,20_Sindangkerta,Drone (rice field)
6,Karawang,17_Rawamerta,Drone (rice field)
6,Karawang,20_Sindangkerta,Drone (rice field)
6,Karawang,17_Rawamerta,Drone (rice field)
6,Karawang,20_Sindangkerta,Drone (rice field)
6,Karawang,17_Rawamerta,Drone (50x50)
6,Karawang,17_Rawamerta,Drone (rice field)
6,Karawang,17_Rawamerta,Drone (rice field)
1,Karawang,17_Rawamerta,Drone (rice field)
6,Karawang,20_Sindangkerta,Drone (rice field)
6,Karawang,17_Rawamerta,Drone (50x50)
6,Karawang,17_Rawamerta,Drone (rice field)
6,Karawang,20_Sindangkerta,Drone (rice field)
6,Karawang,20_Sindangkerta,Drone (rice field)
6,Karawang,17_Rawamerta,Drone (50x50)
6,Karawang,20_Sindangkerta,Drone (rice field)
6,Karawang,20_Sindangkerta,Drone (rice field)
6,Karawang,20_Sindangkerta,Drone (rice field)
6,Karawang,17_Rawamerta,Drone (50x50)
6,Karawang,20_Sindangkerta,Drone (rice field)
6,Karawang,17_Rawamerta,Drone (rice field)
6,Karawang,17_Rawamerta,Drone (rice field)
6,Karawang,17_Rawamerta,Drone (50x50)
6,Karawang,20_Sindangkerta,Drone (rice field)
6,Karawang,20_Sindangkerta,Drone (rice field)
6,Karawang,20_Sindangkerta,Drone (rice field)
6,Karawang,20_Sindangkerta,Drone (50x50)
6,Karawang,20_Sindangkerta,Drone (50x50)
6,Karawang,17_Rawamerta,Drone (rice field)
6,Karawang,17_Rawamerta,Drone (rice field)
6,Karawang,17_Rawamerta,Drone (50x50)
6,Karawang,17_Rawamerta,Drone (50x50)
6,Karawang,20_Sindangkerta,Drone (rice field)
6,Karawang,20_Sindangkerta,Drone (rice field)
6,Karawang,20_Sindangkerta,Drone (50x50)
6,Karawang,17_Rawamerta,Drone (rice field)
6,Karawang,20_Sindangkerta,Drone (rice field)
6,Karawang,20_Sindangkerta,Drone (50x50)
6,Karawang,17_Rawamerta,Drone (rice field)
6,Karawang,20_Sindangkerta,Drone (50x50)
6,Karawang,17_Rawamerta,Drone (rice field)
6,Karawang,20_Sindangkerta,Drone (rice field)
6,Karawang,17_Rawamerta,Drone (rice field)
6,Karawang,20_Sindangkerta,Drone (rice field)
6,Karawang,20_Sindangkerta,Drone (50x50)
6,Karawang,17_Rawamerta,Drone (rice field)
6,Karawang,17_Rawamerta,Drone (rice field)
6,Karawang,20_Sindangkerta,Drone (rice field)
6,Karawang,20_Sindangkerta,Drone (rice field)
6,Karawang,20_Sindangkerta,Drone (rice field)
6,Karawang,17_Rawamerta,Drone (50x50)
6,Karawang,20_Sindangkerta,Drone (50x50)
6,Karawang,20_Sindangkerta,Drone (rice field)
6,Karawang,20_Sindangkerta,Drone (rice field)
6,Karawang,20_Sindangkerta,Drone (rice field)
6,Karawang,20_Sindangkerta,Drone (50x50)
6,Karawang,17_Rawamerta,Drone (rice field)
6,Karawang,17_Rawamerta,Drone (rice field)
6,Karawang,20_Sindangkerta,Drone (rice field)
6,Karawang,20_Sindangkerta,Drone (50x50)
6,Karawang,20_Sindangkerta,Drone (rice field)
6,Karawang,20_Sindangkerta,Drone (50x50)
6,Karawang,20_Sindangkerta,Drone (rice field)
6,Karawang,17_Rawamerta,Drone (rice field)
6,Karawang,17_Rawamerta,Drone (rice field)
6,Karawang,20_Sindangkerta,Drone (50x50)
6,Karawang,17_Rawamerta,Drone (rice field)
6,Karawang,17_Rawamerta,Drone (50x50)
6,Karawang,17_Rawamerta,Drone (rice field)
6,Karawang,20_Sindangkerta,Drone (rice field)
6,Karawang,20_Sindangkerta,Drone (rice field)
6,Karawang,20_Sindangkerta,Drone (rice field)
6,Karawang,17_Rawamerta,Drone (rice field)
6,Karawang,20_Sindangkerta,Drone (rice field)
6,Karawang,20_Sindangkerta,Drone (rice field)
6,Karawang,20_Sindangkerta,Drone (rice field)
6,Karawang,17_Rawamerta,Drone (50x50)
6,Karawang,17_Rawamerta,Drone (rice field)
6,Karawang,17_Rawamerta,Drone (rice field)
6,Karawang,17_Rawamerta,Drone (50x50)
2,Karawang,6_Ciranggon1,Drone (50x50)
2,Karawang,6_Ciranggon1,Drone (50x50)
2,Karawang,8_Ciranggon3,Drone (50x50)
2,Karawang,6_Ciranggon1,Drone (rice field)
2,Karawang,8_Ciranggon3,Drone (50x50)
2,Karawang,6_Ciranggon1,Drone (rice field)
2,Karawang,6_Ciranggon1,Drone (rice field)
2,Karawang,8_Ciranggon3,Drone (50x50)
2,Karawang,8_Ciranggon3,Drone (50x50)
2,Karawang,8_Ciranggon3,Drone (50x50)
2,Karawang,6_Ciranggon1,Drone (rice field)
2,Karawang,6_Ciranggon1,Drone (rice field)
2,Karawang,6_Ciranggon1,Drone (rice field)
2,Karawang,6_Ciranggon1,Drone (rice field)
2,Karawang,8_Ciranggon3,Drone (50x50)
2,Karawang,8_Ciranggon3,Drone (50x50)
2,Karawang,6_Ciranggon1,Drone (rice field)
2,Karawang,6_Ciranggon1,Drone (rice field)
2,Karawang,6_Ciranggon1,Drone (rice field)
3,Karawang,,Drone (50x50)
2,Karawang,8_Ciranggon3,Drone (50x50)
2,Karawang,6_Ciranggon1,Drone (50x50)
4,Karawang,7_Ciranggon2,Drone (50x50)
2,Karawang,6_Ciranggon1,Drone (rice field)
2,Karawang,6_Ciranggon1,Drone (rice field)
2,Karawang,6_Ciranggon1,Drone (50x50)
4,Karawang,7_Ciranggon2,Drone (50x50)
4,Karawang,7_Ciranggon2,Drone (50x50)
2,Karawang,6 Ciranggon1,Drone (50x50)
6,Karawang,,Drone (50x50)
4,Karawang,7_Ciranggon2,Drone (50x50)
2,Karawang,8_Ciranggon3,Drone (50x50)
2,Karawang,8_Ciranggon3,Drone (50x50)
2,Karawang,6_Ciranggon1,Drone (50x50)
2,Karawang,6_Ciranggon1,Drone (rice field)
2,Karawang,8_Ciranggon3,Drone (50x50)
2,Karawang,8_Ciranggon3,Drone (50x50)
2,Karawang,6_Ciranggon1,Drone (rice field)
2,Karawang,6_Ciranggon1,Drone (rice field)
2,Karawang,6_Ciranggon1,Drone (rice field)
2,Karawang,8_Ciranggon3,Drone (50x50)
2,Karawang,6_Ciranggon1,Drone (rice field)
4,Karawang,7_Ciranggon2,Drone (50x50)
4,Karawang,7_Ciranggon2,Drone (50x50)
2,Karawang,6_Ciranggon1,Drone (rice field)
2,Karawang,6_Ciranggon1,Drone (50x50)
2,Karawang,8_Ciranggon3,Drone (50x50)
2,Karawang,6_Ciranggon1,Drone (rice field)
4,Karawang,7_Ciranggon2,Drone (50x50)
4,Karawang,7_Ciranggon2,Drone (50x50)
4,Karawang,7_Ciranggon2,Drone (50x50)
4,Karawang,7_Ciranggon2,Drone (50x50)
4,Karawang,7 Ciranggon2,Drone (50x50)
2,Karawang,8_Ciranggon3,Drone (50x50)
4,Karawang,7_Ciranggon2,Drone (50x50)
2,Karawang,6_Ciranggon1,Drone (50x50)
4,Karawang,7_Ciranggon2,Drone (50x50)
2,Karawang,6_Ciranggon1,Drone (rice field)
2,Karawang,8_Ciranggon3,Drone (50x50)
4,Karawang,7_Ciranggon2,Drone (50x50)
2,Karawang,6_Ciranggon1,Drone (rice field)
2,Karawang,8_Ciranggon3,Drone (50x50)
4,Karawang,7_Ciranggon2,Drone (50x50)
4,Karawang,7_Ciranggon2,Drone (50x50)
2,Karawang,6_Ciranggon1,Drone (rice field)
2,Karawang,6_Ciranggon1,Drone (rice field)
2,Karawang,8_Ciranggon3,Drone (50x50)
2,Karawang,6_Ciranggon1,Drone (50x50)
2,Karawang,6_Ciranggon1,Drone (50x50)
2,Karawang,8_Ciranggon3,Drone (50x50)
4,Karawang,7_Ciranggon2,Drone (50x50)
2,Karawang,8_Ciranggon3,Drone (50x50)
2,Karawang,6_Ciranggon1,Drone (rice field)
2,Karawang,8_Ciranggon3,Drone (50x50)
2,Karawang,6_Ciranggon1,Drone (rice field)
4,Karawang,7_Ciranggon2,Drone (50x50)
4,Karawang,7_Ciranggon2,Drone (50x50)
2,Karawang,6_Ciranggon1,Drone (rice field)
2,Karawang,8_Ciranggon3,Drone (50x50)
4,Karawang,7_Ciranggon2,Drone (50x50)
2,Karawang,6_Ciranggon1,Drone (rice field)
2,Karawang,6_Ciranggon1,Drone (rice field)
4,Karawang,7_Ciranggon2,Drone (50x50)
4,Karawang,19_Ciranggon1,Drone (rice field)
4,Karawang,19_Ciranggon1,Drone (rice field)
4,Karawang,19_Ciranggon1,Drone (50x50)
4,Karawang,8_Ciranggon2,Drone (50x50)
4,Karawang,19_Ciranggon1,Drone (rice field)
4,Karawang,19_Ciranggon1,Drone (rice field)
4,Karawang,8_Ciranggon2,Drone (50x50)
4,Karawang,19_Ciranggon1,Drone (rice field)
5,Karawang,8_Ciranggon2,Drone (50x50)
4,Karawang,8_Ciranggon2,Drone (50x50)
4,Karawang,19_Ciranggon1,Drone (rice field)
5,Karawang,8_Ciranggon2,Drone (rice field)
4,Karawang,8_Ciranggon2,Drone (50x50)
4,Karawang,19_Ciranggon1,Drone (50x50)
4,Karawang,8_Ciranggon2,Drone (50x50)
5,Karawang,8_Ciranggon2,Drone (50x50)
4,Karawang,19_Ciranggon1,Drone (rice field)
5,Karawang,8. Ciranggon2,Drone (50x50)
4,Karawang,19_Ciranggon1,Drone (rice field)
4,Karawang,19_Ciranggon1,Drone (50x50)
4,Karawang,8_Ciranggon2,Drone (50x50)
5,Karawang,8_Ciranggon2,Drone (50x50)
4,Karawang,19_Ciranggon1,Drone (50x50)
4,Karawang,19_Ciranggon1,Drone (50x50)
4,Karawang,19_Ciranggon1,Drone (rice field)
4,Karawang,19_Ciranggon1,Drone (rice field)
4,Karawang,8_Ciranggon2,Drone (50x50)
4,Karawang,8_Ciranggon2,Drone (50x50)
4,Karawang,8_Ciranggon2,Drone (50x50)
4,Karawang,19_Ciranggon1,Drone (rice field)
4,Karawang,8_Ciranggon2,Drone (50x50)
4,Karawang,19_Ciranggon1,Drone (rice field)
4,Karawang,19_Ciranggon1,Drone (50x50)
4,Karawang,19_Ciranggon1,Drone (50x50)
4,Karawang,19_Ciranggon1,Drone (rice field)
4,Karawang,19_Ciranggon1,Drone (rice field)
4,Karawang,19_Ciranggon1,Drone (rice field)
4,Karawang,19_Ciranggon1,Drone (rice field)
4,Karawang,8_Ciranggon2,Drone (50x50)
4,Karawang,8_Ciranggon2,Drone (50x50)
4,Karawang,19_Ciranggon1,Drone (rice field)
4,Karawang,19_Ciranggon1,Drone (50x50)
4,Karawang,19_Ciranggon1,Drone (rice field)
4,Karawang,19_Ciranggon1,Drone (rice field)
4,Karawang,19_Ciranggon1,Drone (50x50)
4,Karawang,19_Ciranggon1,Drone (rice field)
4,Karawang,19_Ciranggon1,Drone (50x50)
4,Karawang,8_Ciranggon2,Drone (50x50)
4,Karawang,8_Ciranggon2,Drone (50x50)
4,Karawang,8_Ciranggon2,Drone (50x50)
4,Karawang,19_Ciranggon1,Drone (50x50)
4,Karawang,19_Ciranggon1,Drone (rice field)
4,Karawang,19_Ciranggon1,Drone (50x50)
4,Karawang,8. Ciranggon2,Drone (50x50)
4,Karawang,19_Ciranggon1,Drone (50x50)
5,Karawang,8_Ciranggon2,Drone (50x50)
4,Karawang,19_Ciranggon1,Drone (rice field)
4,Karawang,19_Ciranggon1,Drone (50x50)
4,Karawang,19_Ciranggon1,Drone (rice field)
4,Karawang,8_Ciranggon2,Drone (50x50)
4,Karawang,19_Ciranggon1,Drone (50x50)
4,Karawang,19_Ciranggon1,Drone (rice field)
4,Karawang,19_Ciranggon1,Drone (rice field)
5,Karawang,8_Ciranggon2,Drone (50x50)
4,Karawang,19_Ciranggon1,Drone (rice field)
4,Karawang,19_Ciranggon1,Drone (50x50)
4,Karawang,8_Ciranggon2,Drone (50x50)
4,Karawang,8_Ciranggon2,Drone (50x50)
4,Karawang,19_Ciranggon1,Drone (rice field)
4,Karawang,19_Ciranggon1,Drone (rice field)
4,Karawang,8_Ciranggon2,Drone (50x50)
4,Karawang,8_Ciranggon2,Drone (50x50)
4,Karawang,8_Ciranggon2,Drone (50x50)
4,Karawang,8_Ciranggon2,Drone (50x50)
4,Karawang,19_Ciranggon1,Drone (rice field)
4,Karawang,19_Ciranggon1,Drone (50x50)
4,Karawang,8_Ciranggon2,Drone (50x50)
4,Karawang,19_Ciranggon1,Drone (rice field)
4,Karawang,8_Ciranggon2,Drone (50x50)
4,Karawang,19_Ciranggon1,Drone (rice field)
4,Karawang,19_Ciranggon1,Drone (rice field)
4,Karawang,8_Ciranggon2,Drone (50x50)
4,Karawang,8_Ciranggon2,Drone (50x50)
4,Karawang,8_Ciranggon2,Drone (50x50)
4,Karawang,8_Ciranggon2,Drone (50x50)
4,Karawang,8_Ciranggon2,Drone (50x50)
4,Karawang,8_Ciranggon2,Drone (50x50)
4,Karawang,19_Ciranggon1,Drone (rice field)
4,Karawang,19_Ciranggon1,Drone (rice field)
4,Karawang,19_Ciranggon1,Drone (rice field)
4,Karawang,8_Ciranggon2,Drone (50x50)
4,Karawang,8_Ciranggon2,Drone (50x50)
4,Karawang,8_Ciranggon2,Drone (50x50)
4,Karawang,8_Ciranggon2,Drone (50x50)
4,Karawang,8_Ciranggon2,Drone (50x50)
4,Karawang,8_Ciranggon2,Drone (50x50)
4,Karawang,8_Ciranggon2,Drone (50x50)
4,Karawang,19_Ciranggon1,Drone (rice field)
4,Karawang,19_Ciranggon1,Drone (rice field)
4,Karawang,19_Ciranggon1,Drone (rice field)
4,Karawang,19_Ciranggon1,Drone (rice field)
4,Karawang,8_Ciranggon2,Drone (50x50)
4,Karawang,19_Ciranggon1,Drone (rice field)
4,Karawang,19_Ciranggon1,Drone (rice field)
4,Karawang,19_Ciranggon1,Drone (rice field)
4,Karawang,8_Ciranggon2,Drone (50x50)
4,Karawang,19_Ciranggon1,Drone (rice field)
4,Karawang,8_Ciranggon2,Drone (50x50)
4,Karawang,8_Ciranggon2,Drone (50x50)
4,Karawang,19_Ciranggon1,Drone (rice field)
4,Karawang,8_Ciranggon2,Drone (50x50)
4,Karawang,8. Ciranggon2,Drone (50x50)
4,Karawang,8_Ciranggon2,Drone (50x50)
4,Karawang,8_Ciranggon2,Drone (50x50)
4,Karawang,8_Ciranggon2,Drone (50x50)
4,Karawang,19_Ciranggon1,Drone (rice field)
4,Karawang,19_Ciranggon1,Drone (50x50)
4,Karawang,19_Ciranggon1,Drone (rice field)
4,Karawang,19_Ciranggon1,Drone (rice field)
4,Karawang,19_Ciranggon1,Drone (50x50)
4,Karawang,19_Ciranggon1,Drone (rice field)
4,Karawang,19_Ciranggon1,Drone (50x50)
4,Karawang,19_Ciranggon1,Drone (rice field)
2,Karawang,8. Ciranggon2,Drone (50x50)
4,Karawang,8_Ciranggon2,Drone (50x50)
4,Karawang,8_Ciranggon2,Drone (50x50)
4,Karawang,8_Ciranggon2,Drone (50x50)
4,Karawang,19_Ciranggon1,Drone (50x50)
4,Karawang,8_Ciranggon2,Drone (50x50)
4,Karawang,19_Ciranggon1,Drone (50x50)
4,Karawang,19_Ciranggon1,Drone (rice field)
4,Karawang,8_Ciranggon2,Drone (50x50)
4,Karawang,8_Ciranggon2,Drone (50x50)
4,Karawang,19_Ciranggon1,Drone (50x50)
6,Karawang,19_Ciranggon1,Drone (50x50)
4,Karawang,8_Ciranggon2,Drone (50x50)
4,Karawang,19_Ciranggon1,Drone (rice field)
4,Karawang,19_Ciranggon1,Drone (rice field)
4,Karawang,19_Ciranggon1,Drone (rice field)
4,Karawang,19_Ciranggon1,Drone (rice field)
4,Karawang,8_Ciranggon2,Drone (50x50)
4,Karawang,19_Ciranggon1,Drone (rice field)
4,Karawang,19_Ciranggon1,Drone (rice field)
4,Karawang,19_Ciranggon1,Drone (50x50)
4,Karawang,8_Ciranggon2,Drone (50x50)
4,Karawang,8_Ciranggon2,Drone (50x50)
4,Karawang,19_Ciranggon1,Drone (50x50)
4,Karawang,8_Ciranggon2,Drone (50x50)
4,Karawang,8_Ciranggon2,Drone (50x50)
4,Karawang,19_Ciranggon1,Drone (rice field)
4,Karawang,19_Ciranggon1,Drone (rice field)
4,Karawang,19_Ciranggon1,Drone (rice field)
4,Karawang,19_Ciranggon1,Drone (50x50)
4,Karawang,19_Ciranggon1,Drone (rice field)
4,Karawang,19_Ciranggon1,Drone (rice field)
4,Karawang,19_Ciranggon1,Drone (rice field)
4,Karawang,19_Ciranggon1,Drone (50x50)
4,Karawang,8_Ciranggon2,Drone (50x50)
4,Karawang,8_Ciranggon2,Drone (50x50)
4,Karawang,19_Ciranggon1,Drone (rice field)
4,Karawang,19_Ciranggon1,Drone (rice field)
4,Karawang,8_Ciranggon2,Drone (50x50)
4,Karawang,19_Ciranggon1,Drone (rice field)
4,Karawang,8_Ciranggon2,Drone (50x50)
1,Karawang,,Drone (50x50)
1,Karawang,10_Lemahmukti,Drone (rice field)
1,Karawang,10_Lemahmukti,Drone (rice field)
1,Karawang,10_Lemahmukti,Drone (rice field)
1,Karawang,10_Lemahmukti,Drone (50x50)
1,Karawang,10_Lemahmukti,Drone (rice field)
1,Karawang,10_Lemahmukti,Drone (rice field)
1,Karawang,10_Lemahmukti,Drone (rice field)
1,Karawang,10_Lemahmukti,Drone (rice field)
1,Karawang,10_Lemahmukti,Drone (50x50)
1,Karawang,10_Lemahmukti,Drone (rice field)
1,Karawang,10_Lemahmukti,Drone (rice field)
6,Karawang,10 Lemahmukti,Drone (50x50)
1,Karawang,10_Lemahmukti,Drone (50x50)
1,Karawang,10_Lemahmukti,Drone (rice field)
1,Karawang,10_Lemahmukti,Drone (rice field)
1,Karawang,10_Lemahmukti,Drone (rice field)
1,Karawang,10_Lemahmukti,Drone (rice field)
1,Karawang,10_Lemahmukti,Drone (rice field)
1,Karawang,10_Lemahmukti,Drone (rice field)
1,Karawang,10_Lemahmukti,Drone (50x50)
1,Karawang,10_Lemahmukti,Drone (rice field)
1,Karawang,10_Lemahmukti,Drone (rice field)
1,Karawang,10_Lemahmukti,Drone (rice field)
1,Karawang,10_Lemahmukti,Drone (rice field)
1,Karawang,10_Lemahmukti,Drone (50x50)
1,Karawang,10_Lemahmukti,Drone (50x50)
1,Karawang,10_Lemahmukti,Drone (rice field)
1,Karawang,10_Lemahmukti,Drone (rice field)
1,Karawang,10_Lemahmukti,Drone (50x50)
1,Karawang,10_Lemahmukti,Drone (rice field)
1,Karawang,10_Lemahmukti,Drone (50x50)
1,Karawang,10_Lemahmukti,Drone (rice field)
1,Karawang,10_Lemahmukti,Drone (50x50)
1,Karawang,10_Lemahmukti,Drone (rice field)
1,Karawang,10_Lemahmukti,Drone (rice field)
6,Karawang,10 Lemahmukti,Drone (50x50)
1,Karawang,10_Lemahmukti,Drone (rice field)
1,Karawang,10_Lemahmukti,Drone (rice field)
1,Karawang,10_Lemahmukti,Drone (50x50)
1,Karawang,10_Lemahmukti,Drone (rice field)
1,Karawang,10_Lemahmukti,Drone (rice field)
1,Karawang,10_Lemahmukti,Drone (50x50)
1,Karawang,10_Lemahmukti,Drone (rice field)
1,Karawang,10_Lemahmukti,Drone (rice field)
1,Karawang,10_Lemahmukti,Drone (rice field)
1,Karawang,10_Lemahmukti,Drone (rice field)
1,Karawang,10_Lemahmukti,Drone (rice field)
1,Karawang,10_Lemahmukti,Drone (rice field)
1,Karawang,10_Lemahmukti,Drone (rice field)
1,Karawang,10_Lemahmukti,Drone (50x50)
1,Karawang,10_Lemahmukti,Drone (50x50)
1,Karawang,10_Lemahmukti,Drone (rice field)
1,Karawang,10_Lemahmukti,Drone (rice field)
1,Karawang,10_Lemahmukti,Drone (rice field)
1,Karawang,10_Lemahmukti,Drone (rice field)
1,Karawang,10_Lemahmukti,Drone (rice field)
1,Karawang,10_Lemahmukti,Drone (rice field)
1,Karawang,10_Lemahmukti,Drone (50x50)
1,Karawang,10_Lemahmukti,Drone (rice field)
1,Karawang,10_Lemahmukti,Drone (rice field)
1,Karawang,10_Lemahmukti,Drone (rice field)
1,Karawang,10_Lemahmukti,Drone (rice field)
1,Karawang,10_Lemahmukti,Drone (rice field)
1,Karawang,10_Lemahmukti,Drone (rice field)
1,Karawang,10 Lemahmukti,Drone (rice field)
1,Karawang,10_Lemahmukti,Drone (rice field)
1,Karawang,10_Lemahmukti,Drone (50x50)
1,Karawang,10_Lemahmukti,Drone (rice field)
1,Karawang,10_Lemahmukti,Drone (rice field)
1,Karawang,10_Lemahmukti,Drone (rice field)
1,Karawang,10_Lemahmukti,Drone (rice field)
1,Karawang,10_Lemahmukti,Drone (rice field)
1,Karawang,10_Lemahmukti,Drone (rice field)
2,Karawang,10 Lemahmukti,Drone (50x50)
1,Karawang,10_Lemahmukti,Drone (rice field)
1,Karawang,10_Lemahmukti,Drone (rice field)
1,Karawang,10_Lemahmukti,Drone (50x50)
1,Karawang,10_Lemahmukti,Drone (rice field)
1,Karawang,10_Lemahmukti,Drone (50x50)
1,Karawang,10_Lemahmukti,Drone (rice field)
1,Karawang,10_Lemahmukti,Drone (rice field)
1,Karawang,10_Lemahmukti,Drone (rice field)
1,Karawang,10_Lemahmukti,Drone (rice field)
1,Karawang,10_Lemahmukti,Drone (rice field)
1,Karawang,10_Lemahmukti,Drone (rice field)
1,Karawang,10_Lemahmukti,Drone (50x50)
1,Karawang,10_Lemahmukti,Drone (rice field)
1,Karawang,10_Lemahmukti,Drone (rice field)
1,Karawang,10_Lemahmukti,Drone (rice field)
1,Karawang,10_Lemahmukti,Drone (rice field)
1,Karawang,10_Lemahmukti,Drone (rice field)
1,Karawang,10_Lemahmukti,Drone (rice field)
1,Karawang,10_Lemahmukti,Drone (rice field)
1,Karawang,10_Lemahmukti,Drone (50x50)
1,Karawang,10_Lemahmukti,Drone (rice field)
1,Karawang,10_Lemahmukti,Drone (50x50)
1,Karawang,10_Lemahmukti,Drone (rice field)
1,Karawang,10_Lemahmukti,Drone (rice field)
1,Karawang,10_Lemahmukti,Drone (rice field)
1,Karawang,10_Lemahmukti,Drone (50x50)
1,Karawang,10_Lemahmukti,Drone (50x50)
1,Karawang,10_Lemahmukti,Drone (rice field)
1,Karawang,10_Lemahmukti,Drone (rice field)
1,Karawang,10_Lemahmukti,Drone (50x50)
1,Karawang,10_Lemahmukti,Drone (rice field)
1,Karawang,10_Lemahmukti,Drone (50x50)
1,Karawang,10_Lemahmukti,Drone (rice field)
1,Karawang,10_Lemahmukti,Drone (50x50)
1,Karawang,10_Lemahmukti,Drone (rice field)
1,Karawang,10_Lemahmukti,Drone (rice field)
1,Karawang,10 Lemahmukti,Drone (rice field)
1,Karawang,10_Lemahmukti,Drone (rice field)
1,Karawang,10_Lemahmukti,Drone (rice field)
1,Karawang,10_Lemahmukti,Drone (rice field)
1,Karawang,10_Lemahmukti,Drone (rice field)
1,Karawang,10_Lemahmukti,Drone (rice field)
1,Karawang,10_Lemahmukti,Drone (50x50)
1,Karawang,10_Lemahmukti,Drone (rice field)
1,Karawang,10 Lemahmukti,Drone (rice field)
1,Karawang,10_Lemahmukti,Drone (rice field)
1,Karawang,10_Lemahmukti,Drone (rice field)
1,Karawang,10_Lemahmukti,Drone (50x50)
1,Karawang,10_Lemahmukti,Drone (50x50)
1,Karawang,10_Lemahmukti,Drone (rice field)
1,Karawang,10 Lemahmukti,Drone (rice field)
1,Karawang,10_Lemahmukti,Drone (rice field)
2,Karawang,6_Babawangan1,Drone (rice field)
2,Karawang,6_Babawangan1,Drone (rice field)
2,Karawang,6_Babawangan1,Drone (50x50)
2,Karawang,6_Babawangan1,Drone (rice field)
2,Karawang,6_Babawangan1,Drone (50x50)
2,Karawang,6_Babawangan1,Drone (50x50)
2,Karawang,7_Babawangan2,Drone (50x50)
2,Karawang,6_Babawangan1,Drone (rice field)
2,Karawang,6_Babawangan1,Drone (rice field)
2,Karawang,6_Babawangan1,Drone (rice field)
2,Karawang,7_Babawangan2,Drone (rice field)
2,Karawang,6_Babawangan1,Drone (rice field)
2,Karawang,7_Babawangan2,Drone (rice field)
2,Karawang,6_Babawangan1,Drone (rice field)
2,Karawang,18_Lemahmukti,Drone (rice field)
2,Karawang,6_Babawangan1,Drone (50x50)
2,Karawang,7_Babawangan2,Drone (rice field)
2,Karawang,7_Babawangan2,Drone (50x50)
2,Karawang,6_Babawangan1,Drone (50x50)
2,Karawang,6_Babawangan1,Drone (50x50)
2,Karawang,6_Babawangan1,Drone (rice field)
2,Karawang,6_Babawangan1,Drone (rice field)
2,Karawang,7_Babawangan2,Drone (rice field)
2,Karawang,7_Babawangan2,Drone (50x50)
2,Karawang,7_Babawangan2,Drone (50x50)
2,Karawang,6_Babawangan1,Drone (50x50)
2,Karawang,7_Babawangan2,Drone (50x50)
2,Karawang,7_Babawangan2,Drone (50x50)
2,Karawang,7_Babawangan2,Drone (50x50)
2,Karawang,18_Lemahmukti,Drone (50x50)
2,Karawang,18_Lemahmukti,Drone (rice field)
2,Karawang,6_Babawangan1,Drone (50x50)
2,Karawang,18_Lemahmukti,Drone (rice field)
2,Karawang,7_Babawangan2,Drone (50x50)
2,Karawang,6_Babawangan1,Drone (rice field)
2,Karawang,7_Babawangan2,Drone (50x50)
2,Karawang,7_Babawangan2,Drone (50x50)
2,Karawang,18_Lemahmukti,Drone (rice field)
2,Karawang,6_Babawangan1,Drone (rice field)
2,Karawang,6_Babawangan1,Drone (rice field)
2,Karawang,7_Babawangan2,Drone (50x50)
2,Karawang,7_Babawangan2,Drone (rice field)
2,Karawang,6_Babawangan1,Drone (rice field)
2,Karawang,7_Babawangan2,Drone (rice field)
2,Karawang,7_Babawangan2,Drone (50x50)
2,Karawang,6_Babawangan1,Drone (rice field)
2,Karawang,18_Lemahmukti,Drone (rice field)
2,Karawang,7_Babawangan2,Drone (50x50)
2,Karawang,7_Babawangan2,Drone (50x50)
2,Karawang,6_Babawangan1,Drone (rice field)
2,Karawang,6_Babawangan1,Drone (50x50)
2,Karawang,7_Babawangan2,Drone (50x50)
2,Karawang,18_Lemahmukti,Drone (50x50)
2,Karawang,6_Babawangan1,Drone (rice field)
2,Karawang,6_Babawangan1,Drone (rice field)
2,Karawang,6_Babawangan1,Drone (50x50)
2,Karawang,7_Babawangan2,Drone (rice field)
2,Karawang,6_Babawangan1,Drone (rice field)
2,Karawang,7_Babawangan2,Drone (rice field)
2,Karawang,6_Babawangan1,Drone (rice field)
2,Karawang,6_Babawangan1,Drone (50x50)
2,Karawang,6_Babawangan1,Drone (rice field)
2,Karawang,18_Lemahmukti,Drone (50x50)
2,Karawang,7_Babawangan2,Drone (50x50)
2,Karawang,7_Babawangan2,Drone (rice field)
2,Karawang,18_Lemahmukti,Drone (rice field)
2,Karawang,6_Babawangan1,Drone (50x50)
2,Karawang,6_Babawangan1,Drone (50x50)
2,Karawang,18_Lemahmukti,Drone (rice field)
2,Karawang,7_Babawangan2,Drone (rice field)
2,Karawang,18_Lemahmukti,Drone (rice field)
2,Karawang,18_Lemahmukti,Drone (rice field)
2,Karawang,6_Babawangan1,Drone (rice field)
2,Karawang,18_Lemahmukti,Drone (50x50)
2,Karawang,18_Lemahmukti,Drone (rice field)
2,Karawang,7_Babawangan2,Drone (50x50)
2,Karawang,7_Babawangan2,Drone (50x50)
2,Karawang,18_Lemahmukti,Drone (rice field)
2,Karawang,7_Babawangan2,Drone (50x50)
2,Karawang,6_Babawangan1,Drone (rice field)
2,Karawang,6_Babawangan1,Drone (50x50)
2,Karawang,18_Lemahmukti,Drone (50x50)
2,Karawang,6_Babawangan1,Drone (rice field)
2,Karawang,7_Babawangan2,Drone (50x50)
2,Karawang,6_Babawangan1,Drone (rice field)
2,Karawang,7_Babawangan2,Drone (50x50)
2,Karawang,18_Lemahmukti,Drone (rice field)
2,Karawang,6_Babawangan1,Drone (rice field)
2,Karawang,18_Lemahmukti,Drone (rice field)
2,Karawang,6_Babawangan1,Drone (rice field)
2,Karawang,6_Babawangan1,Drone (rice field)
2,Karawang,7_Babawangan2,Drone (50x50)
2,Karawang,6_Babawangan1,Drone (50x50)
2,Karawang,6_Babawangan1,Drone (rice field)
2,Karawang,6_Babawangan1,Drone (rice field)
2,Karawang,7_Babawangan2,Drone (50x50)
2,Karawang,6_Babawangan1,Drone (50x50)
2,Karawang,7_Babawangan2,Drone (rice field)
2,Karawang,18_Lemahmukti,Drone (rice field)
2,Karawang,7_Babawangan2,Drone (50x50)
2,Karawang,7_Babawangan2,Drone (50x50)
2,Karawang,18_Lemahmukti,Drone (rice field)
2,Karawang,7_Babawangan2,Drone (50x50)
2,Karawang,18_Lemahmukti,Drone (rice field)
2,Karawang,7_Babawangan2,Drone (50x50)
2,Karawang,7_Babawangan2,Drone (50x50)
2,Karawang,7_Babawangan2,Drone (50x50)
2,Karawang,7_Babawangan2,Drone (50x50)
2,Karawang,6_Babawangan1,Drone (50x50)
2,Karawang,18_Lemahmukti,Drone (rice field)
2,Karawang,7_Babawangan2,Drone (50x50)
2,Karawang,7_Babawangan2,Drone (rice field)
2,Karawang,6_Babawangan1,Drone (50x50)
2,Karawang,7_Babawangan2,Drone (50x50)
2,Karawang,7_Babawangan2,Drone (rice field)
2,Karawang,7_Babawangan2,Drone (50x50)
2,Karawang,18_Lemahmukti,Drone (rice field)
2,Karawang,6_Babawangan1,Drone (rice field)
2,Karawang,6_Babawangan1,Drone (rice field)
2,Karawang,7_Babawangan2,Drone (50x50)
2,Karawang,18_Lemahmukti,Drone (rice field)
2,Karawang,7_Babawangan2,Drone (50x50)
2,Karawang,6_Babawangan1,Drone (rice field)
2,Karawang,6_Babawangan1,Drone (50x50)
2,Karawang,18_Lemahmukti,Drone (rice field)
2,Karawang,18_Lemahmukti,Drone (rice field)
2,Karawang,18_Lemahmukti,Drone (rice field)
2,Karawang,18_Lemahmukti,Drone (rice field)
2,Karawang,18_Lemahmukti,Drone (rice field)
2,Karawang,18_Lemahmukti,Drone (50x50)
2,Karawang,18_Lemahmukti,Drone (rice field)
2,Karawang,6_Babawangan1,Drone (50x50)
2,Karawang,7_Babawangan2,Drone (50x50)
2,Karawang,7_Babawangan2,Drone (rice field)
2,Karawang,7_Babawangan2,Drone (50x50)
2,Karawang,7_Babawangan2,Drone (50x50)
2,Karawang,18_Lemahmukti,Drone (rice field)
2,Karawang,7_Babawangan2,Drone (50x50)
2,Karawang,6_Babawangan1,Drone (rice field)
2,Karawang,18_Lemahmukti,Drone (50x50)
2,Karawang,18_Lemahmukti,Drone (rice field)
2,Karawang,18_Lemahmukti,Drone (rice field)
2,Karawang,18_Lemahmukti,Drone (rice field)
2,Karawang,6_Babawangan1,Drone (rice field)
2,Karawang,18_Lemahmukti,Drone (rice field)
2,Karawang,18_Lemahmukti,Drone (50x50)
2,Karawang,18_Lemahmukti,Drone (rice field)
2,Karawang,7_Babawangan2,Drone (50x50)
2,Karawang,18_Lemahmukti,Drone (rice field)
2,Karawang,6_Babawangan1,Drone (50x50)
2,Karawang,18_Lemahmukti,Drone (rice field)
2,Karawang,7_Babawangan2,Drone (50x50)
2,Karawang,6_Babawangan1,Drone (50x50)
2,Karawang,6_Babawangan1,Drone (rice field)
2,Karawang,7_Babawangan2,Drone (50x50)
2,Karawang,18_Lemahmukti,Drone (rice field)
2,Karawang,18_Lemahmukti,Drone (rice field)
2,Karawang,18_Lemahmukti,Drone (50x50)
2,Karawang,18_Lemahmukti,Drone (rice field)
2,Karawang,18_Lemahmukti,Drone (rice field)
2,Karawang,7_Babawangan2,Drone (rice field)
2,Karawang,6_Babawangan1,Drone (50x50)
2,Karawang,18_Lemahmukti,Drone (rice field)
2,Karawang,18_Lemahmukti,Drone (rice field)
2,Karawang,18_Lemahmukti,Drone (rice field)
2,Karawang,18_Lemahmukti,Drone (rice field)
2,Karawang,18_Lemahmukti,Drone (rice field)
2,Karawang,6_Babawangan1,Drone (50x50)
2,Karawang,18_Lemahmukti,Drone (50x50)
2,Karawang,6_Babawangan1,Drone (rice field)
2,Karawang,18_Lemahmukti,Drone (rice field)
2,Karawang,18_Lemahmukti,Drone (50x50)
2,Karawang,7_Babawangan2,Drone (rice field)
2,Karawang,7_Babawangan2,Drone (50x50)
2,Karawang,6_Babawangan1,Drone (50x50)
2,Karawang,18_Lemahmukti,Drone (rice field)
2,Karawang,18_Lemahmukti,Drone (50x50)
2,Karawang,18_Lemahmukti,Drone (50x50)
2,Karawang,18_Lemahmukti,Drone (50x50)
2,Karawang,18_Lemahmukti,Drone (rice field)
2,Karawang,18_Lemahmukti,Drone (rice field)
2,Karawang,18_Lemahmukti,Drone (rice field)
2,Karawang,6_Babawangan1,Drone (50x50)
2,Karawang,7_Babawangan2,Drone (50x50)
2,Karawang,18_Lemahmukti,Drone (rice field)
2,Karawang,18_Lemahmukti,Drone (rice field)
2,Karawang,7_Babawangan2,Drone (50x50)
2,Karawang,6_Babawangan1,Drone (50x50)
2,Karawang,7_Babawangan2,Drone (50x50)
2,Karawang,7_Babawangan2,Drone (rice field)
2,Karawang,18_Lemahmukti,Drone (rice field)
2,Karawang,18_Lemahmukti,Drone (50x50)
2,Karawang,6_Babawangan1,Drone (rice field)
2,Karawang,18_Lemahmukti,Drone (rice field)
2,Karawang,6_Babawangan1,Drone (50x50)
2,Karawang,18_Lemahmukti,Drone (50x50)
2,Karawang,18_Lemahmukti,Drone (rice field)
2,Karawang,6_Babawangan1,Drone (50x50)
2,Karawang,18_Lemahmukti,Drone (rice field)
2,Karawang,18_Lemahmukti,Drone (50x50)
2,Karawang,7_Babawangan2,Drone (rice field)
2,Karawang,7_Babawangan2,Drone (rice field)
2,Karawang,18_Lemahmukti,Drone (50x50)
2,Karawang,18_Lemahmukti,Drone (rice field)
2,Karawang,7_Babawangan2,Drone (rice field)
2,Karawang,7_Babawangan2,Drone (rice field)
2,Karawang,7_Babawangan2,Drone (50x50)
2,Karawang,7_Babawangan2,Drone (rice field)
2,Karawang,18_Lemahmukti,Drone (rice field)
2,Karawang,18_Lemahmukti,Drone (rice field)
2,Karawang,18_Lemahmukti,Drone (rice field)
2,Karawang,18_Lemahmukti,Drone (rice field)
2,Karawang,6_Babawangan1,Drone (50x50)
2,Karawang,18_Lemahmukti,Drone (rice field)
2,Karawang,18_Lemahmukti,Drone (50x50)
2,Karawang,18_Lemahmukti,Drone (rice field)
2,Karawang,18_Lemahmukti,Drone (rice field)
2,Karawang,18_Lemahmukti,Drone (rice field)
2,Karawang,18_Lemahmukti,Drone (50x50)
2,Karawang,7_Babawangan2,Drone (50x50)
2,Karawang,18_Lemahmukti,Drone (rice field)
2,Karawang,18_Lemahmukti,Drone (50x50)
2,Karawang,18_Lemahmukti,Drone (50x50)
2,Karawang,6_Babawangan1,Drone (50x50)
2,Karawang,6_Babawangan1,Drone (rice field)
2,Karawang,18_Lemahmukti,Drone (50x50)
2,Karawang,6_Babawangan1,Drone (rice field)
2,Karawang,18_Lemahmukti,Drone (rice field)
2,Karawang,18_Lemahmukti,Drone (50x50)
2,Karawang,18_Lemahmukti,Drone (rice field)
2,Karawang,18_Lemahmukti,Drone (rice field)
2,Karawang,18_Lemahmukti,Drone (50x50)
2,Karawang,18_Lemahmukti,Drone (rice field)
2,Karawang,18_Lemahmukti,Drone (rice field)
2,Karawang,18_Lemahmukti,Drone (rice field)
2,Karawang,18_Lemahmukti,Drone (rice field)
2,Karawang,18_Lemahmukti,Drone (rice field)
2,Karawang,18_Lemahmukti,Drone (rice field)
2,Karawang,6_Babawangan1,Drone (50x50)
2,Karawang,18_Lemahmukti,Drone (rice field)
2,Karawang,18_Lemahmukti,Drone (rice field)
2,Karawang,18_Lemahmukti,Drone (rice field)
2,Karawang,18_Lemahmukti,Drone (rice field)
3,Karawang,18_Lemahmukti,Drone (50x50)
2,Karawang,18_Lemahmukti,Drone (50x50)
2,Karawang,18_Lemahmukti,Drone (rice field)
2,Karawang,18_Lemahmukti,Drone (rice field)
2,Karawang,18_Lemahmukti,Drone (50x50)
2,Karawang,18_Lemahmukti,Drone (rice field)
2,Karawang,18_Lemahmukti,Drone (rice field)
2,Karawang,18_Lemahmukti,Drone (50x50)
2,Karawang,18_Lemahmukti,Drone (rice field)
2,Karawang,18_Lemahmukti,Drone (rice field)
2,Karawang,7_Babawangan2,Drone (rice field)
2,Karawang,18_Lemahmukti,Drone (rice field)
4,Karawang,9_Lemahmulya,Drone (rice field)
3,Karawang,9 Lemahmulya,Drone (50x50)
4,Karawang,9_Lemahmulya,Drone (rice field)
3,Karawang,9 Lemahmulya,Drone (50x50)
4,Karawang,9_Lemahmulya,Drone (rice field)
4,Karawang,9_Lemahmulya,Drone (rice field)
4,Karawang,9_Lemahmulya,Drone (rice field)
4,Karawang,9_Lemahmulya,Drone (50x50)
4,Karawang,9_Lemahmulya,Drone (50x50)
4,Karawang,9_Lemahmulya,Drone (rice field)
4,Karawang,9_Lemahmulya,Drone (rice field)
4,Karawang,9_Lemahmulya,Drone (50x50)
4,Karawang,9_Lemahmulya,Drone (rice field)
4,Karawang,9_Lemahmulya,Drone (rice field)
3,Karawang,9_Lemahmulya,Drone (50x50)
3,Karawang,9_Lemahmulya,Drone (rice field)
4,Karawang,9_Lemahmulya,Drone (rice field)
3,Karawang,9_Lemahmulya,Drone (rice field)
3,Karawang,9_Lemahmulya,Drone (rice field)
3,Karawang,9_Lemahmulya,Drone (rice field)
3,Karawang,9_Lemahmulya,Drone (50x50)
3,Karawang,9_Lemahmulya,Drone (rice field)
4,Karawang,9_Lemahmulya,Drone (50x50)
4,Karawang,9_Lemahmulya,Drone (rice field)
4,Karawang,9_Lemahmulya,Drone (rice field)
4,Karawang,9_Lemahmulya,Drone (50x50)
4,Karawang,9_Lemahmulya,Drone (rice field)
3,Karawang,9_Lemahmulya,Drone (rice field)
4,Karawang,9_Lemahmulya,Drone (rice field)
3,Karawang,9_Lemahmulya,Drone (rice field)
4,Karawang,9_Lemahmulya,Drone (rice field)
3,Karawang,9_Lemahmulya,Drone (rice field)
4,Karawang,9_Lemahmulya,Drone (rice field)
4,Karawang,9_Lemahmulya,Drone (rice field)
2,Karawang,9_Lemahmulya,Drone (rice field)
3,Karawang,9_Lemahmulya,Drone (rice field)
4,Karawang,9_Lemahmulya,Drone (50x50)
4,Karawang,9_Lemahmulya,Drone (rice field)
2,Karawang,9_Lemahmulya,Drone (rice field)
4,Karawang,9_Lemahmulya,Drone (rice field)
4,Karawang,9_Lemahmulya,Drone (50x50)
4,Karawang,9_Lemahmulya,Drone (rice field)
3,Karawang,9_Lemahmulya,Drone (rice field)
4,Karawang,9_Lemahmulya,Drone (rice field)
4,Karawang,9_Lemahmulya,Drone (rice field)
3,Karawang,9_Lemahmulya,Drone (50x50)
3,Karawang,9_Lemahmulya,Drone (rice field)
3,Karawang,9_Lemahmulya,Drone (rice field)
4,Karawang,9_Lemahmulya,Drone (rice field)
4,Karawang,9_Lemahmulya,Drone (50x50)
4,Karawang,9_Lemahmulya,Drone (rice field)
4,Karawang,9_Lemahmulya,Drone (rice field)
4,Karawang,9_Lemahmulya,Drone (rice field)
3,Karawang,9_Lemahmulya,Drone (50x50)
3,Karawang,9_Lemahmulya,Drone (rice field)
4,Karawang,9_Lemahmulya,Drone (rice field)
4,Karawang,9_Lemahmulya,Drone (rice field)
3,Karawang,9_Lemahmulya,Drone (rice field)
4,Karawang,9 Lemahmulya,Drone (50x50)
4,Karawang,9 Lemahmulya,Drone (50x50)
4,Karawang,9_Lemahmulya,Drone (rice field)
4,Karawang,9_Lemahmulya,Drone (50x50)
3,Karawang,9_Lemahmulya,Drone (50x50)
4,Karawang,9_Lemahmulya,Drone (rice field)
4,Karawang,9_Lemahmulya,Drone (50x50)
3,Karawang,9_Lemahmulya,Drone (rice field)
2,Karawang,9_Lemahmulya,Drone (rice field)
4,Karawang,9_Lemahmulya,Drone (rice field)
3,Karawang,9_Lemahmulya,Drone (rice field)
3,Karawang,9_Lemahmulya,Drone (rice field)
2,Karawang,9_Lemahmulya,Drone (50x50)
4,Karawang,9 Lemahmulya,Drone (50x50)
4,Karawang,9_Lemahmulya,Drone (rice field)
4,Karawang,9_Lemahmulya,Drone (rice field)
2,Karawang,,Drone (50x50)
4,Karawang,9_Lemahmulya,Drone (rice field)
4,Karawang,9_Lemahmulya,Drone (rice field)
3,Karawang,9_Lemahmulya,Drone (50x50)
4,Karawang,9_Lemahmulya,Drone (rice field)
3,Karawang,9_Lemahmulya,Drone (rice field)
4,Karawang,9_Lemahmulya,Drone (50x50)
4,Karawang,9_Lemahmulya,Drone (rice field)
2,Karawang,4_Rengasdengklok03,Drone (50x50)
2,Karawang,4_Rengasdengklok03,Drone (50x50)
2,Karawang,4_Rengasdengklok03,Drone (50x50)
2,Karawang,4_Rengasdengklok03,Drone (50x50)
1,Karawang,4_Rengasdengklok03,Drone (50x50)
2,Karawang,2_Rengasdengklok01,Drone (50x50)
2,Karawang,2_Rengasdengklok01,Drone (50x50)
1,Karawang,4_Rengasdengklok03,Field Survey
1,Karawang,4_Rengasdengklok03,Drone (50x50)
2,Karawang,4_Rengasdengklok03,Field Survey
2,Karawang,2_Rengasdengklok01,Drone (50x50)
2,Karawang,2_Rengasdengklok01,Field Survey
2,Karawang,2_Rengasdengklok01,Field Survey
2,Karawang,4_Rengasdengklok03,Drone (50x50)
2,Karawang,2_Rengasdengklok01,Drone (50x50)
1,Karawang,4_Rengasdengklok03,Drone (50x50)
2,Karawang,2_Rengasdengklok01,Field Survey
2,Karawang,2_Rengasdengklok01,Drone (50x50)
2,Karawang,4_Rengasdengklok03,Field Survey
2,Karawang,4_Rengasdengklok03,Field Survey
2,Karawang,2_Rengasdengklok01,Drone (50x50)
2,Karawang,2_Rengasdengklok01,Drone (50x50)
2,Karawang,2_Rengasdengklok01,Drone (50x50)
2,Karawang,2_Rengasdengklok01,Drone (50x50)
1,Karawang,4_Rengasdengklok03,Drone (50x50)
2,Karawang,4_Rengasdengklok03,Drone (50x50)
2,Karawang,2_Rengasdengklok01,Drone (50x50)
2,Karawang,2_Rengasdengklok01,Drone (50x50)
2,Karawang,4_Rengasdengklok03,Drone (50x50)
2,Karawang,2_Rengasdengklok01,Field Survey
2,Karawang,2_Rengasdengklok01,Drone (50x50)
2,Karawang,2_Rengasdengklok01,Drone (50x50)
2,Karawang,2_Rengasdengklok01,Drone (50x50)
2,Karawang,4_Rengasdengklok03,Drone (50x50)
1,Karawang,4_Rengasdengklok03,Drone (50x50)
1,Karawang,4_Rengasdengklok03,Drone (50x50)
2,Karawang,2_Rengasdengklok01,Drone (50x50)
2,Karawang,4_Rengasdengklok03,Drone (50x50)
2,Karawang,2_Rengasdengklok01,Field Survey
2,Karawang,2_Rengasdengklok01,Field Survey
2,Karawang,4_Rengasdengklok03,Drone (50x50)
2,Karawang,2_Rengasdengklok01,Drone (50x50)
2,Karawang,2_Rengasdengklok01,Drone (50x50)
2,Karawang,2_Rengasdengklok01,Drone (50x50)
1,Karawang,4_Rengasdengklok03,Drone (50x50)
2,Karawang,2_Rengasdengklok01,Drone (50x50)
2,Karawang,2_Rengasdengklok01,Drone (50x50)
1,Karawang,4_Rengasdengklok03,Drone (50x50)
1,Karawang,4_Rengasdengklok03,Drone (50x50)
2,Karawang,2_Rengasdengklok01,Field Survey
2,Karawang,2 Rengasdengklok1,Field Survey
2,Karawang,2_Rengasdengklok01,Drone (50x50)
2,Karawang,2_Rengasdengklok01,Drone (50x50)
2,Karawang,4_Rengasdengklok03,Drone (50x50)
2,Karawang,2_Rengasdengklok01,Field Survey
2,Karawang,3_Rengasdengklok02,Drone (50x50)
2,Karawang,2_Rengasdengklok01,Drone (50x50)
2,Karawang,2_Rengasdengklok01,Field Survey
2,Karawang,4_Rengasdengklok03,Drone (50x50)
2,Karawang,2_Rengasdengklok01,Drone (50x50)
2,Karawang,2_Rengasdengklok01,Drone (50x50)
2,Karawang,4_Rengasdengklok03,Field Survey
2,Karawang,4_Rengasdengklok03,Drone (50x50)
2,Karawang,2_Rengasdengklok01,Field Survey
1,Karawang,4_Rengasdengklok03,Drone (50x50)
2,Karawang,4_Rengasdengklok03,Field Survey
2,Karawang,2_Rengasdengklok01,Drone (50x50)
2,Karawang,2_Rengasdengklok01,Drone (50x50)
2,Karawang,4_Rengasdengklok03,Drone (50x50)
2,Karawang,4_Rengasdengklok03,Field Survey
1,Karawang,4_Rengasdengklok03,Field Survey
2,Karawang,4_Rengasdengklok03,Drone (50x50)
2,Karawang,2_Rengasdengklok01,Drone (50x50)
2,Karawang,2_Rengasdengklok01,Drone (50x50)
2,Karawang,2_Rengasdengklok01,Drone (50x50)
1,Karawang,4_Rengasdengklok03,Drone (50x50)
2,Karawang,2_Rengasdengklok01,Drone (50x50)
2,Karawang,4_Rengasdengklok03,Drone (50x50)
2,Karawang,2_Rengasdengklok01,Field Survey
2,Karawang,2_Rengasdengklok01,Drone (50x50)
2,Karawang,4_Rengasdengklok03,Drone (50x50)
1,Karawang,4_Rengasdengklok03,Drone (50x50)
2,Karawang,2_Rengasdengklok01,Drone (50x50)
2,Karawang,2_Rengasdengklok01,Drone (50x50)
2,Karawang,4_Rengasdengklok03,Drone (50x50)
2,Karawang,2_Rengasdengklok01,Drone (50x50)
2,Karawang,2_Rengasdengklok01,Drone (50x50)
2,Karawang,2_Rengasdengklok01,Drone (50x50)
2,Karawang,2_Rengasdengklok01,Drone (50x50)
2,Karawang,4_Rengasdengklok03,Field Survey
1,Karawang,4_Rengasdengklok03,Drone (50x50)
2,Karawang,2_Rengasdengklok01,Field Survey
2,Karawang,2_Rengasdengklok01,Drone (50x50)
2,Karawang,3_Rengasdengklok02,Field Survey
2,Karawang,3_Rengasdengklok02,Drone (50x50)
2,Karawang,2_Rengasdengklok01,Drone (50x50)
2,Karawang,2_Rengasdengklok01,Drone (50x50)
2,Karawang,2_Rengasdengklok01,Drone (50x50)
2,Karawang,2_Rengasdengklok01,Drone (50x50)
2,Karawang,2_Rengasdengklok01,Drone (50x50)
2,Karawang,2_Rengasdengklok01,Drone (50x50)
1,Karawang,4_Rengasdengklok03,Field Survey
2,Karawang,2_Rengasdengklok01,Drone (50x50)
2,Karawang,2_Rengasdengklok01,Field Survey
2,Karawang,2_Rengasdengklok01,Drone (50x50)
2,Karawang,2_Rengasdengklok01,Drone (50x50)
2,Karawang,3_Rengasdengklok02,Drone (50x50)
2,Karawang,2_Rengasdengklok01,Drone (50x50)
2,Karawang,3_Rengasdengklok02,Drone (50x50)
2,Karawang,4_Rengasdengklok03,Drone (50x50)
2,Karawang,2_Rengasdengklok01,Drone (50x50)
2,Karawang,2_Rengasdengklok01,Drone (50x50)
2,Karawang,2_Rengasdengklok01,Field Survey
2,Karawang,3_Rengasdengklok02,Drone (50x50)
2,Karawang,2_Rengasdengklok01,Drone (50x50)
2,Karawang,2_Rengasdengklok01,Drone (50x50)
2,Karawang,2_Rengasdengklok01,Drone (50x50)
2,Karawang,2_Rengasdengklok01,Drone (50x50)
2,Karawang,2_Rengasdengklok01,Drone (50x50)
2,Karawang,2_Rengasdengklok01,Drone (50x50)
2,Karawang,4_Rengasdengklok03,Field Survey
2,Karawang,4_Rengasdengklok03,Drone (50x50)
2,Karawang,2_Rengasdengklok01,Drone (50x50)
1,Karawang,4_Rengasdengklok03,Field Survey
2,Karawang,4_Rengasdengklok03,Field Survey
2,Karawang,4_Rengasdengklok03,Drone (50x50)
2,Karawang,4_Rengasdengklok03,Drone (50x50)
2,Karawang,2_Rengasdengklok01,Drone (50x50)
2,Karawang,2_Rengasdengklok01,Field Survey
2,Karawang,2_Rengasdengklok01,Drone (50x50)
2,Karawang,2_Rengasdengklok01,Drone (50x50)
2,Karawang,2_Rengasdengklok01,Drone (50x50)
2,Karawang,2_Rengasdengklok01,Field Survey
2,Karawang,2_Rengasdengklok01,Drone (50x50)
2,Karawang,2_Rengasdengklok01,Drone (50x50)
2,Karawang,2_Rengasdengklok01,Field Survey
2,Karawang,4_Rengasdengklok03,Drone (50x50)
2,Karawang,2_Rengasdengklok01,Field Survey
2,Karawang,2_Rengasdengklok01,Drone (50x50)
2,Karawang,2_Rengasdengklok01,Drone (50x50)
2,Karawang,2_Rengasdengklok01,Drone (50x50)
2,Karawang,2_Rengasdengklok01,Drone (50x50)
2,Karawang,2_Rengasdengklok01,Drone (50x50)
2,Karawang,2_Rengasdengklok01,Drone (50x50)
2,Karawang,2_Rengasdengklok01,Drone (50x50)
2,Karawang,,Drone (50x50)
2,Karawang,,Drone (rice field)
2,Karawang,2_Rengasdengklok01,Drone (50x50)
2,Karawang,2_Rengasdengklok01,Drone (50x50)
2,Karawang,4_Rengasdengklok03,Drone (50x50)
2,Karawang,2_Rengasdengklok01,Drone (50x50)
2,Karawang,2_Rengasdengklok01,Drone (50x50)
2,Karawang,3_Rengasdengklok02,Drone (50x50)
2,Karawang,2_Rengasdengklok01,Drone (50x50)
2,Karawang,4_Rengasdengklok03,Drone (50x50)
2,Karawang,3_Rengasdengklok02,Drone (50x50)
2,Karawang,2_Rengasdengklok01,Field Survey
2,Karawang,2_Rengasdengklok01,Drone (50x50)
2,Karawang,3_Rengasdengklok02,Drone (50x50)
2,Karawang,2_Rengasdengklok01,Field Survey
2,Karawang,2_Rengasdengklok01,Drone (50x50)
2,Karawang,2_Rengasdengklok01,Drone (50x50)
2,Karawang,2_Rengasdengklok01,Drone (50x50)
2,Karawang,4_Rengasdengklok03,Drone (50x50)
2,Karawang,2_Rengasdengklok01,Field Survey
2,Karawang,2_Rengasdengklok01,Drone (50x50)
2,Karawang,4_Rengasdengklok03,Drone (50x50)
2,Karawang,4_Rengasdengklok03,Drone (50x50)
2,Karawang,2_Rengasdengklok01,Field Survey
2,Karawang,2_Rengasdengklok01,Drone (50x50)
2,Karawang,2_Rengasdengklok01,Drone (50x50)
2,Karawang,4_Rengasdengklok03,Field Survey
2,Karawang,4_Rengasdengklok03,Drone (50x50)
2,Karawang,4_Rengasdengklok03,Drone (50x50)
2,Karawang,2_Rengasdengklok01,Drone (50x50)
1,Karawang,4_Rengasdengklok03,Field Survey
2,Karawang,3_Rengasdengklok02,Field Survey
2,Karawang,2_Rengasdengklok01,Drone (50x50)
2,Karawang,2_Rengasdengklok01,Drone (50x50)
2,Karawang,3_Rengasdengklok02,Drone (50x50)
2,Karawang,2_Rengasdengklok01,Drone (50x50)
2,Karawang,2_Rengasdengklok01,Drone (50x50)
2,Karawang,3_Rengasdengklok02,Field Survey
2,Karawang,2_Rengasdengklok01,Field Survey
2,Karawang,2_Rengasdengklok01,Drone (50x50)
2,Karawang,2_Rengasdengklok01,Drone (50x50)
2,Karawang,2_Rengasdengklok01,Drone (50x50)
2,Karawang,2_Rengasdengklok01,Field Survey
2,Karawang,2_Rengasdengklok01,Field Survey
2,Karawang,2_Rengasdengklok01,Drone (50x50)
2,Karawang,2_Rengasdengklok01,Drone (50x50)
2,Karawang,2_Rengasdengklok01,Field Survey
2,Karawang,2_Rengasdengklok01,Drone (50x50)
2,Karawang,2_Rengasdengklok01,Drone (50x50)
2,Karawang,2_Rengasdengklok01,Drone (50x50)
2,Karawang,4_Rengasdengklok03,Drone (50x50)
2,Karawang,2_Rengasdengklok01,Drone (50x50)
2,Karawang,2_Rengasdengklok01,Drone (50x50)
2,Karawang,3_Rengasdengklok02,Drone (50x50)
2,Karawang,2_Rengasdengklok01,Drone (50x50)
2,Karawang,2_Rengasdengklok01,Drone (50x50)
2,Karawang,2_Rengasdengklok01,Drone (50x50)
2,Karawang,2_Rengasdengklok01,Drone (50x50)
1,Karawang,4_Rengasdengklok03,Drone (50x50)
2,Karawang,2_Rengasdengklok01,Drone (50x50)
2,Karawang,2_Rengasdengklok01,Drone (50x50)
2,Karawang,3_Rengasdengklok02,Drone (50x50)
2,Karawang,4_Rengasdengklok03,Drone (50x50)
2,Karawang,2_Rengasdengklok01,Drone (50x50)
2,Karawang,2_Rengasdengklok01,Field Survey
2,Karawang,3_Rengasdengklok02,Field Survey
2,Karawang,2_Rengasdengklok01,Field Survey
1,Karawang,4 Rengasdengklok3,Field Survey
2,Karawang,3_Rengasdengklok02,Drone (50x50)
2,Karawang,4_Rengasdengklok03,Field Survey
2,Karawang,3_Rengasdengklok02,Field Survey
2,Karawang,3_Rengasdengklok02,Drone (50x50)
2,Karawang,2_Rengasdengklok01,Drone (50x50)
2,Karawang,2_Rengasdengklok01,Drone (50x50)
2,Karawang,3_Rengasdengklok02,Drone (50x50)
2,Karawang,3_Rengasdengklok02,Field Survey
2,Karawang,2_Rengasdengklok01,Field Survey
2,Karawang,2_Rengasdengklok01,Drone (50x50)
2,Karawang,3_Rengasdengklok02,Drone (50x50)
2,Karawang,3_Rengasdengklok02,Drone (50x50)
2,Karawang,3_Rengasdengklok02,Drone (50x50)
2,Karawang,2_Rengasdengklok01,Drone (50x50)
2,Karawang,3_Rengasdengklok02,Drone (50x50)
2,Karawang,,Drone (50x50)
2,Karawang,3_Rengasdengklok02,Field Survey
2,Karawang,3_Rengasdengklok02,Drone (50x50)
2,Karawang,3_Rengasdengklok02,Drone (50x50)
2,Karawang,2_Rengasdengklok01,Drone (50x50)
2,Karawang,3_Rengasdengklok02,Drone (50x50)
2,Karawang,3_Rengasdengklok02,Drone (50x50)
2,Karawang,2_Rengasdengklok01,Drone (50x50)
2,Karawang,3_Rengasdengklok02,Field Survey
2,Karawang,3_Rengasdengklok02,Field Survey
2,Karawang,3_Rengasdengklok02,Drone (50x50)
2,Karawang,3_Rengasdengklok02,Drone (50x50)
2,Karawang,4_Rengasdengklok03,Field Survey
2,Karawang,3_Rengasdengklok02,Drone (50x50)
2,Karawang,3_Rengasdengklok02,Field Survey
2,Karawang,3_Rengasdengklok02,Drone (50x50)
2,Karawang,3_Rengasdengklok02,Field Survey
2,Karawang,3_Rengasdengklok02,Field Survey
2,Karawang,4_Rengasdengklok03,Drone (50x50)
3,Karawang,,Drone (50x50)
3,Karawang,,Drone (rice field)
2,Karawang,3_Rengasdengklok02,Drone (50x50)
3,Karawang,4_Kutajaya,Drone (50x50)
3,Karawang,4_Kutajaya,Drone (50x50)
3,Karawang,4_Kutajaya,Drone (50x50)
2,Karawang,4_Kutajaya,Drone (50x50)
2,Karawang,4_Kutajaya,Drone (50x50)
2,Karawang,4_Kutajaya,Drone (50x50)
3,Karawang,4_Kutajaya,Field Survey
3,Karawang,4_Kutajaya,Drone (50x50)
3,Karawang,4_Kutajaya,Drone (50x50)
2,Karawang,4_Kutajaya,Drone (50x50)
3,Karawang,4_Kutajaya,Drone (50x50)
3,Karawang,4_Kutajaya,Drone (50x50)
3,Karawang,4_Kutajaya,Drone (50x50)
3,Karawang,4_Kutajaya,Drone (50x50)
3,Karawang,4_Kutajaya,Drone (50x50)
2,Karawang,4_Kutajaya,Drone (50x50)
3,Karawang,4_Kutajaya,Field Survey
3,Karawang,4_Kutajaya,Drone (50x50)
2,Karawang,4_Kutajaya,Drone (50x50)
3,Karawang,4_Kutajaya,Drone (50x50)
3,Karawang,4_Kutajaya,Drone (50x50)
3,Karawang,4_Kutajaya,Drone (50x50)
2,Karawang,4_Kutajaya,Drone (50x50)
2,Karawang,4_Kutajaya,Drone (50x50)
3,Karawang,4_Kutajaya,Drone (50x50)
3,Karawang,4_Kutajaya,Drone (50x50)
3,Karawang,4_Kutajaya,Drone (50x50)
3,Karawang,4_Kutajaya,Drone (50x50)
3,Karawang,4_Kutajaya,Drone (50x50)
3,Karawang,4_Kutajaya,Drone (50x50)
3,Karawang,4_Kutajaya,Drone (50x50)
3,Karawang,4_Kutajaya,Drone (50x50)
3,Karawang,4_Kutajaya,Drone (50x50)
3,Karawang,4_Kutajaya,Drone (50x50)
3,Karawang,4_Kutajaya,Drone (50x50)
3,Karawang,4_Kutajaya,Drone (50x50)
3,Karawang,4_Kutajaya,Drone (50x50)
3,Karawang,4_Kutajaya,Drone (50x50)
3,Karawang,4_Kutajaya,Drone (50x50)
2,Karawang,4_Kutajaya,Drone (50x50)
2,Karawang,4_Kutajaya,Field Survey
2,Karawang,4_Kutajaya,Drone (50x50)
2,Karawang,4_Kutajaya,Drone (50x50)
3,Karawang,4_Kutajaya,Drone (50x50)
2,Karawang,4_Kutajaya,Drone (50x50)
2,Karawang,4_Kutajaya,Drone (50x50)
3,Karawang,4_Kutajaya,Drone (50x50)
2,Karawang,4_Kutajaya,Drone (50x50)
3,Karawang,4_Kutajaya,Drone (50x50)
3,Karawang,4_Kutajaya,Drone (50x50)
2,Karawang,4_Kutajaya,Drone (50x50)
3,Karawang,4_Kutajaya,Drone (50x50)
2,Karawang,4_Kutajaya,Drone (50x50)
2,Karawang,4_Kutajaya,Drone (50x50)
3,Karawang,4_Kutajaya,Drone (50x50)
3,Karawang,4_Kutajaya,Drone (50x50)
2,Karawang,4_Kutajaya,Drone (50x50)
2,Karawang,4_Kutajaya,Drone (50x50)
3,Karawang,4_Kutajaya,Drone (50x50)
3,Karawang,4_Kutajaya,Drone (50x50)
2,Karawang,4_Kutajaya,Drone (50x50)
3,Karawang,4_Kutajaya,Drone (50x50)
2,Karawang,4_Kutajaya,Drone (50x50)
3,Karawang,4_Kutajaya,Drone (50x50)
3,Karawang,4_Kutajaya,Drone (50x50)
2,Indramayu,14 Jatimulya,Drone (rice field)
2,Indramayu,14_Jatimulya,Drone (rice field)
2,Indramayu,14_Jatimulya,Drone (rice field)
2,Indramayu,14_Jatimulya,Drone (rice field)
2,Indramayu,14_Jatimulya,Drone (rice field)
2,Indramayu,14 Jatimulya,Drone (rice field)
2,Indramayu,14 Jatimulya,Drone (rice field)
2,Indramayu,14_Jatimulya,Drone (rice field)
2,Indramayu,14_Jatimulya,Drone (rice field)
2,Indramayu,14_Jatimulya,Drone (rice field)
2,Indramayu,14 Jatimulya,Drone (rice field)
2,Indramayu,14_Jatimulya,Drone (rice field)
2,Indramayu,14_Jatimulya,Drone (rice field)
2,Indramayu,14_Jatimulya,Drone (rice field)
2,Indramayu,14_Jatimulya,Drone (rice field)
2,Indramayu,14_Jatimulya,Drone (rice field)
2,Indramayu,14_Jatimulya,Drone (rice field)
2,Indramayu,14_Jatimulya,Drone (rice field)
2,Indramayu,14_Jatimulya,Drone (rice field)
2,Indramayu,14_Jatimulya,Drone (rice field)
2,Indramayu,14_Jatimulya,Drone (rice field)
2,Indramayu,14_Jatimulya,Drone (rice field)
2,Indramayu,14_Jatimulya,Drone (rice field)
2,Indramayu,14_Jatimulya,Drone (rice field)
2,Indramayu,14_Jatimulya,Drone (rice field)
2,Indramayu,14_Jatimulya,Drone (rice field)
2,Indramayu,14 Jatimulya,Drone (rice field)
2,Indramayu,14_Jatimulya,Drone (rice field)
2,Indramayu,14_Jatimulya,Drone (rice field)
2,Indramayu,14_Jatimulya,Drone (rice field)
2,Indramayu,14_Jatimulya,Drone (rice field)
2,Indramayu,14_Jatimulya,Drone (rice field)
2,Indramayu,14_Jatimulya,Drone (rice field)
2,Indramayu,14_Jatimulya,Drone (rice field)
2,Indramayu,14_Jatimulya,Drone (rice field)
2,Indramayu,14_Jatimulya,Drone (rice field)
2,Indramayu,14_Jatimulya,Drone (rice field)
2,Indramayu,14_Jatimulya,Drone (rice field)
2,Indramayu,14_Jatimulya,Drone (rice field)
2,Indramayu,14_Jatimulya,Drone (rice field)
2,Indramayu,14_Jatimulya,Drone (rice field)
2,Indramayu,14_Jatimulya,Drone (rice field)
2,Indramayu,14_Jatimulya,Drone (rice field)
2,Indramayu,14 Jatimulya,Drone (rice field)
2,Indramayu,14_Jatimulya,Drone (rice field)
2,Indramayu,14_Jatimulya,Drone (rice field)
2,Indramayu,14_Jatimulya,Drone (rice field)
2,Indramayu,14_Jatimulya,Drone (rice field)
2,Indramayu,14_Jatimulya,Drone (rice field)
2,Indramayu,14_Jatimulya,Drone (rice field)
4,Indramayu,12_Jatimulya,Drone (rice field)
3,Indramayu,12_Jatimulya,Drone (rice field)
4,Indramayu,12_Jatimulya,Drone (rice field)
3,Indramayu,12_Jatimulya,Drone (rice field)
4,Indramayu,12_Jatimulya,Drone (rice field)
4,Indramayu,12_Jatimulya,Drone (rice field)
3,Indramayu,12_Jatimulya,Drone (rice field)
3,Indramayu,12_Jatimulya,Drone (rice field)
4,Indramayu,12_Jatimulya,Drone (rice field)
4,Indramayu,12_Jatimulya,Drone (rice field)
4,Indramayu,12_Jatimulya,Drone (rice field)
3,Indramayu,12_Jatimulya,Drone (rice field)
4,Indramayu,12_Jatimulya,Drone (rice field)
3,Indramayu,12_Jatimulya,Drone (rice field)
4,Indramayu,12_Jatimulya,Drone (rice field)
3,Indramayu,12_Jatimulya,Drone (rice field)
4,Indramayu,12_Jatimulya,Drone (rice field)
4,Indramayu,12_Jatimulya,Drone (rice field)
3,Indramayu,12_Jatimulya,Drone (rice field)
4,Indramayu,12_Jatimulya,Drone (rice field)
4,Indramayu,12_Jatimulya,Drone (rice field)
4,Indramayu,12_Jatimulya,Drone (rice field)
4,Indramayu,12_Jatimulya,Drone (rice field)
3,Indramayu,12_Jatimulya,Drone (rice field)
3,Indramayu,12_Jatimulya,Drone (rice field)
3,Indramayu,12_Jatimulya,Drone (rice field)
4,Indramayu,12_Jatimulya,Drone (rice field)
4,Indramayu,12_Jatimulya,Drone (rice field)
4,Indramayu,12_Jatimulya,Drone (rice field)
4,Indramayu,12_Jatimulya,Drone (rice field)
3,Indramayu,12_Jatimulya,Drone (rice field)
3,Indramayu,12_Jatimulya,Drone (rice field)
4,Indramayu,12_Jatimulya,Drone (rice field)
4,Indramayu,12_Jatimulya,Drone (rice field)
3,Indramayu,12_Jatimulya,Drone (rice field)
4,Indramayu,12_Jatimulya,Drone (rice field)
4,Indramayu,12_Jatimulya,Drone (rice field)
4,Indramayu,12_Jatimulya,Drone (rice field)
3,Indramayu,12_Jatimulya,Drone (rice field)
3,Indramayu,12_Jatimulya,Drone (rice field)
4,Indramayu,12_Jatimulya,Drone (rice field)
4,Indramayu,12_Jatimulya,Drone (rice field)
4,Indramayu,12_Jatimulya,Drone (rice field)
3,Indramayu,12_Jatimulya,Drone (rice field)
4,Indramayu,12_Jatimulya,Drone (rice field)
4,Indramayu,12_Jatimulya,Drone (rice field)
4,Indramayu,12_Jatimulya,Drone (rice field)
4,Indramayu,12_Jatimulya,Drone (rice field)
4,Indramayu,12_Jatimulya,Drone (rice field)
4,Indramayu,12_Jatimulya,Drone (rice field)
4,Indramayu,12_Jatimulya,Drone (rice field)
4,Indramayu,12_Jatimulya,Drone (rice field)
4,Indramayu,12_Jatimulya,Drone (rice field)
4,Indramayu,12_Jatimulya,Drone (rice field)
4,Indramayu,12_Jatimulya,Drone (rice field)
4,Indramayu,12_Jatimulya,Drone (rice field)
4,Indramayu,12_Jatimulya,Drone (rice field)
4,Indramayu,12_Jatimulya,Drone (rice field)
4,Indramayu,12_Jatimulya,Drone (rice field)
4,Indramayu,12_Jatimulya,Drone (rice field)
4,Indramayu,12_Jatimulya,Drone (rice field)
4,Indramayu,12_Jatimulya,Drone (rice field)
4,Indramayu,12_Jatimulya,Drone (rice field)
4,Indramayu,12_Jatimulya,Drone (rice field)
4,Indramayu,12_Jatimulya,Drone (rice field)
4,Indramayu,12_Jatimulya,Drone (rice field)
4,Indramayu,12_Jatimulya,Drone (rice field)
4,Indramayu,12_Jatimulya,Drone (rice field)
4,Indramayu,12_Jatimulya,Drone (rice field)
4,Indramayu,12_Jatimulya,Drone (rice field)
4,Indramayu,12_Jatimulya,Drone (rice field)
4,Indramayu,12_Jatimulya,Drone (rice field)
4,Indramayu,12_Jatimulya,Drone (rice field)
4,Indramayu,12_Jatimulya,Drone (rice field)
4,Indramayu,12_Jatimulya,Drone (rice field)
4,Indramayu,12_Jatimulya,Drone (rice field)
3,Indramayu,12_Jatimulya,Drone (rice field)
4,Indramayu,12_Jatimulya,Drone (rice field)
6,Indramayu,16_Sukamandi1,Drone (rice field)
6,Indramayu,16 Sukamandi1,Drone (rice field)
6,Indramayu,16 Sukamandi1,Drone (rice field)
6,Indramayu,16_Sukamandi1,Drone (rice field)
6,Indramayu,16_Sukamandi1,Drone (rice field)
6,Indramayu,16_Sukamandi1,Drone (rice field)
6,Indramayu,16_Sukamandi1,Drone (rice field)
6,Indramayu,16_Sukamandi1,Drone (rice field)
6,Indramayu,16_Sukamandi1,Drone (rice field)
6,Indramayu,16_Sukamandi1,Drone (rice field)
6,Indramayu,16_Sukamandi1,Drone (rice field)
6,Indramayu,16_Sukamandi1,Drone (rice field)
6,Indramayu,16_Sukamandi1,Drone (rice field)
6,Indramayu,16_Sukamandi1,Drone (rice field)
6,Indramayu,16_Sukamandi1,Drone (rice field)
6,Indramayu,16_Sukamandi1,Drone (rice field)
6,Indramayu,16_Sukamandi1,Drone (rice field)
6,Indramayu,16_Sukamandi1,Drone (rice field)
6,Indramayu,16_Sukamandi1,Drone (rice field)
6,Indramayu,16_Sukamandi1,Drone (rice field)
6,Indramayu,16_Sukamandi1,Drone (rice field)
6,Indramayu,16_Sukamandi1,Drone (rice field)
6,Indramayu,16_Sukamandi1,Drone (rice field)
6,Indramayu,16_Sukamandi1,Drone (rice field)
6,Indramayu,16_Sukamandi1,Drone (rice field)
6,Indramayu,16_Sukamandi1,Drone (rice field)
6,Indramayu,16_Sukamandi1,Drone (rice field)
6,Indramayu,16_Sukamandi1,Drone (rice field)
6,Indramayu,16_Sukamandi1,Drone (rice field)
6,Indramayu,16_Sukamandi1,Drone (rice field)
6,Indramayu,16_Sukamandi1,Drone (rice field)
6,Indramayu,16_Sukamandi1,Drone (rice field)
6,Indramayu,16_Sukamandi1,Drone (rice field)
6,Indramayu,16_Sukamandi1,Drone (rice field)
6,Indramayu,16_Sukamandi1,Drone (rice field)
6,Indramayu,16_Sukamandi1,Drone (rice field)
6,Indramayu,16_Sukamandi1,Drone (rice field)
6,Indramayu,16_Sukamandi1,Drone (rice field)
6,Indramayu,16_Sukamandi1,Drone (rice field)
6,Indramayu,16_Sukamandi1,Drone (rice field)
6,Indramayu,16_Sukamandi1,Drone (rice field)
6,Indramayu,16_Sukamandi1,Drone (rice field)
6,Indramayu,16_Sukamandi1,Drone (rice field)
6,Indramayu,16_Sukamandi1,Drone (rice field)
6,Indramayu,16_Sukamandi1,Drone (rice field)
6,Indramayu,16_Sukamandi1,Drone (rice field)
6,Indramayu,16_Sukamandi1,Drone (rice field)
6,Indramayu,16_Sukamandi1,Drone (rice field)
6,Indramayu,16_Sukamandi1,Drone (rice field)
6,Indramayu,16_Sukamandi1,Drone (rice field)
6,Indramayu,16_Sukamandi1,Drone (rice field)
6,Indramayu,16_Sukamandi1,Drone (rice field)
6,Indramayu,16_Sukamandi1,Drone (rice field)
6,Indramayu,16_Sukamandi1,Drone (rice field)
6,Indramayu,16_Sukamandi1,Drone (rice field)
6,Indramayu,16_Sukamandi1,Drone (rice field)
6,Indramayu,16_Sukamandi1,Drone (rice field)
6,Indramayu,16_Sukamandi1,Drone (rice field)
6,Indramayu,16_Sukamandi1,Drone (rice field)
6,Indramayu,16_Sukamandi1,Drone (rice field)
6,Indramayu,16_Sukamandi1,Drone (rice field)
6,Indramayu,16_Sukamandi1,Drone (rice field)
6,Indramayu,16_Sukamandi1,Drone (rice field)
6,Indramayu,16_Sukamandi1,Drone (rice field)
6,Indramayu,16_Sukamandi1,Drone (rice field)
6,Indramayu,16_Sukamandi1,Drone (rice field)
6,Indramayu,16_Sukamandi1,Drone (rice field)
6,Indramayu,16_Sukamandi1,Drone (rice field)
6,Indramayu,16_Sukamandi1,Drone (rice field)
6,Indramayu,16_Sukamandi1,Drone (rice field)
6,Indramayu,16_Sukamandi1,Drone (rice field)
6,Indramayu,16_Sukamandi1,Drone (rice field)
6,Indramayu,16_Sukamandi1,Drone (rice field)
6,Indramayu,16_Sukamandi1,Drone (rice field)
6,Indramayu,16_Sukamandi1,Drone (rice field)
6,Indramayu,16_Sukamandi1,Drone (rice field)
6,Indramayu,16_Sukamandi1,Drone (rice field)
6,Indramayu,16_Sukamandi1,Drone (rice field)
6,Indramayu,16_Sukamandi1,Drone (rice field)
6,Indramayu,16_Sukamandi1,Drone (rice field)
6,Indramayu,16_Sukamandi1,Drone (rice field)
6,Indramayu,16_Sukamandi1,Drone (rice field)
6,Indramayu,16_Sukamandi1,Drone (rice field)
6,Indramayu,16_Sukamandi1,Drone (rice field)
6,Indramayu,16_Sukamandi1,Drone (rice field)
6,Indramayu,16_Sukamandi1,Drone (rice field)
6,Indramayu,16_Sukamandi1,Drone (rice field)
6,Indramayu,16_Sukamandi1,Drone (rice field)
6,Indramayu,16_Sukamandi1,Drone (rice field)
6,Indramayu,16_Sukamandi1,Drone (rice field)
5,Indramayu,,Drone (rice field)
6,Indramayu,16_Sukamandi1,Drone (rice field)
6,Indramayu,16_Sukamandi1,Drone (rice field)
6,Indramayu,16_Sukamandi1,Drone (rice field)
6,Indramayu,16_Sukamandi1,Drone (rice field)
6,Indramayu,16_Sukamandi1,Drone (rice field)
6,Indramayu,16_Sukamandi1,Drone (rice field)
4,Indramayu,,Drone (rice field)
6,Indramayu,16_Sukamandi1,Drone (rice field)
6,Indramayu,16_Sukamandi1,Drone (rice field)
6,Indramayu,16_Sukamandi1,Drone (rice field)
6,Indramayu,16_Sukamandi1,Drone (rice field)
6,Indramayu,16_Sukamandi1,Drone (rice field)
6,Indramayu,16_Sukamandi1,Drone (rice field)
6,Indramayu,16_Sukamandi1,Drone (rice field)
6,Indramayu,16_Sukamandi1,Drone (rice field)
6,Indramayu,16_Sukamandi1,Drone (rice field)
6,Indramayu,16_Sukamandi1,Drone (rice field)
6,Indramayu,16_Sukamandi1,Drone (rice field)
6,Indramayu,16_Sukamandi1,Drone (rice field)
6,Indramayu,16_Sukamandi1,Drone (rice field)
6,Indramayu,16_Sukamandi1,Drone (rice field)
6,Indramayu,16_Sukamandi1,Drone (rice field)
6,Indramayu,16_Sukamandi1,Drone (rice field)
6,Indramayu,16_Sukamandi1,Drone (rice field)
6,Indramayu,16_Sukamandi1,Drone (rice field)
6,Indramayu,16_Sukamandi1,Drone (rice field)
6,Indramayu,16_Sukamandi1,Drone (rice field)
6,Indramayu,16_Sukamandi1,Drone (rice field)
6,Indramayu,16_Sukamandi1,Drone (rice field)
6,Indramayu,16_Sukamandi1,Drone (rice field)
6,Indramayu,16_Sukamandi1,Drone (rice field)
6,Indramayu,16_Sukamandi1,Drone (rice field)
6,Indramayu,16_Sukamandi1,Drone (rice field)
6,Indramayu,16_Sukamandi1,Drone (rice field)
6,Indramayu,16_Sukamandi1,Drone (rice field)
6,Indramayu,16_Sukamandi1,Drone (rice field)
6,Indramayu,16_Sukamandi1,Drone (rice field)
6,Indramayu,16_Sukamandi1,Drone (rice field)
6,Indramayu,16 Sukamandi1,Drone (rice field)
6,Indramayu,16_Sukamandi1,Drone (rice field)
6,Indramayu,16_Sukamandi1,Drone (rice field)
6,Indramayu,16_Sukamandi1,Drone (rice field)
6,Indramayu,16_Sukamandi1,Drone (rice field)
6,Indramayu,16_Sukamandi1,Drone (rice field)
6,Indramayu,16_Sukamandi1,Drone (rice field)
6,Indramayu,16_Sukamandi1,Drone (rice field)
6,Indramayu,16_Sukamandi1,Drone (rice field)
6,Indramayu,16_Sukamandi1,Drone (rice field)
6,Indramayu,16_Sukamandi1,Drone (rice field)
6,Indramayu,16_Sukamandi1,Drone (rice field)
6,Indramayu,16_Sukamandi1,Drone (rice field)
6,Indramayu,16_Sukamandi1,Drone (rice field)
6,Indramayu,16_Sukamandi1,Drone (rice field)
6,Indramayu,16_Sukamandi1,Drone (rice field)
6,Indramayu,16_Sukamandi1,Drone (rice field)
6,Indramayu,16_Sukamandi1,Drone (rice field)
6,Indramayu,16_Sukamandi1,Drone (rice field)
6,Indramayu,16_Sukamandi1,Drone (rice field)
6,Indramayu,16_Sukamandi1,Drone (rice field)
6,Indramayu,16_Sukamandi1,Drone (rice field)
6,Indramayu,16_Sukamandi1,Drone (rice field)
6,Indramayu,16_Sukamandi1,Drone (rice field)
6,Indramayu,16_Sukamandi1,Drone (rice field)
1,Indramayu,9_Sukamandi,Drone (rice field)
1,Indramayu,9_Sukamandi,Drone (rice field)
1,Indramayu,9_Sukamandi,Drone (rice field)
1,Indramayu,9. Sukamandi,Drone (rice field)
1,Indramayu,9_Sukamandi,Drone (rice field)
1,Indramayu,9_Sukamandi,Drone (rice field)
1,Indramayu,9_Sukamandi,Drone (rice field)
1,Indramayu,9_Sukamandi,Drone (rice field)
1,Indramayu,9_Sukamandi,Drone (rice field)
1,Indramayu,9_Sukamandi,Drone (rice field)
1,Indramayu,9_Sukamandi,Drone (rice field)
1,Indramayu,9_Sukamandi,Drone (rice field)
1,Indramayu,9. Sukamandi,Drone (rice field)
1,Indramayu,9_Sukamandi,Drone (rice field)
1,Indramayu,9_Sukamandi,Drone (rice field)
1,Indramayu,9_Sukamandi,Drone (rice field)
1,Indramayu,9_Sukamandi,Drone (rice field)
1,Indramayu,9_Sukamandi,Drone (rice field)
1,Indramayu,9_Sukamandi,Drone (rice field)
1,Indramayu,9_Sukamandi,Drone (rice field)
1,Indramayu,9_Sukamandi,Drone (rice field)
1,Indramayu,9_Sukamandi,Drone (rice field)
1,Indramayu,9_Sukamandi,Drone (rice field)
1,Indramayu,9_Sukamandi,Drone (rice field)
1,Indramayu,9_Sukamandi,Drone (rice field)
1,Indramayu,9_Sukamandi,Drone (rice field)
1,Indramayu,9_Sukamandi,Drone (rice field)
1,Indramayu,9_Sukamandi,Drone (rice field)
1,Indramayu,9_Sukamandi,Drone (rice field)
1,Indramayu,9_Sukamandi,Drone (rice field)
1,Indramayu,9_Sukamandi,Drone (rice field)
1,Indramayu,9_Sukamandi,Drone (rice field)
1,Indramayu,9_Sukamandi,Drone (rice field)
1,Indramayu,9_Sukamandi,Drone (rice field)
1,Indramayu,9_Sukamandi,Drone (rice field)
1,Indramayu,9_Sukamandi,Drone (rice field)
1,Indramayu,9_Sukamandi,Drone (rice field)
1,Indramayu,9_Sukamandi,Drone (rice field)
1,Indramayu,9_Sukamandi,Drone (rice field)
1,Indramayu,9_Sukamandi,Drone (rice field)
1,Indramayu,9_Sukamandi,Drone (rice field)
1,Indramayu,9_Sukamandi,Drone (rice field)
1,Indramayu,9_Sukamandi,Drone (rice field)
1,Indramayu,9_Sukamandi,Drone (rice field)
1,Indramayu,9_Sukamandi,Drone (rice field)
1,Indramayu,9. Sukamandi,Drone (rice field)
1,Indramayu,9_Sukamandi,Drone (rice field)
1,Indramayu,9_Sukamandi,Drone (rice field)
1,Indramayu,9_Sukamandi,Drone (rice field)
1,Indramayu,9_Sukamandi,Drone (rice field)
1,Indramayu,9_Sukamandi,Drone (rice field)
1,Indramayu,9_Sukamandi,Drone (rice field)
1,Indramayu,9_Sukamandi,Drone (rice field)
1,Indramayu,9_Sukamandi,Drone (rice field)
1,Indramayu,9_Sukamandi,Drone (rice field)
1,Indramayu,9_Sukamandi,Drone (rice field)
1,Indramayu,9_Sukamandi,Drone (rice field)
1,Indramayu,9_Sukamandi,Drone (rice field)
6,Indramayu,,Drone (rice field)
1,Indramayu,9_Sukamandi,Drone (rice field)
1,Indramayu,9_Sukamandi,Drone (rice field)
1,Indramayu,9_Sukamandi,Drone (rice field)
1,Indramayu,9_Sukamandi,Drone (rice field)
1,Indramayu,9_Sukamandi,Drone (rice field)
1,Indramayu,9_Sukamandi,Drone (rice field)
1,Indramayu,9_Sukamandi,Drone (rice field)
1,Indramayu,9_Sukamandi,Drone (rice field)
1,Indramayu,9_Sukamandi,Drone (rice field)
1,Indramayu,9_Sukamandi,Drone (rice field)
1,Indramayu,9_Sukamandi,Drone (rice field)
1,Indramayu,9_Sukamandi,Drone (rice field)
1,Indramayu,9_Sukamandi,Drone (rice field)
1,Indramayu,9_Sukamandi,Drone (rice field)
1,Indramayu,9_Sukamandi,Drone (rice field)
1,Indramayu,9_Sukamandi,Drone (rice field)
1,Indramayu,9_Sukamandi,Drone (rice field)
6,Indramayu,,Drone (rice field)
1,Indramayu,9_Sukamandi,Drone (rice field)
1,Indramayu,9_Sukamandi,Drone (rice field)
1,Indramayu,9_Sukamandi,Drone (rice field)
1,Indramayu,9_Sukamandi,Drone (rice field)
6,Indramayu,,Drone (rice field)
1,Indramayu,9_Sukamandi,Drone (rice field)
1,Indramayu,9_Sukamandi,Drone (rice field)
1,Indramayu,9_Sukamandi,Drone (rice field)
1,Indramayu,9_Sukamandi,Drone (rice field)
1,Indramayu,9_Sukamandi,Drone (rice field)
6,Indramayu,,Drone (rice field)
2,Indramayu,17_Sukamandi2,Drone (rice field)
2,Indramayu,17_Sukamandi2,Drone (rice field)
2,Indramayu,17_Sukamandi2,Drone (rice field)
2,Indramayu,17_Sukamandi2,Drone (rice field)
3,Indramayu,17 Sukamandi2,Drone (rice field)
2,Indramayu,17_Sukamandi2,Drone (rice field)
2,Indramayu,17_Sukamandi2,Drone (rice field)
2,Indramayu,17_Sukamandi2,Drone (rice field)
2,Indramayu,17_Sukamandi2,Drone (rice field)
2,Indramayu,17_Sukamandi2,Drone (rice field)
2,Indramayu,17_Sukamandi2,Drone (rice field)
2,Indramayu,17_Sukamandi2,Drone (rice field)
2,Indramayu,17_Sukamandi2,Drone (rice field)
2,Indramayu,17 Sukamandi2,Drone (rice field)
2,Indramayu,17_Sukamandi2,Drone (rice field)
2,Indramayu,17_Sukamandi2,Drone (rice field)
3,Indramayu,17 Sukamandi2,Drone (rice field)
2,Indramayu,17_Sukamandi2,Drone (rice field)
2,Indramayu,17_Sukamandi2,Drone (rice field)
2,Indramayu,17_Sukamandi2,Drone (rice field)
2,Indramayu,17_Sukamandi2,Drone (rice field)
2,Indramayu,17_Sukamandi2,Drone (rice field)
2,Indramayu,17_Sukamandi2,Drone (rice field)
2,Indramayu,17_Sukamandi2,Drone (rice field)
2,Indramayu,17 Sukamandi2,Drone (rice field)
2,Indramayu,17_Sukamandi2,Drone (rice field)
2,Indramayu,17_Sukamandi2,Drone (rice field)
2,Indramayu,17_Sukamandi2,Drone (rice field)
2,Indramayu,17_Sukamandi2,Drone (rice field)
2,Indramayu,17_Sukamandi2,Drone (rice field)
2,Indramayu,17_Sukamandi2,Drone (rice field)
2,Indramayu,17_Sukamandi2,Drone (rice field)
2,Indramayu,17_Sukamandi2,Drone (rice field)
2,Indramayu,17_Sukamandi2,Drone (rice field)
2,Indramayu,17_Sukamandi2,Drone (rice field)
2,Indramayu,17_Sukamandi2,Drone (rice field)
2,Indramayu,17_Sukamandi2,Drone (rice field)
2,Indramayu,17_Sukamandi2,Drone (rice field)
2,Indramayu,17_Sukamandi2,Drone (rice field)
2,Indramayu,17_Sukamandi2,Drone (rice field)
2,Indramayu,17_Sukamandi2,Drone (rice field)
2,Indramayu,17 Sukamandi2,Drone (rice field)
3,Indramayu,17 Sukamandi2,Drone (rice field)
2,Indramayu,17_Sukamandi2,Drone (rice field)
2,Indramayu,17_Sukamandi2,Drone (rice field)
2,Indramayu,17_Sukamandi2,Drone (rice field)
2,Indramayu,17_Sukamandi2,Drone (rice field)
2,Indramayu,17_Sukamandi2,Drone (rice field)
2,Indramayu,17_Sukamandi2,Drone (rice field)
2,Indramayu,17_Sukamandi2,Drone (rice field)
2,Indramayu,17_Sukamandi2,Drone (rice field)
2,Indramayu,17_Sukamandi2,Drone (rice field)
2,Indramayu,17_Sukamandi2,Drone (rice field)
2,Indramayu,17_Sukamandi2,Drone (rice field)
2,Indramayu,17_Sukamandi2,Drone (rice field)
2,Indramayu,17_Sukamandi2,Drone (rice field)
2,Indramayu,17_Sukamandi2,Drone (rice field)
2,Indramayu,17_Sukamandi2,Drone (rice field)
2,Indramayu,17_Sukamandi2,Drone (rice field)
2,Indramayu,17_Sukamandi2,Drone (rice field)
2,Indramayu,17_Sukamandi2,Drone (rice field)
2,Indramayu,17_Sukamandi2,Drone (rice field)
2,Indramayu,17_Sukamandi2,Drone (rice field)
2,Indramayu,17_Sukamandi2,Drone (rice field)
2,Indramayu,17_Sukamandi2,Drone (rice field)
2,Indramayu,17_Sukamandi2,Drone (rice field)
2,Indramayu,17_Sukamandi2,Drone (rice field)
2,Indramayu,17_Sukamandi2,Drone (rice field)
2,Indramayu,17_Sukamandi2,Drone (rice field)
2,Indramayu,17_Sukamandi2,Drone (rice field)
2,Indramayu,17_Sukamandi2,Drone (rice field)
2,Indramayu,17_Sukamandi2,Drone (rice field)
2,Indramayu,17_Sukamandi2,Drone (rice field)
2,Indramayu,17_Sukamandi2,Drone (rice field)
2,Indramayu,17_Sukamandi2,Drone (rice field)
2,Indramayu,17_Sukamandi2,Drone (rice field)
2,Indramayu,17_Sukamandi2,Drone (rice field)
2,Indramayu,17_Sukamandi2,Drone (rice field)
2,Indramayu,17_Sukamandi2,Drone (rice field)
2,Indramayu,17_Sukamandi2,Drone (rice field)
2,Indramayu,17_Sukamandi2,Drone (rice field)
2,Indramayu,17_Sukamandi2,Drone (rice field)
2,Indramayu,17_Sukamandi2,Drone (rice field)
2,Indramayu,17_Sukamandi2,Drone (rice field)
2,Indramayu,17_Sukamandi2,Drone (rice field)
2,Indramayu,17_Sukamandi2,Drone (rice field)
2,Indramayu,17_Sukamandi2,Drone (rice field)
2,Indramayu,17_Sukamandi2,Drone (rice field)
6,Indramayu,16_Tambakjati,Drone (rice field)
4,Indramayu,15._Gempolsari2,Drone (rice field)
4,Indramayu,15._Gempolsari2,Drone (rice field)
5,Indramayu,16_Tambakjati,Drone (rice field)
5,Indramayu,10_Gampolsari,Drone (rice field)
6,Indramayu,16_Tambakjati,Drone (rice field)
5,Indramayu,16_Tambakjati,Drone (rice field)
5,Indramayu,16_Tambakjati,Drone (rice field)
5,Indramayu,16_Tambakjati,Drone (rice field)
6,Indramayu,16_Tambakjati,Drone (rice field)
5,Indramayu,16_Tambakjati,Drone (rice field)
4,Indramayu,15._Gempolsari2,Drone (rice field)
4,Indramayu,15._Gempolsari2,Drone (rice field)
4,Indramayu,15._Gempolsari2,Drone (rice field)
4,Indramayu,10_Gampolsari,Drone (rice field)
4,Indramayu,10_Gampolsari,Drone (rice field)
4,Indramayu,10_Gampolsari,Drone (rice field)
4,Indramayu,10_Gampolsari,Drone (rice field)
6,Indramayu,16_Tambakjati,Drone (rice field)
4,Indramayu,15._Gempolsari2,Drone (rice field)
5,Indramayu,10_Gampolsari,Drone (rice field)
5,Indramayu,10_Gampolsari,Drone (rice field)
5,Indramayu,10_Gampolsari,Drone (rice field)
5,Indramayu,16_Tambakjati,Drone (rice field)
4,Indramayu,15._Gempolsari2,Drone (rice field)
6,Indramayu,16_Tambakjati,Drone (rice field)
6,Indramayu,16_Tambakjati,Drone (rice field)
4,Indramayu,10_Gampolsari,Drone (rice field)
4,Indramayu,15._Gempolsari2,Drone (rice field)
6,Indramayu,16_Tambakjati,Drone (rice field)
6,Indramayu,16_Tambakjati,Drone (rice field)
4,Indramayu,10_Gampolsari,Drone (rice field)
4,Indramayu,15._Gempolsari2,Drone (rice field)
6,Indramayu,16_Tambakjati,Drone (rice field)
4,Indramayu,15._Gempolsari2,Drone (rice field)
4,Indramayu,15._Gempolsari2,Drone (rice field)
5,Indramayu,10_Gampolsari,Drone (rice field)
5,Indramayu,10_Gampolsari,Drone (rice field)
4,Indramayu,15._Gempolsari2,Drone (rice field)
4,Indramayu,15._Gempolsari2,Drone (rice field)
4,Indramayu,15._Gempolsari2,Drone (rice field)
6,Indramayu,16_Tambakjati,Drone (rice field)
4,Indramayu,10_Gampolsari,Drone (rice field)
6,Indramayu,16_Tambakjati,Drone (rice field)
4,Indramayu,10. Gampolsari,Drone (rice field)
4,Indramayu,15._Gempolsari2,Drone (rice field)
4,Indramayu,15._Gempolsari2,Drone (rice field)
4,Indramayu,15._Gempolsari2,Drone (rice field)
4,Indramayu,15._Gempolsari2,Drone (rice field)
4,Indramayu,15._Gempolsari2,Drone (rice field)
4,Indramayu,15._Gempolsari2,Drone (rice field)
4,Indramayu,10_Gampolsari,Drone (rice field)
4,Indramayu,10_Gampolsari,Drone (rice field)
5,Indramayu,16_Tambakjati,Drone (rice field)
5,Indramayu,10_Gampolsari,Drone (rice field)
6,Indramayu,16_Tambakjati,Drone (rice field)
4,Indramayu,10_Gampolsari,Drone (rice field)
4,Indramayu,15._Gempolsari2,Drone (rice field)
5,Indramayu,16_Tambakjati,Drone (rice field)
6,Indramayu,16_Tambakjati,Drone (rice field)
4,Indramayu,10_Gampolsari,Drone (rice field)
6,Indramayu,16_Tambakjati,Drone (rice field)
5,Indramayu,10_Gampolsari,Drone (rice field)
4,Indramayu,15._Gempolsari2,Drone (rice field)
4,Indramayu,10_Gampolsari,Drone (rice field)
5,Indramayu,16_Tambakjati,Drone (rice field)
6,Indramayu,16_Tambakjati,Drone (rice field)
4,Indramayu,10_Gampolsari,Drone (rice field)
4,Indramayu,10_Gampolsari,Drone (rice field)
4,Indramayu,15._Gempolsari2,Drone (rice field)
6,Indramayu,16_Tambakjati,Drone (rice field)
6,Indramayu,16_Tambakjati,Drone (rice field)
5,Indramayu,10_Gampolsari,Drone (rice field)
5,Indramayu,16_Tambakjati,Drone (rice field)
5,Indramayu,16_Tambakjati,Drone (rice field)
4,Indramayu,10_Gampolsari,Drone (rice field)
4,Indramayu,10_Gampolsari,Drone (rice field)
6,Indramayu,16_Tambakjati,Drone (rice field)
6,Indramayu,16_Tambakjati,Drone (rice field)
4,Indramayu,10_Gampolsari,Drone (rice field)
5,Indramayu,10_Gampolsari,Drone (rice field)
6,Indramayu,16_Tambakjati,Drone (rice field)
4,Indramayu,15._Gempolsari2,Drone (rice field)
4,Indramayu,15._Gempolsari2,Drone (rice field)
6,Indramayu,16_Tambakjati,Drone (rice field)
5,Indramayu,16_Tambakjati,Drone (rice field)
6,Indramayu,16_Tambakjati,Drone (rice field)
5,Indramayu,16_Tambakjati,Drone (rice field)
6,Indramayu,16_Tambakjati,Drone (rice field)
4,Indramayu,15._Gempolsari2,Drone (rice field)
4,Indramayu,15._Gempolsari2,Drone (rice field)
6,Indramayu,16_Tambakjati,Drone (rice field)
4,Indramayu,15._Gempolsari2,Drone (rice field)
4,Indramayu,10_Gampolsari,Drone (rice field)
6,Indramayu,16_Tambakjati,Drone (rice field)
4,Indramayu,10_Gampolsari,Drone (rice field)
4,Indramayu,10_Gampolsari,Drone (rice field)
4,Indramayu,15._Gempolsari2,Drone (rice field)
6,Indramayu,16_Tambakjati,Drone (rice field)
5,Indramayu,16_Tambakjati,Drone (rice field)
4,Indramayu,15._Gempolsari2,Drone (rice field)
6,Indramayu,16_Tambakjati,Drone (rice field)
4,Indramayu,15._Gempolsari2,Drone (rice field)
4,Indramayu,10_Gampolsari,Drone (rice field)
4,Indramayu,15._Gempolsari2,Drone (rice field)
4,Indramayu,15._Gempolsari2,Drone (rice field)
4,Indramayu,10_Gampolsari,Drone (rice field)
4,Indramayu,15._Gempolsari2,Drone (rice field)
6,Indramayu,16_Tambakjati,Drone (rice field)
5,Indramayu,16_Tambakjati,Drone (rice field)
4,Indramayu,15._Gempolsari2,Drone (rice field)
4,Indramayu,15._Gempolsari2,Drone (rice field)
4,Indramayu,15._Gempolsari2,Drone (rice field)
4,Indramayu,15._Gempolsari2,Drone (rice field)
5,Indramayu,16_Tambakjati,Drone (rice field)
6,Indramayu,16_Tambakjati,Drone (rice field)
4,Indramayu,10_Gampolsari,Drone (rice field)
6,Indramayu,16_Tambakjati,Drone (rice field)
2,Indramayu,10. Gampolsari,Drone (rice field)
4,Indramayu,10_Gampolsari,Drone (rice field)
5,Indramayu,16_Tambakjati,Drone (rice field)
4,Indramayu,15._Gempolsari2,Drone (rice field)
5,Indramayu,16_Tambakjati,Drone (rice field)
6,Indramayu,16_Tambakjati,Drone (rice field)
4,Indramayu,15._Gempolsari2,Drone (rice field)
5,Indramayu,10_Gampolsari,Drone (rice field)
5,Indramayu,16_Tambakjati,Drone (rice field)
4,Indramayu,15._Gempolsari2,Drone (rice field)
4,Indramayu,15._Gempolsari2,Drone (rice field)
4,Indramayu,15._Gempolsari2,Drone (rice field)
4,Indramayu,15._Gempolsari2,Drone (rice field)
4,Indramayu,15._Gempolsari2,Drone (rice field)
5,Indramayu,16_Tambakjati,Drone (rice field)
6,Indramayu,16_Tambakjati,Drone (rice field)
4,Indramayu,15._Gempolsari2,Drone (rice field)
5,Indramayu,16_Tambakjati,Drone (rice field)
6,Indramayu,16_Tambakjati,Drone (rice field)
4,Indramayu,10_Gampolsari,Drone (rice field)
4,Indramayu,10_Gampolsari,Drone (rice field)
4,Indramayu,10_Gampolsari,Drone (rice field)
4,Indramayu,15._Gempolsari2,Drone (rice field)
4,Indramayu,15._Gempolsari2,Drone (rice field)
6,Indramayu,16_Tambakjati,Drone (rice field)
4,Indramayu,15._Gempolsari2,Drone (rice field)
4,Indramayu,15._Gempolsari2,Drone (rice field)
6,Indramayu,16_Tambakjati,Drone (rice field)
4,Indramayu,10_Gampolsari,Drone (rice field)
4,Indramayu,10_Gampolsari,Drone (rice field)
5,Indramayu,10_Gampolsari,Drone (rice field)
4,Indramayu,10_Gampolsari,Drone (rice field)
4,Indramayu,10_Gampolsari,Drone (rice field)
4,Indramayu,15._Gempolsari2,Drone (rice field)
4,Indramayu,15._Gempolsari2,Drone (rice field)
4,Indramayu,15._Gempolsari2,Drone (rice field)
4,Indramayu,15._Gempolsari2,Drone (rice field)
5,Indramayu,16_Tambakjati,Drone (rice field)
6,Indramayu,16_Tambakjati,Drone (rice field)
6,Indramayu,16_Tambakjati,Drone (rice field)
5,Indramayu,16_Tambakjati,Drone (rice field)
4,Indramayu,15._Gempolsari2,Drone (rice field)
4,Indramayu,15._Gempolsari2,Drone (rice field)
5,Indramayu,10_Gampolsari,Drone (rice field)
4,Indramayu,15._Gempolsari2,Drone (rice field)
4,Indramayu,10_Gampolsari,Drone (rice field)
5,Indramayu,16_Tambakjati,Drone (rice field)
4,Indramayu,10_Gampolsari,Drone (rice field)
4,Indramayu,10_Gampolsari,Drone (rice field)
4,Indramayu,15._Gempolsari2,Drone (rice field)
5,Indramayu,16_Tambakjati,Drone (rice field)
4,Indramayu,10_Gampolsari,Drone (rice field)
4,Indramayu,10_Gampolsari,Drone (rice field)
6,Indramayu,16_Tambakjati,Drone (rice field)
6,Indramayu,16_Tambakjati,Drone (rice field)
4,Indramayu,10_Gampolsari,Drone (rice field)
4,Indramayu,10_Gampolsari,Drone (rice field)
4,Indramayu,10_Gampolsari,Drone (rice field)
6,Indramayu,16_Tambakjati,Drone (rice field)
4,Indramayu,15._Gempolsari2,Drone (rice field)
6,Indramayu,16_Tambakjati,Drone (rice field)
6,Indramayu,16_Tambakjati,Drone (rice field)
5,Indramayu,16_Tambakjati,Drone (rice field)
4,Indramayu,10_Gampolsari,Drone (rice field)
5,Indramayu,16_Tambakjati,Drone (rice field)
6,Indramayu,16_Tambakjati,Drone (rice field)
4,Indramayu,10_Gampolsari,Drone (rice field)
4,Indramayu,10_Gampolsari,Drone (rice field)
4,Indramayu,10. Gampolsari,Drone (rice field)
6,Indramayu,16_Tambakjati,Drone (rice field)
5,Indramayu,16_Tambakjati,Drone (rice field)
6,Indramayu,16_Tambakjati,Drone (rice field)
4,Indramayu,10_Gampolsari,Drone (rice field)
6,Indramayu,16_Tambakjati,Drone (rice field)
6,Indramayu,16_Tambakjati,Drone (rice field)
4,Indramayu,10_Gampolsari,Drone (rice field)
4,Indramayu,10_Gampolsari,Drone (rice field)
1,Indramayu,10. Gampolsari,Drone (rice field)
4,Indramayu,15._Gempolsari2,Drone (rice field)
4,Indramayu,15._Gempolsari2,Drone (rice field)
6,Indramayu,16_Tambakjati,Drone (rice field)
6,Indramayu,16_Tambakjati,Drone (rice field)
5,Indramayu,16_Tambakjati,Drone (rice field)
4,Indramayu,15._Gempolsari2,Drone (rice field)
6,Indramayu,16_Tambakjati,Drone (rice field)
6,Indramayu,16_Tambakjati,Drone (rice field)
4,Indramayu,10_Gampolsari,Drone (rice field)
6,Indramayu,16_Tambakjati,Drone (rice field)
6,Indramayu,16_Tambakjati,Drone (rice field)
4,Indramayu,15._Gempolsari2,Drone (rice field)
5,Indramayu,16_Tambakjati,Drone (rice field)
4,Indramayu,15._Gempolsari2,Drone (rice field)
6,Indramayu,16_Tambakjati,Drone (rice field)
6,Indramayu,16_Tambakjati,Drone (rice field)
4,Indramayu,15._Gempolsari2,Drone (rice field)
5,Indramayu,16_Tambakjati,Drone (rice field)
6,Indramayu,16_Tambakjati,Drone (rice field)
4,Indramayu,10_Gampolsari,Drone (rice field)
5,Indramayu,16_Tambakjati,Drone (rice field)
4,Indramayu,10. Gampolsari,Drone (rice field)
4,Indramayu,15._Gempolsari2,Drone (rice field)
4,Indramayu,15._Gempolsari2,Drone (rice field)
4,Indramayu,15._Gempolsari2,Drone (rice field)
6,Indramayu,16_Tambakjati,Drone (rice field)
6,Indramayu,16_Tambakjati,Drone (rice field)
6,Indramayu,16_Tambakjati,Drone (rice field)
6,Indramayu,16_Tambakjati,Drone (rice field)
6,Indramayu,16_Tambakjati,Drone (rice field)
4,Indramayu,10_Gampolsari,Drone (rice field)
4,Indramayu,10_Gampolsari,Drone (rice field)
6,Indramayu,16_Tambakjati,Drone (rice field)
4,Indramayu,15._Gempolsari2,Drone (rice field)
4,Indramayu,15._Gempolsari2,Drone (rice field)
6,Indramayu,16_Tambakjati,Drone (rice field)
6,Indramayu,16_Tambakjati,Drone (rice field)
6,Indramayu,16_Tambakjati,Drone (rice field)
6,Indramayu,16_Tambakjati,Drone (rice field)
4,Indramayu,10. Gampolsari,Drone (rice field)
6,Indramayu,16_Tambakjati,Drone (rice field)
4,Indramayu,10_Gampolsari,Drone (rice field)
6,Indramayu,16_Tambakjati,Drone (rice field)
6,Indramayu,16_Tambakjati,Drone (rice field)
4,Cirebon,27_Sukamelang2,Drone (rice field)
4,Cirebon,27_Sukamelang2,Drone (rice field)
4,Cirebon,27_Sukamelang2,Drone (rice field)
4,Cirebon,27_Sukamelang2,Drone (rice field)
4,Cirebon,27_Sukamelang2,Drone (rice field)
4,Cirebon,27_Sukamelang2,Drone (rice field)
4,Cirebon,27_Sukamelang2,Drone (rice field)
4,Cirebon,27_Sukamelang2,Drone (rice field)
4,Cirebon,27_Sukamelang2,Drone (rice field)
4,Cirebon,27_Sukamelang2,Drone (rice field)
4,Cirebon,27_Sukamelang2,Drone (rice field)
4,Cirebon,27_Sukamelang2,Drone (rice field)
4,Cirebon,27_Sukamelang2,Drone (rice field)
4,Cirebon,27_Sukamelang2,Drone (rice field)
4,Cirebon,27_Sukamelang2,Drone (rice field)
4,Cirebon,27_Sukamelang2,Drone (rice field)
4,Cirebon,27_Sukamelang2,Drone (rice field)
4,Cirebon,27_Sukamelang2,Drone (rice field)
4,Cirebon,27_Sukamelang2,Drone (rice field)
4,Cirebon,27_Sukamelang2,Drone (rice field)
4,Cirebon,27_Sukamelang2,Drone (rice field)
4,Cirebon,27_Sukamelang2,Drone (rice field)
4,Cirebon,27_Sukamelang2,Drone (rice field)
4,Cirebon,27_Sukamelang2,Drone (rice field)
4,Cirebon,27_Sukamelang2,Drone (rice field)
4,Cirebon,27_Sukamelang2,Drone (rice field)
4,Cirebon,27_Sukamelang2,Drone (rice field)
4,Cirebon,27_Sukamelang2,Drone (rice field)
4,Cirebon,27_Sukamelang2,Drone (rice field)
4,Cirebon,27_Sukamelang2,Drone (rice field)
4,Cirebon,27_Sukamelang2,Drone (rice field)
4,Cirebon,27_Sukamelang2,Drone (rice field)
4,Cirebon,27_Sukamelang2,Drone (rice field)
4,Cirebon,27_Sukamelang2,Drone (rice field)
4,Cirebon,27_Sukamelang2,Drone (rice field)
4,Cirebon,27_Sukamelang2,Drone (rice field)
4,Cirebon,27_Sukamelang2,Drone (rice field)
4,Cirebon,27_Sukamelang2,Drone (rice field)
4,Cirebon,27_Sukamelang2,Drone (rice field)
4,Cirebon,27_Sukamelang2,Drone (rice field)
4,Cirebon,27_Sukamelang2,Drone (rice field)
4,Cirebon,27_Sukamelang2,Drone (rice field)
4,Cirebon,27_Sukamelang2,Drone (rice field)
4,Cirebon,27_Sukamelang2,Drone (rice field)
4,Cirebon,27_Sukamelang2,Drone (rice field)
4,Cirebon,27_Sukamelang2,Drone (rice field)
2,Cirebon,15 Kroya,Drone (rice field)
2,Cirebon,15 Kroya,Drone (rice field)
2,Cirebon,15 Kroya,Drone (rice field)
2,Cirebon,15_Kroya,Drone (rice field)
2,Cirebon,15_Kroya,Drone (rice field)
2,Cirebon,15_Kroya,Drone (rice field)
2,Cirebon,15_Kroya,Drone (rice field)
2,Cirebon,15_Kroya,Drone (rice field)
2,Cirebon,15_Kroya,Drone (rice field)
2,Cirebon,15_Kroya,Drone (rice field)
2,Cirebon,15_Kroya,Drone (rice field)
2,Cirebon,15_Kroya,Drone (rice field)
2,Cirebon,15_Kroya,Drone (rice field)
2,Cirebon,15_Kroya,Drone (rice field)
2,Cirebon,15_Kroya,Drone (rice field)
2,Cirebon,15_Kroya,Drone (rice field)
2,Cirebon,15_Kroya,Drone (rice field)
2,Cirebon,15_Kroya,Drone (rice field)
3,Cirebon,15 Kroya,Drone (rice field)
2,Cirebon,15_Kroya,Drone (rice field)
2,Cirebon,15_Kroya,Drone (rice field)
2,Cirebon,15_Kroya,Drone (rice field)
2,Cirebon,15_Kroya,Drone (rice field)
2,Cirebon,15_Kroya,Drone (rice field)
2,Cirebon,15_Kroya,Drone (rice field)
2,Cirebon,15_Kroya,Drone (rice field)
2,Cirebon,15 Kroya,Drone (rice field)
2,Cirebon,15_Kroya,Drone (rice field)
2,Cirebon,15_Kroya,Drone (rice field)
2,Cirebon,15_Kroya,Drone (rice field)
2,Cirebon,15_Kroya,Drone (rice field)
3,Cirebon,15 Kroya,Drone (rice field)
2,Cirebon,15 Kroya,Drone (rice field)
2,Cirebon,15_Kroya,Drone (rice field)
2,Cirebon,15_Kroya,Drone (rice field)
2,Cirebon,15_Kroya,Drone (rice field)
2,Cirebon,15_Kroya,Drone (rice field)
2,Cirebon,15_Kroya,Drone (rice field)
2,Cirebon,15_Kroya,Drone (rice field)
2,Cirebon,15_Kroya,Drone (rice field)
2,Cirebon,15_Kroya,Drone (rice field)
2,Cirebon,15_Kroya,Drone (rice field)
2,Cirebon,15_Kroya,Drone (rice field)
6,Cirebon,15_Kroya,Drone (rice field)
2,Cirebon,15_Kroya,Drone (rice field)
2,Cirebon,15_Kroya,Drone (rice field)
2,Cirebon,15_Kroya,Drone (rice field)
2,Cirebon,15_Kroya,Drone (rice field)
2,Cirebon,15_Kroya,Drone (rice field)
2,Cirebon,15_Kroya,Drone (rice field)
2,Cirebon,15_Kroya,Drone (rice field)
2,Cirebon,15_Kroya,Drone (rice field)
3,Cirebon,15_Kroya,Drone (rice field)
2,Cirebon,15_Kroya,Drone (rice field)
2,Cirebon,15_Kroya,Drone (rice field)
2,Cirebon,15_Kroya,Drone (rice field)
2,Cirebon,15_Kroya,Drone (rice field)
2,Cirebon,15_Kroya,Drone (rice field)
2,Cirebon,15_Kroya,Drone (rice field)
2,Cirebon,15_Kroya,Drone (rice field)
2,Cirebon,15_Kroya,Drone (rice field)
2,Cirebon,15_Kroya,Drone (rice field)
2,Cirebon,15_Kroya,Drone (rice field)
2,Cirebon,15_Kroya,Drone (rice field)
6,Cirebon,27_Sukamelang2,Drone (rice field)
6,Cirebon,27_Sukamelang2,Drone (rice field)
6,Cirebon,27_Sukamelang2,Drone (rice field)
6,Cirebon,27_Sukamelang2,Drone (rice field)
6,Cirebon,27_Sukamelang2,Drone (rice field)
4,Cirebon,26_Sukamelang1,Drone (rice field)
6,Cirebon,27_Sukamelang2,Drone (rice field)
3,Cirebon,27_Sukamelang2,Drone (rice field)
6,Cirebon,27_Sukamelang2,Drone (rice field)
6,Cirebon,27_Sukamelang2,Drone (rice field)
4,Cirebon,26_Sukamelang1,Drone (rice field)
4,Cirebon,26_Sukamelang1,Drone (rice field)
6,Cirebon,27_Sukamelang2,Drone (rice field)
6,Cirebon,27_Sukamelang2,Drone (rice field)
4,Cirebon,26_Sukamelang1,Drone (rice field)
3,Cirebon,27_Sukamelang2,Drone (rice field)
4,Cirebon,26_Sukamelang1,Drone (rice field)
6,Cirebon,27_Sukamelang2,Drone (rice field)
6,Cirebon,27_Sukamelang2,Drone (rice field)
4,Cirebon,26_Sukamelang1,Drone (rice field)
3,Cirebon,27_Sukamelang2,Drone (rice field)
4,Cirebon,26_Sukamelang1,Drone (rice field)
6,Cirebon,27_Sukamelang2,Drone (rice field)
4,Cirebon,26_Sukamelang1,Drone (rice field)
4,Cirebon,26_Sukamelang1,Drone (rice field)
4,Cirebon,26_Sukamelang1,Drone (rice field)
4,Cirebon,26_Sukamelang1,Drone (rice field)
4,Cirebon,26_Sukamelang1,Drone (rice field)
4,Cirebon,26_Sukamelang1,Drone (rice field)
4,Cirebon,26_Sukamelang1,Drone (rice field)
6,Cirebon,27_Sukamelang2,Drone (rice field)
6,Cirebon,27_Sukamelang2,Drone (rice field)
4,Cirebon,27_Sukamelang2,Drone (rice field)
3,Cirebon,27_Sukamelang2,Drone (rice field)
4,Cirebon,26_Sukamelang1,Drone (rice field)
5,Cirebon,26_Sukamelang1,Drone (rice field)
6,Cirebon,27_Sukamelang2,Drone (rice field)
6,Cirebon,27_Sukamelang2,Drone (rice field)
4,Cirebon,26_Sukamelang1,Drone (rice field)
6,Cirebon,27_Sukamelang2,Drone (rice field)
4,Cirebon,26_Sukamelang1,Drone (rice field)
4,Cirebon,26_Sukamelang1,Drone (rice field)
4,Cirebon,26_Sukamelang1,Drone (rice field)
4,Cirebon,26_Sukamelang1,Drone (rice field)
4,Cirebon,26_Sukamelang1,Drone (rice field)
4,Cirebon,26_Sukamelang1,Drone (rice field)
4,Cirebon,26_Sukamelang1,Drone (rice field)
4,Cirebon,26_Sukamelang1,Drone (rice field)
4,Cirebon,26_Sukamelang1,Drone (rice field)
4,Cirebon,27_Sukamelang2,Drone (rice field)
4,Cirebon,26_Sukamelang1,Drone (rice field)
4,Cirebon,26_Sukamelang1,Drone (rice field)
3,Cirebon,27_Sukamelang2,Drone (rice field)
4,Cirebon,26_Sukamelang1,Drone (rice field)
4,Cirebon,26_Sukamelang1,Drone (rice field)
4,Cirebon,26_Sukamelang1,Drone (rice field)
4,Cirebon,26_Sukamelang1,Drone (rice field)
6,Cirebon,27_Sukamelang2,Drone (rice field)
4,Cirebon,26_Sukamelang1,Drone (rice field)
4,Cirebon,26_Sukamelang1,Drone (rice field)
4,Cirebon,26_Sukamelang1,Drone (rice field)
4,Cirebon,26_Sukamelang1,Drone (rice field)
4,Cirebon,26_Sukamelang1,Drone (rice field)
4,Cirebon,26_Sukamelang1,Drone (rice field)
6,Cirebon,27_Sukamelang2,Drone (rice field)
3,Cirebon,27_Sukamelang2,Drone (rice field)
4,Cirebon,26_Sukamelang1,Drone (rice field)
4,Cirebon,26_Sukamelang1,Drone (rice field)
3,Cirebon,27_Sukamelang2,Drone (rice field)
4,Cirebon,26_Sukamelang1,Drone (rice field)
4,Cirebon,27_Sukamelang2,Drone (rice field)
4,Cirebon,26_Sukamelang1,Drone (rice field)
6,Cirebon,27_Sukamelang2,Drone (rice field)
4,Cirebon,26_Sukamelang1,Drone (rice field)
3,Cirebon,27_Sukamelang2,Drone (rice field)
4,Cirebon,26_Sukamelang1,Drone (rice field)
4,Cirebon,27_Sukamelang2,Drone (rice field)
4,Cirebon,26_Sukamelang1,Drone (rice field)
4,Cirebon,26_Sukamelang1,Drone (rice field)
4,Cirebon,27_Sukamelang2,Drone (rice field)
3,Cirebon,27_Sukamelang2,Drone (rice field)
4,Cirebon,26_Sukamelang1,Drone (rice field)
4,Cirebon,26_Sukamelang1,Drone (rice field)
4,Cirebon,26_Sukamelang1,Drone (rice field)
4,Cirebon,26_Sukamelang1,Drone (rice field)
4,Cirebon,26_Sukamelang1,Drone (rice field)
4,Cirebon,26_Sukamelang1,Drone (rice field)
3,Cirebon,27_Sukamelang2,Drone (rice field)
4,Cirebon,26_Sukamelang1,Drone (rice field)
5,Cirebon,26_Sukamelang1,Drone (rice field)
4,Cirebon,26_Sukamelang1,Drone (rice field)
4,Cirebon,26_Sukamelang1,Drone (rice field)
4,Cirebon,26_Sukamelang1,Drone (rice field)
4,Cirebon,27_Sukamelang2,Drone (rice field)
4,Cirebon,26_Sukamelang1,Drone (rice field)
4,Cirebon,26_Sukamelang1,Drone (rice field)
6,Cirebon,27_Sukamelang2,Drone (rice field)
4,Cirebon,26_Sukamelang1,Drone (rice field)
4,Cirebon,26_Sukamelang1,Drone (rice field)
4,Cirebon,26_Sukamelang1,Drone (rice field)
4,Cirebon,26_Sukamelang1,Drone (rice field)
4,Cirebon,26_Sukamelang1,Drone (rice field)
3,Cirebon,27_Sukamelang2,Drone (rice field)
4,Cirebon,26_Sukamelang1,Drone (rice field)
4,Cirebon,26_Sukamelang1,Drone (rice field)
4,Cirebon,26_Sukamelang1,Drone (rice field)
4,Cirebon,27_Sukamelang2,Drone (rice field)
4,Cirebon,26_Sukamelang1,Drone (rice field)
4,Cirebon,27_Sukamelang2,Drone (rice field)
4,Cirebon,26_Sukamelang1,Drone (rice field)
6,Cirebon,27_Sukamelang2,Drone (rice field)
3,Cirebon,20_Kroya1,Drone (rice field)
4,Cirebon,20_Kroya1,Drone (rice field)
3,Cirebon,20_Kroya1,Drone (rice field)
4,Cirebon,20_Kroya1,Drone (rice field)
3,Cirebon,20_Kroya1,Drone (rice field)
4,Cirebon,20_Kroya1,Drone (rice field)
3,Cirebon,20_Kroya1,Drone (rice field)
4,Cirebon,20_Kroya1,Drone (rice field)
3,Cirebon,20_Kroya1,Drone (rice field)
3,Cirebon,20_Kroya1,Drone (rice field)
3,Cirebon,20_Kroya1,Drone (rice field)
4,Cirebon,20_Kroya1,Drone (rice field)
3,Cirebon,20_Kroya1,Drone (rice field)
4,Cirebon,20_Kroya1,Drone (rice field)
4,Cirebon,20 Kroya1,Drone (rice field)
4,Cirebon,20_Kroya1,Drone (rice field)
4,Cirebon,20_Kroya1,Drone (rice field)
3,Cirebon,20_Kroya1,Drone (rice field)
4,Cirebon,20_Kroya1,Drone (rice field)
4,Cirebon,20_Kroya1,Drone (rice field)
4,Cirebon,20_Kroya1,Drone (rice field)
4,Cirebon,20_Kroya1,Drone (rice field)
3,Cirebon,20_Kroya1,Drone (rice field)
4,Cirebon,20_Kroya1,Drone (rice field)
4,Cirebon,20_Kroya1,Drone (rice field)
4,Cirebon,20_Kroya1,Drone (rice field)
4,Cirebon,20 Kroya1,Drone (rice field)
4,Cirebon,20_Kroya1,Drone (rice field)
4,Cirebon,20_Kroya1,Drone (rice field)
4,Cirebon,20_Kroya1,Drone (rice field)
4,Cirebon,20_Kroya1,Drone (rice field)
4,Cirebon,20_Kroya1,Drone (rice field)
4,Cirebon,20_Kroya1,Drone (rice field)
4,Cirebon,20_Kroya1,Drone (rice field)
4,Cirebon,20_Kroya1,Drone (rice field)
4,Cirebon,20_Kroya1,Drone (rice field)
3,Cirebon,20_Kroya1,Drone (rice field)
4,Cirebon,20_Kroya1,Drone (rice field)
4,Cirebon,20_Kroya1,Drone (rice field)
4,Cirebon,20_Kroya1,Drone (rice field)
4,Cirebon,20_Kroya1,Drone (rice field)
4,Cirebon,20_Kroya1,Drone (rice field)
4,Cirebon,20_Kroya1,Drone (rice field)
3,Cirebon,20_Kroya1,Drone (rice field)
4,Cirebon,20_Kroya1,Drone (rice field)
3,Cirebon,20_Kroya1,Drone (rice field)
4,Cirebon,20_Kroya1,Drone (rice field)
4,Cirebon,20_Kroya1,Drone (rice field)
4,Cirebon,20_Kroya1,Drone (rice field)
4,Cirebon,20_Kroya1,Drone (rice field)
4,Cirebon,20_Kroya1,Drone (rice field)
3,Cirebon,20 Kroya1,Drone (rice field)
4,Cirebon,20_Kroya1,Drone (rice field)
4,Cirebon,20_Kroya1,Drone (rice field)
4,Cirebon,20_Kroya1,Drone (rice field)
4,Cirebon,20_Kroya1,Drone (rice field)
4,Cirebon,20_Kroya1,Drone (rice field)
4,Cirebon,20_Kroya1,Drone (rice field)
4,Cirebon,20_Kroya1,Drone (rice field)
4,Cirebon,20_Kroya1,Drone (rice field)
4,Cirebon,20_Kroya1,Drone (rice field)
4,Cirebon,20_Kroya1,Drone (rice field)
3,Cirebon,20_Kroya1,Drone (rice field)
3,Cirebon,20 Kroya1,Drone (rice field)
3,Cirebon,20_Kroya1,Drone (rice field)
4,Cirebon,20_Kroya1,Drone (rice field)
4,Cirebon,20_Kroya1,Drone (rice field)
4,Cirebon,20_Kroya1,Drone (rice field)
4,Cirebon,20_Kroya1,Drone (rice field)
4,Cirebon,20_Kroya1,Drone (rice field)
4,Cirebon,20_Kroya1,Drone (rice field)
4,Cirebon,20_Kroya1,Drone (rice field)
4,Cirebon,20_Kroya1,Drone (rice field)
4,Cirebon,20_Kroya1,Drone (rice field)
4,Cirebon,20_Kroya1,Drone (rice field)
4,Cirebon,20_Kroya1,Drone (rice field)
4,Cirebon,20_Kroya1,Drone (rice field)
4,Cirebon,20_Kroya1,Drone (rice field)
3,Cirebon,20_Kroya1,Drone (rice field)
4,Cirebon,20_Kroya1,Drone (rice field)
4,Cirebon,20_Kroya1,Drone (rice field)
4,Cirebon,20_Kroya1,Drone (rice field)
4,Cirebon,20_Kroya1,Drone (rice field)
3,Cirebon,20_Kroya1,Drone (rice field)
4,Cirebon,20_Kroya1,Drone (rice field)
4,Cirebon,20_Kroya1,Drone (rice field)
4,Cirebon,20_Kroya1,Drone (rice field)
5,Cirebon,23_Kroya,Drone (rice field)
6,Cirebon,23_Kroya,Drone (rice field)
6,Cirebon,23_Kroya,Drone (rice field)
6,Cirebon,23_Kroya,Drone (rice field)
6,Cirebon,23_Kroya,Drone (rice field)
6,Cirebon,23_Kroya,Drone (rice field)
6,Cirebon,23_Kroya,Drone (rice field)
6,Cirebon,23_Kroya,Drone (rice field)
6,Cirebon,23_Kroya,Drone (rice field)
6,Cirebon,23_Kroya,Drone (rice field)
6,Cirebon,23_Kroya,Drone (rice field)
6,Cirebon,23_Kroya,Drone (rice field)
6,Cirebon,23_Kroya,Drone (rice field)
6,Cirebon,23_Kroya,Drone (rice field)
6,Cirebon,23_Kroya,Drone (rice field)
5,Cirebon,23_Kroya,Drone (rice field)
5,Cirebon,23_Kroya,Drone (rice field)
6,Cirebon,23_Kroya,Drone (rice field)
6,Cirebon,23_Kroya,Drone (rice field)
6,Cirebon,23_Kroya,Drone (rice field)
6,Cirebon,23_Kroya,Drone (rice field)
6,Cirebon,23_Kroya,Drone (rice field)
6,Cirebon,23_Kroya,Drone (rice field)
6,Cirebon,23_Kroya,Drone (rice field)
6,Cirebon,23_Kroya,Drone (rice field)
6,Cirebon,23_Kroya,Drone (rice field)
6,Cirebon,23_Kroya,Drone (rice field)
6,Cirebon,23_Kroya,Drone (rice field)
6,Cirebon,23_Kroya,Drone (rice field)
5,Cirebon,23_Kroya,Drone (rice field)
6,Cirebon,23_Kroya,Drone (rice field)
6,Cirebon,23_Kroya,Drone (rice field)
6,Cirebon,23_Kroya,Drone (rice field)
6,Cirebon,23_Kroya,Drone (rice field)
6,Cirebon,23_Kroya,Drone (rice field)
6,Cirebon,23_Kroya,Drone (rice field)
6,Cirebon,23_Kroya,Drone (rice field)
6,Cirebon,23_Kroya,Drone (rice field)
6,Cirebon,23_Kroya,Drone (rice field)
6,Cirebon,23_Kroya,Drone (rice field)
6,Cirebon,23_Kroya,Drone (rice field)
6,Cirebon,23_Kroya,Drone (rice field)
6,Cirebon,23_Kroya,Drone (rice field)
6,Cirebon,23_Kroya,Drone (rice field)
6,Cirebon,23_Kroya,Drone (rice field)
6,Cirebon,23_Kroya,Drone (rice field)
6,Cirebon,23_Kroya,Drone (rice field)
6,Cirebon,23_Kroya,Drone (rice field)
6,Cirebon,23_Kroya,Drone (rice field)
6,Cirebon,23_Kroya,Drone (rice field)
6,Cirebon,23_Kroya,Drone (rice field)
6,Cirebon,23_Kroya,Drone (rice field)
6,Cirebon,23_Kroya,Drone (rice field)
6,Cirebon,23_Kroya,Drone (rice field)
6,Cirebon,23_Kroya,Drone (rice field)
6,Cirebon,23_Kroya,Drone (rice field)
6,Cirebon,23_Kroya,Drone (rice field)
5,Cirebon,23_Kroya,Drone (rice field)
6,Cirebon,23_Kroya,Drone (rice field)
6,Cirebon,23_Kroya,Drone (rice field)
6,Cirebon,23_Kroya,Drone (rice field)
6,Cirebon,23_Kroya,Drone (rice field)
5,Cirebon,23_Kroya,Drone (rice field)
6,Cirebon,23_Kroya,Drone (rice field)
6,Cirebon,23_Kroya,Drone (rice field)
6,Cirebon,23_Kroya,Drone (rice field)
6,Cirebon,23_Kroya,Drone (rice field)
6,Cirebon,23_Kroya,Drone (rice field)
5,Cirebon,23_Kroya,Drone (rice field)
6,Cirebon,23_Kroya,Drone (rice field)
6,Cirebon,23_Kroya,Drone (rice field)
6,Cirebon,23_Kroya,Drone (rice field)
6,Cirebon,23_Kroya,Drone (rice field)
6,Cirebon,23_Kroya,Drone (rice field)
6,Cirebon,23_Kroya,Drone (rice field)
6,Cirebon,23_Kroya,Drone (rice field)
6,Cirebon,23_Kroya,Drone (rice field)
5,Cirebon,23_Kroya,Drone (rice field)
5,Cirebon,23_Kroya,Drone (rice field)
6,Cirebon,23_Kroya,Drone (rice field)
6,Cirebon,23_Kroya,Drone (rice field)
5,Cirebon,23_Kroya,Drone (rice field)
6,Cirebon,23_Kroya,Drone (rice field)
6,Cirebon,23_Kroya,Drone (rice field)
6,Cirebon,23_Kroya,Drone (rice field)
6,Cirebon,23_Kroya,Drone (rice field)
6,Cirebon,23_Kroya,Drone (rice field)
6,Cirebon,23_Kroya,Drone (rice field)
6,Cirebon,23_Kroya,Drone (rice field)
6,Cirebon,23_Kroya,Drone (rice field)
6,Cirebon,23_Kroya,Drone (rice field)
2,Indramayu,,Drone (50x50)
3,Indramayu,,Drone (rice field)
4,Indramayu,,Drone (rice field)
3,Indramayu,,Drone (rice field)
3,Indramayu,,Drone (rice field)
4,Indramayu,,Drone (rice field)
3,Indramayu,,Drone (rice field)
6,Indramayu,11_Mulyasari,Drone (rice field)
6,Indramayu,11_Mulyasari,Drone (rice field)
5,Indramayu,11_Mulyasari,Drone (rice field)
6,Indramayu,11_Mulyasari,Drone (rice field)
6,Indramayu,11_Mulyasari,Drone (rice field)
6,Indramayu,11_Mulyasari,Drone (rice field)
6,Indramayu,11_Mulyasari,Drone (rice field)
6,Indramayu,11_Mulyasari,Drone (rice field)
6,Indramayu,11_Mulyasari,Drone (rice field)
5,Indramayu,11_Mulyasari,Drone (rice field)
6,Indramayu,11_Mulyasari,Drone (rice field)
5,Indramayu,11_Mulyasari,Drone (rice field)
6,Indramayu,11_Mulyasari,Drone (rice field)
5,Indramayu,11. Mulyasari,Drone (rice field)
6,Indramayu,11_Mulyasari,Drone (rice field)
6,Indramayu,11_Mulyasari,Drone (rice field)
6,Indramayu,11_Mulyasari,Drone (rice field)
6,Indramayu,11_Mulyasari,Drone (rice field)
6,Indramayu,11_Mulyasari,Drone (rice field)
6,Indramayu,11. Mulyasari,Drone (rice field)
6,Indramayu,11_Mulyasari,Drone (rice field)
6,Indramayu,11. Mulyasari,Drone (rice field)
6,Indramayu,11_Mulyasari,Drone (rice field)
6,Indramayu,11_Mulyasari,Drone (rice field)
6,Indramayu,11_Mulyasari,Drone (rice field)
6,Indramayu,11_Mulyasari,Drone (rice field)
6,Indramayu,11_Mulyasari,Drone (rice field)
5,Indramayu,11_Mulyasari,Drone (rice field)
6,Indramayu,11_Mulyasari,Drone (rice field)
6,Indramayu,11_Mulyasari,Drone (rice field)
5,Indramayu,11_Mulyasari,Drone (rice field)
6,Indramayu,11_Mulyasari,Drone (rice field)
6,Indramayu,11_Mulyasari,Drone (rice field)
6,Indramayu,11_Mulyasari,Drone (rice field)
6,Indramayu,11_Mulyasari,Drone (rice field)
6,Indramayu,11_Mulyasari,Drone (rice field)
6,Indramayu,11_Mulyasari,Drone (rice field)
6,Indramayu,11_Mulyasari,Drone (rice field)
6,Indramayu,11_Mulyasari,Drone (rice field)
6,Indramayu,11_Mulyasari,Drone (rice field)
6,Indramayu,11_Mulyasari,Drone (rice field)
6,Indramayu,11_Mulyasari,Drone (rice field)
6,Indramayu,11_Mulyasari,Drone (rice field)
6,Indramayu,11_Mulyasari,Drone (rice field)
6,Indramayu,11_Mulyasari,Drone (rice field)
6,Indramayu,11_Mulyasari,Drone (rice field)
6,Indramayu,11_Mulyasari,Drone (rice field)
6,Indramayu,11_Mulyasari,Drone (rice field)
6,Indramayu,11_Mulyasari,Drone (rice field)
6,Indramayu,11_Mulyasari,Drone (rice field)
6,Indramayu,11_Mulyasari,Drone (rice field)
6,Indramayu,11_Mulyasari,Drone (rice field)
6,Indramayu,11. Mulyasari,Drone (rice field)
6,Indramayu,11_Mulyasari,Drone (rice field)
5,Indramayu,11_Mulyasari,Drone (rice field)
6,Indramayu,11_Mulyasari,Drone (rice field)
6,Indramayu,11_Mulyasari,Drone (rice field)
6,Indramayu,11_Mulyasari,Drone (rice field)
6,Indramayu,11_Mulyasari,Drone (rice field)
6,Indramayu,11_Mulyasari,Drone (rice field)
6,Indramayu,11. Mulyasari,Drone (rice field)
5,Indramayu,11_Mulyasari,Drone (rice field)
6,Indramayu,11_Mulyasari,Drone (rice field)
5,Indramayu,11_Mulyasari,Drone (rice field)
6,Indramayu,11_Mulyasari,Drone (rice field)
6,Indramayu,11_Mulyasari,Drone (rice field)
6,Indramayu,11_Mulyasari,Drone (rice field)
6,Indramayu,11_Mulyasari,Drone (rice field)
6,Indramayu,11_Mulyasari,Drone (rice field)
6,Indramayu,11_Mulyasari,Drone (rice field)
6,Indramayu,11. Mulyasari,Drone (rice field)
6,Indramayu,11_Mulyasari,Drone (rice field)
6,Indramayu,11_Mulyasari,Drone (rice field)
6,Indramayu,11. Mulyasari,Drone (rice field)
6,Indramayu,11_Mulyasari,Drone (rice field)
6,Indramayu,11_Mulyasari,Drone (rice field)
6,Indramayu,11. Mulyasari,Drone (rice field)
6,Indramayu,11_Mulyasari,Drone (rice field)
6,Indramayu,11_Mulyasari,Drone (rice field)
6,Brebes_Tegal,Maos,Drone (rice field)
6,Brebes_Tegal,Maos,Drone (rice field)
6,Brebes_Tegal,Maos,Drone (rice field)
5,Brebes_Tegal,Maos,Drone (rice field)
5,Brebes_Tegal,Maos,Drone (rice field)
6,Brebes_Tegal,Maos,Drone (rice field)
5,Brebes_Tegal,Maos,Drone (rice field)
5,Brebes_Tegal,Maos,Drone (rice field)
6,Brebes_Tegal,Maos Kidul,Drone (rice field)
5,Brebes_Tegal,Maos,Drone (rice field)
5,Brebes_Tegal,Maos,Drone (rice field)
5,Brebes_Tegal,Maos Kidul,Drone (rice field)
5,Brebes_Tegal,Maos,Drone (rice field)
6,Brebes_Tegal,Maos,Drone (rice field)
5,Brebes_Tegal,Maos,Drone (rice field)
6,Brebes_Tegal,Maos,Drone (rice field)
5,Brebes_Tegal,Maos,Drone (rice field)
5,Brebes_Tegal,Maos,Drone (rice field)
6,Brebes_Tegal,Maos,Drone (rice field)
5,Brebes_Tegal,Maos,Drone (rice field)
6,Brebes_Tegal,Maos,Drone (rice field)
5,Brebes_Tegal,Maos,Drone (rice field)
5,Brebes_Tegal,Maos,Drone (rice field)
6,Brebes_Tegal,Maos,Drone (rice field)
6,Brebes_Tegal,Maos,Drone (rice field)
6,Brebes_Tegal,Maos,Drone (rice field)
5,Brebes_Tegal,Maos,Drone (rice field)
6,Brebes_Tegal,Maos,Drone (rice field)
5,Brebes_Tegal,Maos,Drone (rice field)
5,Brebes_Tegal,Maos,Drone (rice field)
5,Brebes_Tegal,Maos,Drone (rice field)
6,Brebes_Tegal,Maos,Drone (rice field)
6,Brebes_Tegal,Maos,Drone (rice field)
5,Brebes_Tegal,Maos,Drone (rice field)
5,Brebes_Tegal,Maos,Drone (rice field)
5,Brebes_Tegal,Maos,Drone (rice field)
6,Brebes_Tegal,Maos,Drone (rice field)
5,Brebes_Tegal,Maos,Drone (rice field)
6,Brebes_Tegal,Maos,Drone (rice field)
6,Brebes_Tegal,Maos,Drone (rice field)
5,Brebes_Tegal,Maos,Drone (rice field)
6,Brebes_Tegal,Maos,Drone (rice field)
5,Brebes_Tegal,Maos,Drone (rice field)
6,Brebes_Tegal,Maos,Drone (rice field)
6,Brebes_Tegal,Maos,Drone (rice field)
5,Brebes_Tegal,Maos,Drone (rice field)
5,Brebes_Tegal,Maos,Drone (rice field)
6,Brebes_Tegal,Maos,Drone (rice field)
2,Brebes_Tegal,Maos,Drone (rice field)
5,Brebes_Tegal,Maos,Drone (rice field)
6,Brebes_Tegal,Maos,Drone (rice field)
5,Brebes_Tegal,Maos,Drone (rice field)
6,Brebes_Tegal,Maos,Drone (rice field)
6,Brebes_Tegal,Maos,Drone (rice field)
5,Brebes_Tegal,Maos,Drone (rice field)
5,Brebes_Tegal,15_tegal01_dukuhwaru,Drone (rice field)
4,Brebes_Tegal,15_tegal01_dukuhwaru,Drone (rice field)
5,Brebes_Tegal,15_tegal01_dukuhwaru,Drone (rice field)
5,Brebes_Tegal,15_tegal01_dukuhwaru,Drone (rice field)
5,Brebes_Tegal,15_tegal01_dukuhwaru,Drone (rice field)
4,Brebes_Tegal,15_tegal01_dukuhwaru,Drone (rice field)
5,Brebes_Tegal,15_tegal01_dukuhwaru,Drone (rice field)
5,Brebes_Tegal,15_tegal01_dukuhwaru,Drone (rice field)
5,Brebes_Tegal,15_tegal01_dukuhwaru,Drone (rice field)
5,Brebes_Tegal,15_tegal01_dukuhwaru,Drone (rice field)
5,Brebes_Tegal,15_tegal01_dukuhwaru,Drone (rice field)
5,Brebes_Tegal,15_tegal01_dukuhwaru,Drone (rice field)
5,Brebes_Tegal,15_tegal01_dukuhwaru,Drone (rice field)
6,Brebes_Tegal,15_tegal01_dukuhwaru,Drone (rice field)
5,Brebes_Tegal,15_tegal01_dukuhwaru,Drone (rice field)
5,Brebes_Tegal,15_tegal01_dukuhwaru,Drone (rice field)
5,Brebes_Tegal,15_tegal01_dukuhwaru,Drone (rice field)
5,Brebes_Tegal,15_tegal01_dukuhwaru,Drone (rice field)
5,Brebes_Tegal,15_tegal01_dukuhwaru,Drone (rice field)
5,Brebes_Tegal,15_tegal01_dukuhwaru,Drone (rice field)
5,Brebes_Tegal,15_tegal01_dukuhwaru,Drone (rice field)
4,Brebes_Tegal,15_tegal01_dukuhwaru,Drone (rice field)
5,Brebes_Tegal,15_tegal01_dukuhwaru,Drone (rice field)
5,Brebes_Tegal,15_tegal01_dukuhwaru,Drone (rice field)
5,Brebes_Tegal,15_tegal01_dukuhwaru,Drone (rice field)
5,Brebes_Tegal,15_tegal01_dukuhwaru,Drone (rice field)
5,Brebes_Tegal,15_tegal01_dukuhwaru,Drone (rice field)
5,Brebes_Tegal,15_tegal01_dukuhwaru,Drone (rice field)
5,Brebes_Tegal,15_tegal01_dukuhwaru,Drone (rice field)
5,Brebes_Tegal,15_tegal01_dukuhwaru,Drone (rice field)
4,Brebes_Tegal,15_tegal01_dukuhwaru,Drone (rice field)
4,Brebes_Tegal,15_tegal01_dukuhwaru,Drone (rice field)
5,Brebes_Tegal,15_tegal01_dukuhwaru,Drone (rice field)
4,Brebes_Tegal,15_tegal01_dukuhwaru,Drone (rice field)
5,Brebes_Tegal,15_tegal01_dukuhwaru,Drone (rice field)
5,Brebes_Tegal,15_tegal01_dukuhwaru,Drone (rice field)
5,Brebes_Tegal,15_tegal01_dukuhwaru,Drone (rice field)
4,Brebes_Tegal,15_tegal01_dukuhwaru,Drone (rice field)
5,Brebes_Tegal,15_tegal01_dukuhwaru,Drone (rice field)
5,Brebes_Tegal,15_tegal01_dukuhwaru,Drone (rice field)
5,Brebes_Tegal,15_tegal01_dukuhwaru,Drone (rice field)
4,Brebes_Tegal,15_tegal01_dukuhwaru,Drone (rice field)
5,Brebes_Tegal,15_tegal01_dukuhwaru,Drone (rice field)
5,Brebes_Tegal,15_tegal01_dukuhwaru,Drone (rice field)
4,Brebes_Tegal,15_tegal01_dukuhwaru,Drone (rice field)
5,Brebes_Tegal,15_tegal01_dukuhwaru,Drone (rice field)
5,Brebes_Tegal,15_tegal01_dukuhwaru,Drone (rice field)
5,Brebes_Tegal,15_tegal01_dukuhwaru,Drone (rice field)
5,Brebes_Tegal,15_tegal01_dukuhwaru,Drone (rice field)
4,Brebes_Tegal,15_tegal01_dukuhwaru,Drone (rice field)
5,Brebes_Tegal,15_tegal01_dukuhwaru,Drone (rice field)
4,Brebes_Tegal,15_tegal01_dukuhwaru,Drone (rice field)
5,Brebes_Tegal,15_tegal01_dukuhwaru,Drone (rice field)
5,Brebes_Tegal,15_tegal01_dukuhwaru,Drone (rice field)
6,Brebes_Tegal,15_tegal01_dukuhwaru,Drone (rice field)
5,Brebes_Tegal,15_tegal01_dukuhwaru,Drone (rice field)
5,Brebes_Tegal,15_tegal01_dukuhwaru,Drone (rice field)
5,Brebes_Tegal,15_tegal01_dukuhwaru,Drone (rice field)
5,Brebes_Tegal,15_tegal01_dukuhwaru,Drone (rice field)
5,Brebes_Tegal,15_tegal01_dukuhwaru,Drone (rice field)
5,Brebes_Tegal,15_tegal01_dukuhwaru,Drone (rice field)
4,Brebes_Tegal,15_tegal01_dukuhwaru,Drone (rice field)
5,Brebes_Tegal,15_tegal01_dukuhwaru,Drone (rice field)
5,Brebes_Tegal,15_tegal01_dukuhwaru,Drone (rice field)
4,Brebes_Tegal,15_tegal01_dukuhwaru,Drone (rice field)
5,Brebes_Tegal,15_tegal01_dukuhwaru,Drone (rice field)
5,Brebes_Tegal,15_tegal01_dukuhwaru,Drone (rice field)
4,Brebes_Tegal,15_tegal01_dukuhwaru,Drone (rice field)
5,Brebes_Tegal,15_tegal01_dukuhwaru,Drone (rice field)
5,Brebes_Tegal,15_tegal01_dukuhwaru,Drone (rice field)
5,Brebes_Tegal,15_tegal01_dukuhwaru,Drone (rice field)
5,Brebes_Tegal,15_tegal01_dukuhwaru,Drone (rice field)
5,Brebes_Tegal,15_tegal01_dukuhwaru,Drone (rice field)
5,Brebes_Tegal,15_tegal01_dukuhwaru,Drone (rice field)
5,Brebes_Tegal,15_tegal01_dukuhwaru,Drone (rice field)
5,Brebes_Tegal,15_tegal01_dukuhwaru,Drone (rice field)
5,Brebes_Tegal,15_tegal01_dukuhwaru,Drone (rice field)
5,Brebes_Tegal,15_tegal01_dukuhwaru,Drone (rice field)
5,Brebes_Tegal,15_tegal01_dukuhwaru,Drone (rice field)
5,Brebes_Tegal,15_tegal01_dukuhwaru,Drone (rice field)
5,Brebes_Tegal,15_tegal01_dukuhwaru,Drone (rice field)
5,Brebes_Tegal,15_tegal01_dukuhwaru,Drone (rice field)
5,Brebes_Tegal,15_tegal01_dukuhwaru,Drone (rice field)
5,Brebes_Tegal,15_tegal01_dukuhwaru,Drone (rice field)
5,Brebes_Tegal,15_tegal01_dukuhwaru,Drone (rice field)
5,Brebes_Tegal,15_tegal01_dukuhwaru,Drone (rice field)
5,Brebes_Tegal,15_tegal01_dukuhwaru,Drone (rice field)
5,Brebes_Tegal,15_tegal01_dukuhwaru,Drone (rice field)
5,Brebes_Tegal,15_tegal01_dukuhwaru,Drone (rice field)
5,Brebes_Tegal,15_tegal01_dukuhwaru,Drone (rice field)
5,Brebes_Tegal,15_tegal01_dukuhwaru,Drone (rice field)
5,Brebes_Tegal,15_tegal01_dukuhwaru,Drone (rice field)
5,Brebes_Tegal,15_tegal01_dukuhwaru,Drone (rice field)
5,Brebes_Tegal,15_tegal01_dukuhwaru,Drone (rice field)
5,Brebes_Tegal,15_tegal01_dukuhwaru,Drone (rice field)
5,Brebes_Tegal,15_tegal01_dukuhwaru,Drone (rice field)
5,Brebes_Tegal,15_tegal01_dukuhwaru,Drone (rice field)
5,Brebes_Tegal,15_tegal01_dukuhwaru,Drone (rice field)
5,Brebes_Tegal,15_tegal01_dukuhwaru,Drone (rice field)
6,Brebes_Tegal,15_tegal01_dukuhwaru,Drone (rice field)
5,Brebes_Tegal,15_tegal01_dukuhwaru,Drone (rice field)
6,Brebes_Tegal,15_tegal01_dukuhwaru,Drone (rice field)
4,Brebes_Tegal,15_tegal01_dukuhwaru,Drone (rice field)
5,Brebes_Tegal,15_tegal01_dukuhwaru,Drone (rice field)
5,Brebes_Tegal,15_tegal01_dukuhwaru,Drone (rice field)
5,Brebes_Tegal,15_tegal01_dukuhwaru,Drone (rice field)
5,Brebes_Tegal,15_tegal01_dukuhwaru,Drone (rice field)
5,Brebes_Tegal,15_tegal01_dukuhwaru,Drone (rice field)
5,Brebes_Tegal,15_tegal01_dukuhwaru,Drone (rice field)
5,Brebes_Tegal,15_tegal01_dukuhwaru,Drone (rice field)
5,Brebes_Tegal,15_tegal01_dukuhwaru,Drone (rice field)
5,Brebes_Tegal,15_tegal01_dukuhwaru,Drone (rice field)
5,Brebes_Tegal,15_tegal01_dukuhwaru,Drone (rice field)
5,Brebes_Tegal,15_tegal01_dukuhwaru,Drone (rice field)
5,Brebes_Tegal,15_tegal01_dukuhwaru,Drone (rice field)
5,Brebes_Tegal,15_tegal01_dukuhwaru,Drone (rice field)
5,Brebes_Tegal,15_tegal01_dukuhwaru,Drone (rice field)
5,Brebes_Tegal,15_tegal01_dukuhwaru,Drone (rice field)
4,Brebes_Tegal,15_tegal01_dukuhwaru,Drone (rice field)
4,Brebes_Tegal,15_tegal01_dukuhwaru,Drone (rice field)
4,Brebes_Tegal,15_tegal01_dukuhwaru,Drone (rice field)
5,Brebes_Tegal,15_tegal01_dukuhwaru,Drone (rice field)
5,Brebes_Tegal,15_tegal01_dukuhwaru,Drone (rice field)
5,Brebes_Tegal,15_tegal01_dukuhwaru,Drone (rice field)
5,Brebes_Tegal,15_tegal01_dukuhwaru,Drone (rice field)
5,Brebes_Tegal,15_tegal01_dukuhwaru,Drone (rice field)
4,Brebes_Tegal,15_tegal01_dukuhwaru,Drone (rice field)
4,Brebes_Tegal,15_tegal01_dukuhwaru,Drone (rice field)
5,Brebes_Tegal,15_tegal01_dukuhwaru,Drone (rice field)
5,Brebes_Tegal,15_tegal01_dukuhwaru,Drone (rice field)
5,Brebes_Tegal,15_tegal01_dukuhwaru,Drone (rice field)
5,Brebes_Tegal,15_tegal01_dukuhwaru,Drone (rice field)
5,Brebes_Tegal,15_tegal01_dukuhwaru,Drone (rice field)
5,Brebes_Tegal,15_tegal01_dukuhwaru,Drone (rice field)
4,Brebes_Tegal,15_tegal01_dukuhwaru,Drone (rice field)
5,Brebes_Tegal,15_tegal01_dukuhwaru,Drone (rice field)
5,Brebes_Tegal,15_tegal01_dukuhwaru,Drone (rice field)
5,Brebes_Tegal,15_tegal01_dukuhwaru,Drone (rice field)
5,Brebes_Tegal,15_tegal01_dukuhwaru,Drone (rice field)
5,Brebes_Tegal,15_tegal01_dukuhwaru,Drone (rice field)
5,Brebes_Tegal,15_tegal01_dukuhwaru,Drone (rice field)
3,Brebes_Tegal,Jatibarang,Drone (rice field)
3,Brebes_Tegal,Jatibarang,Drone (rice field)
3,Brebes_Tegal,Jatibarang,Drone (rice field)
4,Brebes_Tegal,Jatibarang,Drone (rice field)
3,Brebes_Tegal,Jatibarang,Drone (rice field)
5,Brebes_Tegal,Jatibarang,Drone (rice field)
3,Brebes_Tegal,Jatibarang,Drone (rice field)
3,Brebes_Tegal,Jatibarang,Field Survey
4,Brebes_Tegal,Jatibarang,Drone (rice field)
5,Brebes_Tegal,Jatibarang,Drone (rice field)
3,Brebes_Tegal,Jatibarang,Drone (rice field)
3,Brebes_Tegal,Jatibarang,Drone (rice field)
3,Brebes_Tegal,Jatibarang,Drone (rice field)
5,Brebes_Tegal,Jatibarang,Drone (rice field)
5,Brebes_Tegal,Jatibarang,Drone (rice field)
5,Brebes_Tegal,Jatibarang,Drone (rice field)
3,Brebes_Tegal,Jatibarang,Field Survey
5,Brebes_Tegal,Jatibarang,Drone (rice field)
6,Brebes_Tegal,Jatibarang,Drone (rice field)
4,Brebes_Tegal,Jatibarang,Drone (rice field)
5,Brebes_Tegal,Jatibarang,Drone (rice field)
5,Brebes_Tegal,Jatibarang,Drone (rice field)
3,Brebes_Tegal,Jatibarang,Drone (rice field)
4,Brebes_Tegal,Jatibarang,Field Survey
5,Brebes_Tegal,Jatibarang,Drone (rice field)
3,Brebes_Tegal,Jatibarang,Drone (rice field)
6,Brebes_Tegal,Jatibarang,Drone (rice field)
3,Brebes_Tegal,Jatibarang,Drone (rice field)
5,Brebes_Tegal,Jatibarang,Drone (rice field)
5,Brebes_Tegal,Jatibarang,Field Survey
4,Brebes_Tegal,Jatibarang,Drone (rice field)
3,Brebes_Tegal,Jatibarang,Drone (rice field)
1,Brebes_Tegal,Jatibarang,Drone (rice field)
3,Brebes_Tegal,Jatibarang,Drone (rice field)
5,Brebes_Tegal,Jatibarang,Field Survey
5,Brebes_Tegal,Jatibarang,Drone (rice field)
5,Brebes_Tegal,Jatibarang,Drone (rice field)
4,Brebes_Tegal,Jatibarang,Drone (rice field)
3,Brebes_Tegal,Jatibarang,Drone (rice field)
4,Brebes_Tegal,Jatibarang,Drone (rice field)
3,Brebes_Tegal,Jatibarang,Field Survey
3,Brebes_Tegal,Jatibarang,Drone (rice field)
5,Brebes_Tegal,Jatibarang,Drone (rice field)
3,Brebes_Tegal,Jatibarang,Drone (rice field)
5,Brebes_Tegal,Jatibarang,Drone (rice field)
4,Brebes_Tegal,Jatibarang,Drone (rice field)
4,Brebes_Tegal,Jatibarang,Drone (rice field)
6,Brebes_Tegal,Jatibarang,Field Survey
5,Brebes_Tegal,Jatibarang,Field Survey
3,Brebes_Tegal,Jatibarang,Drone (rice field)
4,Brebes_Tegal,Jatibarang,Drone (rice field)
4,Brebes_Tegal,Jatibarang,Drone (rice field)
3,Brebes_Tegal,Jatibarang,Field Survey
5,Brebes_Tegal,Jatibarang,Drone (rice field)
5,Brebes_Tegal,Jatibarang,Drone (rice field)
1,Brebes_Tegal,Jatibarang,Drone (rice field)
3,Brebes_Tegal,Jatibarang,Field Survey
3,Brebes_Tegal,Jatibarang,Drone (rice field)
4,Brebes_Tegal,Jatibarang,Drone (rice field)
3,Brebes_Tegal,Jatibarang,Drone (rice field)
3,Brebes_Tegal,Jatibarang,Drone (rice field)
3,Brebes_Tegal,Jatibarang,Drone (rice field)
5,Brebes_Tegal,Jatibarang,Drone (rice field)
5,Brebes_Tegal,Jatibarang,Drone (rice field)
4,Brebes_Tegal,Jatibarang,Drone (rice field)
3,Brebes_Tegal,Jatibarang,Drone (rice field)
3,Brebes_Tegal,Jatibarang,Drone (rice field)
5,Brebes_Tegal,Jatibarang,Field Survey
5,Brebes_Tegal,Jatibarang,Drone (rice field)
5,Brebes_Tegal,Jatibarang,Drone (rice field)
4,Brebes_Tegal,Jatibarang,Drone (rice field)
4,Brebes_Tegal,Jatibarang,Drone (rice field)
5,Brebes_Tegal,Jatibarang,Drone (rice field)
5,Brebes_Tegal,Jatibarang,Drone (rice field)
5,Brebes_Tegal,Jatibarang,Drone (rice field)
5,Brebes_Tegal,Jatibarang,Drone (rice field)
5,Brebes_Tegal,Jatibarang,Field Survey
3,Brebes_Tegal,Jatibarang,Drone (rice field)
5,Brebes_Tegal,Jatibarang,Drone (rice field)
5,Brebes_Tegal,Jatibarang,Drone (rice field)
4,Brebes_Tegal,Jatibarang,Drone (rice field)
5,Brebes_Tegal,Jatibarang,Field Survey
5,Brebes_Tegal,Jatibarang,Drone (rice field)
5,Brebes_Tegal,Jatibarang,Drone (rice field)
5,Brebes_Tegal,Jatibarang,Drone (rice field)
5,Brebes_Tegal,Jatibarang,Drone (rice field)
5,Brebes_Tegal,Jatibarang,Drone (rice field)
5,Brebes_Tegal,Jatibarang,Drone (rice field)
4,Brebes_Tegal,16_tegal02_pagarbarang,Drone (rice field)
4,Brebes_Tegal,16_tegal02_pagarbarang,Drone (rice field)
4,Brebes_Tegal,16_tegal02_pagarbarang,Drone (rice field)
4,Brebes_Tegal,16_tegal02_pagarbarang,Drone (rice field)
4,Brebes_Tegal,16_tegal02_pagarbarang,Drone (rice field)
4,Brebes_Tegal,16_tegal02_pagarbarang,Drone (rice field)
5,Brebes_Tegal,16_tegal02_pagarbarang,Drone (rice field)
5,Brebes_Tegal,16_tegal02_pagarbarang,Drone (rice field)
4,Brebes_Tegal,16_tegal02_pagarbarang,Drone (rice field)
5,Brebes_Tegal,16_tegal02_pagarbarang,Drone (rice field)
5,Brebes_Tegal,16_tegal02_pagarbarang,Drone (rice field)
4,Brebes_Tegal,16_tegal02_pagarbarang,Drone (rice field)
5,Brebes_Tegal,16_tegal02_pagarbarang,Drone (rice field)
1,Brebes_Tegal,16_tegal02_pagarbarang,Drone (rice field)
5,Brebes_Tegal,16_tegal02_pagarbarang,Drone (rice field)
4,Brebes_Tegal,16_tegal02_pagarbarang,Drone (rice field)
5,Brebes_Tegal,16_tegal02_pagarbarang,Drone (rice field)
4,Brebes_Tegal,16_tegal02_pagarbarang,Drone (rice field)
4,Brebes_Tegal,16_tegal02_pagarbarang,Drone (rice field)
4,Brebes_Tegal,16_tegal02_pagarbarang,Drone (rice field)
4,Brebes_Tegal,16_tegal02_pagarbarang,Drone (rice field)
4,Brebes_Tegal,16_tegal02_pagarbarang,Drone (rice field)
6,Brebes_Tegal,16_tegal02_pagarbarang,Drone (rice field)
5,Brebes_Tegal,16_tegal02_pagarbarang,Drone (rice field)
4,Brebes_Tegal,16_tegal02_pagarbarang,Drone (rice field)
4,Brebes_Tegal,16_tegal02_pagarbarang,Drone (rice field)
4,Brebes_Tegal,16_tegal02_pagarbarang,Drone (rice field)
4,Brebes_Tegal,16_tegal02_pagarbarang,Drone (rice field)
4,Brebes_Tegal,16_tegal02_pagarbarang,Drone (rice field)
4,Brebes_Tegal,16_tegal02_pagarbarang,Drone (rice field)
4,Brebes_Tegal,16_tegal02_pagarbarang,Drone (rice field)
4,Brebes_Tegal,16_tegal02_pagarbarang,Drone (rice field)
4,Brebes_Tegal,16_tegal02_pagarbarang,Drone (rice field)
4,Brebes_Tegal,16_tegal02_pagarbarang,Drone (rice field)
4,Brebes_Tegal,16_tegal02_pagarbarang,Drone (rice field)
4,Brebes_Tegal,16_tegal02_pagarbarang,Drone (rice field)
5,Brebes_Tegal,16_tegal02_pagarbarang,Drone (rice field)
5,Brebes_Tegal,16_tegal02_pagarbarang,Drone (rice field)
5,Brebes_Tegal,16_tegal02_pagarbarang,Drone (rice field)
4,Brebes_Tegal,16_tegal02_pagarbarang,Drone (rice field)
4,Brebes_Tegal,16_tegal02_pagarbarang,Drone (rice field)
4,Brebes_Tegal,16_tegal02_pagarbarang,Drone (rice field)
6,Brebes_Tegal,16_tegal02_pagarbarang,Drone (rice field)
5,Brebes_Tegal,16_tegal02_pagarbarang,Drone (rice field)
6,Brebes_Tegal,16_tegal02_pagarbarang,Drone (rice field)
4,Brebes_Tegal,16_tegal02_pagarbarang,Drone (rice field)
4,Brebes_Tegal,16_tegal02_pagarbarang,Drone (rice field)
5,Brebes_Tegal,16_tegal02_pagarbarang,Drone (rice field)
4,Brebes_Tegal,16_tegal02_pagarbarang,Drone (rice field)
5,Brebes_Tegal,16_tegal02_pagarbarang,Drone (rice field)
4,Brebes_Tegal,16_tegal02_pagarbarang,Drone (rice field)
4,Brebes_Tegal,16_tegal02_pagarbarang,Drone (rice field)
4,Brebes_Tegal,16_tegal02_pagarbarang,Drone (rice field)
5,Brebes_Tegal,16_tegal02_pagarbarang,Drone (rice field)
5,Brebes_Tegal,16_tegal02_pagarbarang,Drone (rice field)
4,Brebes_Tegal,16_tegal02_pagarbarang,Drone (rice field)
4,Brebes_Tegal,16_tegal02_pagarbarang,Drone (rice field)
4,Brebes_Tegal,16_tegal02_pagarbarang,Drone (rice field)
4,Brebes_Tegal,16_tegal02_pagarbarang,Drone (rice field)
5,Brebes_Tegal,16_tegal02_pagarbarang,Drone (rice field)
4,Brebes_Tegal,16_tegal02_pagarbarang,Drone (rice field)
4,Brebes_Tegal,16_tegal02_pagarbarang,Drone (rice field)
4,Brebes_Tegal,16_tegal02_pagarbarang,Drone (rice field)
4,Brebes_Tegal,16_tegal02_pagarbarang,Drone (rice field)
4,Brebes_Tegal,16_tegal02_pagarbarang,Drone (rice field)
5,Brebes_Tegal,16_tegal02_pagarbarang,Drone (rice field)
5,Brebes_Tegal,16_tegal02_pagarbarang,Drone (rice field)
6,Brebes_Tegal,16_tegal02_pagarbarang,Drone (rice field)
4,Brebes_Tegal,16_tegal02_pagarbarang,Drone (rice field)
5,Brebes_Tegal,16_tegal02_pagarbarang,Drone (rice field)
4,Brebes_Tegal,16_tegal02_pagarbarang,Drone (rice field)
4,Brebes_Tegal,16_tegal02_pagarbarang,Drone (rice field)
6,Brebes_Tegal,16_tegal02_pagarbarang,Drone (rice field)
4,Brebes_Tegal,16_tegal02_pagarbarang,Drone (rice field)
6,Brebes_Tegal,16_tegal02_pagarbarang,Drone (rice field)
4,Brebes_Tegal,16_tegal02_pagarbarang,Drone (rice field)
4,Brebes_Tegal,16_tegal02_pagarbarang,Drone (rice field)
4,Brebes_Tegal,16_tegal02_pagarbarang,Drone (rice field)
4,Brebes_Tegal,16_tegal02_pagarbarang,Drone (rice field)
4,Brebes_Tegal,16_tegal02_pagarbarang,Drone (rice field)
5,Brebes_Tegal,16_tegal02_pagarbarang,Drone (rice field)
4,Brebes_Tegal,16_tegal02_pagarbarang,Drone (rice field)
4,Brebes_Tegal,16_tegal02_pagarbarang,Drone (rice field)
4,Brebes_Tegal,16_tegal02_pagarbarang,Drone (rice field)
4,Brebes_Tegal,16_tegal02_pagarbarang,Drone (rice field)
5,Brebes_Tegal,16_tegal02_pagarbarang,Drone (rice field)
5,Brebes_Tegal,16_tegal02_pagarbarang,Drone (rice field)
4,Brebes_Tegal,16_tegal02_pagarbarang,Drone (rice field)
4,Brebes_Tegal,16_tegal02_pagarbarang,Drone (rice field)
6,Brebes_Tegal,16_tegal02_pagarbarang,Drone (rice field)
4,Brebes_Tegal,16_tegal02_pagarbarang,Drone (rice field)
5,Brebes_Tegal,16_tegal02_pagarbarang,Drone (rice field)
4,Brebes_Tegal,16_tegal02_pagarbarang,Drone (rice field)
4,Brebes_Tegal,16_tegal02_pagarbarang,Drone (rice field)
4,Brebes_Tegal,16_tegal02_pagarbarang,Drone (rice field)
4,Brebes_Tegal,16_tegal02_pagarbarang,Drone (rice field)
4,Brebes_Tegal,16_tegal02_pagarbarang,Drone (rice field)
4,Brebes_Tegal,16_tegal02_pagarbarang,Drone (rice field)
4,Brebes_Tegal,16_tegal02_pagarbarang,Drone (rice field)
5,Brebes_Tegal,16_tegal02_pagarbarang,Drone (rice field)
4,Brebes_Tegal,16_tegal02_pagarbarang,Drone (rice field)
4,Brebes_Tegal,16_tegal02_pagarbarang,Drone (rice field)
4,Brebes_Tegal,16_tegal02_pagarbarang,Drone (rice field)
4,Brebes_Tegal,16_tegal02_pagarbarang,Drone (rice field)
4,Brebes_Tegal,16_tegal02_pagarbarang,Drone (rice field)
4,Brebes_Tegal,16_tegal02_pagarbarang,Drone (rice field)
4,Brebes_Tegal,16_tegal02_pagarbarang,Drone (rice field)
5,Brebes_Tegal,16_tegal02_pagarbarang,Drone (rice field)
4,Brebes_Tegal,16_tegal02_pagarbarang,Drone (rice field)
4,Brebes_Tegal,16_tegal02_pagarbarang,Drone (rice field)
4,Brebes_Tegal,16_tegal02_pagarbarang,Drone (rice field)
4,Brebes_Tegal,16_tegal02_pagarbarang,Drone (rice field)
4,Brebes_Tegal,16_tegal02_pagarbarang,Drone (rice field)
4,Brebes_Tegal,16_tegal02_pagarbarang,Drone (rice field)
6,Brebes_Tegal,16_tegal02_pagarbarang,Drone (rice field)
6,Brebes_Tegal,16_tegal02_pagarbarang,Drone (rice field)
4,Brebes_Tegal,16_tegal02_pagarbarang,Drone (rice field)
4,Brebes_Tegal,16_tegal02_pagarbarang,Drone (rice field)
4,Brebes_Tegal,16_tegal02_pagarbarang,Drone (rice field)
4,Brebes_Tegal,16_tegal02_pagarbarang,Drone (rice field)
4,Brebes_Tegal,16_tegal02_pagarbarang,Drone (rice field)
4,Brebes_Tegal,16_tegal02_pagarbarang,Drone (rice field)
5,Brebes_Tegal,16_tegal02_pagarbarang,Drone (rice field)
5,Brebes_Tegal,16_tegal02_pagarbarang,Drone (rice field)
4,Brebes_Tegal,16_tegal02_pagarbarang,Drone (rice field)
4,Brebes_Tegal,16_tegal02_pagarbarang,Drone (rice field)
5,Brebes_Tegal,16_tegal02_pagarbarang,Drone (rice field)
4,Brebes_Tegal,16_tegal02_pagarbarang,Drone (rice field)
5,Brebes_Tegal,16_tegal02_pagarbarang,Drone (rice field)
5,Brebes_Tegal,16_tegal02_pagarbarang,Drone (rice field)
4,Brebes_Tegal,16_tegal02_pagarbarang,Drone (rice field)
4,Brebes_Tegal,16_tegal02_pagarbarang,Drone (rice field)
4,Brebes_Tegal,16_tegal02_pagarbarang,Drone (rice field)
4,Brebes_Tegal,16_tegal02_pagarbarang,Drone (rice field)
4,Brebes_Tegal,16_tegal02_pagarbarang,Drone (rice field)
4,Brebes_Tegal,16_tegal02_pagarbarang,Drone (rice field)
4,Brebes_Tegal,16_tegal02_pagarbarang,Drone (rice field)
5,Brebes_Tegal,16_tegal02_pagarbarang,Drone (rice field)
4,Brebes_Tegal,16_tegal02_pagarbarang,Drone (rice field)
4,Brebes_Tegal,16_tegal02_pagarbarang,Drone (rice field)
4,Brebes_Tegal,16_tegal02_pagarbarang,Drone (rice field)
5,Brebes_Tegal,16_tegal02_pagarbarang,Drone (rice field)
4,Brebes_Tegal,16_tegal02_pagarbarang,Drone (rice field)
4,Brebes_Tegal,16_tegal02_pagarbarang,Drone (rice field)
6,Brebes_Tegal,16_tegal02_pagarbarang,Drone (rice field)
4,Brebes_Tegal,16_tegal02_pagarbarang,Drone (rice field)
5,Brebes_Tegal,16_tegal02_pagarbarang,Drone (rice field)
4,Brebes_Tegal,16_tegal02_pagarbarang,Drone (rice field)
6,Brebes_Tegal,16_tegal02_pagarbarang,Drone (rice field)
4,Brebes_Tegal,16_tegal02_pagarbarang,Drone (rice field)
4,Brebes_Tegal,16_tegal02_pagarbarang,Drone (rice field)
5,Brebes_Tegal,16_tegal02_pagarbarang,Drone (rice field)
5,Brebes_Tegal,16_tegal02_pagarbarang,Drone (rice field)
4,Brebes_Tegal,16_tegal02_pagarbarang,Drone (rice field)
4,Brebes_Tegal,16_tegal02_pagarbarang,Drone (rice field)
4,Brebes_Tegal,16_tegal02_pagarbarang,Drone (rice field)
4,Brebes_Tegal,16_tegal02_pagarbarang,Drone (rice field)
4,Brebes_Tegal,16_tegal02_pagarbarang,Drone (rice field)
4,Brebes_Tegal,16_tegal02_pagarbarang,Drone (rice field)
4,Brebes_Tegal,16_tegal02_pagarbarang,Drone (rice field)
4,Brebes_Tegal,16_tegal02_pagarbarang,Drone (rice field)
4,Brebes_Tegal,16_tegal02_pagarbarang,Drone (rice field)
5,Brebes_Tegal,16_tegal02_pagarbarang,Drone (rice field)
4,Brebes_Tegal,16_tegal02_pagarbarang,Drone (rice field)
4,Brebes_Tegal,16_tegal02_pagarbarang,Drone (rice field)
5,Brebes_Tegal,16_tegal02_pagarbarang,Drone (rice field)
6,Brebes_Tegal,16_tegal02_pagarbarang,Drone (rice field)
4,Brebes_Tegal,16_tegal02_pagarbarang,Drone (rice field)
6,Brebes_Tegal,16_tegal02_pagarbarang,Drone (rice field)
4,Brebes_Tegal,16_tegal02_pagarbarang,Drone (rice field)
4,Brebes_Tegal,16_tegal02_pagarbarang,Drone (rice field)
5,Brebes_Tegal,16_tegal02_pagarbarang,Drone (rice field)
4,Brebes_Tegal,16_tegal02_pagarbarang,Drone (rice field)
4,Brebes_Tegal,16_tegal02_pagarbarang,Drone (rice field)
1,Brebes_Tegal,16_tegal02_pagarbarang,Drone (rice field)
4,Brebes_Tegal,16_tegal02_pagarbarang,Drone (rice field)
4,Brebes_Tegal,16_tegal02_pagarbarang,Drone (rice field)
4,Brebes_Tegal,16_tegal02_pagarbarang,Drone (rice field)
4,Brebes_Tegal,16_tegal02_pagarbarang,Drone (rice field)
4,Brebes_Tegal,16_tegal02_pagarbarang,Drone (rice field)
5,Brebes_Tegal,16_tegal02_pagarbarang,Drone (rice field)
6,Brebes_Tegal,16_tegal02_pagarbarang,Drone (rice field)
4,Brebes_Tegal,16_tegal02_pagarbarang,Drone (rice field)
4,Brebes_Tegal,16_tegal02_pagarbarang,Drone (rice field)
5,Brebes_Tegal,16_tegal02_pagarbarang,Drone (rice field)
4,Brebes_Tegal,16_tegal02_pagarbarang,Drone (rice field)
5,Brebes_Tegal,16_tegal02_pagarbarang,Drone (rice field)
4,Brebes_Tegal,16_tegal02_pagarbarang,Drone (rice field)
6,Brebes_Tegal,16_tegal02_pagarbarang,Drone (rice field)
6,Brebes_Tegal,16_tegal02_pagarbarang,Drone (rice field)
1,Brebes_Tegal,16_tegal02_pagarbarang,Drone (rice field)
4,Brebes_Tegal,16_tegal02_pagarbarang,Drone (rice field)
4,Brebes_Tegal,16_tegal02_pagarbarang,Drone (rice field)
2,Cirebon,19_DongkalSukasari,Drone (rice field)
2,Cirebon,19_DongkalSukasari,Drone (rice field)
2,Cirebon,19_DongkalSukasari,Drone (rice field)
2,Cirebon,19_DongkalSukasari,Drone (rice field)
2,Cirebon,19_DongkalSukasari,Drone (rice field)
2,Cirebon,19_DongkalSukasari,Drone (rice field)
2,Cirebon,19_DongkalSukasari,Drone (rice field)
2,Cirebon,19_DongkalSukasari,Drone (rice field)
2,Cirebon,19_DongkalSukasari,Drone (rice field)
2,Cirebon,19_DongkalSukasari,Drone (rice field)
2,Cirebon,19_DongkalSukasari,Drone (rice field)
2,Cirebon,19_DongkalSukasari,Drone (rice field)
2,Cirebon,19_DongkalSukasari,Drone (rice field)
2,Cirebon,19_DongkalSukasari,Drone (rice field)
3,Cirebon,19 Dongkal Sukasari,Drone (rice field)
2,Cirebon,19_DongkalSukasari,Drone (rice field)
2,Cirebon,19_DongkalSukasari,Drone (rice field)
2,Cirebon,19_DongkalSukasari,Drone (rice field)
2,Cirebon,19_DongkalSukasari,Drone (rice field)
2,Cirebon,19_DongkalSukasari,Drone (rice field)
2,Cirebon,19_DongkalSukasari,Drone (rice field)
2,Cirebon,19_DongkalSukasari,Drone (rice field)
2,Cirebon,19_DongkalSukasari,Drone (rice field)
2,Cirebon,19_DongkalSukasari,Drone (rice field)
2,Cirebon,19_DongkalSukasari,Drone (rice field)
2,Cirebon,19_DongkalSukasari,Drone (rice field)
2,Cirebon,19_DongkalSukasari,Drone (rice field)
2,Cirebon,19_DongkalSukasari,Drone (rice field)
2,Cirebon,19_DongkalSukasari,Drone (rice field)
2,Cirebon,19_DongkalSukasari,Drone (rice field)
2,Cirebon,19_DongkalSukasari,Drone (rice field)
2,Cirebon,19_DongkalSukasari,Drone (rice field)
2,Cirebon,19_DongkalSukasari,Drone (rice field)
2,Cirebon,19_DongkalSukasari,Drone (rice field)
2,Cirebon,19_DongkalSukasari,Drone (rice field)
2,Cirebon,19_DongkalSukasari,Drone (rice field)
2,Cirebon,19_DongkalSukasari,Drone (rice field)
2,Cirebon,19_DongkalSukasari,Drone (rice field)
2,Cirebon,19_DongkalSukasari,Drone (rice field)
2,Cirebon,19_DongkalSukasari,Drone (rice field)
2,Cirebon,19_DongkalSukasari,Drone (rice field)
2,Cirebon,19_DongkalSukasari,Drone (rice field)
2,Cirebon,19_DongkalSukasari,Drone (rice field)
2,Cirebon,19 Dongkal Sukasari,Drone (rice field)
2,Cirebon,19_DongkalSukasari,Drone (rice field)
2,Cirebon,19_DongkalSukasari,Drone (rice field)
2,Cirebon,19_DongkalSukasari,Drone (rice field)
4,Cirebon,24_Sindangkerta_indramayu1,Drone (rice field)
4,Cirebon,24_Sindangkerta_indramayu1,Drone (rice field)
4,Cirebon,24_Sindangkerta_indramayu1,Drone (rice field)
4,Cirebon,24_Sindangkerta_indramayu1,Drone (rice field)
4,Cirebon,24_Sindangkerta_indramayu1,Drone (rice field)
4,Cirebon,24_Sindangkerta_indramayu1,Drone (rice field)
4,Cirebon,24_Sindangkerta,Drone (rice field)
4,Cirebon,24_Sindangkerta_indramayu1,Drone (rice field)
4,Cirebon,24_Sindangkerta_indramayu1,Drone (rice field)
4,Cirebon,24_Sindangkerta_indramayu1,Drone (rice field)
4,Cirebon,24_Sindangkerta_indramayu1,Drone (rice field)
4,Cirebon,24_Sindangkerta_indramayu1,Drone (rice field)
4,Cirebon,24_Sindangkerta_indramayu1,Drone (rice field)
4,Cirebon,24_Sindangkerta_indramayu1,Drone (rice field)
4,Cirebon,24_Sindangkerta_indramayu1,Drone (rice field)
4,Cirebon,24_Sindangkerta_indramayu1,Drone (rice field)
4,Cirebon,24_Sindangkerta,Drone (rice field)
4,Cirebon,24_Sindangkerta_indramayu1,Drone (rice field)
4,Cirebon,24_Sindangkerta_indramayu1,Drone (rice field)
4,Cirebon,24_Sindangkerta_indramayu1,Drone (rice field)
4,Cirebon,24_Sindangkerta_indramayu1,Drone (rice field)
4,Cirebon,24_Sindangkerta_indramayu1,Drone (rice field)
4,Cirebon,24_Sindangkerta_indramayu1,Drone (rice field)
4,Cirebon,24_Sindangkerta_indramayu1,Drone (rice field)
4,Cirebon,24_Sindangkerta_indramayu1,Drone (rice field)
4,Cirebon,24_Sindangkerta_indramayu1,Drone (rice field)
4,Cirebon,24_Sindangkerta_indramayu1,Drone (rice field)
4,Cirebon,24_Sindangkerta_indramayu1,Drone (rice field)
4,Cirebon,24_Sindangkerta_indramayu1,Drone (rice field)
4,Cirebon,24_Sindangkerta_indramayu1,Drone (rice field)
4,Cirebon,24_Sindangkerta_indramayu1,Drone (rice field)
4,Cirebon,24_Sindangkerta_indramayu1,Drone (rice field)
4,Cirebon,24_Sindangkerta_indramayu1,Drone (rice field)
4,Cirebon,24_Sindangkerta_indramayu1,Drone (rice field)
4,Cirebon,24_Sindangkerta_indramayu1,Drone (rice field)
4,Cirebon,24_Sindangkerta_indramayu1,Drone (rice field)
4,Cirebon,24_Sindangkerta_indramayu1,Drone (rice field)
4,Cirebon,24_Sindangkerta_indramayu1,Drone (rice field)
4,Cirebon,24_Sindangkerta_indramayu1,Drone (rice field)
4,Cirebon,24_Sindangkerta_indramayu1,Drone (rice field)
4,Cirebon,24_Sindangkerta_indramayu1,Drone (rice field)
4,Cirebon,24_Sindangkerta_indramayu1,Drone (rice field)
4,Cirebon,24_Sindangkerta_indramayu1,Drone (rice field)
4,Cirebon,24_Sindangkerta_indramayu1,Drone (rice field)
4,Cirebon,24_Sindangkerta_indramayu1,Drone (rice field)
4,Cirebon,24_Sindangkerta_indramayu1,Drone (rice field)
4,Cirebon,24_Sindangkerta_indramayu1,Drone (rice field)
4,Cirebon,24_Sindangkerta_indramayu1,Drone (rice field)
4,Cirebon,24_Sindangkerta_indramayu1,Drone (rice field)
4,Cirebon,24_Sindangkerta_indramayu1,Drone (rice field)
4,Cirebon,24_Sindangkerta_indramayu1,Drone (rice field)
4,Cirebon,24_Sindangkerta_indramayu1,Drone (rice field)
4,Cirebon,24_Sindangkerta_indramayu1,Drone (rice field)
4,Cirebon,24_Sindangkerta,Drone (rice field)
4,Cirebon,24_Sindangkerta_indramayu1,Drone (rice field)
4,Cirebon,24_Sindangkerta_indramayu1,Drone (rice field)
4,Cirebon,24_Sindangkerta_indramayu1,Drone (rice field)
4,Cirebon,24_Sindangkerta_indramayu1,Drone (rice field)
4,Cirebon,24_Sindangkerta_indramayu1,Drone (rice field)
2,Brebes_Tegal,,Drone (rice field)
1,Brebes_Tegal,Susukan,Drone (rice field)
1,Brebes_Tegal,Susukan,Drone (rice field)
1,Brebes_Tegal,Susukan,Drone (rice field)
1,Brebes_Tegal,Susukan,Drone (rice field)
1,Brebes_Tegal,Susukan,Drone (rice field)
1,Brebes_Tegal,Susukan,Drone (rice field)
1,Brebes_Tegal,Susukan,Drone (rice field)
1,Brebes_Tegal,Susukan,Drone (rice field)
1,Brebes_Tegal,Susukan,Drone (rice field)
1,Brebes_Tegal,Susukan,Drone (rice field)
1,Brebes_Tegal,Susukan,Drone (rice field)
1,Brebes_Tegal,Susukan,Drone (rice field)
1,Brebes_Tegal,Susukan,Drone (rice field)
1,Brebes_Tegal,Susukan,Drone (rice field)
1,Brebes_Tegal,Susukan,Drone (rice field)
1,Brebes_Tegal,Susukan,Drone (rice field)
1,Brebes_Tegal,Susukan,Drone (rice field)
1,Brebes_Tegal,Susukan,Drone (rice field)
1,Brebes_Tegal,Susukan,Drone (rice field)
1,Brebes_Tegal,Susukan,Drone (rice field)
1,Brebes_Tegal,Susukan,Drone (rice field)
1,Brebes_Tegal,Susukan,Drone (rice field)
1,Brebes_Tegal,Susukan,Drone (rice field)
1,Brebes_Tegal,Susukan,Drone (rice field)
1,Brebes_Tegal,Susukan,Drone (rice field)
1,Brebes_Tegal,Susukan,Drone (rice field)
1,Brebes_Tegal,Susukan,Drone (rice field)
1,Brebes_Tegal,Susukan,Drone (rice field)
1,Brebes_Tegal,Susukan,Drone (rice field)
1,Brebes_Tegal,Susukan,Drone (rice field)
1,Brebes_Tegal,Susukan,Drone (rice field)
2,Brebes_Tegal,Grumbuljurig,Drone (rice field)
2,Brebes_Tegal,Grumbuljurig,Drone (rice field)
2,Brebes_Tegal,Grumbuljurig,Drone (rice field)
2,Brebes_Tegal,Grumbuljurig,Drone (rice field)
2,Brebes_Tegal,Grumbuljurig,Drone (rice field)
2,Brebes_Tegal,Grumbuljurig,Drone (rice field)
2,Brebes_Tegal,Grumbuljurig,Drone (rice field)
2,Brebes_Tegal,Grumbuljurig,Drone (rice field)
2,Brebes_Tegal,Grumbuljurig,Drone (rice field)
2,Brebes_Tegal,Grumbuljurig,Drone (rice field)
2,Brebes_Tegal,Grumbuljurig,Drone (rice field)
2,Brebes_Tegal,Grumbuljurig,Drone (rice field)
2,Brebes_Tegal,Grumbuljurig,Drone (rice field)
2,Brebes_Tegal,Grumbuljurig,Drone (rice field)
2,Brebes_Tegal,Grumbuljurig,Drone (rice field)
2,Brebes_Tegal,Grumbuljurig,Drone (rice field)
2,Brebes_Tegal,Grumbuljurig,Drone (rice field)
2,Brebes_Tegal,Grumbuljurig,Drone (rice field)
2,Brebes_Tegal,Grumbuljurig,Drone (rice field)
2,Brebes_Tegal,Grumbuljurig,Drone (rice field)
2,Brebes_Tegal,Grumbuljurig,Drone (rice field)
2,Brebes_Tegal,Grumbuljurig,Drone (rice field)
2,Brebes_Tegal,Grumbuljurig,Drone (rice field)
2,Brebes_Tegal,Grumbuljurig,Drone (rice field)
2,Brebes_Tegal,Grumbuljurig,Drone (rice field)
2,Brebes_Tegal,Grumbuljurig,Drone (rice field)
2,Brebes_Tegal,Grumbuljurig,Drone (rice field)
2,Brebes_Tegal,Grumbuljurig,Drone (rice field)
2,Brebes_Tegal,Grumbuljurig,Drone (rice field)
2,Brebes_Tegal,Grumbuljurig,Drone (rice field)
2,Brebes_Tegal,Grumbuljurig,Drone (rice field)
2,Brebes_Tegal,Grumbuljurig,Drone (rice field)
2,Brebes_Tegal,Grumbuljurig,Drone (rice field)
2,Brebes_Tegal,Grumbul Jurig - Plikan,Drone (rice field)
2,Brebes_Tegal,Grumbuljurig,Drone (rice field)
2,Brebes_Tegal,Grumbuljurig,Drone (rice field)
2,Brebes_Tegal,Grumbuljurig,Drone (rice field)
2,Brebes_Tegal,Grumbuljurig,Drone (rice field)
2,Brebes_Tegal,Grumbuljurig,Drone (rice field)
2,Brebes_Tegal,Grumbuljurig,Drone (rice field)
2,Brebes_Tegal,Grumbuljurig,Drone (rice field)
2,Brebes_Tegal,Grumbuljurig,Drone (rice field)
2,Brebes_Tegal,Grumbuljurig,Drone (rice field)
2,Brebes_Tegal,Grumbuljurig,Drone (rice field)
2,Brebes_Tegal,Grumbuljurig,Drone (rice field)
2,Brebes_Tegal,Grumbuljurig,Drone (rice field)
2,Brebes_Tegal,Grumbuljurig,Drone (rice field)
2,Brebes_Tegal,Grumbuljurig,Drone (rice field)
2,Brebes_Tegal,Grumbuljurig,Drone (rice field)
2,Brebes_Tegal,Grumbuljurig,Drone (rice field)
2,Brebes_Tegal,Grumbuljurig,Drone (rice field)
2,Brebes_Tegal,Grumbuljurig,Drone (rice field)
2,Brebes_Tegal,Grumbuljurig,Drone (rice field)
2,Brebes_Tegal,Grumbuljurig,Drone (rice field)
2,Brebes_Tegal,Grumbuljurig,Drone (rice field)
2,Brebes_Tegal,Grumbuljurig,Drone (rice field)
2,Brebes_Tegal,Grumbuljurig,Drone (rice field)
2,Brebes_Tegal,Grumbuljurig,Drone (rice field)
2,Brebes_Tegal,Grumbuljurig,Drone (rice field)
2,Brebes_Tegal,Grumbuljurig,Drone (rice field)
2,Brebes_Tegal,Grumbuljurig,Drone (rice field)
2,Brebes_Tegal,Grumbuljurig,Drone (rice field)
2,Brebes_Tegal,Grumbuljurig,Drone (rice field)
2,Brebes_Tegal,Grumbuljurig,Drone (rice field)
2,Brebes_Tegal,Grumbuljurig,Drone (rice field)
2,Brebes_Tegal,Grumbuljurig,Drone (rice field)
2,Brebes_Tegal,Grumbuljurig,Drone (rice field)
2,Brebes_Tegal,Grumbuljurig,Drone (rice field)
2,Brebes_Tegal,Grumbuljurig,Drone (rice field)
2,Brebes_Tegal,Grumbuljurig,Drone (rice field)
2,Brebes_Tegal,Grumbuljurig,Drone (rice field)
2,Brebes_Tegal,Grumbuljurig,Drone (rice field)
2,Brebes_Tegal,Grumbuljurig,Drone (rice field)
2,Brebes_Tegal,Grumbuljurig,Drone (rice field)
2,Brebes_Tegal,Grumbuljurig,Drone (rice field)
2,Brebes_Tegal,Grumbuljurig,Drone (rice field)
2,Brebes_Tegal,Grumbuljurig,Drone (rice field)
2,Brebes_Tegal,Grumbuljurig,Drone (rice field)
2,Brebes_Tegal,Grumbuljurig,Drone (rice field)
2,Brebes_Tegal,Grumbuljurig,Drone (rice field)
2,Brebes_Tegal,Grumbuljurig,Drone (rice field)
2,Brebes_Tegal,Grumbuljurig,Drone (rice field)
2,Brebes_Tegal,Grumbuljurig,Drone (rice field)
2,Brebes_Tegal,Grumbuljurig,Drone (rice field)
2,Brebes_Tegal,Grumbuljurig,Drone (rice field)
2,Brebes_Tegal,Grumbuljurig,Drone (rice field)
2,Brebes_Tegal,Grumbuljurig,Drone (rice field)
2,Brebes_Tegal,Grumbuljurig,Drone (rice field)
2,Brebes_Tegal,Grumbuljurig,Drone (rice field)
2,Brebes_Tegal,Grumbuljurig,Drone (rice field)
2,Brebes_Tegal,Grumbuljurig,Drone (rice field)
2,Brebes_Tegal,Grumbuljurig,Drone (rice field)
2,Brebes_Tegal,Grumbuljurig,Drone (rice field)
2,Brebes_Tegal,Grumbuljurig,Drone (rice field)
2,Brebes_Tegal,Grumbuljurig,Drone (rice field)
2,Brebes_Tegal,Grumbuljurig,Drone (rice field)
2,Brebes_Tegal,Grumbuljurig,Drone (rice field)
2,Brebes_Tegal,Grumbuljurig,Drone (rice field)
2,Brebes_Tegal,Grumbuljurig,Drone (rice field)
2,Brebes_Tegal,Grumbuljurig,Drone (rice field)
2,Brebes_Tegal,Grumbuljurig,Drone (rice field)
2,Brebes_Tegal,Grumbuljurig,Drone (rice field)
2,Brebes_Tegal,Grumbuljurig,Drone (rice field)
2,Brebes_Tegal,Grumbuljurig,Drone (rice field)
2,Brebes_Tegal,Grumbuljurig,Drone (rice field)
2,Brebes_Tegal,Grumbuljurig,Drone (rice field)
2,Brebes_Tegal,Grumbuljurig,Drone (rice field)
2,Brebes_Tegal,Grumbuljurig,Drone (rice field)
2,Brebes_Tegal,Grumbuljurig,Drone (rice field)
1,Brebes_Tegal,Rapak,Drone (rice field)
1,Brebes_Tegal,Rapak,Drone (rice field)
1,Brebes_Tegal,Rapak,Drone (rice field)
1,Brebes_Tegal,Rapak,Drone (rice field)
1,Brebes_Tegal,Rapak,Drone (rice field)
1,Brebes_Tegal,Rapak,Drone (rice field)
1,Brebes_Tegal,Rapak,Drone (rice field)
1,Brebes_Tegal,Rapak,Drone (rice field)
1,Brebes_Tegal,Rapak,Drone (rice field)
1,Brebes_Tegal,Rapak,Drone (rice field)
1,Brebes_Tegal,Rapak,Drone (rice field)
1,Brebes_Tegal,Rapak,Drone (rice field)
1,Brebes_Tegal,Rapak,Drone (rice field)
1,Brebes_Tegal,Rapak,Drone (rice field)
1,Brebes_Tegal,Rapak,Drone (rice field)
1,Brebes_Tegal,Rapak,Drone (rice field)
1,Brebes_Tegal,Rapak,Drone (rice field)
1,Brebes_Tegal,Rapak,Drone (rice field)
1,Brebes_Tegal,Rapak,Drone (rice field)
1,Brebes_Tegal,Rapak,Drone (rice field)
1,Brebes_Tegal,Rapak,Drone (rice field)
1,Brebes_Tegal,Rapak,Drone (rice field)
1,Brebes_Tegal,Rapak,Drone (rice field)
1,Brebes_Tegal,Rapak,Drone (rice field)
1,Brebes_Tegal,Rapak,Drone (rice field)
1,Brebes_Tegal,Rapak,Drone (rice field)
1,Brebes_Tegal,Rapak,Drone (rice field)
1,Brebes_Tegal,Rapak,Drone (rice field)
1,Brebes_Tegal,Rapak,Drone (rice field)
1,Brebes_Tegal,Rapak,Drone (rice field)
1,Brebes_Tegal,Rapak,Drone (rice field)
1,Brebes_Tegal,Rapak,Drone (rice field)
1,Brebes_Tegal,Rapak,Drone (rice field)
1,Brebes_Tegal,Rapak,Drone (rice field)
1,Brebes_Tegal,Rapak,Drone (rice field)
1,Brebes_Tegal,Rapak,Drone (rice field)
1,Brebes_Tegal,Rapak,Drone (rice field)
1,Brebes_Tegal,Rapak,Drone (rice field)
1,Brebes_Tegal,Rapak,Drone (rice field)
1,Brebes_Tegal,Rapak,Drone (rice field)
1,Brebes_Tegal,Rapak,Drone (rice field)
1,Brebes_Tegal,Rapak,Drone (rice field)
1,Brebes_Tegal,Rapak,Drone (rice field)
1,Brebes_Tegal,Rapak,Drone (rice field)
1,Brebes_Tegal,Rapak,Drone (rice field)
1,Brebes_Tegal,Rapak,Drone (rice field)
1,Brebes_Tegal,Rapak,Drone (rice field)
1,Brebes_Tegal,Rapak,Drone (rice field)
1,Brebes_Tegal,Rapak,Drone (rice field)
1,Brebes_Tegal,Rapak,Drone (rice field)
1,Brebes_Tegal,Rapak,Drone (rice field)
1,Brebes_Tegal,Rapak,Drone (rice field)
1,Brebes_Tegal,Rapak,Drone (rice field)
1,Brebes_Tegal,Rapak,Drone (rice field)
1,Brebes_Tegal,Rapak,Drone (rice field)
1,Brebes_Tegal,Rapak,Drone (rice field)
1,Brebes_Tegal,Rapak,Drone (rice field)
1,Brebes_Tegal,Rapak,Drone (rice field)
1,Brebes_Tegal,Rapak,Drone (rice field)
1,Brebes_Tegal,Rapak,Drone (rice field)
1,Brebes_Tegal,Rapak,Drone (rice field)
1,Brebes_Tegal,Rapak,Drone (rice field)
1,Brebes_Tegal,Rapak,Drone (rice field)
1,Brebes_Tegal,Rapak,Drone (rice field)
1,Brebes_Tegal,Rapak,Drone (rice field)
1,Brebes_Tegal,Rapak,Drone (rice field)
1,Brebes_Tegal,Rapak,Drone (rice field)
1,Brebes_Tegal,Rapak,Drone (rice field)
1,Brebes_Tegal,Rapak,Drone (rice field)
1,Brebes_Tegal,Rapak,Drone (rice field)
1,Brebes_Tegal,Rapak,Drone (rice field)
1,Brebes_Tegal,Rapak,Drone (rice field)
1,Brebes_Tegal,Rapak,Drone (rice field)
1,Brebes_Tegal,Rapak,Drone (rice field)
1,Brebes_Tegal,Rapak,Drone (rice field)
1,Brebes_Tegal,Rapak,Drone (rice field)
1,Brebes_Tegal,Rapak,Drone (rice field)
1,Brebes_Tegal,Rapak,Drone (rice field)
1,Brebes_Tegal,Rapak,Drone (rice field)
1,Brebes_Tegal,Rapak,Drone (rice field)
1,Brebes_Tegal,Rapak,Drone (rice field)
1,Brebes_Tegal,Rapak,Drone (rice field)
1,Brebes_Tegal,Rapak,Drone (rice field)
1,Brebes_Tegal,Rapak,Drone (rice field)
1,Brebes_Tegal,Rapak,Drone (rice field)
1,Brebes_Tegal,Rapak,Drone (rice field)
1,Brebes_Tegal,Rapak,Drone (rice field)
1,Brebes_Tegal,Rapak,Drone (rice field)
1,Brebes_Tegal,Rapak,Drone (rice field)
1,Brebes_Tegal,Rapak,Drone (rice field)
1,Brebes_Tegal,Rapak,Drone (rice field)
1,Brebes_Tegal,Rapak,Drone (rice field)
1,Brebes_Tegal,Rapak,Drone (rice field)
1,Brebes_Tegal,Rapak,Drone (rice field)
1,Brebes_Tegal,Rapak,Drone (rice field)
1,Brebes_Tegal,Rapak,Drone (rice field)
1,Brebes_Tegal,Rapak,Drone (rice field)
1,Brebes_Tegal,Rapak,Drone (rice field)
1,Brebes_Tegal,Rapak,Drone (rice field)
1,Brebes_Tegal,Rapak,Drone (rice field)
1,Brebes_Tegal,Rapak,Drone (rice field)
1,Brebes_Tegal,Rapak,Drone (rice field)
1,Brebes_Tegal,Rapak,Drone (rice field)
1,Brebes_Tegal,Rapak,Drone (rice field)
1,Brebes_Tegal,Rapak,Drone (rice field)
1,Brebes_Tegal,Rapak,Drone (rice field)
1,Brebes_Tegal,Rapak,Drone (rice field)
1,Brebes_Tegal,Rapak,Drone (rice field)
1,Brebes_Tegal,Rapak,Drone (rice field)
1,Brebes_Tegal,Rapak,Drone (rice field)
1,Brebes_Tegal,Rapak,Drone (rice field)
1,Brebes_Tegal,Rapak,Drone (rice field)
1,Brebes_Tegal,Rapak,Drone (rice field)
1,Brebes_Tegal,Rapak,Drone (rice field)
1,Brebes_Tegal,Rapak,Drone (rice field)
1,Brebes_Tegal,Rapak,Drone (rice field)
1,Brebes_Tegal,Rapak,Drone (rice field)
1,Brebes_Tegal,Rapak,Drone (rice field)
1,Brebes_Tegal,Rapak,Drone (rice field)
1,Brebes_Tegal,Rapak,Drone (rice field)
1,Brebes_Tegal,Rapak,Drone (rice field)
1,Brebes_Tegal,Rapak,Drone (rice field)
1,Brebes_Tegal,Rapak,Drone (rice field)
1,Brebes_Tegal,Rapak,Drone (rice field)
1,Brebes_Tegal,Rapak,Drone (rice field)
1,Brebes_Tegal,Rapak,Drone (rice field)
1,Brebes_Tegal,Rapak,Drone (rice field)
1,Brebes_Tegal,Rabak,Drone (rice field)
1,Brebes_Tegal,Rapak,Drone (rice field)
1,Brebes_Tegal,Rapak,Drone (rice field)
1,Brebes_Tegal,Rapak,Drone (rice field)
1,Brebes_Tegal,Rapak,Drone (rice field)
1,Brebes_Tegal,Rapak,Drone (rice field)
1,Brebes_Tegal,Rapak,Drone (rice field)
1,Brebes_Tegal,Rapak,Drone (rice field)
1,Brebes_Tegal,Rapak,Drone (rice field)
1,Brebes_Tegal,Rapak,Drone (rice field)
1,Brebes_Tegal,Rapak,Drone (rice field)
1,Brebes_Tegal,Susukan,Drone (rice field)
1,Brebes_Tegal,Susukan,Drone (rice field)
1,Brebes_Tegal,Susukan,Drone (rice field)
1,Brebes_Tegal,Susukan,Drone (rice field)
1,Brebes_Tegal,Susukan,Drone (rice field)
1,Brebes_Tegal,Susukan,Drone (rice field)
1,Brebes_Tegal,Susukan,Drone (rice field)
1,Brebes_Tegal,Susukan,Drone (rice field)
1,Brebes_Tegal,Susukan,Drone (rice field)
1,Brebes_Tegal,Susukan,Drone (rice field)
1,Brebes_Tegal,Susukan,Drone (rice field)
1,Brebes_Tegal,Susukan,Drone (rice field)
1,Brebes_Tegal,Susukan,Drone (rice field)
1,Brebes_Tegal,Susukan,Drone (rice field)
1,Brebes_Tegal,Susukan,Drone (rice field)
1,Brebes_Tegal,Susukan,Drone (rice field)
1,Brebes_Tegal,Susukan,Drone (rice field)
1,Brebes_Tegal,Susukan,Drone (rice field)
1,Brebes_Tegal,Susukan,Drone (rice field)
1,Brebes_Tegal,Susukan,Drone (rice field)
1,Brebes_Tegal,Susukan,Drone (rice field)
1,Brebes_Tegal,Susukan,Drone (rice field)
1,Brebes_Tegal,Susukan,Drone (rice field)
1,Brebes_Tegal,Susukan,Drone (rice field)
1,Brebes_Tegal,Susukan,Drone (rice field)
1,Brebes_Tegal,Susukan,Drone (rice field)
1,Brebes_Tegal,Susukan,Drone (rice field)
1,Brebes_Tegal,Susukan,Drone (rice field)
1,Brebes_Tegal,Susukan,Drone (rice field)
1,Brebes_Tegal,Susukan,Drone (rice field)
1,Brebes_Tegal,Susukan,Drone (rice field)
1,Brebes_Tegal,Susukan,Drone (rice field)
1,Brebes_Tegal,Susukan,Drone (rice field)
1,Brebes_Tegal,Susukan,Drone (rice field)
1,Brebes_Tegal,Susukan,Drone (rice field)
1,Brebes_Tegal,Susukan,Drone (rice field)
1,Brebes_Tegal,Susukan,Drone (rice field)
1,Brebes_Tegal,Susukan,Drone (rice field)
1,Brebes_Tegal,Susukan,Drone (rice field)
1,Brebes_Tegal,Susukan,Drone (rice field)
1,Brebes_Tegal,Susukan,Drone (rice field)
1,Brebes_Tegal,Susukan,Drone (rice field)
1,Brebes_Tegal,Susukan,Drone (rice field)
1,Brebes_Tegal,Susukan,Drone (rice field)
1,Brebes_Tegal,Susukan,Drone (rice field)
1,Brebes_Tegal,Susukan,Drone (rice field)
1,Brebes_Tegal,Susukan,Drone (rice field)
1,Brebes_Tegal,Susukan,Drone (rice field)
1,Brebes_Tegal,Susukan,Drone (rice field)
1,Brebes_Tegal,Susukan,Drone (rice field)
1,Brebes_Tegal,Susukan,Drone (rice field)
1,Brebes_Tegal,Susukan,Drone (rice field)
1,Brebes_Tegal,Susukan,Drone (rice field)
1,Brebes_Tegal,Susukan,Drone (rice field)
1,Brebes_Tegal,Susukan,Drone (rice field)
1,Brebes_Tegal,Susukan,Drone (rice field)
1,Brebes_Tegal,Susukan,Drone (rice field)
1,Brebes_Tegal,Susukan,Drone (rice field)
1,Brebes_Tegal,Susukan,Drone (rice field)
1,Brebes_Tegal,Susukan,Drone (rice field)
1,Brebes_Tegal,Susukan,Drone (rice field)
1,Brebes_Tegal,Susukan,Drone (rice field)
1,Brebes_Tegal,Susukan,Drone (rice field)
1,Brebes_Tegal,Susukan,Drone (rice field)
1,Brebes_Tegal,Susukan,Drone (rice field)
2,Brebes_Tegal,Karang Turi,Drone (rice field)
2,Brebes_Tegal,Karang Turi,Drone (rice field)
2,Brebes_Tegal,Karang Turi,Drone (rice field)
2,Brebes_Tegal,Karang Turi,Drone (rice field)
2,Brebes_Tegal,Karang Turi,Drone (rice field)
2,Brebes_Tegal,Karang Turi,Drone (rice field)
2,Brebes_Tegal,Karang Turi,Drone (rice field)
2,Brebes_Tegal,Karang Turi,Drone (rice field)
2,Brebes_Tegal,Karang Turi,Drone (rice field)
2,Brebes_Tegal,Karang Turi,Drone (rice field)
2,Brebes_Tegal,Karang Turi,Drone (rice field)
2,Brebes_Tegal,Karang Turi,Drone (rice field)
2,Brebes_Tegal,Karang Turi,Drone (rice field)
2,Brebes_Tegal,Karang Turi,Drone (rice field)
2,Brebes_Tegal,Karang Turi,Drone (rice field)
2,Brebes_Tegal,Karang Turi,Drone (rice field)
2,Brebes_Tegal,Karang Turi,Drone (rice field)
2,Brebes_Tegal,Karang Turi,Drone (rice field)
2,Brebes_Tegal,Karang Turi,Drone (rice field)
2,Brebes_Tegal,Karang Turi,Drone (rice field)
2,Brebes_Tegal,Karang Turi,Drone (rice field)
2,Brebes_Tegal,Karang Turi,Drone (rice field)
2,Brebes_Tegal,Karang Turi,Drone (rice field)
2,Brebes_Tegal,Karang Turi,Drone (rice field)
2,Brebes_Tegal,Karang Turi,Drone (rice field)
2,Brebes_Tegal,Karang Turi,Drone (rice field)
2,Brebes_Tegal,Karang Turi,Drone (rice field)
2,Brebes_Tegal,Karang Turi,Drone (rice field)
2,Brebes_Tegal,Karang Turi,Drone (rice field)
2,Brebes_Tegal,Karang Turi,Drone (rice field)
2,Brebes_Tegal,Karang Turi,Drone (rice field)
2,Brebes_Tegal,Karang Turi,Drone (rice field)
2,Brebes_Tegal,Karang Turi,Drone (rice field)
2,Brebes_Tegal,Karang Turi,Drone (rice field)
2,Brebes_Tegal,Karang Turi,Drone (rice field)
6,Brebes_Tegal,Karang Turi,Drone (rice field)
1,Brebes_Tegal,Karang Turi,Drone (rice field)
2,Brebes_Tegal,Karang Turi,Drone (rice field)
2,Brebes_Tegal,Karang Turi,Drone (rice field)
2,Brebes_Tegal,Karang Turi,Drone (rice field)
2,Brebes_Tegal,Karang Turi,Drone (rice field)
2,Brebes_Tegal,Karang Turi,Drone (rice field)
2,Brebes_Tegal,Karang Turi,Drone (rice field)
2,Brebes_Tegal,Karang Turi,Drone (rice field)
2,Brebes_Tegal,Karang Turi,Drone (rice field)
2,Brebes_Tegal,Karang Turi,Drone (rice field)
2,Brebes_Tegal,Karang Turi,Drone (rice field)
2,Brebes_Tegal,Karang Turi,Drone (rice field)
2,Brebes_Tegal,Karang Turi,Drone (rice field)
2,Brebes_Tegal,Karang Turi,Drone (rice field)
6,Brebes_Tegal,Karang Turi,Drone (rice field)
6,Brebes_Tegal,Karang Turi,Drone (rice field)
2,Brebes_Tegal,Karang Turi,Drone (rice field)
1,Brebes_Tegal,Karang Turi,Drone (rice field)
2,Brebes_Tegal,Karang Turi,Drone (rice field)
2,Brebes_Tegal,Karang Turi,Drone (rice field)
2,Brebes_Tegal,Karang Turi,Drone (rice field)
2,Brebes_Tegal,Karang Turi,Drone (rice field)
1,Brebes_Tegal,Karang Turi,Drone (rice field)
2,Brebes_Tegal,Karang Turi,Drone (rice field)
6,Brebes_Tegal,Karang Turi,Drone (rice field)
1,Brebes_Tegal,Karang Turi,Drone (rice field)
2,Brebes_Tegal,Karang Turi,Drone (rice field)
2,Brebes_Tegal,Karang Turi,Drone (rice field)
2,Brebes_Tegal,Karang Turi,Drone (rice field)
2,Brebes_Tegal,Karang Turi,Drone (rice field)
2,Brebes_Tegal,Karang Turi,Drone (rice field)
2,Brebes_Tegal,Karang Turi,Drone (rice field)
2,Brebes_Tegal,Karang Turi,Drone (rice field)
2,Brebes_Tegal,Karang Turi,Drone (rice field)
2,Brebes_Tegal,Karang Turi,Drone (rice field)
2,Brebes_Tegal,Karang Turi,Drone (rice field)
2,Brebes_Tegal,Karang Turi,Drone (rice field)
2,Brebes_Tegal,Karang Turi,Drone (rice field)
6,Brebes_Tegal,Karang Turi,Drone (rice field)
2,Brebes_Tegal,Karang Turi,Drone (rice field)
2,Brebes_Tegal,Karang Turi,Drone (rice field)
6,Brebes_Tegal,Karang Turi,Drone (rice field)
6,Brebes_Tegal,Karang Turi,Drone (rice field)
1,Brebes_Tegal,Karang Turi,Drone (rice field)
1,Brebes_Tegal,Karang Turi,Drone (rice field)
6,Brebes_Tegal,Karang Turi,Drone (rice field)
6,Brebes_Tegal,Karang Turi,Drone (rice field)
1,Brebes_Tegal,Karang Turi,Drone (rice field)
2,Brebes_Tegal,Karang Turi,Drone (rice field)
2,Brebes_Tegal,Karang Turi,Drone (rice field)
2,Brebes_Tegal,Karang Turi,Drone (rice field)
1,Brebes_Tegal,Karang Turi,Drone (rice field)
2,Brebes_Tegal,Karang Turi,Drone (rice field)
2,Brebes_Tegal,Karang Turi,Drone (rice field)
2,Brebes_Tegal,Karang Turi,Drone (rice field)
6,Brebes_Tegal,Karang Turi,Drone (rice field)
6,Brebes_Tegal,Karang Turi,Drone (rice field)
6,Brebes_Tegal,Karang Turi,Drone (rice field)
1,Brebes_Tegal,Karang Turi,Drone (rice field)
6,Brebes_Tegal,Karang Turi,Drone (rice field)
2,Brebes_Tegal,Karang Turi,Drone (rice field)
2,Brebes_Tegal,Karang Turi,Drone (rice field)
2,Brebes_Tegal,Karang Turi,Drone (rice field)
2,Brebes_Tegal,Karang Turi,Drone (rice field)
2,Cirebon,13_Jatibarang1,Drone (rice field)
2,Cirebon,13_Jatibarang1,Drone (rice field)
2,Cirebon,13_Jatibarang1,Drone (rice field)
2,Cirebon,13_Jatibarang1,Drone (rice field)
2,Cirebon,13_Jatibarang1,Drone (rice field)
2,Cirebon,12_Jatibarang2,Drone (rice field)
2,Cirebon,13_Jatibarang1,Drone (rice field)
2,Cirebon,13_Jatibarang1,Drone (rice field)
2,Cirebon,12_Jatibarang2,Drone (rice field)
2,Cirebon,13_Jatibarang1,Drone (rice field)
2,Cirebon,13_Jatibarang1,Drone (rice field)
2,Cirebon,12_Jatibarang2,Drone (rice field)
2,Cirebon,13_Jatibarang1,Drone (rice field)
2,Cirebon,12_Jatibarang2,Drone (rice field)
2,Cirebon,13_Jatibarang1,Drone (rice field)
2,Cirebon,13_Jatibarang1,Drone (rice field)
2,Cirebon,13_Jatibarang1,Drone (rice field)
2,Cirebon,12_Jatibarang2,Drone (rice field)
2,Cirebon,13_Jatibarang1,Drone (rice field)
2,Cirebon,12_Jatibarang2,Drone (rice field)
2,Cirebon,13_Jatibarang1,Drone (rice field)
2,Cirebon,13_Jatibarang1,Drone (rice field)
2,Cirebon,13_Jatibarang1,Drone (rice field)
2,Cirebon,12_Jatibarang2,Drone (rice field)
2,Cirebon,13_Jatibarang1,Drone (rice field)
2,Cirebon,12_Jatibarang2,Drone (rice field)
2,Cirebon,13_Jatibarang1,Drone (rice field)
2,Cirebon,13_Jatibarang1,Drone (rice field)
2,Cirebon,12_Jatibarang2,Drone (rice field)
2,Cirebon,13_Jatibarang1,Drone (rice field)
2,Cirebon,13_Jatibarang1,Drone (rice field)
2,Cirebon,13_Jatibarang1,Drone (rice field)
4,Cirebon,28_Lohbener2,Drone (rice field)
4,Cirebon,29_Lohbener1,Drone (rice field)
4,Cirebon,29_Lohbener1,Drone (rice field)
4,Cirebon,29_Lohbener1,Drone (rice field)
4,Cirebon,29_Lohbener1,Drone (rice field)
4,Cirebon,29_Lohbener1,Drone (rice field)
4,Cirebon,28_Lohbener2,Drone (rice field)
4,Cirebon,29_Lohbener1,Drone (rice field)
4,Cirebon,28_Lohbener2,Drone (rice field)
4,Cirebon,29_Lohbener1,Drone (rice field)
4,Cirebon,29_Lohbener1,Drone (rice field)
4,Cirebon,29_Lohbener1,Drone (rice field)
4,Cirebon,29_Lohbener1,Drone (rice field)
4,Cirebon,29_Lohbener1,Drone (rice field)
4,Cirebon,28_Lohbener2,Drone (rice field)
4,Cirebon,28_Lohbener2,Drone (rice field)
4,Cirebon,29_Lohbener1,Drone (rice field)
4,Cirebon,28_Lohbener2,Drone (rice field)
4,Cirebon,29_Lohbener1,Drone (rice field)
4,Cirebon,29_Lohbener1,Drone (rice field)
4,Cirebon,29_Lohbener1,Drone (rice field)
4,Cirebon,28_Lohbener2,Drone (rice field)
4,Cirebon,28_Lohbener2,Drone (rice field)
5,Cirebon,11 Indramayu,Drone (rice field)
4,Cirebon,11 Indramayu,Drone (rice field)
6,Cirebon,22_Sindang-Indramayu,Drone (rice field)
6,Cirebon,22_Sindang-Indramayu,Drone (rice field)
1,Pekalongan,,Drone (rice field)
2,Brebes_Tegal,Bajong,Drone (rice field)
2,Brebes_Tegal,Bajong,Drone (rice field)
2,Brebes_Tegal,Bajong,Drone (rice field)
2,Brebes_Tegal,Bajong,Drone (rice field)
2,Brebes_Tegal,Bajong,Drone (rice field)
4,Brebes_Tegal,Bajong,Drone (rice field)
2,Brebes_Tegal,Bajong,Drone (rice field)
2,Brebes_Tegal,Bajong,Drone (rice field)
2,Brebes_Tegal,Bajong,Drone (rice field)
2,Brebes_Tegal,Bajong,Drone (rice field)
2,Brebes_Tegal,Bajong,Drone (rice field)
2,Brebes_Tegal,Bajong,Drone (rice field)
4,Brebes_Tegal,Bajong,Drone (rice field)
2,Brebes_Tegal,Bajong,Drone (rice field)
2,Brebes_Tegal,Bajong,Drone (rice field)
2,Brebes_Tegal,Bajong,Drone (rice field)
2,Brebes_Tegal,Bajong,Drone (rice field)
4,Brebes_Tegal,Bajong,Drone (rice field)
4,Brebes_Tegal,Bajong,Drone (rice field)
2,Brebes_Tegal,Bajong,Drone (rice field)
2,Brebes_Tegal,Bajong,Drone (rice field)
2,Brebes_Tegal,Bajong,Drone (rice field)
2,Brebes_Tegal,Bajong,Drone (rice field)
4,Brebes_Tegal,Bajong,Drone (rice field)
2,Brebes_Tegal,Bajong,Drone (rice field)
2,Brebes_Tegal,Bajong,Drone (rice field)
2,Brebes_Tegal,Bajong,Drone (rice field)
2,Brebes_Tegal,Bajong,Drone (rice field)
6,Brebes_Tegal,Bajong,Drone (rice field)
2,Brebes_Tegal,Bajong,Drone (rice field)
2,Brebes_Tegal,Bajong,Drone (rice field)
2,Brebes_Tegal,Bajong,Drone (rice field)
2,Brebes_Tegal,Bajong,Drone (rice field)
2,Brebes_Tegal,Bajong,Drone (rice field)
2,Brebes_Tegal,Bajong,Drone (rice field)
2,Brebes_Tegal,Bajong,Drone (rice field)
2,Brebes_Tegal,Bajong,Drone (rice field)
2,Brebes_Tegal,Bajong,Drone (rice field)
2,Brebes_Tegal,Bajong,Drone (rice field)
2,Brebes_Tegal,Bajong,Drone (rice field)
4,Brebes_Tegal,Bajong,Drone (rice field)
2,Brebes_Tegal,Bajong,Drone (rice field)
2,Brebes_Tegal,Bajong,Drone (rice field)
2,Brebes_Tegal,Bajong,Drone (rice field)
4,Brebes_Tegal,Bajong,Drone (rice field)
2,Brebes_Tegal,Bajong,Drone (rice field)
2,Brebes_Tegal,Bajong,Drone (rice field)
2,Brebes_Tegal,Bajong,Drone (rice field)
4,Brebes_Tegal,Bajong,Drone (rice field)
4,Brebes_Tegal,Bajong,Drone (rice field)
2,Brebes_Tegal,Bajong,Drone (rice field)
2,Brebes_Tegal,Bajong,Drone (rice field)
2,Brebes_Tegal,Bajong,Drone (rice field)
2,Brebes_Tegal,Bajong,Drone (rice field)
2,Brebes_Tegal,Bajong,Drone (rice field)
2,Brebes_Tegal,Bajong,Drone (rice field)
2,Brebes_Tegal,Bajong,Drone (rice field)
4,Brebes_Tegal,Bajong,Drone (rice field)
4,Brebes_Tegal,Bajong,Drone (rice field)
2,Brebes_Tegal,Bajong,Drone (rice field)
2,Brebes_Tegal,Bajong,Drone (rice field)
2,Brebes_Tegal,Bajong,Drone (rice field)
2,Brebes_Tegal,Bajong,Drone (rice field)
2,Brebes_Tegal,Bajong,Drone (rice field)
2,Brebes_Tegal,Bajong,Drone (rice field)
2,Brebes_Tegal,Bajong,Drone (rice field)
4,Brebes_Tegal,Bajong,Drone (rice field)
2,Brebes_Tegal,Bajong,Drone (rice field)
4,Brebes_Tegal,Bajong,Drone (rice field)
4,Brebes_Tegal,Bajong,Drone (rice field)
2,Brebes_Tegal,Bajong,Drone (rice field)
2,Brebes_Tegal,Bajong,Drone (rice field)
6,Brebes_Tegal,Bajong,Drone (rice field)
2,Brebes_Tegal,Bajong,Drone (rice field)
2,Brebes_Tegal,Bajong,Drone (rice field)
2,Brebes_Tegal,Bajong,Drone (rice field)
4,Brebes_Tegal,Bajong,Drone (rice field)
2,Brebes_Tegal,Bajong,Drone (rice field)
2,Brebes_Tegal,Bajong,Drone (rice field)
2,Brebes_Tegal,Bajong,Drone (rice field)
2,Brebes_Tegal,Bajong,Drone (rice field)
2,Brebes_Tegal,Bajong,Drone (rice field)
2,Brebes_Tegal,Bajong,Drone (rice field)
2,Brebes_Tegal,Bajong,Drone (rice field)
2,Brebes_Tegal,Bajong,Drone (rice field)
2,Brebes_Tegal,Bajong,Drone (rice field)
2,Brebes_Tegal,Bajong,Drone (rice field)
2,Brebes_Tegal,Bajong,Drone (rice field)
4,Brebes_Tegal,Bajong,Drone (rice field)
2,Brebes_Tegal,Bajong,Drone (rice field)
2,Brebes_Tegal,Bajong,Drone (rice field)
4,Brebes_Tegal,Bajong,Drone (rice field)
2,Brebes_Tegal,Bajong,Drone (rice field)
4,Brebes_Tegal,Bajong,Drone (rice field)
2,Brebes_Tegal,Bajong,Drone (rice field)
2,Brebes_Tegal,Bajong,Drone (rice field)
2,Brebes_Tegal,Bajong,Drone (rice field)
2,Brebes_Tegal,Bajong,Drone (rice field)
2,Brebes_Tegal,Bajong,Drone (rice field)
2,Brebes_Tegal,Bajong,Drone (rice field)
2,Brebes_Tegal,Bajong,Drone (rice field)
2,Brebes_Tegal,Bajong,Drone (rice field)
4,Brebes_Tegal,Bajong,Drone (rice field)
4,Brebes_Tegal,Bajong,Drone (rice field)
2,Brebes_Tegal,Bajong,Drone (rice field)
2,Brebes_Tegal,Bajong,Drone (rice field)
2,Brebes_Tegal,Bajong,Drone (rice field)
2,Brebes_Tegal,Bajong,Drone (rice field)
2,Brebes_Tegal,Bajong,Drone (rice field)
2,Brebes_Tegal,Bajong,Drone (rice field)
4,Brebes_Tegal,Bajong,Drone (rice field)
2,Brebes_Tegal,Bajong,Drone (rice field)
2,Brebes_Tegal,Bajong,Drone (rice field)
2,Brebes_Tegal,Bajong,Drone (rice field)
2,Brebes_Tegal,Bajong,Drone (rice field)
6,Brebes_Tegal,Bajong,Drone (rice field)
2,Brebes_Tegal,Bajong,Drone (rice field)
2,Brebes_Tegal,Bajong,Drone (rice field)
2,Brebes_Tegal,Bajong,Drone (rice field)
2,Brebes_Tegal,Bajong,Drone (rice field)
2,Brebes_Tegal,Bajong,Drone (rice field)
4,Brebes_Tegal,Bajong,Drone (rice field)
2,Brebes_Tegal,Bajong,Drone (rice field)
2,Brebes_Tegal,Bajong,Drone (rice field)
2,Brebes_Tegal,Bajong,Drone (rice field)
2,Brebes_Tegal,Bajong,Drone (rice field)
2,Brebes_Tegal,Bajong,Drone (rice field)
2,Brebes_Tegal,Bajong,Drone (rice field)
2,Brebes_Tegal,Bajong,Drone (rice field)
2,Brebes_Tegal,Bajong,Drone (rice field)
2,Brebes_Tegal,Bajong,Drone (rice field)
2,Brebes_Tegal,Bajong,Drone (rice field)
2,Brebes_Tegal,Bajong,Drone (rice field)
2,Brebes_Tegal,Bajong,Drone (rice field)
2,Brebes_Tegal,Bajong,Drone (rice field)
2,Brebes_Tegal,Bajong,Drone (rice field)
2,Brebes_Tegal,Bajong,Drone (rice field)
4,Brebes_Tegal,Bajong,Drone (rice field)
2,Brebes_Tegal,Bajong,Drone (rice field)
2,Brebes_Tegal,Bajong,Drone (rice field)
2,Brebes_Tegal,Bajong,Drone (rice field)
2,Brebes_Tegal,Bajong,Drone (rice field)
2,Brebes_Tegal,Bajong,Drone (rice field)
2,Brebes_Tegal,Bajong,Drone (rice field)
2,Brebes_Tegal,Bajong,Drone (rice field)
4,Brebes_Tegal,Bajong,Drone (rice field)
4,Brebes_Tegal,Bajong,Drone (rice field)
2,Brebes_Tegal,Bajong,Drone (rice field)
2,Brebes_Tegal,Bajong,Drone (rice field)
2,Brebes_Tegal,Bajong,Drone (rice field)
2,Brebes_Tegal,Bajong,Drone (rice field)
2,Brebes_Tegal,Bajong,Drone (rice field)
2,Brebes_Tegal,Bajong,Drone (rice field)
2,Brebes_Tegal,Bajong,Drone (rice field)
2,Brebes_Tegal,Bajong,Drone (rice field)
2,Brebes_Tegal,Bajong,Drone (rice field)
2,Brebes_Tegal,Bajong,Drone (rice field)
2,Brebes_Tegal,Bajong,Drone (rice field)
2,Brebes_Tegal,Bajong,Drone (rice field)
2,Brebes_Tegal,Bajong,Drone (rice field)
2,Brebes_Tegal,Bajong,Drone (rice field)
2,Brebes_Tegal,Bajong,Drone (rice field)
4,Brebes_Tegal,Bajong,Drone (rice field)
4,Brebes_Tegal,Bajong,Drone (rice field)
4,Brebes_Tegal,Bajong,Drone (rice field)
4,Brebes_Tegal,Bajong,Drone (rice field)
2,Brebes_Tegal,Bajong,Drone (rice field)
2,Brebes_Tegal,Bajong,Drone (rice field)
2,Brebes_Tegal,Bajong,Drone (rice field)
2,Brebes_Tegal,Bajong,Drone (rice field)
2,Brebes_Tegal,Bajong,Drone (rice field)
2,Brebes_Tegal,Bajong,Drone (rice field)
2,Brebes_Tegal,Bajong,Drone (rice field)
2,Brebes_Tegal,Bajong,Drone (rice field)
4,Brebes_Tegal,Bajong,Drone (rice field)
4,Brebes_Tegal,Bajong,Drone (rice field)
4,Brebes_Tegal,Bajong,Drone (rice field)
4,Brebes_Tegal,Bajong,Drone (rice field)
2,Brebes_Tegal,Bajong,Drone (rice field)
2,Brebes_Tegal,Bajong,Drone (rice field)
2,Brebes_Tegal,Bajong,Drone (rice field)
2,Brebes_Tegal,Bajong,Drone (rice field)
4,Brebes_Tegal,Bajong,Drone (rice field)
4,Brebes_Tegal,Bajong,Drone (rice field)
4,Brebes_Tegal,Bajong,Drone (rice field)
4,Brebes_Tegal,Bajong,Drone (rice field)
4,Brebes_Tegal,Bajong,Drone (rice field)
4,Brebes_Tegal,Bajong,Drone (rice field)
2,Brebes_Tegal,Bajong,Drone (rice field)
2,Brebes_Tegal,Bajong,Drone (rice field)
2,Brebes_Tegal,Bajong,Drone (rice field)
4,Brebes_Tegal,Bajong,Drone (rice field)
4,Brebes_Tegal,Bajong,Drone (rice field)
4,Brebes_Tegal,Bajong,Drone (rice field)
4,Brebes_Tegal,Bajong,Drone (rice field)
4,Brebes_Tegal,Bajong,Drone (rice field)
4,Brebes_Tegal,Bajong,Drone (rice field)
2,Brebes_Tegal,Bajong,Drone (rice field)
2,Brebes_Tegal,Bajong,Drone (rice field)
2,Brebes_Tegal,Bajong,Drone (rice field)
4,Brebes_Tegal,Bajong,Drone (rice field)
4,Brebes_Tegal,Bajong,Drone (rice field)
4,Brebes_Tegal,Bajong,Drone (rice field)
4,Brebes_Tegal,Bajong,Drone (rice field)
4,Brebes_Tegal,Bajong,Drone (rice field)
4,Brebes_Tegal,Bajong,Drone (rice field)
4,Brebes_Tegal,Bajong,Drone (rice field)
4,Brebes_Tegal,Bajong,Drone (rice field)
4,Brebes_Tegal,Bajong,Drone (rice field)
4,Brebes_Tegal,Bajong,Drone (rice field)
4,Brebes_Tegal,Bajong,Drone (rice field)
4,Brebes_Tegal,Bajong,Drone (rice field)
4,Brebes_Tegal,Bajong,Drone (rice field)
4,Brebes_Tegal,Bajong,Drone (rice field)
1,Brebes_Tegal,,Drone (rice field)
3,Brebes_Tegal,Pesuruhan,Drone (rice field)
6,Brebes_Tegal,Pesuruhan,Drone (rice field)
6,Brebes_Tegal,Pesuruhan,Drone (rice field)
3,Brebes_Tegal,Pesuruhan,Drone (rice field)
3,Brebes_Tegal,Pesuruhan,Drone (rice field)
6,Brebes_Tegal,Pesuruhan,Drone (rice field)
6,Brebes_Tegal,Pesuruhan,Drone (rice field)
6,Brebes_Tegal,Pesuruhan,Drone (rice field)
3,Brebes_Tegal,Pesuruhan,Drone (rice field)
6,Brebes_Tegal,Pesuruhan,Drone (rice field)
3,Brebes_Tegal,Pesuruhan,Drone (rice field)
6,Brebes_Tegal,Pesuruhan,Drone (rice field)
6,Brebes_Tegal,Pesuruhan,Drone (rice field)
6,Brebes_Tegal,Pesuruhan,Drone (rice field)
6,Brebes_Tegal,Pesuruhan,Drone (rice field)
6,Brebes_Tegal,Pesuruhan,Drone (rice field)
3,Brebes_Tegal,Pesuruhan,Drone (rice field)
6,Brebes_Tegal,Pesuruhan,Drone (rice field)
6,Brebes_Tegal,Pesuruhan,Drone (rice field)
3,Brebes_Tegal,Pesuruhan,Drone (rice field)
3,Brebes_Tegal,Pesuruhan,Drone (rice field)
3,Brebes_Tegal,Pesuruhan,Drone (rice field)
6,Brebes_Tegal,Pesuruhan,Drone (rice field)
3,Brebes_Tegal,Pesuruhan,Drone (rice field)
6,Brebes_Tegal,Pesuruhan,Drone (rice field)
6,Brebes_Tegal,Pesuruhan,Drone (rice field)
6,Brebes_Tegal,Pesuruhan,Drone (rice field)
6,Brebes_Tegal,Pesuruhan,Drone (rice field)
6,Brebes_Tegal,Pesuruhan,Drone (rice field)
6,Brebes_Tegal,Pesuruhan,Drone (rice field)
6,Brebes_Tegal,Pesuruhan,Drone (rice field)
6,Brebes_Tegal,Pesuruhan,Drone (rice field)
6,Pekalongan,Banjareja,Drone (rice field)
6,Brebes_Tegal,Pesuruhan,Drone (rice field)
6,Pekalongan,Banjareja,Drone (rice field)
6,Pekalongan,Banjareja,Drone (rice field)
6,Pekalongan,Banjareja,Drone (rice field)
6,Pekalongan,Banjareja,Drone (rice field)
6,Brebes_Tegal,Pesuruhan,Drone (rice field)
6,Brebes_Tegal,Pesuruhan,Drone (rice field)
6,Brebes_Tegal,Pesuruhan,Drone (rice field)
6,Brebes_Tegal,Pesuruhan,Drone (rice field)
6,Pekalongan,Banjareja,Drone (rice field)
6,Pekalongan,Banjareja,Drone (rice field)
3,Brebes_Tegal,Pesuruhan,Drone (rice field)
6,Brebes_Tegal,Pesuruhan,Drone (rice field)
3,Brebes_Tegal,Pesuruhan,Drone (rice field)
6,Brebes_Tegal,Pesuruhan,Drone (rice field)
3,Brebes_Tegal,Pesuruhan,Drone (rice field)
3,Brebes_Tegal,Pesuruhan,Drone (rice field)
6,Pekalongan,Banjareja,Drone (rice field)
6,Brebes_Tegal,Pesuruhan,Drone (rice field)
6,Brebes_Tegal,Pesuruhan,Drone (rice field)
3,Brebes_Tegal,Pesuruhan,Drone (rice field)
3,Brebes_Tegal,Pesuruhan,Drone (rice field)
6,Brebes_Tegal,Pesuruhan,Drone (rice field)
6,Brebes_Tegal,Pesuruhan,Drone (rice field)
6,Brebes_Tegal,Pesuruhan,Drone (rice field)
6,Brebes_Tegal,Pesuruhan,Drone (rice field)
3,Brebes_Tegal,Pesuruhan,Drone (rice field)
3,Brebes_Tegal,Pesuruhan,Drone (rice field)
3,Brebes_Tegal,Pesuruhan,Drone (rice field)
6,Brebes_Tegal,Pesuruhan,Drone (rice field)
6,Pekalongan,Banjareja,Drone (rice field)
6,Pekalongan,Banjareja,Drone (rice field)
3,Brebes_Tegal,Pesuruhan,Drone (rice field)
6,Brebes_Tegal,Pesuruhan,Drone (rice field)
6,Brebes_Tegal,Pesuruhan,Drone (rice field)
3,Brebes_Tegal,Pesuruhan,Drone (rice field)
3,Brebes_Tegal,Pesuruhan,Drone (rice field)
6,Pekalongan,Banjareja,Drone (rice field)
6,Brebes_Tegal,Pesuruhan,Drone (rice field)
3,Brebes_Tegal,Pesuruhan,Drone (rice field)
6,Brebes_Tegal,Pesuruhan,Drone (rice field)
6,Brebes_Tegal,Pesuruhan,Drone (rice field)
6,Pekalongan,Banjareja,Drone (rice field)
6,Pekalongan,Banjareja,Drone (rice field)
6,Pekalongan,Banjareja,Drone (rice field)
6,Brebes_Tegal,Pesuruhan,Drone (rice field)
3,Brebes_Tegal,Pesuruhan,Drone (rice field)
6,Pekalongan,Banjareja,Drone (rice field)
6,Pekalongan,Banjareja,Drone (rice field)
4,Brebes_Tegal,Pesuruhan,Drone (rice field)
3,Brebes_Tegal,Pesuruhan,Drone (rice field)
6,Brebes_Tegal,Pesuruhan,Drone (rice field)
6,Brebes_Tegal,Pesuruhan,Drone (rice field)
3,Brebes_Tegal,Pesuruhan,Drone (rice field)
6,Brebes_Tegal,Pesuruhan,Drone (rice field)
3,Brebes_Tegal,Pesuruhan,Drone (rice field)
6,Pekalongan,Banjareja,Drone (rice field)
6,Pekalongan,Banjareja,Drone (rice field)
3,Brebes_Tegal,Pesuruhan,Drone (rice field)
6,Brebes_Tegal,Pesuruhan,Drone (rice field)
3,Brebes_Tegal,Pesuruhan,Drone (rice field)
6,Brebes_Tegal,Pesuruhan,Drone (rice field)
6,Brebes_Tegal,Pesuruhan,Drone (rice field)
6,Pekalongan,Banjareja,Drone (rice field)
6,Pekalongan,Banjareja,Drone (rice field)
3,Brebes_Tegal,Pesuruhan,Drone (rice field)
6,Pekalongan,Banjareja,Drone (rice field)
3,Brebes_Tegal,Pesuruhan,Drone (rice field)
6,Pekalongan,Banjareja,Drone (rice field)
6,Pekalongan,Banjareja,Drone (rice field)
6,Pekalongan,Banjareja,Drone (rice field)
6,Pekalongan,Banjareja,Drone (rice field)
4,Brebes_Tegal,Pesuruhan,Drone (rice field)
6,Pekalongan,Banjareja,Drone (rice field)
6,Pekalongan,Banjareja,Drone (rice field)
6,Pekalongan,Banjareja,Drone (rice field)
6,Pekalongan,Banjareja,Drone (rice field)
6,Pekalongan,Banjareja,Drone (rice field)
6,Pekalongan,Banjareja,Drone (rice field)
6,Pekalongan,Banjareja,Drone (rice field)
3,Brebes_Tegal,Pesuruhan,Drone (rice field)
3,Brebes_Tegal,Pesuruhan,Drone (rice field)
6,Pekalongan,Banjareja,Drone (rice field)
6,Pekalongan,Banjareja,Drone (rice field)
6,Pekalongan,Banjareja,Drone (rice field)
6,Pekalongan,Banjareja,Drone (rice field)
6,Pekalongan,Banjareja,Drone (rice field)
6,Pekalongan,Banjareja,Drone (rice field)
6,Pekalongan,Banjareja,Drone (rice field)
6,Pekalongan,Banjareja,Drone (rice field)
6,Pekalongan,Banjareja,Drone (rice field)
6,Pekalongan,Banjareja,Drone (rice field)
6,Pekalongan,Banjareja,Drone (rice field)
6,Brebes_Tegal,Pesuruhan,Drone (rice field)
6,Pekalongan,Banjareja,Drone (rice field)
6,Pekalongan,Banjareja,Drone (rice field)
6,Pekalongan,Banjareja,Drone (rice field)
6,Brebes_Tegal,Pesuruhan,Drone (rice field)
6,Brebes_Tegal,Pesuruhan,Drone (rice field)
6,Brebes_Tegal,Pesuruhan,Drone (rice field)
6,Pekalongan,Banjareja,Drone (rice field)
6,Pekalongan,Banjareja,Drone (rice field)
6,Pekalongan,Banjareja,Drone (rice field)
6,Pekalongan,Banjareja,Drone (rice field)
6,Pekalongan,Banjareja,Drone (rice field)
6,Pekalongan,Banjareja,Drone (rice field)
6,Pekalongan,Banjareja,Drone (rice field)
6,Pekalongan,Banjareja,Drone (rice field)
6,Pekalongan,Banjareja,Drone (rice field)
6,Pekalongan,Banjareja,Drone (rice field)
6,Pekalongan,Banjareja,Drone (rice field)
6,Pekalongan,Banjareja,Drone (rice field)
6,Pekalongan,Banjareja,Drone (rice field)
6,Pekalongan,Banjareja,Drone (rice field)
6,Pekalongan,Banjareja,Drone (rice field)
6,Pekalongan,Banjareja,Drone (rice field)
6,Pekalongan,Banjareja,Drone (rice field)
6,Pekalongan,Banjareja,Drone (rice field)
6,Pekalongan,Banjareja,Drone (rice field)
6,Pekalongan,Banjareja,Drone (rice field)
6,Pekalongan,Banjareja,Drone (rice field)
6,Pekalongan,Banjareja,Drone (rice field)
6,Pekalongan,Banjareja,Drone (rice field)
6,Pekalongan,Banjareja,Drone (rice field)
6,Pekalongan,Banjareja,Drone (rice field)
6,Pekalongan,Banjareja,Drone (rice field)
6,Pekalongan,Banjareja,Drone (rice field)
6,Pekalongan,Banjareja,Drone (rice field)
6,Pekalongan,Banjareja,Drone (rice field)
6,Pekalongan,Banjareja,Drone (rice field)
6,Pekalongan,Banjareja,Drone (rice field)
6,Pekalongan,Banjareja,Drone (rice field)
6,Pekalongan,Banjareja,Drone (rice field)
6,Pekalongan,Banjareja,Drone (rice field)
6,Pekalongan,Banjareja,Drone (rice field)
6,Pekalongan,Banjareja,Drone (rice field)
6,Pekalongan,Banjareja,Drone (rice field)
6,Pekalongan,Banjareja,Drone (rice field)
6,Pekalongan,Banjareja,Drone (rice field)
6,Pekalongan,Banjareja,Drone (rice field)
6,Pekalongan,Banjareja,Drone (rice field)
6,Pekalongan,Banjareja,Drone (rice field)
6,Pekalongan,Banjareja,Drone (rice field)
6,Pekalongan,Banjareja,Drone (rice field)
6,Pekalongan,Banjareja,Drone (rice field)
6,Pekalongan,Banjareja,Drone (rice field)
6,Pekalongan,Banjareja,Drone (rice field)
6,Pekalongan,Banjareja,Drone (rice field)
6,Pekalongan,Banjareja,Drone (rice field)
6,Pekalongan,Banjareja,Drone (rice field)
6,Pekalongan,Banjareja,Drone (rice field)
6,Pekalongan,Banjareja,Drone (rice field)
6,Pekalongan,Banjareja,Drone (rice field)
6,Pekalongan,Banjareja,Drone (rice field)
6,Pekalongan,Banjareja,Drone (rice field)
6,Pekalongan,Banjareja,Drone (rice field)
6,Pekalongan,Banjareja,Drone (rice field)
6,Pekalongan,Banjareja,Drone (rice field)
6,Pekalongan,Banjareja,Drone (rice field)
6,Pekalongan,Banjareja,Drone (rice field)
6,Pekalongan,Banjareja,Drone (rice field)
6,Pekalongan,Banjareja,Drone (rice field)
6,Pekalongan,Banjareja,Drone (rice field)
6,Pekalongan,Banjareja,Drone (rice field)
6,Pekalongan,Banjareja,Drone (rice field)
6,Pekalongan,Banjareja,Drone (rice field)
6,Pekalongan,Banjareja,Drone (rice field)
6,Pekalongan,Banjareja,Drone (rice field)
6,Pekalongan,Banjareja,Drone (rice field)
6,Pekalongan,Banjareja,Drone (rice field)
6,Pekalongan,Banjareja,Drone (rice field)
6,Pekalongan,Banjareja,Drone (rice field)
6,Pekalongan,Banjareja,Drone (rice field)
6,Pekalongan,Banjareja,Drone (rice field)
6,Pekalongan,Banjareja,Drone (rice field)
6,Pekalongan,Banjareja,Drone (rice field)
6,Pekalongan,Banjareja,Drone (rice field)
6,Pekalongan,Banjareja,Drone (rice field)
6,Pekalongan,Banjareja,Drone (rice field)
6,Pekalongan,Banjareja,Drone (rice field)
6,Pekalongan,Banjareja,Drone (rice field)
6,Pekalongan,Banjareja,Drone (rice field)
6,Pekalongan,Banjareja,Drone (rice field)
6,Pekalongan,Banjareja,Drone (rice field)
6,Pekalongan,Banjareja,Drone (rice field)
6,Pekalongan,Banjareja,Drone (rice field)
6,Pekalongan,Banjareja,Drone (rice field)
6,Pekalongan,Banjareja,Drone (rice field)
6,Pekalongan,Banjareja,Drone (rice field)
6,Pekalongan,Banjareja,Drone (rice field)
6,Pekalongan,Banjareja,Drone (rice field)
6,Pekalongan,Banjareja,Drone (rice field)
6,Pekalongan,Banjareja,Drone (rice field)
6,Pekalongan,Banjareja,Drone (rice field)
6,Pekalongan,Banjareja,Drone (rice field)
6,Pekalongan,Banjareja,Drone (rice field)
6,Pekalongan,Banjareja,Drone (rice field)
6,Pekalongan,Banjareja,Drone (rice field)
6,Pekalongan,Banjareja,Drone (rice field)
6,Pekalongan,Banjareja,Drone (rice field)
6,Pekalongan,Banjareja,Drone (rice field)
6,Pekalongan,Banjareja,Drone (rice field)
6,Pekalongan,Banjareja,Drone (rice field)
6,Pekalongan,Banjareja,Drone (rice field)
6,Pekalongan,Banjareja,Drone (rice field)
6,Pekalongan,Banjareja,Drone (rice field)
6,Pekalongan,Banjareja,Drone (rice field)
6,Pekalongan,Banjareja,Drone (rice field)
6,Pekalongan,Banjareja,Drone (rice field)
2,Brebes_Tegal,Jatiluhur,Drone (rice field)
2,Brebes_Tegal,Jatiluhur,Drone (rice field)
2,Brebes_Tegal,Jatiluhur,Drone (rice field)
2,Brebes_Tegal,Jatiluhur,Drone (rice field)
2,Brebes_Tegal,Jatiluhur,Drone (rice field)
2,Brebes_Tegal,Jatiluhur,Drone (rice field)
2,Brebes_Tegal,Jatiluhur,Drone (rice field)
2,Brebes_Tegal,Jatiluhur,Drone (rice field)
2,Brebes_Tegal,Jatiluhur,Drone (rice field)
2,Brebes_Tegal,Jatiluhur,Drone (rice field)
2,Brebes_Tegal,Jatiluhur,Drone (rice field)
2,Brebes_Tegal,Jatiluhur,Drone (rice field)
2,Brebes_Tegal,Jatiluhur,Drone (rice field)
6,Brebes_Tegal,Jatiluhur,Drone (rice field)
2,Brebes_Tegal,Jatiluhur,Drone (rice field)
2,Brebes_Tegal,Jatiluhur,Drone (rice field)
2,Brebes_Tegal,Jatiluhur,Drone (rice field)
2,Brebes_Tegal,Jatiluhur,Drone (rice field)
2,Brebes_Tegal,Jatiluhur,Drone (rice field)
2,Brebes_Tegal,Jatiluhur,Drone (rice field)
2,Brebes_Tegal,Jatiluhur,Drone (rice field)
2,Brebes_Tegal,Jatiluhur,Drone (rice field)
2,Brebes_Tegal,Jatiluhur,Drone (rice field)
2,Brebes_Tegal,Jatiluhur,Drone (rice field)
2,Brebes_Tegal,Jatiluhur,Drone (rice field)
2,Brebes_Tegal,Jatiluhur,Drone (rice field)
6,Brebes_Tegal,Jatiluhur,Drone (rice field)
6,Brebes_Tegal,Jatiluhur,Drone (rice field)
6,Brebes_Tegal,Jatiluhur,Drone (rice field)
2,Brebes_Tegal,Jatiluhur,Drone (rice field)
2,Brebes_Tegal,Jatiluhur,Drone (rice field)
2,Brebes_Tegal,Jatiluhur,Drone (rice field)
6,Brebes_Tegal,Jatiluhur,Drone (rice field)
2,Brebes_Tegal,Jatiluhur,Drone (rice field)
6,Brebes_Tegal,Jatiluhur,Drone (rice field)
2,Brebes_Tegal,Jatiluhur,Drone (rice field)
2,Brebes_Tegal,Jatiluhur,Drone (rice field)
2,Brebes_Tegal,Jatiluhur,Drone (rice field)
2,Brebes_Tegal,Jatiluhur,Drone (rice field)
2,Brebes_Tegal,Jatiluhur,Drone (rice field)
2,Brebes_Tegal,Jatiluhur,Drone (rice field)
6,Brebes_Tegal,Jatiluhur,Drone (rice field)
2,Brebes_Tegal,Jatiluhur,Drone (rice field)
2,Brebes_Tegal,Jatiluhur,Drone (rice field)
2,Brebes_Tegal,Jatiluhur,Drone (rice field)
2,Brebes_Tegal,Jatiluhur,Drone (rice field)
2,Brebes_Tegal,Jatiluhur,Drone (rice field)
2,Brebes_Tegal,Jatiluhur,Drone (rice field)
2,Brebes_Tegal,Jatiluhur,Drone (rice field)
2,Brebes_Tegal,Jatiluhur,Drone (rice field)
6,Brebes_Tegal,Jatiluhur,Drone (rice field)
6,Brebes_Tegal,Jatiluhur,Drone (rice field)
2,Brebes_Tegal,Jatiluhur,Drone (rice field)
2,Brebes_Tegal,Jatiluhur,Drone (rice field)
2,Brebes_Tegal,Jatiluhur,Drone (rice field)
6,Brebes_Tegal,Jatiluhur,Drone (rice field)
6,Brebes_Tegal,Jatiluhur,Drone (rice field)
2,Brebes_Tegal,Jatiluhur,Drone (rice field)
6,Brebes_Tegal,Jatiluhur,Drone (rice field)
2,Brebes_Tegal,Jatiluhur,Drone (rice field)
2,Brebes_Tegal,Jatiluhur,Drone (rice field)
2,Brebes_Tegal,Jatiluhur,Drone (rice field)
2,Brebes_Tegal,Jatiluhur,Drone (rice field)
2,Brebes_Tegal,Jatiluhur,Drone (rice field)
2,Brebes_Tegal,Jatiluhur,Drone (rice field)
2,Brebes_Tegal,Jatiluhur,Drone (rice field)
6,Brebes_Tegal,Jatiluhur,Drone (rice field)
6,Brebes_Tegal,Jatiluhur,Drone (rice field)
2,Brebes_Tegal,Jatiluhur,Drone (rice field)
6,Brebes_Tegal,Jatiluhur,Drone (rice field)
2,Brebes_Tegal,Jatiluhur,Drone (rice field)
6,Brebes_Tegal,Jatiluhur,Drone (rice field)
2,Brebes_Tegal,Jatiluhur,Drone (rice field)
2,Brebes_Tegal,Jatiluhur,Drone (rice field)
2,Brebes_Tegal,Jatiluhur,Drone (rice field)
2,Brebes_Tegal,Jatiluhur,Drone (rice field)
2,Brebes_Tegal,Jatiluhur,Drone (rice field)
2,Brebes_Tegal,Jatiluhur,Drone (rice field)
2,Brebes_Tegal,Jatiluhur,Drone (rice field)
6,Brebes_Tegal,Jatiluhur,Drone (rice field)
6,Brebes_Tegal,Jatiluhur,Drone (rice field)
6,Brebes_Tegal,Jatiluhur,Drone (rice field)
2,Brebes_Tegal,Jatiluhur,Drone (rice field)
2,Brebes_Tegal,Jatiluhur,Drone (rice field)
2,Brebes_Tegal,Jatiluhur,Drone (rice field)
6,Brebes_Tegal,Jatiluhur,Drone (rice field)
6,Brebes_Tegal,Jatiluhur,Drone (rice field)
2,Brebes_Tegal,Jatiluhur,Drone (rice field)
2,Brebes_Tegal,Jatiluhur,Drone (rice field)
2,Brebes_Tegal,Jatiluhur,Drone (rice field)
2,Brebes_Tegal,Jatiluhur,Drone (rice field)
2,Brebes_Tegal,Jatiluhur,Drone (rice field)
2,Brebes_Tegal,Jatiluhur,Drone (rice field)
6,Brebes_Tegal,Jatiluhur,Drone (rice field)
6,Brebes_Tegal,Jatiluhur,Drone (rice field)
6,Brebes_Tegal,Jatiluhur,Drone (rice field)
6,Brebes_Tegal,Jatiluhur,Drone (rice field)
2,Brebes_Tegal,Jatiluhur,Drone (rice field)
2,Brebes_Tegal,Jatiluhur,Drone (rice field)
2,Brebes_Tegal,Jatiluhur,Drone (rice field)
6,Brebes_Tegal,Jatiluhur,Drone (rice field)
6,Brebes_Tegal,Jatiluhur,Drone (rice field)
2,Brebes_Tegal,Jatiluhur,Drone (rice field)
2,Brebes_Tegal,Jatiluhur,Drone (rice field)
2,Brebes_Tegal,Jatiluhur,Drone (rice field)
2,Brebes_Tegal,Jatiluhur,Drone (rice field)
2,Brebes_Tegal,Jatiluhur,Drone (rice field)
2,Brebes_Tegal,Jatiluhur,Drone (rice field)
2,Brebes_Tegal,Jatiluhur,Drone (rice field)
2,Brebes_Tegal,Jatiluhur,Drone (rice field)
2,Brebes_Tegal,Jatiluhur,Drone (rice field)
6,Brebes_Tegal,Jatiluhur,Drone (rice field)
6,Brebes_Tegal,Jatiluhur,Drone (rice field)
2,Brebes_Tegal,Jatiluhur,Drone (rice field)
2,Brebes_Tegal,Jatiluhur,Drone (rice field)
2,Brebes_Tegal,Jatiluhur,Drone (rice field)
6,Brebes_Tegal,Jatiluhur,Drone (rice field)
6,Brebes_Tegal,Jatiluhur,Drone (rice field)
2,Brebes_Tegal,Jatiluhur,Drone (rice field)
2,Brebes_Tegal,Jatiluhur,Drone (rice field)
6,Brebes_Tegal,Jatiluhur,Drone (rice field)
6,Brebes_Tegal,Jatiluhur,Drone (rice field)
6,Brebes_Tegal,Jatiluhur,Drone (rice field)
6,Brebes_Tegal,Jatiluhur,Drone (rice field)
2,Brebes_Tegal,Jatiluhur,Drone (rice field)
2,Brebes_Tegal,Jatiluhur,Drone (rice field)
2,Brebes_Tegal,Jatiluhur,Drone (rice field)
2,Brebes_Tegal,Jatiluhur,Drone (rice field)
6,Brebes_Tegal,Jatiluhur,Drone (rice field)
2,Brebes_Tegal,Jatiluhur,Drone (rice field)
6,Brebes_Tegal,Jatiluhur,Drone (rice field)
2,Brebes_Tegal,Jatiluhur,Drone (rice field)
2,Brebes_Tegal,Jatiluhur,Drone (rice field)
2,Brebes_Tegal,Jatiluhur,Drone (rice field)
2,Brebes_Tegal,Jatiluhur,Drone (rice field)
2,Brebes_Tegal,Jatiluhur,Drone (rice field)
2,Brebes_Tegal,Jatiluhur,Drone (rice field)
6,Brebes_Tegal,Jatiluhur,Drone (rice field)
6,Brebes_Tegal,Jatiluhur,Drone (rice field)
6,Brebes_Tegal,Jatiluhur,Drone (rice field)
6,Brebes_Tegal,Jatiluhur,Drone (rice field)
6,Brebes_Tegal,Jatiluhur,Drone (rice field)
2,Brebes_Tegal,Jatiluhur,Drone (rice field)
6,Brebes_Tegal,Jatiluhur,Drone (rice field)
2,Brebes_Tegal,Jatiluhur,Drone (rice field)
2,Brebes_Tegal,Jatiluhur,Drone (rice field)
2,Brebes_Tegal,Jatiluhur,Drone (rice field)
2,Brebes_Tegal,Jatiluhur,Drone (rice field)
2,Brebes_Tegal,Jatiluhur,Drone (rice field)
2,Brebes_Tegal,Jatiluhur,Drone (rice field)
2,Brebes_Tegal,Jatiluhur,Drone (rice field)
6,Brebes_Tegal,Jatiluhur,Drone (rice field)
2,Brebes_Tegal,Jatiluhur,Drone (rice field)
2,Brebes_Tegal,Jatiluhur,Drone (rice field)
2,Brebes_Tegal,Jatiluhur,Drone (rice field)
2,Brebes_Tegal,Jatiluhur,Drone (rice field)
6,Brebes_Tegal,Jatiluhur,Drone (rice field)
6,Brebes_Tegal,Jatiluhur,Drone (rice field)
2,Brebes_Tegal,Jatiluhur,Drone (rice field)
6,Brebes_Tegal,Jatiluhur,Drone (rice field)
2,Brebes_Tegal,Jatiluhur,Drone (rice field)
6,Brebes_Tegal,Jatiluhur,Drone (rice field)
2,Brebes_Tegal,Jatiluhur,Drone (rice field)
2,Brebes_Tegal,Jatiluhur,Drone (rice field)
2,Brebes_Tegal,Jatiluhur,Drone (rice field)
2,Brebes_Tegal,Jatiluhur,Drone (rice field)
2,Brebes_Tegal,Jatiluhur,Drone (rice field)
2,Brebes_Tegal,Jatiluhur,Drone (rice field)
2,Brebes_Tegal,Jatiluhur,Drone (rice field)
2,Brebes_Tegal,Jatiluhur,Drone (rice field)
2,Brebes_Tegal,Jatiluhur,Drone (rice field)
2,Brebes_Tegal,Jatiluhur,Drone (rice field)
2,Brebes_Tegal,Jatiluhur,Drone (rice field)
5,Cirebon,11_Indramayu,Drone (rice field)
5,Cirebon,11_Indramayu,Drone (rice field)
5,Cirebon,11_Indramayu,Drone (rice field)
5,Cirebon,11_Indramayu,Drone (rice field)
5,Cirebon,11_Indramayu,Drone (rice field)
5,Cirebon,11_Indramayu,Drone (rice field)
5,Cirebon,11_Indramayu,Drone (rice field)
5,Cirebon,11_Indramayu,Drone (rice field)
5,Cirebon,11_Indramayu,Drone (rice field)
5,Cirebon,11_Indramayu,Drone (rice field)
5,Cirebon,11_Indramayu,Drone (rice field)
5,Cirebon,11_Indramayu,Drone (rice field)
5,Cirebon,11_Indramayu,Drone (rice field)
5,Cirebon,11_Indramayu,Drone (rice field)
5,Cirebon,11_Indramayu,Drone (rice field)
5,Cirebon,11_Indramayu,Drone (rice field)
5,Cirebon,11_Indramayu,Drone (rice field)
4,Cirebon,11_Indramayu,Drone (rice field)
5,Cirebon,11_Indramayu,Drone (rice field)
5,Cirebon,11_Indramayu,Drone (rice field)
5,Cirebon,11_Indramayu,Drone (rice field)
5,Cirebon,11_Indramayu,Drone (rice field)
5,Cirebon,11_Indramayu,Drone (rice field)
5,Cirebon,11_Indramayu,Drone (rice field)
5,Cirebon,11_Indramayu,Drone (rice field)
5,Cirebon,11_Indramayu,Drone (rice field)
5,Cirebon,11_Indramayu,Drone (rice field)
5,Cirebon,11_Indramayu,Drone (rice field)
5,Cirebon,11_Indramayu,Drone (rice field)
5,Cirebon,11_Indramayu,Drone (rice field)
5,Cirebon,11_Indramayu,Drone (rice field)
5,Cirebon,11 Indramayu,Drone (rice field)
5,Cirebon,11_Indramayu,Drone (rice field)
5,Cirebon,11_Indramayu,Drone (rice field)
4,Cirebon,11_Indramayu,Drone (rice field)
5,Cirebon,11_Indramayu,Drone (rice field)
5,Cirebon,11_Indramayu,Drone (rice field)
5,Cirebon,11_Indramayu,Drone (rice field)
5,Cirebon,11_Indramayu,Drone (rice field)
5,Cirebon,11_Indramayu,Drone (rice field)
5,Cirebon,11_Indramayu,Drone (rice field)
5,Cirebon,11_Indramayu,Drone (rice field)
5,Cirebon,11_Indramayu,Drone (rice field)
5,Cirebon,11_Indramayu,Drone (rice field)
5,Cirebon,11_Indramayu,Drone (rice field)
4,Cirebon,11_Indramayu,Drone (rice field)
5,Cirebon,11_Indramayu,Drone (rice field)
5,Cirebon,11 Indramayu,Drone (rice field)
5,Cirebon,11_Indramayu,Drone (rice field)
5,Cirebon,11_Indramayu,Drone (rice field)
5,Cirebon,11_Indramayu,Drone (rice field)
5,Cirebon,11_Indramayu,Drone (rice field)
5,Cirebon,11_Indramayu,Drone (rice field)
5,Cirebon,11_Indramayu,Drone (rice field)
5,Cirebon,11_Indramayu,Drone (rice field)
5,Cirebon,11_Indramayu,Drone (rice field)
5,Cirebon,11_Indramayu,Drone (rice field)
5,Cirebon,11_Indramayu,Drone (rice field)
5,Cirebon,11_Indramayu,Drone (rice field)
4,Cirebon,11_Indramayu,Drone (rice field)
5,Cirebon,11_Indramayu,Drone (rice field)
5,Cirebon,11_Indramayu,Drone (rice field)
5,Cirebon,11_Indramayu,Drone (rice field)
5,Cirebon,11_Indramayu,Drone (rice field)
5,Cirebon,11_Indramayu,Drone (rice field)
5,Cirebon,11_Indramayu,Drone (rice field)
5,Cirebon,11_Indramayu,Drone (rice field)
5,Cirebon,11_Indramayu,Drone (rice field)
5,Cirebon,11_Indramayu,Drone (rice field)
5,Cirebon,11_Indramayu,Drone (rice field)
5,Cirebon,11_Indramayu,Drone (rice field)
5,Cirebon,11_Indramayu,Drone (rice field)
5,Cirebon,11_Indramayu,Drone (rice field)
5,Cirebon,11_Indramayu,Drone (rice field)
5,Cirebon,11_Indramayu,Drone (rice field)
5,Cirebon,11_Indramayu,Drone (rice field)
4,Cirebon,11 Indramayu,Drone (rice field)
6,Cirebon,22_Sindang-Indramayu,Drone (rice field)
6,Cirebon,22_Sindang-Indramayu,Drone (rice field)
6,Cirebon,22_Sindang-Indramayu,Drone (rice field)
6,Cirebon,22_Sindang-Indramayu,Drone (rice field)
6,Cirebon,22_Sindang-Indramayu,Drone (rice field)
6,Cirebon,22_Sindang-Indramayu,Drone (rice field)
6,Cirebon,22_Sindang-Indramayu,Drone (rice field)
6,Cirebon,22_Sindang-Indramayu,Drone (rice field)
6,Cirebon,22_Sindang-Indramayu,Drone (rice field)
6,Cirebon,22_Sindang-Indramayu,Drone (rice field)
6,Cirebon,22_Sindang-Indramayu,Drone (rice field)
6,Cirebon,22_Sindang-Indramayu,Drone (rice field)
6,Cirebon,22_Sindang-Indramayu,Drone (rice field)
6,Cirebon,22_Sindang-Indramayu,Drone (rice field)
6,Cirebon,22_Sindang-Indramayu,Drone (rice field)
6,Cirebon,22_Sindang-Indramayu,Drone (rice field)
6,Cirebon,22_Sindang-Indramayu,Drone (rice field)
6,Cirebon,22_Sindang-Indramayu,Drone (rice field)
6,Cirebon,22_Sindang-Indramayu,Drone (rice field)
6,Cirebon,22_Sindang-Indramayu,Drone (rice field)
6,Cirebon,22_Sindang-Indramayu,Drone (rice field)
6,Cirebon,22_Sindang-Indramayu,Drone (rice field)
6,Cirebon,22_Sindang-Indramayu,Drone (rice field)
6,Cirebon,22_Sindang-Indramayu,Drone (rice field)
6,Cirebon,22_Sindang-Indramayu,Drone (rice field)
6,Cirebon,22_Sindang-Indramayu,Drone (rice field)
6,Cirebon,22_Sindang-Indramayu,Drone (rice field)
6,Cirebon,22_Sindang-Indramayu,Drone (rice field)
6,Cirebon,22_Sindang-Indramayu,Drone (rice field)
6,Cirebon,22_Sindang-Indramayu,Drone (rice field)
6,Cirebon,22_Sindang-Indramayu,Drone (rice field)
6,Cirebon,22_Sindang-Indramayu,Drone (rice field)
6,Cirebon,22_Sindang-Indramayu,Drone (rice field)
6,Cirebon,22_Sindang-Indramayu,Drone (rice field)
6,Cirebon,22_Sindang-Indramayu,Drone (rice field)
6,Cirebon,22_Sindang-Indramayu,Drone (rice field)
6,Cirebon,22_Sindang-Indramayu,Drone (rice field)
6,Cirebon,22_Sindang-Indramayu,Drone (rice field)
6,Cirebon,22_Sindang-Indramayu,Drone (rice field)
6,Cirebon,22_Sindang-Indramayu,Drone (rice field)
6,Cirebon,22_Sindang-Indramayu,Drone (rice field)
6,Cirebon,22_Sindang-Indramayu,Drone (rice field)
6,Cirebon,22_Sindang-Indramayu,Drone (rice field)
6,Cirebon,22_Sindang-Indramayu,Drone (rice field)
6,Cirebon,22_Sindang-Indramayu,Drone (rice field)
6,Cirebon,22_Sindang-Indramayu,Drone (rice field)
6,Cirebon,22_Sindang-Indramayu,Drone (rice field)
6,Cirebon,22_Sindang-Indramayu,Drone (rice field)
6,Cirebon,22_Sindang-Indramayu,Drone (rice field)
6,Cirebon,22_Sindang-Indramayu,Drone (rice field)
6,Cirebon,22_Sindang-Indramayu,Drone (rice field)
6,Cirebon,22_Sindang-Indramayu,Drone (rice field)
6,Cirebon,22_Sindang-Indramayu,Drone (rice field)
6,Cirebon,22_Sindang-Indramayu,Drone (rice field)
2,Brebes_Tegal,12_pemalang02_danasari,Drone (rice field)
2,Brebes_Tegal,12_pemalang02_danasari,Drone (rice field)
2,Brebes_Tegal,12_pemalang02_danasari,Drone (rice field)
2,Brebes_Tegal,12_pemalang02_danasari,Drone (rice field)
2,Brebes_Tegal,12_pemalang02_danasari,Drone (rice field)
2,Brebes_Tegal,12_pemalang02_danasari,Drone (rice field)
2,Brebes_Tegal,12_pemalang02_danasari,Drone (rice field)
2,Brebes_Tegal,12_pemalang02_danasari,Drone (rice field)
2,Brebes_Tegal,12_pemalang02_danasari,Drone (rice field)
2,Brebes_Tegal,12_pemalang02_danasari,Drone (rice field)
2,Brebes_Tegal,12_pemalang02_danasari,Drone (rice field)
2,Brebes_Tegal,12_pemalang02_danasari,Drone (rice field)
2,Brebes_Tegal,12_pemalang02_danasari,Drone (rice field)
2,Brebes_Tegal,12_pemalang02_danasari,Drone (rice field)
2,Brebes_Tegal,12_pemalang02_danasari,Drone (rice field)
1,Brebes_Tegal,11_pemalang01_widuri,Drone (rice field)
2,Brebes_Tegal,12_pemalang02_danasari,Drone (rice field)
2,Brebes_Tegal,11_pemalang01_widuri,Drone (rice field)
2,Brebes_Tegal,12_pemalang02_danasari,Drone (rice field)
2,Brebes_Tegal,12_pemalang02_danasari,Drone (rice field)
2,Brebes_Tegal,12_pemalang02_danasari,Drone (rice field)
2,Brebes_Tegal,12_pemalang02_danasari,Drone (rice field)
2,Brebes_Tegal,12_pemalang02_danasari,Drone (rice field)
2,Brebes_Tegal,12_pemalang02_danasari,Drone (rice field)
2,Brebes_Tegal,12_pemalang02_danasari,Drone (rice field)
2,Brebes_Tegal,12_pemalang02_danasari,Drone (rice field)
2,Brebes_Tegal,12_pemalang02_danasari,Drone (rice field)
2,Brebes_Tegal,12_pemalang02_danasari,Drone (rice field)
2,Brebes_Tegal,12_pemalang02_danasari,Drone (rice field)
2,Brebes_Tegal,12_pemalang02_danasari,Drone (rice field)
3,Brebes_Tegal,11_pemalang01_widuri,Drone (rice field)
3,Brebes_Tegal,11_pemalang01_widuri,Drone (rice field)
3,Brebes_Tegal,11_pemalang01_widuri,Drone (rice field)
2,Brebes_Tegal,12_pemalang02_danasari,Drone (rice field)
2,Brebes_Tegal,12_pemalang02_danasari,Drone (rice field)
2,Brebes_Tegal,11_pemalang01_widuri,Drone (rice field)
2,Brebes_Tegal,11_pemalang01_widuri,Drone (rice field)
2,Brebes_Tegal,12_pemalang02_danasari,Drone (rice field)
2,Brebes_Tegal,12_pemalang02_danasari,Drone (rice field)
2,Brebes_Tegal,12_pemalang02_danasari,Drone (rice field)
2,Brebes_Tegal,12_pemalang02_danasari,Drone (rice field)
2,Brebes_Tegal,12_pemalang02_danasari,Drone (rice field)
2,Brebes_Tegal,12_pemalang02_danasari,Drone (rice field)
2,Brebes_Tegal,12_pemalang02_danasari,Drone (rice field)
2,Brebes_Tegal,12_pemalang02_danasari,Drone (rice field)
2,Brebes_Tegal,12_pemalang02_danasari,Drone (rice field)
2,Brebes_Tegal,11_pemalang01_widuri,Drone (rice field)
2,Brebes_Tegal,12_pemalang02_danasari,Drone (rice field)
2,Brebes_Tegal,12_pemalang02_danasari,Drone (rice field)
2,Brebes_Tegal,12_pemalang02_danasari,Drone (rice field)
2,Brebes_Tegal,12_pemalang02_danasari,Drone (rice field)
2,Brebes_Tegal,12_pemalang02_danasari,Drone (rice field)
1,Brebes_Tegal,11_pemalang01_widuri,Drone (rice field)
2,Brebes_Tegal,12_pemalang02_danasari,Drone (rice field)
1,Brebes_Tegal,11_pemalang01_widuri,Drone (rice field)
2,Brebes_Tegal,12_pemalang02_danasari,Drone (rice field)
1,Brebes_Tegal,11_pemalang01_widuri,Drone (rice field)
2,Brebes_Tegal,12_pemalang02_danasari,Drone (rice field)
2,Brebes_Tegal,11_pemalang01_widuri,Drone (rice field)
2,Brebes_Tegal,12_pemalang02_danasari,Drone (rice field)
2,Brebes_Tegal,12_pemalang02_danasari,Drone (rice field)
2,Brebes_Tegal,12_pemalang02_danasari,Drone (rice field)
2,Brebes_Tegal,12_pemalang02_danasari,Drone (rice field)
2,Brebes_Tegal,12_pemalang02_danasari,Drone (rice field)
2,Brebes_Tegal,11_pemalang01_widuri,Drone (rice field)
2,Brebes_Tegal,12_pemalang02_danasari,Drone (rice field)
2,Brebes_Tegal,12_pemalang02_danasari,Drone (rice field)
2,Brebes_Tegal,12_pemalang02_danasari,Drone (rice field)
2,Brebes_Tegal,12_pemalang02_danasari,Drone (rice field)
2,Brebes_Tegal,12_pemalang02_danasari,Drone (rice field)
2,Brebes_Tegal,11_pemalang01_widuri,Drone (rice field)
2,Brebes_Tegal,12_pemalang02_danasari,Drone (rice field)
2,Brebes_Tegal,12_pemalang02_danasari,Drone (rice field)
2,Brebes_Tegal,12_pemalang02_danasari,Drone (rice field)
2,Brebes_Tegal,12_pemalang02_danasari,Drone (rice field)
2,Brebes_Tegal,12_pemalang02_danasari,Drone (rice field)
3,Brebes_Tegal,11_pemalang01_widuri,Drone (rice field)
3,Brebes_Tegal,11_pemalang01_widuri,Drone (rice field)
2,Brebes_Tegal,12_pemalang02_danasari,Drone (rice field)
2,Brebes_Tegal,12_pemalang02_danasari,Drone (rice field)
2,Brebes_Tegal,12_pemalang02_danasari,Drone (rice field)
2,Brebes_Tegal,12_pemalang02_danasari,Drone (rice field)
2,Brebes_Tegal,12_pemalang02_danasari,Drone (rice field)
2,Brebes_Tegal,12_pemalang02_danasari,Drone (rice field)
2,Brebes_Tegal,12_pemalang02_danasari,Drone (rice field)
2,Brebes_Tegal,12_pemalang02_danasari,Drone (rice field)
2,Brebes_Tegal,12_pemalang02_danasari,Drone (rice field)
2,Brebes_Tegal,12_pemalang02_danasari,Drone (rice field)
2,Brebes_Tegal,12_pemalang02_danasari,Drone (rice field)
3,Brebes_Tegal,11_pemalang01_widuri,Drone (rice field)
2,Brebes_Tegal,11_pemalang01_widuri,Drone (rice field)
2,Brebes_Tegal,12_pemalang02_danasari,Drone (rice field)
2,Brebes_Tegal,12_pemalang02_danasari,Drone (rice field)
2,Brebes_Tegal,12_pemalang02_danasari,Drone (rice field)
2,Brebes_Tegal,11_pemalang01_widuri,Drone (rice field)
2,Brebes_Tegal,12_pemalang02_danasari,Drone (rice field)
2,Brebes_Tegal,12_pemalang02_danasari,Drone (rice field)
2,Brebes_Tegal,12_pemalang02_danasari,Drone (rice field)
2,Brebes_Tegal,11_pemalang01_widuri,Drone (rice field)
2,Brebes_Tegal,12_pemalang02_danasari,Drone (rice field)
2,Brebes_Tegal,12_pemalang02_danasari,Drone (rice field)
2,Brebes_Tegal,11_pemalang01_widuri,Drone (rice field)
2,Brebes_Tegal,11_pemalang01_widuri,Drone (rice field)
2,Brebes_Tegal,12_pemalang02_danasari,Drone (rice field)
2,Brebes_Tegal,12_pemalang02_danasari,Drone (rice field)
2,Brebes_Tegal,12_pemalang02_danasari,Drone (rice field)
1,Brebes_Tegal,11_pemalang01_widuri,Drone (rice field)
3,Brebes_Tegal,11_pemalang01_widuri,Drone (rice field)
2,Brebes_Tegal,12_pemalang02_danasari,Drone (rice field)
2,Brebes_Tegal,12_pemalang02_danasari,Drone (rice field)
2,Brebes_Tegal,12_pemalang02_danasari,Drone (rice field)
2,Brebes_Tegal,11_pemalang01_widuri,Drone (rice field)
1,Brebes_Tegal,11_pemalang01_widuri,Drone (rice field)
3,Brebes_Tegal,11_pemalang01_widuri,Drone (rice field)
2,Brebes_Tegal,11_pemalang01_widuri,Drone (rice field)
2,Brebes_Tegal,12_pemalang02_danasari,Drone (rice field)
2,Brebes_Tegal,12_pemalang02_danasari,Drone (rice field)
2,Brebes_Tegal,12_pemalang02_danasari,Drone (rice field)
3,Brebes_Tegal,11_pemalang01_widuri,Drone (rice field)
2,Brebes_Tegal,12_pemalang02_danasari,Drone (rice field)
2,Brebes_Tegal,12_pemalang02_danasari,Drone (rice field)
2,Brebes_Tegal,11_pemalang01_widuri,Drone (rice field)
3,Brebes_Tegal,11_pemalang01_widuri,Drone (rice field)
2,Brebes_Tegal,11_pemalang01_widuri,Drone (rice field)
1,Brebes_Tegal,11_pemalang01_widuri,Drone (rice field)
2,Brebes_Tegal,11_pemalang01_widuri,Drone (rice field)
2,Brebes_Tegal,12_pemalang02_danasari,Drone (rice field)
2,Brebes_Tegal,12_pemalang02_danasari,Drone (rice field)
2,Brebes_Tegal,12_pemalang02_danasari,Drone (rice field)
2,Brebes_Tegal,12_pemalang02_danasari,Drone (rice field)
2,Brebes_Tegal,11_pemalang01_widuri,Drone (rice field)
2,Brebes_Tegal,12_pemalang02_danasari,Drone (rice field)
3,Brebes_Tegal,11_pemalang01_widuri,Drone (rice field)
2,Brebes_Tegal,12_pemalang02_danasari,Drone (rice field)
2,Brebes_Tegal,12_pemalang02_danasari,Drone (rice field)
2,Brebes_Tegal,11_pemalang01_widuri,Drone (rice field)
2,Brebes_Tegal,11_pemalang01_widuri,Drone (rice field)
2,Brebes_Tegal,12_pemalang02_danasari,Drone (rice field)
3,Brebes_Tegal,11_pemalang01_widuri,Drone (rice field)
2,Brebes_Tegal,12_pemalang02_danasari,Drone (rice field)
3,Brebes_Tegal,11_pemalang01_widuri,Drone (rice field)
2,Brebes_Tegal,11_pemalang01_widuri,Drone (rice field)
2,Brebes_Tegal,12_pemalang02_danasari,Drone (rice field)
2,Brebes_Tegal,11_pemalang01_widuri,Drone (rice field)
2,Brebes_Tegal,11_pemalang01_widuri,Drone (rice field)
2,Brebes_Tegal,11_pemalang01_widuri,Drone (rice field)
2,Brebes_Tegal,12_pemalang02_danasari,Drone (rice field)
3,Brebes_Tegal,11_pemalang01_widuri,Drone (rice field)
2,Brebes_Tegal,12_pemalang02_danasari,Drone (rice field)
2,Brebes_Tegal,11_pemalang01_widuri,Drone (rice field)
3,Brebes_Tegal,11_pemalang01_widuri,Drone (rice field)
2,Brebes_Tegal,12_pemalang02_danasari,Drone (rice field)
2,Brebes_Tegal,11_pemalang01_widuri,Drone (rice field)
2,Brebes_Tegal,12_pemalang02_danasari,Drone (rice field)
2,Brebes_Tegal,12_pemalang02_danasari,Drone (rice field)
2,Brebes_Tegal,12_pemalang02_danasari,Drone (rice field)
3,Brebes_Tegal,11_pemalang01_widuri,Drone (rice field)
2,Brebes_Tegal,12_pemalang02_danasari,Drone (rice field)
3,Brebes_Tegal,11_pemalang01_widuri,Drone (rice field)
2,Brebes_Tegal,11_pemalang01_widuri,Drone (rice field)
2,Brebes_Tegal,12_pemalang02_danasari,Drone (rice field)
2,Brebes_Tegal,12_pemalang02_danasari,Drone (rice field)
2,Brebes_Tegal,12_pemalang02_danasari,Drone (rice field)
2,Brebes_Tegal,12_pemalang02_danasari,Drone (rice field)
1,Brebes_Tegal,11_pemalang01_widuri,Drone (rice field)
2,Brebes_Tegal,12_pemalang02_danasari,Drone (rice field)
1,Brebes_Tegal,11_pemalang01_widuri,Drone (rice field)
2,Brebes_Tegal,11_pemalang01_widuri,Drone (rice field)
2,Brebes_Tegal,12_pemalang02_danasari,Drone (rice field)
2,Brebes_Tegal,12_pemalang02_danasari,Drone (rice field)
2,Brebes_Tegal,12_pemalang02_danasari,Drone (rice field)
3,Brebes_Tegal,11_pemalang01_widuri,Drone (rice field)
3,Brebes_Tegal,11_pemalang01_widuri,Drone (rice field)
3,Brebes_Tegal,11_pemalang01_widuri,Drone (rice field)
2,Brebes_Tegal,11_pemalang01_widuri,Drone (rice field)
2,Brebes_Tegal,12_pemalang02_danasari,Drone (rice field)
2,Brebes_Tegal,11_pemalang01_widuri,Drone (rice field)
2,Brebes_Tegal,11_pemalang01_widuri,Drone (rice field)
2,Brebes_Tegal,12_pemalang02_danasari,Drone (rice field)
2,Brebes_Tegal,11_pemalang01_widuri,Drone (rice field)
3,Brebes_Tegal,11_pemalang01_widuri,Drone (rice field)
2,Brebes_Tegal,12_pemalang02_danasari,Drone (rice field)
2,Brebes_Tegal,11_pemalang01_widuri,Drone (rice field)
2,Brebes_Tegal,11_pemalang01_widuri,Drone (rice field)
2,Brebes_Tegal,12_pemalang02_danasari,Drone (rice field)
2,Brebes_Tegal,11_pemalang01_widuri,Drone (rice field)
2,Brebes_Tegal,11_pemalang01_widuri,Drone (rice field)
2,Brebes_Tegal,12_pemalang02_danasari,Drone (rice field)
1,Brebes_Tegal,11_pemalang01_widuri,Drone (rice field)
3,Brebes_Tegal,11_pemalang01_widuri,Drone (rice field)
2,Brebes_Tegal,11_pemalang01_widuri,Drone (rice field)
2,Brebes_Tegal,12_pemalang02_danasari,Drone (rice field)
3,Brebes_Tegal,11_pemalang01_widuri,Drone (rice field)
3,Brebes_Tegal,11_pemalang01_widuri,Drone (rice field)
3,Brebes_Tegal,11_pemalang01_widuri,Drone (rice field)
2,Brebes_Tegal,11_pemalang01_widuri,Drone (rice field)
3,Brebes_Tegal,11_pemalang01_widuri,Drone (rice field)
2,Brebes_Tegal,12_pemalang02_danasari,Drone (rice field)
2,Brebes_Tegal,12_pemalang02_danasari,Drone (rice field)
2,Brebes_Tegal,12_pemalang02_danasari,Drone (rice field)
2,Brebes_Tegal,12_pemalang02_danasari,Drone (rice field)
3,Brebes_Tegal,11_pemalang01_widuri,Drone (rice field)
3,Brebes_Tegal,11_pemalang01_widuri,Drone (rice field)
2,Brebes_Tegal,12_pemalang02_danasari,Drone (rice field)
2,Brebes_Tegal,12_pemalang02_danasari,Drone (rice field)
3,Brebes_Tegal,11_pemalang01_widuri,Drone (rice field)
3,Brebes_Tegal,11_pemalang01_widuri,Drone (rice field)
3,Brebes_Tegal,11_pemalang01_widuri,Drone (rice field)
1,Brebes_Tegal,11_pemalang01_widuri,Drone (rice field)
2,Brebes_Tegal,11_pemalang01_widuri,Drone (rice field)
2,Brebes_Tegal,12_pemalang02_danasari,Drone (rice field)
2,Brebes_Tegal,12_pemalang02_danasari,Drone (rice field)
1,Brebes_Tegal,11_pemalang01_widuri,Drone (rice field)
3,Brebes_Tegal,11_pemalang01_widuri,Drone (rice field)
2,Brebes_Tegal,12_pemalang02_danasari,Drone (rice field)
2,Brebes_Tegal,11_pemalang01_widuri,Drone (rice field)
2,Brebes_Tegal,12_pemalang02_danasari,Drone (rice field)
2,Brebes_Tegal,11_pemalang01_widuri,Drone (rice field)
2,Brebes_Tegal,11_pemalang01_widuri,Drone (rice field)
2,Brebes_Tegal,11_pemalang01_widuri,Drone (rice field)
2,Brebes_Tegal,12_pemalang02_danasari,Drone (rice field)
2,Brebes_Tegal,11_pemalang01_widuri,Drone (rice field)
2,Brebes_Tegal,12_pemalang02_danasari,Drone (rice field)
2,Brebes_Tegal,12_pemalang02_danasari,Drone (rice field)
2,Brebes_Tegal,11_pemalang01_widuri,Drone (rice field)
2,Brebes_Tegal,11_pemalang01_widuri,Drone (rice field)
3,Brebes_Tegal,11_pemalang01_widuri,Drone (rice field)
2,Brebes_Tegal,11_pemalang01_widuri,Drone (rice field)
2,Brebes_Tegal,11_pemalang01_widuri,Drone (rice field)
2,Brebes_Tegal,12_pemalang02_danasari,Drone (rice field)
2,Brebes_Tegal,11_pemalang01_widuri,Drone (rice field)
2,Brebes_Tegal,11_pemalang01_widuri,Drone (rice field)
2,Brebes_Tegal,12_pemalang02_danasari,Drone (rice field)
2,Brebes_Tegal,11_pemalang01_widuri,Drone (rice field)
2,Brebes_Tegal,11_pemalang01_widuri,Drone (rice field)
2,Brebes_Tegal,11_pemalang01_widuri,Drone (rice field)
3,Brebes_Tegal,11_pemalang01_widuri,Drone (rice field)
2,Brebes_Tegal,12_pemalang02_danasari,Drone (rice field)
2,Brebes_Tegal,12_pemalang02_danasari,Drone (rice field)
2,Brebes_Tegal,12_pemalang02_danasari,Drone (rice field)
2,Brebes_Tegal,12_pemalang02_danasari,Drone (rice field)
2,Brebes_Tegal,11_pemalang01_widuri,Drone (rice field)
3,Brebes_Tegal,11_pemalang01_widuri,Drone (rice field)
2,Brebes_Tegal,12_pemalang02_danasari,Drone (rice field)
3,Brebes_Tegal,11_pemalang01_widuri,Drone (rice field)
2,Brebes_Tegal,12_pemalang02_danasari,Drone (rice field)
2,Brebes_Tegal,12_pemalang02_danasari,Drone (rice field)
2,Brebes_Tegal,11_pemalang01_widuri,Drone (rice field)
2,Brebes_Tegal,11_pemalang01_widuri,Drone (rice field)
2,Brebes_Tegal,12_pemalang02_danasari,Drone (rice field)
2,Brebes_Tegal,12_pemalang02_danasari,Drone (rice field)
1,Brebes_Tegal,11_pemalang01_widuri,Drone (rice field)
2,Brebes_Tegal,11_pemalang01_widuri,Drone (rice field)
2,Brebes_Tegal,12_pemalang02_danasari,Drone (rice field)
3,Brebes_Tegal,11_pemalang01_widuri,Drone (rice field)
2,Brebes_Tegal,12_pemalang02_danasari,Drone (rice field)
3,Brebes_Tegal,11_pemalang01_widuri,Drone (rice field)
3,Brebes_Tegal,11_pemalang01_widuri,Drone (rice field)
3,Brebes_Tegal,11_pemalang01_widuri,Drone (rice field)
1,Brebes_Tegal,11_pemalang01_widuri,Drone (rice field)
2,Brebes_Tegal,11_pemalang01_widuri,Drone (rice field)
2,Brebes_Tegal,11_pemalang01_widuri,Drone (rice field)
2,Brebes_Tegal,11_pemalang01_widuri,Drone (rice field)
2,Brebes_Tegal,11_pemalang01_widuri,Drone (rice field)
2,Brebes_Tegal,12_pemalang02_danasari,Drone (rice field)
2,Brebes_Tegal,11_pemalang01_widuri,Drone (rice field)
2,Brebes_Tegal,11_pemalang01_widuri,Drone (rice field)
2,Brebes_Tegal,11_pemalang01_widuri,Drone (rice field)
2,Brebes_Tegal,11_pemalang01_widuri,Drone (rice field)
2,Brebes_Tegal,11_pemalang01_widuri,Drone (rice field)
2,Brebes_Tegal,11_pemalang01_widuri,Drone (rice field)
2,Brebes_Tegal,11_pemalang01_widuri,Drone (rice field)
1,Brebes_Tegal,11_pemalang01_widuri,Drone (rice field)
2,Brebes_Tegal,13_pemalang03_beji,Drone (rice field)
3,Brebes_Tegal,13_pemalang03_beji,Drone (rice field)
2,Brebes_Tegal,13_pemalang03_beji,Drone (rice field)
2,Brebes_Tegal,13_pemalang03_beji,Drone (rice field)
2,Brebes_Tegal,13_pemalang03_beji,Drone (rice field)
3,Brebes_Tegal,13_pemalang03_beji,Drone (rice field)
2,Brebes_Tegal,13_pemalang03_beji,Drone (rice field)
2,Brebes_Tegal,13_pemalang03_beji,Drone (rice field)
2,Brebes_Tegal,13_pemalang03_beji,Drone (rice field)
3,Brebes_Tegal,13_pemalang03_beji,Drone (rice field)
3,Brebes_Tegal,13_pemalang03_beji,Drone (rice field)
3,Brebes_Tegal,13_pemalang03_beji,Drone (rice field)
3,Brebes_Tegal,13_pemalang03_beji,Drone (rice field)
3,Brebes_Tegal,13_pemalang03_beji,Drone (rice field)
3,Brebes_Tegal,13_pemalang03_beji,Drone (rice field)
3,Brebes_Tegal,13_pemalang03_beji,Drone (rice field)
2,Brebes_Tegal,13_pemalang03_beji,Drone (rice field)
3,Brebes_Tegal,13_pemalang03_beji,Drone (rice field)
3,Brebes_Tegal,13_pemalang03_beji,Drone (rice field)
3,Brebes_Tegal,13_pemalang03_beji,Drone (rice field)
2,Brebes_Tegal,13_pemalang03_beji,Drone (rice field)
3,Brebes_Tegal,13_pemalang03_beji,Drone (rice field)
1,Brebes_Tegal,13_pemalang03_beji,Drone (rice field)
6,Brebes_Tegal,13_pemalang03_beji,Drone (rice field)
6,Brebes_Tegal,13_pemalang03_beji,Drone (rice field)
3,Brebes_Tegal,13_pemalang03_beji,Drone (rice field)
3,Brebes_Tegal,13_pemalang03_beji,Drone (rice field)
6,Brebes_Tegal,13_pemalang03_beji,Drone (rice field)
2,Brebes_Tegal,13_pemalang03_beji,Drone (rice field)
3,Brebes_Tegal,13_pemalang03_beji,Drone (rice field)
3,Brebes_Tegal,13_pemalang03_beji,Drone (rice field)
3,Brebes_Tegal,13_pemalang03_beji,Drone (rice field)
3,Brebes_Tegal,13_pemalang03_beji,Drone (rice field)
3,Brebes_Tegal,13_pemalang03_beji,Drone (rice field)
3,Brebes_Tegal,13_pemalang03_beji,Drone (rice field)
6,Brebes_Tegal,13_pemalang03_beji,Drone (rice field)
2,Brebes_Tegal,13_pemalang03_beji,Drone (rice field)
3,Brebes_Tegal,13_pemalang03_beji,Drone (rice field)
3,Brebes_Tegal,13_pemalang03_beji,Drone (rice field)
2,Brebes_Tegal,13_pemalang03_beji,Drone (rice field)
3,Brebes_Tegal,13_pemalang03_beji,Drone (rice field)
3,Brebes_Tegal,13_pemalang03_beji,Drone (rice field)
3,Brebes_Tegal,13_pemalang03_beji,Drone (rice field)
3,Brebes_Tegal,13_pemalang03_beji,Drone (rice field)
6,Brebes_Tegal,13_pemalang03_beji,Drone (rice field)
4,Brebes_Tegal,13_pemalang03_beji,Drone (rice field)
4,Brebes_Tegal,13_pemalang03_beji,Drone (rice field)
3,Brebes_Tegal,13_pemalang03_beji,Drone (rice field)
6,Brebes_Tegal,13_pemalang03_beji,Drone (rice field)
3,Brebes_Tegal,13_pemalang03_beji,Drone (rice field)
4,Brebes_Tegal,13_pemalang03_beji,Drone (rice field)
3,Brebes_Tegal,13_pemalang03_beji,Drone (rice field)
6,Brebes_Tegal,13_pemalang03_beji,Drone (rice field)
4,Brebes_Tegal,13_pemalang03_beji,Drone (rice field)
3,Brebes_Tegal,13_pemalang03_beji,Drone (rice field)
1,Brebes_Tegal,13_pemalang03_beji,Drone (rice field)
6,Brebes_Tegal,13_pemalang03_beji,Drone (rice field)
6,Brebes_Tegal,13_pemalang03_beji,Drone (rice field)
3,Brebes_Tegal,13_pemalang03_beji,Drone (rice field)
4,Brebes_Tegal,13_pemalang03_beji,Drone (rice field)
1,Brebes_Tegal,13_pemalang03_beji,Drone (rice field)
4,Brebes_Tegal,13_pemalang03_beji,Drone (rice field)
2,Brebes_Tegal,13_pemalang03_beji,Drone (rice field)
3,Brebes_Tegal,13_pemalang03_beji,Drone (rice field)
3,Brebes_Tegal,13_pemalang03_beji,Drone (rice field)
6,Brebes_Tegal,13_pemalang03_beji,Drone (rice field)
6,Brebes_Tegal,13_pemalang03_beji,Drone (rice field)
3,Brebes_Tegal,13_pemalang03_beji,Drone (rice field)
2,Brebes_Tegal,13_pemalang03_beji,Drone (rice field)
2,Brebes_Tegal,13_pemalang03_beji,Drone (rice field)
6,Brebes_Tegal,13_pemalang03_beji,Drone (rice field)
3,Brebes_Tegal,13_pemalang03_beji,Drone (rice field)
3,Brebes_Tegal,13_pemalang03_beji,Drone (rice field)
3,Brebes_Tegal,13_pemalang03_beji,Drone (rice field)
3,Brebes_Tegal,13_pemalang03_beji,Drone (rice field)
4,Brebes_Tegal,13_pemalang03_beji,Drone (rice field)
6,Brebes_Tegal,13_pemalang03_beji,Drone (rice field)
3,Brebes_Tegal,13_pemalang03_beji,Drone (rice field)
6,Brebes_Tegal,13_pemalang03_beji,Drone (rice field)
2,Brebes_Tegal,13_pemalang03_beji,Drone (rice field)
3,Brebes_Tegal,13_pemalang03_beji,Drone (rice field)
6,Brebes_Tegal,13_pemalang03_beji,Drone (rice field)
3,Brebes_Tegal,13_pemalang03_beji,Drone (rice field)
3,Brebes_Tegal,13_pemalang03_beji,Drone (rice field)
3,Brebes_Tegal,13_pemalang03_beji,Drone (rice field)
4,Brebes_Tegal,13_pemalang03_beji,Drone (rice field)
4,Brebes_Tegal,13_pemalang03_beji,Drone (rice field)
4,Brebes_Tegal,13_pemalang03_beji,Drone (rice field)
6,Brebes_Tegal,13_pemalang03_beji,Drone (rice field)
3,Brebes_Tegal,13_pemalang03_beji,Drone (rice field)
6,Brebes_Tegal,13_pemalang03_beji,Drone (rice field)
3,Brebes_Tegal,13_pemalang03_beji,Drone (rice field)
3,Brebes_Tegal,13_pemalang03_beji,Drone (rice field)
3,Brebes_Tegal,13_pemalang03_beji,Drone (rice field)
2,Brebes_Tegal,13_pemalang03_beji,Drone (rice field)
4,Brebes_Tegal,13_pemalang03_beji,Drone (rice field)
2,Brebes_Tegal,13_pemalang03_beji,Drone (rice field)
3,Brebes_Tegal,13_pemalang03_beji,Drone (rice field)
3,Brebes_Tegal,13_pemalang03_beji,Drone (rice field)
6,Brebes_Tegal,13_pemalang03_beji,Drone (rice field)
4,Brebes_Tegal,13_pemalang03_beji,Drone (rice field)
2,Brebes_Tegal,13_pemalang03_beji,Drone (rice field)
2,Brebes_Tegal,13_pemalang03_beji,Drone (rice field)
6,Brebes_Tegal,13_pemalang03_beji,Drone (rice field)
3,Brebes_Tegal,13_pemalang03_beji,Drone (rice field)
4,Brebes_Tegal,13_pemalang03_beji,Drone (rice field)
3,Brebes_Tegal,13_pemalang03_beji,Drone (rice field)
3,Brebes_Tegal,13_pemalang03_beji,Drone (rice field)
3,Brebes_Tegal,13_pemalang03_beji,Drone (rice field)
4,Brebes_Tegal,13_pemalang03_beji,Drone (rice field)
2,Brebes_Tegal,13_pemalang03_beji,Drone (rice field)
4,Brebes_Tegal,13_pemalang03_beji,Drone (rice field)
4,Brebes_Tegal,13_pemalang03_beji,Drone (rice field)
1,Brebes_Tegal,13_pemalang03_beji,Drone (rice field)
3,Brebes_Tegal,13_pemalang03_beji,Drone (rice field)
2,Brebes_Tegal,13_pemalang03_beji,Drone (rice field)
4,Brebes_Tegal,13_pemalang03_beji,Drone (rice field)
4,Brebes_Tegal,13_pemalang03_beji,Drone (rice field)
3,Brebes_Tegal,13_pemalang03_beji,Drone (rice field)
2,Brebes_Tegal,13_pemalang03_beji,Drone (rice field)
4,Brebes_Tegal,13_pemalang03_beji,Drone (rice field)
3,Brebes_Tegal,13_pemalang03_beji,Drone (rice field)
4,Brebes_Tegal,13_pemalang03_beji,Drone (rice field)
3,Brebes_Tegal,13_pemalang03_beji,Drone (rice field)
3,Brebes_Tegal,13_pemalang03_beji,Drone (rice field)
6,Brebes_Tegal,13_pemalang03_beji,Drone (rice field)
4,Brebes_Tegal,13_pemalang03_beji,Drone (rice field)
3,Brebes_Tegal,13_pemalang03_beji,Drone (rice field)
4,Brebes_Tegal,13_pemalang03_beji,Drone (rice field)
4,Brebes_Tegal,13_pemalang03_beji,Drone (rice field)
4,Brebes_Tegal,13_pemalang03_beji,Drone (rice field)
1,Brebes_Tegal,13_pemalang03_beji,Drone (rice field)
4,Brebes_Tegal,13_pemalang03_beji,Drone (rice field)
3,Brebes_Tegal,13_pemalang03_beji,Drone (rice field)
4,Brebes_Tegal,13_pemalang03_beji,Drone (rice field)
4,Brebes_Tegal,13_pemalang03_beji,Drone (rice field)
2,Brebes_Tegal,13_pemalang03_beji,Drone (rice field)
2,Brebes_Tegal,13_pemalang03_beji,Drone (rice field)
6,Brebes_Tegal,13_pemalang03_beji,Drone (rice field)
2,Brebes_Tegal,13_pemalang03_beji,Drone (rice field)
2,Brebes_Tegal,13_pemalang03_beji,Drone (rice field)
6,Brebes_Tegal,13_pemalang03_beji,Drone (rice field)
3,Brebes_Tegal,13_pemalang03_beji,Drone (rice field)
3,Brebes_Tegal,13_pemalang03_beji,Drone (rice field)
6,Brebes_Tegal,13_pemalang03_beji,Drone (rice field)
2,Brebes_Tegal,13_pemalang03_beji,Drone (rice field)
1,Brebes_Tegal,13_pemalang03_beji,Drone (rice field)
4,Brebes_Tegal,13_pemalang03_beji,Drone (rice field)
3,Brebes_Tegal,13_pemalang03_beji,Drone (rice field)
3,Brebes_Tegal,13_pemalang03_beji,Drone (rice field)
6,Brebes_Tegal,13_pemalang03_beji,Drone (rice field)
3,Brebes_Tegal,13_pemalang03_beji,Drone (rice field)
6,Brebes_Tegal,13_pemalang03_beji,Drone (rice field)
3,Brebes_Tegal,13_pemalang03_beji,Drone (rice field)
4,Brebes_Tegal,13_pemalang03_beji,Drone (rice field)
4,Brebes_Tegal,13_pemalang03_beji,Drone (rice field)
4,Brebes_Tegal,13_pemalang03_beji,Drone (rice field)
3,Brebes_Tegal,13_pemalang03_beji,Drone (rice field)
3,Brebes_Tegal,13_pemalang03_beji,Drone (rice field)
4,Brebes_Tegal,13_pemalang03_beji,Drone (rice field)
6,Brebes_Tegal,13_pemalang03_beji,Drone (rice field)
6,Brebes_Tegal,13_pemalang03_beji,Drone (rice field)
6,Brebes_Tegal,13_pemalang03_beji,Drone (rice field)
6,Brebes_Tegal,13_pemalang03_beji,Drone (rice field)
6,Brebes_Tegal,13_pemalang03_beji,Drone (rice field)
4,Brebes_Tegal,13_pemalang03_beji,Drone (rice field)
4,Brebes_Tegal,13_pemalang03_beji,Drone (rice field)
3,Brebes_Tegal,13_pemalang03_beji,Drone (rice field)
3,Brebes_Tegal,13_pemalang03_beji,Drone (rice field)
6,Brebes_Tegal,13_pemalang03_beji,Drone (rice field)
6,Brebes_Tegal,13_pemalang03_beji,Drone (rice field)
6,Brebes_Tegal,13_pemalang03_beji,Drone (rice field)
3,Brebes_Tegal,13_pemalang03_beji,Drone (rice field)
6,Brebes_Tegal,13_pemalang03_beji,Drone (rice field)
6,Brebes_Tegal,13_pemalang03_beji,Drone (rice field)
4,Brebes_Tegal,13_pemalang03_beji,Drone (rice field)
6,Brebes_Tegal,13_pemalang03_beji,Drone (rice field)
6,Brebes_Tegal,13_pemalang03_beji,Drone (rice field)
4,Brebes_Tegal,14_pemalang04_taman,Drone (rice field)
4,Brebes_Tegal,14_pemalang04_taman,Drone (rice field)
2,Brebes_Tegal,11_pemalang01_widuri,Drone (rice field)
3,Brebes_Tegal,11_pemalang01_widuri,Drone (rice field)
4,Brebes_Tegal,14_pemalang04_taman,Drone (rice field)
3,Brebes_Tegal,14_pemalang04_taman,Drone (rice field)
3,Brebes_Tegal,11_pemalang01_widuri,Drone (rice field)
2,Brebes_Tegal,11_pemalang01_widuri,Drone (rice field)
2,Brebes_Tegal,11_pemalang01_widuri,Drone (rice field)
3,Brebes_Tegal,14_pemalang04_taman,Drone (rice field)
3,Brebes_Tegal,14_pemalang04_taman,Drone (rice field)
4,Brebes_Tegal,14_pemalang04_taman,Drone (rice field)
4,Brebes_Tegal,14_pemalang04_taman,Drone (rice field)
2,Brebes_Tegal,11_pemalang01_widuri,Drone (rice field)
4,Brebes_Tegal,14_pemalang04_taman,Drone (rice field)
3,Brebes_Tegal,11_pemalang01_widuri,Drone (rice field)
4,Brebes_Tegal,14_pemalang04_taman,Drone (rice field)
3,Brebes_Tegal,14_pemalang04_taman,Drone (rice field)
3,Brebes_Tegal,14_pemalang04_taman,Drone (rice field)
3,Brebes_Tegal,14_pemalang04_taman,Drone (rice field)
4,Brebes_Tegal,14_pemalang04_taman,Drone (rice field)
2,Brebes_Tegal,11_pemalang01_widuri,Drone (rice field)
3,Brebes_Tegal,11_pemalang01_widuri,Drone (rice field)
3,Brebes_Tegal,14_pemalang04_taman,Drone (rice field)
4,Brebes_Tegal,14_pemalang04_taman,Drone (rice field)
3,Brebes_Tegal,14_pemalang04_taman,Drone (rice field)
2,Brebes_Tegal,11_pemalang01_widuri,Drone (rice field)
3,Brebes_Tegal,14_pemalang04_taman,Drone (rice field)
3,Brebes_Tegal,14_pemalang04_taman,Drone (rice field)
3,Brebes_Tegal,14_pemalang04_taman,Drone (rice field)
3,Brebes_Tegal,14_pemalang04_taman,Drone (rice field)
3,Brebes_Tegal,14_pemalang04_taman,Drone (rice field)
2,Brebes_Tegal,11_pemalang01_widuri,Drone (rice field)
4,Brebes_Tegal,14_pemalang04_taman,Drone (rice field)
3,Brebes_Tegal,11_pemalang01_widuri,Drone (rice field)
4,Brebes_Tegal,14_pemalang04_taman,Drone (rice field)
4,Brebes_Tegal,14_pemalang04_taman,Drone (rice field)
4,Brebes_Tegal,14_pemalang04_taman,Drone (rice field)
2,Brebes_Tegal,11_pemalang01_widuri,Drone (rice field)
3,Brebes_Tegal,14_pemalang04_taman,Drone (rice field)
4,Brebes_Tegal,14_pemalang04_taman,Drone (rice field)
4,Brebes_Tegal,14_pemalang04_taman,Drone (rice field)
3,Brebes_Tegal,11_pemalang01_widuri,Drone (rice field)
4,Brebes_Tegal,14_pemalang04_taman,Drone (rice field)
3,Brebes_Tegal,14_pemalang04_taman,Drone (rice field)
4,Brebes_Tegal,14_pemalang04_taman,Drone (rice field)
4,Brebes_Tegal,14_pemalang04_taman,Drone (rice field)
3,Brebes_Tegal,11_pemalang01_widuri,Drone (rice field)
3,Brebes_Tegal,11_pemalang01_widuri,Drone (rice field)
4,Brebes_Tegal,14_pemalang04_taman,Drone (rice field)
4,Brebes_Tegal,14_pemalang04_taman,Drone (rice field)
4,Brebes_Tegal,14_pemalang04_taman,Drone (rice field)
3,Brebes_Tegal,14_pemalang04_taman,Drone (rice field)
4,Brebes_Tegal,14_pemalang04_taman,Drone (rice field)
2,Brebes_Tegal,11_pemalang01_widuri,Drone (rice field)
4,Brebes_Tegal,14_pemalang04_taman,Drone (rice field)
3,Brebes_Tegal,11_pemalang01_widuri,Drone (rice field)
3,Brebes_Tegal,14_pemalang04_taman,Drone (rice field)
4,Brebes_Tegal,14_pemalang04_taman,Drone (rice field)
4,Brebes_Tegal,14_pemalang04_taman,Drone (rice field)
3,Brebes_Tegal,14_pemalang04_taman,Drone (rice field)
3,Brebes_Tegal,11_pemalang01_widuri,Drone (rice field)
2,Brebes_Tegal,11_pemalang01_widuri,Drone (rice field)
3,Brebes_Tegal,14_pemalang04_taman,Drone (rice field)
3,Brebes_Tegal,11_pemalang01_widuri,Drone (rice field)
4,Brebes_Tegal,14_pemalang04_taman,Drone (rice field)
3,Brebes_Tegal,14_pemalang04_taman,Drone (rice field)
3,Brebes_Tegal,11_pemalang01_widuri,Drone (rice field)
3,Brebes_Tegal,14_pemalang04_taman,Drone (rice field)
3,Brebes_Tegal,14_pemalang04_taman,Drone (rice field)
3,Brebes_Tegal,14_pemalang04_taman,Drone (rice field)
4,Brebes_Tegal,14_pemalang04_taman,Drone (rice field)
3,Brebes_Tegal,14_pemalang04_taman,Drone (rice field)
3,Brebes_Tegal,14_pemalang04_taman,Drone (rice field)
3,Brebes_Tegal,14_pemalang04_taman,Drone (rice field)
3,Brebes_Tegal,14_pemalang04_taman,Drone (rice field)
3,Brebes_Tegal,14_pemalang04_taman,Drone (rice field)
3,Brebes_Tegal,14_pemalang04_taman,Drone (rice field)
4,Brebes_Tegal,14_pemalang04_taman,Drone (rice field)
3,Brebes_Tegal,14_pemalang04_taman,Drone (rice field)
4,Brebes_Tegal,14_pemalang04_taman,Drone (rice field)
4,Brebes_Tegal,14_pemalang04_taman,Drone (rice field)
4,Brebes_Tegal,14_pemalang04_taman,Drone (rice field)
3,Brebes_Tegal,14_pemalang04_taman,Drone (rice field)
3,Brebes_Tegal,14_pemalang04_taman,Drone (rice field)
3,Brebes_Tegal,14_pemalang04_taman,Drone (rice field)
3,Brebes_Tegal,14_pemalang04_taman,Drone (rice field)
4,Brebes_Tegal,14_pemalang04_taman,Drone (rice field)
4,Brebes_Tegal,14_pemalang04_taman,Drone (rice field)
2,Brebes_Tegal,11_pemalang01_widuri,Drone (rice field)
3,Brebes_Tegal,14_pemalang04_taman,Drone (rice field)
4,Brebes_Tegal,14_pemalang04_taman,Drone (rice field)
3,Brebes_Tegal,14_pemalang04_taman,Drone (rice field)
4,Brebes_Tegal,14_pemalang04_taman,Drone (rice field)
3,Brebes_Tegal,14_pemalang04_taman,Drone (rice field)
3,Brebes_Tegal,14_pemalang04_taman,Drone (rice field)
4,Brebes_Tegal,14_pemalang04_taman,Drone (rice field)
3,Brebes_Tegal,14_pemalang04_taman,Drone (rice field)
2,Brebes_Tegal,11_pemalang01_widuri,Drone (rice field)
3,Brebes_Tegal,14_pemalang04_taman,Drone (rice field)
3,Brebes_Tegal,14_pemalang04_taman,Drone (rice field)
3,Brebes_Tegal,14_pemalang04_taman,Drone (rice field)
2,Brebes_Tegal,11_pemalang01_widuri,Drone (rice field)
3,Brebes_Tegal,14_pemalang04_taman,Drone (rice field)
4,Brebes_Tegal,14_pemalang04_taman,Drone (rice field)
3,Brebes_Tegal,14_pemalang04_taman,Drone (rice field)
4,Brebes_Tegal,14_pemalang04_taman,Drone (rice field)
4,Brebes_Tegal,14_pemalang04_taman,Drone (rice field)
3,Brebes_Tegal,14_pemalang04_taman,Drone (rice field)
3,Brebes_Tegal,14_pemalang04_taman,Drone (rice field)
4,Brebes_Tegal,14_pemalang04_taman,Drone (rice field)
4,Brebes_Tegal,14_pemalang04_taman,Drone (rice field)
2,Brebes_Tegal,11_pemalang01_widuri,Drone (rice field)
4,Brebes_Tegal,14_pemalang04_taman,Drone (rice field)
3,Brebes_Tegal,14_pemalang04_taman,Drone (rice field)
4,Brebes_Tegal,14_pemalang04_taman,Drone (rice field)
4,Brebes_Tegal,14_pemalang04_taman,Drone (rice field)
3,Brebes_Tegal,14_pemalang04_taman,Drone (rice field)
4,Brebes_Tegal,14_pemalang04_taman,Drone (rice field)
2,Brebes_Tegal,11_pemalang01_widuri,Drone (rice field)
4,Brebes_Tegal,14_pemalang04_taman,Drone (rice field)
4,Brebes_Tegal,14_pemalang04_taman,Drone (rice field)
3,Brebes_Tegal,14_pemalang04_taman,Drone (rice field)
3,Brebes_Tegal,14_pemalang04_taman,Drone (rice field)
3,Brebes_Tegal,14_pemalang04_taman,Drone (rice field)
4,Brebes_Tegal,14_pemalang04_taman,Drone (rice field)
3,Brebes_Tegal,14_pemalang04_taman,Drone (rice field)
4,Brebes_Tegal,14_pemalang04_taman,Drone (rice field)
4,Brebes_Tegal,14_pemalang04_taman,Drone (rice field)
3,Brebes_Tegal,14_pemalang04_taman,Drone (rice field)
3,Brebes_Tegal,14_pemalang04_taman,Drone (rice field)
3,Brebes_Tegal,14_pemalang04_taman,Drone (rice field)
3,Brebes_Tegal,14_pemalang04_taman,Drone (rice field)
4,Brebes_Tegal,14_pemalang04_taman,Drone (rice field)
3,Brebes_Tegal,14_pemalang04_taman,Drone (rice field)
3,Brebes_Tegal,14_pemalang04_taman,Drone (rice field)
3,Brebes_Tegal,14_pemalang04_taman,Drone (rice field)
4,Brebes_Tegal,14_pemalang04_taman,Drone (rice field)
3,Brebes_Tegal,14_pemalang04_taman,Drone (rice field)
3,Brebes_Tegal,14_pemalang04_taman,Drone (rice field)
4,Brebes_Tegal,14_pemalang04_taman,Drone (rice field)
3,Brebes_Tegal,14_pemalang04_taman,Drone (rice field)
3,Brebes_Tegal,14_pemalang04_taman,Drone (rice field)
3,Brebes_Tegal,14_pemalang04_taman,Drone (rice field)
4,Brebes_Tegal,14_pemalang04_taman,Drone (rice field)
3,Brebes_Tegal,14_pemalang04_taman,Drone (rice field)
4,Brebes_Tegal,14_pemalang04_taman,Drone (rice field)
3,Brebes_Tegal,14_pemalang04_taman,Drone (rice field)
3,Brebes_Tegal,14_pemalang04_taman,Drone (rice field)
4,Brebes_Tegal,14_pemalang04_taman,Drone (rice field)
3,Brebes_Tegal,14_pemalang04_taman,Drone (rice field)
3,Brebes_Tegal,14_pemalang04_taman,Drone (rice field)
3,Brebes_Tegal,14_pemalang04_taman,Drone (rice field)
3,Brebes_Tegal,14_pemalang04_taman,Drone (rice field)
3,Brebes_Tegal,14_pemalang04_taman,Drone (rice field)
2,Cirebon,13_Jatibarang1,Drone (rice field)
2,Cirebon,12_Jatibarang2,Drone (rice field)
2,Cirebon,12_Jatibarang2,Drone (rice field)
2,Cirebon,13_Jatibarang1,Drone (rice field)
2,Cirebon,13_Jatibarang1,Drone (rice field)
2,Cirebon,12_Jatibarang2,Drone (rice field)
2,Cirebon,13_Jatibarang1,Drone (rice field)
2,Cirebon,12_Jatibarang2,Drone (rice field)
2,Cirebon,13_Jatibarang1,Drone (rice field)
2,Cirebon,13_Jatibarang1,Drone (rice field)
2,Cirebon,13_Jatibarang1,Drone (rice field)
2,Cirebon,13_Jatibarang1,Drone (rice field)
2,Cirebon,12_Jatibarang2,Drone (rice field)
2,Cirebon,12_Jatibarang2,Drone (rice field)
2,Cirebon,12_Jatibarang2,Drone (rice field)
2,Cirebon,13_Jatibarang1,Drone (rice field)
2,Cirebon,13_Jatibarang1,Drone (rice field)
2,Cirebon,13_Jatibarang1,Drone (rice field)
2,Cirebon,12_Jatibarang2,Drone (rice field)
2,Cirebon,13_Jatibarang1,Drone (rice field)
2,Cirebon,13_Jatibarang1,Drone (rice field)
2,Cirebon,12_Jatibarang2,Drone (rice field)
2,Cirebon,13_Jatibarang1,Drone (rice field)
2,Cirebon,13_Jatibarang1,Drone (rice field)
2,Cirebon,12_Jatibarang2,Drone (rice field)
2,Cirebon,13_Jatibarang1,Drone (rice field)
2,Cirebon,13_Jatibarang1,Drone (rice field)
2,Cirebon,13_Jatibarang1,Drone (rice field)
2,Cirebon,12_Jatibarang2,Drone (rice field)
2,Cirebon,13_Jatibarang1,Drone (rice field)
2,Cirebon,13_Jatibarang1,Drone (rice field)
2,Cirebon,13_Jatibarang1,Drone (rice field)
2,Cirebon,13 Jatibarang1,Drone (rice field)
2,Cirebon,13_Jatibarang1,Drone (rice field)
2,Cirebon,12_Jatibarang2,Drone (rice field)
2,Cirebon,13_Jatibarang1,Drone (rice field)
2,Cirebon,13_Jatibarang1,Drone (rice field)
2,Cirebon,13_Jatibarang1,Drone (rice field)
2,Cirebon,12_Jatibarang2,Drone (rice field)
2,Cirebon,12_Jatibarang2,Drone (rice field)
2,Cirebon,13_Jatibarang1,Drone (rice field)
2,Cirebon,12_Jatibarang2,Drone (rice field)
2,Cirebon,13_Jatibarang1,Drone (rice field)
2,Cirebon,13_Jatibarang1,Drone (rice field)
2,Cirebon,13_Jatibarang1,Drone (rice field)
2,Cirebon,13_Jatibarang1,Drone (rice field)
2,Cirebon,12_Jatibarang2,Drone (rice field)
2,Cirebon,12_Jatibarang2,Drone (rice field)
2,Cirebon,13_Jatibarang1,Drone (rice field)
2,Cirebon,12_Jatibarang2,Drone (rice field)
2,Cirebon,13_Jatibarang1,Drone (rice field)
2,Cirebon,12_Jatibarang2,Drone (rice field)
2,Cirebon,12_Jatibarang2,Drone (rice field)
2,Cirebon,13_Jatibarang1,Drone (rice field)
2,Cirebon,12_Jatibarang2,Drone (rice field)
2,Cirebon,12_Jatibarang2,Drone (rice field)
2,Cirebon,12_Jatibarang2,Drone (rice field)
2,Cirebon,12_Jatibarang2,Drone (rice field)
2,Cirebon,13_Jatibarang1,Drone (rice field)
2,Cirebon,12_Jatibarang2,Drone (rice field)
2,Cirebon,12_Jatibarang2,Drone (rice field)
2,Cirebon,12_Jatibarang2,Drone (rice field)
2,Cirebon,12_Jatibarang2,Drone (rice field)
2,Cirebon,13_Jatibarang1,Drone (rice field)
2,Cirebon,12 Jatibarang2,Drone (rice field)
2,Cirebon,13_Jatibarang1,Drone (rice field)
2,Cirebon,13_Jatibarang1,Drone (rice field)
2,Cirebon,13_Jatibarang1,Drone (rice field)
2,Cirebon,12_Jatibarang2,Drone (rice field)
2,Cirebon,13_Jatibarang1,Drone (rice field)
2,Cirebon,13_Jatibarang1,Drone (rice field)
2,Cirebon,13_Jatibarang1,Drone (rice field)
2,Cirebon,13_Jatibarang1,Drone (rice field)
2,Cirebon,12_Jatibarang2,Drone (rice field)
2,Cirebon,12_Jatibarang2,Drone (rice field)
2,Cirebon,12_Jatibarang2,Drone (rice field)
2,Cirebon,12_Jatibarang2,Drone (rice field)
2,Cirebon,13_Jatibarang1,Drone (rice field)
2,Cirebon,13_Jatibarang1,Drone (rice field)
2,Cirebon,13_Jatibarang1,Drone (rice field)
2,Cirebon,13_Jatibarang1,Drone (rice field)
2,Cirebon,12_Jatibarang2,Drone (rice field)
2,Cirebon,13_Jatibarang1,Drone (rice field)
2,Cirebon,13_Jatibarang1,Drone (rice field)
2,Cirebon,13_Jatibarang1,Drone (rice field)
2,Cirebon,12_Jatibarang2,Drone (rice field)
2,Cirebon,12_Jatibarang2,Drone (rice field)
2,Cirebon,12_Jatibarang2,Drone (rice field)
2,Cirebon,12_Jatibarang2,Drone (rice field)
2,Cirebon,12_Jatibarang2,Drone (rice field)
2,Cirebon,12_Jatibarang2,Drone (rice field)
2,Cirebon,13_Jatibarang1,Drone (rice field)
2,Cirebon,13_Jatibarang1,Drone (rice field)
2,Cirebon,12_Jatibarang2,Drone (rice field)
2,Cirebon,13_Jatibarang1,Drone (rice field)
3,Cirebon,13 Jatibarang1,Drone (rice field)
2,Cirebon,12_Jatibarang2,Drone (rice field)
2,Cirebon,13_Jatibarang1,Drone (rice field)
2,Cirebon,12 Jatibarang2,Drone (rice field)
2,Cirebon,13_Jatibarang1,Drone (rice field)
2,Cirebon,12_Jatibarang2,Drone (rice field)
2,Cirebon,12_Jatibarang2,Drone (rice field)
2,Cirebon,13_Jatibarang1,Drone (rice field)
2,Cirebon,13_Jatibarang1,Drone (rice field)
2,Cirebon,12_Jatibarang2,Drone (rice field)
2,Cirebon,13_Jatibarang1,Drone (rice field)
2,Cirebon,13_Jatibarang1,Drone (rice field)
2,Cirebon,12_Jatibarang2,Drone (rice field)
2,Cirebon,12_Jatibarang2,Drone (rice field)
2,Cirebon,12_Jatibarang2,Drone (rice field)
2,Cirebon,12_Jatibarang2,Drone (rice field)
2,Cirebon,13_Jatibarang1,Drone (rice field)
2,Cirebon,12_Jatibarang2,Drone (rice field)
2,Cirebon,12_Jatibarang2,Drone (rice field)
2,Cirebon,13_Jatibarang1,Drone (rice field)
2,Cirebon,13_Jatibarang1,Drone (rice field)
2,Cirebon,12_Jatibarang2,Drone (rice field)
2,Cirebon,13_Jatibarang1,Drone (rice field)
2,Cirebon,12_Jatibarang2,Drone (rice field)
2,Cirebon,12_Jatibarang2,Drone (rice field)
2,Cirebon,12_Jatibarang2,Drone (rice field)
2,Cirebon,13_Jatibarang1,Drone (rice field)
2,Cirebon,13_Jatibarang1,Drone (rice field)
2,Cirebon,19 Dongkal Sukasari,Drone (50x50)
2,Cirebon,12_Jatibarang2,Drone (rice field)
2,Cirebon,13_Jatibarang1,Drone (rice field)
2,Cirebon,13_Jatibarang1,Drone (rice field)
2,Cirebon,13_Jatibarang1,Drone (rice field)
2,Cirebon,12_Jatibarang2,Drone (rice field)
2,Cirebon,12_Jatibarang2,Drone (rice field)
2,Cirebon,12_Jatibarang2,Drone (rice field)
2,Cirebon,12_Jatibarang2,Drone (rice field)
2,Cirebon,13_Jatibarang1,Drone (rice field)
2,Cirebon,13_Jatibarang1,Drone (rice field)
2,Cirebon,12_Jatibarang2,Drone (rice field)
2,Cirebon,13_Jatibarang1,Drone (rice field)
2,Cirebon,12_Jatibarang2,Drone (rice field)
2,Cirebon,13_Jatibarang1,Drone (rice field)
2,Cirebon,13_Jatibarang1,Drone (rice field)
2,Cirebon,13_Jatibarang1,Drone (rice field)
2,Cirebon,12_Jatibarang2,Drone (rice field)
2,Cirebon,13_Jatibarang1,Drone (rice field)
2,Cirebon,12_Jatibarang2,Drone (rice field)
2,Cirebon,12_Jatibarang2,Drone (rice field)
2,Cirebon,13_Jatibarang1,Drone (rice field)
2,Cirebon,13_Jatibarang1,Drone (rice field)
2,Cirebon,12_Jatibarang2,Drone (rice field)
2,Cirebon,12_Jatibarang2,Drone (rice field)
2,Cirebon,12_Jatibarang2,Drone (rice field)
2,Cirebon,12_Jatibarang2,Drone (rice field)
2,Cirebon,12_Jatibarang2,Drone (rice field)
2,Cirebon,12_Jatibarang2,Drone (rice field)
2,Cirebon,13_Jatibarang1,Drone (rice field)
2,Cirebon,13_Jatibarang1,Drone (rice field)
2,Cirebon,13_Jatibarang1,Drone (rice field)
2,Cirebon,12_Jatibarang2,Drone (rice field)
2,Cirebon,12_Jatibarang2,Drone (rice field)
2,Cirebon,13_Jatibarang1,Drone (rice field)
2,Cirebon,13_Jatibarang1,Drone (rice field)
2,Cirebon,13_Jatibarang1,Drone (rice field)
2,Cirebon,13_Jatibarang1,Drone (rice field)
2,Cirebon,13_Jatibarang1,Drone (rice field)
2,Cirebon,12_Jatibarang2,Drone (rice field)
2,Cirebon,13_Jatibarang1,Drone (rice field)
2,Cirebon,13_Jatibarang1,Drone (rice field)
2,Cirebon,12 Jatibarang2,Drone (rice field)
2,Cirebon,13_Jatibarang1,Drone (rice field)
2,Cirebon,13_Jatibarang1,Drone (rice field)
2,Cirebon,13_Jatibarang1,Drone (rice field)
2,Cirebon,12_Jatibarang2,Drone (rice field)
2,Cirebon,12_Jatibarang2,Drone (rice field)
2,Cirebon,12_Jatibarang2,Drone (rice field)
4,Cirebon,28_Lohbener2,Drone (rice field)
4,Cirebon,29_Lohbener1,Drone (rice field)
4,Cirebon,29_Lohbener1,Drone (rice field)
4,Cirebon,29_Lohbener1,Drone (rice field)
4,Cirebon,29_Lohbener1,Drone (rice field)
3,Cirebon,25_Sindangkerta_Indramayu2,Drone (rice field)
4,Cirebon,28_Lohbener2,Drone (rice field)
4,Cirebon,28_Lohbener2,Drone (rice field)
4,Cirebon,29_Lohbener1,Drone (rice field)
4,Cirebon,25_Sindangkerta_Indramayu2,Drone (rice field)
4,Cirebon,28_Lohbener2,Drone (rice field)
4,Cirebon,29_Lohbener1,Drone (rice field)
3,Cirebon,29_Lohbener1,Drone (rice field)
4,Cirebon,29_Lohbener1,Drone (rice field)
4,Cirebon,29_Lohbener1,Drone (rice field)
4,Cirebon,28_Lohbener2,Drone (rice field)
4,Cirebon,29_Lohbener1,Drone (rice field)
4,Cirebon,29_Lohbener1,Drone (rice field)
4,Cirebon,25_Sindangkerta_Indramayu2,Drone (rice field)
3,Cirebon,28_Lohbener2,Drone (rice field)
4,Cirebon,29_Lohbener1,Drone (rice field)
4,Cirebon,28_Lohbener2,Drone (rice field)
3,Cirebon,25_Sindangkerta_Indramayu2,Drone (rice field)
4,Cirebon,25_Sindangkerta_Indramayu2,Drone (rice field)
4,Cirebon,28_Lohbener2,Drone (rice field)
4,Cirebon,28_Lohbener2,Drone (rice field)
4,Cirebon,29_Lohbener1,Drone (rice field)
4,Cirebon,29_Lohbener1,Drone (rice field)
4,Cirebon,25_Sindangkerta_Indramayu2,Drone (rice field)
4,Cirebon,29_Lohbener1,Drone (rice field)
4,Cirebon,25_Sindangkerta_Indramayu2,Drone (rice field)
4,Cirebon,25_Sindangkerta_Indramayu2,Drone (rice field)
4,Cirebon,28_Lohbener2,Drone (rice field)
4,Cirebon,28_Lohbener2,Drone (rice field)
4,Cirebon,28_Lohbener2,Drone (rice field)
3,Cirebon,25_Sindangkerta_Indramayu2,Drone (rice field)
4,Cirebon,28_Lohbener2,Drone (rice field)
4,Cirebon,28_Lohbener2,Drone (rice field)
4,Cirebon,28_Lohbener2,Drone (rice field)
4,Cirebon,29_Lohbener1,Drone (rice field)
4,Cirebon,25_Sindangkerta_Indramayu2,Drone (rice field)
4,Cirebon,25_Sindangkerta_Indramayu2,Drone (rice field)
4,Cirebon,28_Lohbener2,Drone (rice field)
4,Cirebon,29_Lohbener1,Drone (rice field)
4,Cirebon,25_Sindangkerta_Indramayu2,Drone (rice field)
4,Cirebon,28_Lohbener2,Drone (rice field)
3,Cirebon,25_Sindangkerta_Indramayu2,Drone (rice field)
3,Cirebon,25_Sindangkerta_Indramayu2,Drone (rice field)
4,Cirebon,29_Lohbener1,Drone (rice field)
4,Cirebon,25_Sindangkerta_Indramayu2,Drone (rice field)
4,Cirebon,28_Lohbener2,Drone (rice field)
4,Cirebon,28_Lohbener2,Drone (rice field)
4,Cirebon,28_Lohbener2,Drone (rice field)
4,Cirebon,28_Lohbener2,Drone (rice field)
4,Cirebon,28_Lohbener2,Drone (rice field)
4,Cirebon,28_Lohbener2,Drone (rice field)
4,Cirebon,28_Lohbener2,Drone (rice field)
4,Cirebon,29_Lohbener1,Drone (rice field)
4,Cirebon,25_Sindangkerta_Indramayu2,Drone (rice field)
4,Cirebon,29_Lohbener1,Drone (rice field)
4,Cirebon,28_Lohbener2,Drone (rice field)
4,Cirebon,25_Sindangkerta_Indramayu2,Drone (rice field)
4,Cirebon,28_Lohbener2,Drone (rice field)
4,Cirebon,28_Lohbener2,Drone (rice field)
4,Cirebon,28_Lohbener2,Drone (rice field)
4,Cirebon,25_Sindangkerta_Indramayu2,Drone (rice field)
4,Cirebon,29_Lohbener1,Drone (rice field)
4,Cirebon,28_Lohbener2,Drone (rice field)
4,Cirebon,29_Lohbener1,Drone (rice field)
4,Cirebon,29_Lohbener1,Drone (rice field)
3,Cirebon,29_Lohbener1,Drone (rice field)
4,Cirebon,29_Lohbener1,Drone (rice field)
3,Cirebon,29_Lohbener1,Drone (rice field)
4,Cirebon,28_Lohbener2,Drone (rice field)
4,Cirebon,28_Lohbener2,Drone (rice field)
4,Cirebon,29_Lohbener1,Drone (rice field)
4,Cirebon,29_Lohbener1,Drone (rice field)
4,Cirebon,28_Lohbener2,Drone (rice field)
4,Cirebon,28_Lohbener2,Drone (rice field)
4,Cirebon,28_Lohbener2,Drone (rice field)
4,Cirebon,29_Lohbener1,Drone (rice field)
3,Cirebon,29_Lohbener1,Drone (rice field)
4,Cirebon,29_Lohbener1,Drone (rice field)
4,Cirebon,29_Lohbener1,Drone (rice field)
4,Cirebon,25_Sindangkerta_Indramayu2,Drone (rice field)
4,Cirebon,25_Sindangkerta_Indramayu2,Drone (rice field)
4,Cirebon,25_Sindangkerta_Indramayu2,Drone (rice field)
3,Cirebon,28_Lohbener2,Drone (rice field)
4,Cirebon,29_Lohbener1,Drone (rice field)
3,Cirebon,28_Lohbener2,Drone (rice field)
4,Cirebon,25_Sindangkerta_Indramayu2,Drone (rice field)
4,Cirebon,29_Lohbener1,Drone (rice field)
4,Cirebon,25_Sindangkerta_Indramayu2,Drone (rice field)
4,Cirebon,25_Sindangkerta_Indramayu2,Drone (rice field)
4,Cirebon,29_Lohbener1,Drone (rice field)
4,Cirebon,25_Sindangkerta_Indramayu2,Drone (rice field)
4,Cirebon,28_Lohbener2,Drone (rice field)
4,Cirebon,25_Sindangkerta_Indramayu2,Drone (rice field)
4,Cirebon,28_Lohbener2,Drone (rice field)
4,Cirebon,28_Lohbener2,Drone (rice field)
4,Cirebon,25_Sindangkerta_Indramayu2,Drone (rice field)
4,Cirebon,25_Sindangkerta_Indramayu2,Drone (rice field)
4,Cirebon,28_Lohbener2,Drone (rice field)
4,Cirebon,25_Sindangkerta_Indramayu2,Drone (rice field)
4,Cirebon,29_Lohbener1,Drone (rice field)
4,Cirebon,29_Lohbener1,Drone (rice field)
4,Cirebon,25_Sindangkerta_Indramayu2,Drone (rice field)
4,Cirebon,29_Lohbener1,Drone (rice field)
3,Cirebon,28_Lohbener2,Drone (rice field)
4,Cirebon,25_Sindangkerta_Indramayu2,Drone (rice field)
4,Cirebon,25_Sindangkerta_Indramayu2,Drone (rice field)
3,Cirebon,25_Sindangkerta_Indramayu2,Drone (rice field)
4,Cirebon,25_Sindangkerta_Indramayu2,Drone (rice field)
4,Cirebon,29_Lohbener1,Drone (rice field)
3,Cirebon,25_Sindangkerta_Indramayu2,Drone (rice field)
4,Cirebon,29_Lohbener1,Drone (rice field)
4,Cirebon,25_Sindangkerta_Indramayu2,Drone (rice field)
4,Cirebon,28_Lohbener2,Drone (rice field)
4,Cirebon,25_Sindangkerta_Indramayu2,Drone (rice field)
3,Cirebon,25_Sindangkerta_Indramayu2,Drone (rice field)
4,Cirebon,29_Lohbener1,Drone (rice field)
4,Cirebon,29_Lohbener1,Drone (rice field)
4,Cirebon,28_Lohbener2,Drone (rice field)
4,Cirebon,28_Lohbener2,Drone (rice field)
3,Cirebon,25_Sindangkerta_Indramayu2,Drone (rice field)
4,Cirebon,29_Lohbener1,Drone (rice field)
4,Cirebon,29_Lohbener1,Drone (rice field)
4,Cirebon,28_Lohbener2,Drone (rice field)
4,Cirebon,28_Lohbener2,Drone (rice field)
4,Cirebon,25_Sindangkerta_Indramayu2,Drone (rice field)
4,Cirebon,28_Lohbener2,Drone (rice field)
4,Cirebon,28_Lohbener2,Drone (rice field)
4,Cirebon,29_Lohbener1,Drone (rice field)
3,Cirebon,25_Sindangkerta_Indramayu2,Drone (rice field)
4,Cirebon,28_Lohbener2,Drone (rice field)
4,Cirebon,28_Lohbener2,Drone (rice field)
4,Cirebon,29_Lohbener1,Drone (rice field)
4,Cirebon,25_Sindangkerta_Indramayu2,Drone (rice field)
4,Cirebon,28_Lohbener2,Drone (rice field)
4,Cirebon,25_Sindangkerta_Indramayu2,Drone (rice field)
3,Cirebon,25_Sindangkerta_Indramayu2,Drone (rice field)
3,Cirebon,25_Sindangkerta_Indramayu2,Drone (rice field)
4,Cirebon,25_Sindangkerta_Indramayu2,Drone (rice field)
4,Cirebon,25_Sindangkerta_Indramayu2,Drone (rice field)
4,Cirebon,28_Lohbener2,Drone (rice field)
4,Cirebon,28_Lohbener2,Drone (rice field)
4,Cirebon,25_Sindangkerta_Indramayu2,Drone (rice field)
4,Cirebon,28_Lohbener2,Drone (rice field)
3,Cirebon,25_Sindangkerta_Indramayu2,Drone (rice field)
3,Cirebon,28_Lohbener2,Drone (rice field)
4,Cirebon,29_Lohbener1,Drone (rice field)
4,Cirebon,28_Lohbener2,Drone (rice field)
4,Cirebon,25_Sindangkerta_Indramayu2,Drone (rice field)
3,Cirebon,25_Sindangkerta_Indramayu2,Drone (rice field)
4,Cirebon,25_Sindangkerta_Indramayu2,Drone (rice field)
4,Cirebon,25_Sindangkerta_Indramayu2,Drone (rice field)
4,Cirebon,28_Lohbener2,Drone (rice field)
3,Cirebon,25_Sindangkerta_Indramayu2,Drone (rice field)
4,Cirebon,29_Lohbener1,Drone (rice field)
4,Cirebon,28_Lohbener2,Drone (rice field)
4,Cirebon,29_Lohbener1,Drone (rice field)
4,Cirebon,25_Sindangkerta_Indramayu2,Drone (rice field)
4,Cirebon,28_Lohbener2,Drone (rice field)
4,Cirebon,25_Sindangkerta_Indramayu2,Drone (rice field)
4,Cirebon,28_Lohbener2,Drone (rice field)
4,Cirebon,28_Lohbener2,Drone (rice field)
4,Cirebon,28_Lohbener2,Drone (rice field)
4,Cirebon,25_Sindangkerta_Indramayu2,Drone (rice field)
4,Cirebon,28_Lohbener2,Drone (rice field)
2,Pekalongan,Pekuwon,Drone (rice field)
2,Pekalongan,Pekuwon,Drone (rice field)
2,Pekalongan,Pekuwon,Drone (rice field)
2,Pekalongan,Pekuwon,Drone (rice field)
2,Pekalongan,Pekuwon,Drone (rice field)
2,Pekalongan,Pekuwon,Drone (rice field)
2,Pekalongan,Pekuwon,Drone (rice field)
2,Pekalongan,Pekuwon,Drone (rice field)
2,Pekalongan,Pekuwon,Drone (rice field)
2,Pekalongan,Pekuwon,Drone (rice field)
2,Pekalongan,Pekuwon,Drone (rice field)
2,Pekalongan,Pekuwon,Drone (rice field)
2,Pekalongan,Pekuwon,Drone (rice field)
2,Pekalongan,Pekuwon,Drone (rice field)
2,Pekalongan,Pekuwon,Drone (rice field)
2,Pekalongan,Pekuwon,Drone (rice field)
2,Pekalongan,Pekuwon,Drone (rice field)
2,Pekalongan,Pekuwon,Drone (rice field)
2,Pekalongan,Pekuwon,Drone (rice field)
2,Pekalongan,Pekuwon,Drone (rice field)
2,Pekalongan,Pekuwon,Drone (rice field)
2,Pekalongan,Pekuwon,Drone (rice field)
2,Pekalongan,Pekuwon,Drone (rice field)
2,Pekalongan,Pekuwon,Drone (rice field)
2,Pekalongan,Pekuwon,Drone (rice field)
2,Pekalongan,Pekuwon,Drone (rice field)
2,Pekalongan,Pekuwon,Drone (rice field)
2,Pekalongan,Pekuwon,Drone (rice field)
2,Pekalongan,Pekuwon,Drone (rice field)
2,Pekalongan,Pekuwon,Drone (rice field)
2,Pekalongan,Pekuwon,Drone (rice field)
2,Pekalongan,Pekuwon,Drone (rice field)
2,Pekalongan,Pekuwon,Drone (rice field)
2,Pekalongan,Pekuwon,Drone (rice field)
2,Pekalongan,Pekuwon,Drone (rice field)
2,Pekalongan,Pekuwon,Drone (rice field)
2,Pekalongan,Pekuwon,Drone (rice field)
2,Pekalongan,Pekuwon,Drone (rice field)
2,Pekalongan,Pekuwon,Drone (rice field)
2,Pekalongan,Pekuwon,Drone (rice field)
2,Pekalongan,Pekuwon,Drone (rice field)
2,Pekalongan,Pekuwon,Drone (rice field)
2,Pekalongan,Pekuwon,Drone (rice field)
2,Pekalongan,Pekuwon,Drone (rice field)
2,Pekalongan,Pekuwon,Drone (rice field)
2,Pekalongan,Pekuwon,Drone (rice field)
2,Pekalongan,Pekuwon,Drone (rice field)
2,Pekalongan,Pekuwon,Drone (rice field)
2,Pekalongan,Pekuwon,Drone (rice field)
2,Pekalongan,Pekuwon,Drone (rice field)
2,Pekalongan,Pekuwon,Drone (rice field)
2,Pekalongan,Pekuwon,Drone (rice field)
2,Pekalongan,Pekuwon,Drone (rice field)
2,Pekalongan,Pekuwon,Drone (rice field)
2,Pekalongan,Pekuwon,Drone (rice field)
2,Pekalongan,Pekuwon,Drone (rice field)
2,Pekalongan,Pekuwon,Drone (rice field)
2,Pekalongan,Pekuwon,Drone (rice field)
2,Pekalongan,Pekuwon,Drone (rice field)
2,Pekalongan,Pekuwon,Drone (rice field)
2,Pekalongan,Pekuwon,Drone (rice field)
2,Pekalongan,Pekuwon,Drone (rice field)
2,Pekalongan,Pekuwon,Drone (rice field)
2,Pekalongan,Pekuwon,Drone (rice field)
2,Pekalongan,Pekuwon,Drone (rice field)
2,Pekalongan,Pekuwon,Drone (rice field)
2,Pekalongan,Pekuwon,Drone (rice field)
2,Pekalongan,Pekuwon,Drone (rice field)
2,Pekalongan,Pekuwon,Drone (rice field)
2,Pekalongan,Pekuwon,Drone (rice field)
2,Pekalongan,Pekuwon,Drone (rice field)
2,Pekalongan,Pekuwon,Drone (rice field)
2,Pekalongan,Pekuwon,Drone (rice field)
2,Pekalongan,Pekuwon,Drone (rice field)
2,Pekalongan,Pekuwon,Drone (rice field)
2,Pekalongan,Pekuwon,Drone (rice field)
2,Pekalongan,Pekuwon,Drone (rice field)
2,Pekalongan,Pekuwon,Drone (rice field)
2,Pekalongan,Pekuwon,Drone (rice field)
2,Pekalongan,Pekuwon,Drone (rice field)
2,Pekalongan,Pekuwon,Drone (rice field)
2,Pekalongan,Pekuwon,Drone (rice field)
2,Pekalongan,Pekuwon,Drone (rice field)
2,Pekalongan,Pekuwon,Drone (rice field)
2,Pekalongan,Pekuwon,Drone (rice field)
2,Pekalongan,Pekuwon,Drone (rice field)
6,Pekalongan,Bocor,Drone (rice field)
6,Pekalongan,Bocor,Drone (rice field)
6,Pekalongan,Bocor,Drone (rice field)
6,Pekalongan,Bocor,Drone (rice field)
6,Pekalongan,Bocor,Drone (rice field)
6,Pekalongan,Bocor,Drone (rice field)
6,Pekalongan,Bocor,Drone (rice field)
6,Pekalongan,Bocor,Drone (rice field)
6,Pekalongan,Bocor,Drone (rice field)
6,Pekalongan,Bocor,Drone (rice field)
6,Pekalongan,Bocor,Drone (rice field)
6,Pekalongan,Bocor,Drone (rice field)
6,Pekalongan,Bocor,Drone (rice field)
6,Pekalongan,Bocor,Drone (rice field)
6,Pekalongan,Bocor,Drone (rice field)
6,Pekalongan,Bocor,Drone (rice field)
6,Pekalongan,Bocor,Drone (rice field)
6,Pekalongan,Bocor,Drone (rice field)
6,Pekalongan,Bocor,Drone (rice field)
6,Pekalongan,Bocor,Drone (rice field)
6,Pekalongan,Bocor,Drone (rice field)
6,Pekalongan,Bocor,Drone (rice field)
6,Pekalongan,Bocor,Drone (rice field)
6,Pekalongan,Bocor,Drone (rice field)
6,Pekalongan,Bocor,Drone (rice field)
6,Pekalongan,Bocor,Drone (rice field)
6,Pekalongan,Bocor,Drone (rice field)
6,Pekalongan,Bocor,Drone (rice field)
6,Pekalongan,Bocor,Drone (rice field)
6,Pekalongan,Bocor,Drone (rice field)
6,Pekalongan,Bocor,Drone (rice field)
6,Pekalongan,Bocor,Drone (rice field)
6,Pekalongan,Bocor,Drone (rice field)
6,Pekalongan,Bocor,Drone (rice field)
6,Pekalongan,Bocor,Drone (rice field)
6,Pekalongan,Bocor,Drone (rice field)
6,Pekalongan,Bocor,Drone (rice field)
6,Pekalongan,Bocor,Drone (rice field)
6,Pekalongan,Bocor,Drone (rice field)
6,Pekalongan,Bocor,Drone (rice field)
6,Pekalongan,Bocor,Drone (rice field)
6,Pekalongan,Bocor,Drone (rice field)
6,Pekalongan,Bocor,Drone (rice field)
6,Pekalongan,Bocor,Drone (rice field)
6,Pekalongan,Bocor,Drone (rice field)
6,Pekalongan,Bocor,Drone (rice field)
6,Pekalongan,Bocor,Drone (rice field)
6,Pekalongan,Bocor,Drone (rice field)
6,Pekalongan,Bocor,Drone (rice field)
6,Pekalongan,Bocor,Drone (rice field)
6,Pekalongan,Bocor,Drone (rice field)
6,Pekalongan,Bocor,Drone (rice field)
6,Pekalongan,Bocor,Drone (rice field)
6,Pekalongan,Bocor,Drone (rice field)
6,Pekalongan,Bocor,Drone (rice field)
6,Pekalongan,Bocor,Drone (rice field)
6,Pekalongan,Bocor,Drone (rice field)
6,Pekalongan,Bocor,Drone (rice field)
6,Pekalongan,Bocor,Drone (rice field)
6,Pekalongan,Bocor,Drone (rice field)
6,Pekalongan,Bocor,Drone (rice field)
6,Pekalongan,Bocor,Drone (rice field)
6,Pekalongan,Bocor,Drone (rice field)
6,Pekalongan,Bocor,Drone (rice field)
6,Pekalongan,Bocor,Drone (rice field)
6,Pekalongan,Bocor,Drone (rice field)
6,Pekalongan,Bocor,Drone (rice field)
6,Pekalongan,Bocor,Drone (rice field)
6,Pekalongan,Bocor,Drone (rice field)
6,Pekalongan,Bocor,Drone (rice field)
6,Pekalongan,Bocor,Drone (rice field)
6,Pekalongan,Bocor,Drone (rice field)
6,Pekalongan,Bocor,Drone (rice field)
6,Pekalongan,Bocor,Drone (rice field)
6,Pekalongan,Janggawur,Drone (rice field)
6,Pekalongan,Janggawur,Drone (rice field)
6,Pekalongan,Janggawur,Drone (rice field)
6,Pekalongan,Janggawur,Drone (rice field)
6,Pekalongan,Janggawur,Drone (rice field)
6,Pekalongan,Janggawur,Drone (rice field)
6,Pekalongan,Janggawur,Drone (rice field)
6,Pekalongan,Janggawur,Drone (rice field)
6,Pekalongan,Janggawur,Drone (rice field)
6,Pekalongan,Janggawur,Drone (rice field)
6,Pekalongan,Janggawur,Drone (rice field)
6,Pekalongan,Janggawur,Drone (rice field)
6,Pekalongan,Janggawur,Drone (rice field)
6,Pekalongan,Janggawur,Drone (rice field)
6,Pekalongan,Janggawur,Drone (rice field)
6,Pekalongan,Janggawur,Drone (rice field)
6,Pekalongan,Janggawur,Drone (rice field)
6,Pekalongan,Janggawur,Drone (rice field)
6,Pekalongan,Janggawur,Drone (rice field)
6,Pekalongan,Janggawur,Drone (rice field)
6,Pekalongan,Janggawur,Drone (rice field)
6,Pekalongan,Janggawur,Drone (rice field)
6,Pekalongan,Janggawur,Drone (rice field)
6,Pekalongan,Janggawur,Drone (rice field)
6,Pekalongan,Janggawur,Drone (rice field)
6,Pekalongan,Janggawur,Drone (rice field)
6,Pekalongan,Janggawur,Drone (rice field)
6,Pekalongan,Janggawur,Drone (rice field)
6,Pekalongan,Janggawur,Drone (rice field)
6,Pekalongan,Janggawur,Drone (rice field)
6,Pekalongan,Janggawur,Drone (rice field)
6,Pekalongan,Janggawur,Drone (rice field)
6,Pekalongan,Janggawur,Drone (rice field)
6,Pekalongan,Janggawur,Drone (rice field)
6,Pekalongan,Janggawur,Drone (rice field)
6,Pekalongan,Janggawur,Drone (rice field)
6,Pekalongan,Janggawur,Drone (rice field)
6,Pekalongan,Janggawur,Drone (rice field)
6,Pekalongan,Janggawur,Drone (rice field)
6,Pekalongan,Janggawur,Drone (rice field)
6,Pekalongan,Janggawur,Drone (rice field)
6,Pekalongan,Janggawur,Drone (rice field)
6,Pekalongan,Janggawur,Drone (rice field)
6,Pekalongan,Janggawur,Drone (rice field)
6,Pekalongan,Janggawur,Drone (rice field)
6,Pekalongan,Janggawur,Drone (rice field)
6,Pekalongan,Janggawur,Drone (rice field)
6,Pekalongan,Janggawur,Drone (rice field)
6,Pekalongan,Janggawur,Drone (rice field)
6,Pekalongan,Janggawur,Drone (rice field)
6,Pekalongan,Janggawur,Drone (rice field)
6,Pekalongan,Janggawur,Drone (rice field)
6,Pekalongan,Janggawur,Drone (rice field)
6,Pekalongan,Janggawur,Drone (rice field)
6,Pekalongan,Janggawur,Drone (rice field)
6,Pekalongan,Janggawur,Drone (rice field)
6,Pekalongan,Janggawur,Drone (rice field)
6,Pekalongan,Janggawur,Drone (rice field)
6,Pekalongan,Janggawur,Drone (rice field)
6,Pekalongan,Janggawur,Drone (rice field)
6,Pekalongan,Janggawur,Drone (rice field)
6,Pekalongan,Janggawur,Drone (rice field)
6,Pekalongan,Janggawur,Drone (rice field)
6,Pekalongan,Janggawur,Drone (rice field)
6,Pekalongan,Janggawur,Drone (rice field)
6,Pekalongan,Janggawur,Drone (rice field)
6,Pekalongan,Janggawur,Drone (rice field)
6,Pekalongan,Janggawur,Drone (rice field)
6,Pekalongan,Janggawur,Drone (rice field)
6,Pekalongan,Janggawur,Drone (rice field)
6,Pekalongan,Janggawur,Drone (rice field)
6,Pekalongan,Janggawur,Drone (rice field)
6,Pekalongan,Janggawur,Drone (rice field)
6,Pekalongan,Janggawur,Drone (rice field)
6,Pekalongan,Janggawur,Drone (rice field)
6,Pekalongan,Janggawur,Drone (rice field)
6,Pekalongan,Janggawur,Drone (rice field)
6,Pekalongan,Janggawur,Drone (rice field)
6,Pekalongan,Janggawur,Drone (rice field)
6,Pekalongan,Janggawur,Drone (rice field)
6,Pekalongan,Janggawur,Drone (rice field)
6,Pekalongan,Janggawur,Drone (rice field)
6,Pekalongan,Janggawur,Drone (rice field)
6,Pekalongan,Janggawur,Drone (rice field)
6,Pekalongan,Janggawur,Drone (rice field)
6,Pekalongan,Janggawur,Drone (rice field)
6,Pekalongan,Janggawur,Drone (rice field)
6,Pekalongan,Janggawur,Drone (rice field)
6,Pekalongan,Janggawur,Drone (rice field)
6,Pekalongan,Janggawur,Drone (rice field)
6,Pekalongan,Janggawur,Drone (rice field)
6,Pekalongan,Janggawur,Drone (rice field)
6,Pekalongan,Janggawur,Drone (rice field)
6,Pekalongan,Janggawur,Drone (rice field)
6,Pekalongan,Janggawur,Drone (rice field)
6,Pekalongan,Janggawur,Drone (rice field)
6,Pekalongan,Janggawur,Drone (rice field)
6,Pekalongan,Janggawur,Drone (rice field)
6,Pekalongan,Janggawur,Drone (rice field)
6,Pekalongan,Janggawur,Drone (rice field)
6,Pekalongan,Janggawur,Drone (rice field)
6,Pekalongan,Janggawur,Drone (rice field)
6,Pekalongan,Janggawur,Drone (rice field)
6,Pekalongan,Janggawur,Drone (rice field)
6,Pekalongan,Janggawur,Drone (rice field)
6,Pekalongan,Janggawur,Drone (rice field)
6,Pekalongan,Janggawur,Drone (rice field)
6,Pekalongan,Janggawur,Drone (rice field)
6,Pekalongan,Janggawur,Drone (rice field)
6,Pekalongan,Janggawur,Drone (rice field)
6,Pekalongan,Janggawur,Drone (rice field)
6,Pekalongan,Janggawur,Drone (rice field)
6,Pekalongan,Janggawur,Drone (rice field)
6,Pekalongan,Janggawur,Drone (rice field)
6,Pekalongan,Janggawur,Drone (rice field)
6,Pekalongan,Janggawur,Drone (rice field)
6,Pekalongan,Janggawur,Drone (rice field)
6,Pekalongan,Janggawur,Drone (rice field)
6,Pekalongan,Janggawur,Drone (rice field)
6,Pekalongan,Janggawur,Drone (rice field)
6,Pekalongan,Janggawur,Drone (rice field)
6,Pekalongan,Janggawur,Drone (rice field)
2,Pekalongan,,Drone (rice field)
2,Pekalongan,Kembangsawit,Drone (rice field)
2,Pekalongan,Kembangsawit,Drone (rice field)
2,Pekalongan,Kembangsawit,Drone (rice field)
2,Pekalongan,Kembangsawit,Drone (rice field)
2,Pekalongan,Kembangsawit,Drone (rice field)
2,Pekalongan,Kembangsawit,Drone (rice field)
2,Pekalongan,Kembangsawit,Drone (rice field)
2,Pekalongan,Kembangsawit,Drone (rice field)
2,Pekalongan,Kembangsawit,Drone (rice field)
2,Pekalongan,Kembangsawit,Drone (rice field)
2,Pekalongan,Kembangsawit,Drone (rice field)
6,Pekalongan,Janggawur,Drone (rice field)
2,Pekalongan,04_Pekalongan04_Bojonglor02,Drone (50x50)
2,Pekalongan,03_Pekalongan03_Bojonglor01,Drone (50x50)
2,Pekalongan,04_Pekalongan04_Bojonglor02,Drone (50x50)
2,Pekalongan,04_Pekalongan04_Bojonglor02,Field Survey
2,Pekalongan,04_Pekalongan04_Bojonglor02,Drone (50x50)
2,Pekalongan,04_Pekalongan04_Bojonglor02,Drone (50x50)
2,Pekalongan,03_Pekalongan03_Bojonglor01,Drone (50x50)
2,Pekalongan,03_Pekalongan03_Bojonglor01,Drone (50x50)
2,Pekalongan,04_Pekalongan04_Bojonglor02,Drone (50x50)
2,Pekalongan,04_Pekalongan04_Bojonglor02,Drone (50x50)
2,Pekalongan,04_Pekalongan04_Bojonglor02,Drone (50x50)
2,Pekalongan,04_Pekalongan04_Bojonglor,Field Survey
2,Pekalongan,04_Pekalongan04_Bojonglor02,Field Survey
2,Pekalongan,03_Pekalongan03_Bojonglor01,Drone (50x50)
2,Pekalongan,03_Pekalongan03_Bojonglor01,Drone (50x50)
2,Pekalongan,03_Pekalongan03_Bojonglor01,Drone (50x50)
2,Pekalongan,03_Pekalongan03_Bojonglor01,Drone (50x50)
2,Pekalongan,04_Pekalongan04_Bojonglor02,Drone (50x50)
2,Pekalongan,03_Pekalongan03_Bojonglor01,Drone (50x50)
2,Pekalongan,04_Pekalongan04_Bojonglor02,Drone (50x50)
2,Pekalongan,03_Pekalongan03_Bojonglor01,Field Survey
2,Pekalongan,03_Pekalongan03_Bojonglor01,Drone (50x50)
2,Pekalongan,04_Pekalongan04_Bojonglor02,Drone (50x50)
2,Pekalongan,04_Pekalongan04_Bojonglor02,Drone (50x50)
2,Pekalongan,03_Pekalongan03_Bojonglor01,Drone (50x50)
2,Pekalongan,04_Pekalongan04_Bojonglor02,Drone (50x50)
2,Pekalongan,04_Pekalongan04_Bojonglor02,Drone (50x50)
2,Pekalongan,03_Pekalongan03_Bojonglor01,Drone (50x50)
2,Pekalongan,04_Pekalongan04_Bojonglor02,Drone (50x50)
2,Pekalongan,04_Pekalongan04_Bojonglor02,Field Survey
2,Pekalongan,04_Pekalongan04_Bojonglor02,Drone (50x50)
2,Pekalongan,04_Pekalongan04_Bojonglor02,Drone (50x50)
2,Pekalongan,03_Pekalongan03_Bojonglor01,Drone (50x50)
2,Pekalongan,03_Pekalongan03_Bojonglor01,Drone (50x50)
2,Pekalongan,03_Pekalongan03_Bojonglor01,Drone (50x50)
2,Pekalongan,03_Pekalongan03_Bojonglor01,Drone (50x50)
2,Pekalongan,04_Pekalongan04_Bojonglor02,Drone (50x50)
2,Pekalongan,03_Pekalongan03_Bojonglor01,Drone (50x50)
2,Pekalongan,04_Pekalongan04_Bojonglor02,Drone (50x50)
2,Pekalongan,03_Pekalongan03_Bojonglor01,Drone (50x50)
2,Pekalongan,04_Pekalongan04_Bojonglor02,Drone (50x50)
2,Pekalongan,03_Pekalongan03_Bojonglor01,Field Survey
2,Pekalongan,03_Pekalongan03_Bojonglor01,Drone (50x50)
2,Pekalongan,04_Pekalongan04_Bojonglor02,Drone (50x50)
2,Pekalongan,04_Pekalongan04_Bojonglor02,Drone (50x50)
2,Pekalongan,04_Pekalongan04_Bojonglor02,Drone (50x50)
2,Pekalongan,04_Pekalongan04_Bojonglor02,Drone (50x50)
2,Pekalongan,03_Pekalongan03_Bojonglor01,Drone (50x50)
2,Pekalongan,04_Pekalongan04_Bojonglor02,Drone (50x50)
2,Pekalongan,03_Pekalongan03_Bojonglor01,Drone (50x50)
2,Pekalongan,04_Pekalongan04_Bojonglor02,Drone (50x50)
2,Pekalongan,04_Pekalongan04_Bojonglor02,Drone (50x50)
2,Pekalongan,04_Pekalongan04_Bojonglor02,Field Survey
2,Pekalongan,04_Pekalongan04_Bojonglor02,Drone (50x50)
2,Pekalongan,04_Pekalongan04_Bojonglor02,Drone (50x50)
2,Pekalongan,04_Pekalongan04_Bojonglor02,Drone (50x50)
2,Pekalongan,03_Pekalongan03_Bojonglor01,Drone (50x50)
2,Pekalongan,04_Pekalongan04_Bojonglor02,Drone (50x50)
2,Pekalongan,03_Pekalongan03_Bojonglor01,Field Survey
2,Pekalongan,03_Pekalongan03_Bojonglor01,Drone (50x50)
2,Pekalongan,04_Pekalongan04_Bojonglor02,Drone (50x50)
2,Pekalongan,03_Pekalongan03_Bojonglor01,Drone (50x50)
2,Pekalongan,03_Pekalongan03_Bojonglor01,Drone (50x50)
2,Pekalongan,04_Pekalongan04_Bojonglor02,Drone (50x50)
2,Pekalongan,04_Pekalongan04_Bojonglor02,Drone (50x50)
2,Pekalongan,03_Pekalongan03_Bojonglor01,Drone (50x50)
2,Pekalongan,04_Pekalongan04_Bojonglor02,Drone (50x50)
2,Pekalongan,04_Pekalongan04_Bojonglor02,Drone (50x50)
2,Pekalongan,04_Pekalongan04_Bojonglor02,Drone (50x50)
2,Pekalongan,04_Pekalongan04_Bojonglor02,Drone (50x50)
2,Pekalongan,04_Pekalongan04_Bojonglor02,Drone (50x50)
2,Pekalongan,04_Pekalongan04_Bojonglor02,Drone (50x50)
2,Pekalongan,04_Pekalongan04_Bojonglor02,Drone (50x50)
2,Pekalongan,04_Pekalongan04_Bojonglor02,Drone (50x50)
2,Pekalongan,04_Pekalongan04_Bojonglor02,Drone (50x50)
2,Pekalongan,03_Pekalongan03_Bojonglor01,Drone (50x50)
2,Pekalongan,03_Pekalongan03_Bojonglor01,Drone (50x50)
2,Pekalongan,03_Pekalongan03_Bojonglor01,Drone (50x50)
2,Pekalongan,03_Pekalongan03_Bojonglor01,Drone (50x50)
2,Pekalongan,04_Pekalongan04_Bojonglor02,Field Survey
2,Pekalongan,04_Pekalongan04_Bojonglor02,Drone (50x50)
2,Pekalongan,04_Pekalongan04_Bojonglor02,Drone (50x50)
2,Pekalongan,03_Pekalongan03_Bojonglor01,Drone (50x50)
2,Pekalongan,03_Pekalongan03_Bojonglor01,Drone (50x50)
2,Pekalongan,04_Pekalongan04_Bojonglor02,Drone (50x50)
2,Pekalongan,04_Pekalongan04_Bojonglor02,Field Survey
2,Pekalongan,04_Pekalongan04_Bojonglor02,Drone (50x50)
2,Pekalongan,04_Pekalongan04_Bojonglor02,Drone (50x50)
2,Pekalongan,04_Pekalongan04_Bojonglor02,Drone (50x50)
2,Pekalongan,03_Pekalongan03_Bojonglor01,Drone (50x50)
2,Pekalongan,04_Pekalongan04_Bojonglor02,Drone (50x50)
2,Pekalongan,03_Pekalongan03_Bojonglor01,Drone (50x50)
2,Pekalongan,04_Pekalongan04_Bojonglor02,Drone (50x50)
2,Pekalongan,03_Pekalongan03_Bojonglor01,Drone (50x50)
2,Pekalongan,03_Pekalongan03_Bojonglor01,Drone (50x50)
2,Pekalongan,04_Pekalongan04_Bojonglor02,Drone (50x50)
2,Pekalongan,03_Pekalongan03_Bojonglor01,Drone (50x50)
2,Pekalongan,04_Pekalongan04_Bojonglor02,Drone (50x50)
2,Pekalongan,03_Pekalongan03_Bojonglor01,Drone (50x50)
2,Pekalongan,04_Pekalongan04_Bojonglor02,Drone (50x50)
2,Pekalongan,03_Pekalongan03_Bojonglor01,Drone (50x50)
2,Pekalongan,04_Pekalongan04_Bojonglor02,Drone (50x50)
2,Pekalongan,04_Pekalongan04_Bojonglor02,Drone (50x50)
2,Pekalongan,04_Pekalongan04_Bojonglor02,Drone (50x50)
2,Pekalongan,04_Pekalongan04_Bojonglor02,Field Survey
2,Pekalongan,03_Pekalongan03_Bojonglor01,Drone (50x50)
2,Pekalongan,04_Pekalongan04_Bojonglor02,Drone (50x50)
2,Pekalongan,04_Pekalongan04_Bojonglor02,Drone (50x50)
2,Pekalongan,03_Pekalongan03_Bojonglor01,Drone (50x50)
2,Pekalongan,03_Pekalongan03_Bojonglor01,Drone (50x50)
2,Pekalongan,03_Pekalongan03_Bojonglor01,Drone (50x50)
2,Pekalongan,04_Pekalongan04_Bojonglor02,Drone (50x50)
2,Pekalongan,04_Pekalongan04_Bojonglor02,Drone (50x50)
2,Pekalongan,03_Pekalongan03_Bojonglor01,Drone (50x50)
2,Pekalongan,04_Pekalongan04_Bojonglor02,Drone (50x50)
2,Pekalongan,03_Pekalongan03_Bojonglor01,Drone (50x50)
2,Pekalongan,04_Pekalongan04_Bojonglor02,Drone (50x50)
2,Pekalongan,04_Pekalongan04_Bojonglor02,Drone (50x50)
2,Pekalongan,03_Pekalongan03_Bojonglor01,Field Survey
2,Pekalongan,04_Pekalongan04_Bojonglor02,Drone (50x50)
2,Pekalongan,03_Pekalongan03_Bojonglor01,Drone (50x50)
2,Pekalongan,04_Pekalongan04_Bojonglor02,Drone (50x50)
2,Pekalongan,03_Pekalongan03_Bojonglor01,Drone (50x50)
6,Pekalongan,03_Pekalongan03_Bojonglor01,Field Survey
2,Pekalongan,03_Pekalongan03_Bojonglor01,Drone (50x50)
3,Pekalongan,03_Pekalongan03_Bojonglor01,Drone (50x50)
2,Pekalongan,04_Pekalongan04_Bojonglor02,Drone (50x50)
2,Pekalongan,04_Pekalongan04_Bojonglor02,Drone (50x50)
2,Pekalongan,03_Pekalongan03_Bojonglor01,Drone (50x50)
2,Pekalongan,04_Pekalongan04_Bojonglor02,Drone (50x50)
2,Pekalongan,04_Pekalongan04_Bojonglor02,Field Survey
2,Pekalongan,03_Pekalongan03_Bojonglor01,Drone (50x50)
2,Pekalongan,04_Pekalongan04_Bojonglor02,Drone (50x50)
2,Pekalongan,03_Pekalongan03_Bojonglor01,Drone (50x50)
2,Pekalongan,04_Pekalongan04_Bojonglor02,Field Survey
2,Pekalongan,04_Pekalongan04_Bojonglor02,Field Survey
2,Pekalongan,04_Pekalongan04_Bojonglor02,Drone (50x50)
2,Pekalongan,03_Pekalongan03_Bojonglor01,Drone (50x50)
2,Pekalongan,03_Pekalongan03_Bojonglor01,Drone (50x50)
2,Pekalongan,04_Pekalongan04_Bojonglor02,Drone (50x50)
2,Pekalongan,04_Pekalongan04_Bojonglor02,Drone (50x50)
2,Pekalongan,03_Pekalongan03_Bojonglor01,Drone (50x50)
2,Pekalongan,04_Pekalongan04_Bojonglor02,Drone (50x50)
2,Pekalongan,03_Pekalongan03_Bojonglor01,Drone (50x50)
2,Pekalongan,03_Pekalongan03_Bojonglor,Field Survey
2,Pekalongan,03_Pekalongan03_Bojonglor01,Drone (50x50)
2,Pekalongan,03_Pekalongan03_Bojonglor01,Field Survey
2,Pekalongan,04_Pekalongan04_Bojonglor02,Drone (50x50)
2,Pekalongan,04_Pekalongan04_Bojonglor02,Drone (50x50)
2,Pekalongan,03_Pekalongan03_Bojonglor01,Drone (50x50)
2,Pekalongan,04_Pekalongan04_Bojonglor02,Drone (50x50)
2,Pekalongan,04_Pekalongan04_Bojonglor02,Drone (50x50)
2,Pekalongan,04_Pekalongan04_Bojonglor02,Drone (50x50)
2,Pekalongan,03_Pekalongan03_Bojonglor01,Drone (50x50)
2,Pekalongan,03_Pekalongan03_Bojonglor01,Drone (50x50)
2,Pekalongan,04_Pekalongan04_Bojonglor02,Drone (50x50)
2,Pekalongan,03_Pekalongan03_Bojonglor01,Drone (50x50)
2,Pekalongan,03_Pekalongan03_Bojonglor01,Field Survey
1,Pekalongan,03_Pekalongan03_Bojonglor01,Field Survey
2,Pekalongan,04_Pekalongan04_Bojonglor02,Drone (50x50)
2,Pekalongan,04_Pekalongan04_Bojonglor02,Drone (50x50)
2,Pekalongan,03_Pekalongan03_Bojonglor01,Drone (50x50)
2,Pekalongan,04_Pekalongan04_Bojonglor02,Drone (50x50)
2,Pekalongan,04_Pekalongan04_Bojonglor02,Drone (50x50)
2,Pekalongan,04_Pekalongan04_Bojonglor02,Drone (50x50)
2,Pekalongan,04_Pekalongan04_Bojonglor02,Drone (50x50)
6,Pekalongan,03_Pekalongan03_Bojonglor01,Drone (50x50)
2,Pekalongan,04_Pekalongan04_Bojonglor02,Drone (50x50)
2,Pekalongan,04_Pekalongan04_Bojonglor02,Drone (50x50)
2,Pekalongan,03_Pekalongan03_Bojonglor01,Drone (50x50)
2,Pekalongan,03_Pekalongan03_Bojonglor01,Drone (50x50)
2,Pekalongan,03_Pekalongan03_Bojonglor01,Drone (50x50)
2,Pekalongan,03_Pekalongan03_Bojonglor01,Drone (50x50)
2,Pekalongan,04_Pekalongan04_Bojonglor02,Drone (50x50)
2,Pekalongan,04_Pekalongan04_Bojonglor02,Drone (50x50)
2,Pekalongan,03_Pekalongan03_Bojonglor01,Drone (50x50)
2,Pekalongan,03_Pekalongan03_Bojonglor01,Drone (50x50)
2,Pekalongan,04_Pekalongan04_Bojonglor02,Drone (50x50)
2,Pekalongan,03_Pekalongan03_Bojonglor01,Drone (50x50)
2,Pekalongan,04_Pekalongan04_Bojonglor02,Drone (50x50)
2,Pekalongan,04_Pekalongan04_Bojonglor02,Drone (50x50)
2,Pekalongan,03_Pekalongan03_Bojonglor01,Field Survey
2,Pekalongan,03_Pekalongan03_Bojonglor01,Drone (50x50)
2,Pekalongan,03_Pekalongan03_Bojonglor01,Drone (50x50)
2,Pekalongan,04_Pekalongan04_Bojonglor02,Field Survey
2,Pekalongan,04_Pekalongan04_Bojonglor02,Drone (50x50)
2,Pekalongan,04_Pekalongan04_Bojonglor02,Drone (50x50)
2,Pekalongan,04_Pekalongan04_Bojonglor02,Field Survey
2,Pekalongan,04_Pekalongan04_Bojonglor02,Field Survey
2,Pekalongan,03_Pekalongan03_Bojonglor01,Drone (50x50)
2,Pekalongan,04_Pekalongan04_Bojonglor02,Drone (50x50)
2,Pekalongan,04_Pekalongan04_Bojonglor02,Drone (50x50)
2,Pekalongan,04_Pekalongan04_Bojonglor02,Drone (50x50)
2,Pekalongan,03_Pekalongan03_Bojonglor01,Drone (50x50)
2,Pekalongan,03_Pekalongan03_Bojonglor01,Drone (50x50)
2,Pekalongan,03_Pekalongan03_Bojonglor01,Drone (50x50)
2,Pekalongan,04_Pekalongan04_Bojonglor02,Drone (50x50)
2,Pekalongan,04_Pekalongan04_Bojonglor02,Drone (50x50)
6,Pekalongan,03_Pekalongan03_Bojonglor01,Drone (50x50)
2,Pekalongan,03_Pekalongan03_Bojonglor01,Drone (50x50)
2,Pekalongan,03_Pekalongan03_Bojonglor01,Drone (50x50)
2,Pekalongan,03_Pekalongan03_Bojonglor01,Field Survey
2,Pekalongan,04_Pekalongan04_Bojonglor02,Drone (50x50)
2,Pekalongan,04_Pekalongan04_Bojonglor02,Drone (50x50)
2,Pekalongan,04_Pekalongan04_Bojonglor02,Drone (50x50)
2,Pekalongan,04_Pekalongan04_Bojonglor02,Drone (50x50)
2,Pekalongan,03_Pekalongan03_Bojonglor01,Drone (50x50)
1,Pekalongan,03_Pekalongan03_Bojonglor01,Drone (50x50)
2,Pekalongan,04_Pekalongan04_Bojonglor02,Drone (50x50)
2,Pekalongan,03_Pekalongan03_Bojonglor01,Field Survey
3,Pekalongan,03_Pekalongan03_Bojonglor01,Drone (50x50)
2,Pekalongan,04_Pekalongan04_Bojonglor02,Drone (50x50)
2,Pekalongan,03_Pekalongan03_Bojonglor01,Drone (50x50)
6,Pekalongan,03_Pekalongan03_Bojonglor01,Drone (50x50)
2,Pekalongan,03_Pekalongan03_Bojonglor01,Field Survey
2,Pekalongan,03_Pekalongan03_Bojonglor01,Drone (50x50)
1,Pekalongan,03_Pekalongan03_Bojonglor01,Field Survey
2,Pekalongan,03_Pekalongan03_Bojonglor01,Drone (50x50)
2,Pekalongan,04_Pekalongan04_Bojonglor02,Drone (50x50)
2,Pekalongan,03_Pekalongan03_Bojonglor01,Drone (50x50)
2,Pekalongan,03_Pekalongan03_Bojonglor01,Drone (50x50)
6,Pekalongan,03_Pekalongan03_Bojonglor01,Field Survey
6,Pekalongan,03_Pekalongan03_Bojonglor01,Drone (50x50)
2,Pekalongan,03_Pekalongan03_Bojonglor01,Drone (50x50)
2,Pekalongan,03_Pekalongan03_Bojonglor01,Drone (50x50)
2,Pekalongan,03_Pekalongan03_Bojonglor01,Drone (50x50)
6,Pekalongan,03_Pekalongan03_Bojonglor01,Drone (50x50)
6,Pekalongan,03_Pekalongan03_Bojonglor01,Drone (50x50)
2,Pekalongan,03_Pekalongan03_Bojonglor01,Drone (50x50)
2,Pekalongan,04_Pekalongan04_Bojonglor02,Drone (50x50)
6,Pekalongan,03_Pekalongan03_Bojonglor01,Drone (50x50)
1,Pekalongan,03_Pekalongan03_Bojonglor01,Drone (50x50)
2,Pekalongan,04_Pekalongan04_Bojonglor02,Drone (50x50)
2,Pekalongan,03_Pekalongan03_Bojonglor01,Field Survey
2,Pekalongan,03_Pekalongan03_Bojonglor01,Drone (50x50)
2,Pekalongan,04_Pekalongan04_Bojonglor02,Drone (50x50)
2,Pekalongan,03_Pekalongan03_Bojonglor01,Drone (50x50)
2,Pekalongan,03_Pekalongan03_Bojonglor01,Drone (50x50)
6,Pekalongan,03_Pekalongan03_Bojonglor01,Drone (50x50)
6,Pekalongan,03_Pekalongan03_Bojonglor,Field Survey
2,Pekalongan,04_Pekalongan04_Bojonglor02,Field Survey
2,Pekalongan,04_Pekalongan04_Bojonglor02,Drone (50x50)
2,Pekalongan,04_Pekalongan04_Bojonglor02,Drone (50x50)
2,Pekalongan,04_Pekalongan04_Bojonglor02,Drone (50x50)
2,Pekalongan,04_Pekalongan04_Bojonglor02,Field Survey
2,Pekalongan,03_Pekalongan03_Bojonglor01,Drone (50x50)
2,Pekalongan,04_Pekalongan04_Bojonglor02,Drone (50x50)
2,Pekalongan,03_Pekalongan03_Bojonglor01,Drone (50x50)
1,Pekalongan,03_Pekalongan03_Bojonglor01,Drone (50x50)
2,Pekalongan,04_Pekalongan04_Bojonglor02,Drone (50x50)
1,Pekalongan,,Field Survey
6,Pekalongan,03_Pekalongan03_Bojonglor01,Field Survey
1,Pekalongan,03_Pekalongan03_Bojonglor01,Drone (50x50)
2,Pekalongan,04_Pekalongan04_Bojonglor02,Field Survey
2,Pekalongan,03_Pekalongan03_Bojonglor01,Drone (50x50)
2,Pekalongan,04_Pekalongan04_Bojonglor02,Drone (50x50)
1,Pekalongan,03_Pekalongan03_Bojonglor,Field Survey
2,Pekalongan,03_Pekalongan03_Bojonglor01,Drone (50x50)
2,Pekalongan,03_Pekalongan03_Bojonglor01,Drone (50x50)
6,Pekalongan,03_Pekalongan03_Bojonglor01,Drone (50x50)
2,Pekalongan,04_Pekalongan04_Bojonglor02,Drone (50x50)
2,Pekalongan,04_Pekalongan04_Bojonglor02,Field Survey
2,Pekalongan,03_Pekalongan03_Bojonglor01,Field Survey
2,Pekalongan,03_Pekalongan03_Bojonglor01,Drone (50x50)
6,Pekalongan,03_Pekalongan03_Bojonglor01,Drone (50x50)
2,Pekalongan,04_Pekalongan04_Bojonglor02,Drone (50x50)
1,Pekalongan,03_Pekalongan03_Bojonglor01,Drone (50x50)
2,Pekalongan,04_Pekalongan04_Bojonglor02,Field Survey
3,Pekalongan,03_Pekalongan03_Bojonglor01,Drone (50x50)
3,Pekalongan,03_Pekalongan03_Bojonglor01,Drone (50x50)
6,Pekalongan,03_Pekalongan03_Bojonglor01,Drone (50x50)
6,Pekalongan,03_Pekalongan03_Bojonglor01,Drone (50x50)
6,Pekalongan,03_Pekalongan03_Bojonglor01,Drone (50x50)
2,Pekalongan,03_Pekalongan03_Bojonglor01,Drone (50x50)
6,Pekalongan,03_Pekalongan03_Bojonglor01,Drone (50x50)
2,Pekalongan,04_Pekalongan04_Bojonglor02,Drone (50x50)
2,Pekalongan,03_Pekalongan03_Bojonglor01,Drone (50x50)
2,Pekalongan,03_Pekalongan03_Bojonglor01,Drone (50x50)
2,Pekalongan,03_Pekalongan03_Bojonglor01,Drone (50x50)
2,Pekalongan,04_Pekalongan04_Bojonglor02,Drone (50x50)
2,Pekalongan,04_Pekalongan04_Bojonglor02,Drone (50x50)
2,Pekalongan,04_Pekalongan04_Bojonglor02,Field Survey
2,Pekalongan,04_Pekalongan04_Bojonglor02,Drone (50x50)
2,Pekalongan,04_Pekalongan04_Bojonglor02,Drone (50x50)
2,Pekalongan,03_Pekalongan03_Bojonglor01,Field Survey
2,Pekalongan,03_Pekalongan03_Bojonglor01,Drone (50x50)
2,Pekalongan,03_Pekalongan03_Bojonglor01,Drone (50x50)
3,Pekalongan,03_Pekalongan03_Bojonglor,Field Survey
3,Pekalongan,03_Pekalongan03_Bojonglor01,Drone (50x50)
2,Pekalongan,03_Pekalongan03_Bojonglor01,Drone (50x50)
2,Pekalongan,04_Pekalongan04_Bojonglor02,Drone (50x50)
2,Pekalongan,04_Pekalongan04_Bojonglor02,Drone (50x50)
6,Pekalongan,04_Pekalongan04_Bojonglor02,Drone (50x50)
2,Pekalongan,04_Pekalongan04_Bojonglor02,Drone (50x50)
1,Pekalongan,03_Pekalongan03_Bojonglor01,Drone (50x50)
1,Pekalongan,03_Pekalongan03_Bojonglor01,Drone (50x50)
2,Pekalongan,04_Pekalongan04_Bojonglor02,Drone (50x50)
6,Pekalongan,03_Pekalongan03_Bojonglor01,Drone (50x50)
6,Pekalongan,03_Pekalongan03_Bojonglor01,Drone (50x50)
1,Pekalongan,03_Pekalongan03_Bojonglor01,Field Survey
6,Pekalongan,03_Pekalongan03_Bojonglor01,Drone (50x50)
1,Pekalongan,03_Pekalongan03_Bojonglor01,Drone (50x50)
6,Pekalongan,03_Pekalongan03_Bojonglor01,Drone (50x50)
6,Pekalongan,03_Pekalongan03_Bojonglor01,Drone (50x50)
1,Pekalongan,03_Pekalongan03_Bojonglor01,Drone (50x50)
6,Pekalongan,03_Pekalongan03_Bojonglor01,Field Survey
1,Pekalongan,03_Pekalongan03_Bojonglor01,Drone (50x50)
6,Pekalongan,03_Pekalongan03_Bojonglor01,Drone (50x50)
6,Pekalongan,03_Pekalongan03_Bojonglor01,Drone (50x50)
1,Pekalongan,03_Pekalongan03_Bojonglor01,Drone (50x50)
2,Pekalongan,Kembangsawit,Drone (rice field)
2,Pekalongan,Kembangsawit,Drone (rice field)
2,Pekalongan,Kembangsawit,Drone (rice field)
2,Pekalongan,Kembangsawit,Drone (rice field)
2,Pekalongan,Kembangsawit,Drone (rice field)
2,Pekalongan,Kembangsawit,Drone (rice field)
2,Pekalongan,Kembangsawit,Drone (rice field)
2,Pekalongan,Kembangsawit,Drone (rice field)
2,Pekalongan,Kembangsawit,Drone (rice field)
2,Pekalongan,Kembangsawit,Drone (rice field)
2,Pekalongan,Kembangsawit,Drone (rice field)
2,Pekalongan,Kembangsawit,Drone (rice field)
2,Pekalongan,Kembangsawit,Drone (rice field)
2,Pekalongan,Kembangsawit,Drone (rice field)
2,Pekalongan,Kembangsawit,Drone (rice field)
2,Pekalongan,Kembangsawit,Drone (rice field)
2,Pekalongan,Kembangsawit,Drone (rice field)
2,Pekalongan,Kembangsawit,Drone (rice field)
2,Pekalongan,Kembangsawit,Drone (rice field)
2,Pekalongan,Kembangsawit,Drone (rice field)
2,Pekalongan,Kembangsawit,Drone (rice field)
2,Pekalongan,Kembangsawit,Drone (rice field)
2,Pekalongan,Kembangsawit,Drone (rice field)
2,Pekalongan,Kembangsawit,Drone (rice field)
2,Pekalongan,Kembangsawit,Drone (rice field)
2,Pekalongan,Kembangsawit,Drone (rice field)
2,Pekalongan,Kembangsawit,Drone (rice field)
2,Pekalongan,Kembangsawit,Drone (rice field)
2,Pekalongan,Kembangsawit,Drone (rice field)
2,Pekalongan,Kembangsawit,Drone (rice field)
2,Pekalongan,Kembangsawit,Drone (rice field)
2,Pekalongan,Kembangsawit,Drone (rice field)
2,Pekalongan,Kembangsawit,Drone (rice field)
2,Pekalongan,Kembangsawit,Drone (rice field)
2,Pekalongan,Kembangsawit,Drone (rice field)
2,Pekalongan,Kembangsawit,Drone (rice field)
2,Pekalongan,Kembangsawit,Drone (rice field)
2,Pekalongan,Kembangsawit,Drone (rice field)
2,Pekalongan,Kembangsawit,Drone (rice field)
2,Pekalongan,Kembangsawit,Drone (rice field)
2,Pekalongan,Kembangsawit,Drone (rice field)
2,Pekalongan,Kembangsawit,Drone (rice field)
2,Pekalongan,Kembangsawit,Drone (rice field)
2,Pekalongan,Kembangsawit,Drone (rice field)
2,Pekalongan,Kembangsawit,Drone (rice field)
2,Pekalongan,Kembangsawit,Drone (rice field)
2,Pekalongan,Kembangsawit,Drone (rice field)
2,Pekalongan,Kembangsawit,Drone (rice field)
2,Pekalongan,Kembangsawit,Drone (rice field)
2,Pekalongan,Kembangsawit,Drone (rice field)
2,Pekalongan,Kembangsawit,Drone (rice field)
2,Pekalongan,Kembangsawit,Drone (rice field)
2,Pekalongan,Kembangsawit,Drone (rice field)
2,Pekalongan,Kembangsawit,Drone (rice field)
2,Pekalongan,Kembangsawit,Drone (rice field)
2,Pekalongan,Kembangsawit,Drone (rice field)
2,Pekalongan,Kembangsawit,Drone (rice field)
2,Pekalongan,Kembangsawit,Drone (rice field)
2,Pekalongan,Kembangsawit,Drone (rice field)
2,Pekalongan,Kembangsawit,Drone (rice field)
2,Pekalongan,Kembangsawit,Drone (rice field)
2,Pekalongan,Kembangsawit,Drone (rice field)
2,Pekalongan,Kembangsawit,Drone (rice field)
2,Pekalongan,Kembangsawit,Drone (rice field)
2,Pekalongan,Kembangsawit,Drone (rice field)
2,Pekalongan,Kembangsawit,Drone (rice field)
2,Pekalongan,Kembangsawit,Drone (rice field)
2,Pekalongan,Kembangsawit,Drone (rice field)
2,Pekalongan,Kembangsawit,Drone (rice field)
2,Pekalongan,Kembangsawit,Drone (rice field)
2,Pekalongan,Kembangsawit,Drone (rice field)
2,Pekalongan,Kembangsawit,Drone (rice field)
2,Pekalongan,Kembangsawit,Drone (rice field)
2,Pekalongan,Kembangsawit,Drone (rice field)
2,Pekalongan,Kembangsawit,Drone (rice field)
2,Pekalongan,Kembangsawit,Drone (rice field)
2,Pekalongan,Kembangsawit,Drone (rice field)
2,Pekalongan,Kembangsawit,Drone (rice field)
2,Pekalongan,Kembangsawit,Drone (rice field)
2,Pekalongan,Kembangsawit,Drone (rice field)
2,Pekalongan,Kembangsawit,Drone (rice field)
2,Pekalongan,Kembangsawit,Drone (rice field)
2,Pekalongan,Kembangsawit,Drone (rice field)
2,Pekalongan,Kembangsawit,Drone (rice field)
2,Pekalongan,Kembangsawit,Drone (rice field)
2,Pekalongan,Kembangsawit,Drone (rice field)
2,Pekalongan,Kembangsawit,Drone (rice field)
2,Pekalongan,Kembangsawit,Drone (rice field)
2,Pekalongan,Kembangsawit,Drone (rice field)
2,Pekalongan,Kembangsawit,Drone (rice field)
2,Pekalongan,Kembangsawit,Drone (rice field)
2,Pekalongan,Kembangsawit,Drone (rice field)
2,Pekalongan,Kembangsawit,Drone (rice field)
2,Pekalongan,Kembangsawit,Drone (rice field)
2,Pekalongan,Kembangsawit,Drone (rice field)
2,Pekalongan,Kembangsawit,Drone (rice field)
2,Pekalongan,Kembangsawit,Drone (rice field)
2,Pekalongan,Kembangsawit,Drone (rice field)
2,Pekalongan,Kembangsawit,Drone (rice field)
2,Pekalongan,Kembangsawit,Drone (rice field)
2,Pekalongan,Kembangsawit,Drone (rice field)
2,Pekalongan,Kembangsawit,Drone (rice field)
2,Pekalongan,Kembangsawit,Drone (rice field)
2,Pekalongan,Kembangsawit,Drone (rice field)
2,Pekalongan,Kembangsawit,Drone (rice field)
2,Pekalongan,Kembangsawit,Drone (rice field)
2,Pekalongan,Kembangsawit,Drone (rice field)
2,Pekalongan,Kembangsawit,Drone (rice field)
2,Pekalongan,Kembangsawit,Drone (rice field)
2,Pekalongan,Kembangsawit,Drone (rice field)
2,Pekalongan,Kembangsawit,Drone (rice field)
2,Pekalongan,Kembangsawit,Drone (rice field)
2,Pekalongan,Kembangsawit,Drone (rice field)
2,Pekalongan,Kembangsawit,Drone (rice field)
2,Pekalongan,Kembangsawit,Drone (rice field)
2,Pekalongan,Kembang Sawit,Drone (rice field)
2,Pekalongan,Kembangsawit,Drone (rice field)
2,Pekalongan,Kembangsawit,Drone (rice field)
2,Pekalongan,Kembangsawit,Drone (rice field)
2,Pekalongan,Kembangsawit,Drone (rice field)
2,Pekalongan,Kembangsawit,Drone (rice field)
2,Pekalongan,Kembangsawit,Drone (rice field)
2,Pekalongan,Kembangsawit,Drone (rice field)
2,Pekalongan,Kembangsawit,Drone (rice field)
2,Pekalongan,Kembangsawit,Drone (rice field)
2,Pekalongan,Kembangsawit,Drone (rice field)
2,Pekalongan,Kembangsawit,Drone (rice field)
2,Pekalongan,Kembangsawit,Drone (rice field)
2,Pekalongan,Kembangsawit,Drone (rice field)
2,Pekalongan,Kembangsawit,Drone (rice field)
2,Pekalongan,Kembangsawit,Drone (rice field)
3,Pekalongan,Selomerto 2,Drone (rice field)
1,Pekalongan,Selomerto 1,Drone (rice field)
3,Pekalongan,Selomerto,Drone (rice field)
3,Pekalongan,Selomerto 2,Drone (rice field)
6,Pekalongan,Selomerto 1,Drone (rice field)
3,Pekalongan,Selomerto 2,Drone (rice field)
3,Pekalongan,Selomerto 2,Drone (rice field)
4,Pekalongan,Selomerto 1,Drone (rice field)
3,Pekalongan,Selomerto 2,Drone (rice field)
3,Pekalongan,Selomerto 2,Drone (rice field)
3,Pekalongan,Selomerto 2,Drone (rice field)
3,Pekalongan,Selomerto 2,Drone (rice field)
3,Pekalongan,Selomerto 2,Drone (rice field)
2,Pekalongan,Selomerto 1,Drone (rice field)
3,Pekalongan,Selomerto 2,Drone (rice field)
5,Pekalongan,Selomerto 1,Drone (rice field)
2,Pekalongan,Selomerto 1,Drone (rice field)
3,Pekalongan,Selomerto 2,Drone (rice field)
1,Pekalongan,Selomerto 1,Drone (rice field)
3,Pekalongan,Selomerto 2,Drone (rice field)
3,Pekalongan,Selomerto 1,Drone (rice field)
3,Pekalongan,Selomerto 2,Drone (rice field)
3,Pekalongan,Selomerto 2,Drone (rice field)
3,Pekalongan,Selomerto 2,Drone (rice field)
3,Pekalongan,Selomerto 2,Drone (rice field)
3,Pekalongan,Selomerto 2,Drone (rice field)
1,Pekalongan,Selomerto 1,Drone (rice field)
3,Pekalongan,Selomerto 2,Drone (rice field)
3,Pekalongan,Selomerto 2,Drone (rice field)
3,Pekalongan,Selomerto 2,Drone (rice field)
3,Pekalongan,Selomerto 2,Drone (rice field)
1,Pekalongan,Selomerto 1,Drone (rice field)
3,Pekalongan,Selomerto 2,Drone (rice field)
3,Pekalongan,Selomerto 2,Drone (rice field)
3,Pekalongan,Selomerto 2,Drone (rice field)
3,Pekalongan,Selomerto 2,Drone (rice field)
1,Pekalongan,Selomerto,Drone (rice field)
3,Pekalongan,Selomerto 2,Drone (rice field)
1,Pekalongan,Selomerto 2,Drone (rice field)
1,Pekalongan,Selomerto 2,Drone (rice field)
3,Pekalongan,Selomerto 2,Drone (rice field)
3,Pekalongan,Selomerto 2,Drone (rice field)
3,Pekalongan,Selomerto 2,Drone (rice field)
1,Pekalongan,Selomerto 2,Drone (rice field)
3,Pekalongan,Selomerto 2,Drone (rice field)
3,Pekalongan,Selomerto,Drone (rice field)
3,Pekalongan,Selomerto 1,Drone (rice field)
5,Pekalongan,Selomerto 1,Drone (rice field)
3,Pekalongan,Selomerto 2,Drone (rice field)
3,Pekalongan,Selomerto 2,Drone (rice field)
3,Pekalongan,Selomerto 2,Drone (rice field)
5,Pekalongan,Selomerto 1,Drone (rice field)
1,Pekalongan,Selomerto 1,Drone (rice field)
5,Pekalongan,Selomerto 1,Drone (rice field)
3,Pekalongan,Selomerto 2,Drone (rice field)
1,Pekalongan,Selomerto 2,Drone (rice field)
6,Pekalongan,Selomerto 1,Drone (rice field)
1,Pekalongan,Selomerto 1,Drone (rice field)
1,Pekalongan,Selomerto 1,Drone (rice field)
3,Pekalongan,Selomerto 2,Drone (rice field)
3,Pekalongan,Selomerto 2,Drone (rice field)
5,Pekalongan,Selomerto 1,Drone (rice field)
4,Pekalongan,Selomerto,Drone (rice field)
3,Pekalongan,Selomerto 2,Drone (rice field)
3,Pekalongan,Selomerto 2,Drone (rice field)
3,Pekalongan,Selomerto 1,Drone (rice field)
6,Pekalongan,Selomerto 1,Drone (rice field)
3,Pekalongan,Selomerto 2,Drone (rice field)
4,Pekalongan,Selomerto 1,Drone (rice field)
5,Pekalongan,Selomerto,Drone (rice field)
3,Pekalongan,Selomerto 2,Drone (rice field)
4,Pekalongan,Selomerto 1,Drone (rice field)
3,Pekalongan,Selomerto 2,Drone (rice field)
3,Pekalongan,Selomerto 2,Drone (rice field)
5,Pekalongan,Selomerto 1,Drone (rice field)
5,Pekalongan,Selomerto 1,Drone (rice field)
1,Pekalongan,Selomerto 1,Drone (rice field)
4,Pekalongan,Selomerto 1,Drone (rice field)
5,Pekalongan,Selomerto 1,Drone (rice field)
5,Pekalongan,Selomerto 1,Drone (rice field)
4,Pekalongan,Selomerto 1,Drone (rice field)
3,Pekalongan,Selomerto 2,Drone (rice field)
4,Pekalongan,Selomerto 1,Drone (rice field)
3,Pekalongan,Selomerto 2,Drone (rice field)
3,Pekalongan,Selomerto 2,Drone (rice field)
3,Pekalongan,Selomerto 2,Drone (rice field)
3,Pekalongan,Selomerto 2,Drone (rice field)
5,Pekalongan,Selomerto,Drone (rice field)
3,Pekalongan,Selomerto 2,Drone (rice field)
2,Pekalongan,Selomerto 2,Drone (rice field)
2,Pekalongan,Selomerto 2,Drone (rice field)
3,Pekalongan,Selomerto 2,Drone (rice field)
3,Pekalongan,Selomerto 2,Drone (rice field)
1,Pekalongan,01_Pekalongan01_KuripanYosorejo,Drone (50x50)
2,Pekalongan,01_Pekalongan01_KuripanYosorejo,Drone (50x50)
2,Pekalongan,01_Pekalongan01_KuripanYosorejo,Drone (50x50)
2,Pekalongan,01_Pekalongan01_KuripanYosorejo,Drone (50x50)
2,Pekalongan,01_Pekalongan01_KuripanYosorejo,Drone (50x50)
2,Pekalongan,02_Pekalongan02_Sokoduwet,Field Survey
6,Pekalongan,01_Pekalongan01_KuripanYosorejo,Drone (50x50)
2,Pekalongan,01_Pekalongan01_KuripanYosorejo,Drone (50x50)
6,Pekalongan,01_Pekalongan01_KuripanYosorejo,Field Survey
6,Pekalongan,01_Pekalongan01_KuripanYosorejo,Drone (50x50)
1,Pekalongan,01_Pekalongan01_KuripanYosorejo,Field Survey
2,Pekalongan,01_Pekalongan01_KuripanYosorejo,Drone (50x50)
2,Pekalongan,01_Pekalongan01_KuripanYosorejo,Drone (50x50)
2,Pekalongan,01_Pekalongan01_KuripanYosorejo,Drone (50x50)
1,Pekalongan,01_Pekalongan01_KuripanYosorejo,Drone (50x50)
6,Pekalongan,01_Pekalongan01_KuripanYosorejo,Drone (50x50)
2,Pekalongan,01_Pekalongan01_KuripanYosorejo,Drone (50x50)
2,Pekalongan,01_Pekalongan01_KuripanYosorejo,Drone (50x50)
6,Pekalongan,01_Pekalongan01_KuripanYosorejo,Drone (50x50)
2,Pekalongan,01_Pekalongan01_KuripanYosorejo,Drone (50x50)
2,Pekalongan,01_Pekalongan01_KuripanYosorejo,Drone (50x50)
6,Pekalongan,01_Pekalongan01_KuripanYosorejo,Drone (50x50)
6,Pekalongan,01_Pekalongan01_KuripanYosorejo,Drone (50x50)
6,Pekalongan,01_Pekalongan01_KuripanYosorejo,Drone (50x50)
6,Pekalongan,01_Pekalongan01_KuripanYosorejo,Field Survey
6,Pekalongan,01_Pekalongan01_KuripanYosorejo,Drone (50x50)
2,Pekalongan,01_Pekalongan01_KuripanYosorejo,Field Survey
6,Pekalongan,01_Pekalongan01_KuripanYosorejo,Drone (50x50)
6,Pekalongan,01_Pekalongan01_KuripanYosorejo,Drone (50x50)
1,Pekalongan,01_Pekalongan01_KuripanYosorejo,Drone (50x50)
1,Pekalongan,01_Pekalongan01_KuripanYosorejo,Drone (50x50)
6,Pekalongan,01_Pekalongan01_KuripanYosorejo,Drone (50x50)
1,Pekalongan,01_Pekalongan01_KuripanYosorejo,Drone (50x50)
1,Pekalongan,01_Pekalongan01_KuripanYosorejo,Field Survey
2,Pekalongan,01_Pekalongan01_KuripanYosorejo,Drone (50x50)
2,Pekalongan,01_Pekalongan01_KuripanYosorejo,Drone (50x50)
1,Pekalongan,01_Pekalongan01_KuripanYosorejo,Drone (50x50)
6,Pekalongan,01_Pekalongan01_KuripanYosorejo,Drone (50x50)
2,Pekalongan,01_Pekalongan01_KuripanYosorejo,Drone (50x50)
6,Pekalongan,01_Pekalongan01_KuripanYosorejo,Drone (50x50)
1,Pekalongan,01_Pekalongan01_KuripanYosorejo,Drone (50x50)
2,Pekalongan,01_Pekalongan01_KuripanYosorejo,Drone (50x50)
1,Pekalongan,01_Pekalongan01_KuripanYosorejo,Field Survey
6,Pekalongan,01_Pekalongan01_KuripanYosorejo,Drone (50x50)
1,Pekalongan,02_Pekalongan02_Sokoduwet,Field Survey
6,Pekalongan,01_Pekalongan01_KuripanYosorejo,Drone (50x50)
6,Pekalongan,01_Pekalongan01_KuripanYosorejo,Drone (50x50)
2,Pekalongan,01_Pekalongan01_KuripanYosorejo,Drone (50x50)
6,Pekalongan,01_Pekalongan01_KuripanYosorejo,Drone (50x50)
1,Pekalongan,01_Pekalongan01_KuripanYosorejo,Drone (50x50)
2,Pekalongan,01_Pekalongan01_KuripanYosorejo,Field Survey
1,Pekalongan,01_Pekalongan01_KuripanYosorejo,Drone (50x50)
2,Pekalongan,01_Pekalongan01_KuripanYosorejo,Drone (50x50)
2,Pekalongan,01_Pekalongan01_KuripanYosorejo,Field Survey
2,Pekalongan,01_Pekalongan01_KuripanYosorejo,Drone (50x50)
6,Pekalongan,01_Pekalongan01_KuripanYosorejo,Field Survey
6,Pekalongan,01_Pekalongan01_KuripanYosorejo,Drone (50x50)
1,Pekalongan,01_Pekalongan01_KuripanYosorejo,Field Survey
2,Pekalongan,01_Pekalongan01_KuripanYosorejo,Drone (50x50)
6,Pekalongan,01_Pekalongan01_KuripanYosorejo,Drone (50x50)
6,Pekalongan,01_Pekalongan01_KuripanYosorejo,Drone (50x50)
2,Pekalongan,01_Pekalongan01_KuripanYosorejo,Drone (50x50)
1,Pekalongan,01_Pekalongan01_KuripanYosorejo,Drone (50x50)
6,Pekalongan,01_Pekalongan01_KuripanYosorejo,Drone (50x50)
2,Pekalongan,01_Pekalongan01_KuripanYosorejo,Drone (50x50)
2,Pekalongan,01_Pekalongan01_KuripanYosorejo,Drone (50x50)
1,Pekalongan,01_Pekalongan01_KuripanYosorejo,Drone (50x50)
1,Pekalongan,01_Pekalongan01_KuripanYosorejo,Field Survey
1,Pekalongan,01_Pekalongan01_KuripanYosorejo,Drone (50x50)
6,Pekalongan,01_Pekalongan01_KuripanYosorejo,Field Survey
2,Pekalongan,01_Pekalongan01_KuripanYosorejo,Drone (50x50)
1,Pekalongan,01_Pekalongan01_KuripanYosorejo,Drone (50x50)
1,Pekalongan,01_Pekalongan01_KuripanYosorejo,Drone (50x50)
2,Pekalongan,01_Pekalongan01_KuripanYosorejo,Drone (50x50)
6,Pekalongan,01_Pekalongan01_KuripanYosorejo,Drone (50x50)
2,Pekalongan,01_Pekalongan01_KuripanYosorejo,Drone (50x50)
6,Pekalongan,01_Pekalongan01_KuripanYosorejo,Drone (50x50)
1,Pekalongan,01_Pekalongan01_KuripanYosorejo,Drone (50x50)
1,Pekalongan,01_Pekalongan01_KuripanYosorejo,Drone (50x50)
1,Pekalongan,01_Pekalongan01_KuripanYosorejo,Drone (50x50)
1,Pekalongan,01_Pekalongan01_KuripanYosorejo,Drone (50x50)
1,Pekalongan,01_Pekalongan01_KuripanYosorejo,Drone (50x50)
1,Pekalongan,01_Pekalongan01_KuripanYosorejo,Field Survey
1,Pekalongan,01_Pekalongan01_KuripanYosorejo,Drone (50x50)
1,Pekalongan,01_Pekalongan01_KuripanYosorejo,Drone (50x50)
2,Pekalongan,01_Pekalongan01_KuripanYosorejo,Drone (50x50)
1,Pekalongan,01_Pekalongan01_KuripanYosorejo,Drone (50x50)
2,Pekalongan,01_Pekalongan01_KuripanYosorejo,Field Survey
2,Pekalongan,01_Pekalongan01_KuripanYosorejo,Drone (50x50)
1,Pekalongan,01_Pekalongan01_KuripanYosorejo,Drone (50x50)
1,Pekalongan,01_Pekalongan01_KuripanYosorejo,Field Survey
2,Pekalongan,01_Pekalongan01_KuripanYosorejo,Drone (50x50)
2,Pekalongan,01_Pekalongan01_KuripanYosorejo,Field Survey
1,Pekalongan,01_Pekalongan01_KuripanYosorejo,Drone (50x50)
1,Pekalongan,01_Pekalongan01_KuripanYosorejo,Drone (50x50)
1,Pekalongan,01_Pekalongan01_KuripanYosorejo,Drone (50x50)
2,Pekalongan,01_Pekalongan01_KuripanYosorejo,Drone (50x50)
1,Pekalongan,01_Pekalongan01_KuripanYosorejo,Drone (50x50)
2,Pekalongan,01_Pekalongan01_KuripanYosorejo,Drone (50x50)
1,Pekalongan,01_Pekalongan01_KuripanYosorejo,Drone (50x50)
1,Pekalongan,01_Pekalongan01_KuripanYosorejo,Drone (50x50)
6,Pekalongan,01_Pekalongan01_KuripanYosorejo,Drone (50x50)
1,Pekalongan,01_Pekalongan01_KuripanYosorejo,Drone (50x50)
2,Pekalongan,01_Pekalongan01_KuripanYosorejo,Drone (50x50)
1,Pekalongan,01_Pekalongan01_KuripanYosorejo,Drone (50x50)
2,Pekalongan,01_Pekalongan01_KuripanYosorejo,Drone (50x50)
1,Pekalongan,01_Pekalongan01_KuripanYosorejo,Field Survey
2,Pekalongan,01_Pekalongan01_KuripanYosorejo,Drone (50x50)
2,Pekalongan,01_Pekalongan01_KuripanYosorejo,Drone (50x50)
1,Pekalongan,01_Pekalongan01_KuripanYosorejo,Drone (50x50)
6,Pekalongan,,Drone (rice field)
1,Pekalongan,02_Pekalongan02_Sokoduwet,Drone (50x50)
1,Pekalongan,02_Pekalongan02_Sokoduwet,Drone (50x50)
1,Pekalongan,02_Pekalongan02_Sokoduwet,Drone (50x50)
2,Pekalongan,02_Pekalongan02_Sokoduwet,Field Survey
1,Pekalongan,02_Pekalongan02_Sokoduwet,Drone (50x50)
2,Pekalongan,02_Pekalongan02_Sokoduwet,Drone (50x50)
1,Pekalongan,02_Pekalongan02_Sokoduwet,Drone (50x50)
1,Pekalongan,02_Pekalongan02_Sokoduwet,Field Survey
1,Pekalongan,02_Pekalongan02_Sokoduwet,Drone (50x50)
1,Pekalongan,02_Pekalongan02_Sokoduwet,Drone (50x50)
1,Pekalongan,02_Pekalongan02_Sokoduwet,Drone (50x50)
1,Pekalongan,02_Pekalongan02_Sokoduwet,Field Survey
1,Pekalongan,02_Pekalongan02_Sokoduwet,Drone (50x50)
1,Pekalongan,02_Pekalongan02_Sokoduwet,Drone (50x50)
1,Pekalongan,02_Pekalongan02_Sokoduwet,Drone (50x50)
1,Pekalongan,02_Pekalongan02_Sokoduwet,Drone (50x50)
1,Pekalongan,02_Pekalongan02_Sokoduwet,Drone (50x50)
1,Pekalongan,02_Pekalongan02_Sokoduwet,Drone (50x50)
1,Pekalongan,02_Pekalongan02_Sokoduwet,Drone (50x50)
6,Pekalongan,02_Pekalongan02_Sokoduwet,Drone (50x50)
6,Pekalongan,02_Pekalongan02_Sokoduwet,Drone (50x50)
2,Pekalongan,02_Pekalongan02_Sokoduwet,Drone (50x50)
1,Pekalongan,02_Pekalongan02_Sokoduwet,Drone (50x50)
1,Pekalongan,02_Pekalongan02_Sokoduwet,Drone (50x50)
1,Pekalongan,02_Pekalongan02_Sokoduwet,Drone (50x50)
1,Pekalongan,02_Pekalongan02_Sokoduwet,Drone (50x50)
2,Pekalongan,02_Pekalongan02_Sokoduwet,Drone (50x50)
1,Pekalongan,02_Pekalongan02_Sokoduwet,Drone (50x50)
1,Pekalongan,02_Pekalongan02_Sokoduwet,Drone (50x50)
1,Pekalongan,02_Pekalongan02_Sokoduwet,Drone (50x50)
1,Pekalongan,02_Pekalongan02_Sokoduwet,Drone (50x50)
1,Pekalongan,02_Pekalongan02_Sokoduwet,Drone (50x50)
1,Pekalongan,02_Pekalongan02_Sokoduwet,Drone (50x50)
1,Pekalongan,02_Pekalongan02_Sokoduwet,Field Survey
2,Pekalongan,02_Pekalongan02_Sokoduwet,Field Survey
1,Pekalongan,02_Pekalongan02_Sokoduwet,Drone (50x50)
1,Pekalongan,02_Pekalongan02_Sokoduwet,Drone (50x50)
6,Pekalongan,02_Pekalongan02_Sokoduwet,Drone (50x50)
1,Pekalongan,02_Pekalongan02_Sokoduwet,Drone (50x50)
1,Pekalongan,02_Pekalongan02_Sokoduwet,Drone (50x50)
1,Pekalongan,02_Pekalongan02_Sokoduwet,Drone (50x50)
1,Pekalongan,02_Pekalongan02_Sokoduwet,Drone (50x50)
2,Pekalongan,02_Pekalongan02_Sokoduwet,Drone (50x50)
1,Pekalongan,02_Pekalongan02_Sokoduwet,Drone (50x50)
1,Pekalongan,02_Pekalongan02_Sokoduwet,Drone (50x50)
2,Pekalongan,02_Pekalongan02_Sokoduwet,Drone (50x50)
1,Pekalongan,02_Pekalongan02_Sokoduwet,Drone (50x50)
1,Pekalongan,02_Pekalongan02_Sokoduwet,Drone (50x50)
1,Pekalongan,02_Pekalongan02_Sokoduwet,Drone (50x50)
1,Pekalongan,02_Pekalongan02_Sokoduwet,Drone (50x50)
1,Pekalongan,02_Pekalongan02_Sokoduwet,Drone (50x50)
2,Pekalongan,02_Pekalongan02_Sokoduwet,Drone (50x50)
1,Pekalongan,02_Pekalongan02_Sokoduwet,Drone (50x50)
1,Pekalongan,02_Pekalongan02_Sokoduwet,Drone (50x50)
1,Pekalongan,02_Pekalongan02_Sokoduwet,Field Survey
1,Pekalongan,02_Pekalongan02_Sokoduwet,Drone (50x50)
1,Pekalongan,02_Pekalongan02_Sokoduwet,Drone (50x50)
1,Pekalongan,02_Pekalongan02_Sokoduwet,Drone (50x50)
1,Pekalongan,02_Pekalongan02_Sokoduwet,Drone (50x50)
1,Pekalongan,02_Pekalongan02_Sokoduwet,Drone (50x50)
1,Pekalongan,02_Pekalongan02_Sokoduwet,Drone (50x50)
2,Pekalongan,02_Pekalongan02_Sokoduwet,Drone (50x50)
1,Pekalongan,02_Pekalongan02_Sokoduwet,Drone (50x50)
1,Pekalongan,02_Pekalongan02_Sokoduwet,Drone (50x50)
1,Pekalongan,02_Pekalongan02_Sokoduwet,Field Survey
1,Pekalongan,02_Pekalongan02_Sokoduwet,Drone (50x50)
1,Pekalongan,02_Pekalongan02_Sokoduwet,Drone (50x50)
1,Pekalongan,02_Pekalongan02_Sokoduwet,Drone (50x50)
1,Pekalongan,02_Pekalongan02_Sokoduwet,Drone (50x50)
1,Pekalongan,02_Pekalongan02_Sokoduwet,Drone (50x50)
1,Pekalongan,02_Pekalongan02_Sokoduwet,Drone (50x50)
1,Pekalongan,02_Pekalongan02_Sokoduwet,Drone (50x50)
1,Pekalongan,02_Pekalongan02_Sokoduwet,Drone (50x50)
2,Pekalongan,02_Pekalongan02_Sokoduwet,Drone (50x50)
1,Pekalongan,02_Pekalongan02_Sokoduwet,Drone (50x50)
1,Pekalongan,02_Pekalongan02_Sokoduwet,Drone (50x50)
1,Pekalongan,02_Pekalongan02_Sokoduwet,Drone (50x50)
1,Pekalongan,02_Pekalongan02_Sokoduwet,Drone (50x50)
1,Pekalongan,02_Pekalongan02_Sokoduwet,Field Survey
1,Pekalongan,02_Pekalongan02_Sokoduwet,Drone (50x50)
2,Pekalongan,02_Pekalongan02_Sokoduwet,Drone (50x50)
1,Pekalongan,02_Pekalongan02_Sokoduwet,Drone (50x50)
1,Pekalongan,02_Pekalongan02_Sokoduwet,Drone (50x50)
1,Pekalongan,02_Pekalongan02_Sokoduwet,Drone (50x50)
1,Pekalongan,02_Pekalongan02_Sokoduwet,Drone (50x50)
1,Pekalongan,02_Pekalongan02_Sokoduwet,Drone (50x50)
1,Pekalongan,02_Pekalongan02_Sokoduwet,Drone (50x50)
2,Pekalongan,02_Pekalongan02_Sokoduwet,Drone (50x50)
1,Pekalongan,02_Pekalongan02_Sokoduwet,Field Survey
1,Pekalongan,02_Pekalongan02_Sokoduwet,Field Survey
1,Pekalongan,02_Pekalongan02_Sokoduwet,Drone (50x50)
1,Pekalongan,02_Pekalongan02_Sokoduwet,Drone (50x50)
1,Pekalongan,02_Pekalongan02_Sokoduwet,Drone (50x50)
1,Pekalongan,02_Pekalongan02_Sokoduwet,Drone (50x50)
1,Pekalongan,02_Pekalongan02_Sokoduwet,Drone (50x50)
1,Pekalongan,02_Pekalongan02_Sokoduwet,Drone (50x50)
1,Pekalongan,02_Pekalongan02_Sokoduwet,Drone (50x50)
1,Pekalongan,02_Pekalongan02_Sokoduwet,Drone (50x50)
1,Pekalongan,02_Pekalongan02_Sokoduwet,Drone (50x50)
1,Pekalongan,02_Pekalongan02_Sokoduwet,Drone (50x50)
1,Pekalongan,02_Pekalongan02_Sokoduwet,Drone (50x50)
1,Pekalongan,02_Pekalongan02_Sokoduwet,Drone (50x50)
1,Pekalongan,02_Pekalongan02_Sokoduwet,Drone (50x50)
1,Pekalongan,02_Pekalongan02_Sokoduwet,Drone (50x50)
1,Pekalongan,02_Pekalongan02_Sokoduwet,Drone (50x50)
1,Pekalongan,02_Pekalongan02_Sokoduwet,Drone (50x50)
1,Pekalongan,02_Pekalongan02_Sokoduwet,Drone (50x50)
1,Pekalongan,02_Pekalongan02_Sokoduwet,Drone (50x50)
1,Pekalongan,02_Pekalongan02_Sokoduwet,Field Survey
2,Pekalongan,02_Pekalongan02_Sokoduwet,Drone (50x50)
1,Pekalongan,02_Pekalongan02_Sokoduwet,Drone (50x50)
1,Pekalongan,02_Pekalongan02_Sokoduwet,Drone (50x50)
1,Pekalongan,02_Pekalongan02_Sokoduwet,Drone (50x50)
1,Pekalongan,02_Pekalongan02_Sokoduwet,Drone (50x50)
1,Pekalongan,02_Pekalongan02_Sokoduwet,Drone (50x50)
1,Pekalongan,02_Pekalongan02_Sokoduwet,Drone (50x50)
1,Pekalongan,02_Pekalongan02_Sokoduwet,Drone (50x50)
1,Pekalongan,02_Pekalongan02_Sokoduwet,Drone (50x50)
1,Pekalongan,02_Pekalongan02_Sokoduwet,Drone (50x50)
1,Pekalongan,02_Pekalongan02_Sokoduwet,Drone (50x50)
1,Pekalongan,02_Pekalongan02_Sokoduwet,Drone (50x50)
1,Pekalongan,02_Pekalongan02_Sokoduwet,Drone (50x50)
1,Pekalongan,02_Pekalongan02_Sokoduwet,Drone (50x50)
1,Pekalongan,02_Pekalongan02_Sokoduwet,Drone (50x50)
2,Pekalongan,02_Pekalongan02_Sokoduwet,Drone (50x50)
1,Pekalongan,02_Pekalongan02_Sokoduwet,Drone (50x50)
1,Pekalongan,02_Pekalongan02_Sokoduwet,Drone (50x50)
1,Pekalongan,02_Pekalongan02_Sokoduwet,Field Survey
1,Pekalongan,02_Pekalongan02_Sokoduwet,Drone (50x50)
1,Pekalongan,02_Pekalongan02_Sokoduwet,Drone (50x50)
1,Pekalongan,02_Pekalongan02_Sokoduwet,Drone (50x50)
1,Pekalongan,02_Pekalongan02_Sokoduwet,Drone (50x50)
1,Pekalongan,02_Pekalongan02_Sokoduwet,Drone (50x50)
1,Pekalongan,02_Pekalongan02_Sokoduwet,Drone (50x50)
1,Pekalongan,02_Pekalongan02_Sokoduwet,Drone (50x50)
1,Pekalongan,02_Pekalongan02_Sokoduwet,Drone (50x50)
1,Pekalongan,02_Pekalongan02_Sokoduwet,Drone (50x50)
1,Pekalongan,02_Pekalongan02_Sokoduwet,Drone (50x50)
1,Pekalongan,02_Pekalongan02_Sokoduwet,Drone (50x50)
1,Pekalongan,02_Pekalongan02_Sokoduwet,Drone (50x50)
1,Pekalongan,02_Pekalongan02_Sokoduwet,Drone (50x50)
1,Pekalongan,02_Pekalongan02_Sokoduwet,Field Survey
1,Pekalongan,02_Pekalongan02_Sokoduwet,Drone (50x50)
1,Pekalongan,02_Pekalongan02_Sokoduwet,Drone (50x50)
1,Pekalongan,02_Pekalongan02_Sokoduwet,Drone (50x50)
1,Pekalongan,02_Pekalongan02_Sokoduwet,Drone (50x50)
2,Pekalongan,02_Pekalongan02_Sokoduwet,Drone (50x50)
1,Pekalongan,02_Pekalongan02_Sokoduwet,Drone (50x50)
1,Pekalongan,02_Pekalongan02_Sokoduwet,Drone (50x50)
1,Pekalongan,02_Pekalongan02_Sokoduwet,Drone (50x50)
2,Pekalongan,02_Pekalongan02_Sokoduwet,Drone (50x50)
1,Pekalongan,02_Pekalongan02_Sokoduwet,Drone (50x50)
1,Pekalongan,02_Pekalongan02_Sokoduwet,Field Survey
1,Pekalongan,02_Pekalongan02_Sokoduwet,Drone (50x50)
1,Pekalongan,02_Pekalongan02_Sokoduwet,Drone (50x50)
1,Pekalongan,02_Pekalongan02_Sokoduwet,Drone (50x50)
1,Pekalongan,02_Pekalongan02_Sokoduwet,Drone (50x50)
1,Pekalongan,02_Pekalongan02_Sokoduwet,Drone (50x50)
1,Pekalongan,02_Pekalongan02_Sokoduwet,Drone (50x50)
1,Pekalongan,02_Pekalongan02_Sokoduwet,Field Survey
1,Pekalongan,02_Pekalongan02_Sokoduwet,Drone (50x50)
1,Pekalongan,02_Pekalongan02_Sokoduwet,Drone (50x50)
1,Pekalongan,02_Pekalongan02_Sokoduwet,Drone (50x50)
1,Pekalongan,02_Pekalongan02_Sokoduwet,Drone (50x50)
1,Pekalongan,02_Pekalongan02_Sokoduwet,Drone (50x50)
1,Pekalongan,02_Pekalongan02_Sokoduwet,Field Survey
1,Pekalongan,02_Pekalongan02_Sokoduwet,Drone (50x50)
1,Pekalongan,02_Pekalongan02_Sokoduwet,Field Survey
1,Pekalongan,02_Pekalongan02_Sokoduwet,Drone (50x50)
1,Pekalongan,02_Pekalongan02_Sokoduwet,Drone (50x50)
1,Pekalongan,02_Pekalongan02_Sokoduwet,Drone (50x50)
1,Pekalongan,02_Pekalongan02_Sokoduwet,Drone (50x50)
1,Pekalongan,02_Pekalongan02_Sokoduwet,Drone (50x50)
1,Pekalongan,02_Pekalongan02_Sokoduwet,Drone (50x50)
1,Pekalongan,02_Pekalongan02_Sokoduwet,Drone (50x50)
2,Pekalongan,02_Pekalongan02_Sokoduwet,Drone (50x50)
1,Pekalongan,02_Pekalongan02_Sokoduwet,Field Survey
1,Pekalongan,02_Pekalongan02_Sokoduwet,Drone (50x50)
1,Pekalongan,02_Pekalongan02_Sokoduwet,Drone (50x50)
1,Pekalongan,02_Pekalongan02_Sokoduwet,Drone (50x50)
1,Pekalongan,02_Pekalongan02_Sokoduwet,Drone (50x50)
1,Pekalongan,02_Pekalongan02_Sokoduwet,Drone (50x50)
1,Pekalongan,02_Pekalongan02_Sokoduwet,Drone (50x50)
1,Pekalongan,02_Pekalongan02_Sokoduwet,Drone (50x50)
1,Pekalongan,02_Pekalongan02_Sokoduwet,Drone (50x50)
1,Pekalongan,02_Pekalongan02_Sokoduwet,Drone (50x50)
1,Pekalongan,02_Pekalongan02_Sokoduwet,Drone (50x50)
1,Pekalongan,02_Pekalongan02_Sokoduwet,Field Survey
1,Pekalongan,02_Pekalongan02_Sokoduwet,Drone (50x50)
1,Pekalongan,02_Pekalongan02_Sokoduwet,Drone (50x50)
1,Pekalongan,02_Pekalongan02_Sokoduwet,Drone (50x50)
1,Pekalongan,02_Pekalongan02_Sokoduwet,Drone (50x50)
1,Pekalongan,02_Pekalongan02_Sokoduwet,Field Survey
1,Pekalongan,02_Pekalongan02_Sokoduwet,Drone (50x50)
1,Pekalongan,02_Pekalongan02_Sokoduwet,Drone (50x50)
1,Pekalongan,02_Pekalongan02_Sokoduwet,Drone (50x50)
1,Pekalongan,02_Pekalongan02_Sokoduwet,Drone (50x50)
1,Pekalongan,02_Pekalongan02_Sokoduwet,Drone (50x50)
2,Pekalongan,Kedungsari,Drone (rice field)
6,Pekalongan,Kedungsari,Drone (rice field)
2,Pekalongan,Kedungsari,Drone (rice field)
5,Pekalongan,Kedungsari,Drone (rice field)
3,Pekalongan,Kedungsari,Drone (rice field)
5,Pekalongan,Kedungsari,Drone (rice field)
3,Pekalongan,Kedungsari,Drone (rice field)
5,Pekalongan,Kedungsari,Drone (rice field)
3,Pekalongan,Kedungsari,Drone (rice field)
5,Pekalongan,Kedungsari,Drone (rice field)
5,Pekalongan,Kedungsari,Drone (rice field)
4,Pekalongan,Kedungsari,Drone (rice field)
5,Pekalongan,Kedungsari,Drone (rice field)
5,Pekalongan,Kedungsari,Drone (rice field)
6,Pekalongan,Kedungsari,Drone (rice field)
5,Pekalongan,Kedungsari,Drone (rice field)
5,Pekalongan,Kedungsari,Drone (rice field)
3,Pekalongan,Kedungsari,Drone (rice field)
5,Pekalongan,Kedungsari,Drone (rice field)
5,Pekalongan,Kedungsari,Drone (rice field)
5,Pekalongan,Kedungsari,Drone (rice field)
4,Pekalongan,Kedungsari,Drone (rice field)
5,Pekalongan,Kedungsari,Drone (rice field)
5,Pekalongan,Kedungsari,Drone (rice field)
5,Pekalongan,Kedungsari,Drone (rice field)
2,Pekalongan,Kedungsari,Drone (rice field)
3,Pekalongan,Kedungsari,Drone (rice field)
5,Pekalongan,Kedungsari,Drone (rice field)
6,Pekalongan,Kedungsari,Drone (rice field)
2,Pekalongan,Kedungsari,Drone (rice field)
6,Pekalongan,Kedungsari,Drone (rice field)
4,Pekalongan,Kedungsari,Drone (rice field)
4,Pekalongan,Kedungsari,Drone (rice field)
5,Pekalongan,Kedungsari,Drone (rice field)
3,Pekalongan,Kedungsari,Drone (rice field)
5,Pekalongan,Kedungsari,Drone (rice field)
4,Pekalongan,Kedungsari,Drone (rice field)
3,Pekalongan,Kedungsari,Drone (rice field)
5,Pekalongan,Kedungsari,Drone (rice field)
2,Pekalongan,Kedungsari,Drone (rice field)
5,Pekalongan,Kedungsari,Drone (rice field)
5,Pekalongan,Kedungsari,Drone (rice field)
5,Pekalongan,Kedungsari,Drone (rice field)
5,Pekalongan,Kedungsari,Drone (rice field)
5,Pekalongan,Kedungsari,Drone (rice field)
5,Pekalongan,Kedungsari,Drone (rice field)
5,Pekalongan,Kedungsari,Drone (rice field)
2,Pekalongan,,Drone (rice field)
2,Pekalongan,Bendungan,Drone (50x50)
2,Pekalongan,Bendungan,Field Survey
2,Pekalongan,Bendungan,Drone (50x50)
2,Pekalongan,Bendungan,Drone (50x50)
2,Pekalongan,Bendungan,Drone (50x50)
2,Pekalongan,Bendungan,Drone (50x50)
2,Pekalongan,Bendungan,Drone (50x50)
2,Pekalongan,Bendungan,Drone (50x50)
2,Pekalongan,Bendungan,Drone (50x50)
2,Pekalongan,Bendungan,Field Survey
6,Pekalongan,Bendungan,Drone (50x50)
2,Pekalongan,Bendungan,Drone (50x50)
6,Pekalongan,Bendungan,Drone (50x50)
2,Pekalongan,Bendungan,Drone (50x50)
2,Pekalongan,Bendungan,Drone (50x50)
2,Pekalongan,Bendungan,Drone (50x50)
2,Pekalongan,Bendungan,Drone (50x50)
2,Pekalongan,Bendungan,Drone (50x50)
2,Pekalongan,Bendungan,Field Survey
2,Pekalongan,Bendungan,Field Survey
2,Pekalongan,Bendungan,Drone (50x50)
2,Pekalongan,Bendungan,Drone (50x50)
2,Pekalongan,Bendungan,Drone (50x50)
2,Pekalongan,Bendungan,Field Survey
2,Pekalongan,Bendungan,Field Survey
2,Pekalongan,Bendungan,Drone (50x50)
2,Pekalongan,Bendungan,Drone (50x50)
2,Pekalongan,Bendungan,Drone (50x50)
2,Pekalongan,Bendungan,Drone (50x50)
6,Pekalongan,Bendungan,Drone (50x50)
2,Pekalongan,Bendungan,Drone (50x50)
2,Pekalongan,Bendungan,Drone (50x50)
2,Pekalongan,Bendungan,Field Survey
2,Pekalongan,Bendungan,Field Survey
2,Pekalongan,Bendungan,Drone (50x50)
2,Pekalongan,Bendungan,Drone (50x50)
2,Pekalongan,Bendungan,Field Survey
2,Pekalongan,Bendungan,Drone (50x50)
2,Pekalongan,Bendungan,Drone (50x50)
2,Pekalongan,Bendungan,Drone (50x50)
2,Pekalongan,Bendungan,Drone (50x50)
2,Pekalongan,Bendungan,Field Survey
2,Pekalongan,Bendungan,Drone (50x50)
2,Pekalongan,Bendungan,Drone (50x50)
2,Pekalongan,Bendungan,Drone (50x50)
2,Pekalongan,Bendungan,Field Survey
2,Pekalongan,Bendungan,Drone (50x50)
2,Pekalongan,Bendungan,Drone (50x50)
2,Pekalongan,Bendungan,Drone (50x50)
2,Pekalongan,Bendungan,Drone (50x50)
2,Pekalongan,Bendungan,Drone (50x50)
2,Pekalongan,Bendungan,Drone (50x50)
2,Pekalongan,Bendungan,Field Survey
2,Pekalongan,Bendungan,Drone (50x50)
2,Pekalongan,Bendungan,Field Survey
2,Pekalongan,Bendungan,Drone (50x50)
2,Pekalongan,Bendungan,Drone (50x50)
2,Pekalongan,Bendungan,Drone (50x50)
2,Pekalongan,Bendungan,Drone (50x50)
2,Pekalongan,Bendungan,Drone (50x50)
2,Pekalongan,Bendungan,Drone (50x50)
2,Pekalongan,Bendungan,Field Survey
2,Pekalongan,Bendungan,Drone (50x50)
2,Pekalongan,Bendungan,Drone (50x50)
2,Pekalongan,Bendungan,Field Survey
2,Pekalongan,Bendungan,Drone (50x50)
2,Pekalongan,Bendungan,Drone (50x50)
2,Pekalongan,Bendungan,Drone (50x50)
2,Pekalongan,Bendungan,Drone (50x50)
2,Pekalongan,Bendungan,Drone (50x50)
2,Pekalongan,Bendungan,Field Survey
2,Pekalongan,Bendungan,Drone (50x50)
2,Pekalongan,Bendungan,Field Survey
2,Pekalongan,Bendungan,Drone (50x50)
2,Pekalongan,Bendungan,Drone (50x50)
2,Pekalongan,Bendungan,Drone (50x50)
2,Pekalongan,Bendungan,Field Survey
2,Pekalongan,Bendungan,Drone (50x50)
2,Pekalongan,Bendungan,Drone (50x50)
2,Pekalongan,Bendungan,Field Survey
2,Pekalongan,Bendungan,Drone (50x50)
2,Pekalongan,Bendungan,Drone (50x50)
2,Pekalongan,Bendungan,Drone (50x50)
2,Pekalongan,Bendungan,Drone (50x50)
2,Pekalongan,Bendungan,Drone (50x50)
2,Pekalongan,Bendungan,Drone (50x50)
2,Pekalongan,Bendungan,Drone (50x50)
2,Pekalongan,Bendungan,Drone (50x50)
2,Pekalongan,Bendungan,Drone (50x50)
2,Pekalongan,Bendungan,Drone (50x50)
2,Pekalongan,Bendungan,Drone (50x50)
2,Pekalongan,Bendungan,Drone (50x50)
2,Pekalongan,Bendungan,Drone (50x50)
2,Pekalongan,Bendungan,Drone (50x50)
2,Pekalongan,,Drone (rice field)
2,Pekalongan,,Drone (rice field)
2,Pekalongan,Tanjungrejo,Drone (50x50)
2,Pekalongan,Tanjungrejo,Drone (50x50)
2,Pekalongan,Tanjungrejo,Drone (50x50)
2,Pekalongan,Tanjungrejo,Drone (50x50)
2,Pekalongan,Tanjungrejo,Drone (50x50)
2,Pekalongan,Tanjungrejo,Field Survey
2,Pekalongan,Tanjungrejo,Drone (50x50)
3,Pekalongan,Tanjungrejo,Field Survey
3,Pekalongan,Tanjungrejo,Field Survey
2,Pekalongan,Tanjungrejo,Drone (50x50)
2,Pekalongan,Tanjungrejo,Drone (50x50)
2,Pekalongan,Tanjungrejo,Drone (50x50)
3,Pekalongan,Tanjungrejo,Drone (50x50)
2,Pekalongan,Tanjungrejo,Drone (50x50)
2,Pekalongan,Tanjungrejo,Drone (50x50)
2,Pekalongan,Tanjungrejo,Drone (50x50)
2,Pekalongan,Tanjungrejo,Drone (50x50)
2,Pekalongan,Tanjungrejo,Drone (50x50)
3,Pekalongan,Tanjungrejo,Drone (50x50)
3,Pekalongan,Tanjungrejo,Field Survey
3,Pekalongan,Tanjungrejo,Drone (50x50)
2,Pekalongan,Tanjungrejo,Drone (50x50)
2,Pekalongan,Tanjungrejo,Drone (50x50)
2,Pekalongan,Tanjungrejo,Drone (50x50)
3,Pekalongan,Tanjungrejo,Drone (50x50)
2,Pekalongan,Tanjungrejo,Drone (50x50)
2,Pekalongan,Tanjungrejo,Drone (50x50)
2,Pekalongan,Tanjungrejo,Drone (50x50)
2,Pekalongan,Tanjungrejo,Field Survey
2,Pekalongan,Tanjungrejo,Field Survey
2,Pekalongan,Tanjungrejo,Drone (50x50)
2,Pekalongan,Tanjungrejo,Field Survey
2,Pekalongan,Tanjungrejo,Drone (50x50)
2,Pekalongan,Tanjungrejo,Field Survey
2,Pekalongan,Tanjungrejo,Drone (50x50)
2,Pekalongan,Tanjungrejo,Field Survey
3,Pekalongan,Tanjungrejo,Drone (50x50)
3,Pekalongan,Tanjungrejo,Drone (50x50)
2,Pekalongan,Tanjungrejo,Drone (50x50)
2,Pekalongan,Tanjungrejo,Drone (50x50)
2,Pekalongan,Tanjungrejo,Drone (50x50)
2,Pekalongan,Tanjungrejo,Drone (50x50)
3,Pekalongan,Tanjungrejo,Drone (50x50)
2,Pekalongan,Tanjungrejo,Field Survey
2,Pekalongan,Tanjungrejo,Drone (50x50)
2,Pekalongan,Tanjungrejo,Drone (50x50)
2,Pekalongan,Tanjungrejo,Drone (50x50)
2,Pekalongan,Tanjungrejo,Drone (50x50)
2,Pekalongan,Tanjungrejo,Drone (50x50)
2,Pekalongan,Tanjungrejo,Drone (50x50)
2,Pekalongan,Tanjungrejo,Drone (50x50)
6,Pekalongan,Tanjungrejo,Drone (50x50)
2,Pekalongan,Tanjungrejo,Drone (50x50)
2,Pekalongan,Tanjungrejo,Drone (50x50)
2,Pekalongan,Tanjungrejo,Drone (50x50)
2,Pekalongan,Tanjungrejo,Drone (50x50)
2,Pekalongan,Tanjungrejo,Drone (50x50)
2,Pekalongan,Tanjungrejo,Field Survey
2,Pekalongan,Tanjungrejo,Drone (50x50)
2,Pekalongan,Tanjungrejo,Drone (50x50)
2,Pekalongan,Tanjungrejo,Drone (50x50)
6,Pekalongan,Tanjungrejo,Drone (50x50)
2,Pekalongan,Tanjungrejo,Field Survey
3,Pekalongan,Tanjungrejo,Drone (50x50)
3,Pekalongan,Tanjungrejo,Drone (50x50)
2,Pekalongan,Tanjungrejo,Drone (50x50)
2,Pekalongan,Tanjungrejo,Drone (50x50)
2,Pekalongan,Tanjungrejo,Drone (50x50)
2,Pekalongan,Tanjungrejo,Drone (50x50)
2,Pekalongan,Tanjungrejo,Drone (50x50)
2,Pekalongan,Tanjungrejo,Field Survey
2,Pekalongan,Tanjungrejo,Drone (50x50)
2,Pekalongan,Tanjungrejo,Drone (50x50)
2,Pekalongan,Tanjungrejo,Drone (50x50)
2,Pekalongan,Tanjungrejo,Drone (50x50)
3,Pekalongan,Tanjungrejo,Drone (50x50)
2,Pekalongan,Tanjungrejo,Drone (50x50)
3,Pekalongan,Tanjungrejo,Drone (50x50)
2,Pekalongan,Tanjungrejo,Field Survey
2,Pekalongan,Tanjungrejo,Drone (50x50)
2,Pekalongan,Tanjungrejo,Drone (50x50)
2,Pekalongan,Tanjungrejo,Drone (50x50)
2,Pekalongan,Tanjungrejo,Drone (50x50)
3,Pekalongan,Tanjungrejo,Field Survey
2,Pekalongan,Tanjungrejo,Drone (50x50)
2,Pekalongan,Tanjungrejo,Drone (50x50)
2,Pekalongan,Tanjungrejo,Drone (50x50)
2,Pekalongan,Tanjungrejo,Drone (50x50)
2,Pekalongan,Tanjungrejo,Drone (50x50)
2,Pekalongan,Tanjungrejo,Drone (50x50)
2,Pekalongan,Tanjungrejo,Field Survey
2,Pekalongan,Tanjungrejo,Drone (50x50)
2,Pekalongan,Tanjungrejo,Drone (50x50)
2,Pekalongan,Tanjungrejo,Drone (50x50)
2,Pekalongan,Tanjungrejo,Field Survey
2,Pekalongan,Tanjungrejo,Field Survey
3,Pekalongan,Tanjungrejo,Drone (50x50)
2,Pekalongan,Tanjungrejo,Drone (50x50)
3,Pekalongan,Tanjungrejo,Drone (50x50)
2,Pekalongan,Tanjungrejo,Drone (50x50)
2,Pekalongan,Tanjungrejo,Drone (50x50)
2,Pekalongan,Tanjungrejo,Drone (50x50)
2,Pekalongan,Tanjungrejo,Drone (50x50)
2,Pekalongan,Tanjungrejo,Field Survey
2,Pekalongan,Tanjungrejo,Drone (50x50)
2,Pekalongan,,Drone (rice field)
6,Pekalongan,,Drone (rice field)
4,Pekalongan,,Drone (rice field)
6,Pekalongan,,Drone (rice field)
1,Pekalongan,06_Kendal02_Pesawahan,Drone (rice field)
5,Pekalongan,06_Kendal02_Pesawahan,Drone (rice field)
1,Pekalongan,06_Kendal02_Pesawahan,Drone (rice field)
5,Pekalongan,06_Kendal02_Pesawahan,Drone (rice field)
5,Pekalongan,06_Kendal02_Pesawahan,Drone (rice field)
5,Pekalongan,06_Kendal02_Pesawahan,Drone (rice field)
1,Pekalongan,06_Kendal02_Pesawahan,Drone (rice field)
1,Pekalongan,06_Kendal02_Pesawahan,Drone (rice field)
1,Pekalongan,06_Kendal02_Pesawahan,Drone (rice field)
5,Pekalongan,06_Kendal02_Pesawahan,Drone (rice field)
5,Pekalongan,06_Kendal02_Pesawahan,Drone (rice field)
5,Pekalongan,06_Kendal02_Pesawahan,Drone (rice field)
5,Pekalongan,06_Kendal02_Pesawahan,Drone (rice field)
6,Pekalongan,06_Kendal02_Pesawahan,Drone (rice field)
1,Pekalongan,06_Kendal02_Pesawahan,Drone (rice field)
5,Pekalongan,06_Kendal02_Pesawahan,Drone (rice field)
1,Pekalongan,06_Kendal02_Pesawahan,Drone (rice field)
6,Pekalongan,06_Kendal02_Pesawahan,Drone (rice field)
5,Pekalongan,06_Kendal02_Pesawahan,Drone (rice field)
1,Pekalongan,06_Kendal02_Pesawahan,Drone (rice field)
6,Pekalongan,06_Kendal02_Pesawahan,Drone (rice field)
1,Pekalongan,06_Kendal02_Pesawahan,Drone (rice field)
5,Pekalongan,06_Kendal02_Pesawahan,Drone (rice field)
1,Pekalongan,06_Kendal02_Pesawahan,Drone (rice field)
1,Pekalongan,06_Kendal02_Pesawahan,Drone (rice field)
5,Pekalongan,06_Kendal02_Pesawahan,Drone (rice field)
1,Pekalongan,06_Kendal02_Pesawahan,Drone (rice field)
5,Pekalongan,06_Kendal02_Pesawahan,Drone (rice field)
5,Pekalongan,06_Kendal02_Pesawahan,Drone (rice field)
5,Pekalongan,06_Kendal02_Pesawahan,Drone (rice field)
6,Pekalongan,06_Kendal02_Pesawahan,Drone (rice field)
5,Pekalongan,06_Kendal02_Pesawahan,Drone (rice field)
5,Pekalongan,06_Kendal02_Pesawahan,Drone (rice field)
5,Pekalongan,06_Kendal02_Pesawahan,Drone (rice field)
5,Pekalongan,06_Kendal02_Pesawahan,Drone (rice field)
1,Pekalongan,06_Kendal02_Pesawahan,Drone (rice field)
1,Pekalongan,06_Kendal02_Pesawahan,Drone (rice field)
5,Pekalongan,06_Kendal02_Pesawahan,Drone (rice field)
5,Pekalongan,06_Kendal02_Pesawahan,Drone (rice field)
1,Pekalongan,06_Kendal02_Pesawahan,Drone (rice field)
5,Pekalongan,06_Kendal02_Pesawahan,Drone (rice field)
5,Pekalongan,06_Kendal02_Pesawahan,Drone (rice field)
5,Pekalongan,06_Kendal02_Pesawahan,Drone (rice field)
5,Pekalongan,06_Kendal02_Pesawahan,Drone (rice field)
5,Pekalongan,06_Kendal02_Pesawahan,Drone (rice field)
5,Pekalongan,06_Kendal02_Pesawahan,Drone (rice field)
5,Pekalongan,06_Kendal02_Pesawahan,Drone (rice field)
6,Pekalongan,06_Kendal02_Pesawahan,Drone (rice field)
1,Pekalongan,06_Kendal02_Pesawahan,Drone (rice field)
1,Pekalongan,06_Kendal02_Pesawahan,Drone (rice field)
5,Pekalongan,06_Kendal02_Pesawahan,Drone (rice field)
5,Pekalongan,06_Kendal02_Pesawahan,Drone (rice field)
5,Pekalongan,06_Kendal02_Pesawahan,Drone (rice field)
1,Pekalongan,06_Kendal02_Pesawahan,Drone (rice field)
5,Pekalongan,06_Kendal02_Pesawahan,Drone (rice field)
5,Pekalongan,06_Kendal02_Pesawahan,Drone (rice field)
5,Pekalongan,06_Kendal02_Pesawahan,Drone (rice field)
6,Pekalongan,06_Kendal02_Pesawahan,Drone (rice field)
5,Pekalongan,06_Kendal02_Pesawahan,Drone (rice field)
2,Pekalongan,06_batang01_sambong,Drone (rice field)
2,Pekalongan,09_batang04_tegalsari02,Drone (rice field)
2,Pekalongan,06_batang01_sambong,Drone (rice field)
2,Pekalongan,06_batang01_sambong,Drone (rice field)
2,Pekalongan,09_batang04_tegalsari02,Drone (rice field)
2,Pekalongan,06_batang01_sambong,Drone (rice field)
2,Pekalongan,06_batang01_sambong,Drone (rice field)
2,Pekalongan,06_batang01_sambong,Drone (rice field)
2,Pekalongan,06_batang01_sambong,Drone (rice field)
2,Pekalongan,09_batang04_tegalsari02,Drone (rice field)
2,Pekalongan,08_batang03_tegalsari,Drone (rice field)
2,Pekalongan,06_batang01_sambong,Drone (rice field)
2,Pekalongan,06_batang01_sambong,Drone (rice field)
2,Pekalongan,10_batang05_klidangwetan,Drone (rice field)
2,Pekalongan,09_batang04_tegalsari02,Drone (rice field)
2,Pekalongan,06_batang01_sambong,Drone (rice field)
2,Pekalongan,08_batang03_tegalsari,Drone (rice field)
2,Pekalongan,08_batang03_tegalsari,Drone (rice field)
1,Pekalongan,10_batang05_klidangwetan,Drone (rice field)
2,Pekalongan,06_batang01_sambong,Drone (rice field)
2,Pekalongan,06_batang01_sambong,Drone (rice field)
2,Pekalongan,08_batang03_tegalsari,Drone (rice field)
2,Pekalongan,06_batang01_sambong,Drone (rice field)
2,Pekalongan,09_batang04_tegalsari02,Drone (rice field)
2,Pekalongan,06_batang01_sambong,Drone (rice field)
2,Pekalongan,06_batang01_sambong,Drone (rice field)
2,Pekalongan,06_batang01_sambong,Drone (rice field)
2,Pekalongan,06_batang01_sambong,Drone (rice field)
2,Pekalongan,09_batang04_tegalsari02,Drone (rice field)
2,Pekalongan,06_batang01_sambong,Drone (rice field)
2,Pekalongan,09_batang04_tegalsari02,Drone (rice field)
2,Pekalongan,06_batang01_sambong,Drone (rice field)
2,Pekalongan,06_batang01_sambong,Drone (rice field)
1,Pekalongan,08_batang03_tegalsari,Drone (rice field)
2,Pekalongan,06_batang01_sambong,Drone (rice field)
2,Pekalongan,09_batang04_tegalsari02,Drone (rice field)
2,Pekalongan,06_batang01_sambong,Drone (rice field)
2,Pekalongan,06_batang01_sambong,Drone (rice field)
2,Pekalongan,09_batang04_tegalsari02,Drone (rice field)
2,Pekalongan,06_batang01_sambong,Drone (rice field)
2,Pekalongan,10_batang05_klidangwetan,Drone (rice field)
2,Pekalongan,06_batang01_sambong,Drone (rice field)
2,Pekalongan,08_batang03_tegalsari,Drone (rice field)
2,Pekalongan,09_batang04_tegalsari02,Drone (rice field)
2,Pekalongan,06_batang01_sambong,Drone (rice field)
2,Pekalongan,06_batang01_sambong,Drone (rice field)
2,Pekalongan,06_batang01_sambong,Drone (rice field)
2,Pekalongan,09_batang04_tegalsari02,Drone (rice field)
2,Pekalongan,07_batang02_sambong02,Drone (rice field)
2,Pekalongan,10_batang05_klidangwetan,Drone (rice field)
2,Pekalongan,06_batang01_sambong,Drone (rice field)
1,Pekalongan,08_batang03_tegalsari,Drone (rice field)
2,Pekalongan,06_batang01_sambong,Drone (rice field)
2,Pekalongan,10_batang05_klidangwetan,Drone (rice field)
2,Pekalongan,09_batang04_tegalsari02,Drone (rice field)
2,Pekalongan,10_batang05_klidangwetan,Drone (rice field)
2,Pekalongan,08_batang03_tegalsari,Drone (rice field)
2,Pekalongan,06_batang01_sambong,Drone (rice field)
2,Pekalongan,09_batang04_tegalsari02,Drone (rice field)
2,Pekalongan,06_batang01_sambong,Drone (rice field)
2,Pekalongan,06_batang01_sambong,Drone (rice field)
2,Pekalongan,10_batang05_klidangwetan,Drone (rice field)
2,Pekalongan,06_batang01_sambong,Drone (rice field)
2,Pekalongan,06_batang01_sambong,Drone (rice field)
2,Pekalongan,06_batang01_sambong,Drone (rice field)
2,Pekalongan,09_batang04_tegalsari02,Drone (rice field)
2,Pekalongan,10_batang05_klidangwetan,Drone (rice field)
2,Pekalongan,10_batang05_klidangwetan,Drone (rice field)
2,Pekalongan,10_batang05_klidangwetan,Drone (rice field)
2,Pekalongan,06_batang01_sambong,Drone (rice field)
2,Pekalongan,10_batang05_klidangwetan,Drone (rice field)
2,Pekalongan,10_batang05_klidangwetan,Drone (rice field)
2,Pekalongan,10_batang05_klidangwetan,Drone (rice field)
1,Pekalongan,08_batang03_tegalsari,Drone (rice field)
2,Pekalongan,09_batang04_tegalsari02,Drone (rice field)
2,Pekalongan,09_batang04_tegalsari02,Drone (rice field)
2,Pekalongan,08_batang03_tegalsari,Drone (rice field)
2,Pekalongan,10_batang05_klidangwetan,Drone (rice field)
2,Pekalongan,06_batang01_sambong,Drone (rice field)
2,Pekalongan,08_batang03_tegalsari,Drone (rice field)
2,Pekalongan,09_batang04_tegalsari02,Drone (rice field)
2,Pekalongan,09_batang04_tegalsari02,Drone (rice field)
2,Pekalongan,09_batang04_tegalsari02,Drone (rice field)
2,Pekalongan,10_batang05_klidangwetan,Drone (rice field)
2,Pekalongan,06_batang01_sambong,Drone (rice field)
2,Pekalongan,06_batang01_sambong,Drone (rice field)
2,Pekalongan,06_batang01_sambong,Drone (rice field)
2,Pekalongan,06_batang01_sambong,Drone (rice field)
2,Pekalongan,10_batang05_klidangwetan,Drone (rice field)
2,Pekalongan,09_batang04_tegalsari02,Drone (rice field)
2,Pekalongan,10_batang05_klidangwetan,Drone (rice field)
2,Pekalongan,06_batang01_sambong,Drone (rice field)
2,Pekalongan,06_batang01_sambong,Drone (rice field)
2,Pekalongan,10_batang05_klidangwetan,Drone (rice field)
2,Pekalongan,06_batang01_sambong,Drone (rice field)
2,Pekalongan,09_batang04_tegalsari02,Drone (rice field)
2,Pekalongan,08_batang03_tegalsari,Drone (rice field)
2,Pekalongan,06_batang01_sambong,Drone (rice field)
2,Pekalongan,06_batang01_sambong,Drone (rice field)
2,Pekalongan,09_batang04_tegalsari02,Drone (rice field)
2,Pekalongan,10_batang05_klidangwetan,Drone (rice field)
2,Pekalongan,09_batang04_tegalsari02,Drone (rice field)
2,Pekalongan,09_batang04_tegalsari02,Drone (rice field)
2,Pekalongan,10_batang05_klidangwetan,Drone (rice field)
2,Pekalongan,09_batang04_tegalsari02,Drone (rice field)
2,Pekalongan,09_batang04_tegalsari02,Drone (rice field)
1,Pekalongan,07_batang02_sambong02,Drone (rice field)
1,Pekalongan,10_batang05_klidangwetan,Drone (rice field)
2,Pekalongan,06_batang01_sambong,Drone (rice field)
2,Pekalongan,06_batang01_sambong,Drone (rice field)
2,Pekalongan,06_batang01_sambong,Drone (rice field)
2,Pekalongan,10_batang05_klidangwetan,Drone (rice field)
2,Pekalongan,09_batang04_tegalsari02,Drone (rice field)
2,Pekalongan,09_batang04_tegalsari02,Drone (rice field)
2,Pekalongan,09_batang04_tegalsari02,Drone (rice field)
2,Pekalongan,06_batang01_sambong,Drone (rice field)
2,Pekalongan,06_batang01_sambong,Drone (rice field)
2,Pekalongan,06_batang01_sambong,Drone (rice field)
2,Pekalongan,09_batang04_tegalsari02,Drone (rice field)
2,Pekalongan,06_batang01_sambong,Drone (rice field)
2,Pekalongan,06_batang01_sambong,Drone (rice field)
2,Pekalongan,08_batang03_tegalsari,Drone (rice field)
2,Pekalongan,10_batang05_klidangwetan,Drone (rice field)
2,Pekalongan,08_batang03_tegalsari,Drone (rice field)
1,Pekalongan,08_batang03_tegalsari,Drone (rice field)
2,Pekalongan,06_batang01_sambong,Drone (rice field)
2,Pekalongan,08_batang03_tegalsari,Drone (rice field)
2,Pekalongan,08_batang03_tegalsari,Drone (rice field)
2,Pekalongan,09_batang04_tegalsari02,Drone (rice field)
2,Pekalongan,06_batang01_sambong,Drone (rice field)
2,Pekalongan,06_batang01_sambong,Drone (rice field)
2,Pekalongan,06_batang01_sambong,Drone (rice field)
2,Pekalongan,08_batang03_tegalsari,Drone (rice field)
2,Pekalongan,06_batang01_sambong,Drone (rice field)
2,Pekalongan,06_batang01_sambong,Drone (rice field)
2,Pekalongan,06_batang01_sambong,Drone (rice field)
2,Pekalongan,06_batang01_sambong,Drone (rice field)
2,Pekalongan,09_batang04_tegalsari02,Drone (rice field)
2,Pekalongan,06_batang01_sambong,Drone (rice field)
2,Pekalongan,07_batang02_sambong02,Drone (rice field)
2,Pekalongan,06_batang01_sambong,Drone (rice field)
2,Pekalongan,06_batang01_sambong,Drone (rice field)
2,Pekalongan,10_batang05_klidangwetan,Drone (rice field)
1,Pekalongan,07_batang02_sambong02,Drone (rice field)
2,Pekalongan,06_batang01_sambong,Drone (rice field)
2,Pekalongan,06_batang01_sambong,Drone (rice field)
2,Pekalongan,06_batang01_sambong,Drone (rice field)
2,Pekalongan,06_batang01_sambong,Drone (rice field)
2,Pekalongan,06_batang01_sambong,Drone (rice field)
1,Pekalongan,10_batang05_klidangwetan,Drone (rice field)
2,Pekalongan,06_batang01_sambong,Drone (rice field)
2,Pekalongan,08_batang03_tegalsari,Drone (rice field)
2,Pekalongan,06_batang01_sambong,Drone (rice field)
1,Pekalongan,07_batang02_sambong02,Drone (rice field)
2,Pekalongan,09_batang04_tegalsari02,Drone (rice field)
2,Pekalongan,06_batang01_sambong,Drone (rice field)
2,Pekalongan,10_batang05_klidangwetan,Drone (rice field)
2,Pekalongan,08_batang03_tegalsari,Drone (rice field)
2,Pekalongan,09_batang04_tegalsari02,Drone (rice field)
2,Pekalongan,07_batang02_sambong02,Drone (rice field)
2,Pekalongan,06_batang01_sambong,Drone (rice field)
2,Pekalongan,06_batang01_sambong,Drone (rice field)
2,Pekalongan,10_batang05_klidangwetan,Drone (rice field)
2,Pekalongan,08_batang03_tegalsari,Drone (rice field)
2,Pekalongan,06_batang01_sambong,Drone (rice field)
1,Pekalongan,08_batang03_tegalsari,Drone (rice field)
2,Pekalongan,10_batang05_klidangwetan,Drone (rice field)
2,Pekalongan,10_batang05_klidangwetan,Drone (rice field)
2,Pekalongan,06_batang01_sambong,Drone (rice field)
2,Pekalongan,10_batang05_klidangwetan,Drone (rice field)
1,Pekalongan,08_batang03_tegalsari,Drone (rice field)
1,Pekalongan,07_batang02_sambong02,Drone (rice field)
2,Pekalongan,10_batang05_klidangwetan,Drone (rice field)
2,Pekalongan,06_batang01_sambong,Drone (rice field)
2,Pekalongan,06_batang01_sambong,Drone (rice field)
1,Pekalongan,10_batang05_klidangwetan,Drone (rice field)
2,Pekalongan,06_batang01_sambong,Drone (rice field)
1,Pekalongan,10_batang05_klidangwetan,Drone (rice field)
2,Pekalongan,10_batang05_klidangwetan,Drone (rice field)
2,Pekalongan,08_batang03_tegalsari,Drone (rice field)
2,Pekalongan,06_batang01_sambong,Drone (rice field)
2,Pekalongan,06_batang01_sambong,Drone (rice field)
1,Pekalongan,07_batang02_sambong02,Drone (rice field)
1,Pekalongan,07_batang02_sambong02,Drone (rice field)
2,Pekalongan,10_batang05_klidangwetan,Drone (rice field)
1,Pekalongan,07_batang02_sambong02,Drone (rice field)
1,Pekalongan,07_batang02_sambong02,Drone (rice field)
2,Pekalongan,08_batang03_tegalsari,Drone (rice field)
2,Pekalongan,08_batang03_tegalsari,Drone (rice field)
2,Pekalongan,10_batang05_klidangwetan,Drone (rice field)
2,Pekalongan,06_batang01_sambong,Drone (rice field)
2,Pekalongan,06_batang01_sambong,Drone (rice field)
2,Pekalongan,08_batang03_tegalsari,Drone (rice field)
2,Pekalongan,06_batang01_sambong,Drone (rice field)
2,Pekalongan,09_batang04_tegalsari02,Drone (rice field)
2,Pekalongan,06_batang01_sambong,Drone (rice field)
2,Pekalongan,06_batang01_sambong,Drone (rice field)
2,Pekalongan,06_batang01_sambong,Drone (rice field)
6,Pekalongan,07_batang02_sambong02,Drone (rice field)
2,Pekalongan,10_batang05_klidangwetan,Drone (rice field)
2,Pekalongan,06_batang01_sambong,Drone (rice field)
2,Pekalongan,06_batang01_sambong,Drone (rice field)
2,Pekalongan,06_batang01_sambong,Drone (rice field)
1,Pekalongan,07_batang02_sambong02,Drone (rice field)
2,Pekalongan,10_batang05_klidangwetan,Drone (rice field)
1,Pekalongan,08_batang03_tegalsari,Drone (rice field)
2,Pekalongan,06_batang01_sambong,Drone (rice field)
2,Pekalongan,06_batang01_sambong,Drone (rice field)
2,Pekalongan,06_batang01_sambong,Drone (rice field)
2,Pekalongan,06_batang01_sambong,Drone (rice field)
2,Pekalongan,10_batang05_klidangwetan,Drone (rice field)
2,Pekalongan,08_batang03_tegalsari,Drone (rice field)
2,Pekalongan,06_batang01_sambong,Drone (rice field)
1,Pekalongan,07_batang02_sambong02,Drone (rice field)
2,Pekalongan,08_batang03_tegalsari,Drone (rice field)
2,Pekalongan,07_batang02_sambong02,Drone (rice field)
2,Pekalongan,08_batang03_tegalsari,Drone (rice field)
2,Pekalongan,10_batang05_klidangwetan,Drone (rice field)
2,Pekalongan,06_batang01_sambong,Drone (rice field)
2,Pekalongan,10_batang05_klidangwetan,Drone (rice field)
2,Pekalongan,06_batang01_sambong,Drone (rice field)
2,Pekalongan,06_batang01_sambong,Drone (rice field)
2,Pekalongan,10_batang05_klidangwetan,Drone (rice field)
6,Pekalongan,07_batang02_sambong02,Drone (rice field)
2,Pekalongan,10_batang05_klidangwetan,Drone (rice field)
2,Pekalongan,06_batang01_sambong,Drone (rice field)
2,Pekalongan,06_batang01_sambong,Drone (rice field)
2,Pekalongan,06_batang01_sambong,Drone (rice field)
2,Pekalongan,10_batang05_klidangwetan,Drone (rice field)
2,Pekalongan,10_batang05_klidangwetan,Drone (rice field)
2,Pekalongan,10_batang05_klidangwetan,Drone (rice field)
2,Pekalongan,08_batang03_tegalsari,Drone (rice field)
6,Pekalongan,07_batang02_sambong02,Drone (rice field)
2,Pekalongan,06_batang01_sambong,Drone (rice field)
2,Pekalongan,06_batang01_sambong,Drone (rice field)
2,Pekalongan,06_batang01_sambong,Drone (rice field)
2,Pekalongan,08_batang03_tegalsari,Drone (rice field)
2,Pekalongan,10_batang05_klidangwetan,Drone (rice field)
2,Pekalongan,10_batang05_klidangwetan,Drone (rice field)
2,Pekalongan,06_batang01_sambong,Drone (rice field)
2,Pekalongan,06_batang01_sambong,Drone (rice field)
2,Pekalongan,06_batang01_sambong,Drone (rice field)
1,Pekalongan,10_batang05_klidangwetan,Drone (rice field)
1,Pekalongan,08_batang03_tegalsari,Drone (rice field)
1,Pekalongan,10_batang05_klidangwetan,Drone (rice field)
2,Pekalongan,06_batang01_sambong,Drone (rice field)
2,Pekalongan,08_batang03_tegalsari,Drone (rice field)
2,Pekalongan,06_batang01_sambong,Drone (rice field)
2,Pekalongan,06_batang01_sambong,Drone (rice field)
2,Pekalongan,10_batang05_klidangwetan,Drone (rice field)
2,Pekalongan,09_batang04_tegalsari02,Drone (rice field)
2,Pekalongan,09_batang04_tegalsari02,Drone (rice field)
2,Pekalongan,09_batang04_tegalsari02,Drone (rice field)
1,Pekalongan,10_batang05_klidangwetan,Drone (rice field)
2,Pekalongan,06_batang01_sambong,Drone (rice field)
2,Pekalongan,08_batang03_tegalsari,Drone (rice field)
2,Pekalongan,08_batang03_tegalsari,Drone (rice field)
2,Pekalongan,10_batang05_klidangwetan,Drone (rice field)
2,Pekalongan,10_batang05_klidangwetan,Drone (rice field)
2,Pekalongan,10_batang05_klidangwetan,Drone (rice field)
2,Pekalongan,06_batang01_sambong,Drone (rice field)
2,Pekalongan,09_batang04_tegalsari02,Drone (rice field)
2,Pekalongan,08_batang03_tegalsari,Drone (rice field)
1,Pekalongan,08_batang03_tegalsari,Drone (rice field)
1,Pekalongan,10_batang05_klidangwetan,Drone (rice field)
1,Pekalongan,07_batang02_sambong02,Drone (rice field)
2,Pekalongan,10_batang05_klidangwetan,Drone (rice field)
2,Pekalongan,10_batang05_klidangwetan,Drone (rice field)
1,Pekalongan,10_batang05_klidangwetan,Drone (rice field)
2,Pekalongan,10_batang05_klidangwetan,Drone (rice field)
2,Pekalongan,08_batang03_tegalsari,Drone (rice field)
2,Pekalongan,07_batang02_sambong02,Drone (rice field)
1,Pekalongan,07_batang02_sambong02,Drone (rice field)
1,Pekalongan,08_batang03_tegalsari,Drone (rice field)
2,Pekalongan,06_batang01_sambong,Drone (rice field)
2,Pekalongan,08_batang03_tegalsari,Drone (rice field)
2,Pekalongan,08_batang03_tegalsari,Drone (rice field)
2,Pekalongan,10_batang05_klidangwetan,Drone (rice field)
1,Pekalongan,10_batang05_klidangwetan,Drone (rice field)
2,Pekalongan,06_batang01_sambong,Drone (rice field)
2,Pekalongan,08_batang03_tegalsari,Drone (rice field)
2,Pekalongan,10_batang05_klidangwetan,Drone (rice field)
2,Pekalongan,08_batang03_tegalsari,Drone (rice field)
1,Pekalongan,10_batang05_klidangwetan,Drone (rice field)
2,Pekalongan,08_batang03_tegalsari,Drone (rice field)
2,Pekalongan,08_batang03_tegalsari,Drone (rice field)
1,Pekalongan,10_batang05_klidangwetan,Drone (rice field)
2,Pekalongan,08_batang03_tegalsari,Drone (rice field)
1,Pekalongan,07_batang02_sambong02,Drone (rice field)
2,Pekalongan,10_batang05_klidangwetan,Drone (rice field)
2,Pekalongan,06_batang01_sambong,Drone (rice field)
2,Pekalongan,08_batang03_tegalsari,Drone (rice field)
2,Pekalongan,10_batang05_klidangwetan,Drone (rice field)
2,Pekalongan,08_batang03_tegalsari,Drone (rice field)
2,Pekalongan,08_batang03_tegalsari,Drone (rice field)
2,Pekalongan,06_batang01_sambong,Drone (rice field)
1,Pekalongan,08_batang03_tegalsari,Drone (rice field)
2,Pekalongan,08_batang03_tegalsari,Drone (rice field)
2,Pekalongan,10_batang05_klidangwetan,Drone (rice field)
2,Pekalongan,10_batang05_klidangwetan,Drone (rice field)
2,Pekalongan,10_batang05_klidangwetan,Drone (rice field)
2,Pekalongan,08_batang03_tegalsari,Drone (rice field)
6,Pekalongan,07_batang02_sambong02,Drone (rice field)
6,Pekalongan,07_batang02_sambong02,Drone (rice field)
2,Pekalongan,08_batang03_tegalsari,Drone (rice field)
2,Pekalongan,06_batang01_sambong,Drone (rice field)
1,Pekalongan,10_batang05_klidangwetan,Drone (rice field)
2,Pekalongan,10_batang05_klidangwetan,Drone (rice field)
6,Pekalongan,07_batang02_sambong02,Drone (rice field)
2,Pekalongan,10_batang05_klidangwetan,Drone (rice field)
2,Pekalongan,08_batang03_tegalsari,Drone (rice field)
2,Pekalongan,10_batang05_klidangwetan,Drone (rice field)
2,Pekalongan,10_batang05_klidangwetan,Drone (rice field)
2,Pekalongan,07_batang02_sambong02,Drone (rice field)
2,Pekalongan,08_batang03_tegalsari,Drone (rice field)
2,Pekalongan,10_batang05_klidangwetan,Drone (rice field)
2,Pekalongan,10_batang05_klidangwetan,Drone (rice field)
2,Pekalongan,10_batang05_klidangwetan,Drone (rice field)
2,Pekalongan,10_batang05_klidangwetan,Drone (rice field)
2,Pekalongan,06_batang01_sambong,Drone (rice field)
2,Pekalongan,10_batang05_klidangwetan,Drone (rice field)
1,Pekalongan,10_batang05_klidangwetan,Drone (rice field)
2,Pekalongan,10_batang05_klidangwetan,Drone (rice field)
1,Pekalongan,07_batang02_sambong02,Drone (rice field)
2,Pekalongan,07_batang02_sambong02,Drone (rice field)
2,Pekalongan,08_batang03_tegalsari,Drone (rice field)
6,Pekalongan,07_batang02_sambong02,Drone (rice field)
1,Pekalongan,07_batang02_sambong02,Drone (rice field)
2,Pekalongan,06_batang01_sambong,Drone (rice field)
2,Pekalongan,10_batang05_klidangwetan,Drone (rice field)
2,Pekalongan,10_batang05_klidangwetan,Drone (rice field)
1,Pekalongan,07_batang02_sambong02,Drone (rice field)
1,Pekalongan,10_batang05_klidangwetan,Drone (rice field)
1,Pekalongan,07_batang02_sambong02,Drone (rice field)
2,Pekalongan,06_batang01_sambong,Drone (rice field)
2,Pekalongan,08_batang03_tegalsari,Drone (rice field)
2,Pekalongan,10_batang05_klidangwetan,Drone (rice field)
2,Pekalongan,07_batang02_sambong02,Drone (rice field)
6,Pekalongan,07_batang02_sambong02,Drone (rice field)
1,Pekalongan,07_batang02_sambong02,Drone (rice field)
1,Pekalongan,08_batang03_tegalsari,Drone (rice field)
1,Pekalongan,07_batang02_sambong02,Drone (rice field)
1,Pekalongan,07_batang02_sambong02,Drone (rice field)
1,Pekalongan,08_batang03_tegalsari,Drone (rice field)
1,Pekalongan,07_batang02_sambong02,Drone (rice field)
2,Pekalongan,10_batang05_klidangwetan,Drone (rice field)
2,Pekalongan,10_batang05_klidangwetan,Drone (rice field)
2,Pekalongan,10_batang05_klidangwetan,Drone (rice field)
2,Pekalongan,10_batang05_klidangwetan,Drone (rice field)
2,Pekalongan,06_batang01_sambong,Drone (rice field)
2,Pekalongan,10_batang05_klidangwetan,Drone (rice field)
2,Pekalongan,10_batang05_klidangwetan,Drone (rice field)
6,Pekalongan,07_batang02_sambong02,Drone (rice field)
1,Pekalongan,07_batang02_sambong02,Drone (rice field)
1,Pekalongan,08_batang03_tegalsari,Drone (rice field)
6,Pekalongan,07_batang02_sambong02,Drone (rice field)
2,Pekalongan,07_batang02_sambong02,Drone (rice field)
2,Pekalongan,07_batang02_sambong02,Drone (rice field)
6,Pekalongan,07_batang02_sambong02,Drone (rice field)
2,Pekalongan,07_batang02_sambong02,Drone (rice field)
1,Pekalongan,07_batang02_sambong02,Drone (rice field)
6,Pekalongan,07_batang02_sambong02,Drone (rice field)
6,Pekalongan,07_batang02_sambong02,Drone (rice field)
2,Pekalongan,10_batang05_klidangwetan,Drone (rice field)
1,Pekalongan,07_batang02_sambong02,Drone (rice field)
6,Pekalongan,07_batang02_sambong02,Drone (rice field)
6,Pekalongan,07_batang02_sambong02,Drone (rice field)
1,Pekalongan,07_batang02_sambong02,Drone (rice field)
2,Pekalongan,07_batang02_sambong02,Drone (rice field)
6,Pekalongan,07_batang02_sambong02,Drone (rice field)
2,Pekalongan,10_batang05_klidangwetan,Drone (rice field)
6,Pekalongan,07_batang02_sambong02,Drone (rice field)
2,Pekalongan,10_batang05_klidangwetan,Drone (rice field)
2,Pekalongan,10_batang05_klidangwetan,Drone (rice field)
2,Pekalongan,07_batang02_sambong02,Drone (rice field)
6,Pekalongan,07_batang02_sambong02,Drone (rice field)
6,Pekalongan,07_batang02_sambong02,Drone (rice field)
1,Pekalongan,07_batang02_sambong02,Drone (rice field)
2,Pekalongan,07_batang02_sambong02,Drone (rice field)
2,Pekalongan,08_batang03_tegalsari,Drone (rice field)
6,Pekalongan,07_batang02_sambong02,Drone (rice field)
2,Pekalongan,07_batang02_sambong02,Drone (rice field)
2,Pekalongan,07_batang02_sambong02,Drone (rice field)
2,Pekalongan,07_batang02_sambong02,Drone (rice field)
6,Pekalongan,07_batang02_sambong02,Drone (rice field)
1,Pekalongan,07_batang02_sambong02,Drone (rice field)
2,Pekalongan,10_batang05_klidangwetan,Drone (rice field)
6,Pekalongan,07_batang02_sambong02,Drone (rice field)
6,Pekalongan,07_batang02_sambong02,Drone (rice field)
6,Pekalongan,07_batang02_sambong02,Drone (rice field)
2,Semarang_Demak,,Drone (rice field)
1,Pekalongan,08_Kendal04_Ketapang,Drone (rice field)
1,Pekalongan,05_Kendal01_Dempelrejo,Drone (rice field)
1,Pekalongan,05_Kendal01_Dempelrejo,Drone (rice field)
1,Pekalongan,05_Kendal01_Dempelrejo,Drone (rice field)
1,Pekalongan,05_Kendal01_Dempelrejo,Drone (rice field)
6,Pekalongan,08_Kendal04_Ketapang,Drone (rice field)
1,Pekalongan,08_Kendal04_Ketapang,Drone (rice field)
6,Pekalongan,08_Kendal04_Ketapang,Drone (rice field)
1,Pekalongan,05_Kendal01_Dempelrejo,Drone (rice field)
6,Pekalongan,08_Kendal04_Ketapang,Drone (rice field)
1,Pekalongan,05_Kendal01_Dempelrejo,Drone (rice field)
1,Pekalongan,08_Kendal04_Ketapang,Drone (rice field)
1,Pekalongan,05_Kendal01_Dempelrejo,Drone (rice field)
6,Pekalongan,08_Kendal04_Ketapang,Drone (rice field)
1,Pekalongan,08_Kendal04_Ketapang,Drone (rice field)
1,Pekalongan,08_Kendal04_Ketapang,Drone (rice field)
6,Pekalongan,08_Kendal04_Ketapang,Drone (rice field)
6,Pekalongan,08_Kendal04_Ketapang,Drone (rice field)
1,Pekalongan,05_Kendal01_Dempelrejo,Drone (rice field)
1,Pekalongan,05_Kendal01_Dempelrejo,Drone (rice field)
1,Pekalongan,05_Kendal01_Dempelrejo,Drone (rice field)
1,Pekalongan,05_Kendal01_Dempelrejo,Drone (rice field)
1,Pekalongan,08_Kendal04_Ketapang,Drone (rice field)
1,Pekalongan,05_Kendal01_Dempelrejo,Drone (rice field)
1,Pekalongan,05_Kendal01_Dempelrejo,Drone (rice field)
1,Pekalongan,05_Kendal01_Dempelrejo,Drone (rice field)
6,Pekalongan,08_Kendal04_Ketapang,Drone (rice field)
1,Pekalongan,05_Kendal01_Dempelrejo,Drone (rice field)
1,Pekalongan,05_Kendal01_Dempelrejo,Drone (rice field)
6,Pekalongan,08_Kendal04_Ketapang,Drone (rice field)
1,Pekalongan,05_Kendal01_Dempelrejo,Drone (rice field)
6,Pekalongan,08_Kendal04_Ketapang,Drone (rice field)
6,Pekalongan,08_Kendal04_Ketapang,Drone (rice field)
6,Pekalongan,08_Kendal04_Ketapang,Drone (rice field)
1,Pekalongan,05_Kendal01_Dempelrejo,Drone (rice field)
6,Pekalongan,08_Kendal04_Ketapang,Drone (rice field)
1,Pekalongan,05_Kendal01_Dempelrejo,Drone (rice field)
1,Pekalongan,05_Kendal01_Dempelrejo,Drone (rice field)
1,Pekalongan,05_Kendal01_Dempelrejo,Drone (rice field)
6,Pekalongan,08_Kendal04_Ketapang,Drone (rice field)
6,Pekalongan,08_Kendal04_Ketapang,Drone (rice field)
1,Pekalongan,05_Kendal01_Dempelrejo,Drone (rice field)
6,Pekalongan,08_Kendal04_Ketapang,Drone (rice field)
1,Pekalongan,05_Kendal01_Dempelrejo,Drone (rice field)
1,Pekalongan,05_Kendal01_Dempelrejo,Drone (rice field)
1,Pekalongan,08_Kendal04_Ketapang,Drone (rice field)
1,Pekalongan,05_Kendal01_Dempelrejo,Drone (rice field)
6,Pekalongan,08_Kendal04_Ketapang,Drone (rice field)
1,Pekalongan,08_Kendal04_Ketapang,Drone (rice field)
1,Pekalongan,05_Kendal01_Dempelrejo,Drone (rice field)
6,Pekalongan,08_Kendal04_Ketapang,Drone (rice field)
6,Pekalongan,08_Kendal04_Ketapang,Drone (rice field)
6,Pekalongan,08_Kendal04_Ketapang,Drone (rice field)
6,Pekalongan,08_Kendal04_Ketapang,Drone (rice field)
1,Pekalongan,05_Kendal01_Dempelrejo,Drone (rice field)
1,Pekalongan,05_Kendal01_Dempelrejo,Drone (rice field)
1,Pekalongan,05_Kendal01_Dempelrejo,Drone (rice field)
1,Pekalongan,05_Kendal01_Dempelrejo,Drone (rice field)
1,Pekalongan,05_Kendal01_Dempelrejo,Drone (rice field)
1,Pekalongan,05_Kendal01_Dempelrejo,Drone (rice field)
1,Pekalongan,05_Kendal01_Dempelrejo,Drone (rice field)
1,Pekalongan,05_Kendal01_Dempelrejo,Drone (rice field)
6,Pekalongan,08_Kendal04_Ketapang,Drone (rice field)
1,Pekalongan,05_Kendal01_Dempelrejo,Drone (rice field)
1,Pekalongan,05_Kendal01_Dempelrejo,Drone (rice field)
6,Pekalongan,08_Kendal04_Ketapang,Drone (rice field)
1,Pekalongan,05_Kendal01_Dempelrejo,Drone (rice field)
1,Pekalongan,05_Kendal01_Dempelrejo,Drone (rice field)
1,Pekalongan,08_Kendal04_Ketapang,Drone (rice field)
1,Pekalongan,05_Kendal01_Dempelrejo,Drone (rice field)
1,Pekalongan,05_Kendal01_Dempelrejo,Drone (rice field)
6,Pekalongan,08_Kendal04_Ketapang,Drone (rice field)
1,Pekalongan,05_Kendal01_Dempelrejo,Drone (rice field)
6,Pekalongan,08_Kendal04_Ketapang,Drone (rice field)
1,Pekalongan,05_Kendal01_Dempelrejo,Drone (rice field)
1,Pekalongan,08_Kendal04_Ketapang,Drone (rice field)
2,Pekalongan,05_Kendal01_Dempelrejo,Drone (rice field)
6,Pekalongan,08_Kendal04_Ketapang,Drone (rice field)
1,Pekalongan,05_Kendal01_Dempelrejo,Drone (rice field)
1,Pekalongan,05_Kendal01_Dempelrejo,Drone (rice field)
1,Pekalongan,05_Kendal01_Dempelrejo,Drone (rice field)
6,Pekalongan,08_Kendal04_Ketapang,Drone (rice field)
1,Pekalongan,05_Kendal01_Dempelrejo,Drone (rice field)
1,Pekalongan,05_Kendal01_Dempelrejo,Drone (rice field)
1,Pekalongan,05_Kendal01_Dempelrejo,Drone (rice field)
1,Pekalongan,05_Kendal01_Dempelrejo,Drone (rice field)
1,Pekalongan,05_Kendal01_Dempelrejo,Drone (rice field)
6,Pekalongan,08_Kendal04_Ketapang,Drone (rice field)
1,Pekalongan,05_Kendal01_Dempelrejo,Drone (rice field)
1,Pekalongan,05_Kendal01_Dempelrejo,Drone (rice field)
1,Pekalongan,05_Kendal01_Dempelrejo,Drone (rice field)
1,Pekalongan,05_Kendal01_Dempelrejo,Drone (rice field)
1,Pekalongan,05_Kendal01_Dempelrejo,Drone (rice field)
1,Pekalongan,05_Kendal01_Dempelrejo,Drone (rice field)
1,Pekalongan,05_Kendal01_Dempelrejo,Drone (rice field)
6,Pekalongan,08_Kendal04_Ketapang,Drone (rice field)
1,Pekalongan,05_Kendal01_Dempelrejo,Drone (rice field)
6,Pekalongan,08_Kendal04_Ketapang,Drone (rice field)
1,Pekalongan,05_Kendal01_Dempelrejo,Drone (rice field)
1,Pekalongan,05_Kendal01_Dempelrejo,Drone (rice field)
1,Pekalongan,05_Kendal01_Dempelrejo,Drone (rice field)
1,Pekalongan,05_Kendal01_Dempelrejo,Drone (rice field)
1,Pekalongan,05_Kendal01_Dempelrejo,Drone (rice field)
1,Pekalongan,05_Kendal01_Dempelrejo,Drone (rice field)
1,Pekalongan,05_Kendal01_Dempelrejo,Drone (rice field)
6,Pekalongan,08_Kendal04_Ketapang,Drone (rice field)
1,Pekalongan,05_Kendal01_Dempelrejo,Drone (rice field)
1,Pekalongan,05_Kendal01_Dempelrejo,Drone (rice field)
1,Pekalongan,05_Kendal01_Dempelrejo,Drone (rice field)
1,Pekalongan,05_Kendal01_Dempelrejo,Drone (rice field)
1,Pekalongan,05_Kendal01_Dempelrejo,Drone (rice field)
1,Pekalongan,05_Kendal01_Dempelrejo,Drone (rice field)
1,Pekalongan,05_Kendal01_Dempelrejo,Drone (rice field)
1,Pekalongan,05_Kendal01_Dempelrejo,Drone (rice field)
1,Pekalongan,05_Kendal01_Dempelrejo,Drone (rice field)
1,Pekalongan,05_Kendal01_Dempelrejo,Drone (rice field)
1,Pekalongan,05_Kendal01_Dempelrejo,Drone (rice field)
1,Pekalongan,05_Kendal01_Dempelrejo,Drone (rice field)
1,Pekalongan,05_Kendal01_Dempelrejo,Drone (rice field)
1,Pekalongan,05_Kendal01_Dempelrejo,Drone (rice field)
1,Pekalongan,05_Kendal01_Dempelrejo,Drone (rice field)
1,Pekalongan,05_Kendal01_Dempelrejo,Drone (rice field)
1,Pekalongan,05_Kendal01_Dempelrejo,Drone (rice field)
1,Pekalongan,05_Kendal01_Dempelrejo,Drone (rice field)
1,Pekalongan,05_Kendal01_Dempelrejo,Drone (rice field)
1,Pekalongan,05_Kendal01_Dempelrejo,Drone (rice field)
6,Pekalongan,08_Kendal04_Ketapang,Drone (rice field)
1,Pekalongan,05_Kendal01_Dempelrejo,Drone (rice field)
1,Pekalongan,05_Kendal01_Dempelrejo,Drone (rice field)
1,Pekalongan,05_Kendal01_Dempelrejo,Drone (rice field)
1,Pekalongan,05_Kendal01_Dempelrejo,Drone (rice field)
1,Pekalongan,05_Kendal01_Dempelrejo,Drone (rice field)
1,Pekalongan,08_Kendal04_Ketapang,Drone (rice field)
6,Pekalongan,08_Kendal04_Ketapang,Drone (rice field)
1,Pekalongan,05_Kendal01_Dempelrejo,Drone (rice field)
1,Pekalongan,05_Kendal01_Dempelrejo,Drone (rice field)
1,Pekalongan,05_Kendal01_Dempelrejo,Drone (rice field)
1,Pekalongan,05_Kendal01_Dempelrejo,Drone (rice field)
1,Pekalongan,05_Kendal01_Dempelrejo,Drone (rice field)
1,Pekalongan,05_Kendal01_Dempelrejo,Drone (rice field)
1,Pekalongan,05_Kendal01_Dempelrejo,Drone (rice field)
1,Pekalongan,05_Kendal01_Dempelrejo,Drone (rice field)
1,Pekalongan,05_Kendal01_Dempelrejo,Drone (rice field)
1,Pekalongan,05_Kendal01_Dempelrejo,Drone (rice field)
1,Pekalongan,05_Kendal01_Dempelrejo,Drone (rice field)
1,Pekalongan,05_Kendal01_Dempelrejo,Drone (rice field)
2,Pekalongan,05_Kendal01_Dempelrejo,Drone (rice field)
1,Pekalongan,08_Kendal04_Ketapang,Drone (rice field)
6,Pekalongan,08_Kendal04_Ketapang,Drone (rice field)
1,Pekalongan,05_Kendal01_Dempelrejo,Drone (rice field)
1,Pekalongan,05_Kendal01_Dempelrejo,Drone (rice field)
1,Pekalongan,05_Kendal01_Dempelrejo,Drone (rice field)
6,Pekalongan,08_Kendal04_Ketapang,Drone (rice field)
1,Pekalongan,05_Kendal01_Dempelrejo,Drone (rice field)
1,Pekalongan,05_Kendal01_Dempelrejo,Drone (rice field)
1,Pekalongan,05_Kendal01_Dempelrejo,Drone (rice field)
1,Pekalongan,05_Kendal01_Dempelrejo,Drone (rice field)
6,Pekalongan,08_Kendal04_Ketapang,Drone (rice field)
1,Pekalongan,05_Kendal01_Dempelrejo,Drone (rice field)
1,Pekalongan,05_Kendal01_Dempelrejo,Drone (rice field)
6,Pekalongan,08_Kendal04_Ketapang,Drone (rice field)
6,Pekalongan,08_Kendal04_Ketapang,Drone (rice field)
1,Pekalongan,05_Kendal01_Dempelrejo,Drone (rice field)
1,Pekalongan,05_Kendal01_Dempelrejo,Drone (rice field)
1,Pekalongan,05_Kendal01_Dempelrejo,Drone (rice field)
1,Pekalongan,05_Kendal01_Dempelrejo,Drone (rice field)
1,Pekalongan,05_Kendal01_Dempelrejo,Drone (rice field)
1,Pekalongan,05_Kendal01_Dempelrejo,Drone (rice field)
1,Pekalongan,08_Kendal04_Ketapang,Drone (rice field)
1,Pekalongan,05_Kendal01_Dempelrejo,Drone (rice field)
1,Pekalongan,08_Kendal04_Ketapang,Drone (rice field)
6,Pekalongan,08_Kendal04_Ketapang,Drone (rice field)
1,Pekalongan,05_Kendal01_Dempelrejo,Drone (rice field)
1,Pekalongan,05_Kendal01_Dempelrejo,Drone (rice field)
1,Pekalongan,05_Kendal01_Dempelrejo,Drone (rice field)
1,Pekalongan,05_Kendal01_Dempelrejo,Drone (rice field)
1,Pekalongan,05_Kendal01_Dempelrejo,Drone (rice field)
6,Pekalongan,08_Kendal04_Ketapang,Drone (rice field)
1,Pekalongan,05_Kendal01_Dempelrejo,Drone (rice field)
6,Pekalongan,08_Kendal04_Ketapang,Drone (rice field)
1,Pekalongan,05_Kendal01_Dempelrejo,Drone (rice field)
1,Pekalongan,05_Kendal01_Dempelrejo,Drone (rice field)
1,Pekalongan,05_Kendal01_Dempelrejo,Drone (rice field)
1,Pekalongan,05_Kendal01_Dempelrejo,Drone (rice field)
6,Pekalongan,08_Kendal04_Ketapang,Drone (rice field)
1,Pekalongan,05_Kendal01_Dempelrejo,Drone (rice field)
6,Pekalongan,08_Kendal04_Ketapang,Drone (rice field)
1,Pekalongan,08_Kendal04_Ketapang,Drone (rice field)
1,Pekalongan,05_Kendal01_Dempelrejo,Drone (rice field)
6,Pekalongan,08_Kendal04_Ketapang,Drone (rice field)
1,Pekalongan,05_Kendal01_Dempelrejo,Drone (rice field)
1,Pekalongan,05_Kendal01_Dempelrejo,Drone (rice field)
1,Pekalongan,05_Kendal01_Dempelrejo,Drone (rice field)
6,Pekalongan,08_Kendal04_Ketapang,Drone (rice field)
1,Pekalongan,05_Kendal01_Dempelrejo,Drone (rice field)
1,Pekalongan,08_Kendal04_Ketapang,Drone (rice field)
1,Pekalongan,05_Kendal01_Dempelrejo,Drone (rice field)
1,Pekalongan,05_Kendal01_Dempelrejo,Drone (rice field)
1,Pekalongan,05_Kendal01_Dempelrejo,Drone (rice field)
1,Pekalongan,05_Kendal01_Dempelrejo,Drone (rice field)
1,Pekalongan,05_Kendal01_Dempelrejo,Drone (rice field)
1,Pekalongan,05_Kendal01_Dempelrejo,Drone (rice field)
1,Pekalongan,05_Kendal01_Dempelrejo,Drone (rice field)
1,Pekalongan,05_Kendal01_Dempelrejo,Drone (rice field)
1,Pekalongan,05_Kendal01_Dempelrejo,Drone (rice field)
1,Pekalongan,05_Kendal01_Dempelrejo,Drone (rice field)
1,Pekalongan,05_Kendal01_Dempelrejo,Drone (rice field)
6,Pekalongan,08_Kendal04_Ketapang,Drone (rice field)
6,Pekalongan,08_Kendal04_Ketapang,Drone (rice field)
6,Pekalongan,08_Kendal04_Ketapang,Drone (rice field)
1,Pekalongan,08_Kendal04_Ketapang,Drone (rice field)
6,Pekalongan,08_Kendal04_Ketapang,Drone (rice field)
1,Pekalongan,05_Kendal01_Dempelrejo,Drone (rice field)
1,Pekalongan,05_Kendal01_Dempelrejo,Drone (rice field)
1,Pekalongan,05_Kendal01_Dempelrejo,Drone (rice field)
1,Pekalongan,05_Kendal01_Dempelrejo,Drone (rice field)
1,Pekalongan,05_Kendal01_Dempelrejo,Drone (rice field)
1,Pekalongan,05_Kendal01_Dempelrejo,Drone (rice field)
1,Pekalongan,05_Kendal01_Dempelrejo,Drone (rice field)
1,Pekalongan,05_Kendal01_Dempelrejo,Drone (rice field)
1,Pekalongan,05_Kendal01_Dempelrejo,Drone (rice field)
6,Pekalongan,08_Kendal04_Ketapang,Drone (rice field)
1,Pekalongan,05_Kendal01_Dempelrejo,Drone (rice field)
6,Pekalongan,08_Kendal04_Ketapang,Drone (rice field)
1,Pekalongan,05_Kendal01_Dempelrejo,Drone (rice field)
1,Pekalongan,05_Kendal01_Dempelrejo,Drone (rice field)
1,Pekalongan,05_Kendal01_Dempelrejo,Drone (rice field)
1,Pekalongan,08_Kendal04_Ketapang,Drone (rice field)
1,Pekalongan,05_Kendal01_Dempelrejo,Drone (rice field)
1,Pekalongan,05_Kendal01_Dempelrejo,Drone (rice field)
1,Pekalongan,05_Kendal01_Dempelrejo,Drone (rice field)
1,Pekalongan,05_Kendal01_Dempelrejo,Drone (rice field)
1,Pekalongan,05_Kendal01_Dempelrejo,Drone (rice field)
1,Pekalongan,08_Kendal04_Ketapang,Drone (rice field)
1,Pekalongan,05_Kendal01_Dempelrejo,Drone (rice field)
2,Pekalongan,05_Kendal01_Dempelrejo,Drone (rice field)
1,Pekalongan,05_Kendal01_Dempelrejo,Drone (rice field)
1,Pekalongan,05_Kendal01_Dempelrejo,Drone (rice field)
1,Pekalongan,05_Kendal01_Dempelrejo,Drone (rice field)
1,Pekalongan,05_Kendal01_Dempelrejo,Drone (rice field)
1,Pekalongan,05_Kendal01_Dempelrejo,Drone (rice field)
1,Pekalongan,05_Kendal01_Dempelrejo,Drone (rice field)
6,Pekalongan,08_Kendal04_Ketapang,Drone (rice field)
6,Pekalongan,08_Kendal04_Ketapang,Drone (rice field)
1,Pekalongan,05_Kendal01_Dempelrejo,Drone (rice field)
1,Pekalongan,05_Kendal01_Dempelrejo,Drone (rice field)
1,Pekalongan,05_Kendal01_Dempelrejo,Drone (rice field)
1,Pekalongan,05_Kendal01_Dempelrejo,Drone (rice field)
1,Pekalongan,05_Kendal01_Dempelrejo,Drone (rice field)
2,Pekalongan,05_Kendal01_Dempelrejo,Drone (rice field)
1,Pekalongan,05_Kendal01_Dempelrejo,Drone (rice field)
1,Pekalongan,05_Kendal01_Dempelrejo,Drone (rice field)
1,Pekalongan,05_Kendal01_Dempelrejo,Drone (rice field)
1,Pekalongan,05_Kendal01_Dempelrejo,Drone (rice field)
1,Pekalongan,05_Kendal01_Dempelrejo,Drone (rice field)
1,Pekalongan,05_Kendal01_Dempelrejo,Drone (rice field)
1,Pekalongan,05_Kendal01_Dempelrejo,Drone (rice field)
6,Pekalongan,08_Kendal04_Ketapang,Drone (rice field)
1,Pekalongan,05_Kendal01_Dempelrejo,Drone (rice field)
1,Pekalongan,05_Kendal01_Dempelrejo,Drone (rice field)
1,Pekalongan,05_Kendal01_Dempelrejo,Drone (rice field)
1,Pekalongan,05_Kendal01_Dempelrejo,Drone (rice field)
6,Pekalongan,08_Kendal04_Ketapang,Drone (rice field)
6,Pekalongan,08_Kendal04_Ketapang,Drone (rice field)
1,Pekalongan,05_Kendal01_Dempelrejo,Drone (rice field)
6,Pekalongan,08_Kendal04_Ketapang,Drone (rice field)
6,Pekalongan,08_Kendal04_Ketapang,Drone (rice field)
6,Pekalongan,08_Kendal04_Ketapang,Drone (rice field)
1,Pekalongan,05_Kendal01_Dempelrejo,Drone (rice field)
6,Pekalongan,08_Kendal04_Ketapang,Drone (rice field)
1,Pekalongan,05_Kendal01_Dempelrejo,Drone (rice field)
1,Pekalongan,05_Kendal01_Dempelrejo,Drone (rice field)
1,Pekalongan,05_Kendal01_Dempelrejo,Drone (rice field)
1,Pekalongan,05_Kendal01_Dempelrejo,Drone (rice field)
6,Pekalongan,08_Kendal04_Ketapang,Drone (rice field)
6,Pekalongan,08_Kendal04_Ketapang,Drone (rice field)
6,Pekalongan,08_Kendal04_Ketapang,Drone (rice field)
1,Pekalongan,05_Kendal01_Dempelrejo,Drone (rice field)
6,Pekalongan,08_Kendal04_Ketapang,Drone (rice field)
6,Pekalongan,08_Kendal04_Ketapang,Drone (rice field)
6,Pekalongan,08_Kendal04_Ketapang,Drone (rice field)
6,Pekalongan,08_Kendal04_Ketapang,Drone (rice field)
6,Pekalongan,08_Kendal04_Ketapang,Drone (rice field)
1,Semarang_Demak,Bangunjiwo,Drone (50x50)
2,Semarang_Demak,Bangunjiwo,Drone (50x50)
1,Semarang_Demak,Bangunjiwo,Drone (50x50)
1,Semarang_Demak,Bangunjiwo,Drone (50x50)
2,Semarang_Demak,Bangunjiwo,Drone (50x50)
2,Semarang_Demak,Bangunjiwo,Drone (50x50)
1,Semarang_Demak,Bangunjiwo,Drone (50x50)
1,Semarang_Demak,Bangunjiwo,Field Survey
1,Semarang_Demak,Bangunjiwo,Drone (50x50)
1,Semarang_Demak,Bangunjiwo,Drone (50x50)
1,Semarang_Demak,Bangunjiwo,Drone (50x50)
1,Semarang_Demak,Bangunjiwo,Drone (50x50)
2,Semarang_Demak,Bangunjiwo,Drone (50x50)
1,Semarang_Demak,Bangunjiwo,Drone (50x50)
1,Semarang_Demak,Bangunjiwo,Drone (50x50)
1,Semarang_Demak,Bangunjiwo,Drone (50x50)
2,Semarang_Demak,Bangunjiwo,Drone (50x50)
1,Semarang_Demak,Bangunjiwo,Drone (50x50)
1,Semarang_Demak,Bangunjiwo,Field Survey
2,Semarang_Demak,Bangunjiwo,Drone (50x50)
1,Semarang_Demak,Bangunjiwo,Drone (50x50)
2,Semarang_Demak,Bangunjiwo,Field Survey
2,Semarang_Demak,Bangunjiwo,Drone (50x50)
1,Semarang_Demak,Bangunjiwo,Field Survey
2,Semarang_Demak,Bangunjiwo,Drone (50x50)
2,Semarang_Demak,Bangunjiwo,Drone (50x50)
1,Semarang_Demak,Bangunjiwo,Drone (50x50)
1,Semarang_Demak,Bangunjiwo,Drone (50x50)
1,Semarang_Demak,Bangunjiwo,Drone (50x50)
2,Semarang_Demak,Bangunjiwo,Drone (50x50)
1,Semarang_Demak,Bangunjiwo,Drone (50x50)
1,Semarang_Demak,Bangunjiwo,Field Survey
1,Semarang_Demak,Bangunjiwo,Drone (50x50)
1,Semarang_Demak,Bangunjiwo,Drone (50x50)
2,Semarang_Demak,Bangunjiwo,Field Survey
2,Semarang_Demak,Bangunjiwo,Drone (50x50)
1,Semarang_Demak,Bangunjiwo,Drone (50x50)
1,Semarang_Demak,Bangunjiwo,Drone (50x50)
2,Semarang_Demak,Bangunjiwo,Drone (50x50)
6,Semarang_Demak,Bangunjiwo,Drone (50x50)
1,Semarang_Demak,Bangunjiwo,Drone (50x50)
6,Semarang_Demak,Bangunjiwo,Drone (50x50)
1,Semarang_Demak,Bangunjiwo,Drone (50x50)
6,Semarang_Demak,Bangunjiwo,Drone (50x50)
1,Semarang_Demak,Bangunjiwo,Drone (50x50)
1,Semarang_Demak,Bangunjiwo,Field Survey
1,Semarang_Demak,Bangunjiwo,Drone (50x50)
6,Semarang_Demak,Bangunjiwo,Field Survey
1,Semarang_Demak,Bangunjiwo,Drone (50x50)
1,Semarang_Demak,Bangunjiwo,Drone (50x50)
6,Semarang_Demak,Bangunjiwo,Drone (50x50)
6,Semarang_Demak,Bangunjiwo,Drone (50x50)
6,Semarang_Demak,Bangunjiwo,Drone (50x50)
2,Semarang_Demak,Bangunjiwo,Drone (50x50)
6,Semarang_Demak,Bangunjiwo,Drone (50x50)
1,Semarang_Demak,Bangunjiwo,Drone (50x50)
1,Semarang_Demak,Bangunjiwo,Drone (50x50)
1,Semarang_Demak,Bangunjiwo,Drone (50x50)
6,Semarang_Demak,Bangunjiwo,Drone (50x50)
6,Semarang_Demak,Bangunjiwo,Drone (50x50)
1,Semarang_Demak,Bangunjiwo,Drone (50x50)
6,Semarang_Demak,Bangunjiwo,Drone (50x50)
2,Semarang_Demak,Bangunjiwo,Drone (50x50)
1,Semarang_Demak,Bangunjiwo,Drone (50x50)
6,Semarang_Demak,Bangunjiwo,Drone (50x50)
1,Semarang_Demak,Bangunjiwo,Drone (50x50)
6,Semarang_Demak,Bangunjiwo,Drone (50x50)
1,Semarang_Demak,Bangunjiwo,Drone (50x50)
6,Semarang_Demak,Bangunjiwo,Drone (50x50)
1,Semarang_Demak,Bangunjiwo,Drone (50x50)
1,Semarang_Demak,Bangunjiwo,Drone (50x50)
6,Semarang_Demak,Bangunjiwo,Drone (50x50)
1,Semarang_Demak,Bangunjiwo,Drone (50x50)
6,Semarang_Demak,Bangunjiwo,Field Survey
6,Semarang_Demak,Bangunjiwo,Drone (50x50)
1,Semarang_Demak,Bangunjiwo,Drone (50x50)
1,Semarang_Demak,,Drone (rice field)
6,Semarang_Demak,,Drone (rice field)
1,Pekalongan,06_Kendal02_Pesawahan,Drone (rice field)
1,Pekalongan,06_Kendal02_Pesawahan,Drone (rice field)
2,Pekalongan,06_Kendal02_Pesawahan,Drone (rice field)
2,Pekalongan,06_Kendal02_Pesawahan,Drone (rice field)
2,Pekalongan,06_Kendal02_Pesawahan,Drone (rice field)
2,Pekalongan,06_Kendal02_Pesawahan,Drone (rice field)
2,Pekalongan,06_Kendal02_Pesawahan,Drone (rice field)
6,Pekalongan,06_Kendal02_Pesawahan,Drone (rice field)
1,Pekalongan,06_Kendal02_Pesawahan,Drone (rice field)
6,Pekalongan,06_Kendal02_Pesawahan,Drone (rice field)
2,Pekalongan,06_Kendal02_Pesawahan,Drone (rice field)
2,Pekalongan,06_Kendal02_Pesawahan,Drone (rice field)
5,Pekalongan,06_Kendal02_Pesawahan,Drone (rice field)
1,Pekalongan,06_Kendal02_Pesawahan,Drone (rice field)
2,Pekalongan,06_Kendal02_Pesawahan,Drone (rice field)
2,Pekalongan,06_Kendal02_Pesawahan,Drone (rice field)
2,Pekalongan,06_Kendal02_Pesawahan,Drone (rice field)
2,Pekalongan,06_Kendal02_Pesawahan,Drone (rice field)
6,Pekalongan,06_Kendal02_Pesawahan,Drone (rice field)
2,Pekalongan,06_Kendal02_Pesawahan,Drone (rice field)
5,Pekalongan,06_Kendal02_Pesawahan,Drone (rice field)
6,Pekalongan,06_Kendal02_Pesawahan,Drone (rice field)
5,Pekalongan,06_Kendal02_Pesawahan,Drone (rice field)
5,Pekalongan,06_Kendal02_Pesawahan,Drone (rice field)
5,Pekalongan,06_Kendal02_Pesawahan,Drone (rice field)
5,Pekalongan,06_Kendal02_Pesawahan,Drone (rice field)
1,Pekalongan,06_Kendal02_Pesawahan,Drone (rice field)
5,Pekalongan,06_Kendal02_Pesawahan,Drone (rice field)
5,Pekalongan,06_Kendal02_Pesawahan,Drone (rice field)
6,Pekalongan,06_Kendal02_Pesawahan,Drone (rice field)
5,Pekalongan,06_Kendal02_Pesawahan,Drone (rice field)
2,Pekalongan,06_Kendal02_Pesawahan,Drone (rice field)
1,Pekalongan,06_Kendal02_Pesawahan,Drone (rice field)
5,Pekalongan,06_Kendal02_Pesawahan,Drone (rice field)
5,Pekalongan,06_Kendal02_Pesawahan,Drone (rice field)
5,Pekalongan,06_Kendal02_Pesawahan,Drone (rice field)
6,Pekalongan,06_Kendal02_Pesawahan,Drone (rice field)
6,Pekalongan,06_Kendal02_Pesawahan,Drone (rice field)
2,Pekalongan,06_Kendal02_Pesawahan,Drone (rice field)
6,Pekalongan,06_Kendal02_Pesawahan,Drone (rice field)
5,Pekalongan,06_Kendal02_Pesawahan,Drone (rice field)
5,Pekalongan,06_Kendal02_Pesawahan,Drone (rice field)
5,Pekalongan,06_Kendal02_Pesawahan,Drone (rice field)
2,Pekalongan,06_Kendal02_Pesawahan,Drone (rice field)
5,Pekalongan,06_Kendal02_Pesawahan,Drone (rice field)
5,Pekalongan,06_Kendal02_Pesawahan,Drone (rice field)
5,Pekalongan,06_Kendal02_Pesawahan,Drone (rice field)
2,Pekalongan,06_Kendal02_Pesawahan,Drone (rice field)
5,Pekalongan,06_Kendal02_Pesawahan,Drone (rice field)
6,Pekalongan,06_Kendal02_Pesawahan,Drone (rice field)
5,Pekalongan,06_Kendal02_Pesawahan,Drone (rice field)
6,Pekalongan,06_Kendal02_Pesawahan,Drone (rice field)
5,Pekalongan,06_Kendal02_Pesawahan,Drone (rice field)
5,Pekalongan,06_Kendal02_Pesawahan,Drone (rice field)
5,Pekalongan,06_Kendal02_Pesawahan,Drone (rice field)
2,Pekalongan,06_Kendal02_Pesawahan,Drone (rice field)
5,Pekalongan,06_Kendal02_Pesawahan,Drone (rice field)
5,Pekalongan,06_Kendal02_Pesawahan,Drone (rice field)
5,Pekalongan,06_Kendal02_Pesawahan,Drone (rice field)
2,Pekalongan,06_Kendal02_Pesawahan,Drone (rice field)
5,Pekalongan,06_Kendal02_Pesawahan,Drone (rice field)
5,Pekalongan,06_Kendal02_Pesawahan,Drone (rice field)
6,Pekalongan,06_Kendal02_Pesawahan,Drone (rice field)
5,Pekalongan,06_Kendal02_Pesawahan,Drone (rice field)
5,Pekalongan,06_Kendal02_Pesawahan,Drone (rice field)
5,Pekalongan,06_Kendal02_Pesawahan,Drone (rice field)
5,Pekalongan,06_Kendal02_Pesawahan,Drone (rice field)
5,Pekalongan,06_Kendal02_Pesawahan,Drone (rice field)
2,Pekalongan,06_Kendal02_Pesawahan,Drone (rice field)
6,Pekalongan,06_Kendal02_Pesawahan,Drone (rice field)
6,Pekalongan,06_Kendal02_Pesawahan,Drone (rice field)
5,Pekalongan,06_Kendal02_Pesawahan,Drone (rice field)
2,Pekalongan,06_Kendal02_Pesawahan,Drone (rice field)
5,Pekalongan,06_Kendal02_Pesawahan,Drone (rice field)
6,Pekalongan,06_Kendal02_Pesawahan,Drone (rice field)
5,Pekalongan,06_Kendal02_Pesawahan,Drone (rice field)
5,Pekalongan,06_Kendal02_Pesawahan,Drone (rice field)
5,Pekalongan,06_Kendal02_Pesawahan,Drone (rice field)
2,Pekalongan,06_Kendal02_Pesawahan,Drone (rice field)
5,Pekalongan,06_Kendal02_Pesawahan,Drone (rice field)
5,Pekalongan,06_Kendal02_Pesawahan,Drone (rice field)
6,Pekalongan,06_Kendal02_Pesawahan,Drone (rice field)
6,Pekalongan,06_Kendal02_Pesawahan,Drone (rice field)
6,Pekalongan,06_Kendal02_Pesawahan,Drone (rice field)
5,Pekalongan,06_Kendal02_Pesawahan,Drone (rice field)
2,Pekalongan,06_Kendal02_Pesawahan,Drone (rice field)
5,Pekalongan,06_Kendal02_Pesawahan,Drone (rice field)
2,Pekalongan,06_Kendal02_Pesawahan,Drone (rice field)
2,Pekalongan,06_Kendal02_Pesawahan,Drone (rice field)
2,Pekalongan,06_Kendal02_Pesawahan,Drone (rice field)
2,Pekalongan,06_Kendal02_Pesawahan,Drone (rice field)
5,Pekalongan,06_Kendal02_Pesawahan,Drone (rice field)
5,Pekalongan,06_Kendal02_Pesawahan,Drone (rice field)
5,Pekalongan,06_Kendal02_Pesawahan,Drone (rice field)
5,Pekalongan,06_Kendal02_Pesawahan,Drone (rice field)
5,Pekalongan,06_Kendal02_Pesawahan,Drone (rice field)
5,Pekalongan,06_Kendal02_Pesawahan,Drone (rice field)
5,Pekalongan,06_Kendal02_Pesawahan,Drone (rice field)
5,Pekalongan,06_Kendal02_Pesawahan,Drone (rice field)
5,Pekalongan,06_Kendal02_Pesawahan,Drone (rice field)
6,Pekalongan,06_Kendal02_Pesawahan,Drone (rice field)
5,Pekalongan,06_Kendal02_Pesawahan,Drone (rice field)
5,Pekalongan,06_Kendal02_Pesawahan,Drone (rice field)
5,Pekalongan,06_Kendal02_Pesawahan,Drone (rice field)
6,Pekalongan,06_Kendal02_Pesawahan,Drone (rice field)
6,Pekalongan,06_Kendal02_Pesawahan,Drone (rice field)
5,Pekalongan,06_Kendal02_Pesawahan,Drone (rice field)
6,Pekalongan,06_Kendal02_Pesawahan,Drone (rice field)
2,Pekalongan,06_Kendal02_Pesawahan,Drone (rice field)
5,Pekalongan,06_Kendal02_Pesawahan,Drone (rice field)
2,Pekalongan,06_Kendal02_Pesawahan,Drone (rice field)
5,Pekalongan,06_Kendal02_Pesawahan,Drone (rice field)
5,Pekalongan,06_Kendal02_Pesawahan,Drone (rice field)
5,Pekalongan,06_Kendal02_Pesawahan,Drone (rice field)
5,Pekalongan,06_Kendal02_Pesawahan,Drone (rice field)
2,Pekalongan,06_Kendal02_Pesawahan,Drone (rice field)
5,Pekalongan,06_Kendal02_Pesawahan,Drone (rice field)
6,Pekalongan,Sleman 1,Drone (rice field)
6,Pekalongan,Sleman 1,Drone (rice field)
6,Pekalongan,Sleman 1,Drone (rice field)
6,Pekalongan,Sleman 1,Drone (rice field)
6,Pekalongan,Sleman 1,Drone (rice field)
6,Pekalongan,Sleman 1,Drone (rice field)
6,Pekalongan,Sleman 1,Drone (rice field)
6,Pekalongan,Sleman 1,Drone (rice field)
6,Pekalongan,Sleman 1,Drone (rice field)
6,Pekalongan,Sleman 1,Drone (rice field)
6,Pekalongan,Sleman 1,Drone (rice field)
6,Pekalongan,Sleman 1,Drone (rice field)
6,Pekalongan,Sleman 1,Drone (rice field)
6,Pekalongan,Sleman 1,Drone (rice field)
6,Pekalongan,Sleman 1,Drone (rice field)
6,Pekalongan,Sleman 1,Drone (rice field)
6,Pekalongan,Sleman 1,Drone (rice field)
6,Pekalongan,Sleman 1,Drone (rice field)
6,Pekalongan,Sleman 1,Drone (rice field)
6,Pekalongan,Sleman 1,Drone (rice field)
6,Pekalongan,Sleman 1,Drone (rice field)
6,Pekalongan,Sleman 1,Drone (rice field)
6,Pekalongan,Sleman 1,Drone (rice field)
6,Pekalongan,Sleman 1,Drone (rice field)
6,Pekalongan,Sleman 1,Drone (rice field)
6,Pekalongan,Sleman 1,Drone (rice field)
6,Pekalongan,Sleman 1,Drone (rice field)
6,Pekalongan,Sleman 1,Drone (rice field)
6,Pekalongan,Sleman 1,Drone (rice field)
6,Pekalongan,Sleman 1,Drone (rice field)
6,Pekalongan,Sleman 1,Drone (rice field)
6,Pekalongan,Sleman 1,Drone (rice field)
6,Pekalongan,Sleman 1,Drone (rice field)
6,Pekalongan,Sleman 1,Drone (rice field)
6,Pekalongan,Sleman 1,Drone (rice field)
6,Pekalongan,Sleman 1,Drone (rice field)
6,Pekalongan,Sleman 1,Drone (rice field)
6,Pekalongan,Sleman 1,Drone (rice field)
6,Pekalongan,Sleman 1,Drone (rice field)
6,Pekalongan,Sleman 1,Drone (rice field)
6,Pekalongan,Sleman 1,Drone (rice field)
6,Pekalongan,Sleman 1,Drone (rice field)
6,Pekalongan,Sleman 1,Drone (rice field)
6,Pekalongan,Sleman 1,Drone (rice field)
6,Pekalongan,Sleman 1,Drone (rice field)
6,Pekalongan,Sleman 1,Drone (rice field)
6,Pekalongan,Sleman 1,Drone (rice field)
6,Pekalongan,Sleman 1,Drone (rice field)
6,Pekalongan,Sleman 1,Drone (rice field)
6,Pekalongan,Sleman 1,Drone (rice field)
6,Pekalongan,Sleman 1,Drone (rice field)
6,Pekalongan,Sleman 1,Drone (rice field)
6,Pekalongan,Sleman 1,Drone (rice field)
6,Pekalongan,Sleman 1,Drone (rice field)
6,Pekalongan,Sleman 1,Drone (rice field)
6,Pekalongan,Sleman 1,Drone (rice field)
6,Pekalongan,Sleman 1,Drone (rice field)
6,Pekalongan,Sleman 1,Drone (rice field)
6,Pekalongan,Sleman 1,Drone (rice field)
6,Pekalongan,Sleman 1,Drone (rice field)
6,Pekalongan,Sleman 1,Drone (rice field)
6,Pekalongan,Sleman 1,Drone (rice field)
6,Pekalongan,Sleman 1,Drone (rice field)
6,Pekalongan,Sleman 1,Drone (rice field)
6,Pekalongan,Sleman 1,Drone (rice field)
6,Pekalongan,Sleman 1,Drone (rice field)
6,Pekalongan,Sleman 1,Drone (rice field)
6,Pekalongan,Sleman 1,Drone (rice field)
6,Pekalongan,Sleman 1,Drone (rice field)
6,Pekalongan,Sleman 1,Drone (rice field)
6,Pekalongan,Sleman 1,Drone (rice field)
6,Pekalongan,Sleman 1,Drone (rice field)
6,Pekalongan,Sleman 1,Drone (rice field)
6,Pekalongan,Sleman 1,Drone (rice field)
6,Pekalongan,Sleman 1,Drone (rice field)
6,Pekalongan,Sleman 1,Drone (rice field)
6,Pekalongan,Sleman 1,Drone (rice field)
6,Pekalongan,Sleman 1,Drone (rice field)
6,Pekalongan,Sleman 1,Drone (rice field)
6,Pekalongan,Sleman 1,Drone (rice field)
6,Pekalongan,Sleman 1,Drone (rice field)
6,Pekalongan,Sleman 1,Drone (rice field)
6,Pekalongan,Sleman 1,Drone (rice field)
6,Pekalongan,Sleman 1,Drone (rice field)
6,Pekalongan,Sleman 1,Drone (rice field)
6,Pekalongan,Sleman 1,Drone (rice field)
6,Pekalongan,Sleman 1,Drone (rice field)
6,Pekalongan,Sleman 1,Drone (rice field)
6,Pekalongan,Sleman 1,Drone (rice field)
6,Pekalongan,Sleman 1,Drone (rice field)
6,Pekalongan,Sleman 1,Drone (rice field)
6,Pekalongan,Sleman,Drone (rice field)
6,Pekalongan,Sleman 1,Drone (rice field)
6,Pekalongan,Sleman 1,Drone (rice field)
6,Pekalongan,Sleman 1,Drone (rice field)
6,Pekalongan,Sleman 1,Drone (rice field)
6,Pekalongan,Sleman 1,Drone (rice field)
6,Pekalongan,Sleman 1,Drone (rice field)
6,Pekalongan,Sleman 1,Drone (rice field)
6,Pekalongan,Sleman 1,Drone (rice field)
6,Pekalongan,Sleman 1,Drone (rice field)
6,Pekalongan,Sleman 1,Drone (rice field)
6,Pekalongan,Sleman 1,Drone (rice field)
6,Pekalongan,Sleman 1,Drone (rice field)
6,Pekalongan,Sleman 1,Drone (rice field)
6,Pekalongan,Sleman 1,Drone (rice field)
6,Pekalongan,Sleman 1,Drone (rice field)
6,Pekalongan,Sleman 1,Drone (rice field)
6,Pekalongan,Sleman 1,Drone (rice field)
6,Pekalongan,Sleman 1,Drone (rice field)
6,Pekalongan,Sleman 1,Drone (rice field)
6,Pekalongan,Sleman 1,Drone (rice field)
6,Pekalongan,Sleman 1,Drone (rice field)
6,Pekalongan,Sleman 1,Drone (rice field)
6,Pekalongan,Sleman 1,Drone (rice field)
6,Pekalongan,Sleman 1,Drone (rice field)
6,Pekalongan,Sleman 1,Drone (rice field)
6,Pekalongan,Sleman 1,Drone (rice field)
6,Pekalongan,Sleman 1,Drone (rice field)
6,Pekalongan,Sleman 1,Drone (rice field)
6,Pekalongan,Sleman 1,Drone (rice field)
6,Pekalongan,Sleman 1,Drone (rice field)
6,Pekalongan,Sleman 1,Drone (rice field)
6,Pekalongan,Sleman 1,Drone (rice field)
6,Pekalongan,Sleman 1,Drone (rice field)
6,Pekalongan,Sleman 1,Drone (rice field)
6,Pekalongan,Sleman 1,Drone (rice field)
6,Pekalongan,Sleman 1,Drone (rice field)
6,Pekalongan,Sleman 1,Drone (rice field)
6,Pekalongan,Sleman 1,Drone (rice field)
6,Pekalongan,Sleman 1,Drone (rice field)
6,Pekalongan,Sleman 1,Drone (rice field)
6,Pekalongan,Sleman 1,Drone (rice field)
6,Pekalongan,Sleman 1,Drone (rice field)
6,Pekalongan,Sleman 1,Drone (rice field)
6,Pekalongan,Sleman 1,Drone (rice field)
6,Pekalongan,Sleman 1,Drone (rice field)
6,Pekalongan,Sleman 1,Drone (rice field)
6,Pekalongan,Sleman 1,Drone (rice field)
6,Pekalongan,Sleman 1,Drone (rice field)
6,Pekalongan,Sleman 1,Drone (rice field)
6,Pekalongan,Sleman 1,Drone (rice field)
6,Pekalongan,Sleman 1,Drone (rice field)
6,Pekalongan,Sleman 1,Drone (rice field)
6,Pekalongan,Sleman 1,Drone (rice field)
6,Pekalongan,Sleman 1,Drone (rice field)
6,Pekalongan,Sleman 1,Drone (rice field)
6,Pekalongan,Sleman 1,Drone (rice field)
6,Pekalongan,Sleman 1,Drone (rice field)
6,Semarang_Demak,24_Ungaran02_Lerep,Drone (rice field)
5,Semarang_Demak,24_Ungaran02_Lerep,Drone (rice field)
5,Semarang_Demak,24_Ungaran02_Lerep,Drone (rice field)
2,Semarang_Demak,24_Ungaran02_Lerep,Drone (rice field)
2,Semarang_Demak,24_Ungaran02_Lerep,Drone (rice field)
5,Semarang_Demak,24_Ungaran02_Lerep,Drone (rice field)
6,Semarang_Demak,24_Ungaran02_Lerep,Drone (rice field)
6,Semarang_Demak,24_Ungaran02_Lerep,Drone (rice field)
2,Semarang_Demak,24_Ungaran02_Lerep,Drone (rice field)
2,Semarang_Demak,24_Ungaran02_Lerep,Drone (rice field)
2,Semarang_Demak,24_Ungaran02_Lerep,Drone (rice field)
5,Semarang_Demak,24_Ungaran02_Lerep,Drone (rice field)
5,Semarang_Demak,24_Ungaran02_Lerep,Drone (rice field)
6,Semarang_Demak,24_Ungaran02_Lerep,Drone (rice field)
6,Semarang_Demak,24_Ungaran02_Lerep,Drone (rice field)
5,Semarang_Demak,24_Ungaran02_Lerep,Drone (rice field)
5,Semarang_Demak,24_Ungaran02_Lerep,Drone (rice field)
5,Semarang_Demak,24_Ungaran02_Lerep,Drone (rice field)
5,Semarang_Demak,24_Ungaran02_Lerep,Drone (rice field)
5,Semarang_Demak,24_Ungaran02_Lerep,Drone (rice field)
2,Semarang_Demak,24_Ungaran02_Lerep,Drone (rice field)
6,Semarang_Demak,24_Ungaran02_Lerep,Drone (rice field)
2,Semarang_Demak,24_Ungaran02_Lerep,Drone (rice field)
6,Semarang_Demak,24_Ungaran02_Lerep,Drone (rice field)
5,Semarang_Demak,24_Ungaran02_Lerep,Drone (rice field)
5,Semarang_Demak,24_Ungaran02_Lerep,Drone (rice field)
2,Semarang_Demak,24_Ungaran02_Lerep,Drone (rice field)
2,Semarang_Demak,24_Ungaran02_Lerep,Drone (rice field)
5,Semarang_Demak,24_Ungaran02_Lerep,Drone (rice field)
2,Semarang_Demak,24_Ungaran02_Lerep,Drone (rice field)
2,Semarang_Demak,24_Ungaran02_Lerep,Drone (rice field)
6,Semarang_Demak,24_Ungaran02_Lerep,Drone (rice field)
6,Semarang_Demak,24_Ungaran02_Lerep,Drone (rice field)
6,Semarang_Demak,24_Ungaran02_Lerep,Drone (rice field)
6,Semarang_Demak,24_Ungaran02_Lerep,Drone (rice field)
6,Semarang_Demak,24_Ungaran02_Lerep,Drone (rice field)
6,Semarang_Demak,24_Ungaran02_Lerep,Drone (rice field)
2,Semarang_Demak,24_Ungaran02_Lerep,Drone (rice field)
5,Semarang_Demak,24_Ungaran02_Lerep,Drone (rice field)
6,Semarang_Demak,24_Ungaran02_Lerep,Drone (rice field)
4,Semarang_Demak,24_Ungaran02_Lerep,Drone (rice field)
6,Semarang_Demak,24_Ungaran02_Lerep,Drone (rice field)
6,Semarang_Demak,24_Ungaran02_Lerep,Drone (rice field)
6,Semarang_Demak,24_Ungaran02_Lerep,Drone (rice field)
4,Semarang_Demak,24_Ungaran02_Lerep,Drone (rice field)
5,Semarang_Demak,24_Ungaran02_Lerep,Drone (rice field)
6,Semarang_Demak,24_Ungaran02_Lerep,Drone (rice field)
5,Semarang_Demak,24_Ungaran02_Lerep,Drone (rice field)
6,Semarang_Demak,24_Ungaran02_Lerep,Drone (rice field)
6,Semarang_Demak,24_Ungaran02_Lerep,Drone (rice field)
6,Semarang_Demak,24_Ungaran02_Lerep,Drone (rice field)
6,Semarang_Demak,24_Ungaran02_Lerep,Drone (rice field)
6,Semarang_Demak,24_Ungaran02_Lerep,Drone (rice field)
6,Semarang_Demak,24_Ungaran02_Lerep,Drone (rice field)
6,Semarang_Demak,24_Ungaran02_Lerep,Drone (rice field)
2,Semarang_Demak,24_Ungaran02_Lerep,Drone (rice field)
6,Semarang_Demak,24_Ungaran02_Lerep,Drone (rice field)
6,Semarang_Demak,24_Ungaran02_Lerep,Drone (rice field)
5,Semarang_Demak,24_Ungaran02_Lerep,Drone (rice field)
6,Semarang_Demak,24_Ungaran02_Lerep,Drone (rice field)
6,Semarang_Demak,24_Ungaran02_Lerep,Drone (rice field)
6,Semarang_Demak,24_Ungaran02_Lerep,Drone (rice field)
6,Semarang_Demak,24_Ungaran02_Lerep,Drone (rice field)
5,Semarang_Demak,24_Ungaran02_Lerep,Drone (rice field)
6,Semarang_Demak,24_Ungaran02_Lerep,Drone (rice field)
6,Semarang_Demak,24_Ungaran02_Lerep,Drone (rice field)
6,Semarang_Demak,24_Ungaran02_Lerep,Drone (rice field)
6,Semarang_Demak,24_Ungaran02_Lerep,Drone (rice field)
6,Semarang_Demak,24_Ungaran02_Lerep,Drone (rice field)
6,Semarang_Demak,24_Ungaran02_Lerep,Drone (rice field)
6,Semarang_Demak,24_Ungaran02_Lerep,Drone (rice field)
6,Semarang_Demak,24_Ungaran02_Lerep,Drone (rice field)
6,Semarang_Demak,24_Ungaran02_Lerep,Drone (rice field)
2,Semarang_Demak,,Drone (rice field)
2,Semarang_Demak,,Drone (rice field)
5,Semarang_Demak,,Drone (rice field)
2,Semarang_Demak,,Drone (rice field)
4,Semarang_Demak,,Drone (rice field)
2,Semarang_Demak,,Drone (rice field)
3,Semarang_Demak,,Drone (rice field)
1,Semarang_Demak,23_Ungaran01_Gogik,Drone (rice field)
1,Semarang_Demak,23_Ungaran01_Gogik,Drone (rice field)
1,Semarang_Demak,23_Ungaran01_Gogik,Drone (rice field)
1,Semarang_Demak,23_Ungaran01_Gogik,Drone (rice field)
1,Semarang_Demak,23_Ungaran01_Gogik,Drone (rice field)
2,Semarang_Demak,23_Ungaran01_Gogik,Drone (rice field)
2,Semarang_Demak,23_Ungaran01_Gogik,Drone (rice field)
3,Semarang_Demak,23_Ungaran01_Gogik,Drone (rice field)
3,Semarang_Demak,23_Ungaran01_Gogik,Drone (rice field)
2,Semarang_Demak,23_Ungaran01_Gogik,Drone (rice field)
1,Semarang_Demak,23_Ungaran01_Gogik,Drone (rice field)
1,Semarang_Demak,23_Ungaran01_Gogik,Drone (rice field)
2,Semarang_Demak,23_Ungaran01_Gogik,Drone (rice field)
3,Semarang_Demak,23_Ungaran01_Gogik,Drone (rice field)
3,Semarang_Demak,23_Ungaran01_Gogik,Drone (rice field)
4,Semarang_Demak,23_Ungaran01_Gogik,Drone (rice field)
6,Semarang_Demak,23_Ungaran01_Gogik,Drone (rice field)
5,Semarang_Demak,23_Ungaran01_Gogik,Drone (rice field)
5,Semarang_Demak,23_Ungaran01_Gogik,Drone (rice field)
1,Semarang_Demak,23_Ungaran01_Gogik,Drone (rice field)
1,Semarang_Demak,23_Ungaran01_Gogik,Drone (rice field)
2,Semarang_Demak,23_Ungaran01_Gogik,Drone (rice field)
2,Semarang_Demak,23_Ungaran01_Gogik,Drone (rice field)
2,Semarang_Demak,23_Ungaran01_Gogik,Drone (rice field)
3,Semarang_Demak,23_Ungaran01_Gogik,Drone (rice field)
3,Semarang_Demak,23_Ungaran01_Gogik,Drone (rice field)
2,Semarang_Demak,23_Ungaran01_Gogik,Drone (rice field)
2,Semarang_Demak,23_Ungaran01_Gogik,Drone (rice field)
2,Semarang_Demak,23_Ungaran01_Gogik,Drone (rice field)
1,Semarang_Demak,23_Ungaran01_Gogik,Drone (rice field)
2,Semarang_Demak,23_Ungaran01_Gogik,Drone (rice field)
1,Semarang_Demak,23_Ungaran01_Gogik,Drone (rice field)
1,Semarang_Demak,23_Ungaran01_Gogik,Drone (rice field)
3,Semarang_Demak,23_Ungaran01_Gogik,Drone (rice field)
3,Semarang_Demak,23_Ungaran01_Gogik,Drone (rice field)
3,Semarang_Demak,23_Ungaran01_Gogik,Drone (rice field)
3,Semarang_Demak,23_Ungaran01_Gogik,Drone (rice field)
3,Semarang_Demak,23_Ungaran01_Gogik,Drone (rice field)
2,Semarang_Demak,23_Ungaran01_Gogik,Drone (rice field)
2,Semarang_Demak,23_Ungaran01_Gogik,Drone (rice field)
2,Semarang_Demak,23_Ungaran01_Gogik,Drone (rice field)
5,Semarang_Demak,23_Ungaran01_Gogik,Drone (rice field)
2,Semarang_Demak,23_Ungaran01_Gogik,Drone (rice field)
2,Semarang_Demak,23_Ungaran01_Gogik,Drone (rice field)
6,Semarang_Demak,23_Ungaran01_Gogik,Drone (rice field)
6,Semarang_Demak,23_Ungaran01_Gogik,Drone (rice field)
6,Semarang_Demak,23_Ungaran01_Gogik,Drone (rice field)
1,Semarang_Demak,23_Ungaran01_Gogik,Drone (rice field)
2,Semarang_Demak,23_Ungaran01_Gogik,Drone (rice field)
3,Semarang_Demak,23_Ungaran01_Gogik,Drone (rice field)
2,Semarang_Demak,23_Ungaran01_Gogik,Drone (rice field)
5,Semarang_Demak,23_Ungaran01_Gogik,Drone (rice field)
5,Semarang_Demak,23_Ungaran01_Gogik,Drone (rice field)
6,Semarang_Demak,23_Ungaran01_Gogik,Drone (rice field)
3,Semarang_Demak,23_Ungaran01_Gogik,Drone (rice field)
3,Semarang_Demak,23_Ungaran01_Gogik,Drone (rice field)
6,Semarang_Demak,23_Ungaran01_Gogik,Drone (rice field)
6,Semarang_Demak,23_Ungaran01_Gogik,Drone (rice field)
2,Semarang_Demak,23_Ungaran01_Gogik,Drone (rice field)
2,Semarang_Demak,23_Ungaran01_Gogik,Drone (rice field)
2,Semarang_Demak,23_Ungaran01_Gogik,Drone (rice field)
6,Semarang_Demak,23_Ungaran01_Gogik,Drone (rice field)
6,Semarang_Demak,23_Ungaran01_Gogik,Drone (rice field)
6,Semarang_Demak,23_Ungaran01_Gogik,Drone (rice field)
2,Semarang_Demak,23_Ungaran01_Gogik,Drone (rice field)
3,Semarang_Demak,23_Ungaran01_Gogik,Drone (rice field)
3,Semarang_Demak,23_Ungaran01_Gogik,Drone (rice field)
6,Semarang_Demak,23_Ungaran01_Gogik,Drone (rice field)
2,Semarang_Demak,23_Ungaran01_Gogik,Drone (rice field)
2,Semarang_Demak,23_Ungaran01a_Gogik,Drone (rice field)
5,Semarang_Demak,23_Ungaran01_Gogik,Drone (rice field)
3,Semarang_Demak,23_Ungaran01_Gogik,Drone (rice field)
3,Semarang_Demak,23_Ungaran01_Gogik,Drone (rice field)
2,Semarang_Demak,23_Ungaran01_Gogik,Drone (rice field)
6,Semarang_Demak,23_Ungaran01_Gogik,Drone (rice field)
6,Semarang_Demak,23_Ungaran01_Gogik,Drone (rice field)
2,Semarang_Demak,23_Ungaran01_Gogik,Drone (rice field)
2,Semarang_Demak,23_Ungaran01_Gogik,Drone (rice field)
5,Semarang_Demak,23_Ungaran01_Gogik,Drone (rice field)
5,Semarang_Demak,23_Ungaran01_Gogik,Drone (rice field)
3,Semarang_Demak,23_Ungaran01_Gogik,Drone (rice field)
6,Semarang_Demak,23_Ungaran01_Gogik,Drone (rice field)
3,Semarang_Demak,23_Ungaran01_Gogik,Drone (rice field)
2,Semarang_Demak,23_Ungaran01_Gogik,Drone (rice field)
5,Semarang_Demak,23_Ungaran01_Gogik,Drone (rice field)
5,Semarang_Demak,23_Ungaran01_Gogik,Drone (rice field)
4,Semarang_Demak,23_Ungaran01_Gogik,Drone (rice field)
4,Semarang_Demak,23_Ungaran01a_Gogik,Drone (rice field)
2,Semarang_Demak,23_Ungaran01_Gogik,Drone (rice field)
2,Semarang_Demak,23_Ungaran01_Gogik,Drone (rice field)
2,Semarang_Demak,23_Ungaran01_Gogik,Drone (rice field)
2,Semarang_Demak,23_Ungaran01_Gogik,Drone (rice field)
2,Semarang_Demak,23_Ungaran01_Gogik,Drone (rice field)
2,Semarang_Demak,23_Ungaran01_Gogik,Drone (rice field)
5,Semarang_Demak,23_Ungaran01_Gogik,Drone (rice field)
2,Semarang_Demak,23_Ungaran01_Gogik,Drone (rice field)
2,Semarang_Demak,23_Ungaran01_Gogik,Drone (rice field)
2,Semarang_Demak,23_Ungaran01_Gogik,Drone (rice field)
3,Semarang_Demak,23_Ungaran01_Gogik,Drone (rice field)
3,Semarang_Demak,23_Ungaran01_Gogik,Drone (rice field)
2,Semarang_Demak,23_Ungaran01_Gogik,Drone (rice field)
2,Semarang_Demak,23_Ungaran01_Gogik,Drone (rice field)
2,Semarang_Demak,23_Ungaran01_Gogik,Drone (rice field)
2,Semarang_Demak,23_Ungaran01_Gogik,Drone (rice field)
1,Semarang_Demak,23_Ungaran01_Gogik,Drone (rice field)
6,Semarang_Demak,23_Ungaran01_Gogik,Drone (rice field)
6,Semarang_Demak,23_Ungaran01_Gogik,Drone (rice field)
2,Semarang_Demak,23_Ungaran01_Gogik,Drone (rice field)
3,Semarang_Demak,23_Ungaran01_Gogik,Drone (rice field)
3,Semarang_Demak,23_Ungaran01_Gogik,Drone (rice field)
2,Semarang_Demak,23_Ungaran01_Gogik,Drone (rice field)
3,Semarang_Demak,23_Ungaran01_Gogik,Drone (rice field)
2,Semarang_Demak,23_Ungaran01_Gogik,Drone (rice field)
2,Semarang_Demak,23_Ungaran01_Gogik,Drone (rice field)
3,Semarang_Demak,23_Ungaran01_Gogik,Drone (rice field)
6,Semarang_Demak,23_Ungaran01_Gogik,Drone (rice field)
2,Semarang_Demak,23_Ungaran01_Gogik,Drone (rice field)
3,Semarang_Demak,23_Ungaran01_Gogik,Drone (rice field)
3,Semarang_Demak,23_Ungaran01_Gogik,Drone (rice field)
6,Semarang_Demak,23_Ungaran01_Gogik,Drone (rice field)
6,Semarang_Demak,23_Ungaran01_Gogik,Drone (rice field)
3,Semarang_Demak,23_Ungaran01_Gogik,Drone (rice field)
3,Semarang_Demak,23_Ungaran01_Gogik,Drone (rice field)
3,Semarang_Demak,23_Ungaran01_Gogik,Drone (rice field)
2,Semarang_Demak,23_Ungaran01_Gogik,Drone (rice field)
6,Semarang_Demak,23_Ungaran01_Gogik,Drone (rice field)
6,Semarang_Demak,23_Ungaran01_Gogik,Drone (rice field)
3,Semarang_Demak,23_Ungaran01_Gogik,Drone (rice field)
3,Semarang_Demak,23_Ungaran01_Gogik,Drone (rice field)
2,Semarang_Demak,23_Ungaran01_Gogik,Drone (rice field)
2,Semarang_Demak,23_Ungaran01_Gogik,Drone (rice field)
2,Semarang_Demak,23_Ungaran01_Gogik,Drone (rice field)
2,Semarang_Demak,23_Ungaran01_Gogik,Drone (rice field)
2,Semarang_Demak,23_Ungaran01_Gogik,Drone (rice field)
5,Semarang_Demak,23_Ungaran01_Gogik,Drone (rice field)
3,Semarang_Demak,23_Ungaran01a_Gogik,Drone (rice field)
6,Semarang_Demak,23_Ungaran01_Gogik,Drone (rice field)
2,Semarang_Demak,23_Ungaran01_Gogik,Drone (rice field)
3,Semarang_Demak,23_Ungaran01_Gogik,Drone (rice field)
3,Semarang_Demak,23_Ungaran01_Gogik,Drone (rice field)
6,Semarang_Demak,23_Ungaran01_Gogik,Drone (rice field)
3,Semarang_Demak,23_Ungaran01_Gogik,Drone (rice field)
6,Semarang_Demak,23_Ungaran01_Gogik,Drone (rice field)
2,Semarang_Demak,23_Ungaran01_Gogik,Drone (rice field)
3,Semarang_Demak,23_Ungaran01a_Gogik,Drone (rice field)
6,Semarang_Demak,23_Ungaran01_Gogik,Drone (rice field)
3,Semarang_Demak,23_Ungaran01_Gogik,Drone (rice field)
5,Semarang_Demak,23_Ungaran01_Gogik,Drone (rice field)
6,Semarang_Demak,23_Ungaran01_Gogik,Drone (rice field)
6,Semarang_Demak,23_Ungaran01_Gogik,Drone (rice field)
5,Semarang_Demak,23_Ungaran01_Gogik,Drone (rice field)
5,Semarang_Demak,23_Ungaran01_Gogik,Drone (rice field)
2,Semarang_Demak,23_Ungaran01_Gogik,Drone (rice field)
1,Semarang_Demak,23_Ungaran01_Gogik,Drone (rice field)
2,Semarang_Demak,23_Ungaran01a_Gogik,Drone (rice field)
2,Semarang_Demak,23_Ungaran01_Gogik,Drone (rice field)
2,Semarang_Demak,23_Ungaran01_Gogik,Drone (rice field)
3,Semarang_Demak,23_Ungaran01_Gogik,Drone (rice field)
4,Semarang_Demak,23_Ungaran01_Gogik,Drone (rice field)
3,Semarang_Demak,23_Ungaran01_Gogik,Drone (rice field)
3,Semarang_Demak,23_Ungaran01_Gogik,Drone (rice field)
5,Semarang_Demak,23_Ungaran01_Gogik,Drone (rice field)
5,Semarang_Demak,23_Ungaran01_Gogik,Drone (rice field)
3,Semarang_Demak,23_Ungaran01_Gogik,Drone (rice field)
5,Semarang_Demak,23_Ungaran01_Gogik,Drone (rice field)
6,Semarang_Demak,23_Ungaran01_Gogik,Drone (rice field)
6,Semarang_Demak,23_Ungaran01_Gogik,Drone (rice field)
6,Semarang_Demak,23_Ungaran01_Gogik,Drone (rice field)
3,Semarang_Demak,23_Ungaran01_Gogik,Drone (rice field)
3,Semarang_Demak,23_Ungaran01_Gogik,Drone (rice field)
4,Semarang_Demak,23_Ungaran01_Gogik,Drone (rice field)
2,Semarang_Demak,23_Ungaran01_Gogik,Drone (rice field)
2,Semarang_Demak,23_Ungaran01_Gogik,Drone (rice field)
6,Semarang_Demak,23_Ungaran01_Gogik,Drone (rice field)
2,Semarang_Demak,23_Ungaran01_Gogik,Drone (rice field)
2,Semarang_Demak,23_Ungaran01_Gogik,Drone (rice field)
6,Semarang_Demak,23_Ungaran01_Gogik,Drone (rice field)
6,Semarang_Demak,23_Ungaran01_Gogik,Drone (rice field)
3,Semarang_Demak,23_Ungaran01_Gogik,Drone (rice field)
3,Semarang_Demak,23_Ungaran01_Gogik,Drone (rice field)
3,Semarang_Demak,23_Ungaran01_Gogik,Drone (rice field)
3,Semarang_Demak,23_Ungaran01_Gogik,Drone (rice field)
6,Semarang_Demak,23_Ungaran01_Gogik,Drone (rice field)
6,Semarang_Demak,23_Ungaran01_Gogik,Drone (rice field)
6,Semarang_Demak,23_Ungaran01_Gogik,Drone (rice field)
6,Semarang_Demak,23_Ungaran01_Gogik,Drone (rice field)
3,Semarang_Demak,23_Ungaran01_Gogik,Drone (rice field)
3,Semarang_Demak,23_Ungaran01_Gogik,Drone (rice field)
3,Semarang_Demak,23_Ungaran01_Gogik,Drone (rice field)
6,Semarang_Demak,23_Ungaran01_Gogik,Drone (rice field)
6,Semarang_Demak,23_Ungaran01_Gogik,Drone (rice field)
3,Semarang_Demak,23_Ungaran01_Gogik,Drone (rice field)
3,Semarang_Demak,23_Ungaran01_Gogik,Drone (rice field)
3,Semarang_Demak,23_Ungaran01_Gogik,Drone (rice field)
6,Semarang_Demak,23_Ungaran01_Gogik,Drone (rice field)
6,Semarang_Demak,23_Ungaran01_Gogik,Drone (rice field)
3,Semarang_Demak,23_Ungaran01_Gogik,Drone (rice field)
3,Semarang_Demak,23_Ungaran01_Gogik,Drone (rice field)
5,Semarang_Demak,23_Ungaran01a_Gogik,Drone (rice field)
5,Semarang_Demak,23_Ungaran01_Gogik,Drone (rice field)
3,Semarang_Demak,23_Ungaran01_Gogik,Drone (rice field)
6,Semarang_Demak,23_Ungaran01_Gogik,Drone (rice field)
3,Semarang_Demak,23_Ungaran01_Gogik,Drone (rice field)
6,Semarang_Demak,23_Ungaran01_Gogik,Drone (rice field)
2,Semarang_Demak,23_Ungaran01_Gogik,Drone (rice field)
6,Semarang_Demak,23_Ungaran01_Gogik,Drone (rice field)
4,Semarang_Demak,23_Ungaran01_Gogik,Drone (rice field)
4,Semarang_Demak,23_Ungaran01_Gogik,Drone (rice field)
6,Semarang_Demak,23_Ungaran01_Gogik,Drone (rice field)
6,Semarang_Demak,23_Ungaran01_Gogik,Drone (rice field)
3,Semarang_Demak,23_Ungaran01_Gogik,Drone (rice field)
6,Semarang_Demak,23_Ungaran01_Gogik,Drone (rice field)
6,Semarang_Demak,23_Ungaran01_Gogik,Drone (rice field)
3,Semarang_Demak,23_Ungaran01_Gogik,Drone (rice field)
3,Semarang_Demak,23_Ungaran01_Gogik,Drone (rice field)
3,Semarang_Demak,23_Ungaran01_Gogik,Drone (rice field)
3,Semarang_Demak,23_Ungaran01_Gogik,Drone (rice field)
6,Semarang_Demak,23_Ungaran01a_Gogik,Drone (rice field)
3,Semarang_Demak,23_Ungaran01_Gogik,Drone (rice field)
6,Semarang_Demak,23_Ungaran01_Gogik,Drone (rice field)
6,Semarang_Demak,23_Ungaran01_Gogik,Drone (rice field)
4,Semarang_Demak,23_Ungaran01_Gogik,Drone (rice field)
4,Semarang_Demak,23_Ungaran01_Gogik,Drone (rice field)
3,Semarang_Demak,23_Ungaran01_Gogik,Drone (rice field)
6,Semarang_Demak,23_Ungaran01_Gogik,Drone (rice field)
2,Semarang_Demak,,Drone (rice field)
4,Semarang_Demak,,Drone (rice field)
1,Pekalongan,07_Kendal03_Bangunrejo,Drone (rice field)
1,Pekalongan,07_Kendal03_Bangunrejo,Drone (rice field)
1,Pekalongan,07_Kendal03_Bangunrejo,Drone (rice field)
1,Pekalongan,07_Kendal03_Bangunrejo,Drone (rice field)
1,Pekalongan,07_Kendal03_Bangunrejo,Drone (rice field)
1,Pekalongan,07_Kendal03_Bangunrejo,Drone (rice field)
1,Pekalongan,07_Kendal03_Bangunrejo,Drone (rice field)
1,Pekalongan,07_Kendal03_Bangunrejo,Drone (rice field)
1,Pekalongan,07_Kendal03_Bangunrejo,Drone (rice field)
1,Pekalongan,07_Kendal03_Bangunrejo,Drone (rice field)
1,Pekalongan,07_Kendal03_Bangunrejo,Drone (rice field)
1,Pekalongan,07_Kendal03_Bangunrejo,Drone (rice field)
1,Pekalongan,07_Kendal03_Bangunrejo,Drone (rice field)
1,Pekalongan,07_Kendal03_Bangunrejo,Drone (rice field)
1,Pekalongan,07_Kendal03_Bangunrejo,Drone (rice field)
1,Pekalongan,07_Kendal03_Bangunrejo,Drone (rice field)
1,Pekalongan,07_Kendal03_Bangunrejo,Drone (rice field)
1,Pekalongan,07_Kendal03_Bangunrejo,Drone (rice field)
1,Pekalongan,07_Kendal03_Bangunrejo,Drone (rice field)
1,Pekalongan,07_Kendal03_Bangunrejo,Drone (rice field)
1,Pekalongan,07_Kendal03_Bangunrejo,Drone (rice field)
1,Pekalongan,07_Kendal03_Bangunrejo,Drone (rice field)
1,Pekalongan,07_Kendal03_Bangunrejo,Drone (rice field)
6,Pekalongan,07_Kendal03_Bangunrejo,Drone (rice field)
1,Pekalongan,07_Kendal03_Bangunrejo,Drone (rice field)
1,Pekalongan,07_Kendal03_Bangunrejo,Drone (rice field)
1,Pekalongan,07_Kendal03_Bangunrejo,Drone (rice field)
1,Pekalongan,07_Kendal03_Bangunrejo,Drone (rice field)
1,Pekalongan,07_Kendal03_Bangunrejo,Drone (rice field)
1,Pekalongan,07_Kendal03_Bangunrejo,Drone (rice field)
1,Pekalongan,07_Kendal03_Bangunrejo,Drone (rice field)
1,Pekalongan,07_Kendal03_Bangunrejo,Drone (rice field)
1,Pekalongan,07_Kendal03_Bangunrejo,Drone (rice field)
1,Pekalongan,07_Kendal03_Bangunrejo,Drone (rice field)
1,Pekalongan,07_Kendal03_Bangunrejo,Drone (rice field)
1,Pekalongan,07_Kendal03_Bangunrejo,Drone (rice field)
1,Pekalongan,07_Kendal03_Bangunrejo,Drone (rice field)
1,Pekalongan,07_Kendal03_Bangunrejo,Drone (rice field)
1,Pekalongan,07_Kendal03_Bangunrejo,Drone (rice field)
1,Pekalongan,07_Kendal03_Bangunrejo,Drone (rice field)
1,Pekalongan,07_Kendal03_Bangunrejo,Drone (rice field)
1,Pekalongan,07_Kendal03_Bangunrejo,Drone (rice field)
1,Pekalongan,07_Kendal03_Bangunrejo,Drone (rice field)
1,Pekalongan,07_Kendal03_Bangunrejo,Drone (rice field)
6,Pekalongan,07_Kendal03_Bangunrejo,Drone (rice field)
1,Pekalongan,07_Kendal03_Bangunrejo,Drone (rice field)
2,Pekalongan,07_Kendal03_Bangunrejo,Drone (rice field)
2,Pekalongan,07_Kendal03_Bangunrejo,Drone (rice field)
1,Pekalongan,07_Kendal03_Bangunrejo,Drone (rice field)
1,Pekalongan,07_Kendal03_Bangunrejo,Drone (rice field)
1,Pekalongan,07_Kendal03_Bangunrejo,Drone (rice field)
1,Pekalongan,07_Kendal03_Bangunrejo,Drone (rice field)
1,Pekalongan,07_Kendal03_Bangunrejo,Drone (rice field)
6,Pekalongan,07_Kendal03_Bangunrejo,Drone (rice field)
1,Pekalongan,07_Kendal03_Bangunrejo,Drone (rice field)
1,Pekalongan,07_Kendal03_Bangunrejo,Drone (rice field)
1,Pekalongan,07_Kendal03_Bangunrejo,Drone (rice field)
1,Pekalongan,07_Kendal03_Bangunrejo,Drone (rice field)
1,Pekalongan,07_Kendal03_Bangunrejo,Drone (rice field)
1,Pekalongan,07_Kendal03_Bangunrejo,Drone (rice field)
1,Pekalongan,07_Kendal03_Bangunrejo,Drone (rice field)
1,Pekalongan,07_Kendal03_Bangunrejo,Drone (rice field)
1,Pekalongan,07_Kendal03_Bangunrejo,Drone (rice field)
1,Pekalongan,07_Kendal03_Bangunrejo,Drone (rice field)
1,Pekalongan,07_Kendal03_Bangunrejo,Drone (rice field)
1,Pekalongan,07_Kendal03_Bangunrejo,Drone (rice field)
1,Pekalongan,07_Kendal03_Bangunrejo,Drone (rice field)
6,Pekalongan,07_Kendal03_Bangunrejo,Drone (rice field)
1,Pekalongan,07_Kendal03_Bangunrejo,Drone (rice field)
1,Pekalongan,07_Kendal03_Bangunrejo,Drone (rice field)
2,Pekalongan,07_Kendal03_Bangunrejo,Drone (rice field)
6,Pekalongan,07_Kendal03_Bangunrejo,Drone (rice field)
2,Pekalongan,07_Kendal03_Bangunrejo,Drone (rice field)
1,Pekalongan,07_Kendal03_Bangunrejo,Drone (rice field)
1,Pekalongan,07_Kendal03_Bangunrejo,Drone (rice field)
1,Pekalongan,07_Kendal03_Bangunrejo,Drone (rice field)
1,Pekalongan,07_Kendal03_Bangunrejo,Drone (rice field)
1,Pekalongan,07_Kendal03_Bangunrejo,Drone (rice field)
1,Pekalongan,07_Kendal03_Bangunrejo,Drone (rice field)
1,Pekalongan,07_Kendal03_Bangunrejo,Drone (rice field)
1,Pekalongan,07_Kendal03_Bangunrejo,Drone (rice field)
1,Pekalongan,07_Kendal03_Bangunrejo,Drone (rice field)
1,Pekalongan,07_Kendal03_Bangunrejo,Drone (rice field)
1,Pekalongan,07_Kendal03_Bangunrejo,Drone (rice field)
1,Pekalongan,07_Kendal03_Bangunrejo,Drone (rice field)
1,Pekalongan,07_Kendal03_Bangunrejo,Drone (rice field)
1,Pekalongan,07_Kendal03_Bangunrejo,Drone (rice field)
1,Pekalongan,07_Kendal03_Bangunrejo,Drone (rice field)
1,Pekalongan,07_Kendal03_Bangunrejo,Drone (rice field)
1,Pekalongan,07_Kendal03_Bangunrejo,Drone (rice field)
1,Pekalongan,07_Kendal03_Bangunrejo,Drone (rice field)
1,Pekalongan,07_Kendal03_Bangunrejo,Drone (rice field)
1,Pekalongan,07_Kendal03_Bangunrejo,Drone (rice field)
1,Pekalongan,07_Kendal03_Bangunrejo,Drone (rice field)
6,Pekalongan,07_Kendal03_Bangunrejo,Drone (rice field)
6,Pekalongan,07_Kendal03_Bangunrejo,Drone (rice field)
1,Pekalongan,07_Kendal03_Bangunrejo,Drone (rice field)
2,Pekalongan,07_Kendal03_Bangunrejo,Drone (rice field)
1,Pekalongan,07_Kendal03_Bangunrejo,Drone (rice field)
1,Pekalongan,07_Kendal03_Bangunrejo,Drone (rice field)
1,Pekalongan,07_Kendal03_Bangunrejo,Drone (rice field)
1,Pekalongan,07_Kendal03_Bangunrejo,Drone (rice field)
6,Pekalongan,07_Kendal03_Bangunrejo,Drone (rice field)
1,Pekalongan,07_Kendal03_Bangunrejo,Drone (rice field)
1,Pekalongan,07_Kendal03_Bangunrejo,Drone (rice field)
1,Pekalongan,07_Kendal03_Bangunrejo,Drone (rice field)
1,Pekalongan,07_Kendal03_Bangunrejo,Drone (rice field)
6,Pekalongan,07_Kendal03_Bangunrejo,Drone (rice field)
1,Pekalongan,07_Kendal03_Bangunrejo,Drone (rice field)
1,Pekalongan,07_Kendal03_Bangunrejo,Drone (rice field)
1,Pekalongan,07_Kendal03_Bangunrejo,Drone (rice field)
1,Pekalongan,07_Kendal03_Bangunrejo,Drone (rice field)
1,Pekalongan,07_Kendal03_Bangunrejo,Drone (rice field)
6,Pekalongan,07_Kendal03_Bangunrejo,Drone (rice field)
1,Pekalongan,07_Kendal03_Bangunrejo,Drone (rice field)
1,Pekalongan,07_Kendal03_Bangunrejo,Drone (rice field)
1,Pekalongan,07_Kendal03_Bangunrejo,Drone (rice field)
1,Pekalongan,07_Kendal03_Bangunrejo,Drone (rice field)
1,Pekalongan,07_Kendal03_Bangunrejo,Drone (rice field)
1,Pekalongan,07_Kendal03_Bangunrejo,Drone (rice field)
6,Pekalongan,07_Kendal03_Bangunrejo,Drone (rice field)
6,Pekalongan,07_Kendal03_Bangunrejo,Drone (rice field)
1,Pekalongan,07_Kendal03_Bangunrejo,Drone (rice field)
6,Pekalongan,07_Kendal03_Bangunrejo,Drone (rice field)
1,Pekalongan,07_Kendal03_Bangunrejo,Drone (rice field)
1,Pekalongan,07_Kendal03_Bangunrejo,Drone (rice field)
1,Pekalongan,07_Kendal03_Bangunrejo,Drone (rice field)
2,Pekalongan,07_Kendal03_Bangunrejo,Drone (rice field)
1,Pekalongan,07_Kendal03_Bangunrejo,Drone (rice field)
1,Pekalongan,07_Kendal03_Bangunrejo,Drone (rice field)
1,Pekalongan,07_Kendal03_Bangunrejo,Drone (rice field)
1,Pekalongan,07_Kendal03_Bangunrejo,Drone (rice field)
6,Pekalongan,07_Kendal03_Bangunrejo,Drone (rice field)
1,Pekalongan,07_Kendal03_Bangunrejo,Drone (rice field)
1,Pekalongan,07_Kendal03_Bangunrejo,Drone (rice field)
1,Pekalongan,07_Kendal03_Bangunrejo,Drone (rice field)
6,Pekalongan,07_Kendal03_Bangunrejo,Drone (rice field)
6,Pekalongan,07_Kendal03_Bangunrejo,Drone (rice field)
1,Pekalongan,07_Kendal03_Bangunrejo,Drone (rice field)
1,Pekalongan,07_Kendal03_Bangunrejo,Drone (rice field)
1,Pekalongan,07_Kendal03_Bangunrejo,Drone (rice field)
1,Pekalongan,07_Kendal03_Bangunrejo,Drone (rice field)
4,Semarang_Demak,10_Demak02_Kalitengah,Drone (rice field)
4,Semarang_Demak,09_Demak01_Kembangarum,Drone (rice field)
4,Semarang_Demak,09_Demak01_Kembangarum,Drone (rice field)
4,Semarang_Demak,09_Demak01_Kembangarum,Drone (rice field)
4,Semarang_Demak,10_Demak02_Kalitengah,Drone (rice field)
4,Semarang_Demak,10_Demak02_Kalitengah,Drone (rice field)
4,Semarang_Demak,09_Demak01_Kembangarum,Drone (rice field)
4,Semarang_Demak,09_Demak01_Kembangarum,Drone (rice field)
4,Semarang_Demak,09_Demak01_Kembangarum,Drone (rice field)
4,Semarang_Demak,10_Demak02_Kalitengah,Drone (rice field)
4,Semarang_Demak,09_Demak01_Kembangarum,Drone (rice field)
4,Semarang_Demak,09_Demak01_Kembangarum,Drone (rice field)
4,Semarang_Demak,09_Demak01_Kembangarum,Drone (rice field)
4,Semarang_Demak,09_Demak01_Kembangarum,Drone (rice field)
4,Semarang_Demak,09_Demak01_Kembangarum,Drone (rice field)
4,Semarang_Demak,10_Demak02_Kalitengah,Drone (rice field)
4,Semarang_Demak,09_Demak01_Kembangarum,Drone (rice field)
4,Semarang_Demak,10_Demak02_Kalitengah,Drone (rice field)
4,Semarang_Demak,09_Demak01_Kembangarum,Drone (rice field)
4,Semarang_Demak,09_Demak01_Kembangarum,Drone (rice field)
4,Semarang_Demak,09_Demak01_Kembangarum,Drone (rice field)
4,Semarang_Demak,09_Demak01_Kembangarum,Drone (rice field)
4,Semarang_Demak,09_Demak01_Kembangarum,Drone (rice field)
4,Semarang_Demak,09_Demak01_Kembangarum,Drone (rice field)
4,Semarang_Demak,09_Demak01_Kembangarum,Drone (rice field)
4,Semarang_Demak,10_Demak02_Kalitengah,Drone (rice field)
4,Semarang_Demak,10_Demak02_Kalitengah,Drone (rice field)
4,Semarang_Demak,09_Demak01_Kembangarum,Drone (rice field)
4,Semarang_Demak,09_Demak01_Kembangarum,Drone (rice field)
4,Semarang_Demak,10_Demak02_Kalitengah,Drone (rice field)
4,Semarang_Demak,09_Demak01_Kembangarum,Drone (rice field)
4,Semarang_Demak,10_Demak02_Kalitengah,Drone (rice field)
4,Semarang_Demak,09_Demak01_Kembangarum,Drone (rice field)
4,Semarang_Demak,09_Demak01_Kembangarum,Drone (rice field)
4,Semarang_Demak,09_Demak01_Kembangarum,Drone (rice field)
4,Semarang_Demak,09_Demak01_Kembangarum,Drone (rice field)
4,Semarang_Demak,10_Demak02_Kalitengah,Drone (rice field)
4,Semarang_Demak,09_Demak01_Kembangarum,Drone (rice field)
4,Semarang_Demak,09_Demak01_Kembangarum,Drone (rice field)
4,Semarang_Demak,10_Demak02_Kalitengah,Drone (rice field)
4,Semarang_Demak,10_Demak02_Kalitengah,Drone (rice field)
4,Semarang_Demak,09_Demak01_Kembangarum,Drone (rice field)
4,Semarang_Demak,09_Demak01_Kembangarum,Drone (rice field)
4,Semarang_Demak,09_Demak01_Kembangarum,Drone (rice field)
4,Semarang_Demak,10_Demak02_Kalitengah,Drone (rice field)
4,Semarang_Demak,10_Demak02_Kalitengah,Drone (rice field)
4,Semarang_Demak,10_Demak02_Kalitengah,Drone (rice field)
4,Semarang_Demak,10_Demak02_Kalitengah,Drone (rice field)
4,Semarang_Demak,10_Demak02_Kalitengah,Drone (rice field)
4,Semarang_Demak,10_Demak02_Kalitengah,Drone (rice field)
4,Semarang_Demak,10_Demak02_Kalitengah,Drone (rice field)
4,Semarang_Demak,10_Demak02_Kalitengah,Drone (rice field)
3,Semarang_Demak,10_Demak02_Kalitengah,Drone (rice field)
4,Semarang_Demak,10_Demak02_Kalitengah,Drone (rice field)
4,Semarang_Demak,10_Demak02_Kalitengah,Drone (rice field)
4,Semarang_Demak,09_Demak01_Kembangarum,Drone (rice field)
4,Semarang_Demak,10_Demak02_Kalitengah,Drone (rice field)
4,Semarang_Demak,10_Demak02_Kalitengah,Drone (rice field)
4,Semarang_Demak,10_Demak02_Kalitengah,Drone (rice field)
4,Semarang_Demak,09_Demak01_Kembangarum,Drone (rice field)
4,Semarang_Demak,09_Demak01_Kembangarum,Drone (rice field)
4,Semarang_Demak,09_Demak01_Kembangarum,Drone (rice field)
4,Semarang_Demak,10_Demak02_Kalitengah,Drone (rice field)
4,Semarang_Demak,10_Demak02_Kalitengah,Drone (rice field)
4,Semarang_Demak,09_Demak01_Kembangarum,Drone (rice field)
4,Semarang_Demak,09_Demak01_Kembangarum,Drone (rice field)
4,Semarang_Demak,10_Demak02_Kalitengah,Drone (rice field)
4,Semarang_Demak,10_Demak02_Kalitengah,Drone (rice field)
4,Semarang_Demak,10_Demak02_Kalitengah,Drone (rice field)
4,Semarang_Demak,10_Demak02_Kalitengah,Drone (rice field)
4,Semarang_Demak,10_Demak02_Kalitengah,Drone (rice field)
4,Semarang_Demak,10_Demak02_Kalitengah,Drone (rice field)
4,Semarang_Demak,09_Demak01_Kembangarum,Drone (rice field)
4,Semarang_Demak,10_Demak02_Kalitengah,Drone (rice field)
4,Semarang_Demak,10_Demak02_Kalitengah,Drone (rice field)
4,Semarang_Demak,09_Demak01_Kembangarum,Drone (rice field)
4,Semarang_Demak,09_Demak01_Kembangarum,Drone (rice field)
4,Semarang_Demak,10_Demak02_Kalitengah,Drone (rice field)
4,Semarang_Demak,09_Demak01_Kembangarum,Drone (rice field)
4,Semarang_Demak,10_Demak02_Kalitengah,Drone (rice field)
4,Semarang_Demak,10_Demak02_Kalitengah,Drone (rice field)
4,Semarang_Demak,10_Demak02_Kalitengah,Drone (rice field)
4,Semarang_Demak,09_Demak01_Kembangarum,Drone (rice field)
4,Semarang_Demak,09_Demak01_Kembangarum,Drone (rice field)
4,Semarang_Demak,10_Demak02_Kalitengah,Drone (rice field)
4,Semarang_Demak,10_Demak02_Kalitengah,Drone (rice field)
4,Semarang_Demak,10_Demak02_Kalitengah,Drone (rice field)
4,Semarang_Demak,09_Demak01_Kembangarum,Drone (rice field)
4,Semarang_Demak,10_Demak02_Kalitengah,Drone (rice field)
4,Semarang_Demak,10_Demak02_Kalitengah,Drone (rice field)
4,Semarang_Demak,10_Demak02_Kalitengah,Drone (rice field)
4,Semarang_Demak,09_Demak01_Kembangarum,Drone (rice field)
4,Semarang_Demak,10_Demak02_Kalitengah,Drone (rice field)
4,Semarang_Demak,10_Demak02_Kalitengah,Drone (rice field)
4,Semarang_Demak,10_Demak02_Kalitengah,Drone (rice field)
4,Semarang_Demak,10_Demak02_Kalitengah,Drone (rice field)
4,Semarang_Demak,10_Demak02_Kalitengah,Drone (rice field)
4,Semarang_Demak,09_Demak01_Kembangarum,Drone (rice field)
4,Semarang_Demak,10_Demak02_Kalitengah,Drone (rice field)
4,Semarang_Demak,10_Demak02_Kalitengah,Drone (rice field)
4,Semarang_Demak,10_Demak02_Kalitengah,Drone (rice field)
4,Semarang_Demak,09_Demak01_Kembangarum,Drone (rice field)
4,Semarang_Demak,09_Demak01_Kembangarum,Drone (rice field)
4,Semarang_Demak,10_Demak02_Kalitengah,Drone (rice field)
4,Semarang_Demak,10_Demak02_Kalitengah,Drone (rice field)
4,Semarang_Demak,10_Demak02_Kalitengah,Drone (rice field)
4,Semarang_Demak,10_Demak02_Kalitengah,Drone (rice field)
4,Semarang_Demak,10_Demak02_Kalitengah,Drone (rice field)
4,Semarang_Demak,09_Demak01_Kembangarum,Drone (rice field)
2,Semarang_Demak,,Drone (rice field)
6,Semarang_Demak,,Drone (rice field)
5,Semarang_Demak,,Drone (rice field)
6,Semarang_Demak,02_Jepara02_Surodadi,Drone (rice field)
6,Semarang_Demak,02_Jepara02_Surodadi,Drone (rice field)
4,Semarang_Demak,02_Jepara02_Surodadi,Drone (rice field)
3,Semarang_Demak,02_Jepara02_Surodadi,Drone (rice field)
2,Semarang_Demak,02_Jepara02_Surodadi,Drone (rice field)
2,Semarang_Demak,02_Jepara02_Surodadi,Drone (rice field)
6,Semarang_Demak,02_Jepara02_Surodadi,Drone (rice field)
2,Semarang_Demak,02_Jepara02_Surodadi,Drone (50x50)
6,Semarang_Demak,02_Jepara02_Surodadi,Drone (rice field)
3,Semarang_Demak,02_Jepara02_Surodadi,Drone (50x50)
2,Semarang_Demak,02_Jepara02_Surodadi,Drone (rice field)
3,Semarang_Demak,02_Jepara02_Surodadi,Drone (50x50)
4,Semarang_Demak,02_Jepara02_Surodadi,Field Survey
3,Semarang_Demak,02_Jepara02_Surodadi,Drone (rice field)
3,Semarang_Demak,02_Jepara02_Surodadi,Drone (rice field)
3,Semarang_Demak,02_Jepara02_Surodadi,Field Survey
3,Semarang_Demak,02_Jepara02_Surodadi,Drone (rice field)
2,Semarang_Demak,02_Jepara02_Surodadi,Drone (rice field)
4,Semarang_Demak,02_Jepara02_Surodadi,Drone (50x50)
3,Semarang_Demak,02_Jepara02_Surodadi,Drone (rice field)
3,Semarang_Demak,02_Jepara02_Surodadi,Drone (rice field)
3,Semarang_Demak,02_Jepara02_Surodadi,Drone (rice field)
3,Semarang_Demak,02_Jepara02_Surodadi,Drone (rice field)
3,Semarang_Demak,02_Jepara02_Surodadi,Drone (rice field)
4,Semarang_Demak,02_Jepara02_Surodadi,Drone (rice field)
2,Semarang_Demak,02_Jepara02_Surodadi,Drone (rice field)
3,Semarang_Demak,02_Jepara02_Surodadi,Drone (rice field)
2,Semarang_Demak,02_Jepara02_Surodadi,Drone (rice field)
2,Semarang_Demak,02_Jepara02_Surodadi,Drone (rice field)
3,Semarang_Demak,02_Jepara02_Surodadi,Drone (rice field)
3,Semarang_Demak,02_Jepara02_Surodadi,Drone (rice field)
3,Semarang_Demak,02_Jepara02_Surodadi,Drone (rice field)
3,Semarang_Demak,02_Jepara02_Surodadi,Drone (rice field)
2,Semarang_Demak,02_Jepara02_Surodadi,Drone (50x50)
2,Semarang_Demak,,Drone (rice field)
3,Semarang_Demak,,Drone (rice field)
4,Semarang_Demak,,Drone (rice field)
4,Semarang_Demak,,Drone (rice field)
4,Semarang_Demak,,Drone (rice field)
4,Semarang_Demak,,Drone (rice field)
4,Semarang_Demak,,Drone (rice field)
4,Semarang_Demak,,Drone (rice field)
2,Semarang_Demak,,Drone (rice field)
2,Semarang_Demak,,Drone (rice field)
2,Semarang_Demak,,Drone (rice field)
4,Semarang_Demak,,Drone (rice field)
3,Semarang_Demak,05_Jepara05_TunggulPandean,Field Survey
3,Semarang_Demak,05_Jepara05_TunggulPandean,Drone (50x50)
4,Semarang_Demak,05_Jepara05_TunggulPandean,Drone (50x50)
4,Semarang_Demak,05_Jepara05_TunggulPandean,Drone (50x50)
3,Semarang_Demak,05_Jepara05_TunggulPandean,Field Survey
3,Semarang_Demak,05_Jepara05_TunggulPandean,Field Survey
3,Semarang_Demak,05_Jepara05_TunggulPandean,Drone (50x50)
3,Semarang_Demak,05_Jepara05_TunggulPandean,Drone (50x50)
6,Semarang_Demak,05_Jepara05_TunggulPandean,Field Survey
4,Semarang_Demak,05_Jepara05_TunggulPandean,Drone (50x50)
3,Semarang_Demak,05_Jepara05_TunggulPandean,Drone (50x50)
3,Semarang_Demak,05_Jepara05_TunggulPandean,Drone (50x50)
3,Semarang_Demak,05_Jepara05_TunggulPandean,Drone (50x50)
4,Semarang_Demak,05_Jepara05_TunggulPandean,Field Survey
4,Semarang_Demak,05_Jepara05_TunggulPandean,Field Survey
6,Semarang_Demak,05_Jepara05_TunggulPandean,Drone (50x50)
6,Semarang_Demak,05_Jepara05_TunggulPandean,Drone (50x50)
6,Semarang_Demak,05_Jepara05_TunggulPandean,Field Survey
3,Semarang_Demak,05_Jepara05_TunggulPandean,Drone (50x50)
3,Semarang_Demak,05_Jepara05_TunggulPandean,Field Survey
4,Semarang_Demak,05_Jepara05_TunggulPandean,Drone (50x50)
4,Semarang_Demak,05_Jepara05_TunggulPandean,Drone (50x50)
5,Semarang_Demak,05_Jepara05_TunggulPandean,Drone (50x50)
3,Semarang_Demak,05_Jepara05_TunggulPandean,Drone (50x50)
5,Semarang_Demak,05_Jepara05_TunggulPandean,Drone (50x50)
5,Semarang_Demak,05_Jepara05_TunggulPandean,Drone (50x50)
4,Semarang_Demak,05_Jepara05_TunggulPandean,Drone (50x50)
3,Semarang_Demak,05_Jepara05_TunggulPandean,Drone (50x50)
5,Semarang_Demak,05_Jepara05_TunggulPandean,Field Survey
5,Semarang_Demak,05_Jepara05_TunggulPandean,Field Survey
5,Semarang_Demak,05_Jepara05_TunggulPandean,Drone (50x50)
5,Semarang_Demak,05_Jepara05_TunggulPandean,Drone (50x50)
6,Semarang_Demak,05_Jepara05_TunggulPandean,Drone (50x50)
5,Semarang_Demak,05_Jepara05_TunggulPandean,Drone (50x50)
4,Semarang_Demak,05_Jepara05_TunggulPandean,Drone (50x50)
6,Semarang_Demak,05_Jepara05_TunggulPandean,Drone (50x50)
5,Semarang_Demak,05_Jepara05_TunggulPandean,Field Survey
4,Semarang_Demak,05_Jepara05_TunggulPandean,Field Survey
5,Semarang_Demak,05_Jepara05_TunggulPandean,Drone (50x50)
3,Semarang_Demak,05_Jepara05_TunggulPandean,Drone (50x50)
6,Semarang_Demak,05_Jepara05_TunggulPandean,Drone (50x50)
4,Semarang_Demak,05_Jepara05_TunggulPandean,Drone (50x50)
4,Semarang_Demak,05_Jepara05_TunggulPandean,Drone (50x50)
6,Semarang_Demak,05_Jepara05_TunggulPandean,Field Survey
6,Semarang_Demak,05_Jepara05_TunggulPandean,Field Survey
4,Semarang_Demak,05_Jepara05_TunggulPandean,Drone (50x50)
4,Semarang_Demak,05_Jepara05_TunggulPandean,Drone (50x50)
6,Semarang_Demak,05_Jepara05_TunggulPandean,Drone (50x50)
4,Semarang_Demak,05_Jepara05_TunggulPandean,Drone (50x50)
6,Semarang_Demak,05_Jepara05_TunggulPandean,Drone (50x50)
6,Semarang_Demak,05_Jepara05_TunggulPandean,Field Survey
6,Semarang_Demak,05_Jepara05_TunggulPandean,Drone (50x50)
4,Semarang_Demak,05_Jepara05_TunggulPandean,Field Survey
5,Semarang_Demak,05_Jepara05_TunggulPandean,Field Survey
6,Semarang_Demak,11_Demak03_Cangkring,Drone (rice field)
6,Semarang_Demak,11_Demak03_Cangkring,Drone (rice field)
2,Semarang_Demak,11_Demak03_Cangkring,Drone (rice field)
6,Semarang_Demak,11_Demak03_Cangkring,Drone (rice field)
2,Semarang_Demak,11_Demak03_Cangkring,Drone (rice field)
6,Semarang_Demak,11_Demak03_Cangkring,Drone (rice field)
3,Semarang_Demak,11_Demak03_Cangkring,Drone (rice field)
3,Semarang_Demak,12_Demak04_Karanganyar,Drone (rice field)
3,Semarang_Demak,12_Demak04_Karanganyar,Drone (rice field)
3,Semarang_Demak,11_Demak03_Cangkring,Drone (rice field)
3,Semarang_Demak,11_Demak03_Cangkring,Drone (rice field)
2,Semarang_Demak,11_Demak03_Cangkring,Drone (rice field)
6,Semarang_Demak,11_Demak03_Cangkring,Drone (rice field)
5,Semarang_Demak,11_Demak03_Cangkring,Drone (rice field)
3,Semarang_Demak,12_Demak04_Karanganyar,Drone (rice field)
4,Semarang_Demak,11_Demak03_Cangkring,Drone (rice field)
3,Semarang_Demak,12_Demak04_Karanganyar,Drone (rice field)
3,Semarang_Demak,12_Demak04_Karanganyar,Drone (rice field)
4,Semarang_Demak,11_Demak03_Cangkring,Drone (rice field)
4,Semarang_Demak,11_Demak03_Cangkring,Drone (rice field)
3,Semarang_Demak,12_Demak04_Karanganyar,Drone (rice field)
3,Semarang_Demak,11_Demak03_Cangkring,Drone (rice field)
3,Semarang_Demak,12_Demak04_Karanganyar,Drone (rice field)
4,Semarang_Demak,11_Demak03_Cangkring,Drone (rice field)
2,Semarang_Demak,11_Demak03_Cangkring,Drone (rice field)
3,Semarang_Demak,11_Demak03_Cangkring,Drone (rice field)
6,Semarang_Demak,11_Demak03_Cangkring,Drone (rice field)
3,Semarang_Demak,12_Demak04_Karanganyar,Drone (rice field)
3,Semarang_Demak,11_Demak03_Cangkring,Drone (rice field)
3,Semarang_Demak,12_Demak04_Karanganyar,Drone (rice field)
3,Semarang_Demak,11_Demak03_Cangkring,Drone (rice field)
2,Semarang_Demak,11_Demak03_Cangkring,Drone (rice field)
2,Semarang_Demak,11_Demak03_Cangkring,Drone (rice field)
3,Semarang_Demak,12_Demak04_Karanganyar,Drone (rice field)
3,Semarang_Demak,12_Demak04_Karanganyar,Drone (rice field)
3,Semarang_Demak,11_Demak03_Cangkring,Drone (rice field)
6,Semarang_Demak,11_Demak03_Cangkring,Drone (rice field)
2,Semarang_Demak,11_Demak03_Cangkring,Drone (rice field)
3,Semarang_Demak,12_Demak04_Karanganyar,Drone (rice field)
3,Semarang_Demak,12_Demak04_Karanganyar,Drone (rice field)
3,Semarang_Demak,12_Demak04_Karanganyar,Drone (rice field)
3,Semarang_Demak,11_Demak03_Cangkring,Drone (rice field)
3,Semarang_Demak,11_Demak03_Cangkring,Drone (rice field)
2,Semarang_Demak,11_Demak03_Cangkring,Drone (rice field)
3,Semarang_Demak,12_Demak04_Karanganyar,Drone (rice field)
3,Semarang_Demak,11_Demak03_Cangkring,Drone (rice field)
3,Semarang_Demak,12_Demak04_Karanganyar,Drone (rice field)
3,Semarang_Demak,11_Demak03_Cangkring,Drone (rice field)
3,Semarang_Demak,11_Demak03_Cangkring,Drone (rice field)
6,Semarang_Demak,11_Demak03_Cangkring,Drone (rice field)
3,Semarang_Demak,12_Demak04_Karanganyar,Drone (rice field)
3,Semarang_Demak,11_Demak03_Cangkring,Drone (rice field)
5,Semarang_Demak,11_Demak03_Cangkring,Drone (rice field)
3,Semarang_Demak,12_Demak04_Karanganyar,Drone (rice field)
3,Semarang_Demak,12_Demak04_Karanganyar,Drone (rice field)
3,Semarang_Demak,11_Demak03_Cangkring,Drone (rice field)
3,Semarang_Demak,11_Demak03_Cangkring,Drone (rice field)
3,Semarang_Demak,12_Demak04_Karanganyar,Drone (rice field)
2,Semarang_Demak,11_Demak03_Cangkring,Drone (rice field)
5,Semarang_Demak,11_Demak03_Cangkring,Drone (rice field)
3,Semarang_Demak,12_Demak04_Karanganyar,Drone (rice field)
3,Semarang_Demak,12_Demak04_Karanganyar,Drone (rice field)
3,Semarang_Demak,12_Demak04_Karanganyar,Drone (rice field)
3,Semarang_Demak,12_Demak04_Karanganyar,Drone (rice field)
3,Semarang_Demak,12_Demak04_Karanganyar,Drone (rice field)
3,Semarang_Demak,12_Demak04_Karanganyar,Drone (rice field)
3,Semarang_Demak,12_Demak04_Karanganyar,Drone (rice field)
3,Semarang_Demak,12_Demak04_Karanganyar,Drone (rice field)
3,Semarang_Demak,12_Demak04_Karanganyar,Drone (rice field)
3,Semarang_Demak,11_Demak03_Cangkring,Drone (rice field)
3,Semarang_Demak,12_Demak04_Karanganyar,Drone (rice field)
3,Semarang_Demak,12_Demak04_Karanganyar,Drone (rice field)
3,Semarang_Demak,12_Demak04_Karanganyar,Drone (rice field)
5,Semarang_Demak,11_Demak03_Cangkring,Drone (rice field)
3,Semarang_Demak,11_Demak03_Cangkring,Drone (rice field)
5,Semarang_Demak,11_Demak03_Cangkring,Drone (rice field)
3,Semarang_Demak,12_Demak04_Karanganyar,Drone (rice field)
3,Semarang_Demak,11_Demak03_Cangkring,Drone (rice field)
3,Semarang_Demak,12_Demak04_Karanganyar,Drone (rice field)
3,Semarang_Demak,11_Demak03_Cangkring,Drone (rice field)
3,Semarang_Demak,12_Demak04_Karanganyar,Drone (rice field)
3,Semarang_Demak,11_Demak03_Cangkring,Drone (rice field)
3,Semarang_Demak,12_Demak04_Karanganyar,Drone (rice field)
3,Semarang_Demak,11_Demak03_Cangkring,Drone (rice field)
3,Semarang_Demak,11_Demak03_Cangkring,Drone (rice field)
3,Semarang_Demak,11_Demak03_Cangkring,Drone (rice field)
3,Semarang_Demak,11_Demak03_Cangkring,Drone (rice field)
3,Semarang_Demak,12_Demak04_Karanganyar,Drone (rice field)
5,Semarang_Demak,11_Demak03_Cangkring,Drone (rice field)
3,Semarang_Demak,11_Demak03_Cangkring,Drone (rice field)
3,Semarang_Demak,11_Demak03_Cangkring,Drone (rice field)
3,Semarang_Demak,12_Demak04_Karanganyar,Drone (rice field)
3,Semarang_Demak,12_Demak04_Karanganyar,Drone (rice field)
3,Semarang_Demak,12_Demak04_Karanganyar,Drone (rice field)
3,Semarang_Demak,12_Demak04_Karanganyar,Drone (rice field)
3,Semarang_Demak,11_Demak03_Cangkring,Drone (rice field)
2,Semarang_Demak,11_Demak03_Cangkring,Drone (rice field)
4,Semarang_Demak,11_Demak03_Cangkring,Drone (rice field)
3,Semarang_Demak,12_Demak04_Karanganyar,Drone (rice field)
2,Semarang_Demak,11_Demak03_Cangkring,Drone (rice field)
2,Semarang_Demak,11_Demak03_Cangkring,Drone (rice field)
3,Semarang_Demak,12_Demak04_Karanganyar,Drone (rice field)
3,Semarang_Demak,12_Demak04_Karanganyar,Drone (rice field)
5,Semarang_Demak,11_Demak03_Cangkring,Drone (rice field)
3,Semarang_Demak,12_Demak04_Karanganyar,Drone (rice field)
3,Semarang_Demak,11_Demak03_Cangkring,Drone (rice field)
3,Semarang_Demak,12_Demak04_Karanganyar,Drone (rice field)
3,Semarang_Demak,12_Demak04_Karanganyar,Drone (rice field)
3,Semarang_Demak,12_Demak04_Karanganyar,Drone (rice field)
5,Semarang_Demak,11_Demak03_Cangkring,Drone (rice field)
4,Semarang_Demak,11_Demak03_Cangkring,Drone (rice field)
2,Semarang_Demak,11_Demak03_Cangkring,Drone (rice field)
3,Semarang_Demak,12_Demak04_Karanganyar,Drone (rice field)
3,Semarang_Demak,12_Demak04_Karanganyar,Drone (rice field)
4,Semarang_Demak,11_Demak03_Cangkring,Drone (rice field)
4,Klambu,,Drone (rice field)
2,Klambu,,Drone (rice field)
2,Klambu,,Drone (rice field)
2,Semarang_Demak,01_Jepara01_Rau,Drone (50x50)
2,Semarang_Demak,01_Jepara01_Rau,Drone (rice field)
2,Semarang_Demak,01_Jepara01_Rau,Drone (rice field)
2,Semarang_Demak,01_Jepara01_Rau,Drone (rice field)
2,Semarang_Demak,01_Jepara01_Rau,Drone (rice field)
2,Semarang_Demak,01_Jepara01_Rau,Drone (rice field)
2,Semarang_Demak,01_Jepara01_Rau,Drone (rice field)
2,Semarang_Demak,01_Jepara01_Rau,Drone (rice field)
2,Semarang_Demak,01_Jepara01_Rau,Drone (rice field)
2,Semarang_Demak,01_Jepara01_Rau,Drone (rice field)
2,Semarang_Demak,01_Jepara01_Rau,Drone (rice field)
2,Semarang_Demak,01_Jepara01_Rau,Drone (rice field)
2,Semarang_Demak,01_Jepara01_Rau,Drone (50x50)
2,Semarang_Demak,01_Jepara01_Rau,Drone (rice field)
2,Semarang_Demak,01_Jepara01_Rau,Drone (rice field)
2,Semarang_Demak,01_Jepara01_Rau,Drone (rice field)
2,Semarang_Demak,01_Jepara01_Rau,Drone (rice field)
2,Semarang_Demak,01_Jepara01_Rau,Drone (rice field)
2,Semarang_Demak,01_Jepara01_Rau,Drone (50x50)
2,Semarang_Demak,01_Jepara01_Rau,Drone (rice field)
2,Semarang_Demak,01_Jepara01_Rau,Drone (rice field)
2,Semarang_Demak,01_Jepara01_Rau,Drone (rice field)
2,Semarang_Demak,01_Jepara01_Rau,Drone (rice field)
2,Semarang_Demak,01_Jepara01_Rau,Drone (rice field)
2,Semarang_Demak,01_Jepara01_Rau,Drone (rice field)
2,Semarang_Demak,01_Jepara01_Rau,Drone (rice field)
2,Semarang_Demak,01_Jepara01_Rau,Drone (rice field)
2,Semarang_Demak,01_Jepara01_Rau,Drone (rice field)
2,Semarang_Demak,01_Jepara01_Rau,Drone (rice field)
2,Semarang_Demak,01_Jepara01_Rau,Drone (50x50)
2,Semarang_Demak,01_Jepara01_Rau,Drone (rice field)
2,Semarang_Demak,01_Jepara01_Rau,Drone (rice field)
2,Semarang_Demak,01_Jepara01_Rau,Drone (rice field)
2,Semarang_Demak,01_Jepara01_Rau,Drone (rice field)
2,Semarang_Demak,01_Jepara01_Rau,Drone (50x50)
2,Semarang_Demak,01_Jepara01_Rau,Drone (50x50)
2,Semarang_Demak,01_Jepara01_Rau,Drone (rice field)
2,Semarang_Demak,01_Jepara01_Rau,Drone (rice field)
2,Semarang_Demak,01_Jepara01_Rau,Drone (rice field)
2,Semarang_Demak,01_Jepara01_Rau,Drone (rice field)
2,Semarang_Demak,01_Jepara01_Rau,Drone (rice field)
2,Semarang_Demak,01_Jepara01_Rau,Drone (rice field)
2,Semarang_Demak,01_Jepara01_Rau,Drone (rice field)
2,Semarang_Demak,01_Jepara01_Rau,Drone (rice field)
2,Semarang_Demak,01_Jepara01_Rau,Drone (rice field)
2,Semarang_Demak,01_Jepara01_Rau,Drone (rice field)
2,Semarang_Demak,01_Jepara01_Rau,Drone (rice field)
2,Semarang_Demak,01_Jepara01_Rau,Drone (rice field)
2,Semarang_Demak,01_Jepara01_Rau,Drone (50x50)
2,Semarang_Demak,01_Jepara01_Rau,Drone (rice field)
2,Semarang_Demak,01_Jepara01_Rau,Drone (rice field)
2,Semarang_Demak,01_Jepara01_Rau,Drone (rice field)
2,Semarang_Demak,01_Jepara01_Rau,Drone (rice field)
2,Semarang_Demak,01_Jepara01_Rau,Drone (rice field)
2,Semarang_Demak,01_Jepara01_Rau,Drone (rice field)
2,Semarang_Demak,01_Jepara01_Rau,Drone (rice field)
2,Semarang_Demak,01_Jepara01_Rau,Drone (rice field)
2,Semarang_Demak,01_Jepara01_Rau,Drone (rice field)
2,Semarang_Demak,01_Jepara01_Rau,Drone (rice field)
2,Semarang_Demak,01_Jepara01_Rau,Drone (rice field)
2,Semarang_Demak,01_Jepara01_Rau,Drone (rice field)
2,Semarang_Demak,01_Jepara01_Rau,Drone (50x50)
2,Semarang_Demak,01_Jepara01_Rau,Drone (rice field)
2,Semarang_Demak,01_Jepara01_Rau,Drone (rice field)
2,Semarang_Demak,01_Jepara01_Rau,Drone (50x50)
2,Semarang_Demak,01_Jepara01_Rau,Drone (rice field)
2,Semarang_Demak,01_Jepara01_Rau,Drone (rice field)
2,Semarang_Demak,01_Jepara01_Rau,Drone (rice field)
2,Semarang_Demak,01_Jepara01_Rau,Drone (rice field)
2,Semarang_Demak,01_Jepara01_Rau,Drone (rice field)
2,Semarang_Demak,01_Jepara01_Rau,Drone (50x50)
2,Semarang_Demak,01_Jepara01_Rau,Drone (rice field)
2,Semarang_Demak,01_Jepara01_Rau,Drone (rice field)
2,Semarang_Demak,01_Jepara01_Rau,Drone (rice field)
2,Semarang_Demak,01_Jepara01_Rau,Drone (rice field)
2,Semarang_Demak,01_Jepara01_Rau,Drone (rice field)
2,Semarang_Demak,01_Jepara01_Rau,Drone (rice field)
2,Semarang_Demak,01_Jepara01_Rau,Drone (rice field)
2,Semarang_Demak,01_Jepara01_Rau,Drone (rice field)
2,Semarang_Demak,01_Jepara01_Rau,Drone (rice field)
2,Semarang_Demak,01_Jepara01_Rau,Drone (rice field)
2,Semarang_Demak,01_Jepara01_Rau,Drone (rice field)
2,Semarang_Demak,01_Jepara01_Rau,Drone (rice field)
2,Semarang_Demak,01_Jepara01_Rau,Drone (rice field)
2,Semarang_Demak,01_Jepara01_Rau,Drone (rice field)
2,Semarang_Demak,01_Jepara01_Rau,Drone (50x50)
2,Semarang_Demak,01_Jepara01_Rau,Drone (rice field)
2,Semarang_Demak,01_Jepara01_Rau,Drone (50x50)
2,Semarang_Demak,01_Jepara01_Rau,Drone (rice field)
2,Semarang_Demak,01_Jepara01_Rau,Drone (rice field)
2,Semarang_Demak,01_Jepara01_Rau,Drone (rice field)
2,Semarang_Demak,01_Jepara01_Rau,Drone (rice field)
2,Semarang_Demak,01_Jepara01_Rau,Drone (rice field)
2,Semarang_Demak,01_Jepara01_Rau,Drone (50x50)
2,Semarang_Demak,01_Jepara01_Rau,Drone (rice field)
2,Semarang_Demak,01_Jepara01_Rau,Drone (rice field)
2,Semarang_Demak,01_Jepara01_Rau,Drone (50x50)
2,Semarang_Demak,01_Jepara01_Rau,Drone (rice field)
2,Semarang_Demak,01_Jepara01_Rau,Drone (50x50)
2,Semarang_Demak,01_Jepara01_Rau,Drone (rice field)
2,Semarang_Demak,01_Jepara01_Rau,Drone (rice field)
2,Semarang_Demak,01_Jepara01_Rau,Drone (rice field)
2,Semarang_Demak,01_Jepara01_Rau,Drone (50x50)
2,Semarang_Demak,01_Jepara01_Rau,Drone (rice field)
2,Semarang_Demak,01_Jepara01_Rau,Drone (rice field)
2,Semarang_Demak,01_Jepara01_Rau,Drone (rice field)
2,Semarang_Demak,01_Jepara01_Rau,Drone (rice field)
2,Semarang_Demak,01_Jepara01_Rau,Drone (rice field)
2,Semarang_Demak,01_Jepara01_Rau,Drone (rice field)
2,Semarang_Demak,01_Jepara01_Rau,Drone (50x50)
2,Semarang_Demak,01_Jepara01_Rau,Drone (rice field)
2,Semarang_Demak,01_Jepara01_Rau,Field Survey
2,Semarang_Demak,01_Jepara01_Rau,Drone (rice field)
2,Semarang_Demak,01_Jepara01_Rau,Drone (rice field)
2,Semarang_Demak,01_Jepara01_Rau,Drone (rice field)
2,Semarang_Demak,01_Jepara01_Rau,Drone (rice field)
2,Semarang_Demak,01_Jepara01_Rau,Drone (50x50)
2,Semarang_Demak,01_Jepara01_Rau,Drone (rice field)
2,Semarang_Demak,01_Jepara01_Rau,Drone (rice field)
2,Semarang_Demak,01_Jepara01_Rau,Drone (rice field)
2,Semarang_Demak,01_Jepara01_Rau,Drone (rice field)
2,Semarang_Demak,01_Jepara01_Rau,Drone (rice field)
2,Semarang_Demak,01_Jepara01_Rau,Drone (rice field)
2,Semarang_Demak,01_Jepara01_Rau,Drone (rice field)
2,Semarang_Demak,01_Jepara01_Rau,Drone (50x50)
2,Semarang_Demak,01_Jepara01_Rau,Drone (rice field)
2,Semarang_Demak,01_Jepara01_Rau,Drone (rice field)
2,Semarang_Demak,01_Jepara01_Rau,Drone (rice field)
2,Semarang_Demak,01_Jepara01_Rau,Drone (rice field)
2,Semarang_Demak,01_Jepara01_Rau,Drone (rice field)
3,Semarang_Demak,01_Jepara01_Rau,Field Survey
2,Semarang_Demak,01_Jepara01_Rau,Drone (rice field)
2,Semarang_Demak,01_Jepara01_Rau,Drone (rice field)
2,Semarang_Demak,01_Jepara01_Rau,Drone (rice field)
2,Semarang_Demak,01_Jepara01_Rau,Drone (50x50)
2,Semarang_Demak,01_Jepara01_Rau,Drone (rice field)
2,Semarang_Demak,01_Jepara01_Rau,Drone (rice field)
2,Semarang_Demak,01_Jepara01_Rau,Drone (50x50)
2,Semarang_Demak,01_Jepara01_Rau,Drone (50x50)
2,Semarang_Demak,01_Jepara01_Rau,Drone (rice field)
2,Semarang_Demak,01_Jepara01_Rau,Drone (rice field)
2,Semarang_Demak,01_Jepara01_Rau,Drone (rice field)
2,Semarang_Demak,01_Jepara01_Rau,Drone (50x50)
2,Semarang_Demak,01_Jepara01_Rau,Drone (rice field)
2,Semarang_Demak,01_Jepara01_Rau,Drone (rice field)
2,Semarang_Demak,01_Jepara01_Rau,Drone (rice field)
2,Semarang_Demak,01_Jepara01_Rau,Drone (rice field)
2,Semarang_Demak,01_Jepara01_Rau,Drone (50x50)
2,Semarang_Demak,01_Jepara01_Rau,Drone (rice field)
2,Semarang_Demak,01_Jepara01_Rau,Drone (rice field)
2,Semarang_Demak,01_Jepara01_Rau,Drone (50x50)
2,Semarang_Demak,01_Jepara01_Rau,Drone (rice field)
2,Semarang_Demak,01_Jepara01_Rau,Drone (50x50)
2,Semarang_Demak,01_Jepara01_Rau,Drone (rice field)
2,Semarang_Demak,01_Jepara01_Rau,Drone (50x50)
2,Semarang_Demak,01_Jepara01_Rau,Drone (rice field)
2,Semarang_Demak,01_Jepara01_Rau,Drone (rice field)
2,Semarang_Demak,01_Jepara01_Rau,Drone (rice field)
2,Klambu,17_Kudus05_Tenggeles,Drone (rice field)
2,Klambu,17_Kudus05_Tenggeles,Drone (rice field)
2,Klambu,17_Kudus05_Tenggeles,Drone (rice field)
3,Klambu,17_Kudus05_Tenggeles,Drone (rice field)
2,Klambu,17_Kudus05_Tenggeles,Drone (rice field)
3,Klambu,17_Kudus05_Tenggeles,Drone (rice field)
2,Klambu,17_Kudus05_Tenggeles,Drone (rice field)
2,Klambu,17_Kudus05_Tenggeles,Drone (rice field)
2,Klambu,17_Kudus05_Tenggeles,Drone (rice field)
2,Klambu,17_Kudus05_Tenggeles,Drone (rice field)
3,Klambu,17_Kudus05_Tenggeles,Drone (rice field)
3,Klambu,17_Kudus05_Tenggeles,Drone (rice field)
2,Klambu,17_Kudus05_Tenggeles,Drone (rice field)
2,Klambu,17_Kudus05_Tenggeles,Drone (rice field)
3,Klambu,17_Kudus05_Tenggeles,Drone (rice field)
2,Klambu,17_Kudus05_Tenggeles,Drone (rice field)
3,Klambu,17_Kudus05_Tenggeles,Drone (rice field)
2,Klambu,17_Kudus05_Tenggeles,Drone (rice field)
2,Klambu,17_Kudus05_Tenggeles,Drone (rice field)
2,Klambu,17_Kudus05_Tenggeles,Drone (rice field)
2,Klambu,17_Kudus05_Tenggeles,Drone (rice field)
2,Klambu,17_Kudus05_Tenggeles,Drone (rice field)
2,Klambu,17_Kudus05_Tenggeles,Drone (rice field)
2,Klambu,17_Kudus05_Tenggeles,Drone (rice field)
2,Klambu,17_Kudus05_Tenggeles,Drone (rice field)
2,Klambu,17_Kudus05_Tenggeles,Drone (rice field)
2,Klambu,17_Kudus05_Tenggeles,Drone (rice field)
3,Klambu,17_Kudus05_Tenggeles,Drone (rice field)
2,Klambu,17_Kudus05_Tenggeles,Drone (rice field)
3,Klambu,17_Kudus05_Tenggeles,Drone (rice field)
3,Klambu,17_Kudus05_Tenggeles,Drone (rice field)
3,Klambu,17_Kudus05_Tenggeles,Drone (rice field)
3,Klambu,17_Kudus05_Tenggeles,Drone (rice field)
2,Klambu,17_Kudus05_Tenggeles,Drone (rice field)
2,Klambu,17_Kudus05_Tenggeles,Drone (rice field)
3,Klambu,17_Kudus05_Tenggeles,Drone (rice field)
2,Klambu,17_Kudus05_Tenggeles,Drone (rice field)
3,Klambu,17_Kudus05_Tenggeles,Drone (rice field)
3,Klambu,17_Kudus05_Tenggeles,Drone (rice field)
3,Klambu,17_Kudus05_Tenggeles,Drone (rice field)
2,Klambu,17_Kudus05_Tenggeles,Drone (rice field)
2,Klambu,17_Kudus05_Tenggeles,Drone (rice field)
2,Klambu,17_Kudus05_Tenggeles,Drone (rice field)
2,Klambu,17_Kudus05_Tenggeles,Drone (rice field)
2,Klambu,17_Kudus05_Tenggeles,Drone (rice field)
2,Klambu,17_Kudus05_Tenggeles,Drone (rice field)
3,Klambu,17_Kudus05_Tenggeles,Drone (rice field)
2,Klambu,17_Kudus05_Tenggeles,Drone (rice field)
2,Klambu,17_Kudus05_Tenggeles,Drone (rice field)
2,Klambu,17_Kudus05_Tenggeles,Drone (rice field)
2,Klambu,17_Kudus05_Tenggeles,Drone (rice field)
2,Klambu,17_Kudus05_Tenggeles,Drone (rice field)
2,Klambu,17_Kudus05_Tenggeles,Drone (rice field)
2,Klambu,17_Kudus05_Tenggeles,Drone (rice field)
2,Klambu,17_Kudus05_Tenggeles,Drone (rice field)
2,Klambu,17_Kudus05_Tenggeles,Drone (rice field)
2,Klambu,17_Kudus05_Tenggeles,Drone (rice field)
2,Klambu,17_Kudus05_Tenggeles,Drone (rice field)
2,Klambu,17_Kudus05_Tenggeles,Drone (rice field)
2,Klambu,17_Kudus05_Tenggeles,Drone (rice field)
2,Klambu,17_Kudus05_Tenggeles,Drone (rice field)
2,Klambu,17_Kudus05_Tenggeles,Drone (rice field)
2,Klambu,,Drone (rice field)
3,Semarang_Demak,03_Jepara03_SowanLor,Drone (50x50)
2,Semarang_Demak,04_Jepara04_Krasak,Drone (rice field)
3,Semarang_Demak,04_Jepara04_Krasak,Drone (rice field)
6,Semarang_Demak,04_Jepara04_Krasak,Drone (50x50)
2,Semarang_Demak,04_Jepara04_Krasak,Drone (rice field)
2,Semarang_Demak,04_Jepara04_Krasak,Drone (50x50)
2,Semarang_Demak,04_Jepara04_Krasak,Drone (rice field)
2,Semarang_Demak,04_Jepara04_Krasak,Drone (50x50)
3,Semarang_Demak,04_Jepara04_Krasak,Drone (50x50)
3,Semarang_Demak,04_Jepara04_Krasak,Drone (rice field)
3,Semarang_Demak,03_Jepara03_SowanLor,Drone (rice field)
2,Semarang_Demak,04_Jepara04_Krasak,Drone (rice field)
3,Semarang_Demak,03_Jepara03_SowanLor,Field Survey
3,Semarang_Demak,03_Jepara03_SowanLor,Drone (rice field)
2,Semarang_Demak,04_Jepara04_Krasak,Drone (50x50)
3,Semarang_Demak,04_Jepara04_Krasak,Drone (rice field)
2,Semarang_Demak,04_Jepara04_Krasak,Drone (rice field)
3,Semarang_Demak,04_Jepara04_Krasak,Drone (50x50)
3,Semarang_Demak,04_Jepara04_Krasak,Drone (50x50)
2,Semarang_Demak,04_Jepara04_Krasak,Drone (50x50)
2,Semarang_Demak,04_Jepara04_Krasak,Drone (50x50)
2,Semarang_Demak,04_Jepara04_Krasak,Drone (rice field)
2,Semarang_Demak,04_Jepara04_Krasak,Drone (50x50)
2,Semarang_Demak,04_Jepara04_Krasak,Drone (rice field)
2,Semarang_Demak,04_Jepara04_Krasak,Drone (50x50)
2,Semarang_Demak,04_Jepara04_Krasak,Drone (rice field)
2,Semarang_Demak,04_Jepara04_Krasak,Drone (rice field)
3,Semarang_Demak,04_Jepara04_Krasak,Drone (50x50)
2,Semarang_Demak,04_Jepara04_Krasak,Drone (rice field)
2,Semarang_Demak,04_Jepara04_Krasak,Drone (rice field)
3,Semarang_Demak,03_Jepara03_SowanLor,Drone (rice field)
2,Semarang_Demak,04_Jepara04_Krasak,Drone (50x50)
3,Semarang_Demak,04_Jepara04_Krasak,Drone (rice field)
3,Semarang_Demak,03_Jepara03_SowanLor,Field Survey
2,Semarang_Demak,04_Jepara04_Krasak,Drone (rice field)
6,Semarang_Demak,04_Jepara04_Krasak,Drone (50x50)
2,Semarang_Demak,04_Jepara04_Krasak,Drone (rice field)
2,Semarang_Demak,04_Jepara04_Krasak,Drone (50x50)
2,Semarang_Demak,04_Jepara04_Krasak,Drone (50x50)
2,Semarang_Demak,04_Jepara04_Krasak,Drone (rice field)
3,Semarang_Demak,04_Jepara04_Krasak,Drone (50x50)
3,Semarang_Demak,03_Jepara03_SowanLor,Drone (rice field)
2,Semarang_Demak,04_Jepara04_Krasak,Drone (rice field)
2,Semarang_Demak,04_Jepara04_Krasak,Drone (50x50)
2,Semarang_Demak,04_Jepara04_Krasak,Drone (50x50)
2,Semarang_Demak,04_Jepara04_Krasak,Drone (50x50)
3,Semarang_Demak,04_Jepara04_Krasak,Drone (50x50)
3,Semarang_Demak,04_Jepara04_Krasak,Drone (50x50)
2,Semarang_Demak,04_Jepara04_Krasak.tif,Field Survey
3,Semarang_Demak,04_Jepara04_Krasak,Drone (50x50)
2,Semarang_Demak,04_Jepara04_Krasak,Drone (50x50)
2,Semarang_Demak,04_Jepara04_Krasak,Drone (rice field)
3,Semarang_Demak,04_Jepara04_Krasak,Drone (rice field)
3,Semarang_Demak,03_Jepara03_SowanLor,Field Survey
3,Semarang_Demak,04_Jepara04_Krasak,Drone (rice field)
2,Semarang_Demak,04_Jepara04_Krasak,Drone (rice field)
2,Semarang_Demak,04_Jepara04_Krasak,Drone (rice field)
2,Semarang_Demak,04_Jepara04_Krasak,Drone (rice field)
2,Semarang_Demak,04_Jepara04_Krasak,Drone (50x50)
2,Semarang_Demak,04_Jepara04_Krasak,Drone (rice field)
2,Semarang_Demak,04_Jepara04_Krasak,Drone (rice field)
2,Semarang_Demak,04_Jepara04_Krasak,Drone (50x50)
2,Semarang_Demak,04_Jepara04_Krasak,Drone (50x50)
2,Semarang_Demak,04_Jepara04_Krasak,Drone (rice field)
3,Semarang_Demak,04_Jepara04_Krasak,Drone (50x50)
2,Semarang_Demak,04_Jepara04_Krasak,Drone (50x50)
6,Semarang_Demak,04_Jepara04_Krasak,Drone (50x50)
3,Semarang_Demak,04_Jepara04_Krasak,Drone (50x50)
3,Semarang_Demak,04_Jepara04_Krasak,Drone (rice field)
3,Semarang_Demak,04_Jepara04_Krasak,Drone (50x50)
3,Semarang_Demak,04_Jepara04_Krasak,Drone (50x50)
3,Semarang_Demak,04_Jepara04_Krasak,Drone (rice field)
3,Semarang_Demak,04_Jepara04_Krasak,Drone (rice field)
2,Semarang_Demak,04_Jepara04_Krasak,Drone (50x50)
2,Semarang_Demak,04_Jepara04_Krasak,Drone (rice field)
6,Semarang_Demak,04_Jepara04_Krasak,Drone (50x50)
2,Semarang_Demak,04_Jepara04_Krasak,Drone (50x50)
2,Semarang_Demak,04_Jepara04_Krasak,Drone (rice field)
2,Semarang_Demak,04_Jepara04_Krasak,Drone (rice field)
3,Semarang_Demak,03_Jepara03_SowanLor,Drone (rice field)
3,Semarang_Demak,04_Jepara04_Krasak,Drone (rice field)
2,Semarang_Demak,04_Jepara04_Krasak,Drone (50x50)
3,Semarang_Demak,04_Jepara04_Krasak,Drone (50x50)
2,Semarang_Demak,04_Jepara04_Krasak,Drone (50x50)
2,Semarang_Demak,04_Jepara04_Krasak,Drone (50x50)
2,Semarang_Demak,04_Jepara04_Krasak,Drone (50x50)
2,Semarang_Demak,04_Jepara04_Krasak,Drone (rice field)
2,Semarang_Demak,04_Jepara04_Krasak,Drone (50x50)
2,Semarang_Demak,04_Jepara04_Krasak,Drone (50x50)
3,Semarang_Demak,04_Jepara04_Krasak,Drone (50x50)
3,Semarang_Demak,04_Jepara04_Krasak,Drone (50x50)
3,Semarang_Demak,04_Jepara04_Krasak,Drone (rice field)
2,Semarang_Demak,04_Jepara04_Krasak,Drone (rice field)
2,Semarang_Demak,04_Jepara04_Krasak,Drone (50x50)
2,Semarang_Demak,04_Jepara04_Krasak,Drone (50x50)
2,Semarang_Demak,04_Jepara04_Krasak,Drone (50x50)
3,Semarang_Demak,04_Jepara04_Krasak,Drone (50x50)
2,Semarang_Demak,04_Jepara04_Krasak,Drone (rice field)
3,Semarang_Demak,04_Jepara04_Krasak,Drone (rice field)
2,Semarang_Demak,04_Jepara04_Krasak,Drone (50x50)
2,Semarang_Demak,04_Jepara04_Krasak,Drone (rice field)
2,Semarang_Demak,04_Jepara04_Krasak,Drone (rice field)
3,Semarang_Demak,04_Jepara04_Krasak,Drone (rice field)
3,Semarang_Demak,04_Jepara04_Krasak,Drone (rice field)
2,Semarang_Demak,04_Jepara04_Krasak,Drone (rice field)
3,Semarang_Demak,04_Jepara04_Krasak,Drone (50x50)
2,Semarang_Demak,04_Jepara04_Krasak,Drone (50x50)
2,Semarang_Demak,04_Jepara04_Krasak,Drone (rice field)
2,Semarang_Demak,04_Jepara04_Krasak,Drone (rice field)
2,Semarang_Demak,04_Jepara04_Krasak,Drone (rice field)
6,Semarang_Demak,04_Jepara04_Krasak,Drone (50x50)
2,Semarang_Demak,04_Jepara04_Krasak,Drone (rice field)
2,Semarang_Demak,04_Jepara04_Krasak,Drone (rice field)
3,Semarang_Demak,03_Jepara03_SowanLor,Drone (rice field)
3,Semarang_Demak,04_Jepara04_Krasak,Drone (50x50)
2,Semarang_Demak,04_Jepara04_Krasak,Drone (rice field)
2,Semarang_Demak,04_Jepara04_Krasak,Drone (rice field)
2,Semarang_Demak,04_Jepara04_Krasak,Drone (rice field)
3,Semarang_Demak,04_Jepara04_Krasak,Drone (50x50)
6,Semarang_Demak,04_Jepara04_Krasak,Drone (50x50)
2,Semarang_Demak,04_Jepara04_Krasak,Drone (rice field)
2,Semarang_Demak,04_Jepara04_Krasak,Drone (rice field)
6,Semarang_Demak,04_Jepara04_Krasak,Drone (50x50)
6,Semarang_Demak,04_Jepara04_Krasak,Drone (50x50)
2,Semarang_Demak,04_Jepara04_Krasak,Drone (50x50)
6,Semarang_Demak,04_Jepara04_Krasak,Drone (50x50)
2,Semarang_Demak,04_Jepara04_Krasak,Drone (50x50)
3,Klambu,13_Kudus01_GarungKidul,Drone (rice field)
2,Klambu,13_Kudus01_GarungKidul,Drone (rice field)
3,Klambu,13_Kudus01_GarungKidul,Drone (rice field)
2,Klambu,13_Kudus01_GarungKidul,Drone (rice field)
2,Klambu,13_Kudus01_GarungKidul,Drone (rice field)
2,Klambu,13_Kudus01_GarungKidul,Drone (rice field)
3,Klambu,13_Kudus01_GarungKidul,Drone (rice field)
3,Klambu,13_Kudus01_GarungKidul,Drone (rice field)
3,Klambu,13_Kudus01_GarungKidul,Drone (rice field)
3,Klambu,13_Kudus01_GarungKidul,Drone (rice field)
3,Klambu,13_Kudus01_GarungKidul,Drone (rice field)
3,Klambu,13_Kudus01_GarungKidul,Drone (rice field)
2,Klambu,13_Kudus01_GarungKidul,Drone (rice field)
2,Klambu,13_Kudus01_GarungKidul,Drone (rice field)
2,Klambu,13_Kudus01_GarungKidul,Drone (rice field)
2,Klambu,13_Kudus01_GarungKidul,Drone (rice field)
3,Klambu,13_Kudus01_GarungKidul,Drone (rice field)
3,Klambu,13_Kudus01_GarungKidul,Drone (rice field)
2,Klambu,13_Kudus01_GarungKidul,Drone (rice field)
2,Klambu,13_Kudus01_GarungKidul,Drone (rice field)
2,Klambu,13_Kudus01_GarungKidul,Drone (rice field)
3,Klambu,13_Kudus01_GarungKidul,Drone (rice field)
3,Klambu,13_Kudus01_GarungKidul,Drone (rice field)
2,Klambu,13_Kudus01_GarungKidul,Drone (rice field)
2,Klambu,13_Kudus01_GarungKidul,Drone (rice field)
2,Klambu,13_Kudus01_GarungKidul,Drone (rice field)
6,Klambu,13_Kudus01_GarungKidul,Drone (rice field)
2,Klambu,13_Kudus01_GarungKidul,Drone (rice field)
2,Klambu,13_Kudus01_GarungKidul,Drone (rice field)
2,Klambu,13_Kudus01_GarungKidul,Drone (rice field)
3,Klambu,13_Kudus01_GarungKidul,Drone (rice field)
2,Klambu,13_Kudus01_GarungKidul,Drone (rice field)
2,Klambu,13_Kudus01_GarungKidul,Drone (rice field)
2,Klambu,13_Kudus01_GarungKidul,Drone (rice field)
2,Klambu,13_Kudus01_GarungKidul,Drone (rice field)
2,Klambu,13_Kudus01_GarungKidul,Drone (rice field)
3,Klambu,13_Kudus01_GarungKidul,Drone (rice field)
3,Klambu,13_Kudus01_GarungKidul,Drone (rice field)
3,Klambu,13_Kudus01_GarungKidul,Drone (rice field)
2,Klambu,13_Kudus01_GarungKidul,Drone (rice field)
2,Klambu,13_Kudus01_GarungKidul,Drone (rice field)
2,Klambu,13_Kudus01_GarungKidul,Drone (rice field)
3,Klambu,13_Kudus01_GarungKidul,Drone (rice field)
2,Klambu,13_Kudus01_GarungKidul,Drone (rice field)
6,Klambu,13_Kudus01_GarungKidul,Drone (rice field)
2,Klambu,13_Kudus01_GarungKidul,Drone (rice field)
3,Klambu,13_Kudus01_GarungKidul,Drone (rice field)
2,Klambu,13_Kudus01_GarungKidul,Drone (rice field)
6,Klambu,13_Kudus01_GarungKidul,Drone (rice field)
6,Klambu,13_Kudus01_GarungKidul,Drone (rice field)
2,Klambu,13_Kudus01_GarungKidul,Drone (rice field)
2,Klambu,13_Kudus01_GarungKidul,Drone (rice field)
3,Klambu,13_Kudus01_GarungKidul,Drone (rice field)
3,Klambu,13_Kudus01_GarungKidul,Drone (rice field)
2,Klambu,13_Kudus01_GarungKidul,Drone (rice field)
2,Klambu,13_Kudus01_GarungKidul,Drone (rice field)
3,Klambu,13_Kudus01_GarungKidul,Drone (rice field)
2,Klambu,13_Kudus01_GarungKidul,Drone (rice field)
2,Klambu,13_Kudus01_GarungKidul,Drone (rice field)
3,Klambu,13_Kudus01_GarungKidul,Drone (rice field)
6,Klambu,13_Kudus01_GarungKidul,Drone (rice field)
2,Klambu,13_Kudus01_GarungKidul,Drone (rice field)
2,Klambu,13_Kudus01_GarungKidul,Drone (rice field)
3,Klambu,13_Kudus01_GarungKidul,Drone (rice field)
3,Klambu,13_Kudus01_GarungKidul,Drone (rice field)
2,Klambu,13_Kudus01_GarungKidul,Drone (rice field)
3,Klambu,13_Kudus01_GarungKidul,Drone (rice field)
2,Klambu,13_Kudus01_GarungKidul,Drone (rice field)
6,Klambu,13_Kudus01_GarungKidul,Drone (rice field)
2,Klambu,13_Kudus01_GarungKidul,Drone (rice field)
2,Klambu,13_Kudus01_GarungKidul,Drone (rice field)
3,Klambu,13_Kudus01_GarungKidul,Drone (rice field)
3,Klambu,13_Kudus01_GarungKidul,Drone (rice field)
2,Klambu,13_Kudus01_GarungKidul,Drone (rice field)
2,Klambu,13_Kudus01_GarungKidul,Drone (rice field)
3,Klambu,13_Kudus01_GarungKidul,Drone (rice field)
2,Klambu,13_Kudus01_GarungKidul,Drone (rice field)
3,Klambu,13_Kudus01_GarungKidul,Drone (rice field)
2,Klambu,13_Kudus01_GarungKidul,Drone (rice field)
2,Klambu,13_Kudus01_GarungKidul,Drone (rice field)
3,Klambu,13_Kudus01_GarungKidul,Drone (rice field)
3,Klambu,13_Kudus01_GarungKidul,Drone (rice field)
3,Klambu,13_Kudus01_GarungKidul,Drone (rice field)
3,Klambu,13_Kudus01_GarungKidul,Drone (rice field)
2,Klambu,13_Kudus01_GarungKidul,Drone (rice field)
2,Klambu,13_Kudus01_GarungKidul,Drone (rice field)
3,Klambu,13_Kudus01_GarungKidul,Drone (rice field)
2,Klambu,13_Kudus01_GarungKidul,Drone (rice field)
3,Klambu,13_Kudus01_GarungKidul,Drone (rice field)
3,Klambu,13_Kudus01_GarungKidul,Drone (rice field)
3,Klambu,13_Kudus01_GarungKidul,Drone (rice field)
2,Klambu,13_Kudus01_GarungKidul,Drone (rice field)
2,Klambu,13_Kudus01_GarungKidul,Drone (rice field)
3,Klambu,13_Kudus01_GarungKidul,Drone (rice field)
2,Klambu,13_Kudus01_GarungKidul,Drone (rice field)
6,Klambu,13_Kudus01_GarungKidul,Drone (rice field)
3,Klambu,13_Kudus01_GarungKidul,Drone (rice field)
3,Klambu,13_Kudus01_GarungKidul,Drone (rice field)
3,Klambu,13_Kudus01_GarungKidul,Drone (rice field)
2,Klambu,13_Kudus01_GarungKidul,Drone (rice field)
3,Klambu,13_Kudus01_GarungKidul,Drone (rice field)
2,Klambu,13_Kudus01_GarungKidul,Drone (rice field)
3,Klambu,13_Kudus01_GarungKidul,Drone (rice field)
6,Klambu,13_Kudus01_GarungKidul,Drone (rice field)
6,Klambu,13_Kudus01_GarungKidul,Drone (rice field)
3,Klambu,13_Kudus01_GarungKidul,Drone (rice field)
2,Klambu,13_Kudus01_GarungKidul,Drone (rice field)
2,Klambu,13_Kudus01_GarungKidul,Drone (rice field)
3,Klambu,13_Kudus01_GarungKidul,Drone (rice field)
3,Klambu,13_Kudus01_GarungKidul,Drone (rice field)
2,Klambu,13_Kudus01_GarungKidul,Drone (rice field)
2,Klambu,13_Kudus01_GarungKidul,Drone (rice field)
6,Klambu,13_Kudus01_GarungKidul,Drone (rice field)
6,Klambu,13_Kudus01_GarungKidul,Drone (rice field)
6,Klambu,13_Kudus01_GarungKidul,Drone (rice field)
2,Klambu,13_Kudus01_GarungKidul,Drone (rice field)
2,Klambu,13_Kudus01_GarungKidul,Drone (rice field)
6,Klambu,13_Kudus01_GarungKidul,Drone (rice field)
2,Klambu,13_Kudus01_GarungKidul,Drone (rice field)
3,Klambu,13_Kudus01_GarungKidul,Drone (rice field)
2,Klambu,14_Kudus02_Payaman.tif,Drone (rice field)
2,Klambu,15_Kudus03_Karangrowo,Drone (rice field)
2,Klambu,14_Kudus02_Payaman.tif,Drone (rice field)
2,Klambu,16_Kudus04_Ngemplak,Drone (rice field)
2,Klambu,14_Kudus02_Payaman.tif,Drone (rice field)
2,Klambu,16_Kudus04_Ngemplak,Drone (rice field)
2,Klambu,14_Kudus02_Payaman.tif,Drone (rice field)
3,Klambu,15_Kudus03_Karangrowo,Drone (rice field)
2,Klambu,15_Kudus03_Karangrowo,Drone (rice field)
2,Klambu,15_Kudus03_Karangrowo,Drone (rice field)
2,Klambu,14_Kudus02_Payaman.tif,Drone (rice field)
2,Klambu,16_Kudus04_Ngemplak,Drone (rice field)
2,Klambu,15_Kudus03_Karangrowo,Drone (rice field)
1,Klambu,16_Kudus04_Ngemplak,Drone (rice field)
2,Klambu,14_Kudus02_Payaman.tif,Drone (rice field)
2,Klambu,14_Kudus02_Payaman.tif,Drone (rice field)
2,Klambu,16_Kudus04_Ngemplak,Drone (rice field)
2,Klambu,14_Kudus02_Payaman.tif,Drone (rice field)
2,Klambu,14_Kudus02_Payaman.tif,Drone (rice field)
2,Klambu,14_Kudus02_Payaman.tif,Drone (rice field)
2,Klambu,14_Kudus02_Payaman.tif,Drone (rice field)
2,Klambu,14_Kudus02_Payaman.tif,Drone (rice field)
2,Klambu,14_Kudus02_Payaman.tif,Drone (rice field)
2,Klambu,14_Kudus02_Payaman.tif,Drone (rice field)
2,Klambu,16_Kudus04_Ngemplak,Drone (rice field)
2,Klambu,15_Kudus03_Karangrowo,Drone (rice field)
2,Klambu,16_Kudus04_Ngemplak,Drone (rice field)
3,Klambu,15_Kudus03_Karangrowo,Drone (rice field)
2,Klambu,16_Kudus04_Ngemplak,Drone (rice field)
2,Klambu,16_Kudus04_Ngemplak,Drone (rice field)
2,Klambu,16_Kudus04_Ngemplak,Drone (rice field)
1,Klambu,16_Kudus04_Ngemplak,Drone (rice field)
2,Klambu,14_Kudus02_Payaman.tif,Drone (rice field)
2,Klambu,14_Kudus02_Payaman.tif,Drone (rice field)
2,Klambu,16_Kudus04_Ngemplak,Drone (rice field)
2,Klambu,15_Kudus03_Karangrowo,Drone (rice field)
2,Klambu,16_Kudus04_Ngemplak,Drone (rice field)
2,Klambu,14_Kudus02_Payaman.tif,Drone (rice field)
2,Klambu,16_Kudus04_Ngemplak,Drone (rice field)
2,Klambu,14_Kudus02_Payaman.tif,Drone (rice field)
2,Klambu,15_Kudus03_Karangrowo,Drone (rice field)
2,Klambu,14_Kudus02_Payaman.tif,Drone (rice field)
2,Klambu,14_Kudus02_Payaman.tif,Drone (rice field)
3,Klambu,15_Kudus03_Karangrowo,Drone (rice field)
2,Klambu,14_Kudus02_Payaman.tif,Drone (rice field)
3,Klambu,15_Kudus03_Karangrowo,Drone (rice field)
2,Klambu,15_Kudus03_Karangrowo,Drone (rice field)
2,Klambu,14_Kudus02_Payaman.tif,Drone (rice field)
2,Klambu,16_Kudus04_Ngemplak,Drone (rice field)
2,Klambu,16_Kudus04_Ngemplak,Drone (rice field)
2,Klambu,16_Kudus04_Ngemplak,Drone (rice field)
2,Klambu,14_Kudus02_Payaman.tif,Drone (rice field)
1,Klambu,16_Kudus04_Ngemplak,Drone (rice field)
2,Klambu,15_Kudus03_Karangrowo,Drone (rice field)
2,Klambu,16_Kudus04_Ngemplak,Drone (rice field)
2,Klambu,15_Kudus03_Karangrowo,Drone (rice field)
3,Klambu,15_Kudus03_Karangrowo,Drone (rice field)
2,Klambu,15_Kudus03_Karangrowo,Drone (rice field)
2,Klambu,16_Kudus04_Ngemplak,Drone (rice field)
2,Klambu,15_Kudus03_Karangrowo,Drone (rice field)
2,Klambu,14_Kudus02_Payaman.tif,Drone (rice field)
2,Klambu,14_Kudus02_Payaman.tif,Drone (rice field)
2,Klambu,14_Kudus02_Payaman.tif,Drone (rice field)
2,Klambu,15_Kudus03_Karangrowo,Drone (rice field)
2,Klambu,15_Kudus03_Karangrowo,Drone (rice field)
2,Klambu,15_Kudus03_Karangrowo,Drone (rice field)
2,Klambu,16_Kudus04_Ngemplak,Drone (rice field)
2,Klambu,15_Kudus03_Karangrowo,Drone (rice field)
2,Klambu,15_Kudus03_Karangrowo,Drone (rice field)
2,Klambu,16_Kudus04_Ngemplak,Drone (rice field)
2,Klambu,14_Kudus02_Payaman.tif,Drone (rice field)
2,Klambu,16_Kudus04_Ngemplak,Drone (rice field)
2,Klambu,16_Kudus04_Ngemplak,Drone (rice field)
2,Klambu,14_Kudus02_Payaman.tif,Drone (rice field)
2,Klambu,14_Kudus02_Payaman.tif,Drone (rice field)
2,Klambu,15_Kudus03_Karangrowo,Drone (rice field)
2,Klambu,16_Kudus04_Ngemplak,Drone (rice field)
2,Klambu,15_Kudus03_Karangrowo,Drone (rice field)
2,Klambu,15_Kudus03_Karangrowo,Drone (rice field)
3,Klambu,15_Kudus03_Karangrowo,Drone (rice field)
3,Klambu,15_Kudus03_Karangrowo,Drone (rice field)
2,Klambu,14_Kudus02_Payaman,Drone (rice field)
2,Klambu,15_Kudus03_Karangrowo,Drone (rice field)
2,Klambu,15_Kudus03_Karangrowo,Drone (rice field)
2,Klambu,14_Kudus02_Payaman.tif,Drone (rice field)
2,Klambu,16_Kudus04_Ngemplak,Drone (rice field)
2,Klambu,16_Kudus04_Ngemplak,Drone (rice field)
2,Klambu,16_Kudus04_Ngemplak,Drone (rice field)
2,Klambu,15_Kudus03_Karangrowo,Drone (rice field)
3,Klambu,15_Kudus03_Karangrowo,Drone (rice field)
2,Klambu,15_Kudus03_Karangrowo,Drone (rice field)
2,Klambu,16_Kudus04_Ngemplak,Drone (rice field)
2,Klambu,15_Kudus03_Karangrowo,Drone (rice field)
2,Klambu,15_Kudus03_Karangrowo,Drone (rice field)
2,Klambu,15_Kudus03_Karangrowo,Drone (rice field)
2,Klambu,15_Kudus03_Karangrowo,Drone (rice field)
3,Klambu,15_Kudus03_Karangrowo,Drone (rice field)
2,Klambu,15_Kudus03_Karangrowo,Drone (rice field)
2,Klambu,15_Kudus03_Karangrowo,Drone (rice field)
2,Klambu,14_Kudus02_Payaman.tif,Drone (rice field)
2,Klambu,16_Kudus04_Ngemplak,Drone (rice field)
2,Klambu,16_Kudus04_Ngemplak,Drone (rice field)
2,Klambu,16_Kudus04_Ngemplak,Drone (rice field)
2,Klambu,16_Kudus04_Ngemplak,Drone (rice field)
2,Klambu,14_Kudus02_Payaman.tif,Drone (rice field)
2,Klambu,16_Kudus04_Ngemplak,Drone (rice field)
2,Klambu,16_Kudus04_Ngemplak,Drone (rice field)
6,Klambu,14_Kudus02_Payaman.tif,Drone (rice field)
2,Klambu,15_Kudus03_Karangrowo,Drone (rice field)
2,Klambu,16_Kudus04_Ngemplak,Drone (rice field)
2,Klambu,14_Kudus02_Payaman.tif,Drone (rice field)
2,Klambu,16_Kudus04_Ngemplak,Drone (rice field)
2,Klambu,14_Kudus02_Payaman.tif,Drone (rice field)
2,Klambu,15_Kudus03_Karangrowo,Drone (rice field)
2,Klambu,14_Kudus02_Payaman.tif,Drone (rice field)
2,Klambu,15_Kudus03_Karangrowo,Drone (rice field)
2,Klambu,14_Kudus02_Payaman.tif,Drone (rice field)
2,Klambu,16_Kudus04_Ngemplak,Drone (rice field)
2,Klambu,14_Kudus02_Payaman.tif,Drone (rice field)
2,Klambu,15_Kudus03_Karangrowo,Drone (rice field)
2,Klambu,16_Kudus04_Ngemplak,Drone (rice field)
2,Klambu,15_Kudus03_Karangrowo,Drone (rice field)
2,Klambu,15_Kudus03_Karangrowo,Drone (rice field)
2,Klambu,16_Kudus04_Ngemplak,Drone (rice field)
2,Klambu,15_Kudus03_Karangrowo,Drone (rice field)
2,Klambu,14_Kudus02_Payaman.tif,Drone (rice field)
2,Klambu,14_Kudus02_Payaman.tif,Drone (rice field)
2,Klambu,14_Kudus02_Payaman.tif,Drone (rice field)
2,Klambu,16_Kudus04_Ngemplak,Drone (rice field)
2,Klambu,14_Kudus02_Payaman.tif,Drone (rice field)
2,Klambu,15_Kudus03_Karangrowo,Drone (rice field)
2,Klambu,14_Kudus02_Payaman.tif,Drone (rice field)
1,Klambu,16_Kudus04_Ngemplak,Drone (rice field)
2,Klambu,15_Kudus03_Karangrowo,Drone (rice field)
2,Klambu,15_Kudus03_Karangrowo,Drone (rice field)
2,Klambu,15_Kudus03_Karangrowo,Drone (rice field)
2,Klambu,14_Kudus02_Payaman.tif,Drone (rice field)
2,Klambu,16_Kudus04_Ngemplak,Drone (rice field)
2,Klambu,14_Kudus02_Payaman.tif,Drone (rice field)
2,Klambu,15_Kudus03_Karangrowo,Drone (rice field)
2,Klambu,16_Kudus04_Ngemplak,Drone (rice field)
2,Klambu,16_Kudus04_Ngemplak,Drone (rice field)
2,Klambu,15_Kudus03_Karangrowo,Drone (rice field)
2,Klambu,14_Kudus02_Payaman.tif,Drone (rice field)
2,Klambu,14_Kudus02_Payaman.tif,Drone (rice field)
2,Klambu,15_Kudus03_Karangrowo,Drone (rice field)
2,Klambu,16_Kudus04_Ngemplak,Drone (rice field)
2,Klambu,14_Kudus02_Payaman.tif,Drone (rice field)
2,Klambu,16_Kudus04_Ngemplak,Drone (rice field)
2,Klambu,14_Kudus02_Payaman.tif,Drone (rice field)
2,Klambu,14_Kudus02_Payaman.tif,Drone (rice field)
2,Klambu,14_Kudus02_Payaman.tif,Drone (rice field)
2,Klambu,14_Kudus02_Payaman.tif,Drone (rice field)
3,Klambu,15_Kudus03_Karangrowo,Drone (rice field)
2,Klambu,14_Kudus02_Payaman.tif,Drone (rice field)
2,Klambu,14_Kudus02_Payaman.tif,Drone (rice field)
6,Klambu,14_Kudus02_Payaman.tif,Drone (rice field)
6,Klambu,14_Kudus02_Payaman.tif,Drone (rice field)
2,Klambu,14_Kudus02_Payaman,Drone (rice field)
6,Klambu,14_Kudus02_Payaman.tif,Drone (rice field)
4,Klambu,18_Kudus06_Gondoharum,Drone (rice field)
4,Klambu,18_Kudus06_Gondoharum,Drone (rice field)
4,Klambu,18_Kudus06_Gondoharum,Drone (rice field)
4,Klambu,18_Kudus06_Gondoharum,Drone (rice field)
4,Klambu,18_Kudus06_Gondoharum,Drone (rice field)
4,Klambu,18_Kudus06_Gondoharum,Drone (rice field)
4,Klambu,18_Kudus06_Gondoharum,Drone (rice field)
4,Klambu,18_Kudus06_Gondoharum,Drone (rice field)
4,Klambu,18_Kudus06_Gondoharum,Drone (rice field)
4,Klambu,18_Kudus06_Gondoharum,Drone (rice field)
4,Klambu,18_Kudus06_Gondoharum,Drone (rice field)
4,Klambu,18_Kudus06_Gondoharum,Drone (rice field)
4,Klambu,18_Kudus06_Gondoharum,Drone (rice field)
4,Klambu,18_Kudus06_Gondoharum,Drone (rice field)
4,Klambu,18_Kudus06_Gondoharum,Drone (rice field)
4,Klambu,18_Kudus06_Gondoharum,Drone (rice field)
4,Klambu,18_Kudus06_Gondoharum,Drone (rice field)
4,Klambu,18_Kudus06_Gondoharum,Drone (rice field)
4,Klambu,18_Kudus06_Gondoharum,Drone (rice field)
4,Klambu,18_Kudus06_Gondoharum,Drone (rice field)
4,Klambu,18_Kudus06_Gondoharum,Drone (rice field)
4,Klambu,18_Kudus06_Gondoharum,Drone (rice field)
4,Klambu,18_Kudus06_Gondoharum,Drone (rice field)
4,Klambu,18_Kudus06_Gondoharum,Drone (rice field)
4,Klambu,18_Kudus06_Gondoharum,Drone (rice field)
4,Klambu,18_Kudus06_Gondoharum,Drone (rice field)
4,Klambu,18_Kudus06_Gondoharum,Drone (rice field)
4,Klambu,18_Kudus06_Gondoharum,Drone (rice field)
4,Klambu,18_Kudus06_Gondoharum,Drone (rice field)
4,Klambu,18_Kudus06_Gondoharum,Drone (rice field)
4,Klambu,18_Kudus06_Gondoharum,Drone (rice field)
4,Klambu,18_Kudus06_Gondoharum,Drone (rice field)
4,Klambu,18_Kudus06_Gondoharum,Drone (rice field)
4,Klambu,18_Kudus06_Gondoharum,Drone (rice field)
4,Klambu,18_Kudus06_Gondoharum,Drone (rice field)
4,Klambu,18_Kudus06_Gondoharum,Drone (rice field)
4,Klambu,18_Kudus06_Gondoharum,Drone (rice field)
4,Klambu,18_Kudus06_Gondoharum,Drone (rice field)
4,Klambu,18_Kudus06_Gondoharum,Drone (rice field)
4,Klambu,18_Kudus06_Gondoharum,Drone (rice field)
4,Klambu,18_Kudus06_Gondoharum,Drone (rice field)
4,Klambu,18_Kudus06_Gondoharum,Drone (rice field)
4,Klambu,18_Kudus06_Gondoharum,Drone (rice field)
4,Klambu,18_Kudus06_Gondoharum,Drone (rice field)
4,Klambu,18_Kudus06_Gondoharum,Drone (rice field)
4,Klambu,18_Kudus06_Gondoharum,Drone (rice field)
4,Klambu,18_Kudus06_Gondoharum,Drone (rice field)
4,Klambu,18_Kudus06_Gondoharum,Drone (rice field)
4,Klambu,18_Kudus06_Gondoharum,Drone (rice field)
4,Klambu,18_Kudus06_Gondoharum,Drone (rice field)
4,Klambu,18_Kudus06_Gondoharum,Drone (rice field)
4,Klambu,18_Kudus06_Gondoharum,Drone (rice field)
4,Klambu,18_Kudus06_Gondoharum,Drone (rice field)
4,Klambu,18_Kudus06_Gondoharum,Drone (rice field)
4,Klambu,18_Kudus06_Gondoharum,Drone (rice field)
4,Klambu,18_Kudus06_Gondoharum,Drone (rice field)
4,Klambu,18_Kudus06_Gondoharum,Drone (rice field)
4,Klambu,18_Kudus06_Gondoharum,Drone (rice field)
4,Klambu,18_Kudus06_Gondoharum,Drone (rice field)
4,Klambu,18_Kudus06_Gondoharum,Drone (rice field)
4,Klambu,18_Kudus06_Gondoharum,Drone (rice field)
4,Klambu,18_Kudus06_Gondoharum,Drone (rice field)
4,Klambu,18_Kudus06_Gondoharum,Drone (rice field)
4,Klambu,18_Kudus06_Gondoharum,Drone (rice field)
4,Klambu,18_Kudus06_Gondoharum,Drone (rice field)
4,Klambu,18_Kudus06_Gondoharum,Drone (rice field)
4,Klambu,18_Kudus06_Gondoharum,Drone (rice field)
4,Klambu,18_Kudus06_Gondoharum,Drone (rice field)
4,Klambu,18_Kudus06_Gondoharum,Drone (rice field)
4,Klambu,18_Kudus06_Gondoharum,Drone (rice field)
4,Klambu,18_Kudus06_Gondoharum,Drone (rice field)
4,Klambu,18_Kudus06_Gondoharum,Drone (rice field)
4,Klambu,18_Kudus06_Gondoharum,Drone (rice field)
4,Klambu,18_Kudus06_Gondoharum,Drone (rice field)
4,Klambu,18_Kudus06_Gondoharum,Drone (rice field)
4,Klambu,18_Kudus06_Gondoharum,Drone (rice field)
4,Klambu,18_Kudus06_Gondoharum,Drone (rice field)
4,Klambu,18_Kudus06_Gondoharum,Drone (rice field)
4,Klambu,18_Kudus06_Gondoharum,Drone (rice field)
4,Klambu,18_Kudus06_Gondoharum,Drone (rice field)
4,Klambu,18_Kudus06_Gondoharum,Drone (rice field)
4,Klambu,18_Kudus06_Gondoharum,Drone (rice field)
4,Klambu,18_Kudus06_Gondoharum,Drone (rice field)
4,Klambu,18_Kudus06_Gondoharum,Drone (rice field)
4,Klambu,18_Kudus06_Gondoharum,Drone (rice field)
4,Klambu,18_Kudus06_Gondoharum,Drone (rice field)
4,Klambu,18_Kudus06_Gondoharum,Drone (rice field)
4,Klambu,18_Kudus06_Gondoharum,Drone (rice field)
4,Klambu,18_Kudus06_Gondoharum,Drone (rice field)
4,Klambu,18_Kudus06_Gondoharum,Drone (rice field)
4,Klambu,18_Kudus06_Gondoharum,Drone (rice field)
4,Klambu,18_Kudus06_Gondoharum,Drone (rice field)
4,Klambu,18_Kudus06_Gondoharum,Drone (rice field)
4,Klambu,18_Kudus06_Gondoharum,Drone (rice field)
4,Klambu,18_Kudus06_Gondoharum,Drone (rice field)
4,Klambu,18_Kudus06_Gondoharum,Drone (rice field)
4,Klambu,18_Kudus06_Gondoharum,Drone (rice field)
4,Klambu,18_Kudus06_Gondoharum,Drone (rice field)
4,Klambu,18_Kudus06_Gondoharum,Drone (rice field)
4,Klambu,18_Kudus06_Gondoharum,Drone (rice field)
4,Klambu,18_Kudus06_Gondoharum,Drone (rice field)
4,Klambu,18_Kudus06_Gondoharum,Drone (rice field)
4,Klambu,18_Kudus06_Gondoharum,Drone (rice field)
4,Klambu,18_Kudus06_Gondoharum,Drone (rice field)
4,Klambu,18_Kudus06_Gondoharum,Drone (rice field)
4,Klambu,18_Kudus06_Gondoharum,Drone (rice field)
4,Klambu,18_Kudus06_Gondoharum,Drone (rice field)
4,Klambu,18_Kudus06_Gondoharum,Drone (rice field)
4,Klambu,18_Kudus06_Gondoharum,Drone (rice field)
4,Klambu,18_Kudus06_Gondoharum,Drone (rice field)
4,Klambu,18_Kudus06_Gondoharum,Drone (rice field)
4,Klambu,18_Kudus06_Gondoharum,Drone (rice field)
4,Klambu,18_Kudus06_Gondoharum,Drone (rice field)
4,Klambu,18_Kudus06_Gondoharum,Drone (rice field)
4,Klambu,18_Kudus06_Gondoharum,Drone (rice field)
4,Klambu,18_Kudus06_Gondoharum,Drone (rice field)
4,Klambu,18_Kudus06_Gondoharum,Drone (rice field)
4,Klambu,18_Kudus06_Gondoharum,Drone (rice field)
4,Klambu,18_Kudus06_Gondoharum,Drone (rice field)
4,Klambu,18_Kudus06_Gondoharum,Drone (rice field)
4,Klambu,18_Kudus06_Gondoharum,Drone (rice field)
4,Klambu,18_Kudus06_Gondoharum,Drone (rice field)
4,Klambu,18_Kudus06_Gondoharum,Drone (rice field)
4,Klambu,18_Kudus06_Gondoharum,Drone (rice field)
4,Klambu,18_Kudus06_Gondoharum,Drone (rice field)
4,Klambu,18_Kudus06_Gondoharum,Drone (rice field)
4,Klambu,18_Kudus06_Gondoharum,Drone (rice field)
4,Klambu,18_Kudus06_Gondoharum,Drone (rice field)
4,Klambu,18_Kudus06_Gondoharum,Drone (rice field)
4,Klambu,18_Kudus06_Gondoharum,Drone (rice field)
4,Klambu,18_Kudus06_Gondoharum,Drone (rice field)
4,Klambu,18_Kudus06_Gondoharum,Drone (rice field)
4,Klambu,18_Kudus06_Gondoharum,Drone (rice field)
4,Klambu,18_Kudus06_Gondoharum,Drone (rice field)
4,Klambu,18_Kudus06_Gondoharum,Drone (rice field)
4,Klambu,18_Kudus06_Gondoharum,Drone (rice field)
4,Klambu,18_Kudus06_Gondoharum,Drone (rice field)
4,Klambu,18_Kudus06_Gondoharum,Drone (rice field)
4,Klambu,18_Kudus06_Gondoharum,Drone (rice field)
4,Klambu,18_Kudus06_Gondoharum,Drone (rice field)
4,Klambu,18_Kudus06_Gondoharum,Drone (rice field)
4,Klambu,18_Kudus06_Gondoharum,Drone (rice field)
4,Klambu,18_Kudus06_Gondoharum,Drone (rice field)
4,Klambu,18_Kudus06_Gondoharum,Drone (rice field)
4,Klambu,18_Kudus06_Gondoharum,Drone (rice field)
4,Klambu,18_Kudus06_Gondoharum,Drone (rice field)
4,Klambu,18_Kudus06_Gondoharum,Drone (rice field)
4,Klambu,18_Kudus06_Gondoharum,Drone (rice field)
4,Klambu,18_Kudus06_Gondoharum,Drone (rice field)
4,Klambu,18_Kudus06_Gondoharum,Drone (rice field)
4,Klambu,18_Kudus06_Gondoharum,Drone (rice field)
4,Klambu,18_Kudus06_Gondoharum,Drone (rice field)
4,Klambu,18_Kudus06_Gondoharum,Drone (rice field)
4,Klambu,18_Kudus06_Gondoharum,Drone (rice field)
4,Klambu,18_Kudus06_Gondoharum,Drone (rice field)
4,Klambu,18_Kudus06_Gondoharum,Drone (rice field)
4,Klambu,18_Kudus06_Gondoharum,Drone (rice field)
4,Klambu,18_Kudus06_Gondoharum,Drone (rice field)
4,Klambu,18_Kudus06_Gondoharum,Drone (rice field)
4,Klambu,18_Kudus06_Gondoharum,Drone (rice field)
4,Klambu,18_Kudus06_Gondoharum,Drone (rice field)
4,Klambu,18_Kudus06_Gondoharum,Drone (rice field)
4,Klambu,18_Kudus06_Gondoharum,Drone (rice field)
4,Klambu,18_Kudus06_Gondoharum,Drone (rice field)
4,Klambu,18_Kudus06_Gondoharum,Drone (rice field)
4,Klambu,18_Kudus06_Gondoharum,Drone (rice field)
4,Klambu,18_Kudus06_Gondoharum,Drone (rice field)
4,Klambu,18_Kudus06_Gondoharum,Drone (rice field)
4,Klambu,18_Kudus06_Gondoharum,Drone (rice field)
4,Klambu,18_Kudus06_Gondoharum,Drone (rice field)
4,Klambu,18_Kudus06_Gondoharum,Drone (rice field)
4,Klambu,18_Kudus06_Gondoharum,Drone (rice field)
